Workbook

Sheet ①データ入力
I1: 名簿から名前をコピペして使ってください。３年生以上は性別欄を記入しないと動きません。タイムまで入力したら②のシートへ
A2: No. | B2: 1組 名前 | C2: 性別 (1=男子 2=女子) | D2: タイム (1/100秒) | E2: 赤or白 | G2: 2組 名前 | H2: 性別 (1=男子 2=女子) | I2: タイム (1/100秒) | J2: 赤or白 | L2: 3組 名前 | M2: 性別 (1=男子 2=女子) | N2: タイム (1/100秒) | O2: 赤or白 | Q2: 4組 名前 | R2: 性別 (1=男子 2=女子) | S2: タイム (1/100秒) | T2: 赤or白 | V2: 5組 名前 | W2: 性別 (1=男子 2=女子) | X2: タイム (1/100秒) | Y2: 赤or白
A3: 1
A4: 2
A5: 3
A6: 4
A7: 5
A8: 6
A9: 7
A10: 8
A11: 9
A12: 10
A13: 11
A14: 12
... A39: 37

Sheet 組ごとタイム順
A1: 男子 | J1: 女子 | S1: =IF(計算用!$Q$6>0,"※名前はあるのに性別・タイム・赤白のどれかが未入力で、表に出ていない人が"&計算用!$Q$6&"人います","")
B2: 赤組 | F2: 白組 | K2: 赤組 | O2: 白組
B3: 名前 | C3: クラス | D3: タイム | F3: 名前 | G3: クラス | H3: タイム | K3: 名前 | L3: クラス | M3: タイム | O3: 名前 | P3: クラス | Q3: タイム
A4: =IF(ROW()-3<=MAX(計算用!$Q$2,計算用!$Q$3),ROW()-3,"") | B4: =IFERROR(INDEX(計算用!$D$2:$D$186,MATCH("男赤"&$A4,計算用!$L$2:$L$186,0)),"") | C4: =IFERROR(INDEX(計算用!$M$2:$M$186,MATCH("男赤"&$A4,計算用!$L$2:$L$186,0)),"") | D4: =IFERROR(INDEX(計算用!$G$2:$G$186,MATCH("男赤"&$A4,計算用!$L$2:$L$186,0)),"") | F4: =IFERROR(INDEX(計算用!$D$2:$D$186,MATCH("男白"&$A4,計算用!$L$2:$L$186,0)),"") | G4: =IFERROR(INDEX(計算用!$M$2:$M$186,MATCH("男白"&$A4,計算用!$L$2:$L$186,0)),"") | H4: =IFERROR(INDEX(計算用!$G$2:$G$186,MATCH("男白"&$A4,計算用!$L$2:$L$186,0)),"") | J4: =IF(ROW()-3<=MAX(計算用!$Q$4,計算用!$Q$5),ROW()-3,"") | K4: =IFERROR(INDEX(計算用!$D$2:$D$186,MATCH("女赤"&$J4,計算用!$L$2:$L$186,0)),"") | L4: =IFERROR(INDEX(計算用!$M$2:$M$186,MATCH("女赤"&$J4,計算用!$L$2:$L$186,0)),"") | M4: =IFERROR(INDEX(計算用!$G$2:$G$186,MATCH("女赤"&$J4,計算用!$L$2:$L$186,0)),"") | O4: =IFERROR(INDEX(計算用!$D$2:$D$186,MATCH("女白"&$J4,計算用!$L$2:$L$186,0)),"") | P4: =IFERROR(INDEX(計算用!$M$2:$M$186,MATCH("女白"&$J4,計算用!$L$2:$L$186,0)),"") | Q4: =IFERROR(INDEX(計算用!$G$2:$G$186,MATCH("女白"&$J4,計算用!$L$2:$L$186,0)),"")
A5: =IF(ROW()-3<=MAX(計算用!$Q$2,計算用!$Q$3),ROW()-3,"") | B5: =IFERROR(INDEX(計算用!$D$2:$D$186,MATCH("男赤"&$A5,計算用!$L$2:$L$186,0)),"") | C5: =IFERROR(INDEX(計算用!$M$2:$M$186,MATCH("男赤"&$A5,計算用!$L$2:$L$186,0)),"") | D5: =IFERROR(INDEX(計算用!$G$2:$G$186,MATCH("男赤"&$A5,計算用!$L$2:$L$186,0)),"") | F5: =IFERROR(INDEX(計算用!$D$2:$D$186,MATCH("男白"&$A5,計算用!$L$2:$L$186,0)),"") | G5: =IFERROR(INDEX(計算用!$M$2:$M$186,MATCH("男白"&$A5,計算用!$L$2:$L$186,0)),"") | H5: =IFERROR(INDEX(計算用!$G$2:$G$186,MATCH("男白"&$A5,計算用!$L$2:$L$186,0)),"") | J5: =IF(ROW()-3<=MAX(計算用!$Q$4,計算用!$Q$5),ROW()-3,"") | K5: =IFERROR(INDEX(計算用!$D$2:$D$186,MATCH("女赤"&$J5,計算用!$L$2:$L$186,0)),"") | L5: =IFERROR(INDEX(計算用!$M$2:$M$186,MATCH("女赤"&$J5,計算用!$L$2:$L$186,0)),"") | M5: =IFERROR(INDEX(計算用!$G$2:$G$186,MATCH("女赤"&$J5,計算用!$L$2:$L$186,0)),"") | O5: =IFERROR(INDEX(計算用!$D$2:$D$186,MATCH("女白"&$J5,計算用!$L$2:$L$186,0)),"") | P5: =IFERROR(INDEX(計算用!$M$2:$M$186,MATCH("女白"&$J5,計算用!$L$2:$L$186,0)),"") | Q5: =IFERROR(INDEX(計算用!$G$2:$G$186,MATCH("女白"&$J5,計算用!$L$2:$L$186,0)),"")
A6: =IF(ROW()-3<=MAX(計算用!$Q$2,計算用!$Q$3),ROW()-3,"") | B6: =IFERROR(INDEX(計算用!$D$2:$D$186,MATCH("男赤"&$A6,計算用!$L$2:$L$186,0)),"") | C6: =IFERROR(INDEX(計算用!$M$2:$M$186,MATCH("男赤"&$A6,計算用!$L$2:$L$186,0)),"") | D6: =IFERROR(INDEX(計算用!$G$2:$G$186,MATCH("男赤"&$A6,計算用!$L$2:$L$186,0)),"") | F6: =IFERROR(INDEX(計算用!$D$2:$D$186,MATCH("男白"&$A6,計算用!$L$2:$L$186,0)),"") | G6: =IFERROR(INDEX(計算用!$M$2:$M$186,MATCH("男白"&$A6,計算用!$L$2:$L$186,0)),"") | H6: =IFERROR(INDEX(計算用!$G$2:$G$186,MATCH("男白"&$A6,計算用!$L$2:$L$186,0)),"") | J6: =IF(ROW()-3<=MAX(計算用!$Q$4,計算用!$Q$5),ROW()-3,"") | K6: =IFERROR(INDEX(計算用!$D$2:$D$186,MATCH("女赤"&$J6,計算用!$L$2:$L$186,0)),"") | L6: =IFERROR(INDEX(計算用!$M$2:$M$186,MATCH("女赤"&$J6,計算用!$L$2:$L$186,0)),"") | M6: =IFERROR(INDEX(計算用!$G$2:$G$186,MATCH("女赤"&$J6,計算用!$L$2:$L$186,0)),"") | O6: =IFERROR(INDEX(計算用!$D$2:$D$186,MATCH("女白"&$J6,計算用!$L$2:$L$186,0)),"") | P6: =IFERROR(INDEX(計算用!$M$2:$M$186,MATCH("女白"&$J6,計算用!$L$2:$L$186,0)),"") | Q6: =IFERROR(INDEX(計算用!$G$2:$G$186,MATCH("女白"&$J6,計算用!$L$2:$L$186,0)),"")
A7: =IF(ROW()-3<=MAX(計算用!$Q$2,計算用!$Q$3),ROW()-3,"") | B7: =IFERROR(INDEX(計算用!$D$2:$D$186,MATCH("男赤"&$A7,計算用!$L$2:$L$186,0)),"") | C7: =IFERROR(INDEX(計算用!$M$2:$M$186,MATCH("男赤"&$A7,計算用!$L$2:$L$186,0)),"") | D7: =IFERROR(INDEX(計算用!$G$2:$G$186,MATCH("男赤"&$A7,計算用!$L$2:$L$186,0)),"") | F7: =IFERROR(INDEX(計算用!$D$2:$D$186,MATCH("男白"&$A7,計算用!$L$2:$L$186,0)),"") | G7: =IFERROR(INDEX(計算用!$M$2:$M$186,MATCH("男白"&$A7,計算用!$L$2:$L$186,0)),"") | H7: =IFERROR(INDEX(計算用!$G$2:$G$186,MATCH("男白"&$A7,計算用!$L$2:$L$186,0)),"") | J7: =IF(ROW()-3<=MAX(計算用!$Q$4,計算用!$Q$5),ROW()-3,"") | K7: =IFERROR(INDEX(計算用!$D$2:$D$186,MATCH("女赤"&$J7,計算用!$L$2:$L$186,0)),"") | L7: =IFERROR(INDEX(計算用!$M$2:$M$186,MATCH("女赤"&$J7,計算用!$L$2:$L$186,0)),"") | M7: =IFERROR(INDEX(計算用!$G$2:$G$186,MATCH("女赤"&$J7,計算用!$L$2:$L$186,0)),"") | O7: =IFERROR(INDEX(計算用!$D$2:$D$186,MATCH("女白"&$J7,計算用!$L$2:$L$186,0)),"") | P7: =IFERROR(INDEX(計算用!$M$2:$M$186,MATCH("女白"&$J7,計算用!$L$2:$L$186,0)),"") | Q7: =IFERROR(INDEX(計算用!$G$2:$G$186,MATCH("女白"&$J7,計算用!$L$2:$L$186,0)),"")
A8: =IF(ROW()-3<=MAX(計算用!$Q$2,計算用!$Q$3),ROW()-3,"") | B8: =IFERROR(INDEX(計算用!$D$2:$D$186,MATCH("男赤"&$A8,計算用!$L$2:$L$186,0)),"") | C8: =IFERROR(INDEX(計算用!$M$2:$M$186,MATCH("男赤"&$A8,計算用!$L$2:$L$186,0)),"") | D8: =IFERROR(INDEX(計算用!$G$2:$G$186,MATCH("男赤"&$A8,計算用!$L$2:$L$186,0)),"") | F8: =IFERROR(INDEX(計算用!$D$2:$D$186,MATCH("男白"&$A8,計算用!$L$2:$L$186,0)),"") | G8: =IFERROR(INDEX(計算用!$M$2:$M$186,MATCH("男白"&$A8,計算用!$L$2:$L$186,0)),"") | H8: =IFERROR(INDEX(計算用!$G$2:$G$186,MATCH("男白"&$A8,計算用!$L$2:$L$186,0)),"") | J8: =IF(ROW()-3<=MAX(計算用!$Q$4,計算用!$Q$5),ROW()-3,"") | K8: =IFERROR(INDEX(計算用!$D$2:$D$186,MATCH("女赤"&$J8,計算用!$L$2:$L$186,0)),"") | L8: =IFERROR(INDEX(計算用!$M$2:$M$186,MATCH("女赤"&$J8,計算用!$L$2:$L$186,0)),"") | M8: =IFERROR(INDEX(計算用!$G$2:$G$186,MATCH("女赤"&$J8,計算用!$L$2:$L$186,0)),"") | O8: =IFERROR(INDEX(計算用!$D$2:$D$186,MATCH("女白"&$J8,計算用!$L$2:$L$186,0)),"") | P8: =IFERROR(INDEX(計算用!$M$2:$M$186,MATCH("女白"&$J8,計算用!$L$2:$L$186,0)),"") | Q8: =IFERROR(INDEX(計算用!$G$2:$G$186,MATCH("女白"&$J8,計算用!$L$2:$L$186,0)),"")
A9: =IF(ROW()-3<=MAX(計算用!$Q$2,計算用!$Q$3),ROW()-3,"") | B9: =IFERROR(INDEX(計算用!$D$2:$D$186,MATCH("男赤"&$A9,計算用!$L$2:$L$186,0)),"") | C9: =IFERROR(INDEX(計算用!$M$2:$M$186,MATCH("男赤"&$A9,計算用!$L$2:$L$186,0)),"") | D9: =IFERROR(INDEX(計算用!$G$2:$G$186,MATCH("男赤"&$A9,計算用!$L$2:$L$186,0)),"") | F9: =IFERROR(INDEX(計算用!$D$2:$D$186,MATCH("男白"&$A9,計算用!$L$2:$L$186,0)),"") | G9: =IFERROR(INDEX(計算用!$M$2:$M$186,MATCH("男白"&$A9,計算用!$L$2:$L$186,0)),"") | H9: =IFERROR(INDEX(計算用!$G$2:$G$186,MATCH("男白"&$A9,計算用!$L$2:$L$186,0)),"") | J9: =IF(ROW()-3<=MAX(計算用!$Q$4,計算用!$Q$5),ROW()-3,"") | K9: =IFERROR(INDEX(計算用!$D$2:$D$186,MATCH("女赤"&$J9,計算用!$L$2:$L$186,0)),"") | L9: =IFERROR(INDEX(計算用!$M$2:$M$186,MATCH("女赤"&$J9,計算用!$L$2:$L$186,0)),"") | M9: =IFERROR(INDEX(計算用!$G$2:$G$186,MATCH("女赤"&$J9,計算用!$L$2:$L$186,0)),"") | O9: =IFERROR(INDEX(計算用!$D$2:$D$186,MATCH("女白"&$J9,計算用!$L$2:$L$186,0)),"") | P9: =IFERROR(INDEX(計算用!$M$2:$M$186,MATCH("女白"&$J9,計算用!$L$2:$L$186,0)),"") | Q9: =IFERROR(INDEX(計算用!$G$2:$G$186,MATCH("女白"&$J9,計算用!$L$2:$L$186,0)),"")
A10: =IF(ROW()-3<=MAX(計算用!$Q$2,計算用!$Q$3),ROW()-3,"") | B10: =IFERROR(INDEX(計算用!$D$2:$D$186,MATCH("男赤"&$A10,計算用!$L$2:$L$186,0)),"") | C10: =IFERROR(INDEX(計算用!$M$2:$M$186,MATCH("男赤"&$A10,計算用!$L$2:$L$186,0)),"") | D10: =IFERROR(INDEX(計算用!$G$2:$G$186,MATCH("男赤"&$A10,計算用!$L$2:$L$186,0)),"") | F10: =IFERROR(INDEX(計算用!$D$2:$D$186,MATCH("男白"&$A10,計算用!$L$2:$L$186,0)),"") | G10: =IFERROR(INDEX(計算用!$M$2:$M$186,MATCH("男白"&$A10,計算用!$L$2:$L$186,0)),"") | H10: =IFERROR(INDEX(計算用!$G$2:$G$186,MATCH("男白"&$A10,計算用!$L$2:$L$186,0)),"") | J10: =IF(ROW()-3<=MAX(計算用!$Q$4,計算用!$Q$5),ROW()-3,"") | K10: =IFERROR(INDEX(計算用!$D$2:$D$186,MATCH("女赤"&$J10,計算用!$L$2:$L$186,0)),"") | L10: =IFERROR(INDEX(計算用!$M$2:$M$186,MATCH("女赤"&$J10,計算用!$L$2:$L$186,0)),"") | M10: =IFERROR(INDEX(計算用!$G$2:$G$186,MATCH("女赤"&$J10,計算用!$L$2:$L$186,0)),"") | O10: =IFERROR(INDEX(計算用!$D$2:$D$186,MATCH("女白"&$J10,計算用!$L$2:$L$186,0)),"") | P10: =IFERROR(INDEX(計算用!$M$2:$M$186,MATCH("女白"&$J10,計算用!$L$2:$L$186,0)),"") | Q10: =IFERROR(INDEX(計算用!$G$2:$G$186,MATCH("女白"&$J10,計算用!$L$2:$L$186,0)),"")
A11: =IF(ROW()-3<=MAX(計算用!$Q$2,計算用!$Q$3),ROW()-3,"") | B11: =IFERROR(INDEX(計算用!$D$2:$D$186,MATCH("男赤"&$A11,計算用!$L$2:$L$186,0)),"") | C11: =IFERROR(INDEX(計算用!$M$2:$M$186,MATCH("男赤"&$A11,計算用!$L$2:$L$186,0)),"") | D11: =IFERROR(INDEX(計算用!$G$2:$G$186,MATCH("男赤"&$A11,計算用!$L$2:$L$186,0)),"") | F11: =IFERROR(INDEX(計算用!$D$2:$D$186,MATCH("男白"&$A11,計算用!$L$2:$L$186,0)),"") | G11: =IFERROR(INDEX(計算用!$M$2:$M$186,MATCH("男白"&$A11,計算用!$L$2:$L$186,0)),"") | H11: =IFERROR(INDEX(計算用!$G$2:$G$186,MATCH("男白"&$A11,計算用!$L$2:$L$186,0)),"") | J11: =IF(ROW()-3<=MAX(計算用!$Q$4,計算用!$Q$5),ROW()-3,"") | K11: =IFERROR(INDEX(計算用!$D$2:$D$186,MATCH("女赤"&$J11,計算用!$L$2:$L$186,0)),"") | L11: =IFERROR(INDEX(計算用!$M$2:$M$186,MATCH("女赤"&$J11,計算用!$L$2:$L$186,0)),"") | M11: =IFERROR(INDEX(計算用!$G$2:$G$186,MATCH("女赤"&$J11,計算用!$L$2:$L$186,0)),"") | O11: =IFERROR(INDEX(計算用!$D$2:$D$186,MATCH("女白"&$J11,計算用!$L$2:$L$186,0)),"") | P11: =IFERROR(INDEX(計算用!$M$2:$M$186,MATCH("女白"&$J11,計算用!$L$2:$L$186,0)),"") | Q11: =IFERROR(INDEX(計算用!$G$2:$G$186,MATCH("女白"&$J11,計算用!$L$2:$L$186,0)),"")
A12: =IF(ROW()-3<=MAX(計算用!$Q$2,計算用!$Q$3),ROW()-3,"") | B12: =IFERROR(INDEX(計算用!$D$2:$D$186,MATCH("男赤"&$A12,計算用!$L$2:$L$186,0)),"") | C12: =IFERROR(INDEX(計算用!$M$2:$M$186,MATCH("男赤"&$A12,計算用!$L$2:$L$186,0)),"") | D12: =IFERROR(INDEX(計算用!$G$2:$G$186,MATCH("男赤"&$A12,計算用!$L$2:$L$186,0)),"") | F12: =IFERROR(INDEX(計算用!$D$2:$D$186,MATCH("男白"&$A12,計算用!$L$2:$L$186,0)),"") | G12: =IFERROR(INDEX(計算用!$M$2:$M$186,MATCH("男白"&$A12,計算用!$L$2:$L$186,0)),"") | H12: =IFERROR(INDEX(計算用!$G$2:$G$186,MATCH("男白"&$A12,計算用!$L$2:$L$186,0)),"") | J12: =IF(ROW()-3<=MAX(計算用!$Q$4,計算用!$Q$5),ROW()-3,"") | K12: =IFERROR(INDEX(計算用!$D$2:$D$186,MATCH("女赤"&$J12,計算用!$L$2:$L$186,0)),"") | L12: =IFERROR(INDEX(計算用!$M$2:$M$186,MATCH("女赤"&$J12,計算用!$L$2:$L$186,0)),"") | M12: =IFERROR(INDEX(計算用!$G$2:$G$186,MATCH("女赤"&$J12,計算用!$L$2:$L$186,0)),"") | O12: =IFERROR(INDEX(計算用!$D$2:$D$186,MATCH("女白"&$J12,計算用!$L$2:$L$186,0)),"") | P12: =IFERROR(INDEX(計算用!$M$2:$M$186,MATCH("女白"&$J12,計算用!$L$2:$L$186,0)),"") | Q12: =IFERROR(INDEX(計算用!$G$2:$G$186,MATCH("女白"&$J12,計算用!$L$2:$L$186,0)),"")
A13: =IF(ROW()-3<=MAX(計算用!$Q$2,計算用!$Q$3),ROW()-3,"") | B13: =IFERROR(INDEX(計算用!$D$2:$D$186,MATCH("男赤"&$A13,計算用!$L$2:$L$186,0)),"") | C13: =IFERROR(INDEX(計算用!$M$2:$M$186,MATCH("男赤"&$A13,計算用!$L$2:$L$186,0)),"") | D13: =IFERROR(INDEX(計算用!$G$2:$G$186,MATCH("男赤"&$A13,計算用!$L$2:$L$186,0)),"") | F13: =IFERROR(INDEX(計算用!$D$2:$D$186,MATCH("男白"&$A13,計算用!$L$2:$L$186,0)),"") | G13: =IFERROR(INDEX(計算用!$M$2:$M$186,MATCH("男白"&$A13,計算用!$L$2:$L$186,0)),"") | H13: =IFERROR(INDEX(計算用!$G$2:$G$186,MATCH("男白"&$A13,計算用!$L$2:$L$186,0)),"") | J13: =IF(ROW()-3<=MAX(計算用!$Q$4,計算用!$Q$5),ROW()-3,"") | K13: =IFERROR(INDEX(計算用!$D$2:$D$186,MATCH("女赤"&$J13,計算用!$L$2:$L$186,0)),"") | L13: =IFERROR(INDEX(計算用!$M$2:$M$186,MATCH("女赤"&$J13,計算用!$L$2:$L$186,0)),"") | M13: =IFERROR(INDEX(計算用!$G$2:$G$186,MATCH("女赤"&$J13,計算用!$L$2:$L$186,0)),"") | O13: =IFERROR(INDEX(計算用!$D$2:$D$186,MATCH("女白"&$J13,計算用!$L$2:$L$186,0)),"") | P13: =IFERROR(INDEX(計算用!$M$2:$M$186,MATCH("女白"&$J13,計算用!$L$2:$L$186,0)),"") | Q13: =IFERROR(INDEX(計算用!$G$2:$G$186,MATCH("女白"&$J13,計算用!$L$2:$L$186,0)),"")
A14: =IF(ROW()-3<=MAX(計算用!$Q$2,計算用!$Q$3),ROW()-3,"") | B14: =IFERROR(INDEX(計算用!$D$2:$D$186,MATCH("男赤"&$A14,計算用!$L$2:$L$186,0)),"") | C14: =IFERROR(INDEX(計算用!$M$2:$M$186,MATCH("男赤"&$A14,計算用!$L$2:$L$186,0)),"") | D14: =IFERROR(INDEX(計算用!$G$2:$G$186,MATCH("男赤"&$A14,計算用!$L$2:$L$186,0)),"") | F14: =IFERROR(INDEX(計算用!$D$2:$D$186,MATCH("男白"&$A14,計算用!$L$2:$L$186,0)),"") | G14: =IFERROR(INDEX(計算用!$M$2:$M$186,MATCH("男白"&$A14,計算用!$L$2:$L$186,0)),"") | H14: =IFERROR(INDEX(計算用!$G$2:$G$186,MATCH("男白"&$A14,計算用!$L$2:$L$186,0)),"") | J14: =IF(ROW()-3<=MAX(計算用!$Q$4,計算用!$Q$5),ROW()-3,"") | K14: =IFERROR(INDEX(計算用!$D$2:$D$186,MATCH("女赤"&$J14,計算用!$L$2:$L$186,0)),"") | L14: =IFERROR(INDEX(計算用!$M$2:$M$186,MATCH("女赤"&$J14,計算用!$L$2:$L$186,0)),"") | M14: =IFERROR(INDEX(計算用!$G$2:$G$186,MATCH("女赤"&$J14,計算用!$L$2:$L$186,0)),"") | O14: =IFERROR(INDEX(計算用!$D$2:$D$186,MATCH("女白"&$J14,計算用!$L$2:$L$186,0)),"") | P14: =IFERROR(INDEX(計算用!$M$2:$M$186,MATCH("女白"&$J14,計算用!$L$2:$L$186,0)),"") | Q14: =IFERROR(INDEX(計算用!$G$2:$G$186,MATCH("女白"&$J14,計算用!$L$2:$L$186,0)),"")
A15: =IF(ROW()-3<=MAX(計算用!$Q$2,計算用!$Q$3),ROW()-3,"") | B15: =IFERROR(INDEX(計算用!$D$2:$D$186,MATCH("男赤"&$A15,計算用!$L$2:$L$186,0)),"") | C15: =IFERROR(INDEX(計算用!$M$2:$M$186,MATCH("男赤"&$A15,計算用!$L$2:$L$186,0)),"") | D15: =IFERROR(INDEX(計算用!$G$2:$G$186,MATCH("男赤"&$A15,計算用!$L$2:$L$186,0)),"") | F15: =IFERROR(INDEX(計算用!$D$2:$D$186,MATCH("男白"&$A15,計算用!$L$2:$L$186,0)),"") | G15: =IFERROR(INDEX(計算用!$M$2:$M$186,MATCH("男白"&$A15,計算用!$L$2:$L$186,0)),"") | H15: =IFERROR(INDEX(計算用!$G$2:$G$186,MATCH("男白"&$A15,計算用!$L$2:$L$186,0)),"") | J15: =IF(ROW()-3<=MAX(計算用!$Q$4,計算用!$Q$5),ROW()-3,"") | K15: =IFERROR(INDEX(計算用!$D$2:$D$186,MATCH("女赤"&$J15,計算用!$L$2:$L$186,0)),"") | L15: =IFERROR(INDEX(計算用!$M$2:$M$186,MATCH("女赤"&$J15,計算用!$L$2:$L$186,0)),"") | M15: =IFERROR(INDEX(計算用!$G$2:$G$186,MATCH("女赤"&$J15,計算用!$L$2:$L$186,0)),"") | O15: =IFERROR(INDEX(計算用!$D$2:$D$186,MATCH("女白"&$J15,計算用!$L$2:$L$186,0)),"") | P15: =IFERROR(INDEX(計算用!$M$2:$M$186,MATCH("女白"&$J15,計算用!$L$2:$L$186,0)),"") | Q15: =IFERROR(INDEX(計算用!$G$2:$G$186,MATCH("女白"&$J15,計算用!$L$2:$L$186,0)),"")
... A188: =IF(ROW()-3<=MAX(計算用!$Q$2,計算用!$Q$3),ROW()-3,"") | B188: =IFERROR(INDEX(計算用!$D$2:$D$186,MATCH("男赤"&$A188,計算用!$L$2:$L$186,0)),"") | C188: =IFERROR(INDEX(計算用!$M$2:$M$186,MATCH("男赤"&$A188,計算用!$L$2:$L$186,0)),"") | D188: =IFERROR(INDEX(計算用!$G$2:$G$186,MATCH("男赤"&$A188,計算用!$L$2:$L$186,0)),"") | F188: =IFERROR(INDEX(計算用!$D$2:$D$186,MATCH("男白"&$A188,計算用!$L$2:$L$186,0)),"") | G188: =IFERROR(INDEX(計算用!$M$2:$M$186,MATCH("男白"&$A188,計算用!$L$2:$L$186,0)),"") | H188: =IFERROR(INDEX(計算用!$G$2:$G$186,MATCH("男白"&$A188,計算用!$L$2:$L$186,0)),"") | J188: =IF(ROW()-3<=MAX(計算用!$Q$4,計算用!$Q$5),ROW()-3,"") | K188: =IFERROR(INDEX(計算用!$D$2:$D$186,MATCH("女赤"&$J188,計算用!$L$2:$L$186,0)),"") | L188: =IFERROR(INDEX(計算用!$M$2:$M$186,MATCH("女赤"&$J188,計算用!$L$2:$L$186,0)),"") | M188: =IFERROR(INDEX(計算用!$G$2:$G$186,MATCH("女赤"&$J188,計算用!$L$2:$L$186,0)),"") | O188: =IFERROR(INDEX(計算用!$D$2:$D$186,MATCH("女白"&$J188,計算用!$L$2:$L$186,0)),"") | P188: =IFERROR(INDEX(計算用!$M$2:$M$186,MATCH("女白"&$J188,計算用!$L$2:$L$186,0)),"") | Q188: =IFERROR(INDEX(計算用!$G$2:$G$186,MATCH("女白"&$J188,計算用!$L$2:$L$186,0)),"")

Sheet 4人組
A1: 男子 | K1: 女子 | U1: =IF(OR(計算用!$Q$2<>計算用!$Q$3,計算用!$Q$4<>計算用!$Q$5,ISODD(計算用!$Q$2),ISODD(計算用!$Q$4)),"※赤白の人数の差や奇数人数のため、最後の組は4人そろっていません","")
B2: 赤組 | F2: 白組 | L2: 赤組 | P2: 白組
A3: 組 | B3: 赤1番 名前 | C3: クラス | D3: 赤2番 名前 | E3: クラス | F3: 白1番 名前 | G3: クラス | H3: 白2番 名前 | I3: クラス | K3: 組 | L3: 赤1番 名前 | M3: クラス | N3: 赤2番 名前 | O3: クラス | P3: 白1番 名前 | Q3: クラス | R3: 白2番 名前 | S3: クラス
A4: =IF(ROW()-3<=ROUNDUP(MAX(計算用!$Q$2,計算用!$Q$3)/2,0),ROW()-3,"") | B4: =IF($A4="","",IFERROR(INDEX(計算用!$D$2:$D$186,MATCH("男赤"&($A4*2-1),計算用!$L$2:$L$186,0)),"")) | C4: =IF($A4="","",IFERROR(INDEX(計算用!$M$2:$M$186,MATCH("男赤"&($A4*2-1),計算用!$L$2:$L$186,0)),"")) | D4: =IF($A4="","",IFERROR(INDEX(計算用!$D$2:$D$186,MATCH("男赤"&($A4*2-0),計算用!$L$2:$L$186,0)),"")) | E4: =IF($A4="","",IFERROR(INDEX(計算用!$M$2:$M$186,MATCH("男赤"&($A4*2-0),計算用!$L$2:$L$186,0)),"")) | F4: =IF($A4="","",IFERROR(INDEX(計算用!$D$2:$D$186,MATCH("男白"&($A4*2-1),計算用!$L$2:$L$186,0)),"")) | G4: =IF($A4="","",IFERROR(INDEX(計算用!$M$2:$M$186,MATCH("男白"&($A4*2-1),計算用!$L$2:$L$186,0)),"")) | H4: =IF($A4="","",IFERROR(INDEX(計算用!$D$2:$D$186,MATCH("男白"&($A4*2-0),計算用!$L$2:$L$186,0)),"")) | I4: =IF($A4="","",IFERROR(INDEX(計算用!$M$2:$M$186,MATCH("男白"&($A4*2-0),計算用!$L$2:$L$186,0)),"")) | K4: =IF(ROW()-3<=ROUNDUP(MAX(計算用!$Q$4,計算用!$Q$5)/2,0),ROW()-3,"") | L4: =IF($K4="","",IFERROR(INDEX(計算用!$D$2:$D$186,MATCH("女赤"&($K4*2-1),計算用!$L$2:$L$186,0)),"")) | M4: =IF($K4="","",IFERROR(INDEX(計算用!$M$2:$M$186,MATCH("女赤"&($K4*2-1),計算用!$L$2:$L$186,0)),"")) | N4: =IF($K4="","",IFERROR(INDEX(計算用!$D$2:$D$186,MATCH("女赤"&($K4*2-0),計算用!$L$2:$L$186,0)),"")) | O4: =IF($K4="","",IFERROR(INDEX(計算用!$M$2:$M$186,MATCH("女赤"&($K4*2-0),計算用!$L$2:$L$186,0)),"")) | P4: =IF($K4="","",IFERROR(INDEX(計算用!$D$2:$D$186,MATCH("女白"&($K4*2-1),計算用!$L$2:$L$186,0)),"")) | Q4: =IF($K4="","",IFERROR(INDEX(計算用!$M$2:$M$186,MATCH("女白"&($K4*2-1),計算用!$L$2:$L$186,0)),"")) | R4: =IF($K4="","",IFERROR(INDEX(計算用!$D$2:$D$186,MATCH("女白"&($K4*2-0),計算用!$L$2:$L$186,0)),"")) | S4: =IF($K4="","",IFERROR(INDEX(計算用!$M$2:$M$186,MATCH("女白"&($K4*2-0),計算用!$L$2:$L$186,0)),""))
A5: =IF(ROW()-3<=ROUNDUP(MAX(計算用!$Q$2,計算用!$Q$3)/2,0),ROW()-3,"") | B5: =IF($A5="","",IFERROR(INDEX(計算用!$D$2:$D$186,MATCH("男赤"&($A5*2-1),計算用!$L$2:$L$186,0)),"")) | C5: =IF($A5="","",IFERROR(INDEX(計算用!$M$2:$M$186,MATCH("男赤"&($A5*2-1),計算用!$L$2:$L$186,0)),"")) | D5: =IF($A5="","",IFERROR(INDEX(計算用!$D$2:$D$186,MATCH("男赤"&($A5*2-0),計算用!$L$2:$L$186,0)),"")) | E5: =IF($A5="","",IFERROR(INDEX(計算用!$M$2:$M$186,MATCH("男赤"&($A5*2-0),計算用!$L$2:$L$186,0)),"")) | F5: =IF($A5="","",IFERROR(INDEX(計算用!$D$2:$D$186,MATCH("男白"&($A5*2-1),計算用!$L$2:$L$186,0)),"")) | G5: =IF($A5="","",IFERROR(INDEX(計算用!$M$2:$M$186,MATCH("男白"&($A5*2-1),計算用!$L$2:$L$186,0)),"")) | H5: =IF($A5="","",IFERROR(INDEX(計算用!$D$2:$D$186,MATCH("男白"&($A5*2-0),計算用!$L$2:$L$186,0)),"")) | I5: =IF($A5="","",IFERROR(INDEX(計算用!$M$2:$M$186,MATCH("男白"&($A5*2-0),計算用!$L$2:$L$186,0)),"")) | K5: =IF(ROW()-3<=ROUNDUP(MAX(計算用!$Q$4,計算用!$Q$5)/2,0),ROW()-3,"") | L5: =IF($K5="","",IFERROR(INDEX(計算用!$D$2:$D$186,MATCH("女赤"&($K5*2-1),計算用!$L$2:$L$186,0)),"")) | M5: =IF($K5="","",IFERROR(INDEX(計算用!$M$2:$M$186,MATCH("女赤"&($K5*2-1),計算用!$L$2:$L$186,0)),"")) | N5: =IF($K5="","",IFERROR(INDEX(計算用!$D$2:$D$186,MATCH("女赤"&($K5*2-0),計算用!$L$2:$L$186,0)),"")) | O5: =IF($K5="","",IFERROR(INDEX(計算用!$M$2:$M$186,MATCH("女赤"&($K5*2-0),計算用!$L$2:$L$186,0)),"")) | P5: =IF($K5="","",IFERROR(INDEX(計算用!$D$2:$D$186,MATCH("女白"&($K5*2-1),計算用!$L$2:$L$186,0)),"")) | Q5: =IF($K5="","",IFERROR(INDEX(計算用!$M$2:$M$186,MATCH("女白"&($K5*2-1),計算用!$L$2:$L$186,0)),"")) | R5: =IF($K5="","",IFERROR(INDEX(計算用!$D$2:$D$186,MATCH("女白"&($K5*2-0),計算用!$L$2:$L$186,0)),"")) | S5: =IF($K5="","",IFERROR(INDEX(計算用!$M$2:$M$186,MATCH("女白"&($K5*2-0),計算用!$L$2:$L$186,0)),""))
A6: =IF(ROW()-3<=ROUNDUP(MAX(計算用!$Q$2,計算用!$Q$3)/2,0),ROW()-3,"") | B6: =IF($A6="","",IFERROR(INDEX(計算用!$D$2:$D$186,MATCH("男赤"&($A6*2-1),計算用!$L$2:$L$186,0)),"")) | C6: =IF($A6="","",IFERROR(INDEX(計算用!$M$2:$M$186,MATCH("男赤"&($A6*2-1),計算用!$L$2:$L$186,0)),"")) | D6: =IF($A6="","",IFERROR(INDEX(計算用!$D$2:$D$186,MATCH("男赤"&($A6*2-0),計算用!$L$2:$L$186,0)),"")) | E6: =IF($A6="","",IFERROR(INDEX(計算用!$M$2:$M$186,MATCH("男赤"&($A6*2-0),計算用!$L$2:$L$186,0)),"")) | F6: =IF($A6="","",IFERROR(INDEX(計算用!$D$2:$D$186,MATCH("男白"&($A6*2-1),計算用!$L$2:$L$186,0)),"")) | G6: =IF($A6="","",IFERROR(INDEX(計算用!$M$2:$M$186,MATCH("男白"&($A6*2-1),計算用!$L$2:$L$186,0)),"")) | H6: =IF($A6="","",IFERROR(INDEX(計算用!$D$2:$D$186,MATCH("男白"&($A6*2-0),計算用!$L$2:$L$186,0)),"")) | I6: =IF($A6="","",IFERROR(INDEX(計算用!$M$2:$M$186,MATCH("男白"&($A6*2-0),計算用!$L$2:$L$186,0)),"")) | K6: =IF(ROW()-3<=ROUNDUP(MAX(計算用!$Q$4,計算用!$Q$5)/2,0),ROW()-3,"") | L6: =IF($K6="","",IFERROR(INDEX(計算用!$D$2:$D$186,MATCH("女赤"&($K6*2-1),計算用!$L$2:$L$186,0)),"")) | M6: =IF($K6="","",IFERROR(INDEX(計算用!$M$2:$M$186,MATCH("女赤"&($K6*2-1),計算用!$L$2:$L$186,0)),"")) | N6: =IF($K6="","",IFERROR(INDEX(計算用!$D$2:$D$186,MATCH("女赤"&($K6*2-0),計算用!$L$2:$L$186,0)),"")) | O6: =IF($K6="","",IFERROR(INDEX(計算用!$M$2:$M$186,MATCH("女赤"&($K6*2-0),計算用!$L$2:$L$186,0)),"")) | P6: =IF($K6="","",IFERROR(INDEX(計算用!$D$2:$D$186,MATCH("女白"&($K6*2-1),計算用!$L$2:$L$186,0)),"")) | Q6: =IF($K6="","",IFERROR(INDEX(計算用!$M$2:$M$186,MATCH("女白"&($K6*2-1),計算用!$L$2:$L$186,0)),"")) | R6: =IF($K6="","",IFERROR(INDEX(計算用!$D$2:$D$186,MATCH("女白"&($K6*2-0),計算用!$L$2:$L$186,0)),"")) | S6: =IF($K6="","",IFERROR(INDEX(計算用!$M$2:$M$186,MATCH("女白"&($K6*2-0),計算用!$L$2:$L$186,0)),""))
A7: =IF(ROW()-3<=ROUNDUP(MAX(計算用!$Q$2,計算用!$Q$3)/2,0),ROW()-3,"") | B7: =IF($A7="","",IFERROR(INDEX(計算用!$D$2:$D$186,MATCH("男赤"&($A7*2-1),計算用!$L$2:$L$186,0)),"")) | C7: =IF($A7="","",IFERROR(INDEX(計算用!$M$2:$M$186,MATCH("男赤"&($A7*2-1),計算用!$L$2:$L$186,0)),"")) | D7: =IF($A7="","",IFERROR(INDEX(計算用!$D$2:$D$186,MATCH("男赤"&($A7*2-0),計算用!$L$2:$L$186,0)),"")) | E7: =IF($A7="","",IFERROR(INDEX(計算用!$M$2:$M$186,MATCH("男赤"&($A7*2-0),計算用!$L$2:$L$186,0)),"")) | F7: =IF($A7="","",IFERROR(INDEX(計算用!$D$2:$D$186,MATCH("男白"&($A7*2-1),計算用!$L$2:$L$186,0)),"")) | G7: =IF($A7="","",IFERROR(INDEX(計算用!$M$2:$M$186,MATCH("男白"&($A7*2-1),計算用!$L$2:$L$186,0)),"")) | H7: =IF($A7="","",IFERROR(INDEX(計算用!$D$2:$D$186,MATCH("男白"&($A7*2-0),計算用!$L$2:$L$186,0)),"")) | I7: =IF($A7="","",IFERROR(INDEX(計算用!$M$2:$M$186,MATCH("男白"&($A7*2-0),計算用!$L$2:$L$186,0)),"")) | K7: =IF(ROW()-3<=ROUNDUP(MAX(計算用!$Q$4,計算用!$Q$5)/2,0),ROW()-3,"") | L7: =IF($K7="","",IFERROR(INDEX(計算用!$D$2:$D$186,MATCH("女赤"&($K7*2-1),計算用!$L$2:$L$186,0)),"")) | M7: =IF($K7="","",IFERROR(INDEX(計算用!$M$2:$M$186,MATCH("女赤"&($K7*2-1),計算用!$L$2:$L$186,0)),"")) | N7: =IF($K7="","",IFERROR(INDEX(計算用!$D$2:$D$186,MATCH("女赤"&($K7*2-0),計算用!$L$2:$L$186,0)),"")) | O7: =IF($K7="","",IFERROR(INDEX(計算用!$M$2:$M$186,MATCH("女赤"&($K7*2-0),計算用!$L$2:$L$186,0)),"")) | P7: =IF($K7="","",IFERROR(INDEX(計算用!$D$2:$D$186,MATCH("女白"&($K7*2-1),計算用!$L$2:$L$186,0)),"")) | Q7: =IF($K7="","",IFERROR(INDEX(計算用!$M$2:$M$186,MATCH("女白"&($K7*2-1),計算用!$L$2:$L$186,0)),"")) | R7: =IF($K7="","",IFERROR(INDEX(計算用!$D$2:$D$186,MATCH("女白"&($K7*2-0),計算用!$L$2:$L$186,0)),"")) | S7: =IF($K7="","",IFERROR(INDEX(計算用!$M$2:$M$186,MATCH("女白"&($K7*2-0),計算用!$L$2:$L$186,0)),""))
A8: =IF(ROW()-3<=ROUNDUP(MAX(計算用!$Q$2,計算用!$Q$3)/2,0),ROW()-3,"") | B8: =IF($A8="","",IFERROR(INDEX(計算用!$D$2:$D$186,MATCH("男赤"&($A8*2-1),計算用!$L$2:$L$186,0)),"")) | C8: =IF($A8="","",IFERROR(INDEX(計算用!$M$2:$M$186,MATCH("男赤"&($A8*2-1),計算用!$L$2:$L$186,0)),"")) | D8: =IF($A8="","",IFERROR(INDEX(計算用!$D$2:$D$186,MATCH("男赤"&($A8*2-0),計算用!$L$2:$L$186,0)),"")) | E8: =IF($A8="","",IFERROR(INDEX(計算用!$M$2:$M$186,MATCH("男赤"&($A8*2-0),計算用!$L$2:$L$186,0)),"")) | F8: =IF($A8="","",IFERROR(INDEX(計算用!$D$2:$D$186,MATCH("男白"&($A8*2-1),計算用!$L$2:$L$186,0)),"")) | G8: =IF($A8="","",IFERROR(INDEX(計算用!$M$2:$M$186,MATCH("男白"&($A8*2-1),計算用!$L$2:$L$186,0)),"")) | H8: =IF($A8="","",IFERROR(INDEX(計算用!$D$2:$D$186,MATCH("男白"&($A8*2-0),計算用!$L$2:$L$186,0)),"")) | I8: =IF($A8="","",IFERROR(INDEX(計算用!$M$2:$M$186,MATCH("男白"&($A8*2-0),計算用!$L$2:$L$186,0)),"")) | K8: =IF(ROW()-3<=ROUNDUP(MAX(計算用!$Q$4,計算用!$Q$5)/2,0),ROW()-3,"") | L8: =IF($K8="","",IFERROR(INDEX(計算用!$D$2:$D$186,MATCH("女赤"&($K8*2-1),計算用!$L$2:$L$186,0)),"")) | M8: =IF($K8="","",IFERROR(INDEX(計算用!$M$2:$M$186,MATCH("女赤"&($K8*2-1),計算用!$L$2:$L$186,0)),"")) | N8: =IF($K8="","",IFERROR(INDEX(計算用!$D$2:$D$186,MATCH("女赤"&($K8*2-0),計算用!$L$2:$L$186,0)),"")) | O8: =IF($K8="","",IFERROR(INDEX(計算用!$M$2:$M$186,MATCH("女赤"&($K8*2-0),計算用!$L$2:$L$186,0)),"")) | P8: =IF($K8="","",IFERROR(INDEX(計算用!$D$2:$D$186,MATCH("女白"&($K8*2-1),計算用!$L$2:$L$186,0)),"")) | Q8: =IF($K8="","",IFERROR(INDEX(計算用!$M$2:$M$186,MATCH("女白"&($K8*2-1),計算用!$L$2:$L$186,0)),"")) | R8: =IF($K8="","",IFERROR(INDEX(計算用!$D$2:$D$186,MATCH("女白"&($K8*2-0),計算用!$L$2:$L$186,0)),"")) | S8: =IF($K8="","",IFERROR(INDEX(計算用!$M$2:$M$186,MATCH("女白"&($K8*2-0),計算用!$L$2:$L$186,0)),""))
A9: =IF(ROW()-3<=ROUNDUP(MAX(計算用!$Q$2,計算用!$Q$3)/2,0),ROW()-3,"") | B9: =IF($A9="","",IFERROR(INDEX(計算用!$D$2:$D$186,MATCH("男赤"&($A9*2-1),計算用!$L$2:$L$186,0)),"")) | C9: =IF($A9="","",IFERROR(INDEX(計算用!$M$2:$M$186,MATCH("男赤"&($A9*2-1),計算用!$L$2:$L$186,0)),"")) | D9: =IF($A9="","",IFERROR(INDEX(計算用!$D$2:$D$186,MATCH("男赤"&($A9*2-0),計算用!$L$2:$L$186,0)),"")) | E9: =IF($A9="","",IFERROR(INDEX(計算用!$M$2:$M$186,MATCH("男赤"&($A9*2-0),計算用!$L$2:$L$186,0)),"")) | F9: =IF($A9="","",IFERROR(INDEX(計算用!$D$2:$D$186,MATCH("男白"&($A9*2-1),計算用!$L$2:$L$186,0)),"")) | G9: =IF($A9="","",IFERROR(INDEX(計算用!$M$2:$M$186,MATCH("男白"&($A9*2-1),計算用!$L$2:$L$186,0)),"")) | H9: =IF($A9="","",IFERROR(INDEX(計算用!$D$2:$D$186,MATCH("男白"&($A9*2-0),計算用!$L$2:$L$186,0)),"")) | I9: =IF($A9="","",IFERROR(INDEX(計算用!$M$2:$M$186,MATCH("男白"&($A9*2-0),計算用!$L$2:$L$186,0)),"")) | K9: =IF(ROW()-3<=ROUNDUP(MAX(計算用!$Q$4,計算用!$Q$5)/2,0),ROW()-3,"") | L9: =IF($K9="","",IFERROR(INDEX(計算用!$D$2:$D$186,MATCH("女赤"&($K9*2-1),計算用!$L$2:$L$186,0)),"")) | M9: =IF($K9="","",IFERROR(INDEX(計算用!$M$2:$M$186,MATCH("女赤"&($K9*2-1),計算用!$L$2:$L$186,0)),"")) | N9: =IF($K9="","",IFERROR(INDEX(計算用!$D$2:$D$186,MATCH("女赤"&($K9*2-0),計算用!$L$2:$L$186,0)),"")) | O9: =IF($K9="","",IFERROR(INDEX(計算用!$M$2:$M$186,MATCH("女赤"&($K9*2-0),計算用!$L$2:$L$186,0)),"")) | P9: =IF($K9="","",IFERROR(INDEX(計算用!$D$2:$D$186,MATCH("女白"&($K9*2-1),計算用!$L$2:$L$186,0)),"")) | Q9: =IF($K9="","",IFERROR(INDEX(計算用!$M$2:$M$186,MATCH("女白"&($K9*2-1),計算用!$L$2:$L$186,0)),"")) | R9: =IF($K9="","",IFERROR(INDEX(計算用!$D$2:$D$186,MATCH("女白"&($K9*2-0),計算用!$L$2:$L$186,0)),"")) | S9: =IF($K9="","",IFERROR(INDEX(計算用!$M$2:$M$186,MATCH("女白"&($K9*2-0),計算用!$L$2:$L$186,0)),""))
A10: =IF(ROW()-3<=ROUNDUP(MAX(計算用!$Q$2,計算用!$Q$3)/2,0),ROW()-3,"") | B10: =IF($A10="","",IFERROR(INDEX(計算用!$D$2:$D$186,MATCH("男赤"&($A10*2-1),計算用!$L$2:$L$186,0)),"")) | C10: =IF($A10="","",IFERROR(INDEX(計算用!$M$2:$M$186,MATCH("男赤"&($A10*2-1),計算用!$L$2:$L$186,0)),"")) | D10: =IF($A10="","",IFERROR(INDEX(計算用!$D$2:$D$186,MATCH("男赤"&($A10*2-0),計算用!$L$2:$L$186,0)),"")) | E10: =IF($A10="","",IFERROR(INDEX(計算用!$M$2:$M$186,MATCH("男赤"&($A10*2-0),計算用!$L$2:$L$186,0)),"")) | F10: =IF($A10="","",IFERROR(INDEX(計算用!$D$2:$D$186,MATCH("男白"&($A10*2-1),計算用!$L$2:$L$186,0)),"")) | G10: =IF($A10="","",IFERROR(INDEX(計算用!$M$2:$M$186,MATCH("男白"&($A10*2-1),計算用!$L$2:$L$186,0)),"")) | H10: =IF($A10="","",IFERROR(INDEX(計算用!$D$2:$D$186,MATCH("男白"&($A10*2-0),計算用!$L$2:$L$186,0)),"")) | I10: =IF($A10="","",IFERROR(INDEX(計算用!$M$2:$M$186,MATCH("男白"&($A10*2-0),計算用!$L$2:$L$186,0)),"")) | K10: =IF(ROW()-3<=ROUNDUP(MAX(計算用!$Q$4,計算用!$Q$5)/2,0),ROW()-3,"") | L10: =IF($K10="","",IFERROR(INDEX(計算用!$D$2:$D$186,MATCH("女赤"&($K10*2-1),計算用!$L$2:$L$186,0)),"")) | M10: =IF($K10="","",IFERROR(INDEX(計算用!$M$2:$M$186,MATCH("女赤"&($K10*2-1),計算用!$L$2:$L$186,0)),"")) | N10: =IF($K10="","",IFERROR(INDEX(計算用!$D$2:$D$186,MATCH("女赤"&($K10*2-0),計算用!$L$2:$L$186,0)),"")) | O10: =IF($K10="","",IFERROR(INDEX(計算用!$M$2:$M$186,MATCH("女赤"&($K10*2-0),計算用!$L$2:$L$186,0)),"")) | P10: =IF($K10="","",IFERROR(INDEX(計算用!$D$2:$D$186,MATCH("女白"&($K10*2-1),計算用!$L$2:$L$186,0)),"")) | Q10: =IF($K10="","",IFERROR(INDEX(計算用!$M$2:$M$186,MATCH("女白"&($K10*2-1),計算用!$L$2:$L$186,0)),"")) | R10: =IF($K10="","",IFERROR(INDEX(計算用!$D$2:$D$186,MATCH("女白"&($K10*2-0),計算用!$L$2:$L$186,0)),"")) | S10: =IF($K10="","",IFERROR(INDEX(計算用!$M$2:$M$186,MATCH("女白"&($K10*2-0),計算用!$L$2:$L$186,0)),""))
A11: =IF(ROW()-3<=ROUNDUP(MAX(計算用!$Q$2,計算用!$Q$3)/2,0),ROW()-3,"") | B11: =IF($A11="","",IFERROR(INDEX(計算用!$D$2:$D$186,MATCH("男赤"&($A11*2-1),計算用!$L$2:$L$186,0)),"")) | C11: =IF($A11="","",IFERROR(INDEX(計算用!$M$2:$M$186,MATCH("男赤"&($A11*2-1),計算用!$L$2:$L$186,0)),"")) | D11: =IF($A11="","",IFERROR(INDEX(計算用!$D$2:$D$186,MATCH("男赤"&($A11*2-0),計算用!$L$2:$L$186,0)),"")) | E11: =IF($A11="","",IFERROR(INDEX(計算用!$M$2:$M$186,MATCH("男赤"&($A11*2-0),計算用!$L$2:$L$186,0)),"")) | F11: =IF($A11="","",IFERROR(INDEX(計算用!$D$2:$D$186,MATCH("男白"&($A11*2-1),計算用!$L$2:$L$186,0)),"")) | G11: =IF($A11="","",IFERROR(INDEX(計算用!$M$2:$M$186,MATCH("男白"&($A11*2-1),計算用!$L$2:$L$186,0)),"")) | H11: =IF($A11="","",IFERROR(INDEX(計算用!$D$2:$D$186,MATCH("男白"&($A11*2-0),計算用!$L$2:$L$186,0)),"")) | I11: =IF($A11="","",IFERROR(INDEX(計算用!$M$2:$M$186,MATCH("男白"&($A11*2-0),計算用!$L$2:$L$186,0)),"")) | K11: =IF(ROW()-3<=ROUNDUP(MAX(計算用!$Q$4,計算用!$Q$5)/2,0),ROW()-3,"") | L11: =IF($K11="","",IFERROR(INDEX(計算用!$D$2:$D$186,MATCH("女赤"&($K11*2-1),計算用!$L$2:$L$186,0)),"")) | M11: =IF($K11="","",IFERROR(INDEX(計算用!$M$2:$M$186,MATCH("女赤"&($K11*2-1),計算用!$L$2:$L$186,0)),"")) | N11: =IF($K11="","",IFERROR(INDEX(計算用!$D$2:$D$186,MATCH("女赤"&($K11*2-0),計算用!$L$2:$L$186,0)),"")) | O11: =IF($K11="","",IFERROR(INDEX(計算用!$M$2:$M$186,MATCH("女赤"&($K11*2-0),計算用!$L$2:$L$186,0)),"")) | P11: =IF($K11="","",IFERROR(INDEX(計算用!$D$2:$D$186,MATCH("女白"&($K11*2-1),計算用!$L$2:$L$186,0)),"")) | Q11: =IF($K11="","",IFERROR(INDEX(計算用!$M$2:$M$186,MATCH("女白"&($K11*2-1),計算用!$L$2:$L$186,0)),"")) | R11: =IF($K11="","",IFERROR(INDEX(計算用!$D$2:$D$186,MATCH("女白"&($K11*2-0),計算用!$L$2:$L$186,0)),"")) | S11: =IF($K11="","",IFERROR(INDEX(計算用!$M$2:$M$186,MATCH("女白"&($K11*2-0),計算用!$L$2:$L$186,0)),""))
A12: =IF(ROW()-3<=ROUNDUP(MAX(計算用!$Q$2,計算用!$Q$3)/2,0),ROW()-3,"") | B12: =IF($A12="","",IFERROR(INDEX(計算用!$D$2:$D$186,MATCH("男赤"&($A12*2-1),計算用!$L$2:$L$186,0)),"")) | C12: =IF($A12="","",IFERROR(INDEX(計算用!$M$2:$M$186,MATCH("男赤"&($A12*2-1),計算用!$L$2:$L$186,0)),"")) | D12: =IF($A12="","",IFERROR(INDEX(計算用!$D$2:$D$186,MATCH("男赤"&($A12*2-0),計算用!$L$2:$L$186,0)),"")) | E12: =IF($A12="","",IFERROR(INDEX(計算用!$M$2:$M$186,MATCH("男赤"&($A12*2-0),計算用!$L$2:$L$186,0)),"")) | F12: =IF($A12="","",IFERROR(INDEX(計算用!$D$2:$D$186,MATCH("男白"&($A12*2-1),計算用!$L$2:$L$186,0)),"")) | G12: =IF($A12="","",IFERROR(INDEX(計算用!$M$2:$M$186,MATCH("男白"&($A12*2-1),計算用!$L$2:$L$186,0)),"")) | H12: =IF($A12="","",IFERROR(INDEX(計算用!$D$2:$D$186,MATCH("男白"&($A12*2-0),計算用!$L$2:$L$186,0)),"")) | I12: =IF($A12="","",IFERROR(INDEX(計算用!$M$2:$M$186,MATCH("男白"&($A12*2-0),計算用!$L$2:$L$186,0)),"")) | K12: =IF(ROW()-3<=ROUNDUP(MAX(計算用!$Q$4,計算用!$Q$5)/2,0),ROW()-3,"") | L12: =IF($K12="","",IFERROR(INDEX(計算用!$D$2:$D$186,MATCH("女赤"&($K12*2-1),計算用!$L$2:$L$186,0)),"")) | M12: =IF($K12="","",IFERROR(INDEX(計算用!$M$2:$M$186,MATCH("女赤"&($K12*2-1),計算用!$L$2:$L$186,0)),"")) | N12: =IF($K12="","",IFERROR(INDEX(計算用!$D$2:$D$186,MATCH("女赤"&($K12*2-0),計算用!$L$2:$L$186,0)),"")) | O12: =IF($K12="","",IFERROR(INDEX(計算用!$M$2:$M$186,MATCH("女赤"&($K12*2-0),計算用!$L$2:$L$186,0)),"")) | P12: =IF($K12="","",IFERROR(INDEX(計算用!$D$2:$D$186,MATCH("女白"&($K12*2-1),計算用!$L$2:$L$186,0)),"")) | Q12: =IF($K12="","",IFERROR(INDEX(計算用!$M$2:$M$186,MATCH("女白"&($K12*2-1),計算用!$L$2:$L$186,0)),"")) | R12: =IF($K12="","",IFERROR(INDEX(計算用!$D$2:$D$186,MATCH("女白"&($K12*2-0),計算用!$L$2:$L$186,0)),"")) | S12: =IF($K12="","",IFERROR(INDEX(計算用!$M$2:$M$186,MATCH("女白"&($K12*2-0),計算用!$L$2:$L$186,0)),""))
A13: =IF(ROW()-3<=ROUNDUP(MAX(計算用!$Q$2,計算用!$Q$3)/2,0),ROW()-3,"") | B13: =IF($A13="","",IFERROR(INDEX(計算用!$D$2:$D$186,MATCH("男赤"&($A13*2-1),計算用!$L$2:$L$186,0)),"")) | C13: =IF($A13="","",IFERROR(INDEX(計算用!$M$2:$M$186,MATCH("男赤"&($A13*2-1),計算用!$L$2:$L$186,0)),"")) | D13: =IF($A13="","",IFERROR(INDEX(計算用!$D$2:$D$186,MATCH("男赤"&($A13*2-0),計算用!$L$2:$L$186,0)),"")) | E13: =IF($A13="","",IFERROR(INDEX(計算用!$M$2:$M$186,MATCH("男赤"&($A13*2-0),計算用!$L$2:$L$186,0)),"")) | F13: =IF($A13="","",IFERROR(INDEX(計算用!$D$2:$D$186,MATCH("男白"&($A13*2-1),計算用!$L$2:$L$186,0)),"")) | G13: =IF($A13="","",IFERROR(INDEX(計算用!$M$2:$M$186,MATCH("男白"&($A13*2-1),計算用!$L$2:$L$186,0)),"")) | H13: =IF($A13="","",IFERROR(INDEX(計算用!$D$2:$D$186,MATCH("男白"&($A13*2-0),計算用!$L$2:$L$186,0)),"")) | I13: =IF($A13="","",IFERROR(INDEX(計算用!$M$2:$M$186,MATCH("男白"&($A13*2-0),計算用!$L$2:$L$186,0)),"")) | K13: =IF(ROW()-3<=ROUNDUP(MAX(計算用!$Q$4,計算用!$Q$5)/2,0),ROW()-3,"") | L13: =IF($K13="","",IFERROR(INDEX(計算用!$D$2:$D$186,MATCH("女赤"&($K13*2-1),計算用!$L$2:$L$186,0)),"")) | M13: =IF($K13="","",IFERROR(INDEX(計算用!$M$2:$M$186,MATCH("女赤"&($K13*2-1),計算用!$L$2:$L$186,0)),"")) | N13: =IF($K13="","",IFERROR(INDEX(計算用!$D$2:$D$186,MATCH("女赤"&($K13*2-0),計算用!$L$2:$L$186,0)),"")) | O13: =IF($K13="","",IFERROR(INDEX(計算用!$M$2:$M$186,MATCH("女赤"&($K13*2-0),計算用!$L$2:$L$186,0)),"")) | P13: =IF($K13="","",IFERROR(INDEX(計算用!$D$2:$D$186,MATCH("女白"&($K13*2-1),計算用!$L$2:$L$186,0)),"")) | Q13: =IF($K13="","",IFERROR(INDEX(計算用!$M$2:$M$186,MATCH("女白"&($K13*2-1),計算用!$L$2:$L$186,0)),"")) | R13: =IF($K13="","",IFERROR(INDEX(計算用!$D$2:$D$186,MATCH("女白"&($K13*2-0),計算用!$L$2:$L$186,0)),"")) | S13: =IF($K13="","",IFERROR(INDEX(計算用!$M$2:$M$186,MATCH("女白"&($K13*2-0),計算用!$L$2:$L$186,0)),""))
A14: =IF(ROW()-3<=ROUNDUP(MAX(計算用!$Q$2,計算用!$Q$3)/2,0),ROW()-3,"") | B14: =IF($A14="","",IFERROR(INDEX(計算用!$D$2:$D$186,MATCH("男赤"&($A14*2-1),計算用!$L$2:$L$186,0)),"")) | C14: =IF($A14="","",IFERROR(INDEX(計算用!$M$2:$M$186,MATCH("男赤"&($A14*2-1),計算用!$L$2:$L$186,0)),"")) | D14: =IF($A14="","",IFERROR(INDEX(計算用!$D$2:$D$186,MATCH("男赤"&($A14*2-0),計算用!$L$2:$L$186,0)),"")) | E14: =IF($A14="","",IFERROR(INDEX(計算用!$M$2:$M$186,MATCH("男赤"&($A14*2-0),計算用!$L$2:$L$186,0)),"")) | F14: =IF($A14="","",IFERROR(INDEX(計算用!$D$2:$D$186,MATCH("男白"&($A14*2-1),計算用!$L$2:$L$186,0)),"")) | G14: =IF($A14="","",IFERROR(INDEX(計算用!$M$2:$M$186,MATCH("男白"&($A14*2-1),計算用!$L$2:$L$186,0)),"")) | H14: =IF($A14="","",IFERROR(INDEX(計算用!$D$2:$D$186,MATCH("男白"&($A14*2-0),計算用!$L$2:$L$186,0)),"")) | I14: =IF($A14="","",IFERROR(INDEX(計算用!$M$2:$M$186,MATCH("男白"&($A14*2-0),計算用!$L$2:$L$186,0)),"")) | K14: =IF(ROW()-3<=ROUNDUP(MAX(計算用!$Q$4,計算用!$Q$5)/2,0),ROW()-3,"") | L14: =IF($K14="","",IFERROR(INDEX(計算用!$D$2:$D$186,MATCH("女赤"&($K14*2-1),計算用!$L$2:$L$186,0)),"")) | M14: =IF($K14="","",IFERROR(INDEX(計算用!$M$2:$M$186,MATCH("女赤"&($K14*2-1),計算用!$L$2:$L$186,0)),"")) | N14: =IF($K14="","",IFERROR(INDEX(計算用!$D$2:$D$186,MATCH("女赤"&($K14*2-0),計算用!$L$2:$L$186,0)),"")) | O14: =IF($K14="","",IFERROR(INDEX(計算用!$M$2:$M$186,MATCH("女赤"&($K14*2-0),計算用!$L$2:$L$186,0)),"")) | P14: =IF($K14="","",IFERROR(INDEX(計算用!$D$2:$D$186,MATCH("女白"&($K14*2-1),計算用!$L$2:$L$186,0)),"")) | Q14: =IF($K14="","",IFERROR(INDEX(計算用!$M$2:$M$186,MATCH("女白"&($K14*2-1),計算用!$L$2:$L$186,0)),"")) | R14: =IF($K14="","",IFERROR(INDEX(計算用!$D$2:$D$186,MATCH("女白"&($K14*2-0),計算用!$L$2:$L$186,0)),"")) | S14: =IF($K14="","",IFERROR(INDEX(計算用!$M$2:$M$186,MATCH("女白"&($K14*2-0),計算用!$L$2:$L$186,0)),""))
A15: =IF(ROW()-3<=ROUNDUP(MAX(計算用!$Q$2,計算用!$Q$3)/2,0),ROW()-3,"") | B15: =IF($A15="","",IFERROR(INDEX(計算用!$D$2:$D$186,MATCH("男赤"&($A15*2-1),計算用!$L$2:$L$186,0)),"")) | C15: =IF($A15="","",IFERROR(INDEX(計算用!$M$2:$M$186,MATCH("男赤"&($A15*2-1),計算用!$L$2:$L$186,0)),"")) | D15: =IF($A15="","",IFERROR(INDEX(計算用!$D$2:$D$186,MATCH("男赤"&($A15*2-0),計算用!$L$2:$L$186,0)),"")) | E15: =IF($A15="","",IFERROR(INDEX(計算用!$M$2:$M$186,MATCH("男赤"&($A15*2-0),計算用!$L$2:$L$186,0)),"")) | F15: =IF($A15="","",IFERROR(INDEX(計算用!$D$2:$D$186,MATCH("男白"&($A15*2-1),計算用!$L$2:$L$186,0)),"")) | G15: =IF($A15="","",IFERROR(INDEX(計算用!$M$2:$M$186,MATCH("男白"&($A15*2-1),計算用!$L$2:$L$186,0)),"")) | H15: =IF($A15="","",IFERROR(INDEX(計算用!$D$2:$D$186,MATCH("男白"&($A15*2-0),計算用!$L$2:$L$186,0)),"")) | I15: =IF($A15="","",IFERROR(INDEX(計算用!$M$2:$M$186,MATCH("男白"&($A15*2-0),計算用!$L$2:$L$186,0)),"")) | K15: =IF(ROW()-3<=ROUNDUP(MAX(計算用!$Q$4,計算用!$Q$5)/2,0),ROW()-3,"") | L15: =IF($K15="","",IFERROR(INDEX(計算用!$D$2:$D$186,MATCH("女赤"&($K15*2-1),計算用!$L$2:$L$186,0)),"")) | M15: =IF($K15="","",IFERROR(INDEX(計算用!$M$2:$M$186,MATCH("女赤"&($K15*2-1),計算用!$L$2:$L$186,0)),"")) | N15: =IF($K15="","",IFERROR(INDEX(計算用!$D$2:$D$186,MATCH("女赤"&($K15*2-0),計算用!$L$2:$L$186,0)),"")) | O15: =IF($K15="","",IFERROR(INDEX(計算用!$M$2:$M$186,MATCH("女赤"&($K15*2-0),計算用!$L$2:$L$186,0)),"")) | P15: =IF($K15="","",IFERROR(INDEX(計算用!$D$2:$D$186,MATCH("女白"&($K15*2-1),計算用!$L$2:$L$186,0)),"")) | Q15: =IF($K15="","",IFERROR(INDEX(計算用!$M$2:$M$186,MATCH("女白"&($K15*2-1),計算用!$L$2:$L$186,0)),"")) | R15: =IF($K15="","",IFERROR(INDEX(計算用!$D$2:$D$186,MATCH("女白"&($K15*2-0),計算用!$L$2:$L$186,0)),"")) | S15: =IF($K15="","",IFERROR(INDEX(計算用!$M$2:$M$186,MATCH("女白"&($K15*2-0),計算用!$L$2:$L$186,0)),""))
... A96: =IF(ROW()-3<=ROUNDUP(MAX(計算用!$Q$2,計算用!$Q$3)/2,0),ROW()-3,"") | B96: =IF($A96="","",IFERROR(INDEX(計算用!$D$2:$D$186,MATCH("男赤"&($A96*2-1),計算用!$L$2:$L$186,0)),"")) | C96: =IF($A96="","",IFERROR(INDEX(計算用!$M$2:$M$186,MATCH("男赤"&($A96*2-1),計算用!$L$2:$L$186,0)),"")) | D96: =IF($A96="","",IFERROR(INDEX(計算用!$D$2:$D$186,MATCH("男赤"&($A96*2-0),計算用!$L$2:$L$186,0)),"")) | E96: =IF($A96="","",IFERROR(INDEX(計算用!$M$2:$M$186,MATCH("男赤"&($A96*2-0),計算用!$L$2:$L$186,0)),"")) | F96: =IF($A96="","",IFERROR(INDEX(計算用!$D$2:$D$186,MATCH("男白"&($A96*2-1),計算用!$L$2:$L$186,0)),"")) | G96: =IF($A96="","",IFERROR(INDEX(計算用!$M$2:$M$186,MATCH("男白"&($A96*2-1),計算用!$L$2:$L$186,0)),"")) | H96: =IF($A96="","",IFERROR(INDEX(計算用!$D$2:$D$186,MATCH("男白"&($A96*2-0),計算用!$L$2:$L$186,0)),"")) | I96: =IF($A96="","",IFERROR(INDEX(計算用!$M$2:$M$186,MATCH("男白"&($A96*2-0),計算用!$L$2:$L$186,0)),"")) | K96: =IF(ROW()-3<=ROUNDUP(MAX(計算用!$Q$4,計算用!$Q$5)/2,0),ROW()-3,"") | L96: =IF($K96="","",IFERROR(INDEX(計算用!$D$2:$D$186,MATCH("女赤"&($K96*2-1),計算用!$L$2:$L$186,0)),"")) | M96: =IF($K96="","",IFERROR(INDEX(計算用!$M$2:$M$186,MATCH("女赤"&($K96*2-1),計算用!$L$2:$L$186,0)),"")) | N96: =IF($K96="","",IFERROR(INDEX(計算用!$D$2:$D$186,MATCH("女赤"&($K96*2-0),計算用!$L$2:$L$186,0)),"")) | O96: =IF($K96="","",IFERROR(INDEX(計算用!$M$2:$M$186,MATCH("女赤"&($K96*2-0),計算用!$L$2:$L$186,0)),"")) | P96: =IF($K96="","",IFERROR(INDEX(計算用!$D$2:$D$186,MATCH("女白"&($K96*2-1),計算用!$L$2:$L$186,0)),"")) | Q96: =IF($K96="","",IFERROR(INDEX(計算用!$M$2:$M$186,MATCH("女白"&($K96*2-1),計算用!$L$2:$L$186,0)),"")) | R96: =IF($K96="","",IFERROR(INDEX(計算用!$D$2:$D$186,MATCH("女白"&($K96*2-0),計算用!$L$2:$L$186,0)),"")) | S96: =IF($K96="","",IFERROR(INDEX(計算用!$M$2:$M$186,MATCH("女白"&($K96*2-0),計算用!$L$2:$L$186,0)),""))

Sheet 計算用
A1: 通し番号 | B1: クラス番号 | C1: クラス内行 | D1: 名前 | E1: 性別(入力) | F1: 性別 | G1: タイム | H1: 赤白(入力) | I1: 赤白 | J1: 区分 | K1: 区分内順位 | L1: 検索キー | M1: クラス | N1: 入力不足 | P1: 区分 | Q1: 人数
A2: =ROW()-1 -> 1 | B2: =INT((A2-1)/37)+1 -> 1 | C2: =MOD(A2-1,37)+1 -> 1 | D2: =INDEX(①データ入力!$B$3:$Y$39,C2,(B2-1)*5+1)&"" | E2: =INDEX(①データ入力!$B$3:$Y$39,C2,(B2-1)*5+2)&"" | F2: =IF(OR(E2="1",E2="１",E2="男"),"男",IF(OR(E2="2",E2="２",E2="女"),"女","")) | G2: =INDEX(①データ入力!$B$3:$Y$39,C2,(B2-1)*5+3) -> 0 | H2: =INDEX(①データ入力!$B$3:$Y$39,C2,(B2-1)*5+4)&"" | I2: =IF(LEFT(TRIM(H2),1)="赤","赤",IF(LEFT(TRIM(H2),1)="白","白","")) | J2: =IF(AND(D2<>"",F2<>"",I2<>"",ISNUMBER(G2)),F2&I2,"") | K2: =IF(J2="","",COUNTIFS($J$2:$J$186,J2,$G$2:$G$186,"<"&G2)+COUNTIFS($J$2:$J$186,J2,$G$2:$G$186,G2,$A$2:$A$186,"<"&A2)+1) | L2: =IF(J2="","",J2&K2) | M2: =B2&"組" -> 1組 | N2: =IF(AND(D2<>"",J2=""),1,0) -> 0 | P2: 男赤 | Q2: =COUNTIF($J$2:$J$186,P2) -> 0
A3: =ROW()-1 -> 2 | B3: =INT((A3-1)/37)+1 -> 1 | C3: =MOD(A3-1,37)+1 -> 2 | D3: =INDEX(①データ入力!$B$3:$Y$39,C3,(B3-1)*5+1)&"" | E3: =INDEX(①データ入力!$B$3:$Y$39,C3,(B3-1)*5+2)&"" | F3: =IF(OR(E3="1",E3="１",E3="男"),"男",IF(OR(E3="2",E3="２",E3="女"),"女","")) | G3: =INDEX(①データ入力!$B$3:$Y$39,C3,(B3-1)*5+3) -> 0 | H3: =INDEX(①データ入力!$B$3:$Y$39,C3,(B3-1)*5+4)&"" | I3: =IF(LEFT(TRIM(H3),1)="赤","赤",IF(LEFT(TRIM(H3),1)="白","白","")) | J3: =IF(AND(D3<>"",F3<>"",I3<>"",ISNUMBER(G3)),F3&I3,"") | K3: =IF(J3="","",COUNTIFS($J$2:$J$186,J3,$G$2:$G$186,"<"&G3)+COUNTIFS($J$2:$J$186,J3,$G$2:$G$186,G3,$A$2:$A$186,"<"&A3)+1) | L3: =IF(J3="","",J3&K3) | M3: =B3&"組" -> 1組 | N3: =IF(AND(D3<>"",J3=""),1,0) -> 0 | P3: 男白 | Q3: =COUNTIF($J$2:$J$186,P3) -> 0
A4: =ROW()-1 -> 3 | B4: =INT((A4-1)/37)+1 -> 1 | C4: =MOD(A4-1,37)+1 -> 3 | D4: =INDEX(①データ入力!$B$3:$Y$39,C4,(B4-1)*5+1)&"" | E4: =INDEX(①データ入力!$B$3:$Y$39,C4,(B4-1)*5+2)&"" | F4: =IF(OR(E4="1",E4="１",E4="男"),"男",IF(OR(E4="2",E4="２",E4="女"),"女","")) | G4: =INDEX(①データ入力!$B$3:$Y$39,C4,(B4-1)*5+3) -> 0 | H4: =INDEX(①データ入力!$B$3:$Y$39,C4,(B4-1)*5+4)&"" | I4: =IF(LEFT(TRIM(H4),1)="赤","赤",IF(LEFT(TRIM(H4),1)="白","白","")) | J4: =IF(AND(D4<>"",F4<>"",I4<>"",ISNUMBER(G4)),F4&I4,"") | K4: =IF(J4="","",COUNTIFS($J$2:$J$186,J4,$G$2:$G$186,"<"&G4)+COUNTIFS($J$2:$J$186,J4,$G$2:$G$186,G4,$A$2:$A$186,"<"&A4)+1) | L4: =IF(J4="","",J4&K4) | M4: =B4&"組" -> 1組 | N4: =IF(AND(D4<>"",J4=""),1,0) -> 0 | P4: 女赤 | Q4: =COUNTIF($J$2:$J$186,P4) -> 0
A5: =ROW()-1 -> 4 | B5: =INT((A5-1)/37)+1 -> 1 | C5: =MOD(A5-1,37)+1 -> 4 | D5: =INDEX(①データ入力!$B$3:$Y$39,C5,(B5-1)*5+1)&"" | E5: =INDEX(①データ入力!$B$3:$Y$39,C5,(B5-1)*5+2)&"" | F5: =IF(OR(E5="1",E5="１",E5="男"),"男",IF(OR(E5="2",E5="２",E5="女"),"女","")) | G5: =INDEX(①データ入力!$B$3:$Y$39,C5,(B5-1)*5+3) -> 0 | H5: =INDEX(①データ入力!$B$3:$Y$39,C5,(B5-1)*5+4)&"" | I5: =IF(LEFT(TRIM(H5),1)="赤","赤",IF(LEFT(TRIM(H5),1)="白","白","")) | J5: =IF(AND(D5<>"",F5<>"",I5<>"",ISNUMBER(G5)),F5&I5,"") | K5: =IF(J5="","",COUNTIFS($J$2:$J$186,J5,$G$2:$G$186,"<"&G5)+COUNTIFS($J$2:$J$186,J5,$G$2:$G$186,G5,$A$2:$A$186,"<"&A5)+1) | L5: =IF(J5="","",J5&K5) | M5: =B5&"組" -> 1組 | N5: =IF(AND(D5<>"",J5=""),1,0) -> 0 | P5: 女白 | Q5: =COUNTIF($J$2:$J$186,P5) -> 0
A6: =ROW()-1 -> 5 | B6: =INT((A6-1)/37)+1 -> 1 | C6: =MOD(A6-1,37)+1 -> 5 | D6: =INDEX(①データ入力!$B$3:$Y$39,C6,(B6-1)*5+1)&"" | E6: =INDEX(①データ入力!$B$3:$Y$39,C6,(B6-1)*5+2)&"" | F6: =IF(OR(E6="1",E6="１",E6="男"),"男",IF(OR(E6="2",E6="２",E6="女"),"女","")) | G6: =INDEX(①データ入力!$B$3:$Y$39,C6,(B6-1)*5+3) -> 0 | H6: =INDEX(①データ入力!$B$3:$Y$39,C6,(B6-1)*5+4)&"" | I6: =IF(LEFT(TRIM(H6),1)="赤","赤",IF(LEFT(TRIM(H6),1)="白","白","")) | J6: =IF(AND(D6<>"",F6<>"",I6<>"",ISNUMBER(G6)),F6&I6,"") | K6: =IF(J6="","",COUNTIFS($J$2:$J$186,J6,$G$2:$G$186,"<"&G6)+COUNTIFS($J$2:$J$186,J6,$G$2:$G$186,G6,$A$2:$A$186,"<"&A6)+1) | L6: =IF(J6="","",J6&K6) | M6: =B6&"組" -> 1組 | N6: =IF(AND(D6<>"",J6=""),1,0) -> 0 | P6: 入力不足 | Q6: =SUM($N$2:$N$186) -> 0
A7: =ROW()-1 -> 6 | B7: =INT((A7-1)/37)+1 -> 1 | C7: =MOD(A7-1,37)+1 -> 6 | D7: =INDEX(①データ入力!$B$3:$Y$39,C7,(B7-1)*5+1)&"" | E7: =INDEX(①データ入力!$B$3:$Y$39,C7,(B7-1)*5+2)&"" | F7: =IF(OR(E7="1",E7="１",E7="男"),"男",IF(OR(E7="2",E7="２",E7="女"),"女","")) | G7: =INDEX(①データ入力!$B$3:$Y$39,C7,(B7-1)*5+3) -> 0 | H7: =INDEX(①データ入力!$B$3:$Y$39,C7,(B7-1)*5+4)&"" | I7: =IF(LEFT(TRIM(H7),1)="赤","赤",IF(LEFT(TRIM(H7),1)="白","白","")) | J7: =IF(AND(D7<>"",F7<>"",I7<>"",ISNUMBER(G7)),F7&I7,"") | K7: =IF(J7="","",COUNTIFS($J$2:$J$186,J7,$G$2:$G$186,"<"&G7)+COUNTIFS($J$2:$J$186,J7,$G$2:$G$186,G7,$A$2:$A$186,"<"&A7)+1) | L7: =IF(J7="","",J7&K7) | M7: =B7&"組" -> 1組 | N7: =IF(AND(D7<>"",J7=""),1,0) -> 0
A8: =ROW()-1 -> 7 | B8: =INT((A8-1)/37)+1 -> 1 | C8: =MOD(A8-1,37)+1 -> 7 | D8: =INDEX(①データ入力!$B$3:$Y$39,C8,(B8-1)*5+1)&"" | E8: =INDEX(①データ入力!$B$3:$Y$39,C8,(B8-1)*5+2)&"" | F8: =IF(OR(E8="1",E8="１",E8="男"),"男",IF(OR(E8="2",E8="２",E8="女"),"女","")) | G8: =INDEX(①データ入力!$B$3:$Y$39,C8,(B8-1)*5+3) -> 0 | H8: =INDEX(①データ入力!$B$3:$Y$39,C8,(B8-1)*5+4)&"" | I8: =IF(LEFT(TRIM(H8),1)="赤","赤",IF(LEFT(TRIM(H8),1)="白","白","")) | J8: =IF(AND(D8<>"",F8<>"",I8<>"",ISNUMBER(G8)),F8&I8,"") | K8: =IF(J8="","",COUNTIFS($J$2:$J$186,J8,$G$2:$G$186,"<"&G8)+COUNTIFS($J$2:$J$186,J8,$G$2:$G$186,G8,$A$2:$A$186,"<"&A8)+1) | L8: =IF(J8="","",J8&K8) | M8: =B8&"組" -> 1組 | N8: =IF(AND(D8<>"",J8=""),1,0) -> 0 | P8: ※このシートは自動計算用です。触らないでください。
A9: =ROW()-1 -> 8 | B9: =INT((A9-1)/37)+1 -> 1 | C9: =MOD(A9-1,37)+1 -> 8 | D9: =INDEX(①データ入力!$B$3:$Y$39,C9,(B9-1)*5+1)&"" | E9: =INDEX(①データ入力!$B$3:$Y$39,C9,(B9-1)*5+2)&"" | F9: =IF(OR(E9="1",E9="１",E9="男"),"男",IF(OR(E9="2",E9="２",E9="女"),"女","")) | G9: =INDEX(①データ入力!$B$3:$Y$39,C9,(B9-1)*5+3) -> 0 | H9: =INDEX(①データ入力!$B$3:$Y$39,C9,(B9-1)*5+4)&"" | I9: =IF(LEFT(TRIM(H9),1)="赤","赤",IF(LEFT(TRIM(H9),1)="白","白","")) | J9: =IF(AND(D9<>"",F9<>"",I9<>"",ISNUMBER(G9)),F9&I9,"") | K9: =IF(J9="","",COUNTIFS($J$2:$J$186,J9,$G$2:$G$186,"<"&G9)+COUNTIFS($J$2:$J$186,J9,$G$2:$G$186,G9,$A$2:$A$186,"<"&A9)+1) | L9: =IF(J9="","",J9&K9) | M9: =B9&"組" -> 1組 | N9: =IF(AND(D9<>"",J9=""),1,0) -> 0
A10: =ROW()-1 -> 9 | B10: =INT((A10-1)/37)+1 -> 1 | C10: =MOD(A10-1,37)+1 -> 9 | D10: =INDEX(①データ入力!$B$3:$Y$39,C10,(B10-1)*5+1)&"" | E10: =INDEX(①データ入力!$B$3:$Y$39,C10,(B10-1)*5+2)&"" | F10: =IF(OR(E10="1",E10="１",E10="男"),"男",IF(OR(E10="2",E10="２",E10="女"),"女","")) | G10: =INDEX(①データ入力!$B$3:$Y$39,C10,(B10-1)*5+3) -> 0 | H10: =INDEX(①データ入力!$B$3:$Y$39,C10,(B10-1)*5+4)&"" | I10: =IF(LEFT(TRIM(H10),1)="赤","赤",IF(LEFT(TRIM(H10),1)="白","白","")) | J10: =IF(AND(D10<>"",F10<>"",I10<>"",ISNUMBER(G10)),F10&I10,"") | K10: =IF(J10="","",COUNTIFS($J$2:$J$186,J10,$G$2:$G$186,"<"&G10)+COUNTIFS($J$2:$J$186,J10,$G$2:$G$186,G10,$A$2:$A$186,"<"&A10)+1) | L10: =IF(J10="","",J10&K10) | M10: =B10&"組" -> 1組 | N10: =IF(AND(D10<>"",J10=""),1,0) -> 0
A11: =ROW()-1 -> 10 | B11: =INT((A11-1)/37)+1 -> 1 | C11: =MOD(A11-1,37)+1 -> 10 | D11: =INDEX(①データ入力!$B$3:$Y$39,C11,(B11-1)*5+1)&"" | E11: =INDEX(①データ入力!$B$3:$Y$39,C11,(B11-1)*5+2)&"" | F11: =IF(OR(E11="1",E11="１",E11="男"),"男",IF(OR(E11="2",E11="２",E11="女"),"女","")) | G11: =INDEX(①データ入力!$B$3:$Y$39,C11,(B11-1)*5+3) -> 0 | H11: =INDEX(①データ入力!$B$3:$Y$39,C11,(B11-1)*5+4)&"" | I11: =IF(LEFT(TRIM(H11),1)="赤","赤",IF(LEFT(TRIM(H11),1)="白","白","")) | J11: =IF(AND(D11<>"",F11<>"",I11<>"",ISNUMBER(G11)),F11&I11,"") | K11: =IF(J11="","",COUNTIFS($J$2:$J$186,J11,$G$2:$G$186,"<"&G11)+COUNTIFS($J$2:$J$186,J11,$G$2:$G$186,G11,$A$2:$A$186,"<"&A11)+1) | L11: =IF(J11="","",J11&K11) | M11: =B11&"組" -> 1組 | N11: =IF(AND(D11<>"",J11=""),1,0) -> 0
A12: =ROW()-1 -> 11 | B12: =INT((A12-1)/37)+1 -> 1 | C12: =MOD(A12-1,37)+1 -> 11 | D12: =INDEX(①データ入力!$B$3:$Y$39,C12,(B12-1)*5+1)&"" | E12: =INDEX(①データ入力!$B$3:$Y$39,C12,(B12-1)*5+2)&"" | F12: =IF(OR(E12="1",E12="１",E12="男"),"男",IF(OR(E12="2",E12="２",E12="女"),"女","")) | G12: =INDEX(①データ入力!$B$3:$Y$39,C12,(B12-1)*5+3) -> 0 | H12: =INDEX(①データ入力!$B$3:$Y$39,C12,(B12-1)*5+4)&"" | I12: =IF(LEFT(TRIM(H12),1)="赤","赤",IF(LEFT(TRIM(H12),1)="白","白","")) | J12: =IF(AND(D12<>"",F12<>"",I12<>"",ISNUMBER(G12)),F12&I12,"") | K12: =IF(J12="","",COUNTIFS($J$2:$J$186,J12,$G$2:$G$186,"<"&G12)+COUNTIFS($J$2:$J$186,J12,$G$2:$G$186,G12,$A$2:$A$186,"<"&A12)+1) | L12: =IF(J12="","",J12&K12) | M12: =B12&"組" -> 1組 | N12: =IF(AND(D12<>"",J12=""),1,0) -> 0
A13: =ROW()-1 -> 12 | B13: =INT((A13-1)/37)+1 -> 1 | C13: =MOD(A13-1,37)+1 -> 12 | D13: =INDEX(①データ入力!$B$3:$Y$39,C13,(B13-1)*5+1)&"" | E13: =INDEX(①データ入力!$B$3:$Y$39,C13,(B13-1)*5+2)&"" | F13: =IF(OR(E13="1",E13="１",E13="男"),"男",IF(OR(E13="2",E13="２",E13="女"),"女","")) | G13: =INDEX(①データ入力!$B$3:$Y$39,C13,(B13-1)*5+3) -> 0 | H13: =INDEX(①データ入力!$B$3:$Y$39,C13,(B13-1)*5+4)&"" | I13: =IF(LEFT(TRIM(H13),1)="赤","赤",IF(LEFT(TRIM(H13),1)="白","白","")) | J13: =IF(AND(D13<>"",F13<>"",I13<>"",ISNUMBER(G13)),F13&I13,"") | K13: =IF(J13="","",COUNTIFS($J$2:$J$186,J13,$G$2:$G$186,"<"&G13)+COUNTIFS($J$2:$J$186,J13,$G$2:$G$186,G13,$A$2:$A$186,"<"&A13)+1) | L13: =IF(J13="","",J13&K13) | M13: =B13&"組" -> 1組 | N13: =IF(AND(D13<>"",J13=""),1,0) -> 0
A14: =ROW()-1 -> 13 | B14: =INT((A14-1)/37)+1 -> 1 | C14: =MOD(A14-1,37)+1 -> 13 | D14: =INDEX(①データ入力!$B$3:$Y$39,C14,(B14-1)*5+1)&"" | E14: =INDEX(①データ入力!$B$3:$Y$39,C14,(B14-1)*5+2)&"" | F14: =IF(OR(E14="1",E14="１",E14="男"),"男",IF(OR(E14="2",E14="２",E14="女"),"女","")) | G14: =INDEX(①データ入力!$B$3:$Y$39,C14,(B14-1)*5+3) -> 0 | H14: =INDEX(①データ入力!$B$3:$Y$39,C14,(B14-1)*5+4)&"" | I14: =IF(LEFT(TRIM(H14),1)="赤","赤",IF(LEFT(TRIM(H14),1)="白","白","")) | J14: =IF(AND(D14<>"",F14<>"",I14<>"",ISNUMBER(G14)),F14&I14,"") | K14: =IF(J14="","",COUNTIFS($J$2:$J$186,J14,$G$2:$G$186,"<"&G14)+COUNTIFS($J$2:$J$186,J14,$G$2:$G$186,G14,$A$2:$A$186,"<"&A14)+1) | L14: =IF(J14="","",J14&K14) | M14: =B14&"組" -> 1組 | N14: =IF(AND(D14<>"",J14=""),1,0) -> 0
A15: =ROW()-1 -> 14 | B15: =INT((A15-1)/37)+1 -> 1 | C15: =MOD(A15-1,37)+1 -> 14 | D15: =INDEX(①データ入力!$B$3:$Y$39,C15,(B15-1)*5+1)&"" | E15: =INDEX(①データ入力!$B$3:$Y$39,C15,(B15-1)*5+2)&"" | F15: =IF(OR(E15="1",E15="１",E15="男"),"男",IF(OR(E15="2",E15="２",E15="女"),"女","")) | G15: =INDEX(①データ入力!$B$3:$Y$39,C15,(B15-1)*5+3) -> 0 | H15: =INDEX(①データ入力!$B$3:$Y$39,C15,(B15-1)*5+4)&"" | I15: =IF(LEFT(TRIM(H15),1)="赤","赤",IF(LEFT(TRIM(H15),1)="白","白","")) | J15: =IF(AND(D15<>"",F15<>"",I15<>"",ISNUMBER(G15)),F15&I15,"") | K15: =IF(J15="","",COUNTIFS($J$2:$J$186,J15,$G$2:$G$186,"<"&G15)+COUNTIFS($J$2:$J$186,J15,$G$2:$G$186,G15,$A$2:$A$186,"<"&A15)+1) | L15: =IF(J15="","",J15&K15) | M15: =B15&"組" -> 1組 | N15: =IF(AND(D15<>"",J15=""),1,0) -> 0
A16: =ROW()-1 -> 15 | B16: =INT((A16-1)/37)+1 -> 1 | C16: =MOD(A16-1,37)+1 -> 15 | D16: =INDEX(①データ入力!$B$3:$Y$39,C16,(B16-1)*5+1)&"" | E16: =INDEX(①データ入力!$B$3:$Y$39,C16,(B16-1)*5+2)&"" | F16: =IF(OR(E16="1",E16="１",E16="男"),"男",IF(OR(E16="2",E16="２",E16="女"),"女","")) | G16: =INDEX(①データ入力!$B$3:$Y$39,C16,(B16-1)*5+3) -> 0 | H16: =INDEX(①データ入力!$B$3:$Y$39,C16,(B16-1)*5+4)&"" | I16: =IF(LEFT(TRIM(H16),1)="赤","赤",IF(LEFT(TRIM(H16),1)="白","白","")) | J16: =IF(AND(D16<>"",F16<>"",I16<>"",ISNUMBER(G16)),F16&I16,"") | K16: =IF(J16="","",COUNTIFS($J$2:$J$186,J16,$G$2:$G$186,"<"&G16)+COUNTIFS($J$2:$J$186,J16,$G$2:$G$186,G16,$A$2:$A$186,"<"&A16)+1) | L16: =IF(J16="","",J16&K16) | M16: =B16&"組" -> 1組 | N16: =IF(AND(D16<>"",J16=""),1,0) -> 0
A17: =ROW()-1 -> 16 | B17: =INT((A17-1)/37)+1 -> 1 | C17: =MOD(A17-1,37)+1 -> 16 | D17: =INDEX(①データ入力!$B$3:$Y$39,C17,(B17-1)*5+1)&"" | E17: =INDEX(①データ入力!$B$3:$Y$39,C17,(B17-1)*5+2)&"" | F17: =IF(OR(E17="1",E17="１",E17="男"),"男",IF(OR(E17="2",E17="２",E17="女"),"女","")) | G17: =INDEX(①データ入力!$B$3:$Y$39,C17,(B17-1)*5+3) -> 0 | H17: =INDEX(①データ入力!$B$3:$Y$39,C17,(B17-1)*5+4)&"" | I17: =IF(LEFT(TRIM(H17),1)="赤","赤",IF(LEFT(TRIM(H17),1)="白","白","")) | J17: =IF(AND(D17<>"",F17<>"",I17<>"",ISNUMBER(G17)),F17&I17,"") | K17: =IF(J17="","",COUNTIFS($J$2:$J$186,J17,$G$2:$G$186,"<"&G17)+COUNTIFS($J$2:$J$186,J17,$G$2:$G$186,G17,$A$2:$A$186,"<"&A17)+1) | L17: =IF(J17="","",J17&K17) | M17: =B17&"組" -> 1組 | N17: =IF(AND(D17<>"",J17=""),1,0) -> 0
A18: =ROW()-1 -> 17 | B18: =INT((A18-1)/37)+1 -> 1 | C18: =MOD(A18-1,37)+1 -> 17 | D18: =INDEX(①データ入力!$B$3:$Y$39,C18,(B18-1)*5+1)&"" | E18: =INDEX(①データ入力!$B$3:$Y$39,C18,(B18-1)*5+2)&"" | F18: =IF(OR(E18="1",E18="１",E18="男"),"男",IF(OR(E18="2",E18="２",E18="女"),"女","")) | G18: =INDEX(①データ入力!$B$3:$Y$39,C18,(B18-1)*5+3) -> 0 | H18: =INDEX(①データ入力!$B$3:$Y$39,C18,(B18-1)*5+4)&"" | I18: =IF(LEFT(TRIM(H18),1)="赤","赤",IF(LEFT(TRIM(H18),1)="白","白","")) | J18: =IF(AND(D18<>"",F18<>"",I18<>"",ISNUMBER(G18)),F18&I18,"") | K18: =IF(J18="","",COUNTIFS($J$2:$J$186,J18,$G$2:$G$186,"<"&G18)+COUNTIFS($J$2:$J$186,J18,$G$2:$G$186,G18,$A$2:$A$186,"<"&A18)+1) | L18: =IF(J18="","",J18&K18) | M18: =B18&"組" -> 1組 | N18: =IF(AND(D18<>"",J18=""),1,0) -> 0
A19: =ROW()-1 -> 18 | B19: =INT((A19-1)/37)+1 -> 1 | C19: =MOD(A19-1,37)+1 -> 18 | D19: =INDEX(①データ入力!$B$3:$Y$39,C19,(B19-1)*5+1)&"" | E19: =INDEX(①データ入力!$B$3:$Y$39,C19,(B19-1)*5+2)&"" | F19: =IF(OR(E19="1",E19="１",E19="男"),"男",IF(OR(E19="2",E19="２",E19="女"),"女","")) | G19: =INDEX(①データ入力!$B$3:$Y$39,C19,(B19-1)*5+3) -> 0 | H19: =INDEX(①データ入力!$B$3:$Y$39,C19,(B19-1)*5+4)&"" | I19: =IF(LEFT(TRIM(H19),1)="赤","赤",IF(LEFT(TRIM(H19),1)="白","白","")) | J19: =IF(AND(D19<>"",F19<>"",I19<>"",ISNUMBER(G19)),F19&I19,"") | K19: =IF(J19="","",COUNTIFS($J$2:$J$186,J19,$G$2:$G$186,"<"&G19)+COUNTIFS($J$2:$J$186,J19,$G$2:$G$186,G19,$A$2:$A$186,"<"&A19)+1) | L19: =IF(J19="","",J19&K19) | M19: =B19&"組" -> 1組 | N19: =IF(AND(D19<>"",J19=""),1,0) -> 0
A20: =ROW()-1 -> 19 | B20: =INT((A20-1)/37)+1 -> 1 | C20: =MOD(A20-1,37)+1 -> 19 | D20: =INDEX(①データ入力!$B$3:$Y$39,C20,(B20-1)*5+1)&"" | E20: =INDEX(①データ入力!$B$3:$Y$39,C20,(B20-1)*5+2)&"" | F20: =IF(OR(E20="1",E20="１",E20="男"),"男",IF(OR(E20="2",E20="２",E20="女"),"女","")) | G20: =INDEX(①データ入力!$B$3:$Y$39,C20,(B20-1)*5+3) -> 0 | H20: =INDEX(①データ入力!$B$3:$Y$39,C20,(B20-1)*5+4)&"" | I20: =IF(LEFT(TRIM(H20),1)="赤","赤",IF(LEFT(TRIM(H20),1)="白","白","")) | J20: =IF(AND(D20<>"",F20<>"",I20<>"",ISNUMBER(G20)),F20&I20,"") | K20: =IF(J20="","",COUNTIFS($J$2:$J$186,J20,$G$2:$G$186,"<"&G20)+COUNTIFS($J$2:$J$186,J20,$G$2:$G$186,G20,$A$2:$A$186,"<"&A20)+1) | L20: =IF(J20="","",J20&K20) | M20: =B20&"組" -> 1組 | N20: =IF(AND(D20<>"",J20=""),1,0) -> 0
... A186: =ROW()-1 -> 185 | B186: =INT((A186-1)/37)+1 -> 5 | C186: =MOD(A186-1,37)+1 -> 37 | D186: =INDEX(①データ入力!$B$3:$Y$39,C186,(B186-1)*5+1)&"" | E186: =INDEX(①データ入力!$B$3:$Y$39,C186,(B186-1)*5+2)&"" | F186: =IF(OR(E186="1",E186="１",E186="男"),"男",IF(OR(E186="2",E186="２",E186="女"),"女","")) | G186: =INDEX(①データ入力!$B$3:$Y$39,C186,(B186-1)*5+3) -> 0 | H186: =INDEX(①データ入力!$B$3:$Y$39,C186,(B186-1)*5+4)&"" | I186: =IF(LEFT(TRIM(H186),1)="赤","赤",IF(LEFT(TRIM(H186),1)="白","白","")) | J186: =IF(AND(D186<>"",F186<>"",I186<>"",ISNUMBER(G186)),F186&I186,"") | K186: =IF(J186="","",COUNTIFS($J$2:$J$186,J186,$G$2:$G$186,"<"&G186)+COUNTIFS($J$2:$J$186,J186,$G$2:$G$186,G186,$A$2:$A$186,"<"&A186)+1) | L186: =IF(J186="","",J186&K186) | M186: =B186&"組" -> 5組 | N186: =IF(AND(D186<>"",J186=""),1,0) -> 0
