Workbook

Sheet 入力シート
A1: 名前 | B1: 身長(cm) | C1: 男女 | D1: 自動の順番 | E1: 手動の順番 (入れ替えたい時だけ) | F1: 決定の順番 | G1: 男女別の順番 | H1: チェック | I1: 計算用 | K1: 使い方
D2: =IF(OR(A2="",B2=""),"",COUNTIF($B$2:$B$41,"<"&B2)+COUNTIF($B$2:B2,B2)) | F2: =IF(D2="","",IF(E2="",D2,E2)) | G2: =IF(OR(F2="",AND(C2<>"男",C2<>"女")),"",COUNTIFS($C$2:$C$41,C2,$F$2:$F$41,"<"&F2)+1) | H2: =IF(F2="","",IF(COUNTIF($F$2:$F$41,F2)>1,"⚠ 順番が重複",IF(F2>COUNT($F$2:$F$41),"⚠ 番号が大きすぎ",IF(G2="","男女が未入力","")))) | I2: =IF(G2="","",C2&G2) | K2: ① 黄色の「名前」「身長」「男女」を入れる（貼り付けOK・最大40人）
D3: =IF(OR(A3="",B3=""),"",COUNTIF($B$2:$B$41,"<"&B3)+COUNTIF($B$2:B3,B3)) | F3: =IF(D3="","",IF(E3="",D3,E3)) | G3: =IF(OR(F3="",AND(C3<>"男",C3<>"女")),"",COUNTIFS($C$2:$C$41,C3,$F$2:$F$41,"<"&F3)+1) | H3: =IF(F3="","",IF(COUNTIF($F$2:$F$41,F3)>1,"⚠ 順番が重複",IF(F3>COUNT($F$2:$F$41),"⚠ 番号が大きすぎ",IF(G3="","男女が未入力","")))) | I3: =IF(G3="","",C3&G3) | K3: ② 「1・2列」「4列」シートに背の順が自動でできる（上が前・下が前の両方）
D4: =IF(OR(A4="",B4=""),"",COUNTIF($B$2:$B$41,"<"&B4)+COUNTIF($B$2:B4,B4)) | F4: =IF(D4="","",IF(E4="",D4,E4)) | G4: =IF(OR(F4="",AND(C4<>"男",C4<>"女")),"",COUNTIFS($C$2:$C$41,C4,$F$2:$F$41,"<"&F4)+1) | H4: =IF(F4="","",IF(COUNTIF($F$2:$F$41,F4)>1,"⚠ 順番が重複",IF(F4>COUNT($F$2:$F$41),"⚠ 番号が大きすぎ",IF(G4="","男女が未入力","")))) | I4: =IF(G4="","",C4&G4) | K4: ③ 印刷したい並びの黄色いマスに ○ を入れる → 「印刷用」シートにまとまる
D5: =IF(OR(A5="",B5=""),"",COUNTIF($B$2:$B$41,"<"&B5)+COUNTIF($B$2:B5,B5)) | F5: =IF(D5="","",IF(E5="",D5,E5)) | G5: =IF(OR(F5="",AND(C5<>"男",C5<>"女")),"",COUNTIFS($C$2:$C$41,C5,$F$2:$F$41,"<"&F5)+1) | H5: =IF(F5="","",IF(COUNTIF($F$2:$F$41,F5)>1,"⚠ 順番が重複",IF(F5>COUNT($F$2:$F$41),"⚠ 番号が大きすぎ",IF(G5="","男女が未入力","")))) | I5: =IF(G5="","",C5&G5) | K5: 印刷用は A4 1枚：2列は2つまで、4列は4つまで
D6: =IF(OR(A6="",B6=""),"",COUNTIF($B$2:$B$41,"<"&B6)+COUNTIF($B$2:B6,B6)) | F6: =IF(D6="","",IF(E6="",D6,E6)) | G6: =IF(OR(F6="",AND(C6<>"男",C6<>"女")),"",COUNTIFS($C$2:$C$41,C6,$F$2:$F$41,"<"&F6)+1) | H6: =IF(F6="","",IF(COUNTIF($F$2:$F$41,F6)>1,"⚠ 順番が重複",IF(F6>COUNT($F$2:$F$41),"⚠ 番号が大きすぎ",IF(G6="","男女が未入力","")))) | I6: =IF(G6="","",C6&G6) | K6: ④ 入れ替えたい時は「手動の順番」に番号を入れる
D7: =IF(OR(A7="",B7=""),"",COUNTIF($B$2:$B$41,"<"&B7)+COUNTIF($B$2:B7,B7)) | F7: =IF(D7="","",IF(E7="",D7,E7)) | G7: =IF(OR(F7="",AND(C7<>"男",C7<>"女")),"",COUNTIFS($C$2:$C$41,C7,$F$2:$F$41,"<"&F7)+1) | H7: =IF(F7="","",IF(COUNTIF($F$2:$F$41,F7)>1,"⚠ 順番が重複",IF(F7>COUNT($F$2:$F$41),"⚠ 番号が大きすぎ",IF(G7="","男女が未入力","")))) | I7: =IF(G7="","",C7&G7) | K7: 例：5番と6番を入れ替える → 5番の子に 6、6番の子に 5
D8: =IF(OR(A8="",B8=""),"",COUNTIF($B$2:$B$41,"<"&B8)+COUNTIF($B$2:B8,B8)) | F8: =IF(D8="","",IF(E8="",D8,E8)) | G8: =IF(OR(F8="",AND(C8<>"男",C8<>"女")),"",COUNTIFS($C$2:$C$41,C8,$F$2:$F$41,"<"&F8)+1) | H8: =IF(F8="","",IF(COUNTIF($F$2:$F$41,F8)>1,"⚠ 順番が重複",IF(F8>COUNT($F$2:$F$41),"⚠ 番号が大きすぎ",IF(G8="","男女が未入力","")))) | I8: =IF(G8="","",C8&G8) | K8: 「チェック」に ⚠ が出たら番号が重なっています
D9: =IF(OR(A9="",B9=""),"",COUNTIF($B$2:$B$41,"<"&B9)+COUNTIF($B$2:B9,B9)) | F9: =IF(D9="","",IF(E9="",D9,E9)) | G9: =IF(OR(F9="",AND(C9<>"男",C9<>"女")),"",COUNTIFS($C$2:$C$41,C9,$F$2:$F$41,"<"&F9)+1) | H9: =IF(F9="","",IF(COUNTIF($F$2:$F$41,F9)>1,"⚠ 順番が重複",IF(F9>COUNT($F$2:$F$41),"⚠ 番号が大きすぎ",IF(G9="","男女が未入力","")))) | I9: =IF(G9="","",C9&G9) | K9: ※ 同じ身長の子は、上の行に書いた子が前になります
D10: =IF(OR(A10="",B10=""),"",COUNTIF($B$2:$B$41,"<"&B10)+COUNTIF($B$2:B10,B10)) | F10: =IF(D10="","",IF(E10="",D10,E10)) | G10: =IF(OR(F10="",AND(C10<>"男",C10<>"女")),"",COUNTIFS($C$2:$C$41,C10,$F$2:$F$41,"<"&F10)+1) | H10: =IF(F10="","",IF(COUNTIF($F$2:$F$41,F10)>1,"⚠ 順番が重複",IF(F10>COUNT($F$2:$F$41),"⚠ 番号が大きすぎ",IF(G10="","男女が未入力","")))) | I10: =IF(G10="","",C10&G10) | K10: ※ 灰色のセルは自動計算です（さわらないでください）
D11: =IF(OR(A11="",B11=""),"",COUNTIF($B$2:$B$41,"<"&B11)+COUNTIF($B$2:B11,B11)) | F11: =IF(D11="","",IF(E11="",D11,E11)) | G11: =IF(OR(F11="",AND(C11<>"男",C11<>"女")),"",COUNTIFS($C$2:$C$41,C11,$F$2:$F$41,"<"&F11)+1) | H11: =IF(F11="","",IF(COUNTIF($F$2:$F$41,F11)>1,"⚠ 順番が重複",IF(F11>COUNT($F$2:$F$41),"⚠ 番号が大きすぎ",IF(G11="","男女が未入力","")))) | I11: =IF(G11="","",C11&G11)
D12: =IF(OR(A12="",B12=""),"",COUNTIF($B$2:$B$41,"<"&B12)+COUNTIF($B$2:B12,B12)) | F12: =IF(D12="","",IF(E12="",D12,E12)) | G12: =IF(OR(F12="",AND(C12<>"男",C12<>"女")),"",COUNTIFS($C$2:$C$41,C12,$F$2:$F$41,"<"&F12)+1) | H12: =IF(F12="","",IF(COUNTIF($F$2:$F$41,F12)>1,"⚠ 順番が重複",IF(F12>COUNT($F$2:$F$41),"⚠ 番号が大きすぎ",IF(G12="","男女が未入力","")))) | I12: =IF(G12="","",C12&G12)
D13: =IF(OR(A13="",B13=""),"",COUNTIF($B$2:$B$41,"<"&B13)+COUNTIF($B$2:B13,B13)) | F13: =IF(D13="","",IF(E13="",D13,E13)) | G13: =IF(OR(F13="",AND(C13<>"男",C13<>"女")),"",COUNTIFS($C$2:$C$41,C13,$F$2:$F$41,"<"&F13)+1) | H13: =IF(F13="","",IF(COUNTIF($F$2:$F$41,F13)>1,"⚠ 順番が重複",IF(F13>COUNT($F$2:$F$41),"⚠ 番号が大きすぎ",IF(G13="","男女が未入力","")))) | I13: =IF(G13="","",C13&G13) | K13: 入力した人数 | M13: =COUNT($F$2:$F$41)
D14: =IF(OR(A14="",B14=""),"",COUNTIF($B$2:$B$41,"<"&B14)+COUNTIF($B$2:B14,B14)) | F14: =IF(D14="","",IF(E14="",D14,E14)) | G14: =IF(OR(F14="",AND(C14<>"男",C14<>"女")),"",COUNTIFS($C$2:$C$41,C14,$F$2:$F$41,"<"&F14)+1) | H14: =IF(F14="","",IF(COUNTIF($F$2:$F$41,F14)>1,"⚠ 順番が重複",IF(F14>COUNT($F$2:$F$41),"⚠ 番号が大きすぎ",IF(G14="","男女が未入力","")))) | I14: =IF(G14="","",C14&G14) | K14: 男子 | M14: =COUNTIF($I$2:$I$41,"男*")
D15: =IF(OR(A15="",B15=""),"",COUNTIF($B$2:$B$41,"<"&B15)+COUNTIF($B$2:B15,B15)) | F15: =IF(D15="","",IF(E15="",D15,E15)) | G15: =IF(OR(F15="",AND(C15<>"男",C15<>"女")),"",COUNTIFS($C$2:$C$41,C15,$F$2:$F$41,"<"&F15)+1) | H15: =IF(F15="","",IF(COUNTIF($F$2:$F$41,F15)>1,"⚠ 順番が重複",IF(F15>COUNT($F$2:$F$41),"⚠ 番号が大きすぎ",IF(G15="","男女が未入力","")))) | I15: =IF(G15="","",C15&G15) | K15: 女子 | M15: =COUNTIF($I$2:$I$41,"女*")
D16: =IF(OR(A16="",B16=""),"",COUNTIF($B$2:$B$41,"<"&B16)+COUNTIF($B$2:B16,B16)) | F16: =IF(D16="","",IF(E16="",D16,E16)) | G16: =IF(OR(F16="",AND(C16<>"男",C16<>"女")),"",COUNTIFS($C$2:$C$41,C16,$F$2:$F$41,"<"&F16)+1) | H16: =IF(F16="","",IF(COUNTIF($F$2:$F$41,F16)>1,"⚠ 順番が重複",IF(F16>COUNT($F$2:$F$41),"⚠ 番号が大きすぎ",IF(G16="","男女が未入力","")))) | I16: =IF(G16="","",C16&G16) | K16: 男女が未入力 | M16: =M13-M14-M15
D17: =IF(OR(A17="",B17=""),"",COUNTIF($B$2:$B$41,"<"&B17)+COUNTIF($B$2:B17,B17)) | F17: =IF(D17="","",IF(E17="",D17,E17)) | G17: =IF(OR(F17="",AND(C17<>"男",C17<>"女")),"",COUNTIFS($C$2:$C$41,C17,$F$2:$F$41,"<"&F17)+1) | H17: =IF(F17="","",IF(COUNTIF($F$2:$F$41,F17)>1,"⚠ 順番が重複",IF(F17>COUNT($F$2:$F$41),"⚠ 番号が大きすぎ",IF(G17="","男女が未入力","")))) | I17: =IF(G17="","",C17&G17) | K17: 順番の重複 | M17: =IF(COUNTIF($H$2:$H$41,"⚠*")=0,"なし","あり（チェック欄を見てください）")
D18: =IF(OR(A18="",B18=""),"",COUNTIF($B$2:$B$41,"<"&B18)+COUNTIF($B$2:B18,B18)) | F18: =IF(D18="","",IF(E18="",D18,E18)) | G18: =IF(OR(F18="",AND(C18<>"男",C18<>"女")),"",COUNTIFS($C$2:$C$41,C18,$F$2:$F$41,"<"&F18)+1) | H18: =IF(F18="","",IF(COUNTIF($F$2:$F$41,F18)>1,"⚠ 順番が重複",IF(F18>COUNT($F$2:$F$41),"⚠ 番号が大きすぎ",IF(G18="","男女が未入力","")))) | I18: =IF(G18="","",C18&G18)
D19: =IF(OR(A19="",B19=""),"",COUNTIF($B$2:$B$41,"<"&B19)+COUNTIF($B$2:B19,B19)) | F19: =IF(D19="","",IF(E19="",D19,E19)) | G19: =IF(OR(F19="",AND(C19<>"男",C19<>"女")),"",COUNTIFS($C$2:$C$41,C19,$F$2:$F$41,"<"&F19)+1) | H19: =IF(F19="","",IF(COUNTIF($F$2:$F$41,F19)>1,"⚠ 順番が重複",IF(F19>COUNT($F$2:$F$41),"⚠ 番号が大きすぎ",IF(G19="","男女が未入力","")))) | I19: =IF(G19="","",C19&G19)
D20: =IF(OR(A20="",B20=""),"",COUNTIF($B$2:$B$41,"<"&B20)+COUNTIF($B$2:B20,B20)) | F20: =IF(D20="","",IF(E20="",D20,E20)) | G20: =IF(OR(F20="",AND(C20<>"男",C20<>"女")),"",COUNTIFS($C$2:$C$41,C20,$F$2:$F$41,"<"&F20)+1) | H20: =IF(F20="","",IF(COUNTIF($F$2:$F$41,F20)>1,"⚠ 順番が重複",IF(F20>COUNT($F$2:$F$41),"⚠ 番号が大きすぎ",IF(G20="","男女が未入力","")))) | I20: =IF(G20="","",C20&G20)
D21: =IF(OR(A21="",B21=""),"",COUNTIF($B$2:$B$41,"<"&B21)+COUNTIF($B$2:B21,B21)) | F21: =IF(D21="","",IF(E21="",D21,E21)) | G21: =IF(OR(F21="",AND(C21<>"男",C21<>"女")),"",COUNTIFS($C$2:$C$41,C21,$F$2:$F$41,"<"&F21)+1) | H21: =IF(F21="","",IF(COUNTIF($F$2:$F$41,F21)>1,"⚠ 順番が重複",IF(F21>COUNT($F$2:$F$41),"⚠ 番号が大きすぎ",IF(G21="","男女が未入力","")))) | I21: =IF(G21="","",C21&G21)
D22: =IF(OR(A22="",B22=""),"",COUNTIF($B$2:$B$41,"<"&B22)+COUNTIF($B$2:B22,B22)) | F22: =IF(D22="","",IF(E22="",D22,E22)) | G22: =IF(OR(F22="",AND(C22<>"男",C22<>"女")),"",COUNTIFS($C$2:$C$41,C22,$F$2:$F$41,"<"&F22)+1) | H22: =IF(F22="","",IF(COUNTIF($F$2:$F$41,F22)>1,"⚠ 順番が重複",IF(F22>COUNT($F$2:$F$41),"⚠ 番号が大きすぎ",IF(G22="","男女が未入力","")))) | I22: =IF(G22="","",C22&G22)
D23: =IF(OR(A23="",B23=""),"",COUNTIF($B$2:$B$41,"<"&B23)+COUNTIF($B$2:B23,B23)) | F23: =IF(D23="","",IF(E23="",D23,E23)) | G23: =IF(OR(F23="",AND(C23<>"男",C23<>"女")),"",COUNTIFS($C$2:$C$41,C23,$F$2:$F$41,"<"&F23)+1) | H23: =IF(F23="","",IF(COUNTIF($F$2:$F$41,F23)>1,"⚠ 順番が重複",IF(F23>COUNT($F$2:$F$41),"⚠ 番号が大きすぎ",IF(G23="","男女が未入力","")))) | I23: =IF(G23="","",C23&G23)
D24: =IF(OR(A24="",B24=""),"",COUNTIF($B$2:$B$41,"<"&B24)+COUNTIF($B$2:B24,B24)) | F24: =IF(D24="","",IF(E24="",D24,E24)) | G24: =IF(OR(F24="",AND(C24<>"男",C24<>"女")),"",COUNTIFS($C$2:$C$41,C24,$F$2:$F$41,"<"&F24)+1) | H24: =IF(F24="","",IF(COUNTIF($F$2:$F$41,F24)>1,"⚠ 順番が重複",IF(F24>COUNT($F$2:$F$41),"⚠ 番号が大きすぎ",IF(G24="","男女が未入力","")))) | I24: =IF(G24="","",C24&G24)
D25: =IF(OR(A25="",B25=""),"",COUNTIF($B$2:$B$41,"<"&B25)+COUNTIF($B$2:B25,B25)) | F25: =IF(D25="","",IF(E25="",D25,E25)) | G25: =IF(OR(F25="",AND(C25<>"男",C25<>"女")),"",COUNTIFS($C$2:$C$41,C25,$F$2:$F$41,"<"&F25)+1) | H25: =IF(F25="","",IF(COUNTIF($F$2:$F$41,F25)>1,"⚠ 順番が重複",IF(F25>COUNT($F$2:$F$41),"⚠ 番号が大きすぎ",IF(G25="","男女が未入力","")))) | I25: =IF(G25="","",C25&G25)
D26: =IF(OR(A26="",B26=""),"",COUNTIF($B$2:$B$41,"<"&B26)+COUNTIF($B$2:B26,B26)) | F26: =IF(D26="","",IF(E26="",D26,E26)) | G26: =IF(OR(F26="",AND(C26<>"男",C26<>"女")),"",COUNTIFS($C$2:$C$41,C26,$F$2:$F$41,"<"&F26)+1) | H26: =IF(F26="","",IF(COUNTIF($F$2:$F$41,F26)>1,"⚠ 順番が重複",IF(F26>COUNT($F$2:$F$41),"⚠ 番号が大きすぎ",IF(G26="","男女が未入力","")))) | I26: =IF(G26="","",C26&G26)
D27: =IF(OR(A27="",B27=""),"",COUNTIF($B$2:$B$41,"<"&B27)+COUNTIF($B$2:B27,B27)) | F27: =IF(D27="","",IF(E27="",D27,E27)) | G27: =IF(OR(F27="",AND(C27<>"男",C27<>"女")),"",COUNTIFS($C$2:$C$41,C27,$F$2:$F$41,"<"&F27)+1) | H27: =IF(F27="","",IF(COUNTIF($F$2:$F$41,F27)>1,"⚠ 順番が重複",IF(F27>COUNT($F$2:$F$41),"⚠ 番号が大きすぎ",IF(G27="","男女が未入力","")))) | I27: =IF(G27="","",C27&G27)
D28: =IF(OR(A28="",B28=""),"",COUNTIF($B$2:$B$41,"<"&B28)+COUNTIF($B$2:B28,B28)) | F28: =IF(D28="","",IF(E28="",D28,E28)) | G28: =IF(OR(F28="",AND(C28<>"男",C28<>"女")),"",COUNTIFS($C$2:$C$41,C28,$F$2:$F$41,"<"&F28)+1) | H28: =IF(F28="","",IF(COUNTIF($F$2:$F$41,F28)>1,"⚠ 順番が重複",IF(F28>COUNT($F$2:$F$41),"⚠ 番号が大きすぎ",IF(G28="","男女が未入力","")))) | I28: =IF(G28="","",C28&G28)
D29: =IF(OR(A29="",B29=""),"",COUNTIF($B$2:$B$41,"<"&B29)+COUNTIF($B$2:B29,B29)) | F29: =IF(D29="","",IF(E29="",D29,E29)) | G29: =IF(OR(F29="",AND(C29<>"男",C29<>"女")),"",COUNTIFS($C$2:$C$41,C29,$F$2:$F$41,"<"&F29)+1) | H29: =IF(F29="","",IF(COUNTIF($F$2:$F$41,F29)>1,"⚠ 順番が重複",IF(F29>COUNT($F$2:$F$41),"⚠ 番号が大きすぎ",IF(G29="","男女が未入力","")))) | I29: =IF(G29="","",C29&G29)
... D41: =IF(OR(A41="",B41=""),"",COUNTIF($B$2:$B$41,"<"&B41)+COUNTIF($B$2:B41,B41)) | F41: =IF(D41="","",IF(E41="",D41,E41)) | G41: =IF(OR(F41="",AND(C41<>"男",C41<>"女")),"",COUNTIFS($C$2:$C$41,C41,$F$2:$F$41,"<"&F41)+1) | H41: =IF(F41="","",IF(COUNTIF($F$2:$F$41,F41)>1,"⚠ 順番が重複",IF(F41>COUNT($F$2:$F$41),"⚠ 番号が大きすぎ",IF(G41="","男女が未入力","")))) | I41: =IF(G41="","",C41&G41)

Sheet 1・2列
A1: 背の順 1・2列
A2: 上が前・下が前を両方出しています。印刷したい並びの黄色いマスに ○ を入れると「印刷用」シートに出ます。
A4: 1列
B5: 上が前 | F5: 下が前
A7: =IF(0=1,"後ろ","前") | B7: =IF(ISNUMBER($A7),IFERROR(INDEX('入力シート'!$A$2:$A$41,MATCH($A7,'入力シート'!$F$2:$F$41,0)),""),"") | E7: =IF(1=1,"後ろ","前") | F7: =IF(ISNUMBER($E7),IFERROR(INDEX('入力シート'!$A$2:$A$41,MATCH($E7,'入力シート'!$F$2:$F$41,0)),""),"")
A8: =IF(1<='入力シート'!$M$13,IF(0=1,'入力シート'!$M$13+1-1,1),IF(1='入力シート'!$M$13+1,IF(0=1,"前","後ろ"),"")) | B8: =IF(ISNUMBER($A8),IFERROR(INDEX('入力シート'!$A$2:$A$41,MATCH($A8,'入力シート'!$F$2:$F$41,0)),""),"") | E8: =IF(1<='入力シート'!$M$13,IF(1=1,'入力シート'!$M$13+1-1,1),IF(1='入力シート'!$M$13+1,IF(1=1,"前","後ろ"),"")) | F8: =IF(ISNUMBER($E8),IFERROR(INDEX('入力シート'!$A$2:$A$41,MATCH($E8,'入力シート'!$F$2:$F$41,0)),""),"")
A9: =IF(2<='入力シート'!$M$13,IF(0=1,'入力シート'!$M$13+1-2,2),IF(2='入力シート'!$M$13+1,IF(0=1,"前","後ろ"),"")) | B9: =IF(ISNUMBER($A9),IFERROR(INDEX('入力シート'!$A$2:$A$41,MATCH($A9,'入力シート'!$F$2:$F$41,0)),""),"") | E9: =IF(2<='入力シート'!$M$13,IF(1=1,'入力シート'!$M$13+1-2,2),IF(2='入力シート'!$M$13+1,IF(1=1,"前","後ろ"),"")) | F9: =IF(ISNUMBER($E9),IFERROR(INDEX('入力シート'!$A$2:$A$41,MATCH($E9,'入力シート'!$F$2:$F$41,0)),""),"")
A10: =IF(3<='入力シート'!$M$13,IF(0=1,'入力シート'!$M$13+1-3,3),IF(3='入力シート'!$M$13+1,IF(0=1,"前","後ろ"),"")) | B10: =IF(ISNUMBER($A10),IFERROR(INDEX('入力シート'!$A$2:$A$41,MATCH($A10,'入力シート'!$F$2:$F$41,0)),""),"") | E10: =IF(3<='入力シート'!$M$13,IF(1=1,'入力シート'!$M$13+1-3,3),IF(3='入力シート'!$M$13+1,IF(1=1,"前","後ろ"),"")) | F10: =IF(ISNUMBER($E10),IFERROR(INDEX('入力シート'!$A$2:$A$41,MATCH($E10,'入力シート'!$F$2:$F$41,0)),""),"")
A11: =IF(4<='入力シート'!$M$13,IF(0=1,'入力シート'!$M$13+1-4,4),IF(4='入力シート'!$M$13+1,IF(0=1,"前","後ろ"),"")) | B11: =IF(ISNUMBER($A11),IFERROR(INDEX('入力シート'!$A$2:$A$41,MATCH($A11,'入力シート'!$F$2:$F$41,0)),""),"") | E11: =IF(4<='入力シート'!$M$13,IF(1=1,'入力シート'!$M$13+1-4,4),IF(4='入力シート'!$M$13+1,IF(1=1,"前","後ろ"),"")) | F11: =IF(ISNUMBER($E11),IFERROR(INDEX('入力シート'!$A$2:$A$41,MATCH($E11,'入力シート'!$F$2:$F$41,0)),""),"")
A12: =IF(5<='入力シート'!$M$13,IF(0=1,'入力シート'!$M$13+1-5,5),IF(5='入力シート'!$M$13+1,IF(0=1,"前","後ろ"),"")) | B12: =IF(ISNUMBER($A12),IFERROR(INDEX('入力シート'!$A$2:$A$41,MATCH($A12,'入力シート'!$F$2:$F$41,0)),""),"") | E12: =IF(5<='入力シート'!$M$13,IF(1=1,'入力シート'!$M$13+1-5,5),IF(5='入力シート'!$M$13+1,IF(1=1,"前","後ろ"),"")) | F12: =IF(ISNUMBER($E12),IFERROR(INDEX('入力シート'!$A$2:$A$41,MATCH($E12,'入力シート'!$F$2:$F$41,0)),""),"")
A13: =IF(6<='入力シート'!$M$13,IF(0=1,'入力シート'!$M$13+1-6,6),IF(6='入力シート'!$M$13+1,IF(0=1,"前","後ろ"),"")) | B13: =IF(ISNUMBER($A13),IFERROR(INDEX('入力シート'!$A$2:$A$41,MATCH($A13,'入力シート'!$F$2:$F$41,0)),""),"") | E13: =IF(6<='入力シート'!$M$13,IF(1=1,'入力シート'!$M$13+1-6,6),IF(6='入力シート'!$M$13+1,IF(1=1,"前","後ろ"),"")) | F13: =IF(ISNUMBER($E13),IFERROR(INDEX('入力シート'!$A$2:$A$41,MATCH($E13,'入力シート'!$F$2:$F$41,0)),""),"")
A14: =IF(7<='入力シート'!$M$13,IF(0=1,'入力シート'!$M$13+1-7,7),IF(7='入力シート'!$M$13+1,IF(0=1,"前","後ろ"),"")) | B14: =IF(ISNUMBER($A14),IFERROR(INDEX('入力シート'!$A$2:$A$41,MATCH($A14,'入力シート'!$F$2:$F$41,0)),""),"") | E14: =IF(7<='入力シート'!$M$13,IF(1=1,'入力シート'!$M$13+1-7,7),IF(7='入力シート'!$M$13+1,IF(1=1,"前","後ろ"),"")) | F14: =IF(ISNUMBER($E14),IFERROR(INDEX('入力シート'!$A$2:$A$41,MATCH($E14,'入力シート'!$F$2:$F$41,0)),""),"")
A15: =IF(8<='入力シート'!$M$13,IF(0=1,'入力シート'!$M$13+1-8,8),IF(8='入力シート'!$M$13+1,IF(0=1,"前","後ろ"),"")) | B15: =IF(ISNUMBER($A15),IFERROR(INDEX('入力シート'!$A$2:$A$41,MATCH($A15,'入力シート'!$F$2:$F$41,0)),""),"") | E15: =IF(8<='入力シート'!$M$13,IF(1=1,'入力シート'!$M$13+1-8,8),IF(8='入力シート'!$M$13+1,IF(1=1,"前","後ろ"),"")) | F15: =IF(ISNUMBER($E15),IFERROR(INDEX('入力シート'!$A$2:$A$41,MATCH($E15,'入力シート'!$F$2:$F$41,0)),""),"")
A16: =IF(9<='入力シート'!$M$13,IF(0=1,'入力シート'!$M$13+1-9,9),IF(9='入力シート'!$M$13+1,IF(0=1,"前","後ろ"),"")) | B16: =IF(ISNUMBER($A16),IFERROR(INDEX('入力シート'!$A$2:$A$41,MATCH($A16,'入力シート'!$F$2:$F$41,0)),""),"") | E16: =IF(9<='入力シート'!$M$13,IF(1=1,'入力シート'!$M$13+1-9,9),IF(9='入力シート'!$M$13+1,IF(1=1,"前","後ろ"),"")) | F16: =IF(ISNUMBER($E16),IFERROR(INDEX('入力シート'!$A$2:$A$41,MATCH($E16,'入力シート'!$F$2:$F$41,0)),""),"")
A17: =IF(10<='入力シート'!$M$13,IF(0=1,'入力シート'!$M$13+1-10,10),IF(10='入力シート'!$M$13+1,IF(0=1,"前","後ろ"),"")) | B17: =IF(ISNUMBER($A17),IFERROR(INDEX('入力シート'!$A$2:$A$41,MATCH($A17,'入力シート'!$F$2:$F$41,0)),""),"") | E17: =IF(10<='入力シート'!$M$13,IF(1=1,'入力シート'!$M$13+1-10,10),IF(10='入力シート'!$M$13+1,IF(1=1,"前","後ろ"),"")) | F17: =IF(ISNUMBER($E17),IFERROR(INDEX('入力シート'!$A$2:$A$41,MATCH($E17,'入力シート'!$F$2:$F$41,0)),""),"")
A18: =IF(11<='入力シート'!$M$13,IF(0=1,'入力シート'!$M$13+1-11,11),IF(11='入力シート'!$M$13+1,IF(0=1,"前","後ろ"),"")) | B18: =IF(ISNUMBER($A18),IFERROR(INDEX('入力シート'!$A$2:$A$41,MATCH($A18,'入力シート'!$F$2:$F$41,0)),""),"") | E18: =IF(11<='入力シート'!$M$13,IF(1=1,'入力シート'!$M$13+1-11,11),IF(11='入力シート'!$M$13+1,IF(1=1,"前","後ろ"),"")) | F18: =IF(ISNUMBER($E18),IFERROR(INDEX('入力シート'!$A$2:$A$41,MATCH($E18,'入力シート'!$F$2:$F$41,0)),""),"")
A19: =IF(12<='入力シート'!$M$13,IF(0=1,'入力シート'!$M$13+1-12,12),IF(12='入力シート'!$M$13+1,IF(0=1,"前","後ろ"),"")) | B19: =IF(ISNUMBER($A19),IFERROR(INDEX('入力シート'!$A$2:$A$41,MATCH($A19,'入力シート'!$F$2:$F$41,0)),""),"") | E19: =IF(12<='入力シート'!$M$13,IF(1=1,'入力シート'!$M$13+1-12,12),IF(12='入力シート'!$M$13+1,IF(1=1,"前","後ろ"),"")) | F19: =IF(ISNUMBER($E19),IFERROR(INDEX('入力シート'!$A$2:$A$41,MATCH($E19,'入力シート'!$F$2:$F$41,0)),""),"")
A20: =IF(13<='入力シート'!$M$13,IF(0=1,'入力シート'!$M$13+1-13,13),IF(13='入力シート'!$M$13+1,IF(0=1,"前","後ろ"),"")) | B20: =IF(ISNUMBER($A20),IFERROR(INDEX('入力シート'!$A$2:$A$41,MATCH($A20,'入力シート'!$F$2:$F$41,0)),""),"") | E20: =IF(13<='入力シート'!$M$13,IF(1=1,'入力シート'!$M$13+1-13,13),IF(13='入力シート'!$M$13+1,IF(1=1,"前","後ろ"),"")) | F20: =IF(ISNUMBER($E20),IFERROR(INDEX('入力シート'!$A$2:$A$41,MATCH($E20,'入力シート'!$F$2:$F$41,0)),""),"")
A21: =IF(14<='入力シート'!$M$13,IF(0=1,'入力シート'!$M$13+1-14,14),IF(14='入力シート'!$M$13+1,IF(0=1,"前","後ろ"),"")) | B21: =IF(ISNUMBER($A21),IFERROR(INDEX('入力シート'!$A$2:$A$41,MATCH($A21,'入力シート'!$F$2:$F$41,0)),""),"") | E21: =IF(14<='入力シート'!$M$13,IF(1=1,'入力シート'!$M$13+1-14,14),IF(14='入力シート'!$M$13+1,IF(1=1,"前","後ろ"),"")) | F21: =IF(ISNUMBER($E21),IFERROR(INDEX('入力シート'!$A$2:$A$41,MATCH($E21,'入力シート'!$F$2:$F$41,0)),""),"")
A22: =IF(15<='入力シート'!$M$13,IF(0=1,'入力シート'!$M$13+1-15,15),IF(15='入力シート'!$M$13+1,IF(0=1,"前","後ろ"),"")) | B22: =IF(ISNUMBER($A22),IFERROR(INDEX('入力シート'!$A$2:$A$41,MATCH($A22,'入力シート'!$F$2:$F$41,0)),""),"") | E22: =IF(15<='入力シート'!$M$13,IF(1=1,'入力シート'!$M$13+1-15,15),IF(15='入力シート'!$M$13+1,IF(1=1,"前","後ろ"),"")) | F22: =IF(ISNUMBER($E22),IFERROR(INDEX('入力シート'!$A$2:$A$41,MATCH($E22,'入力シート'!$F$2:$F$41,0)),""),"")
A23: =IF(16<='入力シート'!$M$13,IF(0=1,'入力シート'!$M$13+1-16,16),IF(16='入力シート'!$M$13+1,IF(0=1,"前","後ろ"),"")) | B23: =IF(ISNUMBER($A23),IFERROR(INDEX('入力シート'!$A$2:$A$41,MATCH($A23,'入力シート'!$F$2:$F$41,0)),""),"") | E23: =IF(16<='入力シート'!$M$13,IF(1=1,'入力シート'!$M$13+1-16,16),IF(16='入力シート'!$M$13+1,IF(1=1,"前","後ろ"),"")) | F23: =IF(ISNUMBER($E23),IFERROR(INDEX('入力シート'!$A$2:$A$41,MATCH($E23,'入力シート'!$F$2:$F$41,0)),""),"")
A24: =IF(17<='入力シート'!$M$13,IF(0=1,'入力シート'!$M$13+1-17,17),IF(17='入力シート'!$M$13+1,IF(0=1,"前","後ろ"),"")) | B24: =IF(ISNUMBER($A24),IFERROR(INDEX('入力シート'!$A$2:$A$41,MATCH($A24,'入力シート'!$F$2:$F$41,0)),""),"") | E24: =IF(17<='入力シート'!$M$13,IF(1=1,'入力シート'!$M$13+1-17,17),IF(17='入力シート'!$M$13+1,IF(1=1,"前","後ろ"),"")) | F24: =IF(ISNUMBER($E24),IFERROR(INDEX('入力シート'!$A$2:$A$41,MATCH($E24,'入力シート'!$F$2:$F$41,0)),""),"")
A25: =IF(18<='入力シート'!$M$13,IF(0=1,'入力シート'!$M$13+1-18,18),IF(18='入力シート'!$M$13+1,IF(0=1,"前","後ろ"),"")) | B25: =IF(ISNUMBER($A25),IFERROR(INDEX('入力シート'!$A$2:$A$41,MATCH($A25,'入力シート'!$F$2:$F$41,0)),""),"") | E25: =IF(18<='入力シート'!$M$13,IF(1=1,'入力シート'!$M$13+1-18,18),IF(18='入力シート'!$M$13+1,IF(1=1,"前","後ろ"),"")) | F25: =IF(ISNUMBER($E25),IFERROR(INDEX('入力シート'!$A$2:$A$41,MATCH($E25,'入力シート'!$F$2:$F$41,0)),""),"")
A26: =IF(19<='入力シート'!$M$13,IF(0=1,'入力シート'!$M$13+1-19,19),IF(19='入力シート'!$M$13+1,IF(0=1,"前","後ろ"),"")) | B26: =IF(ISNUMBER($A26),IFERROR(INDEX('入力シート'!$A$2:$A$41,MATCH($A26,'入力シート'!$F$2:$F$41,0)),""),"") | E26: =IF(19<='入力シート'!$M$13,IF(1=1,'入力シート'!$M$13+1-19,19),IF(19='入力シート'!$M$13+1,IF(1=1,"前","後ろ"),"")) | F26: =IF(ISNUMBER($E26),IFERROR(INDEX('入力シート'!$A$2:$A$41,MATCH($E26,'入力シート'!$F$2:$F$41,0)),""),"")
A27: =IF(20<='入力シート'!$M$13,IF(0=1,'入力シート'!$M$13+1-20,20),IF(20='入力シート'!$M$13+1,IF(0=1,"前","後ろ"),"")) | B27: =IF(ISNUMBER($A27),IFERROR(INDEX('入力シート'!$A$2:$A$41,MATCH($A27,'入力シート'!$F$2:$F$41,0)),""),"") | E27: =IF(20<='入力シート'!$M$13,IF(1=1,'入力シート'!$M$13+1-20,20),IF(20='入力シート'!$M$13+1,IF(1=1,"前","後ろ"),"")) | F27: =IF(ISNUMBER($E27),IFERROR(INDEX('入力シート'!$A$2:$A$41,MATCH($E27,'入力シート'!$F$2:$F$41,0)),""),"")
A28: =IF(21<='入力シート'!$M$13,IF(0=1,'入力シート'!$M$13+1-21,21),IF(21='入力シート'!$M$13+1,IF(0=1,"前","後ろ"),"")) | B28: =IF(ISNUMBER($A28),IFERROR(INDEX('入力シート'!$A$2:$A$41,MATCH($A28,'入力シート'!$F$2:$F$41,0)),""),"") | E28: =IF(21<='入力シート'!$M$13,IF(1=1,'入力シート'!$M$13+1-21,21),IF(21='入力シート'!$M$13+1,IF(1=1,"前","後ろ"),"")) | F28: =IF(ISNUMBER($E28),IFERROR(INDEX('入力シート'!$A$2:$A$41,MATCH($E28,'入力シート'!$F$2:$F$41,0)),""),"")
A29: =IF(22<='入力シート'!$M$13,IF(0=1,'入力シート'!$M$13+1-22,22),IF(22='入力シート'!$M$13+1,IF(0=1,"前","後ろ"),"")) | B29: =IF(ISNUMBER($A29),IFERROR(INDEX('入力シート'!$A$2:$A$41,MATCH($A29,'入力シート'!$F$2:$F$41,0)),""),"") | E29: =IF(22<='入力シート'!$M$13,IF(1=1,'入力シート'!$M$13+1-22,22),IF(22='入力シート'!$M$13+1,IF(1=1,"前","後ろ"),"")) | F29: =IF(ISNUMBER($E29),IFERROR(INDEX('入力シート'!$A$2:$A$41,MATCH($E29,'入力シート'!$F$2:$F$41,0)),""),"")
A30: =IF(23<='入力シート'!$M$13,IF(0=1,'入力シート'!$M$13+1-23,23),IF(23='入力シート'!$M$13+1,IF(0=1,"前","後ろ"),"")) | B30: =IF(ISNUMBER($A30),IFERROR(INDEX('入力シート'!$A$2:$A$41,MATCH($A30,'入力シート'!$F$2:$F$41,0)),""),"") | E30: =IF(23<='入力シート'!$M$13,IF(1=1,'入力シート'!$M$13+1-23,23),IF(23='入力シート'!$M$13+1,IF(1=1,"前","後ろ"),"")) | F30: =IF(ISNUMBER($E30),IFERROR(INDEX('入力シート'!$A$2:$A$41,MATCH($E30,'入力シート'!$F$2:$F$41,0)),""),"")
A31: =IF(24<='入力シート'!$M$13,IF(0=1,'入力シート'!$M$13+1-24,24),IF(24='入力シート'!$M$13+1,IF(0=1,"前","後ろ"),"")) | B31: =IF(ISNUMBER($A31),IFERROR(INDEX('入力シート'!$A$2:$A$41,MATCH($A31,'入力シート'!$F$2:$F$41,0)),""),"") | E31: =IF(24<='入力シート'!$M$13,IF(1=1,'入力シート'!$M$13+1-24,24),IF(24='入力シート'!$M$13+1,IF(1=1,"前","後ろ"),"")) | F31: =IF(ISNUMBER($E31),IFERROR(INDEX('入力シート'!$A$2:$A$41,MATCH($E31,'入力シート'!$F$2:$F$41,0)),""),"")
A32: =IF(25<='入力シート'!$M$13,IF(0=1,'入力シート'!$M$13+1-25,25),IF(25='入力シート'!$M$13+1,IF(0=1,"前","後ろ"),"")) | B32: =IF(ISNUMBER($A32),IFERROR(INDEX('入力シート'!$A$2:$A$41,MATCH($A32,'入力シート'!$F$2:$F$41,0)),""),"") | E32: =IF(25<='入力シート'!$M$13,IF(1=1,'入力シート'!$M$13+1-25,25),IF(25='入力シート'!$M$13+1,IF(1=1,"前","後ろ"),"")) | F32: =IF(ISNUMBER($E32),IFERROR(INDEX('入力シート'!$A$2:$A$41,MATCH($E32,'入力シート'!$F$2:$F$41,0)),""),"")
A33: =IF(26<='入力シート'!$M$13,IF(0=1,'入力シート'!$M$13+1-26,26),IF(26='入力シート'!$M$13+1,IF(0=1,"前","後ろ"),"")) | B33: =IF(ISNUMBER($A33),IFERROR(INDEX('入力シート'!$A$2:$A$41,MATCH($A33,'入力シート'!$F$2:$F$41,0)),""),"") | E33: =IF(26<='入力シート'!$M$13,IF(1=1,'入力シート'!$M$13+1-26,26),IF(26='入力シート'!$M$13+1,IF(1=1,"前","後ろ"),"")) | F33: =IF(ISNUMBER($E33),IFERROR(INDEX('入力シート'!$A$2:$A$41,MATCH($E33,'入力シート'!$F$2:$F$41,0)),""),"")
A34: =IF(27<='入力シート'!$M$13,IF(0=1,'入力シート'!$M$13+1-27,27),IF(27='入力シート'!$M$13+1,IF(0=1,"前","後ろ"),"")) | B34: =IF(ISNUMBER($A34),IFERROR(INDEX('入力シート'!$A$2:$A$41,MATCH($A34,'入力シート'!$F$2:$F$41,0)),""),"") | E34: =IF(27<='入力シート'!$M$13,IF(1=1,'入力シート'!$M$13+1-27,27),IF(27='入力シート'!$M$13+1,IF(1=1,"前","後ろ"),"")) | F34: =IF(ISNUMBER($E34),IFERROR(INDEX('入力シート'!$A$2:$A$41,MATCH($E34,'入力シート'!$F$2:$F$41,0)),""),"")
A35: =IF(28<='入力シート'!$M$13,IF(0=1,'入力シート'!$M$13+1-28,28),IF(28='入力シート'!$M$13+1,IF(0=1,"前","後ろ"),"")) | B35: =IF(ISNUMBER($A35),IFERROR(INDEX('入力シート'!$A$2:$A$41,MATCH($A35,'入力シート'!$F$2:$F$41,0)),""),"") | E35: =IF(28<='入力シート'!$M$13,IF(1=1,'入力シート'!$M$13+1-28,28),IF(28='入力シート'!$M$13+1,IF(1=1,"前","後ろ"),"")) | F35: =IF(ISNUMBER($E35),IFERROR(INDEX('入力シート'!$A$2:$A$41,MATCH($E35,'入力シート'!$F$2:$F$41,0)),""),"")
A36: =IF(29<='入力シート'!$M$13,IF(0=1,'入力シート'!$M$13+1-29,29),IF(29='入力シート'!$M$13+1,IF(0=1,"前","後ろ"),"")) | B36: =IF(ISNUMBER($A36),IFERROR(INDEX('入力シート'!$A$2:$A$41,MATCH($A36,'入力シート'!$F$2:$F$41,0)),""),"") | E36: =IF(29<='入力シート'!$M$13,IF(1=1,'入力シート'!$M$13+1-29,29),IF(29='入力シート'!$M$13+1,IF(1=1,"前","後ろ"),"")) | F36: =IF(ISNUMBER($E36),IFERROR(INDEX('入力シート'!$A$2:$A$41,MATCH($E36,'入力シート'!$F$2:$F$41,0)),""),"")
A37: =IF(30<='入力シート'!$M$13,IF(0=1,'入力シート'!$M$13+1-30,30),IF(30='入力シート'!$M$13+1,IF(0=1,"前","後ろ"),"")) | B37: =IF(ISNUMBER($A37),IFERROR(INDEX('入力シート'!$A$2:$A$41,MATCH($A37,'入力シート'!$F$2:$F$41,0)),""),"") | E37: =IF(30<='入力シート'!$M$13,IF(1=1,'入力シート'!$M$13+1-30,30),IF(30='入力シート'!$M$13+1,IF(1=1,"前","後ろ"),"")) | F37: =IF(ISNUMBER($E37),IFERROR(INDEX('入力シート'!$A$2:$A$41,MATCH($E37,'入力シート'!$F$2:$F$41,0)),""),"")
A38: =IF(31<='入力シート'!$M$13,IF(0=1,'入力シート'!$M$13+1-31,31),IF(31='入力シート'!$M$13+1,IF(0=1,"前","後ろ"),"")) | B38: =IF(ISNUMBER($A38),IFERROR(INDEX('入力シート'!$A$2:$A$41,MATCH($A38,'入力シート'!$F$2:$F$41,0)),""),"") | E38: =IF(31<='入力シート'!$M$13,IF(1=1,'入力シート'!$M$13+1-31,31),IF(31='入力シート'!$M$13+1,IF(1=1,"前","後ろ"),"")) | F38: =IF(ISNUMBER($E38),IFERROR(INDEX('入力シート'!$A$2:$A$41,MATCH($E38,'入力シート'!$F$2:$F$41,0)),""),"")
A39: =IF(32<='入力シート'!$M$13,IF(0=1,'入力シート'!$M$13+1-32,32),IF(32='入力シート'!$M$13+1,IF(0=1,"前","後ろ"),"")) | B39: =IF(ISNUMBER($A39),IFERROR(INDEX('入力シート'!$A$2:$A$41,MATCH($A39,'入力シート'!$F$2:$F$41,0)),""),"") | E39: =IF(32<='入力シート'!$M$13,IF(1=1,'入力シート'!$M$13+1-32,32),IF(32='入力シート'!$M$13+1,IF(1=1,"前","後ろ"),"")) | F39: =IF(ISNUMBER($E39),IFERROR(INDEX('入力シート'!$A$2:$A$41,MATCH($E39,'入力シート'!$F$2:$F$41,0)),""),"")
A40: =IF(33<='入力シート'!$M$13,IF(0=1,'入力シート'!$M$13+1-33,33),IF(33='入力シート'!$M$13+1,IF(0=1,"前","後ろ"),"")) | B40: =IF(ISNUMBER($A40),IFERROR(INDEX('入力シート'!$A$2:$A$41,MATCH($A40,'入力シート'!$F$2:$F$41,0)),""),"") | E40: =IF(33<='入力シート'!$M$13,IF(1=1,'入力シート'!$M$13+1-33,33),IF(33='入力シート'!$M$13+1,IF(1=1,"前","後ろ"),"")) | F40: =IF(ISNUMBER($E40),IFERROR(INDEX('入力シート'!$A$2:$A$41,MATCH($E40,'入力シート'!$F$2:$F$41,0)),""),"")
A41: =IF(34<='入力シート'!$M$13,IF(0=1,'入力シート'!$M$13+1-34,34),IF(34='入力シート'!$M$13+1,IF(0=1,"前","後ろ"),"")) | B41: =IF(ISNUMBER($A41),IFERROR(INDEX('入力シート'!$A$2:$A$41,MATCH($A41,'入力シート'!$F$2:$F$41,0)),""),"") | E41: =IF(34<='入力シート'!$M$13,IF(1=1,'入力シート'!$M$13+1-34,34),IF(34='入力シート'!$M$13+1,IF(1=1,"前","後ろ"),"")) | F41: =IF(ISNUMBER($E41),IFERROR(INDEX('入力シート'!$A$2:$A$41,MATCH($E41,'入力シート'!$F$2:$F$41,0)),""),"")
A42: =IF(35<='入力シート'!$M$13,IF(0=1,'入力シート'!$M$13+1-35,35),IF(35='入力シート'!$M$13+1,IF(0=1,"前","後ろ"),"")) | B42: =IF(ISNUMBER($A42),IFERROR(INDEX('入力シート'!$A$2:$A$41,MATCH($A42,'入力シート'!$F$2:$F$41,0)),""),"") | E42: =IF(35<='入力シート'!$M$13,IF(1=1,'入力シート'!$M$13+1-35,35),IF(35='入力シート'!$M$13+1,IF(1=1,"前","後ろ"),"")) | F42: =IF(ISNUMBER($E42),IFERROR(INDEX('入力シート'!$A$2:$A$41,MATCH($E42,'入力シート'!$F$2:$F$41,0)),""),"")
A43: =IF(36<='入力シート'!$M$13,IF(0=1,'入力シート'!$M$13+1-36,36),IF(36='入力シート'!$M$13+1,IF(0=1,"前","後ろ"),"")) | B43: =IF(ISNUMBER($A43),IFERROR(INDEX('入力シート'!$A$2:$A$41,MATCH($A43,'入力シート'!$F$2:$F$41,0)),""),"") | E43: =IF(36<='入力シート'!$M$13,IF(1=1,'入力シート'!$M$13+1-36,36),IF(36='入力シート'!$M$13+1,IF(1=1,"前","後ろ"),"")) | F43: =IF(ISNUMBER($E43),IFERROR(INDEX('入力シート'!$A$2:$A$41,MATCH($E43,'入力シート'!$F$2:$F$41,0)),""),"")
A44: =IF(37<='入力シート'!$M$13,IF(0=1,'入力シート'!$M$13+1-37,37),IF(37='入力シート'!$M$13+1,IF(0=1,"前","後ろ"),"")) | B44: =IF(ISNUMBER($A44),IFERROR(INDEX('入力シート'!$A$2:$A$41,MATCH($A44,'入力シート'!$F$2:$F$41,0)),""),"") | E44: =IF(37<='入力シート'!$M$13,IF(1=1,'入力シート'!$M$13+1-37,37),IF(37='入力シート'!$M$13+1,IF(1=1,"前","後ろ"),"")) | F44: =IF(ISNUMBER($E44),IFERROR(INDEX('入力シート'!$A$2:$A$41,MATCH($E44,'入力シート'!$F$2:$F$41,0)),""),"")
A45: =IF(38<='入力シート'!$M$13,IF(0=1,'入力シート'!$M$13+1-38,38),IF(38='入力シート'!$M$13+1,IF(0=1,"前","後ろ"),"")) | B45: =IF(ISNUMBER($A45),IFERROR(INDEX('入力シート'!$A$2:$A$41,MATCH($A45,'入力シート'!$F$2:$F$41,0)),""),"") | E45: =IF(38<='入力シート'!$M$13,IF(1=1,'入力シート'!$M$13+1-38,38),IF(38='入力シート'!$M$13+1,IF(1=1,"前","後ろ"),"")) | F45: =IF(ISNUMBER($E45),IFERROR(INDEX('入力シート'!$A$2:$A$41,MATCH($E45,'入力シート'!$F$2:$F$41,0)),""),"")
A46: =IF(39<='入力シート'!$M$13,IF(0=1,'入力シート'!$M$13+1-39,39),IF(39='入力シート'!$M$13+1,IF(0=1,"前","後ろ"),"")) | B46: =IF(ISNUMBER($A46),IFERROR(INDEX('入力シート'!$A$2:$A$41,MATCH($A46,'入力シート'!$F$2:$F$41,0)),""),"") | E46: =IF(39<='入力シート'!$M$13,IF(1=1,'入力シート'!$M$13+1-39,39),IF(39='入力シート'!$M$13+1,IF(1=1,"前","後ろ"),"")) | F46: =IF(ISNUMBER($E46),IFERROR(INDEX('入力シート'!$A$2:$A$41,MATCH($E46,'入力シート'!$F$2:$F$41,0)),""),"")
A47: =IF(40<='入力シート'!$M$13,IF(0=1,'入力シート'!$M$13+1-40,40),IF(40='入力シート'!$M$13+1,IF(0=1,"前","後ろ"),"")) | B47: =IF(ISNUMBER($A47),IFERROR(INDEX('入力シート'!$A$2:$A$41,MATCH($A47,'入力シート'!$F$2:$F$41,0)),""),"") | E47: =IF(40<='入力シート'!$M$13,IF(1=1,'入力シート'!$M$13+1-40,40),IF(40='入力シート'!$M$13+1,IF(1=1,"前","後ろ"),"")) | F47: =IF(ISNUMBER($E47),IFERROR(INDEX('入力シート'!$A$2:$A$41,MATCH($E47,'入力シート'!$F$2:$F$41,0)),""),"")
A48: =IF(41<='入力シート'!$M$13,IF(0=1,'入力シート'!$M$13+1-41,41),IF(41='入力シート'!$M$13+1,IF(0=1,"前","後ろ"),"")) | B48: =IF(ISNUMBER($A48),IFERROR(INDEX('入力シート'!$A$2:$A$41,MATCH($A48,'入力シート'!$F$2:$F$41,0)),""),"") | E48: =IF(41<='入力シート'!$M$13,IF(1=1,'入力シート'!$M$13+1-41,41),IF(41='入力シート'!$M$13+1,IF(1=1,"前","後ろ"),"")) | F48: =IF(ISNUMBER($E48),IFERROR(INDEX('入力シート'!$A$2:$A$41,MATCH($E48,'入力シート'!$F$2:$F$41,0)),""),"")
A49: =IF(('入力シート'!$M$13)>40,"⚠ 入りきらない子がいます ","") | E49: =IF(('入力シート'!$M$13)>40,"⚠ 入りきらない子がいます ","")
A51: 2列① Ｚ方式（1・2／3・4…）
B52: 上が前 ← ○で印刷 | F52: 下が前 ← ○で印刷
A54: =IF(0=1,"後ろ","前") | B54: =IF(ISNUMBER($A54),IFERROR(INDEX('入力シート'!$A$2:$A$41,MATCH(($A54-1)*2+1,'入力シート'!$F$2:$F$41,0)),""),"") | C54: =IF(ISNUMBER($A54),IFERROR(INDEX('入力シート'!$A$2:$A$41,MATCH(($A54-1)*2+2,'入力シート'!$F$2:$F$41,0)),""),"") | E54: =IF(1=1,"後ろ","前") | F54: =IF(ISNUMBER($E54),IFERROR(INDEX('入力シート'!$A$2:$A$41,MATCH(($E54-1)*2+1,'入力シート'!$F$2:$F$41,0)),""),"") | G54: =IF(ISNUMBER($E54),IFERROR(INDEX('入力シート'!$A$2:$A$41,MATCH(($E54-1)*2+2,'入力シート'!$F$2:$F$41,0)),""),"")
A55: =IF(1<=ROUNDUP('入力シート'!$M$13/2,0),IF(0=1,ROUNDUP('入力シート'!$M$13/2,0)+1-1,1),IF(1=ROUNDUP('入力シート'!$M$13/2,0)+1,IF(0=1,"前","後ろ"),"")) | B55: =IF(ISNUMBER($A55),IFERROR(INDEX('入力シート'!$A$2:$A$41,MATCH(($A55-1)*2+1,'入力シート'!$F$2:$F$41,0)),""),"") | C55: =IF(ISNUMBER($A55),IFERROR(INDEX('入力シート'!$A$2:$A$41,MATCH(($A55-1)*2+2,'入力シート'!$F$2:$F$41,0)),""),"") | E55: =IF(1<=ROUNDUP('入力シート'!$M$13/2,0),IF(1=1,ROUNDUP('入力シート'!$M$13/2,0)+1-1,1),IF(1=ROUNDUP('入力シート'!$M$13/2,0)+1,IF(1=1,"前","後ろ"),"")) | F55: =IF(ISNUMBER($E55),IFERROR(INDEX('入力シート'!$A$2:$A$41,MATCH(($E55-1)*2+1,'入力シート'!$F$2:$F$41,0)),""),"") | G55: =IF(ISNUMBER($E55),IFERROR(INDEX('入力シート'!$A$2:$A$41,MATCH(($E55-1)*2+2,'入力シート'!$F$2:$F$41,0)),""),"")
A56: =IF(2<=ROUNDUP('入力シート'!$M$13/2,0),IF(0=1,ROUNDUP('入力シート'!$M$13/2,0)+1-2,2),IF(2=ROUNDUP('入力シート'!$M$13/2,0)+1,IF(0=1,"前","後ろ"),"")) | B56: =IF(ISNUMBER($A56),IFERROR(INDEX('入力シート'!$A$2:$A$41,MATCH(($A56-1)*2+1,'入力シート'!$F$2:$F$41,0)),""),"") | C56: =IF(ISNUMBER($A56),IFERROR(INDEX('入力シート'!$A$2:$A$41,MATCH(($A56-1)*2+2,'入力シート'!$F$2:$F$41,0)),""),"") | E56: =IF(2<=ROUNDUP('入力シート'!$M$13/2,0),IF(1=1,ROUNDUP('入力シート'!$M$13/2,0)+1-2,2),IF(2=ROUNDUP('入力シート'!$M$13/2,0)+1,IF(1=1,"前","後ろ"),"")) | F56: =IF(ISNUMBER($E56),IFERROR(INDEX('入力シート'!$A$2:$A$41,MATCH(($E56-1)*2+1,'入力シート'!$F$2:$F$41,0)),""),"") | G56: =IF(ISNUMBER($E56),IFERROR(INDEX('入力シート'!$A$2:$A$41,MATCH(($E56-1)*2+2,'入力シート'!$F$2:$F$41,0)),""),"")
A57: =IF(3<=ROUNDUP('入力シート'!$M$13/2,0),IF(0=1,ROUNDUP('入力シート'!$M$13/2,0)+1-3,3),IF(3=ROUNDUP('入力シート'!$M$13/2,0)+1,IF(0=1,"前","後ろ"),"")) | B57: =IF(ISNUMBER($A57),IFERROR(INDEX('入力シート'!$A$2:$A$41,MATCH(($A57-1)*2+1,'入力シート'!$F$2:$F$41,0)),""),"") | C57: =IF(ISNUMBER($A57),IFERROR(INDEX('入力シート'!$A$2:$A$41,MATCH(($A57-1)*2+2,'入力シート'!$F$2:$F$41,0)),""),"") | E57: =IF(3<=ROUNDUP('入力シート'!$M$13/2,0),IF(1=1,ROUNDUP('入力シート'!$M$13/2,0)+1-3,3),IF(3=ROUNDUP('入力シート'!$M$13/2,0)+1,IF(1=1,"前","後ろ"),"")) | F57: =IF(ISNUMBER($E57),IFERROR(INDEX('入力シート'!$A$2:$A$41,MATCH(($E57-1)*2+1,'入力シート'!$F$2:$F$41,0)),""),"") | G57: =IF(ISNUMBER($E57),IFERROR(INDEX('入力シート'!$A$2:$A$41,MATCH(($E57-1)*2+2,'入力シート'!$F$2:$F$41,0)),""),"")
A58: =IF(4<=ROUNDUP('入力シート'!$M$13/2,0),IF(0=1,ROUNDUP('入力シート'!$M$13/2,0)+1-4,4),IF(4=ROUNDUP('入力シート'!$M$13/2,0)+1,IF(0=1,"前","後ろ"),"")) | B58: =IF(ISNUMBER($A58),IFERROR(INDEX('入力シート'!$A$2:$A$41,MATCH(($A58-1)*2+1,'入力シート'!$F$2:$F$41,0)),""),"") | C58: =IF(ISNUMBER($A58),IFERROR(INDEX('入力シート'!$A$2:$A$41,MATCH(($A58-1)*2+2,'入力シート'!$F$2:$F$41,0)),""),"") | E58: =IF(4<=ROUNDUP('入力シート'!$M$13/2,0),IF(1=1,ROUNDUP('入力シート'!$M$13/2,0)+1-4,4),IF(4=ROUNDUP('入力シート'!$M$13/2,0)+1,IF(1=1,"前","後ろ"),"")) | F58: =IF(ISNUMBER($E58),IFERROR(INDEX('入力シート'!$A$2:$A$41,MATCH(($E58-1)*2+1,'入力シート'!$F$2:$F$41,0)),""),"") | G58: =IF(ISNUMBER($E58),IFERROR(INDEX('入力シート'!$A$2:$A$41,MATCH(($E58-1)*2+2,'入力シート'!$F$2:$F$41,0)),""),"")
A59: =IF(5<=ROUNDUP('入力シート'!$M$13/2,0),IF(0=1,ROUNDUP('入力シート'!$M$13/2,0)+1-5,5),IF(5=ROUNDUP('入力シート'!$M$13/2,0)+1,IF(0=1,"前","後ろ"),"")) | B59: =IF(ISNUMBER($A59),IFERROR(INDEX('入力シート'!$A$2:$A$41,MATCH(($A59-1)*2+1,'入力シート'!$F$2:$F$41,0)),""),"") | C59: =IF(ISNUMBER($A59),IFERROR(INDEX('入力シート'!$A$2:$A$41,MATCH(($A59-1)*2+2,'入力シート'!$F$2:$F$41,0)),""),"") | E59: =IF(5<=ROUNDUP('入力シート'!$M$13/2,0),IF(1=1,ROUNDUP('入力シート'!$M$13/2,0)+1-5,5),IF(5=ROUNDUP('入力シート'!$M$13/2,0)+1,IF(1=1,"前","後ろ"),"")) | F59: =IF(ISNUMBER($E59),IFERROR(INDEX('入力シート'!$A$2:$A$41,MATCH(($E59-1)*2+1,'入力シート'!$F$2:$F$41,0)),""),"") | G59: =IF(ISNUMBER($E59),IFERROR(INDEX('入力シート'!$A$2:$A$41,MATCH(($E59-1)*2+2,'入力シート'!$F$2:$F$41,0)),""),"")
A60: =IF(6<=ROUNDUP('入力シート'!$M$13/2,0),IF(0=1,ROUNDUP('入力シート'!$M$13/2,0)+1-6,6),IF(6=ROUNDUP('入力シート'!$M$13/2,0)+1,IF(0=1,"前","後ろ"),"")) | B60: =IF(ISNUMBER($A60),IFERROR(INDEX('入力シート'!$A$2:$A$41,MATCH(($A60-1)*2+1,'入力シート'!$F$2:$F$41,0)),""),"") | C60: =IF(ISNUMBER($A60),IFERROR(INDEX('入力シート'!$A$2:$A$41,MATCH(($A60-1)*2+2,'入力シート'!$F$2:$F$41,0)),""),"") | E60: =IF(6<=ROUNDUP('入力シート'!$M$13/2,0),IF(1=1,ROUNDUP('入力シート'!$M$13/2,0)+1-6,6),IF(6=ROUNDUP('入力シート'!$M$13/2,0)+1,IF(1=1,"前","後ろ"),"")) | F60: =IF(ISNUMBER($E60),IFERROR(INDEX('入力シート'!$A$2:$A$41,MATCH(($E60-1)*2+1,'入力シート'!$F$2:$F$41,0)),""),"") | G60: =IF(ISNUMBER($E60),IFERROR(INDEX('入力シート'!$A$2:$A$41,MATCH(($E60-1)*2+2,'入力シート'!$F$2:$F$41,0)),""),"")
A61: =IF(7<=ROUNDUP('入力シート'!$M$13/2,0),IF(0=1,ROUNDUP('入力シート'!$M$13/2,0)+1-7,7),IF(7=ROUNDUP('入力シート'!$M$13/2,0)+1,IF(0=1,"前","後ろ"),"")) | B61: =IF(ISNUMBER($A61),IFERROR(INDEX('入力シート'!$A$2:$A$41,MATCH(($A61-1)*2+1,'入力シート'!$F$2:$F$41,0)),""),"") | C61: =IF(ISNUMBER($A61),IFERROR(INDEX('入力シート'!$A$2:$A$41,MATCH(($A61-1)*2+2,'入力シート'!$F$2:$F$41,0)),""),"") | E61: =IF(7<=ROUNDUP('入力シート'!$M$13/2,0),IF(1=1,ROUNDUP('入力シート'!$M$13/2,0)+1-7,7),IF(7=ROUNDUP('入力シート'!$M$13/2,0)+1,IF(1=1,"前","後ろ"),"")) | F61: =IF(ISNUMBER($E61),IFERROR(INDEX('入力シート'!$A$2:$A$41,MATCH(($E61-1)*2+1,'入力シート'!$F$2:$F$41,0)),""),"") | G61: =IF(ISNUMBER($E61),IFERROR(INDEX('入力シート'!$A$2:$A$41,MATCH(($E61-1)*2+2,'入力シート'!$F$2:$F$41,0)),""),"")
A62: =IF(8<=ROUNDUP('入力シート'!$M$13/2,0),IF(0=1,ROUNDUP('入力シート'!$M$13/2,0)+1-8,8),IF(8=ROUNDUP('入力シート'!$M$13/2,0)+1,IF(0=1,"前","後ろ"),"")) | B62: =IF(ISNUMBER($A62),IFERROR(INDEX('入力シート'!$A$2:$A$41,MATCH(($A62-1)*2+1,'入力シート'!$F$2:$F$41,0)),""),"") | C62: =IF(ISNUMBER($A62),IFERROR(INDEX('入力シート'!$A$2:$A$41,MATCH(($A62-1)*2+2,'入力シート'!$F$2:$F$41,0)),""),"") | E62: =IF(8<=ROUNDUP('入力シート'!$M$13/2,0),IF(1=1,ROUNDUP('入力シート'!$M$13/2,0)+1-8,8),IF(8=ROUNDUP('入力シート'!$M$13/2,0)+1,IF(1=1,"前","後ろ"),"")) | F62: =IF(ISNUMBER($E62),IFERROR(INDEX('入力シート'!$A$2:$A$41,MATCH(($E62-1)*2+1,'入力シート'!$F$2:$F$41,0)),""),"") | G62: =IF(ISNUMBER($E62),IFERROR(INDEX('入力シート'!$A$2:$A$41,MATCH(($E62-1)*2+2,'入力シート'!$F$2:$F$41,0)),""),"")
A63: =IF(9<=ROUNDUP('入力シート'!$M$13/2,0),IF(0=1,ROUNDUP('入力シート'!$M$13/2,0)+1-9,9),IF(9=ROUNDUP('入力シート'!$M$13/2,0)+1,IF(0=1,"前","後ろ"),"")) | B63: =IF(ISNUMBER($A63),IFERROR(INDEX('入力シート'!$A$2:$A$41,MATCH(($A63-1)*2+1,'入力シート'!$F$2:$F$41,0)),""),"") | C63: =IF(ISNUMBER($A63),IFERROR(INDEX('入力シート'!$A$2:$A$41,MATCH(($A63-1)*2+2,'入力シート'!$F$2:$F$41,0)),""),"") | E63: =IF(9<=ROUNDUP('入力シート'!$M$13/2,0),IF(1=1,ROUNDUP('入力シート'!$M$13/2,0)+1-9,9),IF(9=ROUNDUP('入力シート'!$M$13/2,0)+1,IF(1=1,"前","後ろ"),"")) | F63: =IF(ISNUMBER($E63),IFERROR(INDEX('入力シート'!$A$2:$A$41,MATCH(($E63-1)*2+1,'入力シート'!$F$2:$F$41,0)),""),"") | G63: =IF(ISNUMBER($E63),IFERROR(INDEX('入力シート'!$A$2:$A$41,MATCH(($E63-1)*2+2,'入力シート'!$F$2:$F$41,0)),""),"")
A64: =IF(10<=ROUNDUP('入力シート'!$M$13/2,0),IF(0=1,ROUNDUP('入力シート'!$M$13/2,0)+1-10,10),IF(10=ROUNDUP('入力シート'!$M$13/2,0)+1,IF(0=1,"前","後ろ"),"")) | B64: =IF(ISNUMBER($A64),IFERROR(INDEX('入力シート'!$A$2:$A$41,MATCH(($A64-1)*2+1,'入力シート'!$F$2:$F$41,0)),""),"") | C64: =IF(ISNUMBER($A64),IFERROR(INDEX('入力シート'!$A$2:$A$41,MATCH(($A64-1)*2+2,'入力シート'!$F$2:$F$41,0)),""),"") | E64: =IF(10<=ROUNDUP('入力シート'!$M$13/2,0),IF(1=1,ROUNDUP('入力シート'!$M$13/2,0)+1-10,10),IF(10=ROUNDUP('入力シート'!$M$13/2,0)+1,IF(1=1,"前","後ろ"),"")) | F64: =IF(ISNUMBER($E64),IFERROR(INDEX('入力シート'!$A$2:$A$41,MATCH(($E64-1)*2+1,'入力シート'!$F$2:$F$41,0)),""),"") | G64: =IF(ISNUMBER($E64),IFERROR(INDEX('入力シート'!$A$2:$A$41,MATCH(($E64-1)*2+2,'入力シート'!$F$2:$F$41,0)),""),"")
A65: =IF(11<=ROUNDUP('入力シート'!$M$13/2,0),IF(0=1,ROUNDUP('入力シート'!$M$13/2,0)+1-11,11),IF(11=ROUNDUP('入力シート'!$M$13/2,0)+1,IF(0=1,"前","後ろ"),"")) | B65: =IF(ISNUMBER($A65),IFERROR(INDEX('入力シート'!$A$2:$A$41,MATCH(($A65-1)*2+1,'入力シート'!$F$2:$F$41,0)),""),"") | C65: =IF(ISNUMBER($A65),IFERROR(INDEX('入力シート'!$A$2:$A$41,MATCH(($A65-1)*2+2,'入力シート'!$F$2:$F$41,0)),""),"") | E65: =IF(11<=ROUNDUP('入力シート'!$M$13/2,0),IF(1=1,ROUNDUP('入力シート'!$M$13/2,0)+1-11,11),IF(11=ROUNDUP('入力シート'!$M$13/2,0)+1,IF(1=1,"前","後ろ"),"")) | F65: =IF(ISNUMBER($E65),IFERROR(INDEX('入力シート'!$A$2:$A$41,MATCH(($E65-1)*2+1,'入力シート'!$F$2:$F$41,0)),""),"") | G65: =IF(ISNUMBER($E65),IFERROR(INDEX('入力シート'!$A$2:$A$41,MATCH(($E65-1)*2+2,'入力シート'!$F$2:$F$41,0)),""),"")
A66: =IF(12<=ROUNDUP('入力シート'!$M$13/2,0),IF(0=1,ROUNDUP('入力シート'!$M$13/2,0)+1-12,12),IF(12=ROUNDUP('入力シート'!$M$13/2,0)+1,IF(0=1,"前","後ろ"),"")) | B66: =IF(ISNUMBER($A66),IFERROR(INDEX('入力シート'!$A$2:$A$41,MATCH(($A66-1)*2+1,'入力シート'!$F$2:$F$41,0)),""),"") | C66: =IF(ISNUMBER($A66),IFERROR(INDEX('入力シート'!$A$2:$A$41,MATCH(($A66-1)*2+2,'入力シート'!$F$2:$F$41,0)),""),"") | E66: =IF(12<=ROUNDUP('入力シート'!$M$13/2,0),IF(1=1,ROUNDUP('入力シート'!$M$13/2,0)+1-12,12),IF(12=ROUNDUP('入力シート'!$M$13/2,0)+1,IF(1=1,"前","後ろ"),"")) | F66: =IF(ISNUMBER($E66),IFERROR(INDEX('入力シート'!$A$2:$A$41,MATCH(($E66-1)*2+1,'入力シート'!$F$2:$F$41,0)),""),"") | G66: =IF(ISNUMBER($E66),IFERROR(INDEX('入力シート'!$A$2:$A$41,MATCH(($E66-1)*2+2,'入力シート'!$F$2:$F$41,0)),""),"")
A67: =IF(13<=ROUNDUP('入力シート'!$M$13/2,0),IF(0=1,ROUNDUP('入力シート'!$M$13/2,0)+1-13,13),IF(13=ROUNDUP('入力シート'!$M$13/2,0)+1,IF(0=1,"前","後ろ"),"")) | B67: =IF(ISNUMBER($A67),IFERROR(INDEX('入力シート'!$A$2:$A$41,MATCH(($A67-1)*2+1,'入力シート'!$F$2:$F$41,0)),""),"") | C67: =IF(ISNUMBER($A67),IFERROR(INDEX('入力シート'!$A$2:$A$41,MATCH(($A67-1)*2+2,'入力シート'!$F$2:$F$41,0)),""),"") | E67: =IF(13<=ROUNDUP('入力シート'!$M$13/2,0),IF(1=1,ROUNDUP('入力シート'!$M$13/2,0)+1-13,13),IF(13=ROUNDUP('入力シート'!$M$13/2,0)+1,IF(1=1,"前","後ろ"),"")) | F67: =IF(ISNUMBER($E67),IFERROR(INDEX('入力シート'!$A$2:$A$41,MATCH(($E67-1)*2+1,'入力シート'!$F$2:$F$41,0)),""),"") | G67: =IF(ISNUMBER($E67),IFERROR(INDEX('入力シート'!$A$2:$A$41,MATCH(($E67-1)*2+2,'入力シート'!$F$2:$F$41,0)),""),"")
A68: =IF(14<=ROUNDUP('入力シート'!$M$13/2,0),IF(0=1,ROUNDUP('入力シート'!$M$13/2,0)+1-14,14),IF(14=ROUNDUP('入力シート'!$M$13/2,0)+1,IF(0=1,"前","後ろ"),"")) | B68: =IF(ISNUMBER($A68),IFERROR(INDEX('入力シート'!$A$2:$A$41,MATCH(($A68-1)*2+1,'入力シート'!$F$2:$F$41,0)),""),"") | C68: =IF(ISNUMBER($A68),IFERROR(INDEX('入力シート'!$A$2:$A$41,MATCH(($A68-1)*2+2,'入力シート'!$F$2:$F$41,0)),""),"") | E68: =IF(14<=ROUNDUP('入力シート'!$M$13/2,0),IF(1=1,ROUNDUP('入力シート'!$M$13/2,0)+1-14,14),IF(14=ROUNDUP('入力シート'!$M$13/2,0)+1,IF(1=1,"前","後ろ"),"")) | F68: =IF(ISNUMBER($E68),IFERROR(INDEX('入力シート'!$A$2:$A$41,MATCH(($E68-1)*2+1,'入力シート'!$F$2:$F$41,0)),""),"") | G68: =IF(ISNUMBER($E68),IFERROR(INDEX('入力シート'!$A$2:$A$41,MATCH(($E68-1)*2+2,'入力シート'!$F$2:$F$41,0)),""),"")
A69: =IF(15<=ROUNDUP('入力シート'!$M$13/2,0),IF(0=1,ROUNDUP('入力シート'!$M$13/2,0)+1-15,15),IF(15=ROUNDUP('入力シート'!$M$13/2,0)+1,IF(0=1,"前","後ろ"),"")) | B69: =IF(ISNUMBER($A69),IFERROR(INDEX('入力シート'!$A$2:$A$41,MATCH(($A69-1)*2+1,'入力シート'!$F$2:$F$41,0)),""),"") | C69: =IF(ISNUMBER($A69),IFERROR(INDEX('入力シート'!$A$2:$A$41,MATCH(($A69-1)*2+2,'入力シート'!$F$2:$F$41,0)),""),"") | E69: =IF(15<=ROUNDUP('入力シート'!$M$13/2,0),IF(1=1,ROUNDUP('入力シート'!$M$13/2,0)+1-15,15),IF(15=ROUNDUP('入力シート'!$M$13/2,0)+1,IF(1=1,"前","後ろ"),"")) | F69: =IF(ISNUMBER($E69),IFERROR(INDEX('入力シート'!$A$2:$A$41,MATCH(($E69-1)*2+1,'入力シート'!$F$2:$F$41,0)),""),"") | G69: =IF(ISNUMBER($E69),IFERROR(INDEX('入力シート'!$A$2:$A$41,MATCH(($E69-1)*2+2,'入力シート'!$F$2:$F$41,0)),""),"")
A70: =IF(16<=ROUNDUP('入力シート'!$M$13/2,0),IF(0=1,ROUNDUP('入力シート'!$M$13/2,0)+1-16,16),IF(16=ROUNDUP('入力シート'!$M$13/2,0)+1,IF(0=1,"前","後ろ"),"")) | B70: =IF(ISNUMBER($A70),IFERROR(INDEX('入力シート'!$A$2:$A$41,MATCH(($A70-1)*2+1,'入力シート'!$F$2:$F$41,0)),""),"") | C70: =IF(ISNUMBER($A70),IFERROR(INDEX('入力シート'!$A$2:$A$41,MATCH(($A70-1)*2+2,'入力シート'!$F$2:$F$41,0)),""),"") | E70: =IF(16<=ROUNDUP('入力シート'!$M$13/2,0),IF(1=1,ROUNDUP('入力シート'!$M$13/2,0)+1-16,16),IF(16=ROUNDUP('入力シート'!$M$13/2,0)+1,IF(1=1,"前","後ろ"),"")) | F70: =IF(ISNUMBER($E70),IFERROR(INDEX('入力シート'!$A$2:$A$41,MATCH(($E70-1)*2+1,'入力シート'!$F$2:$F$41,0)),""),"") | G70: =IF(ISNUMBER($E70),IFERROR(INDEX('入力シート'!$A$2:$A$41,MATCH(($E70-1)*2+2,'入力シート'!$F$2:$F$41,0)),""),"")
A71: =IF(17<=ROUNDUP('入力シート'!$M$13/2,0),IF(0=1,ROUNDUP('入力シート'!$M$13/2,0)+1-17,17),IF(17=ROUNDUP('入力シート'!$M$13/2,0)+1,IF(0=1,"前","後ろ"),"")) | B71: =IF(ISNUMBER($A71),IFERROR(INDEX('入力シート'!$A$2:$A$41,MATCH(($A71-1)*2+1,'入力シート'!$F$2:$F$41,0)),""),"") | C71: =IF(ISNUMBER($A71),IFERROR(INDEX('入力シート'!$A$2:$A$41,MATCH(($A71-1)*2+2,'入力シート'!$F$2:$F$41,0)),""),"") | E71: =IF(17<=ROUNDUP('入力シート'!$M$13/2,0),IF(1=1,ROUNDUP('入力シート'!$M$13/2,0)+1-17,17),IF(17=ROUNDUP('入力シート'!$M$13/2,0)+1,IF(1=1,"前","後ろ"),"")) | F71: =IF(ISNUMBER($E71),IFERROR(INDEX('入力シート'!$A$2:$A$41,MATCH(($E71-1)*2+1,'入力シート'!$F$2:$F$41,0)),""),"") | G71: =IF(ISNUMBER($E71),IFERROR(INDEX('入力シート'!$A$2:$A$41,MATCH(($E71-1)*2+2,'入力シート'!$F$2:$F$41,0)),""),"")
A72: =IF(18<=ROUNDUP('入力シート'!$M$13/2,0),IF(0=1,ROUNDUP('入力シート'!$M$13/2,0)+1-18,18),IF(18=ROUNDUP('入力シート'!$M$13/2,0)+1,IF(0=1,"前","後ろ"),"")) | B72: =IF(ISNUMBER($A72),IFERROR(INDEX('入力シート'!$A$2:$A$41,MATCH(($A72-1)*2+1,'入力シート'!$F$2:$F$41,0)),""),"") | C72: =IF(ISNUMBER($A72),IFERROR(INDEX('入力シート'!$A$2:$A$41,MATCH(($A72-1)*2+2,'入力シート'!$F$2:$F$41,0)),""),"") | E72: =IF(18<=ROUNDUP('入力シート'!$M$13/2,0),IF(1=1,ROUNDUP('入力シート'!$M$13/2,0)+1-18,18),IF(18=ROUNDUP('入力シート'!$M$13/2,0)+1,IF(1=1,"前","後ろ"),"")) | F72: =IF(ISNUMBER($E72),IFERROR(INDEX('入力シート'!$A$2:$A$41,MATCH(($E72-1)*2+1,'入力シート'!$F$2:$F$41,0)),""),"") | G72: =IF(ISNUMBER($E72),IFERROR(INDEX('入力シート'!$A$2:$A$41,MATCH(($E72-1)*2+2,'入力シート'!$F$2:$F$41,0)),""),"")
A73: =IF(19<=ROUNDUP('入力シート'!$M$13/2,0),IF(0=1,ROUNDUP('入力シート'!$M$13/2,0)+1-19,19),IF(19=ROUNDUP('入力シート'!$M$13/2,0)+1,IF(0=1,"前","後ろ"),"")) | B73: =IF(ISNUMBER($A73),IFERROR(INDEX('入力シート'!$A$2:$A$41,MATCH(($A73-1)*2+1,'入力シート'!$F$2:$F$41,0)),""),"") | C73: =IF(ISNUMBER($A73),IFERROR(INDEX('入力シート'!$A$2:$A$41,MATCH(($A73-1)*2+2,'入力シート'!$F$2:$F$41,0)),""),"") | E73: =IF(19<=ROUNDUP('入力シート'!$M$13/2,0),IF(1=1,ROUNDUP('入力シート'!$M$13/2,0)+1-19,19),IF(19=ROUNDUP('入力シート'!$M$13/2,0)+1,IF(1=1,"前","後ろ"),"")) | F73: =IF(ISNUMBER($E73),IFERROR(INDEX('入力シート'!$A$2:$A$41,MATCH(($E73-1)*2+1,'入力シート'!$F$2:$F$41,0)),""),"") | G73: =IF(ISNUMBER($E73),IFERROR(INDEX('入力シート'!$A$2:$A$41,MATCH(($E73-1)*2+2,'入力シート'!$F$2:$F$41,0)),""),"")
A74: =IF(20<=ROUNDUP('入力シート'!$M$13/2,0),IF(0=1,ROUNDUP('入力シート'!$M$13/2,0)+1-20,20),IF(20=ROUNDUP('入力シート'!$M$13/2,0)+1,IF(0=1,"前","後ろ"),"")) | B74: =IF(ISNUMBER($A74),IFERROR(INDEX('入力シート'!$A$2:$A$41,MATCH(($A74-1)*2+1,'入力シート'!$F$2:$F$41,0)),""),"") | C74: =IF(ISNUMBER($A74),IFERROR(INDEX('入力シート'!$A$2:$A$41,MATCH(($A74-1)*2+2,'入力シート'!$F$2:$F$41,0)),""),"") | E74: =IF(20<=ROUNDUP('入力シート'!$M$13/2,0),IF(1=1,ROUNDUP('入力シート'!$M$13/2,0)+1-20,20),IF(20=ROUNDUP('入力シート'!$M$13/2,0)+1,IF(1=1,"前","後ろ"),"")) | F74: =IF(ISNUMBER($E74),IFERROR(INDEX('入力シート'!$A$2:$A$41,MATCH(($E74-1)*2+1,'入力シート'!$F$2:$F$41,0)),""),"") | G74: =IF(ISNUMBER($E74),IFERROR(INDEX('入力シート'!$A$2:$A$41,MATCH(($E74-1)*2+2,'入力シート'!$F$2:$F$41,0)),""),"")
A75: =IF(21<=ROUNDUP('入力シート'!$M$13/2,0),IF(0=1,ROUNDUP('入力シート'!$M$13/2,0)+1-21,21),IF(21=ROUNDUP('入力シート'!$M$13/2,0)+1,IF(0=1,"前","後ろ"),"")) | B75: =IF(ISNUMBER($A75),IFERROR(INDEX('入力シート'!$A$2:$A$41,MATCH(($A75-1)*2+1,'入力シート'!$F$2:$F$41,0)),""),"") | C75: =IF(ISNUMBER($A75),IFERROR(INDEX('入力シート'!$A$2:$A$41,MATCH(($A75-1)*2+2,'入力シート'!$F$2:$F$41,0)),""),"") | E75: =IF(21<=ROUNDUP('入力シート'!$M$13/2,0),IF(1=1,ROUNDUP('入力シート'!$M$13/2,0)+1-21,21),IF(21=ROUNDUP('入力シート'!$M$13/2,0)+1,IF(1=1,"前","後ろ"),"")) | F75: =IF(ISNUMBER($E75),IFERROR(INDEX('入力シート'!$A$2:$A$41,MATCH(($E75-1)*2+1,'入力シート'!$F$2:$F$41,0)),""),"") | G75: =IF(ISNUMBER($E75),IFERROR(INDEX('入力シート'!$A$2:$A$41,MATCH(($E75-1)*2+2,'入力シート'!$F$2:$F$41,0)),""),"")
A76: =IF((ROUNDUP('入力シート'!$M$13/2,0))>20,"⚠ 入りきらない子がいます ","") | E76: =IF((ROUNDUP('入力シート'!$M$13/2,0))>20,"⚠ 入りきらない子がいます ","")
A78: 2列② 男女別
B79: 上が前 ← ○で印刷 | F79: 下が前 ← ○で印刷
B80: 男子 | C80: 女子 | F80: 男子 | G80: 女子
A81: =IF(0=1,"後ろ","前") | B81: =IF(ISNUMBER($A81),IFERROR(INDEX('入力シート'!$A$2:$A$41,MATCH("男"&($A81),'入力シート'!$I$2:$I$41,0)),""),"") | C81: =IF(ISNUMBER($A81),IFERROR(INDEX('入力シート'!$A$2:$A$41,MATCH("女"&($A81),'入力シート'!$I$2:$I$41,0)),""),"") | E81: =IF(1=1,"後ろ","前") | F81: =IF(ISNUMBER($E81),IFERROR(INDEX('入力シート'!$A$2:$A$41,MATCH("男"&($E81),'入力シート'!$I$2:$I$41,0)),""),"") | G81: =IF(ISNUMBER($E81),IFERROR(INDEX('入力シート'!$A$2:$A$41,MATCH("女"&($E81),'入力シート'!$I$2:$I$41,0)),""),"")
A82: =IF(1<=MAX('入力シート'!$M$14,'入力シート'!$M$15),IF(0=1,MAX('入力シート'!$M$14,'入力シート'!$M$15)+1-1,1),IF(1=MAX('入力シート'!$M$14,'入力シート'!$M$15)+1,IF(0=1,"前","後ろ"),"")) | B82: =IF(ISNUMBER($A82),IFERROR(INDEX('入力シート'!$A$2:$A$41,MATCH("男"&($A82),'入力シート'!$I$2:$I$41,0)),""),"") | C82: =IF(ISNUMBER($A82),IFERROR(INDEX('入力シート'!$A$2:$A$41,MATCH("女"&($A82),'入力シート'!$I$2:$I$41,0)),""),"") | E82: =IF(1<=MAX('入力シート'!$M$14,'入力シート'!$M$15),IF(1=1,MAX('入力シート'!$M$14,'入力シート'!$M$15)+1-1,1),IF(1=MAX('入力シート'!$M$14,'入力シート'!$M$15)+1,IF(1=1,"前","後ろ"),"")) | F82: =IF(ISNUMBER($E82),IFERROR(INDEX('入力シート'!$A$2:$A$41,MATCH("男"&($E82),'入力シート'!$I$2:$I$41,0)),""),"") | G82: =IF(ISNUMBER($E82),IFERROR(INDEX('入力シート'!$A$2:$A$41,MATCH("女"&($E82),'入力シート'!$I$2:$I$41,0)),""),"")
A83: =IF(2<=MAX('入力シート'!$M$14,'入力シート'!$M$15),IF(0=1,MAX('入力シート'!$M$14,'入力シート'!$M$15)+1-2,2),IF(2=MAX('入力シート'!$M$14,'入力シート'!$M$15)+1,IF(0=1,"前","後ろ"),"")) | B83: =IF(ISNUMBER($A83),IFERROR(INDEX('入力シート'!$A$2:$A$41,MATCH("男"&($A83),'入力シート'!$I$2:$I$41,0)),""),"") | C83: =IF(ISNUMBER($A83),IFERROR(INDEX('入力シート'!$A$2:$A$41,MATCH("女"&($A83),'入力シート'!$I$2:$I$41,0)),""),"") | E83: =IF(2<=MAX('入力シート'!$M$14,'入力シート'!$M$15),IF(1=1,MAX('入力シート'!$M$14,'入力シート'!$M$15)+1-2,2),IF(2=MAX('入力シート'!$M$14,'入力シート'!$M$15)+1,IF(1=1,"前","後ろ"),"")) | F83: =IF(ISNUMBER($E83),IFERROR(INDEX('入力シート'!$A$2:$A$41,MATCH("男"&($E83),'入力シート'!$I$2:$I$41,0)),""),"") | G83: =IF(ISNUMBER($E83),IFERROR(INDEX('入力シート'!$A$2:$A$41,MATCH("女"&($E83),'入力シート'!$I$2:$I$41,0)),""),"")
A84: =IF(3<=MAX('入力シート'!$M$14,'入力シート'!$M$15),IF(0=1,MAX('入力シート'!$M$14,'入力シート'!$M$15)+1-3,3),IF(3=MAX('入力シート'!$M$14,'入力シート'!$M$15)+1,IF(0=1,"前","後ろ"),"")) | B84: =IF(ISNUMBER($A84),IFERROR(INDEX('入力シート'!$A$2:$A$41,MATCH("男"&($A84),'入力シート'!$I$2:$I$41,0)),""),"") | C84: =IF(ISNUMBER($A84),IFERROR(INDEX('入力シート'!$A$2:$A$41,MATCH("女"&($A84),'入力シート'!$I$2:$I$41,0)),""),"") | E84: =IF(3<=MAX('入力シート'!$M$14,'入力シート'!$M$15),IF(1=1,MAX('入力シート'!$M$14,'入力シート'!$M$15)+1-3,3),IF(3=MAX('入力シート'!$M$14,'入力シート'!$M$15)+1,IF(1=1,"前","後ろ"),"")) | F84: =IF(ISNUMBER($E84),IFERROR(INDEX('入力シート'!$A$2:$A$41,MATCH("男"&($E84),'入力シート'!$I$2:$I$41,0)),""),"") | G84: =IF(ISNUMBER($E84),IFERROR(INDEX('入力シート'!$A$2:$A$41,MATCH("女"&($E84),'入力シート'!$I$2:$I$41,0)),""),"")
A85: =IF(4<=MAX('入力シート'!$M$14,'入力シート'!$M$15),IF(0=1,MAX('入力シート'!$M$14,'入力シート'!$M$15)+1-4,4),IF(4=MAX('入力シート'!$M$14,'入力シート'!$M$15)+1,IF(0=1,"前","後ろ"),"")) | B85: =IF(ISNUMBER($A85),IFERROR(INDEX('入力シート'!$A$2:$A$41,MATCH("男"&($A85),'入力シート'!$I$2:$I$41,0)),""),"") | C85: =IF(ISNUMBER($A85),IFERROR(INDEX('入力シート'!$A$2:$A$41,MATCH("女"&($A85),'入力シート'!$I$2:$I$41,0)),""),"") | E85: =IF(4<=MAX('入力シート'!$M$14,'入力シート'!$M$15),IF(1=1,MAX('入力シート'!$M$14,'入力シート'!$M$15)+1-4,4),IF(4=MAX('入力シート'!$M$14,'入力シート'!$M$15)+1,IF(1=1,"前","後ろ"),"")) | F85: =IF(ISNUMBER($E85),IFERROR(INDEX('入力シート'!$A$2:$A$41,MATCH("男"&($E85),'入力シート'!$I$2:$I$41,0)),""),"") | G85: =IF(ISNUMBER($E85),IFERROR(INDEX('入力シート'!$A$2:$A$41,MATCH("女"&($E85),'入力シート'!$I$2:$I$41,0)),""),"")
A86: =IF(5<=MAX('入力シート'!$M$14,'入力シート'!$M$15),IF(0=1,MAX('入力シート'!$M$14,'入力シート'!$M$15)+1-5,5),IF(5=MAX('入力シート'!$M$14,'入力シート'!$M$15)+1,IF(0=1,"前","後ろ"),"")) | B86: =IF(ISNUMBER($A86),IFERROR(INDEX('入力シート'!$A$2:$A$41,MATCH("男"&($A86),'入力シート'!$I$2:$I$41,0)),""),"") | C86: =IF(ISNUMBER($A86),IFERROR(INDEX('入力シート'!$A$2:$A$41,MATCH("女"&($A86),'入力シート'!$I$2:$I$41,0)),""),"") | E86: =IF(5<=MAX('入力シート'!$M$14,'入力シート'!$M$15),IF(1=1,MAX('入力シート'!$M$14,'入力シート'!$M$15)+1-5,5),IF(5=MAX('入力シート'!$M$14,'入力シート'!$M$15)+1,IF(1=1,"前","後ろ"),"")) | F86: =IF(ISNUMBER($E86),IFERROR(INDEX('入力シート'!$A$2:$A$41,MATCH("男"&($E86),'入力シート'!$I$2:$I$41,0)),""),"") | G86: =IF(ISNUMBER($E86),IFERROR(INDEX('入力シート'!$A$2:$A$41,MATCH("女"&($E86),'入力シート'!$I$2:$I$41,0)),""),"")
A87: =IF(6<=MAX('入力シート'!$M$14,'入力シート'!$M$15),IF(0=1,MAX('入力シート'!$M$14,'入力シート'!$M$15)+1-6,6),IF(6=MAX('入力シート'!$M$14,'入力シート'!$M$15)+1,IF(0=1,"前","後ろ"),"")) | B87: =IF(ISNUMBER($A87),IFERROR(INDEX('入力シート'!$A$2:$A$41,MATCH("男"&($A87),'入力シート'!$I$2:$I$41,0)),""),"") | C87: =IF(ISNUMBER($A87),IFERROR(INDEX('入力シート'!$A$2:$A$41,MATCH("女"&($A87),'入力シート'!$I$2:$I$41,0)),""),"") | E87: =IF(6<=MAX('入力シート'!$M$14,'入力シート'!$M$15),IF(1=1,MAX('入力シート'!$M$14,'入力シート'!$M$15)+1-6,6),IF(6=MAX('入力シート'!$M$14,'入力シート'!$M$15)+1,IF(1=1,"前","後ろ"),"")) | F87: =IF(ISNUMBER($E87),IFERROR(INDEX('入力シート'!$A$2:$A$41,MATCH("男"&($E87),'入力シート'!$I$2:$I$41,0)),""),"") | G87: =IF(ISNUMBER($E87),IFERROR(INDEX('入力シート'!$A$2:$A$41,MATCH("女"&($E87),'入力シート'!$I$2:$I$41,0)),""),"")
A88: =IF(7<=MAX('入力シート'!$M$14,'入力シート'!$M$15),IF(0=1,MAX('入力シート'!$M$14,'入力シート'!$M$15)+1-7,7),IF(7=MAX('入力シート'!$M$14,'入力シート'!$M$15)+1,IF(0=1,"前","後ろ"),"")) | B88: =IF(ISNUMBER($A88),IFERROR(INDEX('入力シート'!$A$2:$A$41,MATCH("男"&($A88),'入力シート'!$I$2:$I$41,0)),""),"") | C88: =IF(ISNUMBER($A88),IFERROR(INDEX('入力シート'!$A$2:$A$41,MATCH("女"&($A88),'入力シート'!$I$2:$I$41,0)),""),"") | E88: =IF(7<=MAX('入力シート'!$M$14,'入力シート'!$M$15),IF(1=1,MAX('入力シート'!$M$14,'入力シート'!$M$15)+1-7,7),IF(7=MAX('入力シート'!$M$14,'入力シート'!$M$15)+1,IF(1=1,"前","後ろ"),"")) | F88: =IF(ISNUMBER($E88),IFERROR(INDEX('入力シート'!$A$2:$A$41,MATCH("男"&($E88),'入力シート'!$I$2:$I$41,0)),""),"") | G88: =IF(ISNUMBER($E88),IFERROR(INDEX('入力シート'!$A$2:$A$41,MATCH("女"&($E88),'入力シート'!$I$2:$I$41,0)),""),"")
A89: =IF(8<=MAX('入力シート'!$M$14,'入力シート'!$M$15),IF(0=1,MAX('入力シート'!$M$14,'入力シート'!$M$15)+1-8,8),IF(8=MAX('入力シート'!$M$14,'入力シート'!$M$15)+1,IF(0=1,"前","後ろ"),"")) | B89: =IF(ISNUMBER($A89),IFERROR(INDEX('入力シート'!$A$2:$A$41,MATCH("男"&($A89),'入力シート'!$I$2:$I$41,0)),""),"") | C89: =IF(ISNUMBER($A89),IFERROR(INDEX('入力シート'!$A$2:$A$41,MATCH("女"&($A89),'入力シート'!$I$2:$I$41,0)),""),"") | E89: =IF(8<=MAX('入力シート'!$M$14,'入力シート'!$M$15),IF(1=1,MAX('入力シート'!$M$14,'入力シート'!$M$15)+1-8,8),IF(8=MAX('入力シート'!$M$14,'入力シート'!$M$15)+1,IF(1=1,"前","後ろ"),"")) | F89: =IF(ISNUMBER($E89),IFERROR(INDEX('入力シート'!$A$2:$A$41,MATCH("男"&($E89),'入力シート'!$I$2:$I$41,0)),""),"") | G89: =IF(ISNUMBER($E89),IFERROR(INDEX('入力シート'!$A$2:$A$41,MATCH("女"&($E89),'入力シート'!$I$2:$I$41,0)),""),"")
A90: =IF(9<=MAX('入力シート'!$M$14,'入力シート'!$M$15),IF(0=1,MAX('入力シート'!$M$14,'入力シート'!$M$15)+1-9,9),IF(9=MAX('入力シート'!$M$14,'入力シート'!$M$15)+1,IF(0=1,"前","後ろ"),"")) | B90: =IF(ISNUMBER($A90),IFERROR(INDEX('入力シート'!$A$2:$A$41,MATCH("男"&($A90),'入力シート'!$I$2:$I$41,0)),""),"") | C90: =IF(ISNUMBER($A90),IFERROR(INDEX('入力シート'!$A$2:$A$41,MATCH("女"&($A90),'入力シート'!$I$2:$I$41,0)),""),"") | E90: =IF(9<=MAX('入力シート'!$M$14,'入力シート'!$M$15),IF(1=1,MAX('入力シート'!$M$14,'入力シート'!$M$15)+1-9,9),IF(9=MAX('入力シート'!$M$14,'入力シート'!$M$15)+1,IF(1=1,"前","後ろ"),"")) | F90: =IF(ISNUMBER($E90),IFERROR(INDEX('入力シート'!$A$2:$A$41,MATCH("男"&($E90),'入力シート'!$I$2:$I$41,0)),""),"") | G90: =IF(ISNUMBER($E90),IFERROR(INDEX('入力シート'!$A$2:$A$41,MATCH("女"&($E90),'入力シート'!$I$2:$I$41,0)),""),"")
A91: =IF(10<=MAX('入力シート'!$M$14,'入力シート'!$M$15),IF(0=1,MAX('入力シート'!$M$14,'入力シート'!$M$15)+1-10,10),IF(10=MAX('入力シート'!$M$14,'入力シート'!$M$15)+1,IF(0=1,"前","後ろ"),"")) | B91: =IF(ISNUMBER($A91),IFERROR(INDEX('入力シート'!$A$2:$A$41,MATCH("男"&($A91),'入力シート'!$I$2:$I$41,0)),""),"") | C91: =IF(ISNUMBER($A91),IFERROR(INDEX('入力シート'!$A$2:$A$41,MATCH("女"&($A91),'入力シート'!$I$2:$I$41,0)),""),"") | E91: =IF(10<=MAX('入力シート'!$M$14,'入力シート'!$M$15),IF(1=1,MAX('入力シート'!$M$14,'入力シート'!$M$15)+1-10,10),IF(10=MAX('入力シート'!$M$14,'入力シート'!$M$15)+1,IF(1=1,"前","後ろ"),"")) | F91: =IF(ISNUMBER($E91),IFERROR(INDEX('入力シート'!$A$2:$A$41,MATCH("男"&($E91),'入力シート'!$I$2:$I$41,0)),""),"") | G91: =IF(ISNUMBER($E91),IFERROR(INDEX('入力シート'!$A$2:$A$41,MATCH("女"&($E91),'入力シート'!$I$2:$I$41,0)),""),"")
A92: =IF(11<=MAX('入力シート'!$M$14,'入力シート'!$M$15),IF(0=1,MAX('入力シート'!$M$14,'入力シート'!$M$15)+1-11,11),IF(11=MAX('入力シート'!$M$14,'入力シート'!$M$15)+1,IF(0=1,"前","後ろ"),"")) | B92: =IF(ISNUMBER($A92),IFERROR(INDEX('入力シート'!$A$2:$A$41,MATCH("男"&($A92),'入力シート'!$I$2:$I$41,0)),""),"") | C92: =IF(ISNUMBER($A92),IFERROR(INDEX('入力シート'!$A$2:$A$41,MATCH("女"&($A92),'入力シート'!$I$2:$I$41,0)),""),"") | E92: =IF(11<=MAX('入力シート'!$M$14,'入力シート'!$M$15),IF(1=1,MAX('入力シート'!$M$14,'入力シート'!$M$15)+1-11,11),IF(11=MAX('入力シート'!$M$14,'入力シート'!$M$15)+1,IF(1=1,"前","後ろ"),"")) | F92: =IF(ISNUMBER($E92),IFERROR(INDEX('入力シート'!$A$2:$A$41,MATCH("男"&($E92),'入力シート'!$I$2:$I$41,0)),""),"") | G92: =IF(ISNUMBER($E92),IFERROR(INDEX('入力シート'!$A$2:$A$41,MATCH("女"&($E92),'入力シート'!$I$2:$I$41,0)),""),"")
A93: =IF(12<=MAX('入力シート'!$M$14,'入力シート'!$M$15),IF(0=1,MAX('入力シート'!$M$14,'入力シート'!$M$15)+1-12,12),IF(12=MAX('入力シート'!$M$14,'入力シート'!$M$15)+1,IF(0=1,"前","後ろ"),"")) | B93: =IF(ISNUMBER($A93),IFERROR(INDEX('入力シート'!$A$2:$A$41,MATCH("男"&($A93),'入力シート'!$I$2:$I$41,0)),""),"") | C93: =IF(ISNUMBER($A93),IFERROR(INDEX('入力シート'!$A$2:$A$41,MATCH("女"&($A93),'入力シート'!$I$2:$I$41,0)),""),"") | E93: =IF(12<=MAX('入力シート'!$M$14,'入力シート'!$M$15),IF(1=1,MAX('入力シート'!$M$14,'入力シート'!$M$15)+1-12,12),IF(12=MAX('入力シート'!$M$14,'入力シート'!$M$15)+1,IF(1=1,"前","後ろ"),"")) | F93: =IF(ISNUMBER($E93),IFERROR(INDEX('入力シート'!$A$2:$A$41,MATCH("男"&($E93),'入力シート'!$I$2:$I$41,0)),""),"") | G93: =IF(ISNUMBER($E93),IFERROR(INDEX('入力シート'!$A$2:$A$41,MATCH("女"&($E93),'入力シート'!$I$2:$I$41,0)),""),"")
A94: =IF(13<=MAX('入力シート'!$M$14,'入力シート'!$M$15),IF(0=1,MAX('入力シート'!$M$14,'入力シート'!$M$15)+1-13,13),IF(13=MAX('入力シート'!$M$14,'入力シート'!$M$15)+1,IF(0=1,"前","後ろ"),"")) | B94: =IF(ISNUMBER($A94),IFERROR(INDEX('入力シート'!$A$2:$A$41,MATCH("男"&($A94),'入力シート'!$I$2:$I$41,0)),""),"") | C94: =IF(ISNUMBER($A94),IFERROR(INDEX('入力シート'!$A$2:$A$41,MATCH("女"&($A94),'入力シート'!$I$2:$I$41,0)),""),"") | E94: =IF(13<=MAX('入力シート'!$M$14,'入力シート'!$M$15),IF(1=1,MAX('入力シート'!$M$14,'入力シート'!$M$15)+1-13,13),IF(13=MAX('入力シート'!$M$14,'入力シート'!$M$15)+1,IF(1=1,"前","後ろ"),"")) | F94: =IF(ISNUMBER($E94),IFERROR(INDEX('入力シート'!$A$2:$A$41,MATCH("男"&($E94),'入力シート'!$I$2:$I$41,0)),""),"") | G94: =IF(ISNUMBER($E94),IFERROR(INDEX('入力シート'!$A$2:$A$41,MATCH("女"&($E94),'入力シート'!$I$2:$I$41,0)),""),"")
A95: =IF(14<=MAX('入力シート'!$M$14,'入力シート'!$M$15),IF(0=1,MAX('入力シート'!$M$14,'入力シート'!$M$15)+1-14,14),IF(14=MAX('入力シート'!$M$14,'入力シート'!$M$15)+1,IF(0=1,"前","後ろ"),"")) | B95: =IF(ISNUMBER($A95),IFERROR(INDEX('入力シート'!$A$2:$A$41,MATCH("男"&($A95),'入力シート'!$I$2:$I$41,0)),""),"") | C95: =IF(ISNUMBER($A95),IFERROR(INDEX('入力シート'!$A$2:$A$41,MATCH("女"&($A95),'入力シート'!$I$2:$I$41,0)),""),"") | E95: =IF(14<=MAX('入力シート'!$M$14,'入力シート'!$M$15),IF(1=1,MAX('入力シート'!$M$14,'入力シート'!$M$15)+1-14,14),IF(14=MAX('入力シート'!$M$14,'入力シート'!$M$15)+1,IF(1=1,"前","後ろ"),"")) | F95: =IF(ISNUMBER($E95),IFERROR(INDEX('入力シート'!$A$2:$A$41,MATCH("男"&($E95),'入力シート'!$I$2:$I$41,0)),""),"") | G95: =IF(ISNUMBER($E95),IFERROR(INDEX('入力シート'!$A$2:$A$41,MATCH("女"&($E95),'入力シート'!$I$2:$I$41,0)),""),"")
A96: =IF(15<=MAX('入力シート'!$M$14,'入力シート'!$M$15),IF(0=1,MAX('入力シート'!$M$14,'入力シート'!$M$15)+1-15,15),IF(15=MAX('入力シート'!$M$14,'入力シート'!$M$15)+1,IF(0=1,"前","後ろ"),"")) | B96: =IF(ISNUMBER($A96),IFERROR(INDEX('入力シート'!$A$2:$A$41,MATCH("男"&($A96),'入力シート'!$I$2:$I$41,0)),""),"") | C96: =IF(ISNUMBER($A96),IFERROR(INDEX('入力シート'!$A$2:$A$41,MATCH("女"&($A96),'入力シート'!$I$2:$I$41,0)),""),"") | E96: =IF(15<=MAX('入力シート'!$M$14,'入力シート'!$M$15),IF(1=1,MAX('入力シート'!$M$14,'入力シート'!$M$15)+1-15,15),IF(15=MAX('入力シート'!$M$14,'入力シート'!$M$15)+1,IF(1=1,"前","後ろ"),"")) | F96: =IF(ISNUMBER($E96),IFERROR(INDEX('入力シート'!$A$2:$A$41,MATCH("男"&($E96),'入力シート'!$I$2:$I$41,0)),""),"") | G96: =IF(ISNUMBER($E96),IFERROR(INDEX('入力シート'!$A$2:$A$41,MATCH("女"&($E96),'入力シート'!$I$2:$I$41,0)),""),"")
A97: =IF(16<=MAX('入力シート'!$M$14,'入力シート'!$M$15),IF(0=1,MAX('入力シート'!$M$14,'入力シート'!$M$15)+1-16,16),IF(16=MAX('入力シート'!$M$14,'入力シート'!$M$15)+1,IF(0=1,"前","後ろ"),"")) | B97: =IF(ISNUMBER($A97),IFERROR(INDEX('入力シート'!$A$2:$A$41,MATCH("男"&($A97),'入力シート'!$I$2:$I$41,0)),""),"") | C97: =IF(ISNUMBER($A97),IFERROR(INDEX('入力シート'!$A$2:$A$41,MATCH("女"&($A97),'入力シート'!$I$2:$I$41,0)),""),"") | E97: =IF(16<=MAX('入力シート'!$M$14,'入力シート'!$M$15),IF(1=1,MAX('入力シート'!$M$14,'入力シート'!$M$15)+1-16,16),IF(16=MAX('入力シート'!$M$14,'入力シート'!$M$15)+1,IF(1=1,"前","後ろ"),"")) | F97: =IF(ISNUMBER($E97),IFERROR(INDEX('入力シート'!$A$2:$A$41,MATCH("男"&($E97),'入力シート'!$I$2:$I$41,0)),""),"") | G97: =IF(ISNUMBER($E97),IFERROR(INDEX('入力シート'!$A$2:$A$41,MATCH("女"&($E97),'入力シート'!$I$2:$I$41,0)),""),"")
A98: =IF(17<=MAX('入力シート'!$M$14,'入力シート'!$M$15),IF(0=1,MAX('入力シート'!$M$14,'入力シート'!$M$15)+1-17,17),IF(17=MAX('入力シート'!$M$14,'入力シート'!$M$15)+1,IF(0=1,"前","後ろ"),"")) | B98: =IF(ISNUMBER($A98),IFERROR(INDEX('入力シート'!$A$2:$A$41,MATCH("男"&($A98),'入力シート'!$I$2:$I$41,0)),""),"") | C98: =IF(ISNUMBER($A98),IFERROR(INDEX('入力シート'!$A$2:$A$41,MATCH("女"&($A98),'入力シート'!$I$2:$I$41,0)),""),"") | E98: =IF(17<=MAX('入力シート'!$M$14,'入力シート'!$M$15),IF(1=1,MAX('入力シート'!$M$14,'入力シート'!$M$15)+1-17,17),IF(17=MAX('入力シート'!$M$14,'入力シート'!$M$15)+1,IF(1=1,"前","後ろ"),"")) | F98: =IF(ISNUMBER($E98),IFERROR(INDEX('入力シート'!$A$2:$A$41,MATCH("男"&($E98),'入力シート'!$I$2:$I$41,0)),""),"") | G98: =IF(ISNUMBER($E98),IFERROR(INDEX('入力シート'!$A$2:$A$41,MATCH("女"&($E98),'入力シート'!$I$2:$I$41,0)),""),"")
A99: =IF(18<=MAX('入力シート'!$M$14,'入力シート'!$M$15),IF(0=1,MAX('入力シート'!$M$14,'入力シート'!$M$15)+1-18,18),IF(18=MAX('入力シート'!$M$14,'入力シート'!$M$15)+1,IF(0=1,"前","後ろ"),"")) | B99: =IF(ISNUMBER($A99),IFERROR(INDEX('入力シート'!$A$2:$A$41,MATCH("男"&($A99),'入力シート'!$I$2:$I$41,0)),""),"") | C99: =IF(ISNUMBER($A99),IFERROR(INDEX('入力シート'!$A$2:$A$41,MATCH("女"&($A99),'入力シート'!$I$2:$I$41,0)),""),"") | E99: =IF(18<=MAX('入力シート'!$M$14,'入力シート'!$M$15),IF(1=1,MAX('入力シート'!$M$14,'入力シート'!$M$15)+1-18,18),IF(18=MAX('入力シート'!$M$14,'入力シート'!$M$15)+1,IF(1=1,"前","後ろ"),"")) | F99: =IF(ISNUMBER($E99),IFERROR(INDEX('入力シート'!$A$2:$A$41,MATCH("男"&($E99),'入力シート'!$I$2:$I$41,0)),""),"") | G99: =IF(ISNUMBER($E99),IFERROR(INDEX('入力シート'!$A$2:$A$41,MATCH("女"&($E99),'入力シート'!$I$2:$I$41,0)),""),"")
A100: =IF(19<=MAX('入力シート'!$M$14,'入力シート'!$M$15),IF(0=1,MAX('入力シート'!$M$14,'入力シート'!$M$15)+1-19,19),IF(19=MAX('入力シート'!$M$14,'入力シート'!$M$15)+1,IF(0=1,"前","後ろ"),"")) | B100: =IF(ISNUMBER($A100),IFERROR(INDEX('入力シート'!$A$2:$A$41,MATCH("男"&($A100),'入力シート'!$I$2:$I$41,0)),""),"") | C100: =IF(ISNUMBER($A100),IFERROR(INDEX('入力シート'!$A$2:$A$41,MATCH("女"&($A100),'入力シート'!$I$2:$I$41,0)),""),"") | E100: =IF(19<=MAX('入力シート'!$M$14,'入力シート'!$M$15),IF(1=1,MAX('入力シート'!$M$14,'入力シート'!$M$15)+1-19,19),IF(19=MAX('入力シート'!$M$14,'入力シート'!$M$15)+1,IF(1=1,"前","後ろ"),"")) | F100: =IF(ISNUMBER($E100),IFERROR(INDEX('入力シート'!$A$2:$A$41,MATCH("男"&($E100),'入力シート'!$I$2:$I$41,0)),""),"") | G100: =IF(ISNUMBER($E100),IFERROR(INDEX('入力シート'!$A$2:$A$41,MATCH("女"&($E100),'入力シート'!$I$2:$I$41,0)),""),"")
A101: =IF(20<=MAX('入力シート'!$M$14,'入力シート'!$M$15),IF(0=1,MAX('入力シート'!$M$14,'入力シート'!$M$15)+1-20,20),IF(20=MAX('入力シート'!$M$14,'入力シート'!$M$15)+1,IF(0=1,"前","後ろ"),"")) | B101: =IF(ISNUMBER($A101),IFERROR(INDEX('入力シート'!$A$2:$A$41,MATCH("男"&($A101),'入力シート'!$I$2:$I$41,0)),""),"") | C101: =IF(ISNUMBER($A101),IFERROR(INDEX('入力シート'!$A$2:$A$41,MATCH("女"&($A101),'入力シート'!$I$2:$I$41,0)),""),"") | E101: =IF(20<=MAX('入力シート'!$M$14,'入力シート'!$M$15),IF(1=1,MAX('入力シート'!$M$14,'入力シート'!$M$15)+1-20,20),IF(20=MAX('入力シート'!$M$14,'入力シート'!$M$15)+1,IF(1=1,"前","後ろ"),"")) | F101: =IF(ISNUMBER($E101),IFERROR(INDEX('入力シート'!$A$2:$A$41,MATCH("男"&($E101),'入力シート'!$I$2:$I$41,0)),""),"") | G101: =IF(ISNUMBER($E101),IFERROR(INDEX('入力シート'!$A$2:$A$41,MATCH("女"&($E101),'入力シート'!$I$2:$I$41,0)),""),"")
A102: =IF(21<=MAX('入力シート'!$M$14,'入力シート'!$M$15),IF(0=1,MAX('入力シート'!$M$14,'入力シート'!$M$15)+1-21,21),IF(21=MAX('入力シート'!$M$14,'入力シート'!$M$15)+1,IF(0=1,"前","後ろ"),"")) | B102: =IF(ISNUMBER($A102),IFERROR(INDEX('入力シート'!$A$2:$A$41,MATCH("男"&($A102),'入力シート'!$I$2:$I$41,0)),""),"") | C102: =IF(ISNUMBER($A102),IFERROR(INDEX('入力シート'!$A$2:$A$41,MATCH("女"&($A102),'入力シート'!$I$2:$I$41,0)),""),"") | E102: =IF(21<=MAX('入力シート'!$M$14,'入力シート'!$M$15),IF(1=1,MAX('入力シート'!$M$14,'入力シート'!$M$15)+1-21,21),IF(21=MAX('入力シート'!$M$14,'入力シート'!$M$15)+1,IF(1=1,"前","後ろ"),"")) | F102: =IF(ISNUMBER($E102),IFERROR(INDEX('入力シート'!$A$2:$A$41,MATCH("男"&($E102),'入力シート'!$I$2:$I$41,0)),""),"") | G102: =IF(ISNUMBER($E102),IFERROR(INDEX('入力シート'!$A$2:$A$41,MATCH("女"&($E102),'入力シート'!$I$2:$I$41,0)),""),"")
A103: =IF(22<=MAX('入力シート'!$M$14,'入力シート'!$M$15),IF(0=1,MAX('入力シート'!$M$14,'入力シート'!$M$15)+1-22,22),IF(22=MAX('入力シート'!$M$14,'入力シート'!$M$15)+1,IF(0=1,"前","後ろ"),"")) | B103: =IF(ISNUMBER($A103),IFERROR(INDEX('入力シート'!$A$2:$A$41,MATCH("男"&($A103),'入力シート'!$I$2:$I$41,0)),""),"") | C103: =IF(ISNUMBER($A103),IFERROR(INDEX('入力シート'!$A$2:$A$41,MATCH("女"&($A103),'入力シート'!$I$2:$I$41,0)),""),"") | E103: =IF(22<=MAX('入力シート'!$M$14,'入力シート'!$M$15),IF(1=1,MAX('入力シート'!$M$14,'入力シート'!$M$15)+1-22,22),IF(22=MAX('入力シート'!$M$14,'入力シート'!$M$15)+1,IF(1=1,"前","後ろ"),"")) | F103: =IF(ISNUMBER($E103),IFERROR(INDEX('入力シート'!$A$2:$A$41,MATCH("男"&($E103),'入力シート'!$I$2:$I$41,0)),""),"") | G103: =IF(ISNUMBER($E103),IFERROR(INDEX('入力シート'!$A$2:$A$41,MATCH("女"&($E103),'入力シート'!$I$2:$I$41,0)),""),"")
A104: =IF(23<=MAX('入力シート'!$M$14,'入力シート'!$M$15),IF(0=1,MAX('入力シート'!$M$14,'入力シート'!$M$15)+1-23,23),IF(23=MAX('入力シート'!$M$14,'入力シート'!$M$15)+1,IF(0=1,"前","後ろ"),"")) | B104: =IF(ISNUMBER($A104),IFERROR(INDEX('入力シート'!$A$2:$A$41,MATCH("男"&($A104),'入力シート'!$I$2:$I$41,0)),""),"") | C104: =IF(ISNUMBER($A104),IFERROR(INDEX('入力シート'!$A$2:$A$41,MATCH("女"&($A104),'入力シート'!$I$2:$I$41,0)),""),"") | E104: =IF(23<=MAX('入力シート'!$M$14,'入力シート'!$M$15),IF(1=1,MAX('入力シート'!$M$14,'入力シート'!$M$15)+1-23,23),IF(23=MAX('入力シート'!$M$14,'入力シート'!$M$15)+1,IF(1=1,"前","後ろ"),"")) | F104: =IF(ISNUMBER($E104),IFERROR(INDEX('入力シート'!$A$2:$A$41,MATCH("男"&($E104),'入力シート'!$I$2:$I$41,0)),""),"") | G104: =IF(ISNUMBER($E104),IFERROR(INDEX('入力シート'!$A$2:$A$41,MATCH("女"&($E104),'入力シート'!$I$2:$I$41,0)),""),"")
A105: =IF(24<=MAX('入力シート'!$M$14,'入力シート'!$M$15),IF(0=1,MAX('入力シート'!$M$14,'入力シート'!$M$15)+1-24,24),IF(24=MAX('入力シート'!$M$14,'入力シート'!$M$15)+1,IF(0=1,"前","後ろ"),"")) | B105: =IF(ISNUMBER($A105),IFERROR(INDEX('入力シート'!$A$2:$A$41,MATCH("男"&($A105),'入力シート'!$I$2:$I$41,0)),""),"") | C105: =IF(ISNUMBER($A105),IFERROR(INDEX('入力シート'!$A$2:$A$41,MATCH("女"&($A105),'入力シート'!$I$2:$I$41,0)),""),"") | E105: =IF(24<=MAX('入力シート'!$M$14,'入力シート'!$M$15),IF(1=1,MAX('入力シート'!$M$14,'入力シート'!$M$15)+1-24,24),IF(24=MAX('入力シート'!$M$14,'入力シート'!$M$15)+1,IF(1=1,"前","後ろ"),"")) | F105: =IF(ISNUMBER($E105),IFERROR(INDEX('入力シート'!$A$2:$A$41,MATCH("男"&($E105),'入力シート'!$I$2:$I$41,0)),""),"") | G105: =IF(ISNUMBER($E105),IFERROR(INDEX('入力シート'!$A$2:$A$41,MATCH("女"&($E105),'入力シート'!$I$2:$I$41,0)),""),"")
...

Sheet 4列
A1: 背の順 4列
A2: 上が前・下が前を両方出しています。印刷したい並びの黄色いマスに ○ を入れると「印刷用」シートに出ます。
A4: 4列① 横に順番（1・2・3・4／5・6・7・8）
B5: 上が前 ← ○で印刷 | H5: 下が前 ← ○で印刷
A7: =IF(0=1,"後ろ","前") | B7: =IF(ISNUMBER($A7),IFERROR(INDEX('入力シート'!$A$2:$A$41,MATCH(($A7-1)*4+1,'入力シート'!$F$2:$F$41,0)),""),"") | C7: =IF(ISNUMBER($A7),IFERROR(INDEX('入力シート'!$A$2:$A$41,MATCH(($A7-1)*4+2,'入力シート'!$F$2:$F$41,0)),""),"") | D7: =IF(ISNUMBER($A7),IFERROR(INDEX('入力シート'!$A$2:$A$41,MATCH(($A7-1)*4+3,'入力シート'!$F$2:$F$41,0)),""),"") | E7: =IF(ISNUMBER($A7),IFERROR(INDEX('入力シート'!$A$2:$A$41,MATCH(($A7-1)*4+4,'入力シート'!$F$2:$F$41,0)),""),"") | G7: =IF(1=1,"後ろ","前") | H7: =IF(ISNUMBER($G7),IFERROR(INDEX('入力シート'!$A$2:$A$41,MATCH(($G7-1)*4+1,'入力シート'!$F$2:$F$41,0)),""),"") | I7: =IF(ISNUMBER($G7),IFERROR(INDEX('入力シート'!$A$2:$A$41,MATCH(($G7-1)*4+2,'入力シート'!$F$2:$F$41,0)),""),"") | J7: =IF(ISNUMBER($G7),IFERROR(INDEX('入力シート'!$A$2:$A$41,MATCH(($G7-1)*4+3,'入力シート'!$F$2:$F$41,0)),""),"") | K7: =IF(ISNUMBER($G7),IFERROR(INDEX('入力シート'!$A$2:$A$41,MATCH(($G7-1)*4+4,'入力シート'!$F$2:$F$41,0)),""),"")
A8: =IF(1<=ROUNDUP('入力シート'!$M$13/4,0),IF(0=1,ROUNDUP('入力シート'!$M$13/4,0)+1-1,1),IF(1=ROUNDUP('入力シート'!$M$13/4,0)+1,IF(0=1,"前","後ろ"),"")) | B8: =IF(ISNUMBER($A8),IFERROR(INDEX('入力シート'!$A$2:$A$41,MATCH(($A8-1)*4+1,'入力シート'!$F$2:$F$41,0)),""),"") | C8: =IF(ISNUMBER($A8),IFERROR(INDEX('入力シート'!$A$2:$A$41,MATCH(($A8-1)*4+2,'入力シート'!$F$2:$F$41,0)),""),"") | D8: =IF(ISNUMBER($A8),IFERROR(INDEX('入力シート'!$A$2:$A$41,MATCH(($A8-1)*4+3,'入力シート'!$F$2:$F$41,0)),""),"") | E8: =IF(ISNUMBER($A8),IFERROR(INDEX('入力シート'!$A$2:$A$41,MATCH(($A8-1)*4+4,'入力シート'!$F$2:$F$41,0)),""),"") | G8: =IF(1<=ROUNDUP('入力シート'!$M$13/4,0),IF(1=1,ROUNDUP('入力シート'!$M$13/4,0)+1-1,1),IF(1=ROUNDUP('入力シート'!$M$13/4,0)+1,IF(1=1,"前","後ろ"),"")) | H8: =IF(ISNUMBER($G8),IFERROR(INDEX('入力シート'!$A$2:$A$41,MATCH(($G8-1)*4+1,'入力シート'!$F$2:$F$41,0)),""),"") | I8: =IF(ISNUMBER($G8),IFERROR(INDEX('入力シート'!$A$2:$A$41,MATCH(($G8-1)*4+2,'入力シート'!$F$2:$F$41,0)),""),"") | J8: =IF(ISNUMBER($G8),IFERROR(INDEX('入力シート'!$A$2:$A$41,MATCH(($G8-1)*4+3,'入力シート'!$F$2:$F$41,0)),""),"") | K8: =IF(ISNUMBER($G8),IFERROR(INDEX('入力シート'!$A$2:$A$41,MATCH(($G8-1)*4+4,'入力シート'!$F$2:$F$41,0)),""),"")
A9: =IF(2<=ROUNDUP('入力シート'!$M$13/4,0),IF(0=1,ROUNDUP('入力シート'!$M$13/4,0)+1-2,2),IF(2=ROUNDUP('入力シート'!$M$13/4,0)+1,IF(0=1,"前","後ろ"),"")) | B9: =IF(ISNUMBER($A9),IFERROR(INDEX('入力シート'!$A$2:$A$41,MATCH(($A9-1)*4+1,'入力シート'!$F$2:$F$41,0)),""),"") | C9: =IF(ISNUMBER($A9),IFERROR(INDEX('入力シート'!$A$2:$A$41,MATCH(($A9-1)*4+2,'入力シート'!$F$2:$F$41,0)),""),"") | D9: =IF(ISNUMBER($A9),IFERROR(INDEX('入力シート'!$A$2:$A$41,MATCH(($A9-1)*4+3,'入力シート'!$F$2:$F$41,0)),""),"") | E9: =IF(ISNUMBER($A9),IFERROR(INDEX('入力シート'!$A$2:$A$41,MATCH(($A9-1)*4+4,'入力シート'!$F$2:$F$41,0)),""),"") | G9: =IF(2<=ROUNDUP('入力シート'!$M$13/4,0),IF(1=1,ROUNDUP('入力シート'!$M$13/4,0)+1-2,2),IF(2=ROUNDUP('入力シート'!$M$13/4,0)+1,IF(1=1,"前","後ろ"),"")) | H9: =IF(ISNUMBER($G9),IFERROR(INDEX('入力シート'!$A$2:$A$41,MATCH(($G9-1)*4+1,'入力シート'!$F$2:$F$41,0)),""),"") | I9: =IF(ISNUMBER($G9),IFERROR(INDEX('入力シート'!$A$2:$A$41,MATCH(($G9-1)*4+2,'入力シート'!$F$2:$F$41,0)),""),"") | J9: =IF(ISNUMBER($G9),IFERROR(INDEX('入力シート'!$A$2:$A$41,MATCH(($G9-1)*4+3,'入力シート'!$F$2:$F$41,0)),""),"") | K9: =IF(ISNUMBER($G9),IFERROR(INDEX('入力シート'!$A$2:$A$41,MATCH(($G9-1)*4+4,'入力シート'!$F$2:$F$41,0)),""),"")
A10: =IF(3<=ROUNDUP('入力シート'!$M$13/4,0),IF(0=1,ROUNDUP('入力シート'!$M$13/4,0)+1-3,3),IF(3=ROUNDUP('入力シート'!$M$13/4,0)+1,IF(0=1,"前","後ろ"),"")) | B10: =IF(ISNUMBER($A10),IFERROR(INDEX('入力シート'!$A$2:$A$41,MATCH(($A10-1)*4+1,'入力シート'!$F$2:$F$41,0)),""),"") | C10: =IF(ISNUMBER($A10),IFERROR(INDEX('入力シート'!$A$2:$A$41,MATCH(($A10-1)*4+2,'入力シート'!$F$2:$F$41,0)),""),"") | D10: =IF(ISNUMBER($A10),IFERROR(INDEX('入力シート'!$A$2:$A$41,MATCH(($A10-1)*4+3,'入力シート'!$F$2:$F$41,0)),""),"") | E10: =IF(ISNUMBER($A10),IFERROR(INDEX('入力シート'!$A$2:$A$41,MATCH(($A10-1)*4+4,'入力シート'!$F$2:$F$41,0)),""),"") | G10: =IF(3<=ROUNDUP('入力シート'!$M$13/4,0),IF(1=1,ROUNDUP('入力シート'!$M$13/4,0)+1-3,3),IF(3=ROUNDUP('入力シート'!$M$13/4,0)+1,IF(1=1,"前","後ろ"),"")) | H10: =IF(ISNUMBER($G10),IFERROR(INDEX('入力シート'!$A$2:$A$41,MATCH(($G10-1)*4+1,'入力シート'!$F$2:$F$41,0)),""),"") | I10: =IF(ISNUMBER($G10),IFERROR(INDEX('入力シート'!$A$2:$A$41,MATCH(($G10-1)*4+2,'入力シート'!$F$2:$F$41,0)),""),"") | J10: =IF(ISNUMBER($G10),IFERROR(INDEX('入力シート'!$A$2:$A$41,MATCH(($G10-1)*4+3,'入力シート'!$F$2:$F$41,0)),""),"") | K10: =IF(ISNUMBER($G10),IFERROR(INDEX('入力シート'!$A$2:$A$41,MATCH(($G10-1)*4+4,'入力シート'!$F$2:$F$41,0)),""),"")
A11: =IF(4<=ROUNDUP('入力シート'!$M$13/4,0),IF(0=1,ROUNDUP('入力シート'!$M$13/4,0)+1-4,4),IF(4=ROUNDUP('入力シート'!$M$13/4,0)+1,IF(0=1,"前","後ろ"),"")) | B11: =IF(ISNUMBER($A11),IFERROR(INDEX('入力シート'!$A$2:$A$41,MATCH(($A11-1)*4+1,'入力シート'!$F$2:$F$41,0)),""),"") | C11: =IF(ISNUMBER($A11),IFERROR(INDEX('入力シート'!$A$2:$A$41,MATCH(($A11-1)*4+2,'入力シート'!$F$2:$F$41,0)),""),"") | D11: =IF(ISNUMBER($A11),IFERROR(INDEX('入力シート'!$A$2:$A$41,MATCH(($A11-1)*4+3,'入力シート'!$F$2:$F$41,0)),""),"") | E11: =IF(ISNUMBER($A11),IFERROR(INDEX('入力シート'!$A$2:$A$41,MATCH(($A11-1)*4+4,'入力シート'!$F$2:$F$41,0)),""),"") | G11: =IF(4<=ROUNDUP('入力シート'!$M$13/4,0),IF(1=1,ROUNDUP('入力シート'!$M$13/4,0)+1-4,4),IF(4=ROUNDUP('入力シート'!$M$13/4,0)+1,IF(1=1,"前","後ろ"),"")) | H11: =IF(ISNUMBER($G11),IFERROR(INDEX('入力シート'!$A$2:$A$41,MATCH(($G11-1)*4+1,'入力シート'!$F$2:$F$41,0)),""),"") | I11: =IF(ISNUMBER($G11),IFERROR(INDEX('入力シート'!$A$2:$A$41,MATCH(($G11-1)*4+2,'入力シート'!$F$2:$F$41,0)),""),"") | J11: =IF(ISNUMBER($G11),IFERROR(INDEX('入力シート'!$A$2:$A$41,MATCH(($G11-1)*4+3,'入力シート'!$F$2:$F$41,0)),""),"") | K11: =IF(ISNUMBER($G11),IFERROR(INDEX('入力シート'!$A$2:$A$41,MATCH(($G11-1)*4+4,'入力シート'!$F$2:$F$41,0)),""),"")
A12: =IF(5<=ROUNDUP('入力シート'!$M$13/4,0),IF(0=1,ROUNDUP('入力シート'!$M$13/4,0)+1-5,5),IF(5=ROUNDUP('入力シート'!$M$13/4,0)+1,IF(0=1,"前","後ろ"),"")) | B12: =IF(ISNUMBER($A12),IFERROR(INDEX('入力シート'!$A$2:$A$41,MATCH(($A12-1)*4+1,'入力シート'!$F$2:$F$41,0)),""),"") | C12: =IF(ISNUMBER($A12),IFERROR(INDEX('入力シート'!$A$2:$A$41,MATCH(($A12-1)*4+2,'入力シート'!$F$2:$F$41,0)),""),"") | D12: =IF(ISNUMBER($A12),IFERROR(INDEX('入力シート'!$A$2:$A$41,MATCH(($A12-1)*4+3,'入力シート'!$F$2:$F$41,0)),""),"") | E12: =IF(ISNUMBER($A12),IFERROR(INDEX('入力シート'!$A$2:$A$41,MATCH(($A12-1)*4+4,'入力シート'!$F$2:$F$41,0)),""),"") | G12: =IF(5<=ROUNDUP('入力シート'!$M$13/4,0),IF(1=1,ROUNDUP('入力シート'!$M$13/4,0)+1-5,5),IF(5=ROUNDUP('入力シート'!$M$13/4,0)+1,IF(1=1,"前","後ろ"),"")) | H12: =IF(ISNUMBER($G12),IFERROR(INDEX('入力シート'!$A$2:$A$41,MATCH(($G12-1)*4+1,'入力シート'!$F$2:$F$41,0)),""),"") | I12: =IF(ISNUMBER($G12),IFERROR(INDEX('入力シート'!$A$2:$A$41,MATCH(($G12-1)*4+2,'入力シート'!$F$2:$F$41,0)),""),"") | J12: =IF(ISNUMBER($G12),IFERROR(INDEX('入力シート'!$A$2:$A$41,MATCH(($G12-1)*4+3,'入力シート'!$F$2:$F$41,0)),""),"") | K12: =IF(ISNUMBER($G12),IFERROR(INDEX('入力シート'!$A$2:$A$41,MATCH(($G12-1)*4+4,'入力シート'!$F$2:$F$41,0)),""),"")
A13: =IF(6<=ROUNDUP('入力シート'!$M$13/4,0),IF(0=1,ROUNDUP('入力シート'!$M$13/4,0)+1-6,6),IF(6=ROUNDUP('入力シート'!$M$13/4,0)+1,IF(0=1,"前","後ろ"),"")) | B13: =IF(ISNUMBER($A13),IFERROR(INDEX('入力シート'!$A$2:$A$41,MATCH(($A13-1)*4+1,'入力シート'!$F$2:$F$41,0)),""),"") | C13: =IF(ISNUMBER($A13),IFERROR(INDEX('入力シート'!$A$2:$A$41,MATCH(($A13-1)*4+2,'入力シート'!$F$2:$F$41,0)),""),"") | D13: =IF(ISNUMBER($A13),IFERROR(INDEX('入力シート'!$A$2:$A$41,MATCH(($A13-1)*4+3,'入力シート'!$F$2:$F$41,0)),""),"") | E13: =IF(ISNUMBER($A13),IFERROR(INDEX('入力シート'!$A$2:$A$41,MATCH(($A13-1)*4+4,'入力シート'!$F$2:$F$41,0)),""),"") | G13: =IF(6<=ROUNDUP('入力シート'!$M$13/4,0),IF(1=1,ROUNDUP('入力シート'!$M$13/4,0)+1-6,6),IF(6=ROUNDUP('入力シート'!$M$13/4,0)+1,IF(1=1,"前","後ろ"),"")) | H13: =IF(ISNUMBER($G13),IFERROR(INDEX('入力シート'!$A$2:$A$41,MATCH(($G13-1)*4+1,'入力シート'!$F$2:$F$41,0)),""),"") | I13: =IF(ISNUMBER($G13),IFERROR(INDEX('入力シート'!$A$2:$A$41,MATCH(($G13-1)*4+2,'入力シート'!$F$2:$F$41,0)),""),"") | J13: =IF(ISNUMBER($G13),IFERROR(INDEX('入力シート'!$A$2:$A$41,MATCH(($G13-1)*4+3,'入力シート'!$F$2:$F$41,0)),""),"") | K13: =IF(ISNUMBER($G13),IFERROR(INDEX('入力シート'!$A$2:$A$41,MATCH(($G13-1)*4+4,'入力シート'!$F$2:$F$41,0)),""),"")
A14: =IF(7<=ROUNDUP('入力シート'!$M$13/4,0),IF(0=1,ROUNDUP('入力シート'!$M$13/4,0)+1-7,7),IF(7=ROUNDUP('入力シート'!$M$13/4,0)+1,IF(0=1,"前","後ろ"),"")) | B14: =IF(ISNUMBER($A14),IFERROR(INDEX('入力シート'!$A$2:$A$41,MATCH(($A14-1)*4+1,'入力シート'!$F$2:$F$41,0)),""),"") | C14: =IF(ISNUMBER($A14),IFERROR(INDEX('入力シート'!$A$2:$A$41,MATCH(($A14-1)*4+2,'入力シート'!$F$2:$F$41,0)),""),"") | D14: =IF(ISNUMBER($A14),IFERROR(INDEX('入力シート'!$A$2:$A$41,MATCH(($A14-1)*4+3,'入力シート'!$F$2:$F$41,0)),""),"") | E14: =IF(ISNUMBER($A14),IFERROR(INDEX('入力シート'!$A$2:$A$41,MATCH(($A14-1)*4+4,'入力シート'!$F$2:$F$41,0)),""),"") | G14: =IF(7<=ROUNDUP('入力シート'!$M$13/4,0),IF(1=1,ROUNDUP('入力シート'!$M$13/4,0)+1-7,7),IF(7=ROUNDUP('入力シート'!$M$13/4,0)+1,IF(1=1,"前","後ろ"),"")) | H14: =IF(ISNUMBER($G14),IFERROR(INDEX('入力シート'!$A$2:$A$41,MATCH(($G14-1)*4+1,'入力シート'!$F$2:$F$41,0)),""),"") | I14: =IF(ISNUMBER($G14),IFERROR(INDEX('入力シート'!$A$2:$A$41,MATCH(($G14-1)*4+2,'入力シート'!$F$2:$F$41,0)),""),"") | J14: =IF(ISNUMBER($G14),IFERROR(INDEX('入力シート'!$A$2:$A$41,MATCH(($G14-1)*4+3,'入力シート'!$F$2:$F$41,0)),""),"") | K14: =IF(ISNUMBER($G14),IFERROR(INDEX('入力シート'!$A$2:$A$41,MATCH(($G14-1)*4+4,'入力シート'!$F$2:$F$41,0)),""),"")
A15: =IF(8<=ROUNDUP('入力シート'!$M$13/4,0),IF(0=1,ROUNDUP('入力シート'!$M$13/4,0)+1-8,8),IF(8=ROUNDUP('入力シート'!$M$13/4,0)+1,IF(0=1,"前","後ろ"),"")) | B15: =IF(ISNUMBER($A15),IFERROR(INDEX('入力シート'!$A$2:$A$41,MATCH(($A15-1)*4+1,'入力シート'!$F$2:$F$41,0)),""),"") | C15: =IF(ISNUMBER($A15),IFERROR(INDEX('入力シート'!$A$2:$A$41,MATCH(($A15-1)*4+2,'入力シート'!$F$2:$F$41,0)),""),"") | D15: =IF(ISNUMBER($A15),IFERROR(INDEX('入力シート'!$A$2:$A$41,MATCH(($A15-1)*4+3,'入力シート'!$F$2:$F$41,0)),""),"") | E15: =IF(ISNUMBER($A15),IFERROR(INDEX('入力シート'!$A$2:$A$41,MATCH(($A15-1)*4+4,'入力シート'!$F$2:$F$41,0)),""),"") | G15: =IF(8<=ROUNDUP('入力シート'!$M$13/4,0),IF(1=1,ROUNDUP('入力シート'!$M$13/4,0)+1-8,8),IF(8=ROUNDUP('入力シート'!$M$13/4,0)+1,IF(1=1,"前","後ろ"),"")) | H15: =IF(ISNUMBER($G15),IFERROR(INDEX('入力シート'!$A$2:$A$41,MATCH(($G15-1)*4+1,'入力シート'!$F$2:$F$41,0)),""),"") | I15: =IF(ISNUMBER($G15),IFERROR(INDEX('入力シート'!$A$2:$A$41,MATCH(($G15-1)*4+2,'入力シート'!$F$2:$F$41,0)),""),"") | J15: =IF(ISNUMBER($G15),IFERROR(INDEX('入力シート'!$A$2:$A$41,MATCH(($G15-1)*4+3,'入力シート'!$F$2:$F$41,0)),""),"") | K15: =IF(ISNUMBER($G15),IFERROR(INDEX('入力シート'!$A$2:$A$41,MATCH(($G15-1)*4+4,'入力シート'!$F$2:$F$41,0)),""),"")
A16: =IF(9<=ROUNDUP('入力シート'!$M$13/4,0),IF(0=1,ROUNDUP('入力シート'!$M$13/4,0)+1-9,9),IF(9=ROUNDUP('入力シート'!$M$13/4,0)+1,IF(0=1,"前","後ろ"),"")) | B16: =IF(ISNUMBER($A16),IFERROR(INDEX('入力シート'!$A$2:$A$41,MATCH(($A16-1)*4+1,'入力シート'!$F$2:$F$41,0)),""),"") | C16: =IF(ISNUMBER($A16),IFERROR(INDEX('入力シート'!$A$2:$A$41,MATCH(($A16-1)*4+2,'入力シート'!$F$2:$F$41,0)),""),"") | D16: =IF(ISNUMBER($A16),IFERROR(INDEX('入力シート'!$A$2:$A$41,MATCH(($A16-1)*4+3,'入力シート'!$F$2:$F$41,0)),""),"") | E16: =IF(ISNUMBER($A16),IFERROR(INDEX('入力シート'!$A$2:$A$41,MATCH(($A16-1)*4+4,'入力シート'!$F$2:$F$41,0)),""),"") | G16: =IF(9<=ROUNDUP('入力シート'!$M$13/4,0),IF(1=1,ROUNDUP('入力シート'!$M$13/4,0)+1-9,9),IF(9=ROUNDUP('入力シート'!$M$13/4,0)+1,IF(1=1,"前","後ろ"),"")) | H16: =IF(ISNUMBER($G16),IFERROR(INDEX('入力シート'!$A$2:$A$41,MATCH(($G16-1)*4+1,'入力シート'!$F$2:$F$41,0)),""),"") | I16: =IF(ISNUMBER($G16),IFERROR(INDEX('入力シート'!$A$2:$A$41,MATCH(($G16-1)*4+2,'入力シート'!$F$2:$F$41,0)),""),"") | J16: =IF(ISNUMBER($G16),IFERROR(INDEX('入力シート'!$A$2:$A$41,MATCH(($G16-1)*4+3,'入力シート'!$F$2:$F$41,0)),""),"") | K16: =IF(ISNUMBER($G16),IFERROR(INDEX('入力シート'!$A$2:$A$41,MATCH(($G16-1)*4+4,'入力シート'!$F$2:$F$41,0)),""),"")
A17: =IF(10<=ROUNDUP('入力シート'!$M$13/4,0),IF(0=1,ROUNDUP('入力シート'!$M$13/4,0)+1-10,10),IF(10=ROUNDUP('入力シート'!$M$13/4,0)+1,IF(0=1,"前","後ろ"),"")) | B17: =IF(ISNUMBER($A17),IFERROR(INDEX('入力シート'!$A$2:$A$41,MATCH(($A17-1)*4+1,'入力シート'!$F$2:$F$41,0)),""),"") | C17: =IF(ISNUMBER($A17),IFERROR(INDEX('入力シート'!$A$2:$A$41,MATCH(($A17-1)*4+2,'入力シート'!$F$2:$F$41,0)),""),"") | D17: =IF(ISNUMBER($A17),IFERROR(INDEX('入力シート'!$A$2:$A$41,MATCH(($A17-1)*4+3,'入力シート'!$F$2:$F$41,0)),""),"") | E17: =IF(ISNUMBER($A17),IFERROR(INDEX('入力シート'!$A$2:$A$41,MATCH(($A17-1)*4+4,'入力シート'!$F$2:$F$41,0)),""),"") | G17: =IF(10<=ROUNDUP('入力シート'!$M$13/4,0),IF(1=1,ROUNDUP('入力シート'!$M$13/4,0)+1-10,10),IF(10=ROUNDUP('入力シート'!$M$13/4,0)+1,IF(1=1,"前","後ろ"),"")) | H17: =IF(ISNUMBER($G17),IFERROR(INDEX('入力シート'!$A$2:$A$41,MATCH(($G17-1)*4+1,'入力シート'!$F$2:$F$41,0)),""),"") | I17: =IF(ISNUMBER($G17),IFERROR(INDEX('入力シート'!$A$2:$A$41,MATCH(($G17-1)*4+2,'入力シート'!$F$2:$F$41,0)),""),"") | J17: =IF(ISNUMBER($G17),IFERROR(INDEX('入力シート'!$A$2:$A$41,MATCH(($G17-1)*4+3,'入力シート'!$F$2:$F$41,0)),""),"") | K17: =IF(ISNUMBER($G17),IFERROR(INDEX('入力シート'!$A$2:$A$41,MATCH(($G17-1)*4+4,'入力シート'!$F$2:$F$41,0)),""),"")
A18: =IF(11<=ROUNDUP('入力シート'!$M$13/4,0),IF(0=1,ROUNDUP('入力シート'!$M$13/4,0)+1-11,11),IF(11=ROUNDUP('入力シート'!$M$13/4,0)+1,IF(0=1,"前","後ろ"),"")) | B18: =IF(ISNUMBER($A18),IFERROR(INDEX('入力シート'!$A$2:$A$41,MATCH(($A18-1)*4+1,'入力シート'!$F$2:$F$41,0)),""),"") | C18: =IF(ISNUMBER($A18),IFERROR(INDEX('入力シート'!$A$2:$A$41,MATCH(($A18-1)*4+2,'入力シート'!$F$2:$F$41,0)),""),"") | D18: =IF(ISNUMBER($A18),IFERROR(INDEX('入力シート'!$A$2:$A$41,MATCH(($A18-1)*4+3,'入力シート'!$F$2:$F$41,0)),""),"") | E18: =IF(ISNUMBER($A18),IFERROR(INDEX('入力シート'!$A$2:$A$41,MATCH(($A18-1)*4+4,'入力シート'!$F$2:$F$41,0)),""),"") | G18: =IF(11<=ROUNDUP('入力シート'!$M$13/4,0),IF(1=1,ROUNDUP('入力シート'!$M$13/4,0)+1-11,11),IF(11=ROUNDUP('入力シート'!$M$13/4,0)+1,IF(1=1,"前","後ろ"),"")) | H18: =IF(ISNUMBER($G18),IFERROR(INDEX('入力シート'!$A$2:$A$41,MATCH(($G18-1)*4+1,'入力シート'!$F$2:$F$41,0)),""),"") | I18: =IF(ISNUMBER($G18),IFERROR(INDEX('入力シート'!$A$2:$A$41,MATCH(($G18-1)*4+2,'入力シート'!$F$2:$F$41,0)),""),"") | J18: =IF(ISNUMBER($G18),IFERROR(INDEX('入力シート'!$A$2:$A$41,MATCH(($G18-1)*4+3,'入力シート'!$F$2:$F$41,0)),""),"") | K18: =IF(ISNUMBER($G18),IFERROR(INDEX('入力シート'!$A$2:$A$41,MATCH(($G18-1)*4+4,'入力シート'!$F$2:$F$41,0)),""),"")
A19: =IF((ROUNDUP('入力シート'!$M$13/4,0))>10,"⚠ 入りきらない子がいます ","") | G19: =IF((ROUNDUP('入力シート'!$M$13/4,0))>10,"⚠ 入りきらない子がいます ","")
A21: 4列② 蛇腹方式（1・2・3・4／8・7・6・5）
B22: 上が前 ← ○で印刷 | H22: 下が前 ← ○で印刷
A24: =IF(0=1,"後ろ","前") | B24: =IF(ISNUMBER($A24),IFERROR(INDEX('入力シート'!$A$2:$A$41,MATCH(IF(MOD($A24,2)=1,($A24-1)*4+1,($A24-1)*4+4),'入力シート'!$F$2:$F$41,0)),""),"") | C24: =IF(ISNUMBER($A24),IFERROR(INDEX('入力シート'!$A$2:$A$41,MATCH(IF(MOD($A24,2)=1,($A24-1)*4+2,($A24-1)*4+3),'入力シート'!$F$2:$F$41,0)),""),"") | D24: =IF(ISNUMBER($A24),IFERROR(INDEX('入力シート'!$A$2:$A$41,MATCH(IF(MOD($A24,2)=1,($A24-1)*4+3,($A24-1)*4+2),'入力シート'!$F$2:$F$41,0)),""),"") | E24: =IF(ISNUMBER($A24),IFERROR(INDEX('入力シート'!$A$2:$A$41,MATCH(IF(MOD($A24,2)=1,($A24-1)*4+4,($A24-1)*4+1),'入力シート'!$F$2:$F$41,0)),""),"") | G24: =IF(1=1,"後ろ","前") | H24: =IF(ISNUMBER($G24),IFERROR(INDEX('入力シート'!$A$2:$A$41,MATCH(IF(MOD($G24,2)=1,($G24-1)*4+1,($G24-1)*4+4),'入力シート'!$F$2:$F$41,0)),""),"") | I24: =IF(ISNUMBER($G24),IFERROR(INDEX('入力シート'!$A$2:$A$41,MATCH(IF(MOD($G24,2)=1,($G24-1)*4+2,($G24-1)*4+3),'入力シート'!$F$2:$F$41,0)),""),"") | J24: =IF(ISNUMBER($G24),IFERROR(INDEX('入力シート'!$A$2:$A$41,MATCH(IF(MOD($G24,2)=1,($G24-1)*4+3,($G24-1)*4+2),'入力シート'!$F$2:$F$41,0)),""),"") | K24: =IF(ISNUMBER($G24),IFERROR(INDEX('入力シート'!$A$2:$A$41,MATCH(IF(MOD($G24,2)=1,($G24-1)*4+4,($G24-1)*4+1),'入力シート'!$F$2:$F$41,0)),""),"")
A25: =IF(1<=ROUNDUP('入力シート'!$M$13/4,0),IF(0=1,ROUNDUP('入力シート'!$M$13/4,0)+1-1,1),IF(1=ROUNDUP('入力シート'!$M$13/4,0)+1,IF(0=1,"前","後ろ"),"")) | B25: =IF(ISNUMBER($A25),IFERROR(INDEX('入力シート'!$A$2:$A$41,MATCH(IF(MOD($A25,2)=1,($A25-1)*4+1,($A25-1)*4+4),'入力シート'!$F$2:$F$41,0)),""),"") | C25: =IF(ISNUMBER($A25),IFERROR(INDEX('入力シート'!$A$2:$A$41,MATCH(IF(MOD($A25,2)=1,($A25-1)*4+2,($A25-1)*4+3),'入力シート'!$F$2:$F$41,0)),""),"") | D25: =IF(ISNUMBER($A25),IFERROR(INDEX('入力シート'!$A$2:$A$41,MATCH(IF(MOD($A25,2)=1,($A25-1)*4+3,($A25-1)*4+2),'入力シート'!$F$2:$F$41,0)),""),"") | E25: =IF(ISNUMBER($A25),IFERROR(INDEX('入力シート'!$A$2:$A$41,MATCH(IF(MOD($A25,2)=1,($A25-1)*4+4,($A25-1)*4+1),'入力シート'!$F$2:$F$41,0)),""),"") | G25: =IF(1<=ROUNDUP('入力シート'!$M$13/4,0),IF(1=1,ROUNDUP('入力シート'!$M$13/4,0)+1-1,1),IF(1=ROUNDUP('入力シート'!$M$13/4,0)+1,IF(1=1,"前","後ろ"),"")) | H25: =IF(ISNUMBER($G25),IFERROR(INDEX('入力シート'!$A$2:$A$41,MATCH(IF(MOD($G25,2)=1,($G25-1)*4+1,($G25-1)*4+4),'入力シート'!$F$2:$F$41,0)),""),"") | I25: =IF(ISNUMBER($G25),IFERROR(INDEX('入力シート'!$A$2:$A$41,MATCH(IF(MOD($G25,2)=1,($G25-1)*4+2,($G25-1)*4+3),'入力シート'!$F$2:$F$41,0)),""),"") | J25: =IF(ISNUMBER($G25),IFERROR(INDEX('入力シート'!$A$2:$A$41,MATCH(IF(MOD($G25,2)=1,($G25-1)*4+3,($G25-1)*4+2),'入力シート'!$F$2:$F$41,0)),""),"") | K25: =IF(ISNUMBER($G25),IFERROR(INDEX('入力シート'!$A$2:$A$41,MATCH(IF(MOD($G25,2)=1,($G25-1)*4+4,($G25-1)*4+1),'入力シート'!$F$2:$F$41,0)),""),"")
A26: =IF(2<=ROUNDUP('入力シート'!$M$13/4,0),IF(0=1,ROUNDUP('入力シート'!$M$13/4,0)+1-2,2),IF(2=ROUNDUP('入力シート'!$M$13/4,0)+1,IF(0=1,"前","後ろ"),"")) | B26: =IF(ISNUMBER($A26),IFERROR(INDEX('入力シート'!$A$2:$A$41,MATCH(IF(MOD($A26,2)=1,($A26-1)*4+1,($A26-1)*4+4),'入力シート'!$F$2:$F$41,0)),""),"") | C26: =IF(ISNUMBER($A26),IFERROR(INDEX('入力シート'!$A$2:$A$41,MATCH(IF(MOD($A26,2)=1,($A26-1)*4+2,($A26-1)*4+3),'入力シート'!$F$2:$F$41,0)),""),"") | D26: =IF(ISNUMBER($A26),IFERROR(INDEX('入力シート'!$A$2:$A$41,MATCH(IF(MOD($A26,2)=1,($A26-1)*4+3,($A26-1)*4+2),'入力シート'!$F$2:$F$41,0)),""),"") | E26: =IF(ISNUMBER($A26),IFERROR(INDEX('入力シート'!$A$2:$A$41,MATCH(IF(MOD($A26,2)=1,($A26-1)*4+4,($A26-1)*4+1),'入力シート'!$F$2:$F$41,0)),""),"") | G26: =IF(2<=ROUNDUP('入力シート'!$M$13/4,0),IF(1=1,ROUNDUP('入力シート'!$M$13/4,0)+1-2,2),IF(2=ROUNDUP('入力シート'!$M$13/4,0)+1,IF(1=1,"前","後ろ"),"")) | H26: =IF(ISNUMBER($G26),IFERROR(INDEX('入力シート'!$A$2:$A$41,MATCH(IF(MOD($G26,2)=1,($G26-1)*4+1,($G26-1)*4+4),'入力シート'!$F$2:$F$41,0)),""),"") | I26: =IF(ISNUMBER($G26),IFERROR(INDEX('入力シート'!$A$2:$A$41,MATCH(IF(MOD($G26,2)=1,($G26-1)*4+2,($G26-1)*4+3),'入力シート'!$F$2:$F$41,0)),""),"") | J26: =IF(ISNUMBER($G26),IFERROR(INDEX('入力シート'!$A$2:$A$41,MATCH(IF(MOD($G26,2)=1,($G26-1)*4+3,($G26-1)*4+2),'入力シート'!$F$2:$F$41,0)),""),"") | K26: =IF(ISNUMBER($G26),IFERROR(INDEX('入力シート'!$A$2:$A$41,MATCH(IF(MOD($G26,2)=1,($G26-1)*4+4,($G26-1)*4+1),'入力シート'!$F$2:$F$41,0)),""),"")
A27: =IF(3<=ROUNDUP('入力シート'!$M$13/4,0),IF(0=1,ROUNDUP('入力シート'!$M$13/4,0)+1-3,3),IF(3=ROUNDUP('入力シート'!$M$13/4,0)+1,IF(0=1,"前","後ろ"),"")) | B27: =IF(ISNUMBER($A27),IFERROR(INDEX('入力シート'!$A$2:$A$41,MATCH(IF(MOD($A27,2)=1,($A27-1)*4+1,($A27-1)*4+4),'入力シート'!$F$2:$F$41,0)),""),"") | C27: =IF(ISNUMBER($A27),IFERROR(INDEX('入力シート'!$A$2:$A$41,MATCH(IF(MOD($A27,2)=1,($A27-1)*4+2,($A27-1)*4+3),'入力シート'!$F$2:$F$41,0)),""),"") | D27: =IF(ISNUMBER($A27),IFERROR(INDEX('入力シート'!$A$2:$A$41,MATCH(IF(MOD($A27,2)=1,($A27-1)*4+3,($A27-1)*4+2),'入力シート'!$F$2:$F$41,0)),""),"") | E27: =IF(ISNUMBER($A27),IFERROR(INDEX('入力シート'!$A$2:$A$41,MATCH(IF(MOD($A27,2)=1,($A27-1)*4+4,($A27-1)*4+1),'入力シート'!$F$2:$F$41,0)),""),"") | G27: =IF(3<=ROUNDUP('入力シート'!$M$13/4,0),IF(1=1,ROUNDUP('入力シート'!$M$13/4,0)+1-3,3),IF(3=ROUNDUP('入力シート'!$M$13/4,0)+1,IF(1=1,"前","後ろ"),"")) | H27: =IF(ISNUMBER($G27),IFERROR(INDEX('入力シート'!$A$2:$A$41,MATCH(IF(MOD($G27,2)=1,($G27-1)*4+1,($G27-1)*4+4),'入力シート'!$F$2:$F$41,0)),""),"") | I27: =IF(ISNUMBER($G27),IFERROR(INDEX('入力シート'!$A$2:$A$41,MATCH(IF(MOD($G27,2)=1,($G27-1)*4+2,($G27-1)*4+3),'入力シート'!$F$2:$F$41,0)),""),"") | J27: =IF(ISNUMBER($G27),IFERROR(INDEX('入力シート'!$A$2:$A$41,MATCH(IF(MOD($G27,2)=1,($G27-1)*4+3,($G27-1)*4+2),'入力シート'!$F$2:$F$41,0)),""),"") | K27: =IF(ISNUMBER($G27),IFERROR(INDEX('入力シート'!$A$2:$A$41,MATCH(IF(MOD($G27,2)=1,($G27-1)*4+4,($G27-1)*4+1),'入力シート'!$F$2:$F$41,0)),""),"")
A28: =IF(4<=ROUNDUP('入力シート'!$M$13/4,0),IF(0=1,ROUNDUP('入力シート'!$M$13/4,0)+1-4,4),IF(4=ROUNDUP('入力シート'!$M$13/4,0)+1,IF(0=1,"前","後ろ"),"")) | B28: =IF(ISNUMBER($A28),IFERROR(INDEX('入力シート'!$A$2:$A$41,MATCH(IF(MOD($A28,2)=1,($A28-1)*4+1,($A28-1)*4+4),'入力シート'!$F$2:$F$41,0)),""),"") | C28: =IF(ISNUMBER($A28),IFERROR(INDEX('入力シート'!$A$2:$A$41,MATCH(IF(MOD($A28,2)=1,($A28-1)*4+2,($A28-1)*4+3),'入力シート'!$F$2:$F$41,0)),""),"") | D28: =IF(ISNUMBER($A28),IFERROR(INDEX('入力シート'!$A$2:$A$41,MATCH(IF(MOD($A28,2)=1,($A28-1)*4+3,($A28-1)*4+2),'入力シート'!$F$2:$F$41,0)),""),"") | E28: =IF(ISNUMBER($A28),IFERROR(INDEX('入力シート'!$A$2:$A$41,MATCH(IF(MOD($A28,2)=1,($A28-1)*4+4,($A28-1)*4+1),'入力シート'!$F$2:$F$41,0)),""),"") | G28: =IF(4<=ROUNDUP('入力シート'!$M$13/4,0),IF(1=1,ROUNDUP('入力シート'!$M$13/4,0)+1-4,4),IF(4=ROUNDUP('入力シート'!$M$13/4,0)+1,IF(1=1,"前","後ろ"),"")) | H28: =IF(ISNUMBER($G28),IFERROR(INDEX('入力シート'!$A$2:$A$41,MATCH(IF(MOD($G28,2)=1,($G28-1)*4+1,($G28-1)*4+4),'入力シート'!$F$2:$F$41,0)),""),"") | I28: =IF(ISNUMBER($G28),IFERROR(INDEX('入力シート'!$A$2:$A$41,MATCH(IF(MOD($G28,2)=1,($G28-1)*4+2,($G28-1)*4+3),'入力シート'!$F$2:$F$41,0)),""),"") | J28: =IF(ISNUMBER($G28),IFERROR(INDEX('入力シート'!$A$2:$A$41,MATCH(IF(MOD($G28,2)=1,($G28-1)*4+3,($G28-1)*4+2),'入力シート'!$F$2:$F$41,0)),""),"") | K28: =IF(ISNUMBER($G28),IFERROR(INDEX('入力シート'!$A$2:$A$41,MATCH(IF(MOD($G28,2)=1,($G28-1)*4+4,($G28-1)*4+1),'入力シート'!$F$2:$F$41,0)),""),"")
A29: =IF(5<=ROUNDUP('入力シート'!$M$13/4,0),IF(0=1,ROUNDUP('入力シート'!$M$13/4,0)+1-5,5),IF(5=ROUNDUP('入力シート'!$M$13/4,0)+1,IF(0=1,"前","後ろ"),"")) | B29: =IF(ISNUMBER($A29),IFERROR(INDEX('入力シート'!$A$2:$A$41,MATCH(IF(MOD($A29,2)=1,($A29-1)*4+1,($A29-1)*4+4),'入力シート'!$F$2:$F$41,0)),""),"") | C29: =IF(ISNUMBER($A29),IFERROR(INDEX('入力シート'!$A$2:$A$41,MATCH(IF(MOD($A29,2)=1,($A29-1)*4+2,($A29-1)*4+3),'入力シート'!$F$2:$F$41,0)),""),"") | D29: =IF(ISNUMBER($A29),IFERROR(INDEX('入力シート'!$A$2:$A$41,MATCH(IF(MOD($A29,2)=1,($A29-1)*4+3,($A29-1)*4+2),'入力シート'!$F$2:$F$41,0)),""),"") | E29: =IF(ISNUMBER($A29),IFERROR(INDEX('入力シート'!$A$2:$A$41,MATCH(IF(MOD($A29,2)=1,($A29-1)*4+4,($A29-1)*4+1),'入力シート'!$F$2:$F$41,0)),""),"") | G29: =IF(5<=ROUNDUP('入力シート'!$M$13/4,0),IF(1=1,ROUNDUP('入力シート'!$M$13/4,0)+1-5,5),IF(5=ROUNDUP('入力シート'!$M$13/4,0)+1,IF(1=1,"前","後ろ"),"")) | H29: =IF(ISNUMBER($G29),IFERROR(INDEX('入力シート'!$A$2:$A$41,MATCH(IF(MOD($G29,2)=1,($G29-1)*4+1,($G29-1)*4+4),'入力シート'!$F$2:$F$41,0)),""),"") | I29: =IF(ISNUMBER($G29),IFERROR(INDEX('入力シート'!$A$2:$A$41,MATCH(IF(MOD($G29,2)=1,($G29-1)*4+2,($G29-1)*4+3),'入力シート'!$F$2:$F$41,0)),""),"") | J29: =IF(ISNUMBER($G29),IFERROR(INDEX('入力シート'!$A$2:$A$41,MATCH(IF(MOD($G29,2)=1,($G29-1)*4+3,($G29-1)*4+2),'入力シート'!$F$2:$F$41,0)),""),"") | K29: =IF(ISNUMBER($G29),IFERROR(INDEX('入力シート'!$A$2:$A$41,MATCH(IF(MOD($G29,2)=1,($G29-1)*4+4,($G29-1)*4+1),'入力シート'!$F$2:$F$41,0)),""),"")
A30: =IF(6<=ROUNDUP('入力シート'!$M$13/4,0),IF(0=1,ROUNDUP('入力シート'!$M$13/4,0)+1-6,6),IF(6=ROUNDUP('入力シート'!$M$13/4,0)+1,IF(0=1,"前","後ろ"),"")) | B30: =IF(ISNUMBER($A30),IFERROR(INDEX('入力シート'!$A$2:$A$41,MATCH(IF(MOD($A30,2)=1,($A30-1)*4+1,($A30-1)*4+4),'入力シート'!$F$2:$F$41,0)),""),"") | C30: =IF(ISNUMBER($A30),IFERROR(INDEX('入力シート'!$A$2:$A$41,MATCH(IF(MOD($A30,2)=1,($A30-1)*4+2,($A30-1)*4+3),'入力シート'!$F$2:$F$41,0)),""),"") | D30: =IF(ISNUMBER($A30),IFERROR(INDEX('入力シート'!$A$2:$A$41,MATCH(IF(MOD($A30,2)=1,($A30-1)*4+3,($A30-1)*4+2),'入力シート'!$F$2:$F$41,0)),""),"") | E30: =IF(ISNUMBER($A30),IFERROR(INDEX('入力シート'!$A$2:$A$41,MATCH(IF(MOD($A30,2)=1,($A30-1)*4+4,($A30-1)*4+1),'入力シート'!$F$2:$F$41,0)),""),"") | G30: =IF(6<=ROUNDUP('入力シート'!$M$13/4,0),IF(1=1,ROUNDUP('入力シート'!$M$13/4,0)+1-6,6),IF(6=ROUNDUP('入力シート'!$M$13/4,0)+1,IF(1=1,"前","後ろ"),"")) | H30: =IF(ISNUMBER($G30),IFERROR(INDEX('入力シート'!$A$2:$A$41,MATCH(IF(MOD($G30,2)=1,($G30-1)*4+1,($G30-1)*4+4),'入力シート'!$F$2:$F$41,0)),""),"") | I30: =IF(ISNUMBER($G30),IFERROR(INDEX('入力シート'!$A$2:$A$41,MATCH(IF(MOD($G30,2)=1,($G30-1)*4+2,($G30-1)*4+3),'入力シート'!$F$2:$F$41,0)),""),"") | J30: =IF(ISNUMBER($G30),IFERROR(INDEX('入力シート'!$A$2:$A$41,MATCH(IF(MOD($G30,2)=1,($G30-1)*4+3,($G30-1)*4+2),'入力シート'!$F$2:$F$41,0)),""),"") | K30: =IF(ISNUMBER($G30),IFERROR(INDEX('入力シート'!$A$2:$A$41,MATCH(IF(MOD($G30,2)=1,($G30-1)*4+4,($G30-1)*4+1),'入力シート'!$F$2:$F$41,0)),""),"")
A31: =IF(7<=ROUNDUP('入力シート'!$M$13/4,0),IF(0=1,ROUNDUP('入力シート'!$M$13/4,0)+1-7,7),IF(7=ROUNDUP('入力シート'!$M$13/4,0)+1,IF(0=1,"前","後ろ"),"")) | B31: =IF(ISNUMBER($A31),IFERROR(INDEX('入力シート'!$A$2:$A$41,MATCH(IF(MOD($A31,2)=1,($A31-1)*4+1,($A31-1)*4+4),'入力シート'!$F$2:$F$41,0)),""),"") | C31: =IF(ISNUMBER($A31),IFERROR(INDEX('入力シート'!$A$2:$A$41,MATCH(IF(MOD($A31,2)=1,($A31-1)*4+2,($A31-1)*4+3),'入力シート'!$F$2:$F$41,0)),""),"") | D31: =IF(ISNUMBER($A31),IFERROR(INDEX('入力シート'!$A$2:$A$41,MATCH(IF(MOD($A31,2)=1,($A31-1)*4+3,($A31-1)*4+2),'入力シート'!$F$2:$F$41,0)),""),"") | E31: =IF(ISNUMBER($A31),IFERROR(INDEX('入力シート'!$A$2:$A$41,MATCH(IF(MOD($A31,2)=1,($A31-1)*4+4,($A31-1)*4+1),'入力シート'!$F$2:$F$41,0)),""),"") | G31: =IF(7<=ROUNDUP('入力シート'!$M$13/4,0),IF(1=1,ROUNDUP('入力シート'!$M$13/4,0)+1-7,7),IF(7=ROUNDUP('入力シート'!$M$13/4,0)+1,IF(1=1,"前","後ろ"),"")) | H31: =IF(ISNUMBER($G31),IFERROR(INDEX('入力シート'!$A$2:$A$41,MATCH(IF(MOD($G31,2)=1,($G31-1)*4+1,($G31-1)*4+4),'入力シート'!$F$2:$F$41,0)),""),"") | I31: =IF(ISNUMBER($G31),IFERROR(INDEX('入力シート'!$A$2:$A$41,MATCH(IF(MOD($G31,2)=1,($G31-1)*4+2,($G31-1)*4+3),'入力シート'!$F$2:$F$41,0)),""),"") | J31: =IF(ISNUMBER($G31),IFERROR(INDEX('入力シート'!$A$2:$A$41,MATCH(IF(MOD($G31,2)=1,($G31-1)*4+3,($G31-1)*4+2),'入力シート'!$F$2:$F$41,0)),""),"") | K31: =IF(ISNUMBER($G31),IFERROR(INDEX('入力シート'!$A$2:$A$41,MATCH(IF(MOD($G31,2)=1,($G31-1)*4+4,($G31-1)*4+1),'入力シート'!$F$2:$F$41,0)),""),"")
A32: =IF(8<=ROUNDUP('入力シート'!$M$13/4,0),IF(0=1,ROUNDUP('入力シート'!$M$13/4,0)+1-8,8),IF(8=ROUNDUP('入力シート'!$M$13/4,0)+1,IF(0=1,"前","後ろ"),"")) | B32: =IF(ISNUMBER($A32),IFERROR(INDEX('入力シート'!$A$2:$A$41,MATCH(IF(MOD($A32,2)=1,($A32-1)*4+1,($A32-1)*4+4),'入力シート'!$F$2:$F$41,0)),""),"") | C32: =IF(ISNUMBER($A32),IFERROR(INDEX('入力シート'!$A$2:$A$41,MATCH(IF(MOD($A32,2)=1,($A32-1)*4+2,($A32-1)*4+3),'入力シート'!$F$2:$F$41,0)),""),"") | D32: =IF(ISNUMBER($A32),IFERROR(INDEX('入力シート'!$A$2:$A$41,MATCH(IF(MOD($A32,2)=1,($A32-1)*4+3,($A32-1)*4+2),'入力シート'!$F$2:$F$41,0)),""),"") | E32: =IF(ISNUMBER($A32),IFERROR(INDEX('入力シート'!$A$2:$A$41,MATCH(IF(MOD($A32,2)=1,($A32-1)*4+4,($A32-1)*4+1),'入力シート'!$F$2:$F$41,0)),""),"") | G32: =IF(8<=ROUNDUP('入力シート'!$M$13/4,0),IF(1=1,ROUNDUP('入力シート'!$M$13/4,0)+1-8,8),IF(8=ROUNDUP('入力シート'!$M$13/4,0)+1,IF(1=1,"前","後ろ"),"")) | H32: =IF(ISNUMBER($G32),IFERROR(INDEX('入力シート'!$A$2:$A$41,MATCH(IF(MOD($G32,2)=1,($G32-1)*4+1,($G32-1)*4+4),'入力シート'!$F$2:$F$41,0)),""),"") | I32: =IF(ISNUMBER($G32),IFERROR(INDEX('入力シート'!$A$2:$A$41,MATCH(IF(MOD($G32,2)=1,($G32-1)*4+2,($G32-1)*4+3),'入力シート'!$F$2:$F$41,0)),""),"") | J32: =IF(ISNUMBER($G32),IFERROR(INDEX('入力シート'!$A$2:$A$41,MATCH(IF(MOD($G32,2)=1,($G32-1)*4+3,($G32-1)*4+2),'入力シート'!$F$2:$F$41,0)),""),"") | K32: =IF(ISNUMBER($G32),IFERROR(INDEX('入力シート'!$A$2:$A$41,MATCH(IF(MOD($G32,2)=1,($G32-1)*4+4,($G32-1)*4+1),'入力シート'!$F$2:$F$41,0)),""),"")
A33: =IF(9<=ROUNDUP('入力シート'!$M$13/4,0),IF(0=1,ROUNDUP('入力シート'!$M$13/4,0)+1-9,9),IF(9=ROUNDUP('入力シート'!$M$13/4,0)+1,IF(0=1,"前","後ろ"),"")) | B33: =IF(ISNUMBER($A33),IFERROR(INDEX('入力シート'!$A$2:$A$41,MATCH(IF(MOD($A33,2)=1,($A33-1)*4+1,($A33-1)*4+4),'入力シート'!$F$2:$F$41,0)),""),"") | C33: =IF(ISNUMBER($A33),IFERROR(INDEX('入力シート'!$A$2:$A$41,MATCH(IF(MOD($A33,2)=1,($A33-1)*4+2,($A33-1)*4+3),'入力シート'!$F$2:$F$41,0)),""),"") | D33: =IF(ISNUMBER($A33),IFERROR(INDEX('入力シート'!$A$2:$A$41,MATCH(IF(MOD($A33,2)=1,($A33-1)*4+3,($A33-1)*4+2),'入力シート'!$F$2:$F$41,0)),""),"") | E33: =IF(ISNUMBER($A33),IFERROR(INDEX('入力シート'!$A$2:$A$41,MATCH(IF(MOD($A33,2)=1,($A33-1)*4+4,($A33-1)*4+1),'入力シート'!$F$2:$F$41,0)),""),"") | G33: =IF(9<=ROUNDUP('入力シート'!$M$13/4,0),IF(1=1,ROUNDUP('入力シート'!$M$13/4,0)+1-9,9),IF(9=ROUNDUP('入力シート'!$M$13/4,0)+1,IF(1=1,"前","後ろ"),"")) | H33: =IF(ISNUMBER($G33),IFERROR(INDEX('入力シート'!$A$2:$A$41,MATCH(IF(MOD($G33,2)=1,($G33-1)*4+1,($G33-1)*4+4),'入力シート'!$F$2:$F$41,0)),""),"") | I33: =IF(ISNUMBER($G33),IFERROR(INDEX('入力シート'!$A$2:$A$41,MATCH(IF(MOD($G33,2)=1,($G33-1)*4+2,($G33-1)*4+3),'入力シート'!$F$2:$F$41,0)),""),"") | J33: =IF(ISNUMBER($G33),IFERROR(INDEX('入力シート'!$A$2:$A$41,MATCH(IF(MOD($G33,2)=1,($G33-1)*4+3,($G33-1)*4+2),'入力シート'!$F$2:$F$41,0)),""),"") | K33: =IF(ISNUMBER($G33),IFERROR(INDEX('入力シート'!$A$2:$A$41,MATCH(IF(MOD($G33,2)=1,($G33-1)*4+4,($G33-1)*4+1),'入力シート'!$F$2:$F$41,0)),""),"")
A34: =IF(10<=ROUNDUP('入力シート'!$M$13/4,0),IF(0=1,ROUNDUP('入力シート'!$M$13/4,0)+1-10,10),IF(10=ROUNDUP('入力シート'!$M$13/4,0)+1,IF(0=1,"前","後ろ"),"")) | B34: =IF(ISNUMBER($A34),IFERROR(INDEX('入力シート'!$A$2:$A$41,MATCH(IF(MOD($A34,2)=1,($A34-1)*4+1,($A34-1)*4+4),'入力シート'!$F$2:$F$41,0)),""),"") | C34: =IF(ISNUMBER($A34),IFERROR(INDEX('入力シート'!$A$2:$A$41,MATCH(IF(MOD($A34,2)=1,($A34-1)*4+2,($A34-1)*4+3),'入力シート'!$F$2:$F$41,0)),""),"") | D34: =IF(ISNUMBER($A34),IFERROR(INDEX('入力シート'!$A$2:$A$41,MATCH(IF(MOD($A34,2)=1,($A34-1)*4+3,($A34-1)*4+2),'入力シート'!$F$2:$F$41,0)),""),"") | E34: =IF(ISNUMBER($A34),IFERROR(INDEX('入力シート'!$A$2:$A$41,MATCH(IF(MOD($A34,2)=1,($A34-1)*4+4,($A34-1)*4+1),'入力シート'!$F$2:$F$41,0)),""),"") | G34: =IF(10<=ROUNDUP('入力シート'!$M$13/4,0),IF(1=1,ROUNDUP('入力シート'!$M$13/4,0)+1-10,10),IF(10=ROUNDUP('入力シート'!$M$13/4,0)+1,IF(1=1,"前","後ろ"),"")) | H34: =IF(ISNUMBER($G34),IFERROR(INDEX('入力シート'!$A$2:$A$41,MATCH(IF(MOD($G34,2)=1,($G34-1)*4+1,($G34-1)*4+4),'入力シート'!$F$2:$F$41,0)),""),"") | I34: =IF(ISNUMBER($G34),IFERROR(INDEX('入力シート'!$A$2:$A$41,MATCH(IF(MOD($G34,2)=1,($G34-1)*4+2,($G34-1)*4+3),'入力シート'!$F$2:$F$41,0)),""),"") | J34: =IF(ISNUMBER($G34),IFERROR(INDEX('入力シート'!$A$2:$A$41,MATCH(IF(MOD($G34,2)=1,($G34-1)*4+3,($G34-1)*4+2),'入力シート'!$F$2:$F$41,0)),""),"") | K34: =IF(ISNUMBER($G34),IFERROR(INDEX('入力シート'!$A$2:$A$41,MATCH(IF(MOD($G34,2)=1,($G34-1)*4+4,($G34-1)*4+1),'入力シート'!$F$2:$F$41,0)),""),"")
A35: =IF(11<=ROUNDUP('入力シート'!$M$13/4,0),IF(0=1,ROUNDUP('入力シート'!$M$13/4,0)+1-11,11),IF(11=ROUNDUP('入力シート'!$M$13/4,0)+1,IF(0=1,"前","後ろ"),"")) | B35: =IF(ISNUMBER($A35),IFERROR(INDEX('入力シート'!$A$2:$A$41,MATCH(IF(MOD($A35,2)=1,($A35-1)*4+1,($A35-1)*4+4),'入力シート'!$F$2:$F$41,0)),""),"") | C35: =IF(ISNUMBER($A35),IFERROR(INDEX('入力シート'!$A$2:$A$41,MATCH(IF(MOD($A35,2)=1,($A35-1)*4+2,($A35-1)*4+3),'入力シート'!$F$2:$F$41,0)),""),"") | D35: =IF(ISNUMBER($A35),IFERROR(INDEX('入力シート'!$A$2:$A$41,MATCH(IF(MOD($A35,2)=1,($A35-1)*4+3,($A35-1)*4+2),'入力シート'!$F$2:$F$41,0)),""),"") | E35: =IF(ISNUMBER($A35),IFERROR(INDEX('入力シート'!$A$2:$A$41,MATCH(IF(MOD($A35,2)=1,($A35-1)*4+4,($A35-1)*4+1),'入力シート'!$F$2:$F$41,0)),""),"") | G35: =IF(11<=ROUNDUP('入力シート'!$M$13/4,0),IF(1=1,ROUNDUP('入力シート'!$M$13/4,0)+1-11,11),IF(11=ROUNDUP('入力シート'!$M$13/4,0)+1,IF(1=1,"前","後ろ"),"")) | H35: =IF(ISNUMBER($G35),IFERROR(INDEX('入力シート'!$A$2:$A$41,MATCH(IF(MOD($G35,2)=1,($G35-1)*4+1,($G35-1)*4+4),'入力シート'!$F$2:$F$41,0)),""),"") | I35: =IF(ISNUMBER($G35),IFERROR(INDEX('入力シート'!$A$2:$A$41,MATCH(IF(MOD($G35,2)=1,($G35-1)*4+2,($G35-1)*4+3),'入力シート'!$F$2:$F$41,0)),""),"") | J35: =IF(ISNUMBER($G35),IFERROR(INDEX('入力シート'!$A$2:$A$41,MATCH(IF(MOD($G35,2)=1,($G35-1)*4+3,($G35-1)*4+2),'入力シート'!$F$2:$F$41,0)),""),"") | K35: =IF(ISNUMBER($G35),IFERROR(INDEX('入力シート'!$A$2:$A$41,MATCH(IF(MOD($G35,2)=1,($G35-1)*4+4,($G35-1)*4+1),'入力シート'!$F$2:$F$41,0)),""),"")
A36: =IF((ROUNDUP('入力シート'!$M$13/4,0))>10,"⚠ 入りきらない子がいます ","") | G36: =IF((ROUNDUP('入力シート'!$M$13/4,0))>10,"⚠ 入りきらない子がいます ","")
A38: 4列③ 2列から広げる（3・1・2・4／7・5・6・8）
B39: 上が前 ← ○で印刷 | H39: 下が前 ← ○で印刷
A41: =IF(0=1,"後ろ","前") | B41: =IF(ISNUMBER($A41),IFERROR(INDEX('入力シート'!$A$2:$A$41,MATCH(($A41-1)*4+3,'入力シート'!$F$2:$F$41,0)),""),"") | C41: =IF(ISNUMBER($A41),IFERROR(INDEX('入力シート'!$A$2:$A$41,MATCH(($A41-1)*4+1,'入力シート'!$F$2:$F$41,0)),""),"") | D41: =IF(ISNUMBER($A41),IFERROR(INDEX('入力シート'!$A$2:$A$41,MATCH(($A41-1)*4+2,'入力シート'!$F$2:$F$41,0)),""),"") | E41: =IF(ISNUMBER($A41),IFERROR(INDEX('入力シート'!$A$2:$A$41,MATCH(($A41-1)*4+4,'入力シート'!$F$2:$F$41,0)),""),"") | G41: =IF(1=1,"後ろ","前") | H41: =IF(ISNUMBER($G41),IFERROR(INDEX('入力シート'!$A$2:$A$41,MATCH(($G41-1)*4+3,'入力シート'!$F$2:$F$41,0)),""),"") | I41: =IF(ISNUMBER($G41),IFERROR(INDEX('入力シート'!$A$2:$A$41,MATCH(($G41-1)*4+1,'入力シート'!$F$2:$F$41,0)),""),"") | J41: =IF(ISNUMBER($G41),IFERROR(INDEX('入力シート'!$A$2:$A$41,MATCH(($G41-1)*4+2,'入力シート'!$F$2:$F$41,0)),""),"") | K41: =IF(ISNUMBER($G41),IFERROR(INDEX('入力シート'!$A$2:$A$41,MATCH(($G41-1)*4+4,'入力シート'!$F$2:$F$41,0)),""),"")
A42: =IF(1<=ROUNDUP('入力シート'!$M$13/4,0),IF(0=1,ROUNDUP('入力シート'!$M$13/4,0)+1-1,1),IF(1=ROUNDUP('入力シート'!$M$13/4,0)+1,IF(0=1,"前","後ろ"),"")) | B42: =IF(ISNUMBER($A42),IFERROR(INDEX('入力シート'!$A$2:$A$41,MATCH(($A42-1)*4+3,'入力シート'!$F$2:$F$41,0)),""),"") | C42: =IF(ISNUMBER($A42),IFERROR(INDEX('入力シート'!$A$2:$A$41,MATCH(($A42-1)*4+1,'入力シート'!$F$2:$F$41,0)),""),"") | D42: =IF(ISNUMBER($A42),IFERROR(INDEX('入力シート'!$A$2:$A$41,MATCH(($A42-1)*4+2,'入力シート'!$F$2:$F$41,0)),""),"") | E42: =IF(ISNUMBER($A42),IFERROR(INDEX('入力シート'!$A$2:$A$41,MATCH(($A42-1)*4+4,'入力シート'!$F$2:$F$41,0)),""),"") | G42: =IF(1<=ROUNDUP('入力シート'!$M$13/4,0),IF(1=1,ROUNDUP('入力シート'!$M$13/4,0)+1-1,1),IF(1=ROUNDUP('入力シート'!$M$13/4,0)+1,IF(1=1,"前","後ろ"),"")) | H42: =IF(ISNUMBER($G42),IFERROR(INDEX('入力シート'!$A$2:$A$41,MATCH(($G42-1)*4+3,'入力シート'!$F$2:$F$41,0)),""),"") | I42: =IF(ISNUMBER($G42),IFERROR(INDEX('入力シート'!$A$2:$A$41,MATCH(($G42-1)*4+1,'入力シート'!$F$2:$F$41,0)),""),"") | J42: =IF(ISNUMBER($G42),IFERROR(INDEX('入力シート'!$A$2:$A$41,MATCH(($G42-1)*4+2,'入力シート'!$F$2:$F$41,0)),""),"") | K42: =IF(ISNUMBER($G42),IFERROR(INDEX('入力シート'!$A$2:$A$41,MATCH(($G42-1)*4+4,'入力シート'!$F$2:$F$41,0)),""),"")
A43: =IF(2<=ROUNDUP('入力シート'!$M$13/4,0),IF(0=1,ROUNDUP('入力シート'!$M$13/4,0)+1-2,2),IF(2=ROUNDUP('入力シート'!$M$13/4,0)+1,IF(0=1,"前","後ろ"),"")) | B43: =IF(ISNUMBER($A43),IFERROR(INDEX('入力シート'!$A$2:$A$41,MATCH(($A43-1)*4+3,'入力シート'!$F$2:$F$41,0)),""),"") | C43: =IF(ISNUMBER($A43),IFERROR(INDEX('入力シート'!$A$2:$A$41,MATCH(($A43-1)*4+1,'入力シート'!$F$2:$F$41,0)),""),"") | D43: =IF(ISNUMBER($A43),IFERROR(INDEX('入力シート'!$A$2:$A$41,MATCH(($A43-1)*4+2,'入力シート'!$F$2:$F$41,0)),""),"") | E43: =IF(ISNUMBER($A43),IFERROR(INDEX('入力シート'!$A$2:$A$41,MATCH(($A43-1)*4+4,'入力シート'!$F$2:$F$41,0)),""),"") | G43: =IF(2<=ROUNDUP('入力シート'!$M$13/4,0),IF(1=1,ROUNDUP('入力シート'!$M$13/4,0)+1-2,2),IF(2=ROUNDUP('入力シート'!$M$13/4,0)+1,IF(1=1,"前","後ろ"),"")) | H43: =IF(ISNUMBER($G43),IFERROR(INDEX('入力シート'!$A$2:$A$41,MATCH(($G43-1)*4+3,'入力シート'!$F$2:$F$41,0)),""),"") | I43: =IF(ISNUMBER($G43),IFERROR(INDEX('入力シート'!$A$2:$A$41,MATCH(($G43-1)*4+1,'入力シート'!$F$2:$F$41,0)),""),"") | J43: =IF(ISNUMBER($G43),IFERROR(INDEX('入力シート'!$A$2:$A$41,MATCH(($G43-1)*4+2,'入力シート'!$F$2:$F$41,0)),""),"") | K43: =IF(ISNUMBER($G43),IFERROR(INDEX('入力シート'!$A$2:$A$41,MATCH(($G43-1)*4+4,'入力シート'!$F$2:$F$41,0)),""),"")
A44: =IF(3<=ROUNDUP('入力シート'!$M$13/4,0),IF(0=1,ROUNDUP('入力シート'!$M$13/4,0)+1-3,3),IF(3=ROUNDUP('入力シート'!$M$13/4,0)+1,IF(0=1,"前","後ろ"),"")) | B44: =IF(ISNUMBER($A44),IFERROR(INDEX('入力シート'!$A$2:$A$41,MATCH(($A44-1)*4+3,'入力シート'!$F$2:$F$41,0)),""),"") | C44: =IF(ISNUMBER($A44),IFERROR(INDEX('入力シート'!$A$2:$A$41,MATCH(($A44-1)*4+1,'入力シート'!$F$2:$F$41,0)),""),"") | D44: =IF(ISNUMBER($A44),IFERROR(INDEX('入力シート'!$A$2:$A$41,MATCH(($A44-1)*4+2,'入力シート'!$F$2:$F$41,0)),""),"") | E44: =IF(ISNUMBER($A44),IFERROR(INDEX('入力シート'!$A$2:$A$41,MATCH(($A44-1)*4+4,'入力シート'!$F$2:$F$41,0)),""),"") | G44: =IF(3<=ROUNDUP('入力シート'!$M$13/4,0),IF(1=1,ROUNDUP('入力シート'!$M$13/4,0)+1-3,3),IF(3=ROUNDUP('入力シート'!$M$13/4,0)+1,IF(1=1,"前","後ろ"),"")) | H44: =IF(ISNUMBER($G44),IFERROR(INDEX('入力シート'!$A$2:$A$41,MATCH(($G44-1)*4+3,'入力シート'!$F$2:$F$41,0)),""),"") | I44: =IF(ISNUMBER($G44),IFERROR(INDEX('入力シート'!$A$2:$A$41,MATCH(($G44-1)*4+1,'入力シート'!$F$2:$F$41,0)),""),"") | J44: =IF(ISNUMBER($G44),IFERROR(INDEX('入力シート'!$A$2:$A$41,MATCH(($G44-1)*4+2,'入力シート'!$F$2:$F$41,0)),""),"") | K44: =IF(ISNUMBER($G44),IFERROR(INDEX('入力シート'!$A$2:$A$41,MATCH(($G44-1)*4+4,'入力シート'!$F$2:$F$41,0)),""),"")
A45: =IF(4<=ROUNDUP('入力シート'!$M$13/4,0),IF(0=1,ROUNDUP('入力シート'!$M$13/4,0)+1-4,4),IF(4=ROUNDUP('入力シート'!$M$13/4,0)+1,IF(0=1,"前","後ろ"),"")) | B45: =IF(ISNUMBER($A45),IFERROR(INDEX('入力シート'!$A$2:$A$41,MATCH(($A45-1)*4+3,'入力シート'!$F$2:$F$41,0)),""),"") | C45: =IF(ISNUMBER($A45),IFERROR(INDEX('入力シート'!$A$2:$A$41,MATCH(($A45-1)*4+1,'入力シート'!$F$2:$F$41,0)),""),"") | D45: =IF(ISNUMBER($A45),IFERROR(INDEX('入力シート'!$A$2:$A$41,MATCH(($A45-1)*4+2,'入力シート'!$F$2:$F$41,0)),""),"") | E45: =IF(ISNUMBER($A45),IFERROR(INDEX('入力シート'!$A$2:$A$41,MATCH(($A45-1)*4+4,'入力シート'!$F$2:$F$41,0)),""),"") | G45: =IF(4<=ROUNDUP('入力シート'!$M$13/4,0),IF(1=1,ROUNDUP('入力シート'!$M$13/4,0)+1-4,4),IF(4=ROUNDUP('入力シート'!$M$13/4,0)+1,IF(1=1,"前","後ろ"),"")) | H45: =IF(ISNUMBER($G45),IFERROR(INDEX('入力シート'!$A$2:$A$41,MATCH(($G45-1)*4+3,'入力シート'!$F$2:$F$41,0)),""),"") | I45: =IF(ISNUMBER($G45),IFERROR(INDEX('入力シート'!$A$2:$A$41,MATCH(($G45-1)*4+1,'入力シート'!$F$2:$F$41,0)),""),"") | J45: =IF(ISNUMBER($G45),IFERROR(INDEX('入力シート'!$A$2:$A$41,MATCH(($G45-1)*4+2,'入力シート'!$F$2:$F$41,0)),""),"") | K45: =IF(ISNUMBER($G45),IFERROR(INDEX('入力シート'!$A$2:$A$41,MATCH(($G45-1)*4+4,'入力シート'!$F$2:$F$41,0)),""),"")
A46: =IF(5<=ROUNDUP('入力シート'!$M$13/4,0),IF(0=1,ROUNDUP('入力シート'!$M$13/4,0)+1-5,5),IF(5=ROUNDUP('入力シート'!$M$13/4,0)+1,IF(0=1,"前","後ろ"),"")) | B46: =IF(ISNUMBER($A46),IFERROR(INDEX('入力シート'!$A$2:$A$41,MATCH(($A46-1)*4+3,'入力シート'!$F$2:$F$41,0)),""),"") | C46: =IF(ISNUMBER($A46),IFERROR(INDEX('入力シート'!$A$2:$A$41,MATCH(($A46-1)*4+1,'入力シート'!$F$2:$F$41,0)),""),"") | D46: =IF(ISNUMBER($A46),IFERROR(INDEX('入力シート'!$A$2:$A$41,MATCH(($A46-1)*4+2,'入力シート'!$F$2:$F$41,0)),""),"") | E46: =IF(ISNUMBER($A46),IFERROR(INDEX('入力シート'!$A$2:$A$41,MATCH(($A46-1)*4+4,'入力シート'!$F$2:$F$41,0)),""),"") | G46: =IF(5<=ROUNDUP('入力シート'!$M$13/4,0),IF(1=1,ROUNDUP('入力シート'!$M$13/4,0)+1-5,5),IF(5=ROUNDUP('入力シート'!$M$13/4,0)+1,IF(1=1,"前","後ろ"),"")) | H46: =IF(ISNUMBER($G46),IFERROR(INDEX('入力シート'!$A$2:$A$41,MATCH(($G46-1)*4+3,'入力シート'!$F$2:$F$41,0)),""),"") | I46: =IF(ISNUMBER($G46),IFERROR(INDEX('入力シート'!$A$2:$A$41,MATCH(($G46-1)*4+1,'入力シート'!$F$2:$F$41,0)),""),"") | J46: =IF(ISNUMBER($G46),IFERROR(INDEX('入力シート'!$A$2:$A$41,MATCH(($G46-1)*4+2,'入力シート'!$F$2:$F$41,0)),""),"") | K46: =IF(ISNUMBER($G46),IFERROR(INDEX('入力シート'!$A$2:$A$41,MATCH(($G46-1)*4+4,'入力シート'!$F$2:$F$41,0)),""),"")
A47: =IF(6<=ROUNDUP('入力シート'!$M$13/4,0),IF(0=1,ROUNDUP('入力シート'!$M$13/4,0)+1-6,6),IF(6=ROUNDUP('入力シート'!$M$13/4,0)+1,IF(0=1,"前","後ろ"),"")) | B47: =IF(ISNUMBER($A47),IFERROR(INDEX('入力シート'!$A$2:$A$41,MATCH(($A47-1)*4+3,'入力シート'!$F$2:$F$41,0)),""),"") | C47: =IF(ISNUMBER($A47),IFERROR(INDEX('入力シート'!$A$2:$A$41,MATCH(($A47-1)*4+1,'入力シート'!$F$2:$F$41,0)),""),"") | D47: =IF(ISNUMBER($A47),IFERROR(INDEX('入力シート'!$A$2:$A$41,MATCH(($A47-1)*4+2,'入力シート'!$F$2:$F$41,0)),""),"") | E47: =IF(ISNUMBER($A47),IFERROR(INDEX('入力シート'!$A$2:$A$41,MATCH(($A47-1)*4+4,'入力シート'!$F$2:$F$41,0)),""),"") | G47: =IF(6<=ROUNDUP('入力シート'!$M$13/4,0),IF(1=1,ROUNDUP('入力シート'!$M$13/4,0)+1-6,6),IF(6=ROUNDUP('入力シート'!$M$13/4,0)+1,IF(1=1,"前","後ろ"),"")) | H47: =IF(ISNUMBER($G47),IFERROR(INDEX('入力シート'!$A$2:$A$41,MATCH(($G47-1)*4+3,'入力シート'!$F$2:$F$41,0)),""),"") | I47: =IF(ISNUMBER($G47),IFERROR(INDEX('入力シート'!$A$2:$A$41,MATCH(($G47-1)*4+1,'入力シート'!$F$2:$F$41,0)),""),"") | J47: =IF(ISNUMBER($G47),IFERROR(INDEX('入力シート'!$A$2:$A$41,MATCH(($G47-1)*4+2,'入力シート'!$F$2:$F$41,0)),""),"") | K47: =IF(ISNUMBER($G47),IFERROR(INDEX('入力シート'!$A$2:$A$41,MATCH(($G47-1)*4+4,'入力シート'!$F$2:$F$41,0)),""),"")
A48: =IF(7<=ROUNDUP('入力シート'!$M$13/4,0),IF(0=1,ROUNDUP('入力シート'!$M$13/4,0)+1-7,7),IF(7=ROUNDUP('入力シート'!$M$13/4,0)+1,IF(0=1,"前","後ろ"),"")) | B48: =IF(ISNUMBER($A48),IFERROR(INDEX('入力シート'!$A$2:$A$41,MATCH(($A48-1)*4+3,'入力シート'!$F$2:$F$41,0)),""),"") | C48: =IF(ISNUMBER($A48),IFERROR(INDEX('入力シート'!$A$2:$A$41,MATCH(($A48-1)*4+1,'入力シート'!$F$2:$F$41,0)),""),"") | D48: =IF(ISNUMBER($A48),IFERROR(INDEX('入力シート'!$A$2:$A$41,MATCH(($A48-1)*4+2,'入力シート'!$F$2:$F$41,0)),""),"") | E48: =IF(ISNUMBER($A48),IFERROR(INDEX('入力シート'!$A$2:$A$41,MATCH(($A48-1)*4+4,'入力シート'!$F$2:$F$41,0)),""),"") | G48: =IF(7<=ROUNDUP('入力シート'!$M$13/4,0),IF(1=1,ROUNDUP('入力シート'!$M$13/4,0)+1-7,7),IF(7=ROUNDUP('入力シート'!$M$13/4,0)+1,IF(1=1,"前","後ろ"),"")) | H48: =IF(ISNUMBER($G48),IFERROR(INDEX('入力シート'!$A$2:$A$41,MATCH(($G48-1)*4+3,'入力シート'!$F$2:$F$41,0)),""),"") | I48: =IF(ISNUMBER($G48),IFERROR(INDEX('入力シート'!$A$2:$A$41,MATCH(($G48-1)*4+1,'入力シート'!$F$2:$F$41,0)),""),"") | J48: =IF(ISNUMBER($G48),IFERROR(INDEX('入力シート'!$A$2:$A$41,MATCH(($G48-1)*4+2,'入力シート'!$F$2:$F$41,0)),""),"") | K48: =IF(ISNUMBER($G48),IFERROR(INDEX('入力シート'!$A$2:$A$41,MATCH(($G48-1)*4+4,'入力シート'!$F$2:$F$41,0)),""),"")
A49: =IF(8<=ROUNDUP('入力シート'!$M$13/4,0),IF(0=1,ROUNDUP('入力シート'!$M$13/4,0)+1-8,8),IF(8=ROUNDUP('入力シート'!$M$13/4,0)+1,IF(0=1,"前","後ろ"),"")) | B49: =IF(ISNUMBER($A49),IFERROR(INDEX('入力シート'!$A$2:$A$41,MATCH(($A49-1)*4+3,'入力シート'!$F$2:$F$41,0)),""),"") | C49: =IF(ISNUMBER($A49),IFERROR(INDEX('入力シート'!$A$2:$A$41,MATCH(($A49-1)*4+1,'入力シート'!$F$2:$F$41,0)),""),"") | D49: =IF(ISNUMBER($A49),IFERROR(INDEX('入力シート'!$A$2:$A$41,MATCH(($A49-1)*4+2,'入力シート'!$F$2:$F$41,0)),""),"") | E49: =IF(ISNUMBER($A49),IFERROR(INDEX('入力シート'!$A$2:$A$41,MATCH(($A49-1)*4+4,'入力シート'!$F$2:$F$41,0)),""),"") | G49: =IF(8<=ROUNDUP('入力シート'!$M$13/4,0),IF(1=1,ROUNDUP('入力シート'!$M$13/4,0)+1-8,8),IF(8=ROUNDUP('入力シート'!$M$13/4,0)+1,IF(1=1,"前","後ろ"),"")) | H49: =IF(ISNUMBER($G49),IFERROR(INDEX('入力シート'!$A$2:$A$41,MATCH(($G49-1)*4+3,'入力シート'!$F$2:$F$41,0)),""),"") | I49: =IF(ISNUMBER($G49),IFERROR(INDEX('入力シート'!$A$2:$A$41,MATCH(($G49-1)*4+1,'入力シート'!$F$2:$F$41,0)),""),"") | J49: =IF(ISNUMBER($G49),IFERROR(INDEX('入力シート'!$A$2:$A$41,MATCH(($G49-1)*4+2,'入力シート'!$F$2:$F$41,0)),""),"") | K49: =IF(ISNUMBER($G49),IFERROR(INDEX('入力シート'!$A$2:$A$41,MATCH(($G49-1)*4+4,'入力シート'!$F$2:$F$41,0)),""),"")
A50: =IF(9<=ROUNDUP('入力シート'!$M$13/4,0),IF(0=1,ROUNDUP('入力シート'!$M$13/4,0)+1-9,9),IF(9=ROUNDUP('入力シート'!$M$13/4,0)+1,IF(0=1,"前","後ろ"),"")) | B50: =IF(ISNUMBER($A50),IFERROR(INDEX('入力シート'!$A$2:$A$41,MATCH(($A50-1)*4+3,'入力シート'!$F$2:$F$41,0)),""),"") | C50: =IF(ISNUMBER($A50),IFERROR(INDEX('入力シート'!$A$2:$A$41,MATCH(($A50-1)*4+1,'入力シート'!$F$2:$F$41,0)),""),"") | D50: =IF(ISNUMBER($A50),IFERROR(INDEX('入力シート'!$A$2:$A$41,MATCH(($A50-1)*4+2,'入力シート'!$F$2:$F$41,0)),""),"") | E50: =IF(ISNUMBER($A50),IFERROR(INDEX('入力シート'!$A$2:$A$41,MATCH(($A50-1)*4+4,'入力シート'!$F$2:$F$41,0)),""),"") | G50: =IF(9<=ROUNDUP('入力シート'!$M$13/4,0),IF(1=1,ROUNDUP('入力シート'!$M$13/4,0)+1-9,9),IF(9=ROUNDUP('入力シート'!$M$13/4,0)+1,IF(1=1,"前","後ろ"),"")) | H50: =IF(ISNUMBER($G50),IFERROR(INDEX('入力シート'!$A$2:$A$41,MATCH(($G50-1)*4+3,'入力シート'!$F$2:$F$41,0)),""),"") | I50: =IF(ISNUMBER($G50),IFERROR(INDEX('入力シート'!$A$2:$A$41,MATCH(($G50-1)*4+1,'入力シート'!$F$2:$F$41,0)),""),"") | J50: =IF(ISNUMBER($G50),IFERROR(INDEX('入力シート'!$A$2:$A$41,MATCH(($G50-1)*4+2,'入力シート'!$F$2:$F$41,0)),""),"") | K50: =IF(ISNUMBER($G50),IFERROR(INDEX('入力シート'!$A$2:$A$41,MATCH(($G50-1)*4+4,'入力シート'!$F$2:$F$41,0)),""),"")
A51: =IF(10<=ROUNDUP('入力シート'!$M$13/4,0),IF(0=1,ROUNDUP('入力シート'!$M$13/4,0)+1-10,10),IF(10=ROUNDUP('入力シート'!$M$13/4,0)+1,IF(0=1,"前","後ろ"),"")) | B51: =IF(ISNUMBER($A51),IFERROR(INDEX('入力シート'!$A$2:$A$41,MATCH(($A51-1)*4+3,'入力シート'!$F$2:$F$41,0)),""),"") | C51: =IF(ISNUMBER($A51),IFERROR(INDEX('入力シート'!$A$2:$A$41,MATCH(($A51-1)*4+1,'入力シート'!$F$2:$F$41,0)),""),"") | D51: =IF(ISNUMBER($A51),IFERROR(INDEX('入力シート'!$A$2:$A$41,MATCH(($A51-1)*4+2,'入力シート'!$F$2:$F$41,0)),""),"") | E51: =IF(ISNUMBER($A51),IFERROR(INDEX('入力シート'!$A$2:$A$41,MATCH(($A51-1)*4+4,'入力シート'!$F$2:$F$41,0)),""),"") | G51: =IF(10<=ROUNDUP('入力シート'!$M$13/4,0),IF(1=1,ROUNDUP('入力シート'!$M$13/4,0)+1-10,10),IF(10=ROUNDUP('入力シート'!$M$13/4,0)+1,IF(1=1,"前","後ろ"),"")) | H51: =IF(ISNUMBER($G51),IFERROR(INDEX('入力シート'!$A$2:$A$41,MATCH(($G51-1)*4+3,'入力シート'!$F$2:$F$41,0)),""),"") | I51: =IF(ISNUMBER($G51),IFERROR(INDEX('入力シート'!$A$2:$A$41,MATCH(($G51-1)*4+1,'入力シート'!$F$2:$F$41,0)),""),"") | J51: =IF(ISNUMBER($G51),IFERROR(INDEX('入力シート'!$A$2:$A$41,MATCH(($G51-1)*4+2,'入力シート'!$F$2:$F$41,0)),""),"") | K51: =IF(ISNUMBER($G51),IFERROR(INDEX('入力シート'!$A$2:$A$41,MATCH(($G51-1)*4+4,'入力シート'!$F$2:$F$41,0)),""),"")
A52: =IF(11<=ROUNDUP('入力シート'!$M$13/4,0),IF(0=1,ROUNDUP('入力シート'!$M$13/4,0)+1-11,11),IF(11=ROUNDUP('入力シート'!$M$13/4,0)+1,IF(0=1,"前","後ろ"),"")) | B52: =IF(ISNUMBER($A52),IFERROR(INDEX('入力シート'!$A$2:$A$41,MATCH(($A52-1)*4+3,'入力シート'!$F$2:$F$41,0)),""),"") | C52: =IF(ISNUMBER($A52),IFERROR(INDEX('入力シート'!$A$2:$A$41,MATCH(($A52-1)*4+1,'入力シート'!$F$2:$F$41,0)),""),"") | D52: =IF(ISNUMBER($A52),IFERROR(INDEX('入力シート'!$A$2:$A$41,MATCH(($A52-1)*4+2,'入力シート'!$F$2:$F$41,0)),""),"") | E52: =IF(ISNUMBER($A52),IFERROR(INDEX('入力シート'!$A$2:$A$41,MATCH(($A52-1)*4+4,'入力シート'!$F$2:$F$41,0)),""),"") | G52: =IF(11<=ROUNDUP('入力シート'!$M$13/4,0),IF(1=1,ROUNDUP('入力シート'!$M$13/4,0)+1-11,11),IF(11=ROUNDUP('入力シート'!$M$13/4,0)+1,IF(1=1,"前","後ろ"),"")) | H52: =IF(ISNUMBER($G52),IFERROR(INDEX('入力シート'!$A$2:$A$41,MATCH(($G52-1)*4+3,'入力シート'!$F$2:$F$41,0)),""),"") | I52: =IF(ISNUMBER($G52),IFERROR(INDEX('入力シート'!$A$2:$A$41,MATCH(($G52-1)*4+1,'入力シート'!$F$2:$F$41,0)),""),"") | J52: =IF(ISNUMBER($G52),IFERROR(INDEX('入力シート'!$A$2:$A$41,MATCH(($G52-1)*4+2,'入力シート'!$F$2:$F$41,0)),""),"") | K52: =IF(ISNUMBER($G52),IFERROR(INDEX('入力シート'!$A$2:$A$41,MATCH(($G52-1)*4+4,'入力シート'!$F$2:$F$41,0)),""),"")
A53: =IF((ROUNDUP('入力シート'!$M$13/4,0))>10,"⚠ 入りきらない子がいます ","") | G53: =IF((ROUNDUP('入力シート'!$M$13/4,0))>10,"⚠ 入りきらない子がいます ","")
A55: 4列④ 男子2列・女子2列
B56: 上が前 ← ○で印刷 | H56: 下が前 ← ○で印刷
B57: 男子 | C57: 男子 | D57: 女子 | E57: 女子 | H57: 男子 | I57: 男子 | J57: 女子 | K57: 女子
A58: =IF(0=1,"後ろ","前") | B58: =IF(ISNUMBER($A58),IFERROR(INDEX('入力シート'!$A$2:$A$41,MATCH("男"&(($A58-1)*2+1),'入力シート'!$I$2:$I$41,0)),""),"") | C58: =IF(ISNUMBER($A58),IFERROR(INDEX('入力シート'!$A$2:$A$41,MATCH("男"&(($A58-1)*2+2),'入力シート'!$I$2:$I$41,0)),""),"") | D58: =IF(ISNUMBER($A58),IFERROR(INDEX('入力シート'!$A$2:$A$41,MATCH("女"&(($A58-1)*2+1),'入力シート'!$I$2:$I$41,0)),""),"") | E58: =IF(ISNUMBER($A58),IFERROR(INDEX('入力シート'!$A$2:$A$41,MATCH("女"&(($A58-1)*2+2),'入力シート'!$I$2:$I$41,0)),""),"") | G58: =IF(1=1,"後ろ","前") | H58: =IF(ISNUMBER($G58),IFERROR(INDEX('入力シート'!$A$2:$A$41,MATCH("男"&(($G58-1)*2+1),'入力シート'!$I$2:$I$41,0)),""),"") | I58: =IF(ISNUMBER($G58),IFERROR(INDEX('入力シート'!$A$2:$A$41,MATCH("男"&(($G58-1)*2+2),'入力シート'!$I$2:$I$41,0)),""),"") | J58: =IF(ISNUMBER($G58),IFERROR(INDEX('入力シート'!$A$2:$A$41,MATCH("女"&(($G58-1)*2+1),'入力シート'!$I$2:$I$41,0)),""),"") | K58: =IF(ISNUMBER($G58),IFERROR(INDEX('入力シート'!$A$2:$A$41,MATCH("女"&(($G58-1)*2+2),'入力シート'!$I$2:$I$41,0)),""),"")
A59: =IF(1<=MAX(ROUNDUP('入力シート'!$M$14/2,0),ROUNDUP('入力シート'!$M$15/2,0)),IF(0=1,MAX(ROUNDUP('入力シート'!$M$14/2,0),ROUNDUP('入力シート'!$M$15/2,0))+1-1,1),IF(1=MAX(ROUNDUP('入力シート'!$M$14/2,0),ROUNDUP('入力シート'!$M$15/2,0))+1,IF(0=1,"前","後ろ"),"")) | B59: =IF(ISNUMBER($A59),IFERROR(INDEX('入力シート'!$A$2:$A$41,MATCH("男"&(($A59-1)*2+1),'入力シート'!$I$2:$I$41,0)),""),"") | C59: =IF(ISNUMBER($A59),IFERROR(INDEX('入力シート'!$A$2:$A$41,MATCH("男"&(($A59-1)*2+2),'入力シート'!$I$2:$I$41,0)),""),"") | D59: =IF(ISNUMBER($A59),IFERROR(INDEX('入力シート'!$A$2:$A$41,MATCH("女"&(($A59-1)*2+1),'入力シート'!$I$2:$I$41,0)),""),"") | E59: =IF(ISNUMBER($A59),IFERROR(INDEX('入力シート'!$A$2:$A$41,MATCH("女"&(($A59-1)*2+2),'入力シート'!$I$2:$I$41,0)),""),"") | G59: =IF(1<=MAX(ROUNDUP('入力シート'!$M$14/2,0),ROUNDUP('入力シート'!$M$15/2,0)),IF(1=1,MAX(ROUNDUP('入力シート'!$M$14/2,0),ROUNDUP('入力シート'!$M$15/2,0))+1-1,1),IF(1=MAX(ROUNDUP('入力シート'!$M$14/2,0),ROUNDUP('入力シート'!$M$15/2,0))+1,IF(1=1,"前","後ろ"),"")) | H59: =IF(ISNUMBER($G59),IFERROR(INDEX('入力シート'!$A$2:$A$41,MATCH("男"&(($G59-1)*2+1),'入力シート'!$I$2:$I$41,0)),""),"") | I59: =IF(ISNUMBER($G59),IFERROR(INDEX('入力シート'!$A$2:$A$41,MATCH("男"&(($G59-1)*2+2),'入力シート'!$I$2:$I$41,0)),""),"") | J59: =IF(ISNUMBER($G59),IFERROR(INDEX('入力シート'!$A$2:$A$41,MATCH("女"&(($G59-1)*2+1),'入力シート'!$I$2:$I$41,0)),""),"") | K59: =IF(ISNUMBER($G59),IFERROR(INDEX('入力シート'!$A$2:$A$41,MATCH("女"&(($G59-1)*2+2),'入力シート'!$I$2:$I$41,0)),""),"")
A60: =IF(2<=MAX(ROUNDUP('入力シート'!$M$14/2,0),ROUNDUP('入力シート'!$M$15/2,0)),IF(0=1,MAX(ROUNDUP('入力シート'!$M$14/2,0),ROUNDUP('入力シート'!$M$15/2,0))+1-2,2),IF(2=MAX(ROUNDUP('入力シート'!$M$14/2,0),ROUNDUP('入力シート'!$M$15/2,0))+1,IF(0=1,"前","後ろ"),"")) | B60: =IF(ISNUMBER($A60),IFERROR(INDEX('入力シート'!$A$2:$A$41,MATCH("男"&(($A60-1)*2+1),'入力シート'!$I$2:$I$41,0)),""),"") | C60: =IF(ISNUMBER($A60),IFERROR(INDEX('入力シート'!$A$2:$A$41,MATCH("男"&(($A60-1)*2+2),'入力シート'!$I$2:$I$41,0)),""),"") | D60: =IF(ISNUMBER($A60),IFERROR(INDEX('入力シート'!$A$2:$A$41,MATCH("女"&(($A60-1)*2+1),'入力シート'!$I$2:$I$41,0)),""),"") | E60: =IF(ISNUMBER($A60),IFERROR(INDEX('入力シート'!$A$2:$A$41,MATCH("女"&(($A60-1)*2+2),'入力シート'!$I$2:$I$41,0)),""),"") | G60: =IF(2<=MAX(ROUNDUP('入力シート'!$M$14/2,0),ROUNDUP('入力シート'!$M$15/2,0)),IF(1=1,MAX(ROUNDUP('入力シート'!$M$14/2,0),ROUNDUP('入力シート'!$M$15/2,0))+1-2,2),IF(2=MAX(ROUNDUP('入力シート'!$M$14/2,0),ROUNDUP('入力シート'!$M$15/2,0))+1,IF(1=1,"前","後ろ"),"")) | H60: =IF(ISNUMBER($G60),IFERROR(INDEX('入力シート'!$A$2:$A$41,MATCH("男"&(($G60-1)*2+1),'入力シート'!$I$2:$I$41,0)),""),"") | I60: =IF(ISNUMBER($G60),IFERROR(INDEX('入力シート'!$A$2:$A$41,MATCH("男"&(($G60-1)*2+2),'入力シート'!$I$2:$I$41,0)),""),"") | J60: =IF(ISNUMBER($G60),IFERROR(INDEX('入力シート'!$A$2:$A$41,MATCH("女"&(($G60-1)*2+1),'入力シート'!$I$2:$I$41,0)),""),"") | K60: =IF(ISNUMBER($G60),IFERROR(INDEX('入力シート'!$A$2:$A$41,MATCH("女"&(($G60-1)*2+2),'入力シート'!$I$2:$I$41,0)),""),"")
A61: =IF(3<=MAX(ROUNDUP('入力シート'!$M$14/2,0),ROUNDUP('入力シート'!$M$15/2,0)),IF(0=1,MAX(ROUNDUP('入力シート'!$M$14/2,0),ROUNDUP('入力シート'!$M$15/2,0))+1-3,3),IF(3=MAX(ROUNDUP('入力シート'!$M$14/2,0),ROUNDUP('入力シート'!$M$15/2,0))+1,IF(0=1,"前","後ろ"),"")) | B61: =IF(ISNUMBER($A61),IFERROR(INDEX('入力シート'!$A$2:$A$41,MATCH("男"&(($A61-1)*2+1),'入力シート'!$I$2:$I$41,0)),""),"") | C61: =IF(ISNUMBER($A61),IFERROR(INDEX('入力シート'!$A$2:$A$41,MATCH("男"&(($A61-1)*2+2),'入力シート'!$I$2:$I$41,0)),""),"") | D61: =IF(ISNUMBER($A61),IFERROR(INDEX('入力シート'!$A$2:$A$41,MATCH("女"&(($A61-1)*2+1),'入力シート'!$I$2:$I$41,0)),""),"") | E61: =IF(ISNUMBER($A61),IFERROR(INDEX('入力シート'!$A$2:$A$41,MATCH("女"&(($A61-1)*2+2),'入力シート'!$I$2:$I$41,0)),""),"") | G61: =IF(3<=MAX(ROUNDUP('入力シート'!$M$14/2,0),ROUNDUP('入力シート'!$M$15/2,0)),IF(1=1,MAX(ROUNDUP('入力シート'!$M$14/2,0),ROUNDUP('入力シート'!$M$15/2,0))+1-3,3),IF(3=MAX(ROUNDUP('入力シート'!$M$14/2,0),ROUNDUP('入力シート'!$M$15/2,0))+1,IF(1=1,"前","後ろ"),"")) | H61: =IF(ISNUMBER($G61),IFERROR(INDEX('入力シート'!$A$2:$A$41,MATCH("男"&(($G61-1)*2+1),'入力シート'!$I$2:$I$41,0)),""),"") | I61: =IF(ISNUMBER($G61),IFERROR(INDEX('入力シート'!$A$2:$A$41,MATCH("男"&(($G61-1)*2+2),'入力シート'!$I$2:$I$41,0)),""),"") | J61: =IF(ISNUMBER($G61),IFERROR(INDEX('入力シート'!$A$2:$A$41,MATCH("女"&(($G61-1)*2+1),'入力シート'!$I$2:$I$41,0)),""),"") | K61: =IF(ISNUMBER($G61),IFERROR(INDEX('入力シート'!$A$2:$A$41,MATCH("女"&(($G61-1)*2+2),'入力シート'!$I$2:$I$41,0)),""),"")
A62: =IF(4<=MAX(ROUNDUP('入力シート'!$M$14/2,0),ROUNDUP('入力シート'!$M$15/2,0)),IF(0=1,MAX(ROUNDUP('入力シート'!$M$14/2,0),ROUNDUP('入力シート'!$M$15/2,0))+1-4,4),IF(4=MAX(ROUNDUP('入力シート'!$M$14/2,0),ROUNDUP('入力シート'!$M$15/2,0))+1,IF(0=1,"前","後ろ"),"")) | B62: =IF(ISNUMBER($A62),IFERROR(INDEX('入力シート'!$A$2:$A$41,MATCH("男"&(($A62-1)*2+1),'入力シート'!$I$2:$I$41,0)),""),"") | C62: =IF(ISNUMBER($A62),IFERROR(INDEX('入力シート'!$A$2:$A$41,MATCH("男"&(($A62-1)*2+2),'入力シート'!$I$2:$I$41,0)),""),"") | D62: =IF(ISNUMBER($A62),IFERROR(INDEX('入力シート'!$A$2:$A$41,MATCH("女"&(($A62-1)*2+1),'入力シート'!$I$2:$I$41,0)),""),"") | E62: =IF(ISNUMBER($A62),IFERROR(INDEX('入力シート'!$A$2:$A$41,MATCH("女"&(($A62-1)*2+2),'入力シート'!$I$2:$I$41,0)),""),"") | G62: =IF(4<=MAX(ROUNDUP('入力シート'!$M$14/2,0),ROUNDUP('入力シート'!$M$15/2,0)),IF(1=1,MAX(ROUNDUP('入力シート'!$M$14/2,0),ROUNDUP('入力シート'!$M$15/2,0))+1-4,4),IF(4=MAX(ROUNDUP('入力シート'!$M$14/2,0),ROUNDUP('入力シート'!$M$15/2,0))+1,IF(1=1,"前","後ろ"),"")) | H62: =IF(ISNUMBER($G62),IFERROR(INDEX('入力シート'!$A$2:$A$41,MATCH("男"&(($G62-1)*2+1),'入力シート'!$I$2:$I$41,0)),""),"") | I62: =IF(ISNUMBER($G62),IFERROR(INDEX('入力シート'!$A$2:$A$41,MATCH("男"&(($G62-1)*2+2),'入力シート'!$I$2:$I$41,0)),""),"") | J62: =IF(ISNUMBER($G62),IFERROR(INDEX('入力シート'!$A$2:$A$41,MATCH("女"&(($G62-1)*2+1),'入力シート'!$I$2:$I$41,0)),""),"") | K62: =IF(ISNUMBER($G62),IFERROR(INDEX('入力シート'!$A$2:$A$41,MATCH("女"&(($G62-1)*2+2),'入力シート'!$I$2:$I$41,0)),""),"")
A63: =IF(5<=MAX(ROUNDUP('入力シート'!$M$14/2,0),ROUNDUP('入力シート'!$M$15/2,0)),IF(0=1,MAX(ROUNDUP('入力シート'!$M$14/2,0),ROUNDUP('入力シート'!$M$15/2,0))+1-5,5),IF(5=MAX(ROUNDUP('入力シート'!$M$14/2,0),ROUNDUP('入力シート'!$M$15/2,0))+1,IF(0=1,"前","後ろ"),"")) | B63: =IF(ISNUMBER($A63),IFERROR(INDEX('入力シート'!$A$2:$A$41,MATCH("男"&(($A63-1)*2+1),'入力シート'!$I$2:$I$41,0)),""),"") | C63: =IF(ISNUMBER($A63),IFERROR(INDEX('入力シート'!$A$2:$A$41,MATCH("男"&(($A63-1)*2+2),'入力シート'!$I$2:$I$41,0)),""),"") | D63: =IF(ISNUMBER($A63),IFERROR(INDEX('入力シート'!$A$2:$A$41,MATCH("女"&(($A63-1)*2+1),'入力シート'!$I$2:$I$41,0)),""),"") | E63: =IF(ISNUMBER($A63),IFERROR(INDEX('入力シート'!$A$2:$A$41,MATCH("女"&(($A63-1)*2+2),'入力シート'!$I$2:$I$41,0)),""),"") | G63: =IF(5<=MAX(ROUNDUP('入力シート'!$M$14/2,0),ROUNDUP('入力シート'!$M$15/2,0)),IF(1=1,MAX(ROUNDUP('入力シート'!$M$14/2,0),ROUNDUP('入力シート'!$M$15/2,0))+1-5,5),IF(5=MAX(ROUNDUP('入力シート'!$M$14/2,0),ROUNDUP('入力シート'!$M$15/2,0))+1,IF(1=1,"前","後ろ"),"")) | H63: =IF(ISNUMBER($G63),IFERROR(INDEX('入力シート'!$A$2:$A$41,MATCH("男"&(($G63-1)*2+1),'入力シート'!$I$2:$I$41,0)),""),"") | I63: =IF(ISNUMBER($G63),IFERROR(INDEX('入力シート'!$A$2:$A$41,MATCH("男"&(($G63-1)*2+2),'入力シート'!$I$2:$I$41,0)),""),"") | J63: =IF(ISNUMBER($G63),IFERROR(INDEX('入力シート'!$A$2:$A$41,MATCH("女"&(($G63-1)*2+1),'入力シート'!$I$2:$I$41,0)),""),"") | K63: =IF(ISNUMBER($G63),IFERROR(INDEX('入力シート'!$A$2:$A$41,MATCH("女"&(($G63-1)*2+2),'入力シート'!$I$2:$I$41,0)),""),"")
A64: =IF(6<=MAX(ROUNDUP('入力シート'!$M$14/2,0),ROUNDUP('入力シート'!$M$15/2,0)),IF(0=1,MAX(ROUNDUP('入力シート'!$M$14/2,0),ROUNDUP('入力シート'!$M$15/2,0))+1-6,6),IF(6=MAX(ROUNDUP('入力シート'!$M$14/2,0),ROUNDUP('入力シート'!$M$15/2,0))+1,IF(0=1,"前","後ろ"),"")) | B64: =IF(ISNUMBER($A64),IFERROR(INDEX('入力シート'!$A$2:$A$41,MATCH("男"&(($A64-1)*2+1),'入力シート'!$I$2:$I$41,0)),""),"") | C64: =IF(ISNUMBER($A64),IFERROR(INDEX('入力シート'!$A$2:$A$41,MATCH("男"&(($A64-1)*2+2),'入力シート'!$I$2:$I$41,0)),""),"") | D64: =IF(ISNUMBER($A64),IFERROR(INDEX('入力シート'!$A$2:$A$41,MATCH("女"&(($A64-1)*2+1),'入力シート'!$I$2:$I$41,0)),""),"") | E64: =IF(ISNUMBER($A64),IFERROR(INDEX('入力シート'!$A$2:$A$41,MATCH("女"&(($A64-1)*2+2),'入力シート'!$I$2:$I$41,0)),""),"") | G64: =IF(6<=MAX(ROUNDUP('入力シート'!$M$14/2,0),ROUNDUP('入力シート'!$M$15/2,0)),IF(1=1,MAX(ROUNDUP('入力シート'!$M$14/2,0),ROUNDUP('入力シート'!$M$15/2,0))+1-6,6),IF(6=MAX(ROUNDUP('入力シート'!$M$14/2,0),ROUNDUP('入力シート'!$M$15/2,0))+1,IF(1=1,"前","後ろ"),"")) | H64: =IF(ISNUMBER($G64),IFERROR(INDEX('入力シート'!$A$2:$A$41,MATCH("男"&(($G64-1)*2+1),'入力シート'!$I$2:$I$41,0)),""),"") | I64: =IF(ISNUMBER($G64),IFERROR(INDEX('入力シート'!$A$2:$A$41,MATCH("男"&(($G64-1)*2+2),'入力シート'!$I$2:$I$41,0)),""),"") | J64: =IF(ISNUMBER($G64),IFERROR(INDEX('入力シート'!$A$2:$A$41,MATCH("女"&(($G64-1)*2+1),'入力シート'!$I$2:$I$41,0)),""),"") | K64: =IF(ISNUMBER($G64),IFERROR(INDEX('入力シート'!$A$2:$A$41,MATCH("女"&(($G64-1)*2+2),'入力シート'!$I$2:$I$41,0)),""),"")
A65: =IF(7<=MAX(ROUNDUP('入力シート'!$M$14/2,0),ROUNDUP('入力シート'!$M$15/2,0)),IF(0=1,MAX(ROUNDUP('入力シート'!$M$14/2,0),ROUNDUP('入力シート'!$M$15/2,0))+1-7,7),IF(7=MAX(ROUNDUP('入力シート'!$M$14/2,0),ROUNDUP('入力シート'!$M$15/2,0))+1,IF(0=1,"前","後ろ"),"")) | B65: =IF(ISNUMBER($A65),IFERROR(INDEX('入力シート'!$A$2:$A$41,MATCH("男"&(($A65-1)*2+1),'入力シート'!$I$2:$I$41,0)),""),"") | C65: =IF(ISNUMBER($A65),IFERROR(INDEX('入力シート'!$A$2:$A$41,MATCH("男"&(($A65-1)*2+2),'入力シート'!$I$2:$I$41,0)),""),"") | D65: =IF(ISNUMBER($A65),IFERROR(INDEX('入力シート'!$A$2:$A$41,MATCH("女"&(($A65-1)*2+1),'入力シート'!$I$2:$I$41,0)),""),"") | E65: =IF(ISNUMBER($A65),IFERROR(INDEX('入力シート'!$A$2:$A$41,MATCH("女"&(($A65-1)*2+2),'入力シート'!$I$2:$I$41,0)),""),"") | G65: =IF(7<=MAX(ROUNDUP('入力シート'!$M$14/2,0),ROUNDUP('入力シート'!$M$15/2,0)),IF(1=1,MAX(ROUNDUP('入力シート'!$M$14/2,0),ROUNDUP('入力シート'!$M$15/2,0))+1-7,7),IF(7=MAX(ROUNDUP('入力シート'!$M$14/2,0),ROUNDUP('入力シート'!$M$15/2,0))+1,IF(1=1,"前","後ろ"),"")) | H65: =IF(ISNUMBER($G65),IFERROR(INDEX('入力シート'!$A$2:$A$41,MATCH("男"&(($G65-1)*2+1),'入力シート'!$I$2:$I$41,0)),""),"") | I65: =IF(ISNUMBER($G65),IFERROR(INDEX('入力シート'!$A$2:$A$41,MATCH("男"&(($G65-1)*2+2),'入力シート'!$I$2:$I$41,0)),""),"") | J65: =IF(ISNUMBER($G65),IFERROR(INDEX('入力シート'!$A$2:$A$41,MATCH("女"&(($G65-1)*2+1),'入力シート'!$I$2:$I$41,0)),""),"") | K65: =IF(ISNUMBER($G65),IFERROR(INDEX('入力シート'!$A$2:$A$41,MATCH("女"&(($G65-1)*2+2),'入力シート'!$I$2:$I$41,0)),""),"")
A66: =IF(8<=MAX(ROUNDUP('入力シート'!$M$14/2,0),ROUNDUP('入力シート'!$M$15/2,0)),IF(0=1,MAX(ROUNDUP('入力シート'!$M$14/2,0),ROUNDUP('入力シート'!$M$15/2,0))+1-8,8),IF(8=MAX(ROUNDUP('入力シート'!$M$14/2,0),ROUNDUP('入力シート'!$M$15/2,0))+1,IF(0=1,"前","後ろ"),"")) | B66: =IF(ISNUMBER($A66),IFERROR(INDEX('入力シート'!$A$2:$A$41,MATCH("男"&(($A66-1)*2+1),'入力シート'!$I$2:$I$41,0)),""),"") | C66: =IF(ISNUMBER($A66),IFERROR(INDEX('入力シート'!$A$2:$A$41,MATCH("男"&(($A66-1)*2+2),'入力シート'!$I$2:$I$41,0)),""),"") | D66: =IF(ISNUMBER($A66),IFERROR(INDEX('入力シート'!$A$2:$A$41,MATCH("女"&(($A66-1)*2+1),'入力シート'!$I$2:$I$41,0)),""),"") | E66: =IF(ISNUMBER($A66),IFERROR(INDEX('入力シート'!$A$2:$A$41,MATCH("女"&(($A66-1)*2+2),'入力シート'!$I$2:$I$41,0)),""),"") | G66: =IF(8<=MAX(ROUNDUP('入力シート'!$M$14/2,0),ROUNDUP('入力シート'!$M$15/2,0)),IF(1=1,MAX(ROUNDUP('入力シート'!$M$14/2,0),ROUNDUP('入力シート'!$M$15/2,0))+1-8,8),IF(8=MAX(ROUNDUP('入力シート'!$M$14/2,0),ROUNDUP('入力シート'!$M$15/2,0))+1,IF(1=1,"前","後ろ"),"")) | H66: =IF(ISNUMBER($G66),IFERROR(INDEX('入力シート'!$A$2:$A$41,MATCH("男"&(($G66-1)*2+1),'入力シート'!$I$2:$I$41,0)),""),"") | I66: =IF(ISNUMBER($G66),IFERROR(INDEX('入力シート'!$A$2:$A$41,MATCH("男"&(($G66-1)*2+2),'入力シート'!$I$2:$I$41,0)),""),"") | J66: =IF(ISNUMBER($G66),IFERROR(INDEX('入力シート'!$A$2:$A$41,MATCH("女"&(($G66-1)*2+1),'入力シート'!$I$2:$I$41,0)),""),"") | K66: =IF(ISNUMBER($G66),IFERROR(INDEX('入力シート'!$A$2:$A$41,MATCH("女"&(($G66-1)*2+2),'入力シート'!$I$2:$I$41,0)),""),"")
A67: =IF(9<=MAX(ROUNDUP('入力シート'!$M$14/2,0),ROUNDUP('入力シート'!$M$15/2,0)),IF(0=1,MAX(ROUNDUP('入力シート'!$M$14/2,0),ROUNDUP('入力シート'!$M$15/2,0))+1-9,9),IF(9=MAX(ROUNDUP('入力シート'!$M$14/2,0),ROUNDUP('入力シート'!$M$15/2,0))+1,IF(0=1,"前","後ろ"),"")) | B67: =IF(ISNUMBER($A67),IFERROR(INDEX('入力シート'!$A$2:$A$41,MATCH("男"&(($A67-1)*2+1),'入力シート'!$I$2:$I$41,0)),""),"") | C67: =IF(ISNUMBER($A67),IFERROR(INDEX('入力シート'!$A$2:$A$41,MATCH("男"&(($A67-1)*2+2),'入力シート'!$I$2:$I$41,0)),""),"") | D67: =IF(ISNUMBER($A67),IFERROR(INDEX('入力シート'!$A$2:$A$41,MATCH("女"&(($A67-1)*2+1),'入力シート'!$I$2:$I$41,0)),""),"") | E67: =IF(ISNUMBER($A67),IFERROR(INDEX('入力シート'!$A$2:$A$41,MATCH("女"&(($A67-1)*2+2),'入力シート'!$I$2:$I$41,0)),""),"") | G67: =IF(9<=MAX(ROUNDUP('入力シート'!$M$14/2,0),ROUNDUP('入力シート'!$M$15/2,0)),IF(1=1,MAX(ROUNDUP('入力シート'!$M$14/2,0),ROUNDUP('入力シート'!$M$15/2,0))+1-9,9),IF(9=MAX(ROUNDUP('入力シート'!$M$14/2,0),ROUNDUP('入力シート'!$M$15/2,0))+1,IF(1=1,"前","後ろ"),"")) | H67: =IF(ISNUMBER($G67),IFERROR(INDEX('入力シート'!$A$2:$A$41,MATCH("男"&(($G67-1)*2+1),'入力シート'!$I$2:$I$41,0)),""),"") | I67: =IF(ISNUMBER($G67),IFERROR(INDEX('入力シート'!$A$2:$A$41,MATCH("男"&(($G67-1)*2+2),'入力シート'!$I$2:$I$41,0)),""),"") | J67: =IF(ISNUMBER($G67),IFERROR(INDEX('入力シート'!$A$2:$A$41,MATCH("女"&(($G67-1)*2+1),'入力シート'!$I$2:$I$41,0)),""),"") | K67: =IF(ISNUMBER($G67),IFERROR(INDEX('入力シート'!$A$2:$A$41,MATCH("女"&(($G67-1)*2+2),'入力シート'!$I$2:$I$41,0)),""),"")
A68: =IF(10<=MAX(ROUNDUP('入力シート'!$M$14/2,0),ROUNDUP('入力シート'!$M$15/2,0)),IF(0=1,MAX(ROUNDUP('入力シート'!$M$14/2,0),ROUNDUP('入力シート'!$M$15/2,0))+1-10,10),IF(10=MAX(ROUNDUP('入力シート'!$M$14/2,0),ROUNDUP('入力シート'!$M$15/2,0))+1,IF(0=1,"前","後ろ"),"")) | B68: =IF(ISNUMBER($A68),IFERROR(INDEX('入力シート'!$A$2:$A$41,MATCH("男"&(($A68-1)*2+1),'入力シート'!$I$2:$I$41,0)),""),"") | C68: =IF(ISNUMBER($A68),IFERROR(INDEX('入力シート'!$A$2:$A$41,MATCH("男"&(($A68-1)*2+2),'入力シート'!$I$2:$I$41,0)),""),"") | D68: =IF(ISNUMBER($A68),IFERROR(INDEX('入力シート'!$A$2:$A$41,MATCH("女"&(($A68-1)*2+1),'入力シート'!$I$2:$I$41,0)),""),"") | E68: =IF(ISNUMBER($A68),IFERROR(INDEX('入力シート'!$A$2:$A$41,MATCH("女"&(($A68-1)*2+2),'入力シート'!$I$2:$I$41,0)),""),"") | G68: =IF(10<=MAX(ROUNDUP('入力シート'!$M$14/2,0),ROUNDUP('入力シート'!$M$15/2,0)),IF(1=1,MAX(ROUNDUP('入力シート'!$M$14/2,0),ROUNDUP('入力シート'!$M$15/2,0))+1-10,10),IF(10=MAX(ROUNDUP('入力シート'!$M$14/2,0),ROUNDUP('入力シート'!$M$15/2,0))+1,IF(1=1,"前","後ろ"),"")) | H68: =IF(ISNUMBER($G68),IFERROR(INDEX('入力シート'!$A$2:$A$41,MATCH("男"&(($G68-1)*2+1),'入力シート'!$I$2:$I$41,0)),""),"") | I68: =IF(ISNUMBER($G68),IFERROR(INDEX('入力シート'!$A$2:$A$41,MATCH("男"&(($G68-1)*2+2),'入力シート'!$I$2:$I$41,0)),""),"") | J68: =IF(ISNUMBER($G68),IFERROR(INDEX('入力シート'!$A$2:$A$41,MATCH("女"&(($G68-1)*2+1),'入力シート'!$I$2:$I$41,0)),""),"") | K68: =IF(ISNUMBER($G68),IFERROR(INDEX('入力シート'!$A$2:$A$41,MATCH("女"&(($G68-1)*2+2),'入力シート'!$I$2:$I$41,0)),""),"")
A69: =IF(11<=MAX(ROUNDUP('入力シート'!$M$14/2,0),ROUNDUP('入力シート'!$M$15/2,0)),IF(0=1,MAX(ROUNDUP('入力シート'!$M$14/2,0),ROUNDUP('入力シート'!$M$15/2,0))+1-11,11),IF(11=MAX(ROUNDUP('入力シート'!$M$14/2,0),ROUNDUP('入力シート'!$M$15/2,0))+1,IF(0=1,"前","後ろ"),"")) | B69: =IF(ISNUMBER($A69),IFERROR(INDEX('入力シート'!$A$2:$A$41,MATCH("男"&(($A69-1)*2+1),'入力シート'!$I$2:$I$41,0)),""),"") | C69: =IF(ISNUMBER($A69),IFERROR(INDEX('入力シート'!$A$2:$A$41,MATCH("男"&(($A69-1)*2+2),'入力シート'!$I$2:$I$41,0)),""),"") | D69: =IF(ISNUMBER($A69),IFERROR(INDEX('入力シート'!$A$2:$A$41,MATCH("女"&(($A69-1)*2+1),'入力シート'!$I$2:$I$41,0)),""),"") | E69: =IF(ISNUMBER($A69),IFERROR(INDEX('入力シート'!$A$2:$A$41,MATCH("女"&(($A69-1)*2+2),'入力シート'!$I$2:$I$41,0)),""),"") | G69: =IF(11<=MAX(ROUNDUP('入力シート'!$M$14/2,0),ROUNDUP('入力シート'!$M$15/2,0)),IF(1=1,MAX(ROUNDUP('入力シート'!$M$14/2,0),ROUNDUP('入力シート'!$M$15/2,0))+1-11,11),IF(11=MAX(ROUNDUP('入力シート'!$M$14/2,0),ROUNDUP('入力シート'!$M$15/2,0))+1,IF(1=1,"前","後ろ"),"")) | H69: =IF(ISNUMBER($G69),IFERROR(INDEX('入力シート'!$A$2:$A$41,MATCH("男"&(($G69-1)*2+1),'入力シート'!$I$2:$I$41,0)),""),"") | I69: =IF(ISNUMBER($G69),IFERROR(INDEX('入力シート'!$A$2:$A$41,MATCH("男"&(($G69-1)*2+2),'入力シート'!$I$2:$I$41,0)),""),"") | J69: =IF(ISNUMBER($G69),IFERROR(INDEX('入力シート'!$A$2:$A$41,MATCH("女"&(($G69-1)*2+1),'入力シート'!$I$2:$I$41,0)),""),"") | K69: =IF(ISNUMBER($G69),IFERROR(INDEX('入力シート'!$A$2:$A$41,MATCH("女"&(($G69-1)*2+2),'入力シート'!$I$2:$I$41,0)),""),"")
A70: =IF(12<=MAX(ROUNDUP('入力シート'!$M$14/2,0),ROUNDUP('入力シート'!$M$15/2,0)),IF(0=1,MAX(ROUNDUP('入力シート'!$M$14/2,0),ROUNDUP('入力シート'!$M$15/2,0))+1-12,12),IF(12=MAX(ROUNDUP('入力シート'!$M$14/2,0),ROUNDUP('入力シート'!$M$15/2,0))+1,IF(0=1,"前","後ろ"),"")) | B70: =IF(ISNUMBER($A70),IFERROR(INDEX('入力シート'!$A$2:$A$41,MATCH("男"&(($A70-1)*2+1),'入力シート'!$I$2:$I$41,0)),""),"") | C70: =IF(ISNUMBER($A70),IFERROR(INDEX('入力シート'!$A$2:$A$41,MATCH("男"&(($A70-1)*2+2),'入力シート'!$I$2:$I$41,0)),""),"") | D70: =IF(ISNUMBER($A70),IFERROR(INDEX('入力シート'!$A$2:$A$41,MATCH("女"&(($A70-1)*2+1),'入力シート'!$I$2:$I$41,0)),""),"") | E70: =IF(ISNUMBER($A70),IFERROR(INDEX('入力シート'!$A$2:$A$41,MATCH("女"&(($A70-1)*2+2),'入力シート'!$I$2:$I$41,0)),""),"") | G70: =IF(12<=MAX(ROUNDUP('入力シート'!$M$14/2,0),ROUNDUP('入力シート'!$M$15/2,0)),IF(1=1,MAX(ROUNDUP('入力シート'!$M$14/2,0),ROUNDUP('入力シート'!$M$15/2,0))+1-12,12),IF(12=MAX(ROUNDUP('入力シート'!$M$14/2,0),ROUNDUP('入力シート'!$M$15/2,0))+1,IF(1=1,"前","後ろ"),"")) | H70: =IF(ISNUMBER($G70),IFERROR(INDEX('入力シート'!$A$2:$A$41,MATCH("男"&(($G70-1)*2+1),'入力シート'!$I$2:$I$41,0)),""),"") | I70: =IF(ISNUMBER($G70),IFERROR(INDEX('入力シート'!$A$2:$A$41,MATCH("男"&(($G70-1)*2+2),'入力シート'!$I$2:$I$41,0)),""),"") | J70: =IF(ISNUMBER($G70),IFERROR(INDEX('入力シート'!$A$2:$A$41,MATCH("女"&(($G70-1)*2+1),'入力シート'!$I$2:$I$41,0)),""),"") | K70: =IF(ISNUMBER($G70),IFERROR(INDEX('入力シート'!$A$2:$A$41,MATCH("女"&(($G70-1)*2+2),'入力シート'!$I$2:$I$41,0)),""),"")
A71: =IF(13<=MAX(ROUNDUP('入力シート'!$M$14/2,0),ROUNDUP('入力シート'!$M$15/2,0)),IF(0=1,MAX(ROUNDUP('入力シート'!$M$14/2,0),ROUNDUP('入力シート'!$M$15/2,0))+1-13,13),IF(13=MAX(ROUNDUP('入力シート'!$M$14/2,0),ROUNDUP('入力シート'!$M$15/2,0))+1,IF(0=1,"前","後ろ"),"")) | B71: =IF(ISNUMBER($A71),IFERROR(INDEX('入力シート'!$A$2:$A$41,MATCH("男"&(($A71-1)*2+1),'入力シート'!$I$2:$I$41,0)),""),"") | C71: =IF(ISNUMBER($A71),IFERROR(INDEX('入力シート'!$A$2:$A$41,MATCH("男"&(($A71-1)*2+2),'入力シート'!$I$2:$I$41,0)),""),"") | D71: =IF(ISNUMBER($A71),IFERROR(INDEX('入力シート'!$A$2:$A$41,MATCH("女"&(($A71-1)*2+1),'入力シート'!$I$2:$I$41,0)),""),"") | E71: =IF(ISNUMBER($A71),IFERROR(INDEX('入力シート'!$A$2:$A$41,MATCH("女"&(($A71-1)*2+2),'入力シート'!$I$2:$I$41,0)),""),"") | G71: =IF(13<=MAX(ROUNDUP('入力シート'!$M$14/2,0),ROUNDUP('入力シート'!$M$15/2,0)),IF(1=1,MAX(ROUNDUP('入力シート'!$M$14/2,0),ROUNDUP('入力シート'!$M$15/2,0))+1-13,13),IF(13=MAX(ROUNDUP('入力シート'!$M$14/2,0),ROUNDUP('入力シート'!$M$15/2,0))+1,IF(1=1,"前","後ろ"),"")) | H71: =IF(ISNUMBER($G71),IFERROR(INDEX('入力シート'!$A$2:$A$41,MATCH("男"&(($G71-1)*2+1),'入力シート'!$I$2:$I$41,0)),""),"") | I71: =IF(ISNUMBER($G71),IFERROR(INDEX('入力シート'!$A$2:$A$41,MATCH("男"&(($G71-1)*2+2),'入力シート'!$I$2:$I$41,0)),""),"") | J71: =IF(ISNUMBER($G71),IFERROR(INDEX('入力シート'!$A$2:$A$41,MATCH("女"&(($G71-1)*2+1),'入力シート'!$I$2:$I$41,0)),""),"") | K71: =IF(ISNUMBER($G71),IFERROR(INDEX('入力シート'!$A$2:$A$41,MATCH("女"&(($G71-1)*2+2),'入力シート'!$I$2:$I$41,0)),""),"")
A72: =IF(14<=MAX(ROUNDUP('入力シート'!$M$14/2,0),ROUNDUP('入力シート'!$M$15/2,0)),IF(0=1,MAX(ROUNDUP('入力シート'!$M$14/2,0),ROUNDUP('入力シート'!$M$15/2,0))+1-14,14),IF(14=MAX(ROUNDUP('入力シート'!$M$14/2,0),ROUNDUP('入力シート'!$M$15/2,0))+1,IF(0=1,"前","後ろ"),"")) | B72: =IF(ISNUMBER($A72),IFERROR(INDEX('入力シート'!$A$2:$A$41,MATCH("男"&(($A72-1)*2+1),'入力シート'!$I$2:$I$41,0)),""),"") | C72: =IF(ISNUMBER($A72),IFERROR(INDEX('入力シート'!$A$2:$A$41,MATCH("男"&(($A72-1)*2+2),'入力シート'!$I$2:$I$41,0)),""),"") | D72: =IF(ISNUMBER($A72),IFERROR(INDEX('入力シート'!$A$2:$A$41,MATCH("女"&(($A72-1)*2+1),'入力シート'!$I$2:$I$41,0)),""),"") | E72: =IF(ISNUMBER($A72),IFERROR(INDEX('入力シート'!$A$2:$A$41,MATCH("女"&(($A72-1)*2+2),'入力シート'!$I$2:$I$41,0)),""),"") | G72: =IF(14<=MAX(ROUNDUP('入力シート'!$M$14/2,0),ROUNDUP('入力シート'!$M$15/2,0)),IF(1=1,MAX(ROUNDUP('入力シート'!$M$14/2,0),ROUNDUP('入力シート'!$M$15/2,0))+1-14,14),IF(14=MAX(ROUNDUP('入力シート'!$M$14/2,0),ROUNDUP('入力シート'!$M$15/2,0))+1,IF(1=1,"前","後ろ"),"")) | H72: =IF(ISNUMBER($G72),IFERROR(INDEX('入力シート'!$A$2:$A$41,MATCH("男"&(($G72-1)*2+1),'入力シート'!$I$2:$I$41,0)),""),"") | I72: =IF(ISNUMBER($G72),IFERROR(INDEX('入力シート'!$A$2:$A$41,MATCH("男"&(($G72-1)*2+2),'入力シート'!$I$2:$I$41,0)),""),"") | J72: =IF(ISNUMBER($G72),IFERROR(INDEX('入力シート'!$A$2:$A$41,MATCH("女"&(($G72-1)*2+1),'入力シート'!$I$2:$I$41,0)),""),"") | K72: =IF(ISNUMBER($G72),IFERROR(INDEX('入力シート'!$A$2:$A$41,MATCH("女"&(($G72-1)*2+2),'入力シート'!$I$2:$I$41,0)),""),"")
A73: =IF((MAX(ROUNDUP('入力シート'!$M$14/2,0),ROUNDUP('入力シート'!$M$15/2,0)))>13,"⚠ 入りきらない子がいます ","")&IF('入力シート'!$M$16>0,"⚠ 男女が未入力の子："&'入力シート'!$M$16&"人","") | G73: =IF((MAX(ROUNDUP('入力シート'!$M$14/2,0),ROUNDUP('入力シート'!$M$15/2,0)))>13,"⚠ 入りきらない子がいます ","")&IF('入力シート'!$M$16>0,"⚠ 男女が未入力の子："&'入力シート'!$M$16&"人","")

Sheet 印刷用
A1: 背の順
A2: =IF('設定'!$B$23+'設定'!$B$24=0,"「1・2列」「4列」シートの黄色いマスに ○ を入れると、ここに出ます","")&IF('設定'!$B$23>2,"⚠ 2列は2つまでです（今 "&'設定'!$B$23&" つ選ばれています） ","")&IF('設定'!$B$24>4,"⚠ 4列は4つまでです（今 "&'設定'!$B$24&" つ選ばれています）","")
A4: ='設定'!$G$16 | G4: ='設定'!$G$17
B5: =IF('設定'!$D$16=3,"男子","") | D5: =IF('設定'!$D$16=3,"女子","") | H5: =IF('設定'!$D$17=3,"男子","") | J5: =IF('設定'!$D$17=3,"女子","")
A6: =IF('設定'!$C$16>0,IF('設定'!$E$16=1,"後ろ","前"),"") | B6: =IF(ISNUMBER($A6),IFERROR(CHOOSE('設定'!$D$16-1,IFERROR(INDEX('入力シート'!$A$2:$A$41,MATCH(($A6-1)*2+1,'入力シート'!$F$2:$F$41,0)),""),IFERROR(INDEX('入力シート'!$A$2:$A$41,MATCH("男"&($A6),'入力シート'!$I$2:$I$41,0)),"")),""),"") | D6: =IF(ISNUMBER($A6),IFERROR(CHOOSE('設定'!$D$16-1,IFERROR(INDEX('入力シート'!$A$2:$A$41,MATCH(($A6-1)*2+2,'入力シート'!$F$2:$F$41,0)),""),IFERROR(INDEX('入力シート'!$A$2:$A$41,MATCH("女"&($A6),'入力シート'!$I$2:$I$41,0)),"")),""),"") | G6: =IF('設定'!$C$17>0,IF('設定'!$E$17=1,"後ろ","前"),"") | H6: =IF(ISNUMBER($G6),IFERROR(CHOOSE('設定'!$D$17-1,IFERROR(INDEX('入力シート'!$A$2:$A$41,MATCH(($G6-1)*2+1,'入力シート'!$F$2:$F$41,0)),""),IFERROR(INDEX('入力シート'!$A$2:$A$41,MATCH("男"&($G6),'入力シート'!$I$2:$I$41,0)),"")),""),"") | J6: =IF(ISNUMBER($G6),IFERROR(CHOOSE('設定'!$D$17-1,IFERROR(INDEX('入力シート'!$A$2:$A$41,MATCH(($G6-1)*2+2,'入力シート'!$F$2:$F$41,0)),""),IFERROR(INDEX('入力シート'!$A$2:$A$41,MATCH("女"&($G6),'入力シート'!$I$2:$I$41,0)),"")),""),"")
A7: =IF('設定'!$C$16>0,IF(1<='設定'!$F$16,IF('設定'!$E$16=1,'設定'!$F$16+1-1,1),IF(1='設定'!$F$16+1,IF('設定'!$E$16=1,"前","後ろ"),"")),"") | B7: =IF(ISNUMBER($A7),IFERROR(CHOOSE('設定'!$D$16-1,IFERROR(INDEX('入力シート'!$A$2:$A$41,MATCH(($A7-1)*2+1,'入力シート'!$F$2:$F$41,0)),""),IFERROR(INDEX('入力シート'!$A$2:$A$41,MATCH("男"&($A7),'入力シート'!$I$2:$I$41,0)),"")),""),"") | D7: =IF(ISNUMBER($A7),IFERROR(CHOOSE('設定'!$D$16-1,IFERROR(INDEX('入力シート'!$A$2:$A$41,MATCH(($A7-1)*2+2,'入力シート'!$F$2:$F$41,0)),""),IFERROR(INDEX('入力シート'!$A$2:$A$41,MATCH("女"&($A7),'入力シート'!$I$2:$I$41,0)),"")),""),"") | G7: =IF('設定'!$C$17>0,IF(1<='設定'!$F$17,IF('設定'!$E$17=1,'設定'!$F$17+1-1,1),IF(1='設定'!$F$17+1,IF('設定'!$E$17=1,"前","後ろ"),"")),"") | H7: =IF(ISNUMBER($G7),IFERROR(CHOOSE('設定'!$D$17-1,IFERROR(INDEX('入力シート'!$A$2:$A$41,MATCH(($G7-1)*2+1,'入力シート'!$F$2:$F$41,0)),""),IFERROR(INDEX('入力シート'!$A$2:$A$41,MATCH("男"&($G7),'入力シート'!$I$2:$I$41,0)),"")),""),"") | J7: =IF(ISNUMBER($G7),IFERROR(CHOOSE('設定'!$D$17-1,IFERROR(INDEX('入力シート'!$A$2:$A$41,MATCH(($G7-1)*2+2,'入力シート'!$F$2:$F$41,0)),""),IFERROR(INDEX('入力シート'!$A$2:$A$41,MATCH("女"&($G7),'入力シート'!$I$2:$I$41,0)),"")),""),"")
A8: =IF('設定'!$C$16>0,IF(2<='設定'!$F$16,IF('設定'!$E$16=1,'設定'!$F$16+1-2,2),IF(2='設定'!$F$16+1,IF('設定'!$E$16=1,"前","後ろ"),"")),"") | B8: =IF(ISNUMBER($A8),IFERROR(CHOOSE('設定'!$D$16-1,IFERROR(INDEX('入力シート'!$A$2:$A$41,MATCH(($A8-1)*2+1,'入力シート'!$F$2:$F$41,0)),""),IFERROR(INDEX('入力シート'!$A$2:$A$41,MATCH("男"&($A8),'入力シート'!$I$2:$I$41,0)),"")),""),"") | D8: =IF(ISNUMBER($A8),IFERROR(CHOOSE('設定'!$D$16-1,IFERROR(INDEX('入力シート'!$A$2:$A$41,MATCH(($A8-1)*2+2,'入力シート'!$F$2:$F$41,0)),""),IFERROR(INDEX('入力シート'!$A$2:$A$41,MATCH("女"&($A8),'入力シート'!$I$2:$I$41,0)),"")),""),"") | G8: =IF('設定'!$C$17>0,IF(2<='設定'!$F$17,IF('設定'!$E$17=1,'設定'!$F$17+1-2,2),IF(2='設定'!$F$17+1,IF('設定'!$E$17=1,"前","後ろ"),"")),"") | H8: =IF(ISNUMBER($G8),IFERROR(CHOOSE('設定'!$D$17-1,IFERROR(INDEX('入力シート'!$A$2:$A$41,MATCH(($G8-1)*2+1,'入力シート'!$F$2:$F$41,0)),""),IFERROR(INDEX('入力シート'!$A$2:$A$41,MATCH("男"&($G8),'入力シート'!$I$2:$I$41,0)),"")),""),"") | J8: =IF(ISNUMBER($G8),IFERROR(CHOOSE('設定'!$D$17-1,IFERROR(INDEX('入力シート'!$A$2:$A$41,MATCH(($G8-1)*2+2,'入力シート'!$F$2:$F$41,0)),""),IFERROR(INDEX('入力シート'!$A$2:$A$41,MATCH("女"&($G8),'入力シート'!$I$2:$I$41,0)),"")),""),"")
A9: =IF('設定'!$C$16>0,IF(3<='設定'!$F$16,IF('設定'!$E$16=1,'設定'!$F$16+1-3,3),IF(3='設定'!$F$16+1,IF('設定'!$E$16=1,"前","後ろ"),"")),"") | B9: =IF(ISNUMBER($A9),IFERROR(CHOOSE('設定'!$D$16-1,IFERROR(INDEX('入力シート'!$A$2:$A$41,MATCH(($A9-1)*2+1,'入力シート'!$F$2:$F$41,0)),""),IFERROR(INDEX('入力シート'!$A$2:$A$41,MATCH("男"&($A9),'入力シート'!$I$2:$I$41,0)),"")),""),"") | D9: =IF(ISNUMBER($A9),IFERROR(CHOOSE('設定'!$D$16-1,IFERROR(INDEX('入力シート'!$A$2:$A$41,MATCH(($A9-1)*2+2,'入力シート'!$F$2:$F$41,0)),""),IFERROR(INDEX('入力シート'!$A$2:$A$41,MATCH("女"&($A9),'入力シート'!$I$2:$I$41,0)),"")),""),"") | G9: =IF('設定'!$C$17>0,IF(3<='設定'!$F$17,IF('設定'!$E$17=1,'設定'!$F$17+1-3,3),IF(3='設定'!$F$17+1,IF('設定'!$E$17=1,"前","後ろ"),"")),"") | H9: =IF(ISNUMBER($G9),IFERROR(CHOOSE('設定'!$D$17-1,IFERROR(INDEX('入力シート'!$A$2:$A$41,MATCH(($G9-1)*2+1,'入力シート'!$F$2:$F$41,0)),""),IFERROR(INDEX('入力シート'!$A$2:$A$41,MATCH("男"&($G9),'入力シート'!$I$2:$I$41,0)),"")),""),"") | J9: =IF(ISNUMBER($G9),IFERROR(CHOOSE('設定'!$D$17-1,IFERROR(INDEX('入力シート'!$A$2:$A$41,MATCH(($G9-1)*2+2,'入力シート'!$F$2:$F$41,0)),""),IFERROR(INDEX('入力シート'!$A$2:$A$41,MATCH("女"&($G9),'入力シート'!$I$2:$I$41,0)),"")),""),"")
A10: =IF('設定'!$C$16>0,IF(4<='設定'!$F$16,IF('設定'!$E$16=1,'設定'!$F$16+1-4,4),IF(4='設定'!$F$16+1,IF('設定'!$E$16=1,"前","後ろ"),"")),"") | B10: =IF(ISNUMBER($A10),IFERROR(CHOOSE('設定'!$D$16-1,IFERROR(INDEX('入力シート'!$A$2:$A$41,MATCH(($A10-1)*2+1,'入力シート'!$F$2:$F$41,0)),""),IFERROR(INDEX('入力シート'!$A$2:$A$41,MATCH("男"&($A10),'入力シート'!$I$2:$I$41,0)),"")),""),"") | D10: =IF(ISNUMBER($A10),IFERROR(CHOOSE('設定'!$D$16-1,IFERROR(INDEX('入力シート'!$A$2:$A$41,MATCH(($A10-1)*2+2,'入力シート'!$F$2:$F$41,0)),""),IFERROR(INDEX('入力シート'!$A$2:$A$41,MATCH("女"&($A10),'入力シート'!$I$2:$I$41,0)),"")),""),"") | G10: =IF('設定'!$C$17>0,IF(4<='設定'!$F$17,IF('設定'!$E$17=1,'設定'!$F$17+1-4,4),IF(4='設定'!$F$17+1,IF('設定'!$E$17=1,"前","後ろ"),"")),"") | H10: =IF(ISNUMBER($G10),IFERROR(CHOOSE('設定'!$D$17-1,IFERROR(INDEX('入力シート'!$A$2:$A$41,MATCH(($G10-1)*2+1,'入力シート'!$F$2:$F$41,0)),""),IFERROR(INDEX('入力シート'!$A$2:$A$41,MATCH("男"&($G10),'入力シート'!$I$2:$I$41,0)),"")),""),"") | J10: =IF(ISNUMBER($G10),IFERROR(CHOOSE('設定'!$D$17-1,IFERROR(INDEX('入力シート'!$A$2:$A$41,MATCH(($G10-1)*2+2,'入力シート'!$F$2:$F$41,0)),""),IFERROR(INDEX('入力シート'!$A$2:$A$41,MATCH("女"&($G10),'入力シート'!$I$2:$I$41,0)),"")),""),"")
A11: =IF('設定'!$C$16>0,IF(5<='設定'!$F$16,IF('設定'!$E$16=1,'設定'!$F$16+1-5,5),IF(5='設定'!$F$16+1,IF('設定'!$E$16=1,"前","後ろ"),"")),"") | B11: =IF(ISNUMBER($A11),IFERROR(CHOOSE('設定'!$D$16-1,IFERROR(INDEX('入力シート'!$A$2:$A$41,MATCH(($A11-1)*2+1,'入力シート'!$F$2:$F$41,0)),""),IFERROR(INDEX('入力シート'!$A$2:$A$41,MATCH("男"&($A11),'入力シート'!$I$2:$I$41,0)),"")),""),"") | D11: =IF(ISNUMBER($A11),IFERROR(CHOOSE('設定'!$D$16-1,IFERROR(INDEX('入力シート'!$A$2:$A$41,MATCH(($A11-1)*2+2,'入力シート'!$F$2:$F$41,0)),""),IFERROR(INDEX('入力シート'!$A$2:$A$41,MATCH("女"&($A11),'入力シート'!$I$2:$I$41,0)),"")),""),"") | G11: =IF('設定'!$C$17>0,IF(5<='設定'!$F$17,IF('設定'!$E$17=1,'設定'!$F$17+1-5,5),IF(5='設定'!$F$17+1,IF('設定'!$E$17=1,"前","後ろ"),"")),"") | H11: =IF(ISNUMBER($G11),IFERROR(CHOOSE('設定'!$D$17-1,IFERROR(INDEX('入力シート'!$A$2:$A$41,MATCH(($G11-1)*2+1,'入力シート'!$F$2:$F$41,0)),""),IFERROR(INDEX('入力シート'!$A$2:$A$41,MATCH("男"&($G11),'入力シート'!$I$2:$I$41,0)),"")),""),"") | J11: =IF(ISNUMBER($G11),IFERROR(CHOOSE('設定'!$D$17-1,IFERROR(INDEX('入力シート'!$A$2:$A$41,MATCH(($G11-1)*2+2,'入力シート'!$F$2:$F$41,0)),""),IFERROR(INDEX('入力シート'!$A$2:$A$41,MATCH("女"&($G11),'入力シート'!$I$2:$I$41,0)),"")),""),"")
A12: =IF('設定'!$C$16>0,IF(6<='設定'!$F$16,IF('設定'!$E$16=1,'設定'!$F$16+1-6,6),IF(6='設定'!$F$16+1,IF('設定'!$E$16=1,"前","後ろ"),"")),"") | B12: =IF(ISNUMBER($A12),IFERROR(CHOOSE('設定'!$D$16-1,IFERROR(INDEX('入力シート'!$A$2:$A$41,MATCH(($A12-1)*2+1,'入力シート'!$F$2:$F$41,0)),""),IFERROR(INDEX('入力シート'!$A$2:$A$41,MATCH("男"&($A12),'入力シート'!$I$2:$I$41,0)),"")),""),"") | D12: =IF(ISNUMBER($A12),IFERROR(CHOOSE('設定'!$D$16-1,IFERROR(INDEX('入力シート'!$A$2:$A$41,MATCH(($A12-1)*2+2,'入力シート'!$F$2:$F$41,0)),""),IFERROR(INDEX('入力シート'!$A$2:$A$41,MATCH("女"&($A12),'入力シート'!$I$2:$I$41,0)),"")),""),"") | G12: =IF('設定'!$C$17>0,IF(6<='設定'!$F$17,IF('設定'!$E$17=1,'設定'!$F$17+1-6,6),IF(6='設定'!$F$17+1,IF('設定'!$E$17=1,"前","後ろ"),"")),"") | H12: =IF(ISNUMBER($G12),IFERROR(CHOOSE('設定'!$D$17-1,IFERROR(INDEX('入力シート'!$A$2:$A$41,MATCH(($G12-1)*2+1,'入力シート'!$F$2:$F$41,0)),""),IFERROR(INDEX('入力シート'!$A$2:$A$41,MATCH("男"&($G12),'入力シート'!$I$2:$I$41,0)),"")),""),"") | J12: =IF(ISNUMBER($G12),IFERROR(CHOOSE('設定'!$D$17-1,IFERROR(INDEX('入力シート'!$A$2:$A$41,MATCH(($G12-1)*2+2,'入力シート'!$F$2:$F$41,0)),""),IFERROR(INDEX('入力シート'!$A$2:$A$41,MATCH("女"&($G12),'入力シート'!$I$2:$I$41,0)),"")),""),"")
A13: =IF('設定'!$C$16>0,IF(7<='設定'!$F$16,IF('設定'!$E$16=1,'設定'!$F$16+1-7,7),IF(7='設定'!$F$16+1,IF('設定'!$E$16=1,"前","後ろ"),"")),"") | B13: =IF(ISNUMBER($A13),IFERROR(CHOOSE('設定'!$D$16-1,IFERROR(INDEX('入力シート'!$A$2:$A$41,MATCH(($A13-1)*2+1,'入力シート'!$F$2:$F$41,0)),""),IFERROR(INDEX('入力シート'!$A$2:$A$41,MATCH("男"&($A13),'入力シート'!$I$2:$I$41,0)),"")),""),"") | D13: =IF(ISNUMBER($A13),IFERROR(CHOOSE('設定'!$D$16-1,IFERROR(INDEX('入力シート'!$A$2:$A$41,MATCH(($A13-1)*2+2,'入力シート'!$F$2:$F$41,0)),""),IFERROR(INDEX('入力シート'!$A$2:$A$41,MATCH("女"&($A13),'入力シート'!$I$2:$I$41,0)),"")),""),"") | G13: =IF('設定'!$C$17>0,IF(7<='設定'!$F$17,IF('設定'!$E$17=1,'設定'!$F$17+1-7,7),IF(7='設定'!$F$17+1,IF('設定'!$E$17=1,"前","後ろ"),"")),"") | H13: =IF(ISNUMBER($G13),IFERROR(CHOOSE('設定'!$D$17-1,IFERROR(INDEX('入力シート'!$A$2:$A$41,MATCH(($G13-1)*2+1,'入力シート'!$F$2:$F$41,0)),""),IFERROR(INDEX('入力シート'!$A$2:$A$41,MATCH("男"&($G13),'入力シート'!$I$2:$I$41,0)),"")),""),"") | J13: =IF(ISNUMBER($G13),IFERROR(CHOOSE('設定'!$D$17-1,IFERROR(INDEX('入力シート'!$A$2:$A$41,MATCH(($G13-1)*2+2,'入力シート'!$F$2:$F$41,0)),""),IFERROR(INDEX('入力シート'!$A$2:$A$41,MATCH("女"&($G13),'入力シート'!$I$2:$I$41,0)),"")),""),"")
A14: =IF('設定'!$C$16>0,IF(8<='設定'!$F$16,IF('設定'!$E$16=1,'設定'!$F$16+1-8,8),IF(8='設定'!$F$16+1,IF('設定'!$E$16=1,"前","後ろ"),"")),"") | B14: =IF(ISNUMBER($A14),IFERROR(CHOOSE('設定'!$D$16-1,IFERROR(INDEX('入力シート'!$A$2:$A$41,MATCH(($A14-1)*2+1,'入力シート'!$F$2:$F$41,0)),""),IFERROR(INDEX('入力シート'!$A$2:$A$41,MATCH("男"&($A14),'入力シート'!$I$2:$I$41,0)),"")),""),"") | D14: =IF(ISNUMBER($A14),IFERROR(CHOOSE('設定'!$D$16-1,IFERROR(INDEX('入力シート'!$A$2:$A$41,MATCH(($A14-1)*2+2,'入力シート'!$F$2:$F$41,0)),""),IFERROR(INDEX('入力シート'!$A$2:$A$41,MATCH("女"&($A14),'入力シート'!$I$2:$I$41,0)),"")),""),"") | G14: =IF('設定'!$C$17>0,IF(8<='設定'!$F$17,IF('設定'!$E$17=1,'設定'!$F$17+1-8,8),IF(8='設定'!$F$17+1,IF('設定'!$E$17=1,"前","後ろ"),"")),"") | H14: =IF(ISNUMBER($G14),IFERROR(CHOOSE('設定'!$D$17-1,IFERROR(INDEX('入力シート'!$A$2:$A$41,MATCH(($G14-1)*2+1,'入力シート'!$F$2:$F$41,0)),""),IFERROR(INDEX('入力シート'!$A$2:$A$41,MATCH("男"&($G14),'入力シート'!$I$2:$I$41,0)),"")),""),"") | J14: =IF(ISNUMBER($G14),IFERROR(CHOOSE('設定'!$D$17-1,IFERROR(INDEX('入力シート'!$A$2:$A$41,MATCH(($G14-1)*2+2,'入力シート'!$F$2:$F$41,0)),""),IFERROR(INDEX('入力シート'!$A$2:$A$41,MATCH("女"&($G14),'入力シート'!$I$2:$I$41,0)),"")),""),"")
A15: =IF('設定'!$C$16>0,IF(9<='設定'!$F$16,IF('設定'!$E$16=1,'設定'!$F$16+1-9,9),IF(9='設定'!$F$16+1,IF('設定'!$E$16=1,"前","後ろ"),"")),"") | B15: =IF(ISNUMBER($A15),IFERROR(CHOOSE('設定'!$D$16-1,IFERROR(INDEX('入力シート'!$A$2:$A$41,MATCH(($A15-1)*2+1,'入力シート'!$F$2:$F$41,0)),""),IFERROR(INDEX('入力シート'!$A$2:$A$41,MATCH("男"&($A15),'入力シート'!$I$2:$I$41,0)),"")),""),"") | D15: =IF(ISNUMBER($A15),IFERROR(CHOOSE('設定'!$D$16-1,IFERROR(INDEX('入力シート'!$A$2:$A$41,MATCH(($A15-1)*2+2,'入力シート'!$F$2:$F$41,0)),""),IFERROR(INDEX('入力シート'!$A$2:$A$41,MATCH("女"&($A15),'入力シート'!$I$2:$I$41,0)),"")),""),"") | G15: =IF('設定'!$C$17>0,IF(9<='設定'!$F$17,IF('設定'!$E$17=1,'設定'!$F$17+1-9,9),IF(9='設定'!$F$17+1,IF('設定'!$E$17=1,"前","後ろ"),"")),"") | H15: =IF(ISNUMBER($G15),IFERROR(CHOOSE('設定'!$D$17-1,IFERROR(INDEX('入力シート'!$A$2:$A$41,MATCH(($G15-1)*2+1,'入力シート'!$F$2:$F$41,0)),""),IFERROR(INDEX('入力シート'!$A$2:$A$41,MATCH("男"&($G15),'入力シート'!$I$2:$I$41,0)),"")),""),"") | J15: =IF(ISNUMBER($G15),IFERROR(CHOOSE('設定'!$D$17-1,IFERROR(INDEX('入力シート'!$A$2:$A$41,MATCH(($G15-1)*2+2,'入力シート'!$F$2:$F$41,0)),""),IFERROR(INDEX('入力シート'!$A$2:$A$41,MATCH("女"&($G15),'入力シート'!$I$2:$I$41,0)),"")),""),"")
A16: =IF('設定'!$C$16>0,IF(10<='設定'!$F$16,IF('設定'!$E$16=1,'設定'!$F$16+1-10,10),IF(10='設定'!$F$16+1,IF('設定'!$E$16=1,"前","後ろ"),"")),"") | B16: =IF(ISNUMBER($A16),IFERROR(CHOOSE('設定'!$D$16-1,IFERROR(INDEX('入力シート'!$A$2:$A$41,MATCH(($A16-1)*2+1,'入力シート'!$F$2:$F$41,0)),""),IFERROR(INDEX('入力シート'!$A$2:$A$41,MATCH("男"&($A16),'入力シート'!$I$2:$I$41,0)),"")),""),"") | D16: =IF(ISNUMBER($A16),IFERROR(CHOOSE('設定'!$D$16-1,IFERROR(INDEX('入力シート'!$A$2:$A$41,MATCH(($A16-1)*2+2,'入力シート'!$F$2:$F$41,0)),""),IFERROR(INDEX('入力シート'!$A$2:$A$41,MATCH("女"&($A16),'入力シート'!$I$2:$I$41,0)),"")),""),"") | G16: =IF('設定'!$C$17>0,IF(10<='設定'!$F$17,IF('設定'!$E$17=1,'設定'!$F$17+1-10,10),IF(10='設定'!$F$17+1,IF('設定'!$E$17=1,"前","後ろ"),"")),"") | H16: =IF(ISNUMBER($G16),IFERROR(CHOOSE('設定'!$D$17-1,IFERROR(INDEX('入力シート'!$A$2:$A$41,MATCH(($G16-1)*2+1,'入力シート'!$F$2:$F$41,0)),""),IFERROR(INDEX('入力シート'!$A$2:$A$41,MATCH("男"&($G16),'入力シート'!$I$2:$I$41,0)),"")),""),"") | J16: =IF(ISNUMBER($G16),IFERROR(CHOOSE('設定'!$D$17-1,IFERROR(INDEX('入力シート'!$A$2:$A$41,MATCH(($G16-1)*2+2,'入力シート'!$F$2:$F$41,0)),""),IFERROR(INDEX('入力シート'!$A$2:$A$41,MATCH("女"&($G16),'入力シート'!$I$2:$I$41,0)),"")),""),"")
A17: =IF('設定'!$C$16>0,IF(11<='設定'!$F$16,IF('設定'!$E$16=1,'設定'!$F$16+1-11,11),IF(11='設定'!$F$16+1,IF('設定'!$E$16=1,"前","後ろ"),"")),"") | B17: =IF(ISNUMBER($A17),IFERROR(CHOOSE('設定'!$D$16-1,IFERROR(INDEX('入力シート'!$A$2:$A$41,MATCH(($A17-1)*2+1,'入力シート'!$F$2:$F$41,0)),""),IFERROR(INDEX('入力シート'!$A$2:$A$41,MATCH("男"&($A17),'入力シート'!$I$2:$I$41,0)),"")),""),"") | D17: =IF(ISNUMBER($A17),IFERROR(CHOOSE('設定'!$D$16-1,IFERROR(INDEX('入力シート'!$A$2:$A$41,MATCH(($A17-1)*2+2,'入力シート'!$F$2:$F$41,0)),""),IFERROR(INDEX('入力シート'!$A$2:$A$41,MATCH("女"&($A17),'入力シート'!$I$2:$I$41,0)),"")),""),"") | G17: =IF('設定'!$C$17>0,IF(11<='設定'!$F$17,IF('設定'!$E$17=1,'設定'!$F$17+1-11,11),IF(11='設定'!$F$17+1,IF('設定'!$E$17=1,"前","後ろ"),"")),"") | H17: =IF(ISNUMBER($G17),IFERROR(CHOOSE('設定'!$D$17-1,IFERROR(INDEX('入力シート'!$A$2:$A$41,MATCH(($G17-1)*2+1,'入力シート'!$F$2:$F$41,0)),""),IFERROR(INDEX('入力シート'!$A$2:$A$41,MATCH("男"&($G17),'入力シート'!$I$2:$I$41,0)),"")),""),"") | J17: =IF(ISNUMBER($G17),IFERROR(CHOOSE('設定'!$D$17-1,IFERROR(INDEX('入力シート'!$A$2:$A$41,MATCH(($G17-1)*2+2,'入力シート'!$F$2:$F$41,0)),""),IFERROR(INDEX('入力シート'!$A$2:$A$41,MATCH("女"&($G17),'入力シート'!$I$2:$I$41,0)),"")),""),"")
A18: =IF('設定'!$C$16>0,IF(12<='設定'!$F$16,IF('設定'!$E$16=1,'設定'!$F$16+1-12,12),IF(12='設定'!$F$16+1,IF('設定'!$E$16=1,"前","後ろ"),"")),"") | B18: =IF(ISNUMBER($A18),IFERROR(CHOOSE('設定'!$D$16-1,IFERROR(INDEX('入力シート'!$A$2:$A$41,MATCH(($A18-1)*2+1,'入力シート'!$F$2:$F$41,0)),""),IFERROR(INDEX('入力シート'!$A$2:$A$41,MATCH("男"&($A18),'入力シート'!$I$2:$I$41,0)),"")),""),"") | D18: =IF(ISNUMBER($A18),IFERROR(CHOOSE('設定'!$D$16-1,IFERROR(INDEX('入力シート'!$A$2:$A$41,MATCH(($A18-1)*2+2,'入力シート'!$F$2:$F$41,0)),""),IFERROR(INDEX('入力シート'!$A$2:$A$41,MATCH("女"&($A18),'入力シート'!$I$2:$I$41,0)),"")),""),"") | G18: =IF('設定'!$C$17>0,IF(12<='設定'!$F$17,IF('設定'!$E$17=1,'設定'!$F$17+1-12,12),IF(12='設定'!$F$17+1,IF('設定'!$E$17=1,"前","後ろ"),"")),"") | H18: =IF(ISNUMBER($G18),IFERROR(CHOOSE('設定'!$D$17-1,IFERROR(INDEX('入力シート'!$A$2:$A$41,MATCH(($G18-1)*2+1,'入力シート'!$F$2:$F$41,0)),""),IFERROR(INDEX('入力シート'!$A$2:$A$41,MATCH("男"&($G18),'入力シート'!$I$2:$I$41,0)),"")),""),"") | J18: =IF(ISNUMBER($G18),IFERROR(CHOOSE('設定'!$D$17-1,IFERROR(INDEX('入力シート'!$A$2:$A$41,MATCH(($G18-1)*2+2,'入力シート'!$F$2:$F$41,0)),""),IFERROR(INDEX('入力シート'!$A$2:$A$41,MATCH("女"&($G18),'入力シート'!$I$2:$I$41,0)),"")),""),"")
A19: =IF('設定'!$C$16>0,IF(13<='設定'!$F$16,IF('設定'!$E$16=1,'設定'!$F$16+1-13,13),IF(13='設定'!$F$16+1,IF('設定'!$E$16=1,"前","後ろ"),"")),"") | B19: =IF(ISNUMBER($A19),IFERROR(CHOOSE('設定'!$D$16-1,IFERROR(INDEX('入力シート'!$A$2:$A$41,MATCH(($A19-1)*2+1,'入力シート'!$F$2:$F$41,0)),""),IFERROR(INDEX('入力シート'!$A$2:$A$41,MATCH("男"&($A19),'入力シート'!$I$2:$I$41,0)),"")),""),"") | D19: =IF(ISNUMBER($A19),IFERROR(CHOOSE('設定'!$D$16-1,IFERROR(INDEX('入力シート'!$A$2:$A$41,MATCH(($A19-1)*2+2,'入力シート'!$F$2:$F$41,0)),""),IFERROR(INDEX('入力シート'!$A$2:$A$41,MATCH("女"&($A19),'入力シート'!$I$2:$I$41,0)),"")),""),"") | G19: =IF('設定'!$C$17>0,IF(13<='設定'!$F$17,IF('設定'!$E$17=1,'設定'!$F$17+1-13,13),IF(13='設定'!$F$17+1,IF('設定'!$E$17=1,"前","後ろ"),"")),"") | H19: =IF(ISNUMBER($G19),IFERROR(CHOOSE('設定'!$D$17-1,IFERROR(INDEX('入力シート'!$A$2:$A$41,MATCH(($G19-1)*2+1,'入力シート'!$F$2:$F$41,0)),""),IFERROR(INDEX('入力シート'!$A$2:$A$41,MATCH("男"&($G19),'入力シート'!$I$2:$I$41,0)),"")),""),"") | J19: =IF(ISNUMBER($G19),IFERROR(CHOOSE('設定'!$D$17-1,IFERROR(INDEX('入力シート'!$A$2:$A$41,MATCH(($G19-1)*2+2,'入力シート'!$F$2:$F$41,0)),""),IFERROR(INDEX('入力シート'!$A$2:$A$41,MATCH("女"&($G19),'入力シート'!$I$2:$I$41,0)),"")),""),"")
A20: =IF('設定'!$C$16>0,IF(14<='設定'!$F$16,IF('設定'!$E$16=1,'設定'!$F$16+1-14,14),IF(14='設定'!$F$16+1,IF('設定'!$E$16=1,"前","後ろ"),"")),"") | B20: =IF(ISNUMBER($A20),IFERROR(CHOOSE('設定'!$D$16-1,IFERROR(INDEX('入力シート'!$A$2:$A$41,MATCH(($A20-1)*2+1,'入力シート'!$F$2:$F$41,0)),""),IFERROR(INDEX('入力シート'!$A$2:$A$41,MATCH("男"&($A20),'入力シート'!$I$2:$I$41,0)),"")),""),"") | D20: =IF(ISNUMBER($A20),IFERROR(CHOOSE('設定'!$D$16-1,IFERROR(INDEX('入力シート'!$A$2:$A$41,MATCH(($A20-1)*2+2,'入力シート'!$F$2:$F$41,0)),""),IFERROR(INDEX('入力シート'!$A$2:$A$41,MATCH("女"&($A20),'入力シート'!$I$2:$I$41,0)),"")),""),"") | G20: =IF('設定'!$C$17>0,IF(14<='設定'!$F$17,IF('設定'!$E$17=1,'設定'!$F$17+1-14,14),IF(14='設定'!$F$17+1,IF('設定'!$E$17=1,"前","後ろ"),"")),"") | H20: =IF(ISNUMBER($G20),IFERROR(CHOOSE('設定'!$D$17-1,IFERROR(INDEX('入力シート'!$A$2:$A$41,MATCH(($G20-1)*2+1,'入力シート'!$F$2:$F$41,0)),""),IFERROR(INDEX('入力シート'!$A$2:$A$41,MATCH("男"&($G20),'入力シート'!$I$2:$I$41,0)),"")),""),"") | J20: =IF(ISNUMBER($G20),IFERROR(CHOOSE('設定'!$D$17-1,IFERROR(INDEX('入力シート'!$A$2:$A$41,MATCH(($G20-1)*2+2,'入力シート'!$F$2:$F$41,0)),""),IFERROR(INDEX('入力シート'!$A$2:$A$41,MATCH("女"&($G20),'入力シート'!$I$2:$I$41,0)),"")),""),"")
A21: =IF('設定'!$C$16>0,IF(15<='設定'!$F$16,IF('設定'!$E$16=1,'設定'!$F$16+1-15,15),IF(15='設定'!$F$16+1,IF('設定'!$E$16=1,"前","後ろ"),"")),"") | B21: =IF(ISNUMBER($A21),IFERROR(CHOOSE('設定'!$D$16-1,IFERROR(INDEX('入力シート'!$A$2:$A$41,MATCH(($A21-1)*2+1,'入力シート'!$F$2:$F$41,0)),""),IFERROR(INDEX('入力シート'!$A$2:$A$41,MATCH("男"&($A21),'入力シート'!$I$2:$I$41,0)),"")),""),"") | D21: =IF(ISNUMBER($A21),IFERROR(CHOOSE('設定'!$D$16-1,IFERROR(INDEX('入力シート'!$A$2:$A$41,MATCH(($A21-1)*2+2,'入力シート'!$F$2:$F$41,0)),""),IFERROR(INDEX('入力シート'!$A$2:$A$41,MATCH("女"&($A21),'入力シート'!$I$2:$I$41,0)),"")),""),"") | G21: =IF('設定'!$C$17>0,IF(15<='設定'!$F$17,IF('設定'!$E$17=1,'設定'!$F$17+1-15,15),IF(15='設定'!$F$17+1,IF('設定'!$E$17=1,"前","後ろ"),"")),"") | H21: =IF(ISNUMBER($G21),IFERROR(CHOOSE('設定'!$D$17-1,IFERROR(INDEX('入力シート'!$A$2:$A$41,MATCH(($G21-1)*2+1,'入力シート'!$F$2:$F$41,0)),""),IFERROR(INDEX('入力シート'!$A$2:$A$41,MATCH("男"&($G21),'入力シート'!$I$2:$I$41,0)),"")),""),"") | J21: =IF(ISNUMBER($G21),IFERROR(CHOOSE('設定'!$D$17-1,IFERROR(INDEX('入力シート'!$A$2:$A$41,MATCH(($G21-1)*2+2,'入力シート'!$F$2:$F$41,0)),""),IFERROR(INDEX('入力シート'!$A$2:$A$41,MATCH("女"&($G21),'入力シート'!$I$2:$I$41,0)),"")),""),"")
A22: =IF('設定'!$C$16>0,IF(16<='設定'!$F$16,IF('設定'!$E$16=1,'設定'!$F$16+1-16,16),IF(16='設定'!$F$16+1,IF('設定'!$E$16=1,"前","後ろ"),"")),"") | B22: =IF(ISNUMBER($A22),IFERROR(CHOOSE('設定'!$D$16-1,IFERROR(INDEX('入力シート'!$A$2:$A$41,MATCH(($A22-1)*2+1,'入力シート'!$F$2:$F$41,0)),""),IFERROR(INDEX('入力シート'!$A$2:$A$41,MATCH("男"&($A22),'入力シート'!$I$2:$I$41,0)),"")),""),"") | D22: =IF(ISNUMBER($A22),IFERROR(CHOOSE('設定'!$D$16-1,IFERROR(INDEX('入力シート'!$A$2:$A$41,MATCH(($A22-1)*2+2,'入力シート'!$F$2:$F$41,0)),""),IFERROR(INDEX('入力シート'!$A$2:$A$41,MATCH("女"&($A22),'入力シート'!$I$2:$I$41,0)),"")),""),"") | G22: =IF('設定'!$C$17>0,IF(16<='設定'!$F$17,IF('設定'!$E$17=1,'設定'!$F$17+1-16,16),IF(16='設定'!$F$17+1,IF('設定'!$E$17=1,"前","後ろ"),"")),"") | H22: =IF(ISNUMBER($G22),IFERROR(CHOOSE('設定'!$D$17-1,IFERROR(INDEX('入力シート'!$A$2:$A$41,MATCH(($G22-1)*2+1,'入力シート'!$F$2:$F$41,0)),""),IFERROR(INDEX('入力シート'!$A$2:$A$41,MATCH("男"&($G22),'入力シート'!$I$2:$I$41,0)),"")),""),"") | J22: =IF(ISNUMBER($G22),IFERROR(CHOOSE('設定'!$D$17-1,IFERROR(INDEX('入力シート'!$A$2:$A$41,MATCH(($G22-1)*2+2,'入力シート'!$F$2:$F$41,0)),""),IFERROR(INDEX('入力シート'!$A$2:$A$41,MATCH("女"&($G22),'入力シート'!$I$2:$I$41,0)),"")),""),"")
A23: =IF('設定'!$C$16>0,IF(17<='設定'!$F$16,IF('設定'!$E$16=1,'設定'!$F$16+1-17,17),IF(17='設定'!$F$16+1,IF('設定'!$E$16=1,"前","後ろ"),"")),"") | B23: =IF(ISNUMBER($A23),IFERROR(CHOOSE('設定'!$D$16-1,IFERROR(INDEX('入力シート'!$A$2:$A$41,MATCH(($A23-1)*2+1,'入力シート'!$F$2:$F$41,0)),""),IFERROR(INDEX('入力シート'!$A$2:$A$41,MATCH("男"&($A23),'入力シート'!$I$2:$I$41,0)),"")),""),"") | D23: =IF(ISNUMBER($A23),IFERROR(CHOOSE('設定'!$D$16-1,IFERROR(INDEX('入力シート'!$A$2:$A$41,MATCH(($A23-1)*2+2,'入力シート'!$F$2:$F$41,0)),""),IFERROR(INDEX('入力シート'!$A$2:$A$41,MATCH("女"&($A23),'入力シート'!$I$2:$I$41,0)),"")),""),"") | G23: =IF('設定'!$C$17>0,IF(17<='設定'!$F$17,IF('設定'!$E$17=1,'設定'!$F$17+1-17,17),IF(17='設定'!$F$17+1,IF('設定'!$E$17=1,"前","後ろ"),"")),"") | H23: =IF(ISNUMBER($G23),IFERROR(CHOOSE('設定'!$D$17-1,IFERROR(INDEX('入力シート'!$A$2:$A$41,MATCH(($G23-1)*2+1,'入力シート'!$F$2:$F$41,0)),""),IFERROR(INDEX('入力シート'!$A$2:$A$41,MATCH("男"&($G23),'入力シート'!$I$2:$I$41,0)),"")),""),"") | J23: =IF(ISNUMBER($G23),IFERROR(CHOOSE('設定'!$D$17-1,IFERROR(INDEX('入力シート'!$A$2:$A$41,MATCH(($G23-1)*2+2,'入力シート'!$F$2:$F$41,0)),""),IFERROR(INDEX('入力シート'!$A$2:$A$41,MATCH("女"&($G23),'入力シート'!$I$2:$I$41,0)),"")),""),"")
A24: =IF('設定'!$C$16>0,IF(18<='設定'!$F$16,IF('設定'!$E$16=1,'設定'!$F$16+1-18,18),IF(18='設定'!$F$16+1,IF('設定'!$E$16=1,"前","後ろ"),"")),"") | B24: =IF(ISNUMBER($A24),IFERROR(CHOOSE('設定'!$D$16-1,IFERROR(INDEX('入力シート'!$A$2:$A$41,MATCH(($A24-1)*2+1,'入力シート'!$F$2:$F$41,0)),""),IFERROR(INDEX('入力シート'!$A$2:$A$41,MATCH("男"&($A24),'入力シート'!$I$2:$I$41,0)),"")),""),"") | D24: =IF(ISNUMBER($A24),IFERROR(CHOOSE('設定'!$D$16-1,IFERROR(INDEX('入力シート'!$A$2:$A$41,MATCH(($A24-1)*2+2,'入力シート'!$F$2:$F$41,0)),""),IFERROR(INDEX('入力シート'!$A$2:$A$41,MATCH("女"&($A24),'入力シート'!$I$2:$I$41,0)),"")),""),"") | G24: =IF('設定'!$C$17>0,IF(18<='設定'!$F$17,IF('設定'!$E$17=1,'設定'!$F$17+1-18,18),IF(18='設定'!$F$17+1,IF('設定'!$E$17=1,"前","後ろ"),"")),"") | H24: =IF(ISNUMBER($G24),IFERROR(CHOOSE('設定'!$D$17-1,IFERROR(INDEX('入力シート'!$A$2:$A$41,MATCH(($G24-1)*2+1,'入力シート'!$F$2:$F$41,0)),""),IFERROR(INDEX('入力シート'!$A$2:$A$41,MATCH("男"&($G24),'入力シート'!$I$2:$I$41,0)),"")),""),"") | J24: =IF(ISNUMBER($G24),IFERROR(CHOOSE('設定'!$D$17-1,IFERROR(INDEX('入力シート'!$A$2:$A$41,MATCH(($G24-1)*2+2,'入力シート'!$F$2:$F$41,0)),""),IFERROR(INDEX('入力シート'!$A$2:$A$41,MATCH("女"&($G24),'入力シート'!$I$2:$I$41,0)),"")),""),"")
A25: =IF('設定'!$C$16>0,IF(19<='設定'!$F$16,IF('設定'!$E$16=1,'設定'!$F$16+1-19,19),IF(19='設定'!$F$16+1,IF('設定'!$E$16=1,"前","後ろ"),"")),"") | B25: =IF(ISNUMBER($A25),IFERROR(CHOOSE('設定'!$D$16-1,IFERROR(INDEX('入力シート'!$A$2:$A$41,MATCH(($A25-1)*2+1,'入力シート'!$F$2:$F$41,0)),""),IFERROR(INDEX('入力シート'!$A$2:$A$41,MATCH("男"&($A25),'入力シート'!$I$2:$I$41,0)),"")),""),"") | D25: =IF(ISNUMBER($A25),IFERROR(CHOOSE('設定'!$D$16-1,IFERROR(INDEX('入力シート'!$A$2:$A$41,MATCH(($A25-1)*2+2,'入力シート'!$F$2:$F$41,0)),""),IFERROR(INDEX('入力シート'!$A$2:$A$41,MATCH("女"&($A25),'入力シート'!$I$2:$I$41,0)),"")),""),"") | G25: =IF('設定'!$C$17>0,IF(19<='設定'!$F$17,IF('設定'!$E$17=1,'設定'!$F$17+1-19,19),IF(19='設定'!$F$17+1,IF('設定'!$E$17=1,"前","後ろ"),"")),"") | H25: =IF(ISNUMBER($G25),IFERROR(CHOOSE('設定'!$D$17-1,IFERROR(INDEX('入力シート'!$A$2:$A$41,MATCH(($G25-1)*2+1,'入力シート'!$F$2:$F$41,0)),""),IFERROR(INDEX('入力シート'!$A$2:$A$41,MATCH("男"&($G25),'入力シート'!$I$2:$I$41,0)),"")),""),"") | J25: =IF(ISNUMBER($G25),IFERROR(CHOOSE('設定'!$D$17-1,IFERROR(INDEX('入力シート'!$A$2:$A$41,MATCH(($G25-1)*2+2,'入力シート'!$F$2:$F$41,0)),""),IFERROR(INDEX('入力シート'!$A$2:$A$41,MATCH("女"&($G25),'入力シート'!$I$2:$I$41,0)),"")),""),"")
A26: =IF('設定'!$C$16>0,IF(20<='設定'!$F$16,IF('設定'!$E$16=1,'設定'!$F$16+1-20,20),IF(20='設定'!$F$16+1,IF('設定'!$E$16=1,"前","後ろ"),"")),"") | B26: =IF(ISNUMBER($A26),IFERROR(CHOOSE('設定'!$D$16-1,IFERROR(INDEX('入力シート'!$A$2:$A$41,MATCH(($A26-1)*2+1,'入力シート'!$F$2:$F$41,0)),""),IFERROR(INDEX('入力シート'!$A$2:$A$41,MATCH("男"&($A26),'入力シート'!$I$2:$I$41,0)),"")),""),"") | D26: =IF(ISNUMBER($A26),IFERROR(CHOOSE('設定'!$D$16-1,IFERROR(INDEX('入力シート'!$A$2:$A$41,MATCH(($A26-1)*2+2,'入力シート'!$F$2:$F$41,0)),""),IFERROR(INDEX('入力シート'!$A$2:$A$41,MATCH("女"&($A26),'入力シート'!$I$2:$I$41,0)),"")),""),"") | G26: =IF('設定'!$C$17>0,IF(20<='設定'!$F$17,IF('設定'!$E$17=1,'設定'!$F$17+1-20,20),IF(20='設定'!$F$17+1,IF('設定'!$E$17=1,"前","後ろ"),"")),"") | H26: =IF(ISNUMBER($G26),IFERROR(CHOOSE('設定'!$D$17-1,IFERROR(INDEX('入力シート'!$A$2:$A$41,MATCH(($G26-1)*2+1,'入力シート'!$F$2:$F$41,0)),""),IFERROR(INDEX('入力シート'!$A$2:$A$41,MATCH("男"&($G26),'入力シート'!$I$2:$I$41,0)),"")),""),"") | J26: =IF(ISNUMBER($G26),IFERROR(CHOOSE('設定'!$D$17-1,IFERROR(INDEX('入力シート'!$A$2:$A$41,MATCH(($G26-1)*2+2,'入力シート'!$F$2:$F$41,0)),""),IFERROR(INDEX('入力シート'!$A$2:$A$41,MATCH("女"&($G26),'入力シート'!$I$2:$I$41,0)),"")),""),"")
A27: =IF('設定'!$C$16>0,IF(21<='設定'!$F$16,IF('設定'!$E$16=1,'設定'!$F$16+1-21,21),IF(21='設定'!$F$16+1,IF('設定'!$E$16=1,"前","後ろ"),"")),"") | B27: =IF(ISNUMBER($A27),IFERROR(CHOOSE('設定'!$D$16-1,IFERROR(INDEX('入力シート'!$A$2:$A$41,MATCH(($A27-1)*2+1,'入力シート'!$F$2:$F$41,0)),""),IFERROR(INDEX('入力シート'!$A$2:$A$41,MATCH("男"&($A27),'入力シート'!$I$2:$I$41,0)),"")),""),"") | D27: =IF(ISNUMBER($A27),IFERROR(CHOOSE('設定'!$D$16-1,IFERROR(INDEX('入力シート'!$A$2:$A$41,MATCH(($A27-1)*2+2,'入力シート'!$F$2:$F$41,0)),""),IFERROR(INDEX('入力シート'!$A$2:$A$41,MATCH("女"&($A27),'入力シート'!$I$2:$I$41,0)),"")),""),"") | G27: =IF('設定'!$C$17>0,IF(21<='設定'!$F$17,IF('設定'!$E$17=1,'設定'!$F$17+1-21,21),IF(21='設定'!$F$17+1,IF('設定'!$E$17=1,"前","後ろ"),"")),"") | H27: =IF(ISNUMBER($G27),IFERROR(CHOOSE('設定'!$D$17-1,IFERROR(INDEX('入力シート'!$A$2:$A$41,MATCH(($G27-1)*2+1,'入力シート'!$F$2:$F$41,0)),""),IFERROR(INDEX('入力シート'!$A$2:$A$41,MATCH("男"&($G27),'入力シート'!$I$2:$I$41,0)),"")),""),"") | J27: =IF(ISNUMBER($G27),IFERROR(CHOOSE('設定'!$D$17-1,IFERROR(INDEX('入力シート'!$A$2:$A$41,MATCH(($G27-1)*2+2,'入力シート'!$F$2:$F$41,0)),""),IFERROR(INDEX('入力シート'!$A$2:$A$41,MATCH("女"&($G27),'入力シート'!$I$2:$I$41,0)),"")),""),"")
A28: =IF('設定'!$C$16>0,IF(22<='設定'!$F$16,IF('設定'!$E$16=1,'設定'!$F$16+1-22,22),IF(22='設定'!$F$16+1,IF('設定'!$E$16=1,"前","後ろ"),"")),"") | B28: =IF(ISNUMBER($A28),IFERROR(CHOOSE('設定'!$D$16-1,IFERROR(INDEX('入力シート'!$A$2:$A$41,MATCH(($A28-1)*2+1,'入力シート'!$F$2:$F$41,0)),""),IFERROR(INDEX('入力シート'!$A$2:$A$41,MATCH("男"&($A28),'入力シート'!$I$2:$I$41,0)),"")),""),"") | D28: =IF(ISNUMBER($A28),IFERROR(CHOOSE('設定'!$D$16-1,IFERROR(INDEX('入力シート'!$A$2:$A$41,MATCH(($A28-1)*2+2,'入力シート'!$F$2:$F$41,0)),""),IFERROR(INDEX('入力シート'!$A$2:$A$41,MATCH("女"&($A28),'入力シート'!$I$2:$I$41,0)),"")),""),"") | G28: =IF('設定'!$C$17>0,IF(22<='設定'!$F$17,IF('設定'!$E$17=1,'設定'!$F$17+1-22,22),IF(22='設定'!$F$17+1,IF('設定'!$E$17=1,"前","後ろ"),"")),"") | H28: =IF(ISNUMBER($G28),IFERROR(CHOOSE('設定'!$D$17-1,IFERROR(INDEX('入力シート'!$A$2:$A$41,MATCH(($G28-1)*2+1,'入力シート'!$F$2:$F$41,0)),""),IFERROR(INDEX('入力シート'!$A$2:$A$41,MATCH("男"&($G28),'入力シート'!$I$2:$I$41,0)),"")),""),"") | J28: =IF(ISNUMBER($G28),IFERROR(CHOOSE('設定'!$D$17-1,IFERROR(INDEX('入力シート'!$A$2:$A$41,MATCH(($G28-1)*2+2,'入力シート'!$F$2:$F$41,0)),""),IFERROR(INDEX('入力シート'!$A$2:$A$41,MATCH("女"&($G28),'入力シート'!$I$2:$I$41,0)),"")),""),"")
A29: =IF('設定'!$C$16>0,IF(23<='設定'!$F$16,IF('設定'!$E$16=1,'設定'!$F$16+1-23,23),IF(23='設定'!$F$16+1,IF('設定'!$E$16=1,"前","後ろ"),"")),"") | B29: =IF(ISNUMBER($A29),IFERROR(CHOOSE('設定'!$D$16-1,IFERROR(INDEX('入力シート'!$A$2:$A$41,MATCH(($A29-1)*2+1,'入力シート'!$F$2:$F$41,0)),""),IFERROR(INDEX('入力シート'!$A$2:$A$41,MATCH("男"&($A29),'入力シート'!$I$2:$I$41,0)),"")),""),"") | D29: =IF(ISNUMBER($A29),IFERROR(CHOOSE('設定'!$D$16-1,IFERROR(INDEX('入力シート'!$A$2:$A$41,MATCH(($A29-1)*2+2,'入力シート'!$F$2:$F$41,0)),""),IFERROR(INDEX('入力シート'!$A$2:$A$41,MATCH("女"&($A29),'入力シート'!$I$2:$I$41,0)),"")),""),"") | G29: =IF('設定'!$C$17>0,IF(23<='設定'!$F$17,IF('設定'!$E$17=1,'設定'!$F$17+1-23,23),IF(23='設定'!$F$17+1,IF('設定'!$E$17=1,"前","後ろ"),"")),"") | H29: =IF(ISNUMBER($G29),IFERROR(CHOOSE('設定'!$D$17-1,IFERROR(INDEX('入力シート'!$A$2:$A$41,MATCH(($G29-1)*2+1,'入力シート'!$F$2:$F$41,0)),""),IFERROR(INDEX('入力シート'!$A$2:$A$41,MATCH("男"&($G29),'入力シート'!$I$2:$I$41,0)),"")),""),"") | J29: =IF(ISNUMBER($G29),IFERROR(CHOOSE('設定'!$D$17-1,IFERROR(INDEX('入力シート'!$A$2:$A$41,MATCH(($G29-1)*2+2,'入力シート'!$F$2:$F$41,0)),""),IFERROR(INDEX('入力シート'!$A$2:$A$41,MATCH("女"&($G29),'入力シート'!$I$2:$I$41,0)),"")),""),"")
A30: =IF('設定'!$C$16>0,IF(('設定'!$F$16)>22,"⚠ 入りきらない子がいます ","")&IF(AND('設定'!$H$16,'入力シート'!$M$16>0),"⚠ 男女が未入力の子："&'入力シート'!$M$16&"人",""),"") | G30: =IF('設定'!$C$17>0,IF(('設定'!$F$17)>22,"⚠ 入りきらない子がいます ","")&IF(AND('設定'!$H$17,'入力シート'!$M$16>0),"⚠ 男女が未入力の子："&'入力シート'!$M$16&"人",""),"")
A32: ='設定'!$G$18 | G32: ='設定'!$G$19
B33: =IF('設定'!$D$18=7,"男子","") | C33: =IF('設定'!$D$18=7,"男子","") | D33: =IF('設定'!$D$18=7,"女子","") | E33: =IF('設定'!$D$18=7,"女子","") | H33: =IF('設定'!$D$19=7,"男子","") | I33: =IF('設定'!$D$19=7,"男子","") | J33: =IF('設定'!$D$19=7,"女子","") | K33: =IF('設定'!$D$19=7,"女子","")
A34: =IF('設定'!$C$18>0,IF('設定'!$E$18=1,"後ろ","前"),"") | B34: =IF(ISNUMBER($A34),IFERROR(CHOOSE('設定'!$D$18-3,IFERROR(INDEX('入力シート'!$A$2:$A$41,MATCH(($A34-1)*4+1,'入力シート'!$F$2:$F$41,0)),""),IFERROR(INDEX('入力シート'!$A$2:$A$41,MATCH(IF(MOD($A34,2)=1,($A34-1)*4+1,($A34-1)*4+4),'入力シート'!$F$2:$F$41,0)),""),IFERROR(INDEX('入力シート'!$A$2:$A$41,MATCH(($A34-1)*4+3,'入力シート'!$F$2:$F$41,0)),""),IFERROR(INDEX('入力シート'!$A$2:$A$41,MATCH("男"&(($A34-1)*2+1),'入力シート'!$I$2:$I$41,0)),"")),""),"") | C34: =IF(ISNUMBER($A34),IFERROR(CHOOSE('設定'!$D$18-3,IFERROR(INDEX('入力シート'!$A$2:$A$41,MATCH(($A34-1)*4+2,'入力シート'!$F$2:$F$41,0)),""),IFERROR(INDEX('入力シート'!$A$2:$A$41,MATCH(IF(MOD($A34,2)=1,($A34-1)*4+2,($A34-1)*4+3),'入力シート'!$F$2:$F$41,0)),""),IFERROR(INDEX('入力シート'!$A$2:$A$41,MATCH(($A34-1)*4+1,'入力シート'!$F$2:$F$41,0)),""),IFERROR(INDEX('入力シート'!$A$2:$A$41,MATCH("男"&(($A34-1)*2+2),'入力シート'!$I$2:$I$41,0)),"")),""),"") | D34: =IF(ISNUMBER($A34),IFERROR(CHOOSE('設定'!$D$18-3,IFERROR(INDEX('入力シート'!$A$2:$A$41,MATCH(($A34-1)*4+3,'入力シート'!$F$2:$F$41,0)),""),IFERROR(INDEX('入力シート'!$A$2:$A$41,MATCH(IF(MOD($A34,2)=1,($A34-1)*4+3,($A34-1)*4+2),'入力シート'!$F$2:$F$41,0)),""),IFERROR(INDEX('入力シート'!$A$2:$A$41,MATCH(($A34-1)*4+2,'入力シート'!$F$2:$F$41,0)),""),IFERROR(INDEX('入力シート'!$A$2:$A$41,MATCH("女"&(($A34-1)*2+1),'入力シート'!$I$2:$I$41,0)),"")),""),"") | E34: =IF(ISNUMBER($A34),IFERROR(CHOOSE('設定'!$D$18-3,IFERROR(INDEX('入力シート'!$A$2:$A$41,MATCH(($A34-1)*4+4,'入力シート'!$F$2:$F$41,0)),""),IFERROR(INDEX('入力シート'!$A$2:$A$41,MATCH(IF(MOD($A34,2)=1,($A34-1)*4+4,($A34-1)*4+1),'入力シート'!$F$2:$F$41,0)),""),IFERROR(INDEX('入力シート'!$A$2:$A$41,MATCH(($A34-1)*4+4,'入力シート'!$F$2:$F$41,0)),""),IFERROR(INDEX('入力シート'!$A$2:$A$41,MATCH("女"&(($A34-1)*2+2),'入力シート'!$I$2:$I$41,0)),"")),""),"") | G34: =IF('設定'!$C$19>0,IF('設定'!$E$19=1,"後ろ","前"),"") | H34: =IF(ISNUMBER($G34),IFERROR(CHOOSE('設定'!$D$19-3,IFERROR(INDEX('入力シート'!$A$2:$A$41,MATCH(($G34-1)*4+1,'入力シート'!$F$2:$F$41,0)),""),IFERROR(INDEX('入力シート'!$A$2:$A$41,MATCH(IF(MOD($G34,2)=1,($G34-1)*4+1,($G34-1)*4+4),'入力シート'!$F$2:$F$41,0)),""),IFERROR(INDEX('入力シート'!$A$2:$A$41,MATCH(($G34-1)*4+3,'入力シート'!$F$2:$F$41,0)),""),IFERROR(INDEX('入力シート'!$A$2:$A$41,MATCH("男"&(($G34-1)*2+1),'入力シート'!$I$2:$I$41,0)),"")),""),"") | I34: =IF(ISNUMBER($G34),IFERROR(CHOOSE('設定'!$D$19-3,IFERROR(INDEX('入力シート'!$A$2:$A$41,MATCH(($G34-1)*4+2,'入力シート'!$F$2:$F$41,0)),""),IFERROR(INDEX('入力シート'!$A$2:$A$41,MATCH(IF(MOD($G34,2)=1,($G34-1)*4+2,($G34-1)*4+3),'入力シート'!$F$2:$F$41,0)),""),IFERROR(INDEX('入力シート'!$A$2:$A$41,MATCH(($G34-1)*4+1,'入力シート'!$F$2:$F$41,0)),""),IFERROR(INDEX('入力シート'!$A$2:$A$41,MATCH("男"&(($G34-1)*2+2),'入力シート'!$I$2:$I$41,0)),"")),""),"") | J34: =IF(ISNUMBER($G34),IFERROR(CHOOSE('設定'!$D$19-3,IFERROR(INDEX('入力シート'!$A$2:$A$41,MATCH(($G34-1)*4+3,'入力シート'!$F$2:$F$41,0)),""),IFERROR(INDEX('入力シート'!$A$2:$A$41,MATCH(IF(MOD($G34,2)=1,($G34-1)*4+3,($G34-1)*4+2),'入力シート'!$F$2:$F$41,0)),""),IFERROR(INDEX('入力シート'!$A$2:$A$41,MATCH(($G34-1)*4+2,'入力シート'!$F$2:$F$41,0)),""),IFERROR(INDEX('入力シート'!$A$2:$A$41,MATCH("女"&(($G34-1)*2+1),'入力シート'!$I$2:$I$41,0)),"")),""),"") | K34: =IF(ISNUMBER($G34),IFERROR(CHOOSE('設定'!$D$19-3,IFERROR(INDEX('入力シート'!$A$2:$A$41,MATCH(($G34-1)*4+4,'入力シート'!$F$2:$F$41,0)),""),IFERROR(INDEX('入力シート'!$A$2:$A$41,MATCH(IF(MOD($G34,2)=1,($G34-1)*4+4,($G34-1)*4+1),'入力シート'!$F$2:$F$41,0)),""),IFERROR(INDEX('入力シート'!$A$2:$A$41,MATCH(($G34-1)*4+4,'入力シート'!$F$2:$F$41,0)),""),IFERROR(INDEX('入力シート'!$A$2:$A$41,MATCH("女"&(($G34-1)*2+2),'入力シート'!$I$2:$I$41,0)),"")),""),"")
A35: =IF('設定'!$C$18>0,IF(1<='設定'!$F$18,IF('設定'!$E$18=1,'設定'!$F$18+1-1,1),IF(1='設定'!$F$18+1,IF('設定'!$E$18=1,"前","後ろ"),"")),"") | B35: =IF(ISNUMBER($A35),IFERROR(CHOOSE('設定'!$D$18-3,IFERROR(INDEX('入力シート'!$A$2:$A$41,MATCH(($A35-1)*4+1,'入力シート'!$F$2:$F$41,0)),""),IFERROR(INDEX('入力シート'!$A$2:$A$41,MATCH(IF(MOD($A35,2)=1,($A35-1)*4+1,($A35-1)*4+4),'入力シート'!$F$2:$F$41,0)),""),IFERROR(INDEX('入力シート'!$A$2:$A$41,MATCH(($A35-1)*4+3,'入力シート'!$F$2:$F$41,0)),""),IFERROR(INDEX('入力シート'!$A$2:$A$41,MATCH("男"&(($A35-1)*2+1),'入力シート'!$I$2:$I$41,0)),"")),""),"") | C35: =IF(ISNUMBER($A35),IFERROR(CHOOSE('設定'!$D$18-3,IFERROR(INDEX('入力シート'!$A$2:$A$41,MATCH(($A35-1)*4+2,'入力シート'!$F$2:$F$41,0)),""),IFERROR(INDEX('入力シート'!$A$2:$A$41,MATCH(IF(MOD($A35,2)=1,($A35-1)*4+2,($A35-1)*4+3),'入力シート'!$F$2:$F$41,0)),""),IFERROR(INDEX('入力シート'!$A$2:$A$41,MATCH(($A35-1)*4+1,'入力シート'!$F$2:$F$41,0)),""),IFERROR(INDEX('入力シート'!$A$2:$A$41,MATCH("男"&(($A35-1)*2+2),'入力シート'!$I$2:$I$41,0)),"")),""),"") | D35: =IF(ISNUMBER($A35),IFERROR(CHOOSE('設定'!$D$18-3,IFERROR(INDEX('入力シート'!$A$2:$A$41,MATCH(($A35-1)*4+3,'入力シート'!$F$2:$F$41,0)),""),IFERROR(INDEX('入力シート'!$A$2:$A$41,MATCH(IF(MOD($A35,2)=1,($A35-1)*4+3,($A35-1)*4+2),'入力シート'!$F$2:$F$41,0)),""),IFERROR(INDEX('入力シート'!$A$2:$A$41,MATCH(($A35-1)*4+2,'入力シート'!$F$2:$F$41,0)),""),IFERROR(INDEX('入力シート'!$A$2:$A$41,MATCH("女"&(($A35-1)*2+1),'入力シート'!$I$2:$I$41,0)),"")),""),"") | E35: =IF(ISNUMBER($A35),IFERROR(CHOOSE('設定'!$D$18-3,IFERROR(INDEX('入力シート'!$A$2:$A$41,MATCH(($A35-1)*4+4,'入力シート'!$F$2:$F$41,0)),""),IFERROR(INDEX('入力シート'!$A$2:$A$41,MATCH(IF(MOD($A35,2)=1,($A35-1)*4+4,($A35-1)*4+1),'入力シート'!$F$2:$F$41,0)),""),IFERROR(INDEX('入力シート'!$A$2:$A$41,MATCH(($A35-1)*4+4,'入力シート'!$F$2:$F$41,0)),""),IFERROR(INDEX('入力シート'!$A$2:$A$41,MATCH("女"&(($A35-1)*2+2),'入力シート'!$I$2:$I$41,0)),"")),""),"") | G35: =IF('設定'!$C$19>0,IF(1<='設定'!$F$19,IF('設定'!$E$19=1,'設定'!$F$19+1-1,1),IF(1='設定'!$F$19+1,IF('設定'!$E$19=1,"前","後ろ"),"")),"") | H35: =IF(ISNUMBER($G35),IFERROR(CHOOSE('設定'!$D$19-3,IFERROR(INDEX('入力シート'!$A$2:$A$41,MATCH(($G35-1)*4+1,'入力シート'!$F$2:$F$41,0)),""),IFERROR(INDEX('入力シート'!$A$2:$A$41,MATCH(IF(MOD($G35,2)=1,($G35-1)*4+1,($G35-1)*4+4),'入力シート'!$F$2:$F$41,0)),""),IFERROR(INDEX('入力シート'!$A$2:$A$41,MATCH(($G35-1)*4+3,'入力シート'!$F$2:$F$41,0)),""),IFERROR(INDEX('入力シート'!$A$2:$A$41,MATCH("男"&(($G35-1)*2+1),'入力シート'!$I$2:$I$41,0)),"")),""),"") | I35: =IF(ISNUMBER($G35),IFERROR(CHOOSE('設定'!$D$19-3,IFERROR(INDEX('入力シート'!$A$2:$A$41,MATCH(($G35-1)*4+2,'入力シート'!$F$2:$F$41,0)),""),IFERROR(INDEX('入力シート'!$A$2:$A$41,MATCH(IF(MOD($G35,2)=1,($G35-1)*4+2,($G35-1)*4+3),'入力シート'!$F$2:$F$41,0)),""),IFERROR(INDEX('入力シート'!$A$2:$A$41,MATCH(($G35-1)*4+1,'入力シート'!$F$2:$F$41,0)),""),IFERROR(INDEX('入力シート'!$A$2:$A$41,MATCH("男"&(($G35-1)*2+2),'入力シート'!$I$2:$I$41,0)),"")),""),"") | J35: =IF(ISNUMBER($G35),IFERROR(CHOOSE('設定'!$D$19-3,IFERROR(INDEX('入力シート'!$A$2:$A$41,MATCH(($G35-1)*4+3,'入力シート'!$F$2:$F$41,0)),""),IFERROR(INDEX('入力シート'!$A$2:$A$41,MATCH(IF(MOD($G35,2)=1,($G35-1)*4+3,($G35-1)*4+2),'入力シート'!$F$2:$F$41,0)),""),IFERROR(INDEX('入力シート'!$A$2:$A$41,MATCH(($G35-1)*4+2,'入力シート'!$F$2:$F$41,0)),""),IFERROR(INDEX('入力シート'!$A$2:$A$41,MATCH("女"&(($G35-1)*2+1),'入力シート'!$I$2:$I$41,0)),"")),""),"") | K35: =IF(ISNUMBER($G35),IFERROR(CHOOSE('設定'!$D$19-3,IFERROR(INDEX('入力シート'!$A$2:$A$41,MATCH(($G35-1)*4+4,'入力シート'!$F$2:$F$41,0)),""),IFERROR(INDEX('入力シート'!$A$2:$A$41,MATCH(IF(MOD($G35,2)=1,($G35-1)*4+4,($G35-1)*4+1),'入力シート'!$F$2:$F$41,0)),""),IFERROR(INDEX('入力シート'!$A$2:$A$41,MATCH(($G35-1)*4+4,'入力シート'!$F$2:$F$41,0)),""),IFERROR(INDEX('入力シート'!$A$2:$A$41,MATCH("女"&(($G35-1)*2+2),'入力シート'!$I$2:$I$41,0)),"")),""),"")
A36: =IF('設定'!$C$18>0,IF(2<='設定'!$F$18,IF('設定'!$E$18=1,'設定'!$F$18+1-2,2),IF(2='設定'!$F$18+1,IF('設定'!$E$18=1,"前","後ろ"),"")),"") | B36: =IF(ISNUMBER($A36),IFERROR(CHOOSE('設定'!$D$18-3,IFERROR(INDEX('入力シート'!$A$2:$A$41,MATCH(($A36-1)*4+1,'入力シート'!$F$2:$F$41,0)),""),IFERROR(INDEX('入力シート'!$A$2:$A$41,MATCH(IF(MOD($A36,2)=1,($A36-1)*4+1,($A36-1)*4+4),'入力シート'!$F$2:$F$41,0)),""),IFERROR(INDEX('入力シート'!$A$2:$A$41,MATCH(($A36-1)*4+3,'入力シート'!$F$2:$F$41,0)),""),IFERROR(INDEX('入力シート'!$A$2:$A$41,MATCH("男"&(($A36-1)*2+1),'入力シート'!$I$2:$I$41,0)),"")),""),"") | C36: =IF(ISNUMBER($A36),IFERROR(CHOOSE('設定'!$D$18-3,IFERROR(INDEX('入力シート'!$A$2:$A$41,MATCH(($A36-1)*4+2,'入力シート'!$F$2:$F$41,0)),""),IFERROR(INDEX('入力シート'!$A$2:$A$41,MATCH(IF(MOD($A36,2)=1,($A36-1)*4+2,($A36-1)*4+3),'入力シート'!$F$2:$F$41,0)),""),IFERROR(INDEX('入力シート'!$A$2:$A$41,MATCH(($A36-1)*4+1,'入力シート'!$F$2:$F$41,0)),""),IFERROR(INDEX('入力シート'!$A$2:$A$41,MATCH("男"&(($A36-1)*2+2),'入力シート'!$I$2:$I$41,0)),"")),""),"") | D36: =IF(ISNUMBER($A36),IFERROR(CHOOSE('設定'!$D$18-3,IFERROR(INDEX('入力シート'!$A$2:$A$41,MATCH(($A36-1)*4+3,'入力シート'!$F$2:$F$41,0)),""),IFERROR(INDEX('入力シート'!$A$2:$A$41,MATCH(IF(MOD($A36,2)=1,($A36-1)*4+3,($A36-1)*4+2),'入力シート'!$F$2:$F$41,0)),""),IFERROR(INDEX('入力シート'!$A$2:$A$41,MATCH(($A36-1)*4+2,'入力シート'!$F$2:$F$41,0)),""),IFERROR(INDEX('入力シート'!$A$2:$A$41,MATCH("女"&(($A36-1)*2+1),'入力シート'!$I$2:$I$41,0)),"")),""),"") | E36: =IF(ISNUMBER($A36),IFERROR(CHOOSE('設定'!$D$18-3,IFERROR(INDEX('入力シート'!$A$2:$A$41,MATCH(($A36-1)*4+4,'入力シート'!$F$2:$F$41,0)),""),IFERROR(INDEX('入力シート'!$A$2:$A$41,MATCH(IF(MOD($A36,2)=1,($A36-1)*4+4,($A36-1)*4+1),'入力シート'!$F$2:$F$41,0)),""),IFERROR(INDEX('入力シート'!$A$2:$A$41,MATCH(($A36-1)*4+4,'入力シート'!$F$2:$F$41,0)),""),IFERROR(INDEX('入力シート'!$A$2:$A$41,MATCH("女"&(($A36-1)*2+2),'入力シート'!$I$2:$I$41,0)),"")),""),"") | G36: =IF('設定'!$C$19>0,IF(2<='設定'!$F$19,IF('設定'!$E$19=1,'設定'!$F$19+1-2,2),IF(2='設定'!$F$19+1,IF('設定'!$E$19=1,"前","後ろ"),"")),"") | H36: =IF(ISNUMBER($G36),IFERROR(CHOOSE('設定'!$D$19-3,IFERROR(INDEX('入力シート'!$A$2:$A$41,MATCH(($G36-1)*4+1,'入力シート'!$F$2:$F$41,0)),""),IFERROR(INDEX('入力シート'!$A$2:$A$41,MATCH(IF(MOD($G36,2)=1,($G36-1)*4+1,($G36-1)*4+4),'入力シート'!$F$2:$F$41,0)),""),IFERROR(INDEX('入力シート'!$A$2:$A$41,MATCH(($G36-1)*4+3,'入力シート'!$F$2:$F$41,0)),""),IFERROR(INDEX('入力シート'!$A$2:$A$41,MATCH("男"&(($G36-1)*2+1),'入力シート'!$I$2:$I$41,0)),"")),""),"") | I36: =IF(ISNUMBER($G36),IFERROR(CHOOSE('設定'!$D$19-3,IFERROR(INDEX('入力シート'!$A$2:$A$41,MATCH(($G36-1)*4+2,'入力シート'!$F$2:$F$41,0)),""),IFERROR(INDEX('入力シート'!$A$2:$A$41,MATCH(IF(MOD($G36,2)=1,($G36-1)*4+2,($G36-1)*4+3),'入力シート'!$F$2:$F$41,0)),""),IFERROR(INDEX('入力シート'!$A$2:$A$41,MATCH(($G36-1)*4+1,'入力シート'!$F$2:$F$41,0)),""),IFERROR(INDEX('入力シート'!$A$2:$A$41,MATCH("男"&(($G36-1)*2+2),'入力シート'!$I$2:$I$41,0)),"")),""),"") | J36: =IF(ISNUMBER($G36),IFERROR(CHOOSE('設定'!$D$19-3,IFERROR(INDEX('入力シート'!$A$2:$A$41,MATCH(($G36-1)*4+3,'入力シート'!$F$2:$F$41,0)),""),IFERROR(INDEX('入力シート'!$A$2:$A$41,MATCH(IF(MOD($G36,2)=1,($G36-1)*4+3,($G36-1)*4+2),'入力シート'!$F$2:$F$41,0)),""),IFERROR(INDEX('入力シート'!$A$2:$A$41,MATCH(($G36-1)*4+2,'入力シート'!$F$2:$F$41,0)),""),IFERROR(INDEX('入力シート'!$A$2:$A$41,MATCH("女"&(($G36-1)*2+1),'入力シート'!$I$2:$I$41,0)),"")),""),"") | K36: =IF(ISNUMBER($G36),IFERROR(CHOOSE('設定'!$D$19-3,IFERROR(INDEX('入力シート'!$A$2:$A$41,MATCH(($G36-1)*4+4,'入力シート'!$F$2:$F$41,0)),""),IFERROR(INDEX('入力シート'!$A$2:$A$41,MATCH(IF(MOD($G36,2)=1,($G36-1)*4+4,($G36-1)*4+1),'入力シート'!$F$2:$F$41,0)),""),IFERROR(INDEX('入力シート'!$A$2:$A$41,MATCH(($G36-1)*4+4,'入力シート'!$F$2:$F$41,0)),""),IFERROR(INDEX('入力シート'!$A$2:$A$41,MATCH("女"&(($G36-1)*2+2),'入力シート'!$I$2:$I$41,0)),"")),""),"")
A37: =IF('設定'!$C$18>0,IF(3<='設定'!$F$18,IF('設定'!$E$18=1,'設定'!$F$18+1-3,3),IF(3='設定'!$F$18+1,IF('設定'!$E$18=1,"前","後ろ"),"")),"") | B37: =IF(ISNUMBER($A37),IFERROR(CHOOSE('設定'!$D$18-3,IFERROR(INDEX('入力シート'!$A$2:$A$41,MATCH(($A37-1)*4+1,'入力シート'!$F$2:$F$41,0)),""),IFERROR(INDEX('入力シート'!$A$2:$A$41,MATCH(IF(MOD($A37,2)=1,($A37-1)*4+1,($A37-1)*4+4),'入力シート'!$F$2:$F$41,0)),""),IFERROR(INDEX('入力シート'!$A$2:$A$41,MATCH(($A37-1)*4+3,'入力シート'!$F$2:$F$41,0)),""),IFERROR(INDEX('入力シート'!$A$2:$A$41,MATCH("男"&(($A37-1)*2+1),'入力シート'!$I$2:$I$41,0)),"")),""),"") | C37: =IF(ISNUMBER($A37),IFERROR(CHOOSE('設定'!$D$18-3,IFERROR(INDEX('入力シート'!$A$2:$A$41,MATCH(($A37-1)*4+2,'入力シート'!$F$2:$F$41,0)),""),IFERROR(INDEX('入力シート'!$A$2:$A$41,MATCH(IF(MOD($A37,2)=1,($A37-1)*4+2,($A37-1)*4+3),'入力シート'!$F$2:$F$41,0)),""),IFERROR(INDEX('入力シート'!$A$2:$A$41,MATCH(($A37-1)*4+1,'入力シート'!$F$2:$F$41,0)),""),IFERROR(INDEX('入力シート'!$A$2:$A$41,MATCH("男"&(($A37-1)*2+2),'入力シート'!$I$2:$I$41,0)),"")),""),"") | D37: =IF(ISNUMBER($A37),IFERROR(CHOOSE('設定'!$D$18-3,IFERROR(INDEX('入力シート'!$A$2:$A$41,MATCH(($A37-1)*4+3,'入力シート'!$F$2:$F$41,0)),""),IFERROR(INDEX('入力シート'!$A$2:$A$41,MATCH(IF(MOD($A37,2)=1,($A37-1)*4+3,($A37-1)*4+2),'入力シート'!$F$2:$F$41,0)),""),IFERROR(INDEX('入力シート'!$A$2:$A$41,MATCH(($A37-1)*4+2,'入力シート'!$F$2:$F$41,0)),""),IFERROR(INDEX('入力シート'!$A$2:$A$41,MATCH("女"&(($A37-1)*2+1),'入力シート'!$I$2:$I$41,0)),"")),""),"") | E37: =IF(ISNUMBER($A37),IFERROR(CHOOSE('設定'!$D$18-3,IFERROR(INDEX('入力シート'!$A$2:$A$41,MATCH(($A37-1)*4+4,'入力シート'!$F$2:$F$41,0)),""),IFERROR(INDEX('入力シート'!$A$2:$A$41,MATCH(IF(MOD($A37,2)=1,($A37-1)*4+4,($A37-1)*4+1),'入力シート'!$F$2:$F$41,0)),""),IFERROR(INDEX('入力シート'!$A$2:$A$41,MATCH(($A37-1)*4+4,'入力シート'!$F$2:$F$41,0)),""),IFERROR(INDEX('入力シート'!$A$2:$A$41,MATCH("女"&(($A37-1)*2+2),'入力シート'!$I$2:$I$41,0)),"")),""),"") | G37: =IF('設定'!$C$19>0,IF(3<='設定'!$F$19,IF('設定'!$E$19=1,'設定'!$F$19+1-3,3),IF(3='設定'!$F$19+1,IF('設定'!$E$19=1,"前","後ろ"),"")),"") | H37: =IF(ISNUMBER($G37),IFERROR(CHOOSE('設定'!$D$19-3,IFERROR(INDEX('入力シート'!$A$2:$A$41,MATCH(($G37-1)*4+1,'入力シート'!$F$2:$F$41,0)),""),IFERROR(INDEX('入力シート'!$A$2:$A$41,MATCH(IF(MOD($G37,2)=1,($G37-1)*4+1,($G37-1)*4+4),'入力シート'!$F$2:$F$41,0)),""),IFERROR(INDEX('入力シート'!$A$2:$A$41,MATCH(($G37-1)*4+3,'入力シート'!$F$2:$F$41,0)),""),IFERROR(INDEX('入力シート'!$A$2:$A$41,MATCH("男"&(($G37-1)*2+1),'入力シート'!$I$2:$I$41,0)),"")),""),"") | I37: =IF(ISNUMBER($G37),IFERROR(CHOOSE('設定'!$D$19-3,IFERROR(INDEX('入力シート'!$A$2:$A$41,MATCH(($G37-1)*4+2,'入力シート'!$F$2:$F$41,0)),""),IFERROR(INDEX('入力シート'!$A$2:$A$41,MATCH(IF(MOD($G37,2)=1,($G37-1)*4+2,($G37-1)*4+3),'入力シート'!$F$2:$F$41,0)),""),IFERROR(INDEX('入力シート'!$A$2:$A$41,MATCH(($G37-1)*4+1,'入力シート'!$F$2:$F$41,0)),""),IFERROR(INDEX('入力シート'!$A$2:$A$41,MATCH("男"&(($G37-1)*2+2),'入力シート'!$I$2:$I$41,0)),"")),""),"") | J37: =IF(ISNUMBER($G37),IFERROR(CHOOSE('設定'!$D$19-3,IFERROR(INDEX('入力シート'!$A$2:$A$41,MATCH(($G37-1)*4+3,'入力シート'!$F$2:$F$41,0)),""),IFERROR(INDEX('入力シート'!$A$2:$A$41,MATCH(IF(MOD($G37,2)=1,($G37-1)*4+3,($G37-1)*4+2),'入力シート'!$F$2:$F$41,0)),""),IFERROR(INDEX('入力シート'!$A$2:$A$41,MATCH(($G37-1)*4+2,'入力シート'!$F$2:$F$41,0)),""),IFERROR(INDEX('入力シート'!$A$2:$A$41,MATCH("女"&(($G37-1)*2+1),'入力シート'!$I$2:$I$41,0)),"")),""),"") | K37: =IF(ISNUMBER($G37),IFERROR(CHOOSE('設定'!$D$19-3,IFERROR(INDEX('入力シート'!$A$2:$A$41,MATCH(($G37-1)*4+4,'入力シート'!$F$2:$F$41,0)),""),IFERROR(INDEX('入力シート'!$A$2:$A$41,MATCH(IF(MOD($G37,2)=1,($G37-1)*4+4,($G37-1)*4+1),'入力シート'!$F$2:$F$41,0)),""),IFERROR(INDEX('入力シート'!$A$2:$A$41,MATCH(($G37-1)*4+4,'入力シート'!$F$2:$F$41,0)),""),IFERROR(INDEX('入力シート'!$A$2:$A$41,MATCH("女"&(($G37-1)*2+2),'入力シート'!$I$2:$I$41,0)),"")),""),"")
A38: =IF('設定'!$C$18>0,IF(4<='設定'!$F$18,IF('設定'!$E$18=1,'設定'!$F$18+1-4,4),IF(4='設定'!$F$18+1,IF('設定'!$E$18=1,"前","後ろ"),"")),"") | B38: =IF(ISNUMBER($A38),IFERROR(CHOOSE('設定'!$D$18-3,IFERROR(INDEX('入力シート'!$A$2:$A$41,MATCH(($A38-1)*4+1,'入力シート'!$F$2:$F$41,0)),""),IFERROR(INDEX('入力シート'!$A$2:$A$41,MATCH(IF(MOD($A38,2)=1,($A38-1)*4+1,($A38-1)*4+4),'入力シート'!$F$2:$F$41,0)),""),IFERROR(INDEX('入力シート'!$A$2:$A$41,MATCH(($A38-1)*4+3,'入力シート'!$F$2:$F$41,0)),""),IFERROR(INDEX('入力シート'!$A$2:$A$41,MATCH("男"&(($A38-1)*2+1),'入力シート'!$I$2:$I$41,0)),"")),""),"") | C38: =IF(ISNUMBER($A38),IFERROR(CHOOSE('設定'!$D$18-3,IFERROR(INDEX('入力シート'!$A$2:$A$41,MATCH(($A38-1)*4+2,'入力シート'!$F$2:$F$41,0)),""),IFERROR(INDEX('入力シート'!$A$2:$A$41,MATCH(IF(MOD($A38,2)=1,($A38-1)*4+2,($A38-1)*4+3),'入力シート'!$F$2:$F$41,0)),""),IFERROR(INDEX('入力シート'!$A$2:$A$41,MATCH(($A38-1)*4+1,'入力シート'!$F$2:$F$41,0)),""),IFERROR(INDEX('入力シート'!$A$2:$A$41,MATCH("男"&(($A38-1)*2+2),'入力シート'!$I$2:$I$41,0)),"")),""),"") | D38: =IF(ISNUMBER($A38),IFERROR(CHOOSE('設定'!$D$18-3,IFERROR(INDEX('入力シート'!$A$2:$A$41,MATCH(($A38-1)*4+3,'入力シート'!$F$2:$F$41,0)),""),IFERROR(INDEX('入力シート'!$A$2:$A$41,MATCH(IF(MOD($A38,2)=1,($A38-1)*4+3,($A38-1)*4+2),'入力シート'!$F$2:$F$41,0)),""),IFERROR(INDEX('入力シート'!$A$2:$A$41,MATCH(($A38-1)*4+2,'入力シート'!$F$2:$F$41,0)),""),IFERROR(INDEX('入力シート'!$A$2:$A$41,MATCH("女"&(($A38-1)*2+1),'入力シート'!$I$2:$I$41,0)),"")),""),"") | E38: =IF(ISNUMBER($A38),IFERROR(CHOOSE('設定'!$D$18-3,IFERROR(INDEX('入力シート'!$A$2:$A$41,MATCH(($A38-1)*4+4,'入力シート'!$F$2:$F$41,0)),""),IFERROR(INDEX('入力シート'!$A$2:$A$41,MATCH(IF(MOD($A38,2)=1,($A38-1)*4+4,($A38-1)*4+1),'入力シート'!$F$2:$F$41,0)),""),IFERROR(INDEX('入力シート'!$A$2:$A$41,MATCH(($A38-1)*4+4,'入力シート'!$F$2:$F$41,0)),""),IFERROR(INDEX('入力シート'!$A$2:$A$41,MATCH("女"&(($A38-1)*2+2),'入力シート'!$I$2:$I$41,0)),"")),""),"") | G38: =IF('設定'!$C$19>0,IF(4<='設定'!$F$19,IF('設定'!$E$19=1,'設定'!$F$19+1-4,4),IF(4='設定'!$F$19+1,IF('設定'!$E$19=1,"前","後ろ"),"")),"") | H38: =IF(ISNUMBER($G38),IFERROR(CHOOSE('設定'!$D$19-3,IFERROR(INDEX('入力シート'!$A$2:$A$41,MATCH(($G38-1)*4+1,'入力シート'!$F$2:$F$41,0)),""),IFERROR(INDEX('入力シート'!$A$2:$A$41,MATCH(IF(MOD($G38,2)=1,($G38-1)*4+1,($G38-1)*4+4),'入力シート'!$F$2:$F$41,0)),""),IFERROR(INDEX('入力シート'!$A$2:$A$41,MATCH(($G38-1)*4+3,'入力シート'!$F$2:$F$41,0)),""),IFERROR(INDEX('入力シート'!$A$2:$A$41,MATCH("男"&(($G38-1)*2+1),'入力シート'!$I$2:$I$41,0)),"")),""),"") | I38: =IF(ISNUMBER($G38),IFERROR(CHOOSE('設定'!$D$19-3,IFERROR(INDEX('入力シート'!$A$2:$A$41,MATCH(($G38-1)*4+2,'入力シート'!$F$2:$F$41,0)),""),IFERROR(INDEX('入力シート'!$A$2:$A$41,MATCH(IF(MOD($G38,2)=1,($G38-1)*4+2,($G38-1)*4+3),'入力シート'!$F$2:$F$41,0)),""),IFERROR(INDEX('入力シート'!$A$2:$A$41,MATCH(($G38-1)*4+1,'入力シート'!$F$2:$F$41,0)),""),IFERROR(INDEX('入力シート'!$A$2:$A$41,MATCH("男"&(($G38-1)*2+2),'入力シート'!$I$2:$I$41,0)),"")),""),"") | J38: =IF(ISNUMBER($G38),IFERROR(CHOOSE('設定'!$D$19-3,IFERROR(INDEX('入力シート'!$A$2:$A$41,MATCH(($G38-1)*4+3,'入力シート'!$F$2:$F$41,0)),""),IFERROR(INDEX('入力シート'!$A$2:$A$41,MATCH(IF(MOD($G38,2)=1,($G38-1)*4+3,($G38-1)*4+2),'入力シート'!$F$2:$F$41,0)),""),IFERROR(INDEX('入力シート'!$A$2:$A$41,MATCH(($G38-1)*4+2,'入力シート'!$F$2:$F$41,0)),""),IFERROR(INDEX('入力シート'!$A$2:$A$41,MATCH("女"&(($G38-1)*2+1),'入力シート'!$I$2:$I$41,0)),"")),""),"") | K38: =IF(ISNUMBER($G38),IFERROR(CHOOSE('設定'!$D$19-3,IFERROR(INDEX('入力シート'!$A$2:$A$41,MATCH(($G38-1)*4+4,'入力シート'!$F$2:$F$41,0)),""),IFERROR(INDEX('入力シート'!$A$2:$A$41,MATCH(IF(MOD($G38,2)=1,($G38-1)*4+4,($G38-1)*4+1),'入力シート'!$F$2:$F$41,0)),""),IFERROR(INDEX('入力シート'!$A$2:$A$41,MATCH(($G38-1)*4+4,'入力シート'!$F$2:$F$41,0)),""),IFERROR(INDEX('入力シート'!$A$2:$A$41,MATCH("女"&(($G38-1)*2+2),'入力シート'!$I$2:$I$41,0)),"")),""),"")
A39: =IF('設定'!$C$18>0,IF(5<='設定'!$F$18,IF('設定'!$E$18=1,'設定'!$F$18+1-5,5),IF(5='設定'!$F$18+1,IF('設定'!$E$18=1,"前","後ろ"),"")),"") | B39: =IF(ISNUMBER($A39),IFERROR(CHOOSE('設定'!$D$18-3,IFERROR(INDEX('入力シート'!$A$2:$A$41,MATCH(($A39-1)*4+1,'入力シート'!$F$2:$F$41,0)),""),IFERROR(INDEX('入力シート'!$A$2:$A$41,MATCH(IF(MOD($A39,2)=1,($A39-1)*4+1,($A39-1)*4+4),'入力シート'!$F$2:$F$41,0)),""),IFERROR(INDEX('入力シート'!$A$2:$A$41,MATCH(($A39-1)*4+3,'入力シート'!$F$2:$F$41,0)),""),IFERROR(INDEX('入力シート'!$A$2:$A$41,MATCH("男"&(($A39-1)*2+1),'入力シート'!$I$2:$I$41,0)),"")),""),"") | C39: =IF(ISNUMBER($A39),IFERROR(CHOOSE('設定'!$D$18-3,IFERROR(INDEX('入力シート'!$A$2:$A$41,MATCH(($A39-1)*4+2,'入力シート'!$F$2:$F$41,0)),""),IFERROR(INDEX('入力シート'!$A$2:$A$41,MATCH(IF(MOD($A39,2)=1,($A39-1)*4+2,($A39-1)*4+3),'入力シート'!$F$2:$F$41,0)),""),IFERROR(INDEX('入力シート'!$A$2:$A$41,MATCH(($A39-1)*4+1,'入力シート'!$F$2:$F$41,0)),""),IFERROR(INDEX('入力シート'!$A$2:$A$41,MATCH("男"&(($A39-1)*2+2),'入力シート'!$I$2:$I$41,0)),"")),""),"") | D39: =IF(ISNUMBER($A39),IFERROR(CHOOSE('設定'!$D$18-3,IFERROR(INDEX('入力シート'!$A$2:$A$41,MATCH(($A39-1)*4+3,'入力シート'!$F$2:$F$41,0)),""),IFERROR(INDEX('入力シート'!$A$2:$A$41,MATCH(IF(MOD($A39,2)=1,($A39-1)*4+3,($A39-1)*4+2),'入力シート'!$F$2:$F$41,0)),""),IFERROR(INDEX('入力シート'!$A$2:$A$41,MATCH(($A39-1)*4+2,'入力シート'!$F$2:$F$41,0)),""),IFERROR(INDEX('入力シート'!$A$2:$A$41,MATCH("女"&(($A39-1)*2+1),'入力シート'!$I$2:$I$41,0)),"")),""),"") | E39: =IF(ISNUMBER($A39),IFERROR(CHOOSE('設定'!$D$18-3,IFERROR(INDEX('入力シート'!$A$2:$A$41,MATCH(($A39-1)*4+4,'入力シート'!$F$2:$F$41,0)),""),IFERROR(INDEX('入力シート'!$A$2:$A$41,MATCH(IF(MOD($A39,2)=1,($A39-1)*4+4,($A39-1)*4+1),'入力シート'!$F$2:$F$41,0)),""),IFERROR(INDEX('入力シート'!$A$2:$A$41,MATCH(($A39-1)*4+4,'入力シート'!$F$2:$F$41,0)),""),IFERROR(INDEX('入力シート'!$A$2:$A$41,MATCH("女"&(($A39-1)*2+2),'入力シート'!$I$2:$I$41,0)),"")),""),"") | G39: =IF('設定'!$C$19>0,IF(5<='設定'!$F$19,IF('設定'!$E$19=1,'設定'!$F$19+1-5,5),IF(5='設定'!$F$19+1,IF('設定'!$E$19=1,"前","後ろ"),"")),"") | H39: =IF(ISNUMBER($G39),IFERROR(CHOOSE('設定'!$D$19-3,IFERROR(INDEX('入力シート'!$A$2:$A$41,MATCH(($G39-1)*4+1,'入力シート'!$F$2:$F$41,0)),""),IFERROR(INDEX('入力シート'!$A$2:$A$41,MATCH(IF(MOD($G39,2)=1,($G39-1)*4+1,($G39-1)*4+4),'入力シート'!$F$2:$F$41,0)),""),IFERROR(INDEX('入力シート'!$A$2:$A$41,MATCH(($G39-1)*4+3,'入力シート'!$F$2:$F$41,0)),""),IFERROR(INDEX('入力シート'!$A$2:$A$41,MATCH("男"&(($G39-1)*2+1),'入力シート'!$I$2:$I$41,0)),"")),""),"") | I39: =IF(ISNUMBER($G39),IFERROR(CHOOSE('設定'!$D$19-3,IFERROR(INDEX('入力シート'!$A$2:$A$41,MATCH(($G39-1)*4+2,'入力シート'!$F$2:$F$41,0)),""),IFERROR(INDEX('入力シート'!$A$2:$A$41,MATCH(IF(MOD($G39,2)=1,($G39-1)*4+2,($G39-1)*4+3),'入力シート'!$F$2:$F$41,0)),""),IFERROR(INDEX('入力シート'!$A$2:$A$41,MATCH(($G39-1)*4+1,'入力シート'!$F$2:$F$41,0)),""),IFERROR(INDEX('入力シート'!$A$2:$A$41,MATCH("男"&(($G39-1)*2+2),'入力シート'!$I$2:$I$41,0)),"")),""),"") | J39: =IF(ISNUMBER($G39),IFERROR(CHOOSE('設定'!$D$19-3,IFERROR(INDEX('入力シート'!$A$2:$A$41,MATCH(($G39-1)*4+3,'入力シート'!$F$2:$F$41,0)),""),IFERROR(INDEX('入力シート'!$A$2:$A$41,MATCH(IF(MOD($G39,2)=1,($G39-1)*4+3,($G39-1)*4+2),'入力シート'!$F$2:$F$41,0)),""),IFERROR(INDEX('入力シート'!$A$2:$A$41,MATCH(($G39-1)*4+2,'入力シート'!$F$2:$F$41,0)),""),IFERROR(INDEX('入力シート'!$A$2:$A$41,MATCH("女"&(($G39-1)*2+1),'入力シート'!$I$2:$I$41,0)),"")),""),"") | K39: =IF(ISNUMBER($G39),IFERROR(CHOOSE('設定'!$D$19-3,IFERROR(INDEX('入力シート'!$A$2:$A$41,MATCH(($G39-1)*4+4,'入力シート'!$F$2:$F$41,0)),""),IFERROR(INDEX('入力シート'!$A$2:$A$41,MATCH(IF(MOD($G39,2)=1,($G39-1)*4+4,($G39-1)*4+1),'入力シート'!$F$2:$F$41,0)),""),IFERROR(INDEX('入力シート'!$A$2:$A$41,MATCH(($G39-1)*4+4,'入力シート'!$F$2:$F$41,0)),""),IFERROR(INDEX('入力シート'!$A$2:$A$41,MATCH("女"&(($G39-1)*2+2),'入力シート'!$I$2:$I$41,0)),"")),""),"")
A40: =IF('設定'!$C$18>0,IF(6<='設定'!$F$18,IF('設定'!$E$18=1,'設定'!$F$18+1-6,6),IF(6='設定'!$F$18+1,IF('設定'!$E$18=1,"前","後ろ"),"")),"") | B40: =IF(ISNUMBER($A40),IFERROR(CHOOSE('設定'!$D$18-3,IFERROR(INDEX('入力シート'!$A$2:$A$41,MATCH(($A40-1)*4+1,'入力シート'!$F$2:$F$41,0)),""),IFERROR(INDEX('入力シート'!$A$2:$A$41,MATCH(IF(MOD($A40,2)=1,($A40-1)*4+1,($A40-1)*4+4),'入力シート'!$F$2:$F$41,0)),""),IFERROR(INDEX('入力シート'!$A$2:$A$41,MATCH(($A40-1)*4+3,'入力シート'!$F$2:$F$41,0)),""),IFERROR(INDEX('入力シート'!$A$2:$A$41,MATCH("男"&(($A40-1)*2+1),'入力シート'!$I$2:$I$41,0)),"")),""),"") | C40: =IF(ISNUMBER($A40),IFERROR(CHOOSE('設定'!$D$18-3,IFERROR(INDEX('入力シート'!$A$2:$A$41,MATCH(($A40-1)*4+2,'入力シート'!$F$2:$F$41,0)),""),IFERROR(INDEX('入力シート'!$A$2:$A$41,MATCH(IF(MOD($A40,2)=1,($A40-1)*4+2,($A40-1)*4+3),'入力シート'!$F$2:$F$41,0)),""),IFERROR(INDEX('入力シート'!$A$2:$A$41,MATCH(($A40-1)*4+1,'入力シート'!$F$2:$F$41,0)),""),IFERROR(INDEX('入力シート'!$A$2:$A$41,MATCH("男"&(($A40-1)*2+2),'入力シート'!$I$2:$I$41,0)),"")),""),"") | D40: =IF(ISNUMBER($A40),IFERROR(CHOOSE('設定'!$D$18-3,IFERROR(INDEX('入力シート'!$A$2:$A$41,MATCH(($A40-1)*4+3,'入力シート'!$F$2:$F$41,0)),""),IFERROR(INDEX('入力シート'!$A$2:$A$41,MATCH(IF(MOD($A40,2)=1,($A40-1)*4+3,($A40-1)*4+2),'入力シート'!$F$2:$F$41,0)),""),IFERROR(INDEX('入力シート'!$A$2:$A$41,MATCH(($A40-1)*4+2,'入力シート'!$F$2:$F$41,0)),""),IFERROR(INDEX('入力シート'!$A$2:$A$41,MATCH("女"&(($A40-1)*2+1),'入力シート'!$I$2:$I$41,0)),"")),""),"") | E40: =IF(ISNUMBER($A40),IFERROR(CHOOSE('設定'!$D$18-3,IFERROR(INDEX('入力シート'!$A$2:$A$41,MATCH(($A40-1)*4+4,'入力シート'!$F$2:$F$41,0)),""),IFERROR(INDEX('入力シート'!$A$2:$A$41,MATCH(IF(MOD($A40,2)=1,($A40-1)*4+4,($A40-1)*4+1),'入力シート'!$F$2:$F$41,0)),""),IFERROR(INDEX('入力シート'!$A$2:$A$41,MATCH(($A40-1)*4+4,'入力シート'!$F$2:$F$41,0)),""),IFERROR(INDEX('入力シート'!$A$2:$A$41,MATCH("女"&(($A40-1)*2+2),'入力シート'!$I$2:$I$41,0)),"")),""),"") | G40: =IF('設定'!$C$19>0,IF(6<='設定'!$F$19,IF('設定'!$E$19=1,'設定'!$F$19+1-6,6),IF(6='設定'!$F$19+1,IF('設定'!$E$19=1,"前","後ろ"),"")),"") | H40: =IF(ISNUMBER($G40),IFERROR(CHOOSE('設定'!$D$19-3,IFERROR(INDEX('入力シート'!$A$2:$A$41,MATCH(($G40-1)*4+1,'入力シート'!$F$2:$F$41,0)),""),IFERROR(INDEX('入力シート'!$A$2:$A$41,MATCH(IF(MOD($G40,2)=1,($G40-1)*4+1,($G40-1)*4+4),'入力シート'!$F$2:$F$41,0)),""),IFERROR(INDEX('入力シート'!$A$2:$A$41,MATCH(($G40-1)*4+3,'入力シート'!$F$2:$F$41,0)),""),IFERROR(INDEX('入力シート'!$A$2:$A$41,MATCH("男"&(($G40-1)*2+1),'入力シート'!$I$2:$I$41,0)),"")),""),"") | I40: =IF(ISNUMBER($G40),IFERROR(CHOOSE('設定'!$D$19-3,IFERROR(INDEX('入力シート'!$A$2:$A$41,MATCH(($G40-1)*4+2,'入力シート'!$F$2:$F$41,0)),""),IFERROR(INDEX('入力シート'!$A$2:$A$41,MATCH(IF(MOD($G40,2)=1,($G40-1)*4+2,($G40-1)*4+3),'入力シート'!$F$2:$F$41,0)),""),IFERROR(INDEX('入力シート'!$A$2:$A$41,MATCH(($G40-1)*4+1,'入力シート'!$F$2:$F$41,0)),""),IFERROR(INDEX('入力シート'!$A$2:$A$41,MATCH("男"&(($G40-1)*2+2),'入力シート'!$I$2:$I$41,0)),"")),""),"") | J40: =IF(ISNUMBER($G40),IFERROR(CHOOSE('設定'!$D$19-3,IFERROR(INDEX('入力シート'!$A$2:$A$41,MATCH(($G40-1)*4+3,'入力シート'!$F$2:$F$41,0)),""),IFERROR(INDEX('入力シート'!$A$2:$A$41,MATCH(IF(MOD($G40,2)=1,($G40-1)*4+3,($G40-1)*4+2),'入力シート'!$F$2:$F$41,0)),""),IFERROR(INDEX('入力シート'!$A$2:$A$41,MATCH(($G40-1)*4+2,'入力シート'!$F$2:$F$41,0)),""),IFERROR(INDEX('入力シート'!$A$2:$A$41,MATCH("女"&(($G40-1)*2+1),'入力シート'!$I$2:$I$41,0)),"")),""),"") | K40: =IF(ISNUMBER($G40),IFERROR(CHOOSE('設定'!$D$19-3,IFERROR(INDEX('入力シート'!$A$2:$A$41,MATCH(($G40-1)*4+4,'入力シート'!$F$2:$F$41,0)),""),IFERROR(INDEX('入力シート'!$A$2:$A$41,MATCH(IF(MOD($G40,2)=1,($G40-1)*4+4,($G40-1)*4+1),'入力シート'!$F$2:$F$41,0)),""),IFERROR(INDEX('入力シート'!$A$2:$A$41,MATCH(($G40-1)*4+4,'入力シート'!$F$2:$F$41,0)),""),IFERROR(INDEX('入力シート'!$A$2:$A$41,MATCH("女"&(($G40-1)*2+2),'入力シート'!$I$2:$I$41,0)),"")),""),"")
A41: =IF('設定'!$C$18>0,IF(7<='設定'!$F$18,IF('設定'!$E$18=1,'設定'!$F$18+1-7,7),IF(7='設定'!$F$18+1,IF('設定'!$E$18=1,"前","後ろ"),"")),"") | B41: =IF(ISNUMBER($A41),IFERROR(CHOOSE('設定'!$D$18-3,IFERROR(INDEX('入力シート'!$A$2:$A$41,MATCH(($A41-1)*4+1,'入力シート'!$F$2:$F$41,0)),""),IFERROR(INDEX('入力シート'!$A$2:$A$41,MATCH(IF(MOD($A41,2)=1,($A41-1)*4+1,($A41-1)*4+4),'入力シート'!$F$2:$F$41,0)),""),IFERROR(INDEX('入力シート'!$A$2:$A$41,MATCH(($A41-1)*4+3,'入力シート'!$F$2:$F$41,0)),""),IFERROR(INDEX('入力シート'!$A$2:$A$41,MATCH("男"&(($A41-1)*2+1),'入力シート'!$I$2:$I$41,0)),"")),""),"") | C41: =IF(ISNUMBER($A41),IFERROR(CHOOSE('設定'!$D$18-3,IFERROR(INDEX('入力シート'!$A$2:$A$41,MATCH(($A41-1)*4+2,'入力シート'!$F$2:$F$41,0)),""),IFERROR(INDEX('入力シート'!$A$2:$A$41,MATCH(IF(MOD($A41,2)=1,($A41-1)*4+2,($A41-1)*4+3),'入力シート'!$F$2:$F$41,0)),""),IFERROR(INDEX('入力シート'!$A$2:$A$41,MATCH(($A41-1)*4+1,'入力シート'!$F$2:$F$41,0)),""),IFERROR(INDEX('入力シート'!$A$2:$A$41,MATCH("男"&(($A41-1)*2+2),'入力シート'!$I$2:$I$41,0)),"")),""),"") | D41: =IF(ISNUMBER($A41),IFERROR(CHOOSE('設定'!$D$18-3,IFERROR(INDEX('入力シート'!$A$2:$A$41,MATCH(($A41-1)*4+3,'入力シート'!$F$2:$F$41,0)),""),IFERROR(INDEX('入力シート'!$A$2:$A$41,MATCH(IF(MOD($A41,2)=1,($A41-1)*4+3,($A41-1)*4+2),'入力シート'!$F$2:$F$41,0)),""),IFERROR(INDEX('入力シート'!$A$2:$A$41,MATCH(($A41-1)*4+2,'入力シート'!$F$2:$F$41,0)),""),IFERROR(INDEX('入力シート'!$A$2:$A$41,MATCH("女"&(($A41-1)*2+1),'入力シート'!$I$2:$I$41,0)),"")),""),"") | E41: =IF(ISNUMBER($A41),IFERROR(CHOOSE('設定'!$D$18-3,IFERROR(INDEX('入力シート'!$A$2:$A$41,MATCH(($A41-1)*4+4,'入力シート'!$F$2:$F$41,0)),""),IFERROR(INDEX('入力シート'!$A$2:$A$41,MATCH(IF(MOD($A41,2)=1,($A41-1)*4+4,($A41-1)*4+1),'入力シート'!$F$2:$F$41,0)),""),IFERROR(INDEX('入力シート'!$A$2:$A$41,MATCH(($A41-1)*4+4,'入力シート'!$F$2:$F$41,0)),""),IFERROR(INDEX('入力シート'!$A$2:$A$41,MATCH("女"&(($A41-1)*2+2),'入力シート'!$I$2:$I$41,0)),"")),""),"") | G41: =IF('設定'!$C$19>0,IF(7<='設定'!$F$19,IF('設定'!$E$19=1,'設定'!$F$19+1-7,7),IF(7='設定'!$F$19+1,IF('設定'!$E$19=1,"前","後ろ"),"")),"") | H41: =IF(ISNUMBER($G41),IFERROR(CHOOSE('設定'!$D$19-3,IFERROR(INDEX('入力シート'!$A$2:$A$41,MATCH(($G41-1)*4+1,'入力シート'!$F$2:$F$41,0)),""),IFERROR(INDEX('入力シート'!$A$2:$A$41,MATCH(IF(MOD($G41,2)=1,($G41-1)*4+1,($G41-1)*4+4),'入力シート'!$F$2:$F$41,0)),""),IFERROR(INDEX('入力シート'!$A$2:$A$41,MATCH(($G41-1)*4+3,'入力シート'!$F$2:$F$41,0)),""),IFERROR(INDEX('入力シート'!$A$2:$A$41,MATCH("男"&(($G41-1)*2+1),'入力シート'!$I$2:$I$41,0)),"")),""),"") | I41: =IF(ISNUMBER($G41),IFERROR(CHOOSE('設定'!$D$19-3,IFERROR(INDEX('入力シート'!$A$2:$A$41,MATCH(($G41-1)*4+2,'入力シート'!$F$2:$F$41,0)),""),IFERROR(INDEX('入力シート'!$A$2:$A$41,MATCH(IF(MOD($G41,2)=1,($G41-1)*4+2,($G41-1)*4+3),'入力シート'!$F$2:$F$41,0)),""),IFERROR(INDEX('入力シート'!$A$2:$A$41,MATCH(($G41-1)*4+1,'入力シート'!$F$2:$F$41,0)),""),IFERROR(INDEX('入力シート'!$A$2:$A$41,MATCH("男"&(($G41-1)*2+2),'入力シート'!$I$2:$I$41,0)),"")),""),"") | J41: =IF(ISNUMBER($G41),IFERROR(CHOOSE('設定'!$D$19-3,IFERROR(INDEX('入力シート'!$A$2:$A$41,MATCH(($G41-1)*4+3,'入力シート'!$F$2:$F$41,0)),""),IFERROR(INDEX('入力シート'!$A$2:$A$41,MATCH(IF(MOD($G41,2)=1,($G41-1)*4+3,($G41-1)*4+2),'入力シート'!$F$2:$F$41,0)),""),IFERROR(INDEX('入力シート'!$A$2:$A$41,MATCH(($G41-1)*4+2,'入力シート'!$F$2:$F$41,0)),""),IFERROR(INDEX('入力シート'!$A$2:$A$41,MATCH("女"&(($G41-1)*2+1),'入力シート'!$I$2:$I$41,0)),"")),""),"") | K41: =IF(ISNUMBER($G41),IFERROR(CHOOSE('設定'!$D$19-3,IFERROR(INDEX('入力シート'!$A$2:$A$41,MATCH(($G41-1)*4+4,'入力シート'!$F$2:$F$41,0)),""),IFERROR(INDEX('入力シート'!$A$2:$A$41,MATCH(IF(MOD($G41,2)=1,($G41-1)*4+4,($G41-1)*4+1),'入力シート'!$F$2:$F$41,0)),""),IFERROR(INDEX('入力シート'!$A$2:$A$41,MATCH(($G41-1)*4+4,'入力シート'!$F$2:$F$41,0)),""),IFERROR(INDEX('入力シート'!$A$2:$A$41,MATCH("女"&(($G41-1)*2+2),'入力シート'!$I$2:$I$41,0)),"")),""),"")
A42: =IF('設定'!$C$18>0,IF(8<='設定'!$F$18,IF('設定'!$E$18=1,'設定'!$F$18+1-8,8),IF(8='設定'!$F$18+1,IF('設定'!$E$18=1,"前","後ろ"),"")),"") | B42: =IF(ISNUMBER($A42),IFERROR(CHOOSE('設定'!$D$18-3,IFERROR(INDEX('入力シート'!$A$2:$A$41,MATCH(($A42-1)*4+1,'入力シート'!$F$2:$F$41,0)),""),IFERROR(INDEX('入力シート'!$A$2:$A$41,MATCH(IF(MOD($A42,2)=1,($A42-1)*4+1,($A42-1)*4+4),'入力シート'!$F$2:$F$41,0)),""),IFERROR(INDEX('入力シート'!$A$2:$A$41,MATCH(($A42-1)*4+3,'入力シート'!$F$2:$F$41,0)),""),IFERROR(INDEX('入力シート'!$A$2:$A$41,MATCH("男"&(($A42-1)*2+1),'入力シート'!$I$2:$I$41,0)),"")),""),"") | C42: =IF(ISNUMBER($A42),IFERROR(CHOOSE('設定'!$D$18-3,IFERROR(INDEX('入力シート'!$A$2:$A$41,MATCH(($A42-1)*4+2,'入力シート'!$F$2:$F$41,0)),""),IFERROR(INDEX('入力シート'!$A$2:$A$41,MATCH(IF(MOD($A42,2)=1,($A42-1)*4+2,($A42-1)*4+3),'入力シート'!$F$2:$F$41,0)),""),IFERROR(INDEX('入力シート'!$A$2:$A$41,MATCH(($A42-1)*4+1,'入力シート'!$F$2:$F$41,0)),""),IFERROR(INDEX('入力シート'!$A$2:$A$41,MATCH("男"&(($A42-1)*2+2),'入力シート'!$I$2:$I$41,0)),"")),""),"") | D42: =IF(ISNUMBER($A42),IFERROR(CHOOSE('設定'!$D$18-3,IFERROR(INDEX('入力シート'!$A$2:$A$41,MATCH(($A42-1)*4+3,'入力シート'!$F$2:$F$41,0)),""),IFERROR(INDEX('入力シート'!$A$2:$A$41,MATCH(IF(MOD($A42,2)=1,($A42-1)*4+3,($A42-1)*4+2),'入力シート'!$F$2:$F$41,0)),""),IFERROR(INDEX('入力シート'!$A$2:$A$41,MATCH(($A42-1)*4+2,'入力シート'!$F$2:$F$41,0)),""),IFERROR(INDEX('入力シート'!$A$2:$A$41,MATCH("女"&(($A42-1)*2+1),'入力シート'!$I$2:$I$41,0)),"")),""),"") | E42: =IF(ISNUMBER($A42),IFERROR(CHOOSE('設定'!$D$18-3,IFERROR(INDEX('入力シート'!$A$2:$A$41,MATCH(($A42-1)*4+4,'入力シート'!$F$2:$F$41,0)),""),IFERROR(INDEX('入力シート'!$A$2:$A$41,MATCH(IF(MOD($A42,2)=1,($A42-1)*4+4,($A42-1)*4+1),'入力シート'!$F$2:$F$41,0)),""),IFERROR(INDEX('入力シート'!$A$2:$A$41,MATCH(($A42-1)*4+4,'入力シート'!$F$2:$F$41,0)),""),IFERROR(INDEX('入力シート'!$A$2:$A$41,MATCH("女"&(($A42-1)*2+2),'入力シート'!$I$2:$I$41,0)),"")),""),"") | G42: =IF('設定'!$C$19>0,IF(8<='設定'!$F$19,IF('設定'!$E$19=1,'設定'!$F$19+1-8,8),IF(8='設定'!$F$19+1,IF('設定'!$E$19=1,"前","後ろ"),"")),"") | H42: =IF(ISNUMBER($G42),IFERROR(CHOOSE('設定'!$D$19-3,IFERROR(INDEX('入力シート'!$A$2:$A$41,MATCH(($G42-1)*4+1,'入力シート'!$F$2:$F$41,0)),""),IFERROR(INDEX('入力シート'!$A$2:$A$41,MATCH(IF(MOD($G42,2)=1,($G42-1)*4+1,($G42-1)*4+4),'入力シート'!$F$2:$F$41,0)),""),IFERROR(INDEX('入力シート'!$A$2:$A$41,MATCH(($G42-1)*4+3,'入力シート'!$F$2:$F$41,0)),""),IFERROR(INDEX('入力シート'!$A$2:$A$41,MATCH("男"&(($G42-1)*2+1),'入力シート'!$I$2:$I$41,0)),"")),""),"") | I42: =IF(ISNUMBER($G42),IFERROR(CHOOSE('設定'!$D$19-3,IFERROR(INDEX('入力シート'!$A$2:$A$41,MATCH(($G42-1)*4+2,'入力シート'!$F$2:$F$41,0)),""),IFERROR(INDEX('入力シート'!$A$2:$A$41,MATCH(IF(MOD($G42,2)=1,($G42-1)*4+2,($G42-1)*4+3),'入力シート'!$F$2:$F$41,0)),""),IFERROR(INDEX('入力シート'!$A$2:$A$41,MATCH(($G42-1)*4+1,'入力シート'!$F$2:$F$41,0)),""),IFERROR(INDEX('入力シート'!$A$2:$A$41,MATCH("男"&(($G42-1)*2+2),'入力シート'!$I$2:$I$41,0)),"")),""),"") | J42: =IF(ISNUMBER($G42),IFERROR(CHOOSE('設定'!$D$19-3,IFERROR(INDEX('入力シート'!$A$2:$A$41,MATCH(($G42-1)*4+3,'入力シート'!$F$2:$F$41,0)),""),IFERROR(INDEX('入力シート'!$A$2:$A$41,MATCH(IF(MOD($G42,2)=1,($G42-1)*4+3,($G42-1)*4+2),'入力シート'!$F$2:$F$41,0)),""),IFERROR(INDEX('入力シート'!$A$2:$A$41,MATCH(($G42-1)*4+2,'入力シート'!$F$2:$F$41,0)),""),IFERROR(INDEX('入力シート'!$A$2:$A$41,MATCH("女"&(($G42-1)*2+1),'入力シート'!$I$2:$I$41,0)),"")),""),"") | K42: =IF(ISNUMBER($G42),IFERROR(CHOOSE('設定'!$D$19-3,IFERROR(INDEX('入力シート'!$A$2:$A$41,MATCH(($G42-1)*4+4,'入力シート'!$F$2:$F$41,0)),""),IFERROR(INDEX('入力シート'!$A$2:$A$41,MATCH(IF(MOD($G42,2)=1,($G42-1)*4+4,($G42-1)*4+1),'入力シート'!$F$2:$F$41,0)),""),IFERROR(INDEX('入力シート'!$A$2:$A$41,MATCH(($G42-1)*4+4,'入力シート'!$F$2:$F$41,0)),""),IFERROR(INDEX('入力シート'!$A$2:$A$41,MATCH("女"&(($G42-1)*2+2),'入力シート'!$I$2:$I$41,0)),"")),""),"")
A43: =IF('設定'!$C$18>0,IF(9<='設定'!$F$18,IF('設定'!$E$18=1,'設定'!$F$18+1-9,9),IF(9='設定'!$F$18+1,IF('設定'!$E$18=1,"前","後ろ"),"")),"") | B43: =IF(ISNUMBER($A43),IFERROR(CHOOSE('設定'!$D$18-3,IFERROR(INDEX('入力シート'!$A$2:$A$41,MATCH(($A43-1)*4+1,'入力シート'!$F$2:$F$41,0)),""),IFERROR(INDEX('入力シート'!$A$2:$A$41,MATCH(IF(MOD($A43,2)=1,($A43-1)*4+1,($A43-1)*4+4),'入力シート'!$F$2:$F$41,0)),""),IFERROR(INDEX('入力シート'!$A$2:$A$41,MATCH(($A43-1)*4+3,'入力シート'!$F$2:$F$41,0)),""),IFERROR(INDEX('入力シート'!$A$2:$A$41,MATCH("男"&(($A43-1)*2+1),'入力シート'!$I$2:$I$41,0)),"")),""),"") | C43: =IF(ISNUMBER($A43),IFERROR(CHOOSE('設定'!$D$18-3,IFERROR(INDEX('入力シート'!$A$2:$A$41,MATCH(($A43-1)*4+2,'入力シート'!$F$2:$F$41,0)),""),IFERROR(INDEX('入力シート'!$A$2:$A$41,MATCH(IF(MOD($A43,2)=1,($A43-1)*4+2,($A43-1)*4+3),'入力シート'!$F$2:$F$41,0)),""),IFERROR(INDEX('入力シート'!$A$2:$A$41,MATCH(($A43-1)*4+1,'入力シート'!$F$2:$F$41,0)),""),IFERROR(INDEX('入力シート'!$A$2:$A$41,MATCH("男"&(($A43-1)*2+2),'入力シート'!$I$2:$I$41,0)),"")),""),"") | D43: =IF(ISNUMBER($A43),IFERROR(CHOOSE('設定'!$D$18-3,IFERROR(INDEX('入力シート'!$A$2:$A$41,MATCH(($A43-1)*4+3,'入力シート'!$F$2:$F$41,0)),""),IFERROR(INDEX('入力シート'!$A$2:$A$41,MATCH(IF(MOD($A43,2)=1,($A43-1)*4+3,($A43-1)*4+2),'入力シート'!$F$2:$F$41,0)),""),IFERROR(INDEX('入力シート'!$A$2:$A$41,MATCH(($A43-1)*4+2,'入力シート'!$F$2:$F$41,0)),""),IFERROR(INDEX('入力シート'!$A$2:$A$41,MATCH("女"&(($A43-1)*2+1),'入力シート'!$I$2:$I$41,0)),"")),""),"") | E43: =IF(ISNUMBER($A43),IFERROR(CHOOSE('設定'!$D$18-3,IFERROR(INDEX('入力シート'!$A$2:$A$41,MATCH(($A43-1)*4+4,'入力シート'!$F$2:$F$41,0)),""),IFERROR(INDEX('入力シート'!$A$2:$A$41,MATCH(IF(MOD($A43,2)=1,($A43-1)*4+4,($A43-1)*4+1),'入力シート'!$F$2:$F$41,0)),""),IFERROR(INDEX('入力シート'!$A$2:$A$41,MATCH(($A43-1)*4+4,'入力シート'!$F$2:$F$41,0)),""),IFERROR(INDEX('入力シート'!$A$2:$A$41,MATCH("女"&(($A43-1)*2+2),'入力シート'!$I$2:$I$41,0)),"")),""),"") | G43: =IF('設定'!$C$19>0,IF(9<='設定'!$F$19,IF('設定'!$E$19=1,'設定'!$F$19+1-9,9),IF(9='設定'!$F$19+1,IF('設定'!$E$19=1,"前","後ろ"),"")),"") | H43: =IF(ISNUMBER($G43),IFERROR(CHOOSE('設定'!$D$19-3,IFERROR(INDEX('入力シート'!$A$2:$A$41,MATCH(($G43-1)*4+1,'入力シート'!$F$2:$F$41,0)),""),IFERROR(INDEX('入力シート'!$A$2:$A$41,MATCH(IF(MOD($G43,2)=1,($G43-1)*4+1,($G43-1)*4+4),'入力シート'!$F$2:$F$41,0)),""),IFERROR(INDEX('入力シート'!$A$2:$A$41,MATCH(($G43-1)*4+3,'入力シート'!$F$2:$F$41,0)),""),IFERROR(INDEX('入力シート'!$A$2:$A$41,MATCH("男"&(($G43-1)*2+1),'入力シート'!$I$2:$I$41,0)),"")),""),"") | I43: =IF(ISNUMBER($G43),IFERROR(CHOOSE('設定'!$D$19-3,IFERROR(INDEX('入力シート'!$A$2:$A$41,MATCH(($G43-1)*4+2,'入力シート'!$F$2:$F$41,0)),""),IFERROR(INDEX('入力シート'!$A$2:$A$41,MATCH(IF(MOD($G43,2)=1,($G43-1)*4+2,($G43-1)*4+3),'入力シート'!$F$2:$F$41,0)),""),IFERROR(INDEX('入力シート'!$A$2:$A$41,MATCH(($G43-1)*4+1,'入力シート'!$F$2:$F$41,0)),""),IFERROR(INDEX('入力シート'!$A$2:$A$41,MATCH("男"&(($G43-1)*2+2),'入力シート'!$I$2:$I$41,0)),"")),""),"") | J43: =IF(ISNUMBER($G43),IFERROR(CHOOSE('設定'!$D$19-3,IFERROR(INDEX('入力シート'!$A$2:$A$41,MATCH(($G43-1)*4+3,'入力シート'!$F$2:$F$41,0)),""),IFERROR(INDEX('入力シート'!$A$2:$A$41,MATCH(IF(MOD($G43,2)=1,($G43-1)*4+3,($G43-1)*4+2),'入力シート'!$F$2:$F$41,0)),""),IFERROR(INDEX('入力シート'!$A$2:$A$41,MATCH(($G43-1)*4+2,'入力シート'!$F$2:$F$41,0)),""),IFERROR(INDEX('入力シート'!$A$2:$A$41,MATCH("女"&(($G43-1)*2+1),'入力シート'!$I$2:$I$41,0)),"")),""),"") | K43: =IF(ISNUMBER($G43),IFERROR(CHOOSE('設定'!$D$19-3,IFERROR(INDEX('入力シート'!$A$2:$A$41,MATCH(($G43-1)*4+4,'入力シート'!$F$2:$F$41,0)),""),IFERROR(INDEX('入力シート'!$A$2:$A$41,MATCH(IF(MOD($G43,2)=1,($G43-1)*4+4,($G43-1)*4+1),'入力シート'!$F$2:$F$41,0)),""),IFERROR(INDEX('入力シート'!$A$2:$A$41,MATCH(($G43-1)*4+4,'入力シート'!$F$2:$F$41,0)),""),IFERROR(INDEX('入力シート'!$A$2:$A$41,MATCH("女"&(($G43-1)*2+2),'入力シート'!$I$2:$I$41,0)),"")),""),"")
A44: =IF('設定'!$C$18>0,IF(10<='設定'!$F$18,IF('設定'!$E$18=1,'設定'!$F$18+1-10,10),IF(10='設定'!$F$18+1,IF('設定'!$E$18=1,"前","後ろ"),"")),"") | B44: =IF(ISNUMBER($A44),IFERROR(CHOOSE('設定'!$D$18-3,IFERROR(INDEX('入力シート'!$A$2:$A$41,MATCH(($A44-1)*4+1,'入力シート'!$F$2:$F$41,0)),""),IFERROR(INDEX('入力シート'!$A$2:$A$41,MATCH(IF(MOD($A44,2)=1,($A44-1)*4+1,($A44-1)*4+4),'入力シート'!$F$2:$F$41,0)),""),IFERROR(INDEX('入力シート'!$A$2:$A$41,MATCH(($A44-1)*4+3,'入力シート'!$F$2:$F$41,0)),""),IFERROR(INDEX('入力シート'!$A$2:$A$41,MATCH("男"&(($A44-1)*2+1),'入力シート'!$I$2:$I$41,0)),"")),""),"") | C44: =IF(ISNUMBER($A44),IFERROR(CHOOSE('設定'!$D$18-3,IFERROR(INDEX('入力シート'!$A$2:$A$41,MATCH(($A44-1)*4+2,'入力シート'!$F$2:$F$41,0)),""),IFERROR(INDEX('入力シート'!$A$2:$A$41,MATCH(IF(MOD($A44,2)=1,($A44-1)*4+2,($A44-1)*4+3),'入力シート'!$F$2:$F$41,0)),""),IFERROR(INDEX('入力シート'!$A$2:$A$41,MATCH(($A44-1)*4+1,'入力シート'!$F$2:$F$41,0)),""),IFERROR(INDEX('入力シート'!$A$2:$A$41,MATCH("男"&(($A44-1)*2+2),'入力シート'!$I$2:$I$41,0)),"")),""),"") | D44: =IF(ISNUMBER($A44),IFERROR(CHOOSE('設定'!$D$18-3,IFERROR(INDEX('入力シート'!$A$2:$A$41,MATCH(($A44-1)*4+3,'入力シート'!$F$2:$F$41,0)),""),IFERROR(INDEX('入力シート'!$A$2:$A$41,MATCH(IF(MOD($A44,2)=1,($A44-1)*4+3,($A44-1)*4+2),'入力シート'!$F$2:$F$41,0)),""),IFERROR(INDEX('入力シート'!$A$2:$A$41,MATCH(($A44-1)*4+2,'入力シート'!$F$2:$F$41,0)),""),IFERROR(INDEX('入力シート'!$A$2:$A$41,MATCH("女"&(($A44-1)*2+1),'入力シート'!$I$2:$I$41,0)),"")),""),"") | E44: =IF(ISNUMBER($A44),IFERROR(CHOOSE('設定'!$D$18-3,IFERROR(INDEX('入力シート'!$A$2:$A$41,MATCH(($A44-1)*4+4,'入力シート'!$F$2:$F$41,0)),""),IFERROR(INDEX('入力シート'!$A$2:$A$41,MATCH(IF(MOD($A44,2)=1,($A44-1)*4+4,($A44-1)*4+1),'入力シート'!$F$2:$F$41,0)),""),IFERROR(INDEX('入力シート'!$A$2:$A$41,MATCH(($A44-1)*4+4,'入力シート'!$F$2:$F$41,0)),""),IFERROR(INDEX('入力シート'!$A$2:$A$41,MATCH("女"&(($A44-1)*2+2),'入力シート'!$I$2:$I$41,0)),"")),""),"") | G44: =IF('設定'!$C$19>0,IF(10<='設定'!$F$19,IF('設定'!$E$19=1,'設定'!$F$19+1-10,10),IF(10='設定'!$F$19+1,IF('設定'!$E$19=1,"前","後ろ"),"")),"") | H44: =IF(ISNUMBER($G44),IFERROR(CHOOSE('設定'!$D$19-3,IFERROR(INDEX('入力シート'!$A$2:$A$41,MATCH(($G44-1)*4+1,'入力シート'!$F$2:$F$41,0)),""),IFERROR(INDEX('入力シート'!$A$2:$A$41,MATCH(IF(MOD($G44,2)=1,($G44-1)*4+1,($G44-1)*4+4),'入力シート'!$F$2:$F$41,0)),""),IFERROR(INDEX('入力シート'!$A$2:$A$41,MATCH(($G44-1)*4+3,'入力シート'!$F$2:$F$41,0)),""),IFERROR(INDEX('入力シート'!$A$2:$A$41,MATCH("男"&(($G44-1)*2+1),'入力シート'!$I$2:$I$41,0)),"")),""),"") | I44: =IF(ISNUMBER($G44),IFERROR(CHOOSE('設定'!$D$19-3,IFERROR(INDEX('入力シート'!$A$2:$A$41,MATCH(($G44-1)*4+2,'入力シート'!$F$2:$F$41,0)),""),IFERROR(INDEX('入力シート'!$A$2:$A$41,MATCH(IF(MOD($G44,2)=1,($G44-1)*4+2,($G44-1)*4+3),'入力シート'!$F$2:$F$41,0)),""),IFERROR(INDEX('入力シート'!$A$2:$A$41,MATCH(($G44-1)*4+1,'入力シート'!$F$2:$F$41,0)),""),IFERROR(INDEX('入力シート'!$A$2:$A$41,MATCH("男"&(($G44-1)*2+2),'入力シート'!$I$2:$I$41,0)),"")),""),"") | J44: =IF(ISNUMBER($G44),IFERROR(CHOOSE('設定'!$D$19-3,IFERROR(INDEX('入力シート'!$A$2:$A$41,MATCH(($G44-1)*4+3,'入力シート'!$F$2:$F$41,0)),""),IFERROR(INDEX('入力シート'!$A$2:$A$41,MATCH(IF(MOD($G44,2)=1,($G44-1)*4+3,($G44-1)*4+2),'入力シート'!$F$2:$F$41,0)),""),IFERROR(INDEX('入力シート'!$A$2:$A$41,MATCH(($G44-1)*4+2,'入力シート'!$F$2:$F$41,0)),""),IFERROR(INDEX('入力シート'!$A$2:$A$41,MATCH("女"&(($G44-1)*2+1),'入力シート'!$I$2:$I$41,0)),"")),""),"") | K44: =IF(ISNUMBER($G44),IFERROR(CHOOSE('設定'!$D$19-3,IFERROR(INDEX('入力シート'!$A$2:$A$41,MATCH(($G44-1)*4+4,'入力シート'!$F$2:$F$41,0)),""),IFERROR(INDEX('入力シート'!$A$2:$A$41,MATCH(IF(MOD($G44,2)=1,($G44-1)*4+4,($G44-1)*4+1),'入力シート'!$F$2:$F$41,0)),""),IFERROR(INDEX('入力シート'!$A$2:$A$41,MATCH(($G44-1)*4+4,'入力シート'!$F$2:$F$41,0)),""),IFERROR(INDEX('入力シート'!$A$2:$A$41,MATCH("女"&(($G44-1)*2+2),'入力シート'!$I$2:$I$41,0)),"")),""),"")
A45: =IF('設定'!$C$18>0,IF(11<='設定'!$F$18,IF('設定'!$E$18=1,'設定'!$F$18+1-11,11),IF(11='設定'!$F$18+1,IF('設定'!$E$18=1,"前","後ろ"),"")),"") | B45: =IF(ISNUMBER($A45),IFERROR(CHOOSE('設定'!$D$18-3,IFERROR(INDEX('入力シート'!$A$2:$A$41,MATCH(($A45-1)*4+1,'入力シート'!$F$2:$F$41,0)),""),IFERROR(INDEX('入力シート'!$A$2:$A$41,MATCH(IF(MOD($A45,2)=1,($A45-1)*4+1,($A45-1)*4+4),'入力シート'!$F$2:$F$41,0)),""),IFERROR(INDEX('入力シート'!$A$2:$A$41,MATCH(($A45-1)*4+3,'入力シート'!$F$2:$F$41,0)),""),IFERROR(INDEX('入力シート'!$A$2:$A$41,MATCH("男"&(($A45-1)*2+1),'入力シート'!$I$2:$I$41,0)),"")),""),"") | C45: =IF(ISNUMBER($A45),IFERROR(CHOOSE('設定'!$D$18-3,IFERROR(INDEX('入力シート'!$A$2:$A$41,MATCH(($A45-1)*4+2,'入力シート'!$F$2:$F$41,0)),""),IFERROR(INDEX('入力シート'!$A$2:$A$41,MATCH(IF(MOD($A45,2)=1,($A45-1)*4+2,($A45-1)*4+3),'入力シート'!$F$2:$F$41,0)),""),IFERROR(INDEX('入力シート'!$A$2:$A$41,MATCH(($A45-1)*4+1,'入力シート'!$F$2:$F$41,0)),""),IFERROR(INDEX('入力シート'!$A$2:$A$41,MATCH("男"&(($A45-1)*2+2),'入力シート'!$I$2:$I$41,0)),"")),""),"") | D45: =IF(ISNUMBER($A45),IFERROR(CHOOSE('設定'!$D$18-3,IFERROR(INDEX('入力シート'!$A$2:$A$41,MATCH(($A45-1)*4+3,'入力シート'!$F$2:$F$41,0)),""),IFERROR(INDEX('入力シート'!$A$2:$A$41,MATCH(IF(MOD($A45,2)=1,($A45-1)*4+3,($A45-1)*4+2),'入力シート'!$F$2:$F$41,0)),""),IFERROR(INDEX('入力シート'!$A$2:$A$41,MATCH(($A45-1)*4+2,'入力シート'!$F$2:$F$41,0)),""),IFERROR(INDEX('入力シート'!$A$2:$A$41,MATCH("女"&(($A45-1)*2+1),'入力シート'!$I$2:$I$41,0)),"")),""),"") | E45: =IF(ISNUMBER($A45),IFERROR(CHOOSE('設定'!$D$18-3,IFERROR(INDEX('入力シート'!$A$2:$A$41,MATCH(($A45-1)*4+4,'入力シート'!$F$2:$F$41,0)),""),IFERROR(INDEX('入力シート'!$A$2:$A$41,MATCH(IF(MOD($A45,2)=1,($A45-1)*4+4,($A45-1)*4+1),'入力シート'!$F$2:$F$41,0)),""),IFERROR(INDEX('入力シート'!$A$2:$A$41,MATCH(($A45-1)*4+4,'入力シート'!$F$2:$F$41,0)),""),IFERROR(INDEX('入力シート'!$A$2:$A$41,MATCH("女"&(($A45-1)*2+2),'入力シート'!$I$2:$I$41,0)),"")),""),"") | G45: =IF('設定'!$C$19>0,IF(11<='設定'!$F$19,IF('設定'!$E$19=1,'設定'!$F$19+1-11,11),IF(11='設定'!$F$19+1,IF('設定'!$E$19=1,"前","後ろ"),"")),"") | H45: =IF(ISNUMBER($G45),IFERROR(CHOOSE('設定'!$D$19-3,IFERROR(INDEX('入力シート'!$A$2:$A$41,MATCH(($G45-1)*4+1,'入力シート'!$F$2:$F$41,0)),""),IFERROR(INDEX('入力シート'!$A$2:$A$41,MATCH(IF(MOD($G45,2)=1,($G45-1)*4+1,($G45-1)*4+4),'入力シート'!$F$2:$F$41,0)),""),IFERROR(INDEX('入力シート'!$A$2:$A$41,MATCH(($G45-1)*4+3,'入力シート'!$F$2:$F$41,0)),""),IFERROR(INDEX('入力シート'!$A$2:$A$41,MATCH("男"&(($G45-1)*2+1),'入力シート'!$I$2:$I$41,0)),"")),""),"") | I45: =IF(ISNUMBER($G45),IFERROR(CHOOSE('設定'!$D$19-3,IFERROR(INDEX('入力シート'!$A$2:$A$41,MATCH(($G45-1)*4+2,'入力シート'!$F$2:$F$41,0)),""),IFERROR(INDEX('入力シート'!$A$2:$A$41,MATCH(IF(MOD($G45,2)=1,($G45-1)*4+2,($G45-1)*4+3),'入力シート'!$F$2:$F$41,0)),""),IFERROR(INDEX('入力シート'!$A$2:$A$41,MATCH(($G45-1)*4+1,'入力シート'!$F$2:$F$41,0)),""),IFERROR(INDEX('入力シート'!$A$2:$A$41,MATCH("男"&(($G45-1)*2+2),'入力シート'!$I$2:$I$41,0)),"")),""),"") | J45: =IF(ISNUMBER($G45),IFERROR(CHOOSE('設定'!$D$19-3,IFERROR(INDEX('入力シート'!$A$2:$A$41,MATCH(($G45-1)*4+3,'入力シート'!$F$2:$F$41,0)),""),IFERROR(INDEX('入力シート'!$A$2:$A$41,MATCH(IF(MOD($G45,2)=1,($G45-1)*4+3,($G45-1)*4+2),'入力シート'!$F$2:$F$41,0)),""),IFERROR(INDEX('入力シート'!$A$2:$A$41,MATCH(($G45-1)*4+2,'入力シート'!$F$2:$F$41,0)),""),IFERROR(INDEX('入力シート'!$A$2:$A$41,MATCH("女"&(($G45-1)*2+1),'入力シート'!$I$2:$I$41,0)),"")),""),"") | K45: =IF(ISNUMBER($G45),IFERROR(CHOOSE('設定'!$D$19-3,IFERROR(INDEX('入力シート'!$A$2:$A$41,MATCH(($G45-1)*4+4,'入力シート'!$F$2:$F$41,0)),""),IFERROR(INDEX('入力シート'!$A$2:$A$41,MATCH(IF(MOD($G45,2)=1,($G45-1)*4+4,($G45-1)*4+1),'入力シート'!$F$2:$F$41,0)),""),IFERROR(INDEX('入力シート'!$A$2:$A$41,MATCH(($G45-1)*4+4,'入力シート'!$F$2:$F$41,0)),""),IFERROR(INDEX('入力シート'!$A$2:$A$41,MATCH("女"&(($G45-1)*2+2),'入力シート'!$I$2:$I$41,0)),"")),""),"")
