Workbook

Sheet データ入力
A1: 組み方 | C1: 男女別 | F1: 先に走る | G1: 女子 | J1: 始めのコース | K1: 2 | N1: =IF(計算用!$U$21>0,"※名前はあるのに、性別かタイムが入っていない人が"&計算用!$U$21&"人います（組に入りません）","")
A2: 名簿から名前・性別（1=男子 2=女子）・タイム（秒）を貼り付けてください。クラス名（3行目）は書きかえられます。男女混合（2年生）のときは性別は空欄でかまいません。
A3: No. | B3: 松組 | F3: 竹組 | J3: 梅組 | N3: 月組
B4: 名前 | C4: 性別 | D4: タイム | F4: 名前 | G4: 性別 | H4: タイム | J4: 名前 | K4: 性別 | L4: タイム | N4: 名前 | O4: 性別 | P4: タイム
A5: 1
A6: 2
A7: 3
A8: 4
A9: 5
A10: 6
A11: 7
A12: 8
A13: 9
A14: 10
A15: 11
A16: 12
... A41: 37

Sheet 組分け
A1: 組分け（自動） | E1: 各クラスのタイム順位が同じ子どうしで1レースにします。直すときは「手直し」シートで。
A2: =IF(計算用!$U$2,"男女混合","男子") | K2: =IF(計算用!$U$2,"（使いません）","女子")
A3: 順位 | B3: =データ入力!$B$3 | D3: =データ入力!$F$3 | F3: =データ入力!$J$3 | H3: =データ入力!$N$3 | K3: 順位 | L3: =データ入力!$B$3 | N3: =データ入力!$F$3 | P3: =データ入力!$J$3 | R3: =データ入力!$N$3
B4: 名前 | C4: タイム | D4: 名前 | E4: タイム | F4: 名前 | G4: タイム | H4: 名前 | I4: タイム | L4: 名前 | M4: タイム | N4: 名前 | O4: タイム | P4: 名前 | Q4: タイム | R4: 名前 | S4: タイム
A5: =IF(1<=計算用!$U$9,1,"") | B5: =IF($A5="","",IFERROR(INDEX(計算用!$D$2:$D$149,MATCH(計算用!$U$3&1&"-"&$A5,計算用!$K$2:$K$149,0)),"")) | C5: =IF($A5="","",IFERROR(INDEX(計算用!$G$2:$G$149,MATCH(計算用!$U$3&1&"-"&$A5,計算用!$K$2:$K$149,0)),"")) | D5: =IF($A5="","",IFERROR(INDEX(計算用!$D$2:$D$149,MATCH(計算用!$U$3&2&"-"&$A5,計算用!$K$2:$K$149,0)),"")) | E5: =IF($A5="","",IFERROR(INDEX(計算用!$G$2:$G$149,MATCH(計算用!$U$3&2&"-"&$A5,計算用!$K$2:$K$149,0)),"")) | F5: =IF($A5="","",IFERROR(INDEX(計算用!$D$2:$D$149,MATCH(計算用!$U$3&3&"-"&$A5,計算用!$K$2:$K$149,0)),"")) | G5: =IF($A5="","",IFERROR(INDEX(計算用!$G$2:$G$149,MATCH(計算用!$U$3&3&"-"&$A5,計算用!$K$2:$K$149,0)),"")) | H5: =IF($A5="","",IFERROR(INDEX(計算用!$D$2:$D$149,MATCH(計算用!$U$3&4&"-"&$A5,計算用!$K$2:$K$149,0)),"")) | I5: =IF($A5="","",IFERROR(INDEX(計算用!$G$2:$G$149,MATCH(計算用!$U$3&4&"-"&$A5,計算用!$K$2:$K$149,0)),"")) | K5: =IF(1<=計算用!$U$10,1,"") | L5: =IF($K5="","",IFERROR(INDEX(計算用!$D$2:$D$149,MATCH("女"&1&"-"&$K5,計算用!$K$2:$K$149,0)),"")) | M5: =IF($K5="","",IFERROR(INDEX(計算用!$G$2:$G$149,MATCH("女"&1&"-"&$K5,計算用!$K$2:$K$149,0)),"")) | N5: =IF($K5="","",IFERROR(INDEX(計算用!$D$2:$D$149,MATCH("女"&2&"-"&$K5,計算用!$K$2:$K$149,0)),"")) | O5: =IF($K5="","",IFERROR(INDEX(計算用!$G$2:$G$149,MATCH("女"&2&"-"&$K5,計算用!$K$2:$K$149,0)),"")) | P5: =IF($K5="","",IFERROR(INDEX(計算用!$D$2:$D$149,MATCH("女"&3&"-"&$K5,計算用!$K$2:$K$149,0)),"")) | Q5: =IF($K5="","",IFERROR(INDEX(計算用!$G$2:$G$149,MATCH("女"&3&"-"&$K5,計算用!$K$2:$K$149,0)),"")) | R5: =IF($K5="","",IFERROR(INDEX(計算用!$D$2:$D$149,MATCH("女"&4&"-"&$K5,計算用!$K$2:$K$149,0)),"")) | S5: =IF($K5="","",IFERROR(INDEX(計算用!$G$2:$G$149,MATCH("女"&4&"-"&$K5,計算用!$K$2:$K$149,0)),""))
A6: =IF(2<=計算用!$U$9,2,"") | B6: =IF($A6="","",IFERROR(INDEX(計算用!$D$2:$D$149,MATCH(計算用!$U$3&1&"-"&$A6,計算用!$K$2:$K$149,0)),"")) | C6: =IF($A6="","",IFERROR(INDEX(計算用!$G$2:$G$149,MATCH(計算用!$U$3&1&"-"&$A6,計算用!$K$2:$K$149,0)),"")) | D6: =IF($A6="","",IFERROR(INDEX(計算用!$D$2:$D$149,MATCH(計算用!$U$3&2&"-"&$A6,計算用!$K$2:$K$149,0)),"")) | E6: =IF($A6="","",IFERROR(INDEX(計算用!$G$2:$G$149,MATCH(計算用!$U$3&2&"-"&$A6,計算用!$K$2:$K$149,0)),"")) | F6: =IF($A6="","",IFERROR(INDEX(計算用!$D$2:$D$149,MATCH(計算用!$U$3&3&"-"&$A6,計算用!$K$2:$K$149,0)),"")) | G6: =IF($A6="","",IFERROR(INDEX(計算用!$G$2:$G$149,MATCH(計算用!$U$3&3&"-"&$A6,計算用!$K$2:$K$149,0)),"")) | H6: =IF($A6="","",IFERROR(INDEX(計算用!$D$2:$D$149,MATCH(計算用!$U$3&4&"-"&$A6,計算用!$K$2:$K$149,0)),"")) | I6: =IF($A6="","",IFERROR(INDEX(計算用!$G$2:$G$149,MATCH(計算用!$U$3&4&"-"&$A6,計算用!$K$2:$K$149,0)),"")) | K6: =IF(2<=計算用!$U$10,2,"") | L6: =IF($K6="","",IFERROR(INDEX(計算用!$D$2:$D$149,MATCH("女"&1&"-"&$K6,計算用!$K$2:$K$149,0)),"")) | M6: =IF($K6="","",IFERROR(INDEX(計算用!$G$2:$G$149,MATCH("女"&1&"-"&$K6,計算用!$K$2:$K$149,0)),"")) | N6: =IF($K6="","",IFERROR(INDEX(計算用!$D$2:$D$149,MATCH("女"&2&"-"&$K6,計算用!$K$2:$K$149,0)),"")) | O6: =IF($K6="","",IFERROR(INDEX(計算用!$G$2:$G$149,MATCH("女"&2&"-"&$K6,計算用!$K$2:$K$149,0)),"")) | P6: =IF($K6="","",IFERROR(INDEX(計算用!$D$2:$D$149,MATCH("女"&3&"-"&$K6,計算用!$K$2:$K$149,0)),"")) | Q6: =IF($K6="","",IFERROR(INDEX(計算用!$G$2:$G$149,MATCH("女"&3&"-"&$K6,計算用!$K$2:$K$149,0)),"")) | R6: =IF($K6="","",IFERROR(INDEX(計算用!$D$2:$D$149,MATCH("女"&4&"-"&$K6,計算用!$K$2:$K$149,0)),"")) | S6: =IF($K6="","",IFERROR(INDEX(計算用!$G$2:$G$149,MATCH("女"&4&"-"&$K6,計算用!$K$2:$K$149,0)),""))
A7: =IF(3<=計算用!$U$9,3,"") | B7: =IF($A7="","",IFERROR(INDEX(計算用!$D$2:$D$149,MATCH(計算用!$U$3&1&"-"&$A7,計算用!$K$2:$K$149,0)),"")) | C7: =IF($A7="","",IFERROR(INDEX(計算用!$G$2:$G$149,MATCH(計算用!$U$3&1&"-"&$A7,計算用!$K$2:$K$149,0)),"")) | D7: =IF($A7="","",IFERROR(INDEX(計算用!$D$2:$D$149,MATCH(計算用!$U$3&2&"-"&$A7,計算用!$K$2:$K$149,0)),"")) | E7: =IF($A7="","",IFERROR(INDEX(計算用!$G$2:$G$149,MATCH(計算用!$U$3&2&"-"&$A7,計算用!$K$2:$K$149,0)),"")) | F7: =IF($A7="","",IFERROR(INDEX(計算用!$D$2:$D$149,MATCH(計算用!$U$3&3&"-"&$A7,計算用!$K$2:$K$149,0)),"")) | G7: =IF($A7="","",IFERROR(INDEX(計算用!$G$2:$G$149,MATCH(計算用!$U$3&3&"-"&$A7,計算用!$K$2:$K$149,0)),"")) | H7: =IF($A7="","",IFERROR(INDEX(計算用!$D$2:$D$149,MATCH(計算用!$U$3&4&"-"&$A7,計算用!$K$2:$K$149,0)),"")) | I7: =IF($A7="","",IFERROR(INDEX(計算用!$G$2:$G$149,MATCH(計算用!$U$3&4&"-"&$A7,計算用!$K$2:$K$149,0)),"")) | K7: =IF(3<=計算用!$U$10,3,"") | L7: =IF($K7="","",IFERROR(INDEX(計算用!$D$2:$D$149,MATCH("女"&1&"-"&$K7,計算用!$K$2:$K$149,0)),"")) | M7: =IF($K7="","",IFERROR(INDEX(計算用!$G$2:$G$149,MATCH("女"&1&"-"&$K7,計算用!$K$2:$K$149,0)),"")) | N7: =IF($K7="","",IFERROR(INDEX(計算用!$D$2:$D$149,MATCH("女"&2&"-"&$K7,計算用!$K$2:$K$149,0)),"")) | O7: =IF($K7="","",IFERROR(INDEX(計算用!$G$2:$G$149,MATCH("女"&2&"-"&$K7,計算用!$K$2:$K$149,0)),"")) | P7: =IF($K7="","",IFERROR(INDEX(計算用!$D$2:$D$149,MATCH("女"&3&"-"&$K7,計算用!$K$2:$K$149,0)),"")) | Q7: =IF($K7="","",IFERROR(INDEX(計算用!$G$2:$G$149,MATCH("女"&3&"-"&$K7,計算用!$K$2:$K$149,0)),"")) | R7: =IF($K7="","",IFERROR(INDEX(計算用!$D$2:$D$149,MATCH("女"&4&"-"&$K7,計算用!$K$2:$K$149,0)),"")) | S7: =IF($K7="","",IFERROR(INDEX(計算用!$G$2:$G$149,MATCH("女"&4&"-"&$K7,計算用!$K$2:$K$149,0)),""))
A8: =IF(4<=計算用!$U$9,4,"") | B8: =IF($A8="","",IFERROR(INDEX(計算用!$D$2:$D$149,MATCH(計算用!$U$3&1&"-"&$A8,計算用!$K$2:$K$149,0)),"")) | C8: =IF($A8="","",IFERROR(INDEX(計算用!$G$2:$G$149,MATCH(計算用!$U$3&1&"-"&$A8,計算用!$K$2:$K$149,0)),"")) | D8: =IF($A8="","",IFERROR(INDEX(計算用!$D$2:$D$149,MATCH(計算用!$U$3&2&"-"&$A8,計算用!$K$2:$K$149,0)),"")) | E8: =IF($A8="","",IFERROR(INDEX(計算用!$G$2:$G$149,MATCH(計算用!$U$3&2&"-"&$A8,計算用!$K$2:$K$149,0)),"")) | F8: =IF($A8="","",IFERROR(INDEX(計算用!$D$2:$D$149,MATCH(計算用!$U$3&3&"-"&$A8,計算用!$K$2:$K$149,0)),"")) | G8: =IF($A8="","",IFERROR(INDEX(計算用!$G$2:$G$149,MATCH(計算用!$U$3&3&"-"&$A8,計算用!$K$2:$K$149,0)),"")) | H8: =IF($A8="","",IFERROR(INDEX(計算用!$D$2:$D$149,MATCH(計算用!$U$3&4&"-"&$A8,計算用!$K$2:$K$149,0)),"")) | I8: =IF($A8="","",IFERROR(INDEX(計算用!$G$2:$G$149,MATCH(計算用!$U$3&4&"-"&$A8,計算用!$K$2:$K$149,0)),"")) | K8: =IF(4<=計算用!$U$10,4,"") | L8: =IF($K8="","",IFERROR(INDEX(計算用!$D$2:$D$149,MATCH("女"&1&"-"&$K8,計算用!$K$2:$K$149,0)),"")) | M8: =IF($K8="","",IFERROR(INDEX(計算用!$G$2:$G$149,MATCH("女"&1&"-"&$K8,計算用!$K$2:$K$149,0)),"")) | N8: =IF($K8="","",IFERROR(INDEX(計算用!$D$2:$D$149,MATCH("女"&2&"-"&$K8,計算用!$K$2:$K$149,0)),"")) | O8: =IF($K8="","",IFERROR(INDEX(計算用!$G$2:$G$149,MATCH("女"&2&"-"&$K8,計算用!$K$2:$K$149,0)),"")) | P8: =IF($K8="","",IFERROR(INDEX(計算用!$D$2:$D$149,MATCH("女"&3&"-"&$K8,計算用!$K$2:$K$149,0)),"")) | Q8: =IF($K8="","",IFERROR(INDEX(計算用!$G$2:$G$149,MATCH("女"&3&"-"&$K8,計算用!$K$2:$K$149,0)),"")) | R8: =IF($K8="","",IFERROR(INDEX(計算用!$D$2:$D$149,MATCH("女"&4&"-"&$K8,計算用!$K$2:$K$149,0)),"")) | S8: =IF($K8="","",IFERROR(INDEX(計算用!$G$2:$G$149,MATCH("女"&4&"-"&$K8,計算用!$K$2:$K$149,0)),""))
A9: =IF(5<=計算用!$U$9,5,"") | B9: =IF($A9="","",IFERROR(INDEX(計算用!$D$2:$D$149,MATCH(計算用!$U$3&1&"-"&$A9,計算用!$K$2:$K$149,0)),"")) | C9: =IF($A9="","",IFERROR(INDEX(計算用!$G$2:$G$149,MATCH(計算用!$U$3&1&"-"&$A9,計算用!$K$2:$K$149,0)),"")) | D9: =IF($A9="","",IFERROR(INDEX(計算用!$D$2:$D$149,MATCH(計算用!$U$3&2&"-"&$A9,計算用!$K$2:$K$149,0)),"")) | E9: =IF($A9="","",IFERROR(INDEX(計算用!$G$2:$G$149,MATCH(計算用!$U$3&2&"-"&$A9,計算用!$K$2:$K$149,0)),"")) | F9: =IF($A9="","",IFERROR(INDEX(計算用!$D$2:$D$149,MATCH(計算用!$U$3&3&"-"&$A9,計算用!$K$2:$K$149,0)),"")) | G9: =IF($A9="","",IFERROR(INDEX(計算用!$G$2:$G$149,MATCH(計算用!$U$3&3&"-"&$A9,計算用!$K$2:$K$149,0)),"")) | H9: =IF($A9="","",IFERROR(INDEX(計算用!$D$2:$D$149,MATCH(計算用!$U$3&4&"-"&$A9,計算用!$K$2:$K$149,0)),"")) | I9: =IF($A9="","",IFERROR(INDEX(計算用!$G$2:$G$149,MATCH(計算用!$U$3&4&"-"&$A9,計算用!$K$2:$K$149,0)),"")) | K9: =IF(5<=計算用!$U$10,5,"") | L9: =IF($K9="","",IFERROR(INDEX(計算用!$D$2:$D$149,MATCH("女"&1&"-"&$K9,計算用!$K$2:$K$149,0)),"")) | M9: =IF($K9="","",IFERROR(INDEX(計算用!$G$2:$G$149,MATCH("女"&1&"-"&$K9,計算用!$K$2:$K$149,0)),"")) | N9: =IF($K9="","",IFERROR(INDEX(計算用!$D$2:$D$149,MATCH("女"&2&"-"&$K9,計算用!$K$2:$K$149,0)),"")) | O9: =IF($K9="","",IFERROR(INDEX(計算用!$G$2:$G$149,MATCH("女"&2&"-"&$K9,計算用!$K$2:$K$149,0)),"")) | P9: =IF($K9="","",IFERROR(INDEX(計算用!$D$2:$D$149,MATCH("女"&3&"-"&$K9,計算用!$K$2:$K$149,0)),"")) | Q9: =IF($K9="","",IFERROR(INDEX(計算用!$G$2:$G$149,MATCH("女"&3&"-"&$K9,計算用!$K$2:$K$149,0)),"")) | R9: =IF($K9="","",IFERROR(INDEX(計算用!$D$2:$D$149,MATCH("女"&4&"-"&$K9,計算用!$K$2:$K$149,0)),"")) | S9: =IF($K9="","",IFERROR(INDEX(計算用!$G$2:$G$149,MATCH("女"&4&"-"&$K9,計算用!$K$2:$K$149,0)),""))
A10: =IF(6<=計算用!$U$9,6,"") | B10: =IF($A10="","",IFERROR(INDEX(計算用!$D$2:$D$149,MATCH(計算用!$U$3&1&"-"&$A10,計算用!$K$2:$K$149,0)),"")) | C10: =IF($A10="","",IFERROR(INDEX(計算用!$G$2:$G$149,MATCH(計算用!$U$3&1&"-"&$A10,計算用!$K$2:$K$149,0)),"")) | D10: =IF($A10="","",IFERROR(INDEX(計算用!$D$2:$D$149,MATCH(計算用!$U$3&2&"-"&$A10,計算用!$K$2:$K$149,0)),"")) | E10: =IF($A10="","",IFERROR(INDEX(計算用!$G$2:$G$149,MATCH(計算用!$U$3&2&"-"&$A10,計算用!$K$2:$K$149,0)),"")) | F10: =IF($A10="","",IFERROR(INDEX(計算用!$D$2:$D$149,MATCH(計算用!$U$3&3&"-"&$A10,計算用!$K$2:$K$149,0)),"")) | G10: =IF($A10="","",IFERROR(INDEX(計算用!$G$2:$G$149,MATCH(計算用!$U$3&3&"-"&$A10,計算用!$K$2:$K$149,0)),"")) | H10: =IF($A10="","",IFERROR(INDEX(計算用!$D$2:$D$149,MATCH(計算用!$U$3&4&"-"&$A10,計算用!$K$2:$K$149,0)),"")) | I10: =IF($A10="","",IFERROR(INDEX(計算用!$G$2:$G$149,MATCH(計算用!$U$3&4&"-"&$A10,計算用!$K$2:$K$149,0)),"")) | K10: =IF(6<=計算用!$U$10,6,"") | L10: =IF($K10="","",IFERROR(INDEX(計算用!$D$2:$D$149,MATCH("女"&1&"-"&$K10,計算用!$K$2:$K$149,0)),"")) | M10: =IF($K10="","",IFERROR(INDEX(計算用!$G$2:$G$149,MATCH("女"&1&"-"&$K10,計算用!$K$2:$K$149,0)),"")) | N10: =IF($K10="","",IFERROR(INDEX(計算用!$D$2:$D$149,MATCH("女"&2&"-"&$K10,計算用!$K$2:$K$149,0)),"")) | O10: =IF($K10="","",IFERROR(INDEX(計算用!$G$2:$G$149,MATCH("女"&2&"-"&$K10,計算用!$K$2:$K$149,0)),"")) | P10: =IF($K10="","",IFERROR(INDEX(計算用!$D$2:$D$149,MATCH("女"&3&"-"&$K10,計算用!$K$2:$K$149,0)),"")) | Q10: =IF($K10="","",IFERROR(INDEX(計算用!$G$2:$G$149,MATCH("女"&3&"-"&$K10,計算用!$K$2:$K$149,0)),"")) | R10: =IF($K10="","",IFERROR(INDEX(計算用!$D$2:$D$149,MATCH("女"&4&"-"&$K10,計算用!$K$2:$K$149,0)),"")) | S10: =IF($K10="","",IFERROR(INDEX(計算用!$G$2:$G$149,MATCH("女"&4&"-"&$K10,計算用!$K$2:$K$149,0)),""))
A11: =IF(7<=計算用!$U$9,7,"") | B11: =IF($A11="","",IFERROR(INDEX(計算用!$D$2:$D$149,MATCH(計算用!$U$3&1&"-"&$A11,計算用!$K$2:$K$149,0)),"")) | C11: =IF($A11="","",IFERROR(INDEX(計算用!$G$2:$G$149,MATCH(計算用!$U$3&1&"-"&$A11,計算用!$K$2:$K$149,0)),"")) | D11: =IF($A11="","",IFERROR(INDEX(計算用!$D$2:$D$149,MATCH(計算用!$U$3&2&"-"&$A11,計算用!$K$2:$K$149,0)),"")) | E11: =IF($A11="","",IFERROR(INDEX(計算用!$G$2:$G$149,MATCH(計算用!$U$3&2&"-"&$A11,計算用!$K$2:$K$149,0)),"")) | F11: =IF($A11="","",IFERROR(INDEX(計算用!$D$2:$D$149,MATCH(計算用!$U$3&3&"-"&$A11,計算用!$K$2:$K$149,0)),"")) | G11: =IF($A11="","",IFERROR(INDEX(計算用!$G$2:$G$149,MATCH(計算用!$U$3&3&"-"&$A11,計算用!$K$2:$K$149,0)),"")) | H11: =IF($A11="","",IFERROR(INDEX(計算用!$D$2:$D$149,MATCH(計算用!$U$3&4&"-"&$A11,計算用!$K$2:$K$149,0)),"")) | I11: =IF($A11="","",IFERROR(INDEX(計算用!$G$2:$G$149,MATCH(計算用!$U$3&4&"-"&$A11,計算用!$K$2:$K$149,0)),"")) | K11: =IF(7<=計算用!$U$10,7,"") | L11: =IF($K11="","",IFERROR(INDEX(計算用!$D$2:$D$149,MATCH("女"&1&"-"&$K11,計算用!$K$2:$K$149,0)),"")) | M11: =IF($K11="","",IFERROR(INDEX(計算用!$G$2:$G$149,MATCH("女"&1&"-"&$K11,計算用!$K$2:$K$149,0)),"")) | N11: =IF($K11="","",IFERROR(INDEX(計算用!$D$2:$D$149,MATCH("女"&2&"-"&$K11,計算用!$K$2:$K$149,0)),"")) | O11: =IF($K11="","",IFERROR(INDEX(計算用!$G$2:$G$149,MATCH("女"&2&"-"&$K11,計算用!$K$2:$K$149,0)),"")) | P11: =IF($K11="","",IFERROR(INDEX(計算用!$D$2:$D$149,MATCH("女"&3&"-"&$K11,計算用!$K$2:$K$149,0)),"")) | Q11: =IF($K11="","",IFERROR(INDEX(計算用!$G$2:$G$149,MATCH("女"&3&"-"&$K11,計算用!$K$2:$K$149,0)),"")) | R11: =IF($K11="","",IFERROR(INDEX(計算用!$D$2:$D$149,MATCH("女"&4&"-"&$K11,計算用!$K$2:$K$149,0)),"")) | S11: =IF($K11="","",IFERROR(INDEX(計算用!$G$2:$G$149,MATCH("女"&4&"-"&$K11,計算用!$K$2:$K$149,0)),""))
A12: =IF(8<=計算用!$U$9,8,"") | B12: =IF($A12="","",IFERROR(INDEX(計算用!$D$2:$D$149,MATCH(計算用!$U$3&1&"-"&$A12,計算用!$K$2:$K$149,0)),"")) | C12: =IF($A12="","",IFERROR(INDEX(計算用!$G$2:$G$149,MATCH(計算用!$U$3&1&"-"&$A12,計算用!$K$2:$K$149,0)),"")) | D12: =IF($A12="","",IFERROR(INDEX(計算用!$D$2:$D$149,MATCH(計算用!$U$3&2&"-"&$A12,計算用!$K$2:$K$149,0)),"")) | E12: =IF($A12="","",IFERROR(INDEX(計算用!$G$2:$G$149,MATCH(計算用!$U$3&2&"-"&$A12,計算用!$K$2:$K$149,0)),"")) | F12: =IF($A12="","",IFERROR(INDEX(計算用!$D$2:$D$149,MATCH(計算用!$U$3&3&"-"&$A12,計算用!$K$2:$K$149,0)),"")) | G12: =IF($A12="","",IFERROR(INDEX(計算用!$G$2:$G$149,MATCH(計算用!$U$3&3&"-"&$A12,計算用!$K$2:$K$149,0)),"")) | H12: =IF($A12="","",IFERROR(INDEX(計算用!$D$2:$D$149,MATCH(計算用!$U$3&4&"-"&$A12,計算用!$K$2:$K$149,0)),"")) | I12: =IF($A12="","",IFERROR(INDEX(計算用!$G$2:$G$149,MATCH(計算用!$U$3&4&"-"&$A12,計算用!$K$2:$K$149,0)),"")) | K12: =IF(8<=計算用!$U$10,8,"") | L12: =IF($K12="","",IFERROR(INDEX(計算用!$D$2:$D$149,MATCH("女"&1&"-"&$K12,計算用!$K$2:$K$149,0)),"")) | M12: =IF($K12="","",IFERROR(INDEX(計算用!$G$2:$G$149,MATCH("女"&1&"-"&$K12,計算用!$K$2:$K$149,0)),"")) | N12: =IF($K12="","",IFERROR(INDEX(計算用!$D$2:$D$149,MATCH("女"&2&"-"&$K12,計算用!$K$2:$K$149,0)),"")) | O12: =IF($K12="","",IFERROR(INDEX(計算用!$G$2:$G$149,MATCH("女"&2&"-"&$K12,計算用!$K$2:$K$149,0)),"")) | P12: =IF($K12="","",IFERROR(INDEX(計算用!$D$2:$D$149,MATCH("女"&3&"-"&$K12,計算用!$K$2:$K$149,0)),"")) | Q12: =IF($K12="","",IFERROR(INDEX(計算用!$G$2:$G$149,MATCH("女"&3&"-"&$K12,計算用!$K$2:$K$149,0)),"")) | R12: =IF($K12="","",IFERROR(INDEX(計算用!$D$2:$D$149,MATCH("女"&4&"-"&$K12,計算用!$K$2:$K$149,0)),"")) | S12: =IF($K12="","",IFERROR(INDEX(計算用!$G$2:$G$149,MATCH("女"&4&"-"&$K12,計算用!$K$2:$K$149,0)),""))
A13: =IF(9<=計算用!$U$9,9,"") | B13: =IF($A13="","",IFERROR(INDEX(計算用!$D$2:$D$149,MATCH(計算用!$U$3&1&"-"&$A13,計算用!$K$2:$K$149,0)),"")) | C13: =IF($A13="","",IFERROR(INDEX(計算用!$G$2:$G$149,MATCH(計算用!$U$3&1&"-"&$A13,計算用!$K$2:$K$149,0)),"")) | D13: =IF($A13="","",IFERROR(INDEX(計算用!$D$2:$D$149,MATCH(計算用!$U$3&2&"-"&$A13,計算用!$K$2:$K$149,0)),"")) | E13: =IF($A13="","",IFERROR(INDEX(計算用!$G$2:$G$149,MATCH(計算用!$U$3&2&"-"&$A13,計算用!$K$2:$K$149,0)),"")) | F13: =IF($A13="","",IFERROR(INDEX(計算用!$D$2:$D$149,MATCH(計算用!$U$3&3&"-"&$A13,計算用!$K$2:$K$149,0)),"")) | G13: =IF($A13="","",IFERROR(INDEX(計算用!$G$2:$G$149,MATCH(計算用!$U$3&3&"-"&$A13,計算用!$K$2:$K$149,0)),"")) | H13: =IF($A13="","",IFERROR(INDEX(計算用!$D$2:$D$149,MATCH(計算用!$U$3&4&"-"&$A13,計算用!$K$2:$K$149,0)),"")) | I13: =IF($A13="","",IFERROR(INDEX(計算用!$G$2:$G$149,MATCH(計算用!$U$3&4&"-"&$A13,計算用!$K$2:$K$149,0)),"")) | K13: =IF(9<=計算用!$U$10,9,"") | L13: =IF($K13="","",IFERROR(INDEX(計算用!$D$2:$D$149,MATCH("女"&1&"-"&$K13,計算用!$K$2:$K$149,0)),"")) | M13: =IF($K13="","",IFERROR(INDEX(計算用!$G$2:$G$149,MATCH("女"&1&"-"&$K13,計算用!$K$2:$K$149,0)),"")) | N13: =IF($K13="","",IFERROR(INDEX(計算用!$D$2:$D$149,MATCH("女"&2&"-"&$K13,計算用!$K$2:$K$149,0)),"")) | O13: =IF($K13="","",IFERROR(INDEX(計算用!$G$2:$G$149,MATCH("女"&2&"-"&$K13,計算用!$K$2:$K$149,0)),"")) | P13: =IF($K13="","",IFERROR(INDEX(計算用!$D$2:$D$149,MATCH("女"&3&"-"&$K13,計算用!$K$2:$K$149,0)),"")) | Q13: =IF($K13="","",IFERROR(INDEX(計算用!$G$2:$G$149,MATCH("女"&3&"-"&$K13,計算用!$K$2:$K$149,0)),"")) | R13: =IF($K13="","",IFERROR(INDEX(計算用!$D$2:$D$149,MATCH("女"&4&"-"&$K13,計算用!$K$2:$K$149,0)),"")) | S13: =IF($K13="","",IFERROR(INDEX(計算用!$G$2:$G$149,MATCH("女"&4&"-"&$K13,計算用!$K$2:$K$149,0)),""))
A14: =IF(10<=計算用!$U$9,10,"") | B14: =IF($A14="","",IFERROR(INDEX(計算用!$D$2:$D$149,MATCH(計算用!$U$3&1&"-"&$A14,計算用!$K$2:$K$149,0)),"")) | C14: =IF($A14="","",IFERROR(INDEX(計算用!$G$2:$G$149,MATCH(計算用!$U$3&1&"-"&$A14,計算用!$K$2:$K$149,0)),"")) | D14: =IF($A14="","",IFERROR(INDEX(計算用!$D$2:$D$149,MATCH(計算用!$U$3&2&"-"&$A14,計算用!$K$2:$K$149,0)),"")) | E14: =IF($A14="","",IFERROR(INDEX(計算用!$G$2:$G$149,MATCH(計算用!$U$3&2&"-"&$A14,計算用!$K$2:$K$149,0)),"")) | F14: =IF($A14="","",IFERROR(INDEX(計算用!$D$2:$D$149,MATCH(計算用!$U$3&3&"-"&$A14,計算用!$K$2:$K$149,0)),"")) | G14: =IF($A14="","",IFERROR(INDEX(計算用!$G$2:$G$149,MATCH(計算用!$U$3&3&"-"&$A14,計算用!$K$2:$K$149,0)),"")) | H14: =IF($A14="","",IFERROR(INDEX(計算用!$D$2:$D$149,MATCH(計算用!$U$3&4&"-"&$A14,計算用!$K$2:$K$149,0)),"")) | I14: =IF($A14="","",IFERROR(INDEX(計算用!$G$2:$G$149,MATCH(計算用!$U$3&4&"-"&$A14,計算用!$K$2:$K$149,0)),"")) | K14: =IF(10<=計算用!$U$10,10,"") | L14: =IF($K14="","",IFERROR(INDEX(計算用!$D$2:$D$149,MATCH("女"&1&"-"&$K14,計算用!$K$2:$K$149,0)),"")) | M14: =IF($K14="","",IFERROR(INDEX(計算用!$G$2:$G$149,MATCH("女"&1&"-"&$K14,計算用!$K$2:$K$149,0)),"")) | N14: =IF($K14="","",IFERROR(INDEX(計算用!$D$2:$D$149,MATCH("女"&2&"-"&$K14,計算用!$K$2:$K$149,0)),"")) | O14: =IF($K14="","",IFERROR(INDEX(計算用!$G$2:$G$149,MATCH("女"&2&"-"&$K14,計算用!$K$2:$K$149,0)),"")) | P14: =IF($K14="","",IFERROR(INDEX(計算用!$D$2:$D$149,MATCH("女"&3&"-"&$K14,計算用!$K$2:$K$149,0)),"")) | Q14: =IF($K14="","",IFERROR(INDEX(計算用!$G$2:$G$149,MATCH("女"&3&"-"&$K14,計算用!$K$2:$K$149,0)),"")) | R14: =IF($K14="","",IFERROR(INDEX(計算用!$D$2:$D$149,MATCH("女"&4&"-"&$K14,計算用!$K$2:$K$149,0)),"")) | S14: =IF($K14="","",IFERROR(INDEX(計算用!$G$2:$G$149,MATCH("女"&4&"-"&$K14,計算用!$K$2:$K$149,0)),""))
A15: =IF(11<=計算用!$U$9,11,"") | B15: =IF($A15="","",IFERROR(INDEX(計算用!$D$2:$D$149,MATCH(計算用!$U$3&1&"-"&$A15,計算用!$K$2:$K$149,0)),"")) | C15: =IF($A15="","",IFERROR(INDEX(計算用!$G$2:$G$149,MATCH(計算用!$U$3&1&"-"&$A15,計算用!$K$2:$K$149,0)),"")) | D15: =IF($A15="","",IFERROR(INDEX(計算用!$D$2:$D$149,MATCH(計算用!$U$3&2&"-"&$A15,計算用!$K$2:$K$149,0)),"")) | E15: =IF($A15="","",IFERROR(INDEX(計算用!$G$2:$G$149,MATCH(計算用!$U$3&2&"-"&$A15,計算用!$K$2:$K$149,0)),"")) | F15: =IF($A15="","",IFERROR(INDEX(計算用!$D$2:$D$149,MATCH(計算用!$U$3&3&"-"&$A15,計算用!$K$2:$K$149,0)),"")) | G15: =IF($A15="","",IFERROR(INDEX(計算用!$G$2:$G$149,MATCH(計算用!$U$3&3&"-"&$A15,計算用!$K$2:$K$149,0)),"")) | H15: =IF($A15="","",IFERROR(INDEX(計算用!$D$2:$D$149,MATCH(計算用!$U$3&4&"-"&$A15,計算用!$K$2:$K$149,0)),"")) | I15: =IF($A15="","",IFERROR(INDEX(計算用!$G$2:$G$149,MATCH(計算用!$U$3&4&"-"&$A15,計算用!$K$2:$K$149,0)),"")) | K15: =IF(11<=計算用!$U$10,11,"") | L15: =IF($K15="","",IFERROR(INDEX(計算用!$D$2:$D$149,MATCH("女"&1&"-"&$K15,計算用!$K$2:$K$149,0)),"")) | M15: =IF($K15="","",IFERROR(INDEX(計算用!$G$2:$G$149,MATCH("女"&1&"-"&$K15,計算用!$K$2:$K$149,0)),"")) | N15: =IF($K15="","",IFERROR(INDEX(計算用!$D$2:$D$149,MATCH("女"&2&"-"&$K15,計算用!$K$2:$K$149,0)),"")) | O15: =IF($K15="","",IFERROR(INDEX(計算用!$G$2:$G$149,MATCH("女"&2&"-"&$K15,計算用!$K$2:$K$149,0)),"")) | P15: =IF($K15="","",IFERROR(INDEX(計算用!$D$2:$D$149,MATCH("女"&3&"-"&$K15,計算用!$K$2:$K$149,0)),"")) | Q15: =IF($K15="","",IFERROR(INDEX(計算用!$G$2:$G$149,MATCH("女"&3&"-"&$K15,計算用!$K$2:$K$149,0)),"")) | R15: =IF($K15="","",IFERROR(INDEX(計算用!$D$2:$D$149,MATCH("女"&4&"-"&$K15,計算用!$K$2:$K$149,0)),"")) | S15: =IF($K15="","",IFERROR(INDEX(計算用!$G$2:$G$149,MATCH("女"&4&"-"&$K15,計算用!$K$2:$K$149,0)),""))
A16: =IF(12<=計算用!$U$9,12,"") | B16: =IF($A16="","",IFERROR(INDEX(計算用!$D$2:$D$149,MATCH(計算用!$U$3&1&"-"&$A16,計算用!$K$2:$K$149,0)),"")) | C16: =IF($A16="","",IFERROR(INDEX(計算用!$G$2:$G$149,MATCH(計算用!$U$3&1&"-"&$A16,計算用!$K$2:$K$149,0)),"")) | D16: =IF($A16="","",IFERROR(INDEX(計算用!$D$2:$D$149,MATCH(計算用!$U$3&2&"-"&$A16,計算用!$K$2:$K$149,0)),"")) | E16: =IF($A16="","",IFERROR(INDEX(計算用!$G$2:$G$149,MATCH(計算用!$U$3&2&"-"&$A16,計算用!$K$2:$K$149,0)),"")) | F16: =IF($A16="","",IFERROR(INDEX(計算用!$D$2:$D$149,MATCH(計算用!$U$3&3&"-"&$A16,計算用!$K$2:$K$149,0)),"")) | G16: =IF($A16="","",IFERROR(INDEX(計算用!$G$2:$G$149,MATCH(計算用!$U$3&3&"-"&$A16,計算用!$K$2:$K$149,0)),"")) | H16: =IF($A16="","",IFERROR(INDEX(計算用!$D$2:$D$149,MATCH(計算用!$U$3&4&"-"&$A16,計算用!$K$2:$K$149,0)),"")) | I16: =IF($A16="","",IFERROR(INDEX(計算用!$G$2:$G$149,MATCH(計算用!$U$3&4&"-"&$A16,計算用!$K$2:$K$149,0)),"")) | K16: =IF(12<=計算用!$U$10,12,"") | L16: =IF($K16="","",IFERROR(INDEX(計算用!$D$2:$D$149,MATCH("女"&1&"-"&$K16,計算用!$K$2:$K$149,0)),"")) | M16: =IF($K16="","",IFERROR(INDEX(計算用!$G$2:$G$149,MATCH("女"&1&"-"&$K16,計算用!$K$2:$K$149,0)),"")) | N16: =IF($K16="","",IFERROR(INDEX(計算用!$D$2:$D$149,MATCH("女"&2&"-"&$K16,計算用!$K$2:$K$149,0)),"")) | O16: =IF($K16="","",IFERROR(INDEX(計算用!$G$2:$G$149,MATCH("女"&2&"-"&$K16,計算用!$K$2:$K$149,0)),"")) | P16: =IF($K16="","",IFERROR(INDEX(計算用!$D$2:$D$149,MATCH("女"&3&"-"&$K16,計算用!$K$2:$K$149,0)),"")) | Q16: =IF($K16="","",IFERROR(INDEX(計算用!$G$2:$G$149,MATCH("女"&3&"-"&$K16,計算用!$K$2:$K$149,0)),"")) | R16: =IF($K16="","",IFERROR(INDEX(計算用!$D$2:$D$149,MATCH("女"&4&"-"&$K16,計算用!$K$2:$K$149,0)),"")) | S16: =IF($K16="","",IFERROR(INDEX(計算用!$G$2:$G$149,MATCH("女"&4&"-"&$K16,計算用!$K$2:$K$149,0)),""))
A17: =IF(13<=計算用!$U$9,13,"") | B17: =IF($A17="","",IFERROR(INDEX(計算用!$D$2:$D$149,MATCH(計算用!$U$3&1&"-"&$A17,計算用!$K$2:$K$149,0)),"")) | C17: =IF($A17="","",IFERROR(INDEX(計算用!$G$2:$G$149,MATCH(計算用!$U$3&1&"-"&$A17,計算用!$K$2:$K$149,0)),"")) | D17: =IF($A17="","",IFERROR(INDEX(計算用!$D$2:$D$149,MATCH(計算用!$U$3&2&"-"&$A17,計算用!$K$2:$K$149,0)),"")) | E17: =IF($A17="","",IFERROR(INDEX(計算用!$G$2:$G$149,MATCH(計算用!$U$3&2&"-"&$A17,計算用!$K$2:$K$149,0)),"")) | F17: =IF($A17="","",IFERROR(INDEX(計算用!$D$2:$D$149,MATCH(計算用!$U$3&3&"-"&$A17,計算用!$K$2:$K$149,0)),"")) | G17: =IF($A17="","",IFERROR(INDEX(計算用!$G$2:$G$149,MATCH(計算用!$U$3&3&"-"&$A17,計算用!$K$2:$K$149,0)),"")) | H17: =IF($A17="","",IFERROR(INDEX(計算用!$D$2:$D$149,MATCH(計算用!$U$3&4&"-"&$A17,計算用!$K$2:$K$149,0)),"")) | I17: =IF($A17="","",IFERROR(INDEX(計算用!$G$2:$G$149,MATCH(計算用!$U$3&4&"-"&$A17,計算用!$K$2:$K$149,0)),"")) | K17: =IF(13<=計算用!$U$10,13,"") | L17: =IF($K17="","",IFERROR(INDEX(計算用!$D$2:$D$149,MATCH("女"&1&"-"&$K17,計算用!$K$2:$K$149,0)),"")) | M17: =IF($K17="","",IFERROR(INDEX(計算用!$G$2:$G$149,MATCH("女"&1&"-"&$K17,計算用!$K$2:$K$149,0)),"")) | N17: =IF($K17="","",IFERROR(INDEX(計算用!$D$2:$D$149,MATCH("女"&2&"-"&$K17,計算用!$K$2:$K$149,0)),"")) | O17: =IF($K17="","",IFERROR(INDEX(計算用!$G$2:$G$149,MATCH("女"&2&"-"&$K17,計算用!$K$2:$K$149,0)),"")) | P17: =IF($K17="","",IFERROR(INDEX(計算用!$D$2:$D$149,MATCH("女"&3&"-"&$K17,計算用!$K$2:$K$149,0)),"")) | Q17: =IF($K17="","",IFERROR(INDEX(計算用!$G$2:$G$149,MATCH("女"&3&"-"&$K17,計算用!$K$2:$K$149,0)),"")) | R17: =IF($K17="","",IFERROR(INDEX(計算用!$D$2:$D$149,MATCH("女"&4&"-"&$K17,計算用!$K$2:$K$149,0)),"")) | S17: =IF($K17="","",IFERROR(INDEX(計算用!$G$2:$G$149,MATCH("女"&4&"-"&$K17,計算用!$K$2:$K$149,0)),""))
A18: =IF(14<=計算用!$U$9,14,"") | B18: =IF($A18="","",IFERROR(INDEX(計算用!$D$2:$D$149,MATCH(計算用!$U$3&1&"-"&$A18,計算用!$K$2:$K$149,0)),"")) | C18: =IF($A18="","",IFERROR(INDEX(計算用!$G$2:$G$149,MATCH(計算用!$U$3&1&"-"&$A18,計算用!$K$2:$K$149,0)),"")) | D18: =IF($A18="","",IFERROR(INDEX(計算用!$D$2:$D$149,MATCH(計算用!$U$3&2&"-"&$A18,計算用!$K$2:$K$149,0)),"")) | E18: =IF($A18="","",IFERROR(INDEX(計算用!$G$2:$G$149,MATCH(計算用!$U$3&2&"-"&$A18,計算用!$K$2:$K$149,0)),"")) | F18: =IF($A18="","",IFERROR(INDEX(計算用!$D$2:$D$149,MATCH(計算用!$U$3&3&"-"&$A18,計算用!$K$2:$K$149,0)),"")) | G18: =IF($A18="","",IFERROR(INDEX(計算用!$G$2:$G$149,MATCH(計算用!$U$3&3&"-"&$A18,計算用!$K$2:$K$149,0)),"")) | H18: =IF($A18="","",IFERROR(INDEX(計算用!$D$2:$D$149,MATCH(計算用!$U$3&4&"-"&$A18,計算用!$K$2:$K$149,0)),"")) | I18: =IF($A18="","",IFERROR(INDEX(計算用!$G$2:$G$149,MATCH(計算用!$U$3&4&"-"&$A18,計算用!$K$2:$K$149,0)),"")) | K18: =IF(14<=計算用!$U$10,14,"") | L18: =IF($K18="","",IFERROR(INDEX(計算用!$D$2:$D$149,MATCH("女"&1&"-"&$K18,計算用!$K$2:$K$149,0)),"")) | M18: =IF($K18="","",IFERROR(INDEX(計算用!$G$2:$G$149,MATCH("女"&1&"-"&$K18,計算用!$K$2:$K$149,0)),"")) | N18: =IF($K18="","",IFERROR(INDEX(計算用!$D$2:$D$149,MATCH("女"&2&"-"&$K18,計算用!$K$2:$K$149,0)),"")) | O18: =IF($K18="","",IFERROR(INDEX(計算用!$G$2:$G$149,MATCH("女"&2&"-"&$K18,計算用!$K$2:$K$149,0)),"")) | P18: =IF($K18="","",IFERROR(INDEX(計算用!$D$2:$D$149,MATCH("女"&3&"-"&$K18,計算用!$K$2:$K$149,0)),"")) | Q18: =IF($K18="","",IFERROR(INDEX(計算用!$G$2:$G$149,MATCH("女"&3&"-"&$K18,計算用!$K$2:$K$149,0)),"")) | R18: =IF($K18="","",IFERROR(INDEX(計算用!$D$2:$D$149,MATCH("女"&4&"-"&$K18,計算用!$K$2:$K$149,0)),"")) | S18: =IF($K18="","",IFERROR(INDEX(計算用!$G$2:$G$149,MATCH("女"&4&"-"&$K18,計算用!$K$2:$K$149,0)),""))
A19: =IF(15<=計算用!$U$9,15,"") | B19: =IF($A19="","",IFERROR(INDEX(計算用!$D$2:$D$149,MATCH(計算用!$U$3&1&"-"&$A19,計算用!$K$2:$K$149,0)),"")) | C19: =IF($A19="","",IFERROR(INDEX(計算用!$G$2:$G$149,MATCH(計算用!$U$3&1&"-"&$A19,計算用!$K$2:$K$149,0)),"")) | D19: =IF($A19="","",IFERROR(INDEX(計算用!$D$2:$D$149,MATCH(計算用!$U$3&2&"-"&$A19,計算用!$K$2:$K$149,0)),"")) | E19: =IF($A19="","",IFERROR(INDEX(計算用!$G$2:$G$149,MATCH(計算用!$U$3&2&"-"&$A19,計算用!$K$2:$K$149,0)),"")) | F19: =IF($A19="","",IFERROR(INDEX(計算用!$D$2:$D$149,MATCH(計算用!$U$3&3&"-"&$A19,計算用!$K$2:$K$149,0)),"")) | G19: =IF($A19="","",IFERROR(INDEX(計算用!$G$2:$G$149,MATCH(計算用!$U$3&3&"-"&$A19,計算用!$K$2:$K$149,0)),"")) | H19: =IF($A19="","",IFERROR(INDEX(計算用!$D$2:$D$149,MATCH(計算用!$U$3&4&"-"&$A19,計算用!$K$2:$K$149,0)),"")) | I19: =IF($A19="","",IFERROR(INDEX(計算用!$G$2:$G$149,MATCH(計算用!$U$3&4&"-"&$A19,計算用!$K$2:$K$149,0)),"")) | K19: =IF(15<=計算用!$U$10,15,"") | L19: =IF($K19="","",IFERROR(INDEX(計算用!$D$2:$D$149,MATCH("女"&1&"-"&$K19,計算用!$K$2:$K$149,0)),"")) | M19: =IF($K19="","",IFERROR(INDEX(計算用!$G$2:$G$149,MATCH("女"&1&"-"&$K19,計算用!$K$2:$K$149,0)),"")) | N19: =IF($K19="","",IFERROR(INDEX(計算用!$D$2:$D$149,MATCH("女"&2&"-"&$K19,計算用!$K$2:$K$149,0)),"")) | O19: =IF($K19="","",IFERROR(INDEX(計算用!$G$2:$G$149,MATCH("女"&2&"-"&$K19,計算用!$K$2:$K$149,0)),"")) | P19: =IF($K19="","",IFERROR(INDEX(計算用!$D$2:$D$149,MATCH("女"&3&"-"&$K19,計算用!$K$2:$K$149,0)),"")) | Q19: =IF($K19="","",IFERROR(INDEX(計算用!$G$2:$G$149,MATCH("女"&3&"-"&$K19,計算用!$K$2:$K$149,0)),"")) | R19: =IF($K19="","",IFERROR(INDEX(計算用!$D$2:$D$149,MATCH("女"&4&"-"&$K19,計算用!$K$2:$K$149,0)),"")) | S19: =IF($K19="","",IFERROR(INDEX(計算用!$G$2:$G$149,MATCH("女"&4&"-"&$K19,計算用!$K$2:$K$149,0)),""))
A20: =IF(16<=計算用!$U$9,16,"") | B20: =IF($A20="","",IFERROR(INDEX(計算用!$D$2:$D$149,MATCH(計算用!$U$3&1&"-"&$A20,計算用!$K$2:$K$149,0)),"")) | C20: =IF($A20="","",IFERROR(INDEX(計算用!$G$2:$G$149,MATCH(計算用!$U$3&1&"-"&$A20,計算用!$K$2:$K$149,0)),"")) | D20: =IF($A20="","",IFERROR(INDEX(計算用!$D$2:$D$149,MATCH(計算用!$U$3&2&"-"&$A20,計算用!$K$2:$K$149,0)),"")) | E20: =IF($A20="","",IFERROR(INDEX(計算用!$G$2:$G$149,MATCH(計算用!$U$3&2&"-"&$A20,計算用!$K$2:$K$149,0)),"")) | F20: =IF($A20="","",IFERROR(INDEX(計算用!$D$2:$D$149,MATCH(計算用!$U$3&3&"-"&$A20,計算用!$K$2:$K$149,0)),"")) | G20: =IF($A20="","",IFERROR(INDEX(計算用!$G$2:$G$149,MATCH(計算用!$U$3&3&"-"&$A20,計算用!$K$2:$K$149,0)),"")) | H20: =IF($A20="","",IFERROR(INDEX(計算用!$D$2:$D$149,MATCH(計算用!$U$3&4&"-"&$A20,計算用!$K$2:$K$149,0)),"")) | I20: =IF($A20="","",IFERROR(INDEX(計算用!$G$2:$G$149,MATCH(計算用!$U$3&4&"-"&$A20,計算用!$K$2:$K$149,0)),"")) | K20: =IF(16<=計算用!$U$10,16,"") | L20: =IF($K20="","",IFERROR(INDEX(計算用!$D$2:$D$149,MATCH("女"&1&"-"&$K20,計算用!$K$2:$K$149,0)),"")) | M20: =IF($K20="","",IFERROR(INDEX(計算用!$G$2:$G$149,MATCH("女"&1&"-"&$K20,計算用!$K$2:$K$149,0)),"")) | N20: =IF($K20="","",IFERROR(INDEX(計算用!$D$2:$D$149,MATCH("女"&2&"-"&$K20,計算用!$K$2:$K$149,0)),"")) | O20: =IF($K20="","",IFERROR(INDEX(計算用!$G$2:$G$149,MATCH("女"&2&"-"&$K20,計算用!$K$2:$K$149,0)),"")) | P20: =IF($K20="","",IFERROR(INDEX(計算用!$D$2:$D$149,MATCH("女"&3&"-"&$K20,計算用!$K$2:$K$149,0)),"")) | Q20: =IF($K20="","",IFERROR(INDEX(計算用!$G$2:$G$149,MATCH("女"&3&"-"&$K20,計算用!$K$2:$K$149,0)),"")) | R20: =IF($K20="","",IFERROR(INDEX(計算用!$D$2:$D$149,MATCH("女"&4&"-"&$K20,計算用!$K$2:$K$149,0)),"")) | S20: =IF($K20="","",IFERROR(INDEX(計算用!$G$2:$G$149,MATCH("女"&4&"-"&$K20,計算用!$K$2:$K$149,0)),""))
A21: =IF(17<=計算用!$U$9,17,"") | B21: =IF($A21="","",IFERROR(INDEX(計算用!$D$2:$D$149,MATCH(計算用!$U$3&1&"-"&$A21,計算用!$K$2:$K$149,0)),"")) | C21: =IF($A21="","",IFERROR(INDEX(計算用!$G$2:$G$149,MATCH(計算用!$U$3&1&"-"&$A21,計算用!$K$2:$K$149,0)),"")) | D21: =IF($A21="","",IFERROR(INDEX(計算用!$D$2:$D$149,MATCH(計算用!$U$3&2&"-"&$A21,計算用!$K$2:$K$149,0)),"")) | E21: =IF($A21="","",IFERROR(INDEX(計算用!$G$2:$G$149,MATCH(計算用!$U$3&2&"-"&$A21,計算用!$K$2:$K$149,0)),"")) | F21: =IF($A21="","",IFERROR(INDEX(計算用!$D$2:$D$149,MATCH(計算用!$U$3&3&"-"&$A21,計算用!$K$2:$K$149,0)),"")) | G21: =IF($A21="","",IFERROR(INDEX(計算用!$G$2:$G$149,MATCH(計算用!$U$3&3&"-"&$A21,計算用!$K$2:$K$149,0)),"")) | H21: =IF($A21="","",IFERROR(INDEX(計算用!$D$2:$D$149,MATCH(計算用!$U$3&4&"-"&$A21,計算用!$K$2:$K$149,0)),"")) | I21: =IF($A21="","",IFERROR(INDEX(計算用!$G$2:$G$149,MATCH(計算用!$U$3&4&"-"&$A21,計算用!$K$2:$K$149,0)),"")) | K21: =IF(17<=計算用!$U$10,17,"") | L21: =IF($K21="","",IFERROR(INDEX(計算用!$D$2:$D$149,MATCH("女"&1&"-"&$K21,計算用!$K$2:$K$149,0)),"")) | M21: =IF($K21="","",IFERROR(INDEX(計算用!$G$2:$G$149,MATCH("女"&1&"-"&$K21,計算用!$K$2:$K$149,0)),"")) | N21: =IF($K21="","",IFERROR(INDEX(計算用!$D$2:$D$149,MATCH("女"&2&"-"&$K21,計算用!$K$2:$K$149,0)),"")) | O21: =IF($K21="","",IFERROR(INDEX(計算用!$G$2:$G$149,MATCH("女"&2&"-"&$K21,計算用!$K$2:$K$149,0)),"")) | P21: =IF($K21="","",IFERROR(INDEX(計算用!$D$2:$D$149,MATCH("女"&3&"-"&$K21,計算用!$K$2:$K$149,0)),"")) | Q21: =IF($K21="","",IFERROR(INDEX(計算用!$G$2:$G$149,MATCH("女"&3&"-"&$K21,計算用!$K$2:$K$149,0)),"")) | R21: =IF($K21="","",IFERROR(INDEX(計算用!$D$2:$D$149,MATCH("女"&4&"-"&$K21,計算用!$K$2:$K$149,0)),"")) | S21: =IF($K21="","",IFERROR(INDEX(計算用!$G$2:$G$149,MATCH("女"&4&"-"&$K21,計算用!$K$2:$K$149,0)),""))
A22: =IF(18<=計算用!$U$9,18,"") | B22: =IF($A22="","",IFERROR(INDEX(計算用!$D$2:$D$149,MATCH(計算用!$U$3&1&"-"&$A22,計算用!$K$2:$K$149,0)),"")) | C22: =IF($A22="","",IFERROR(INDEX(計算用!$G$2:$G$149,MATCH(計算用!$U$3&1&"-"&$A22,計算用!$K$2:$K$149,0)),"")) | D22: =IF($A22="","",IFERROR(INDEX(計算用!$D$2:$D$149,MATCH(計算用!$U$3&2&"-"&$A22,計算用!$K$2:$K$149,0)),"")) | E22: =IF($A22="","",IFERROR(INDEX(計算用!$G$2:$G$149,MATCH(計算用!$U$3&2&"-"&$A22,計算用!$K$2:$K$149,0)),"")) | F22: =IF($A22="","",IFERROR(INDEX(計算用!$D$2:$D$149,MATCH(計算用!$U$3&3&"-"&$A22,計算用!$K$2:$K$149,0)),"")) | G22: =IF($A22="","",IFERROR(INDEX(計算用!$G$2:$G$149,MATCH(計算用!$U$3&3&"-"&$A22,計算用!$K$2:$K$149,0)),"")) | H22: =IF($A22="","",IFERROR(INDEX(計算用!$D$2:$D$149,MATCH(計算用!$U$3&4&"-"&$A22,計算用!$K$2:$K$149,0)),"")) | I22: =IF($A22="","",IFERROR(INDEX(計算用!$G$2:$G$149,MATCH(計算用!$U$3&4&"-"&$A22,計算用!$K$2:$K$149,0)),"")) | K22: =IF(18<=計算用!$U$10,18,"") | L22: =IF($K22="","",IFERROR(INDEX(計算用!$D$2:$D$149,MATCH("女"&1&"-"&$K22,計算用!$K$2:$K$149,0)),"")) | M22: =IF($K22="","",IFERROR(INDEX(計算用!$G$2:$G$149,MATCH("女"&1&"-"&$K22,計算用!$K$2:$K$149,0)),"")) | N22: =IF($K22="","",IFERROR(INDEX(計算用!$D$2:$D$149,MATCH("女"&2&"-"&$K22,計算用!$K$2:$K$149,0)),"")) | O22: =IF($K22="","",IFERROR(INDEX(計算用!$G$2:$G$149,MATCH("女"&2&"-"&$K22,計算用!$K$2:$K$149,0)),"")) | P22: =IF($K22="","",IFERROR(INDEX(計算用!$D$2:$D$149,MATCH("女"&3&"-"&$K22,計算用!$K$2:$K$149,0)),"")) | Q22: =IF($K22="","",IFERROR(INDEX(計算用!$G$2:$G$149,MATCH("女"&3&"-"&$K22,計算用!$K$2:$K$149,0)),"")) | R22: =IF($K22="","",IFERROR(INDEX(計算用!$D$2:$D$149,MATCH("女"&4&"-"&$K22,計算用!$K$2:$K$149,0)),"")) | S22: =IF($K22="","",IFERROR(INDEX(計算用!$G$2:$G$149,MATCH("女"&4&"-"&$K22,計算用!$K$2:$K$149,0)),""))
A23: =IF(19<=計算用!$U$9,19,"") | B23: =IF($A23="","",IFERROR(INDEX(計算用!$D$2:$D$149,MATCH(計算用!$U$3&1&"-"&$A23,計算用!$K$2:$K$149,0)),"")) | C23: =IF($A23="","",IFERROR(INDEX(計算用!$G$2:$G$149,MATCH(計算用!$U$3&1&"-"&$A23,計算用!$K$2:$K$149,0)),"")) | D23: =IF($A23="","",IFERROR(INDEX(計算用!$D$2:$D$149,MATCH(計算用!$U$3&2&"-"&$A23,計算用!$K$2:$K$149,0)),"")) | E23: =IF($A23="","",IFERROR(INDEX(計算用!$G$2:$G$149,MATCH(計算用!$U$3&2&"-"&$A23,計算用!$K$2:$K$149,0)),"")) | F23: =IF($A23="","",IFERROR(INDEX(計算用!$D$2:$D$149,MATCH(計算用!$U$3&3&"-"&$A23,計算用!$K$2:$K$149,0)),"")) | G23: =IF($A23="","",IFERROR(INDEX(計算用!$G$2:$G$149,MATCH(計算用!$U$3&3&"-"&$A23,計算用!$K$2:$K$149,0)),"")) | H23: =IF($A23="","",IFERROR(INDEX(計算用!$D$2:$D$149,MATCH(計算用!$U$3&4&"-"&$A23,計算用!$K$2:$K$149,0)),"")) | I23: =IF($A23="","",IFERROR(INDEX(計算用!$G$2:$G$149,MATCH(計算用!$U$3&4&"-"&$A23,計算用!$K$2:$K$149,0)),"")) | K23: =IF(19<=計算用!$U$10,19,"") | L23: =IF($K23="","",IFERROR(INDEX(計算用!$D$2:$D$149,MATCH("女"&1&"-"&$K23,計算用!$K$2:$K$149,0)),"")) | M23: =IF($K23="","",IFERROR(INDEX(計算用!$G$2:$G$149,MATCH("女"&1&"-"&$K23,計算用!$K$2:$K$149,0)),"")) | N23: =IF($K23="","",IFERROR(INDEX(計算用!$D$2:$D$149,MATCH("女"&2&"-"&$K23,計算用!$K$2:$K$149,0)),"")) | O23: =IF($K23="","",IFERROR(INDEX(計算用!$G$2:$G$149,MATCH("女"&2&"-"&$K23,計算用!$K$2:$K$149,0)),"")) | P23: =IF($K23="","",IFERROR(INDEX(計算用!$D$2:$D$149,MATCH("女"&3&"-"&$K23,計算用!$K$2:$K$149,0)),"")) | Q23: =IF($K23="","",IFERROR(INDEX(計算用!$G$2:$G$149,MATCH("女"&3&"-"&$K23,計算用!$K$2:$K$149,0)),"")) | R23: =IF($K23="","",IFERROR(INDEX(計算用!$D$2:$D$149,MATCH("女"&4&"-"&$K23,計算用!$K$2:$K$149,0)),"")) | S23: =IF($K23="","",IFERROR(INDEX(計算用!$G$2:$G$149,MATCH("女"&4&"-"&$K23,計算用!$K$2:$K$149,0)),""))
A24: =IF(20<=計算用!$U$9,20,"") | B24: =IF($A24="","",IFERROR(INDEX(計算用!$D$2:$D$149,MATCH(計算用!$U$3&1&"-"&$A24,計算用!$K$2:$K$149,0)),"")) | C24: =IF($A24="","",IFERROR(INDEX(計算用!$G$2:$G$149,MATCH(計算用!$U$3&1&"-"&$A24,計算用!$K$2:$K$149,0)),"")) | D24: =IF($A24="","",IFERROR(INDEX(計算用!$D$2:$D$149,MATCH(計算用!$U$3&2&"-"&$A24,計算用!$K$2:$K$149,0)),"")) | E24: =IF($A24="","",IFERROR(INDEX(計算用!$G$2:$G$149,MATCH(計算用!$U$3&2&"-"&$A24,計算用!$K$2:$K$149,0)),"")) | F24: =IF($A24="","",IFERROR(INDEX(計算用!$D$2:$D$149,MATCH(計算用!$U$3&3&"-"&$A24,計算用!$K$2:$K$149,0)),"")) | G24: =IF($A24="","",IFERROR(INDEX(計算用!$G$2:$G$149,MATCH(計算用!$U$3&3&"-"&$A24,計算用!$K$2:$K$149,0)),"")) | H24: =IF($A24="","",IFERROR(INDEX(計算用!$D$2:$D$149,MATCH(計算用!$U$3&4&"-"&$A24,計算用!$K$2:$K$149,0)),"")) | I24: =IF($A24="","",IFERROR(INDEX(計算用!$G$2:$G$149,MATCH(計算用!$U$3&4&"-"&$A24,計算用!$K$2:$K$149,0)),"")) | K24: =IF(20<=計算用!$U$10,20,"") | L24: =IF($K24="","",IFERROR(INDEX(計算用!$D$2:$D$149,MATCH("女"&1&"-"&$K24,計算用!$K$2:$K$149,0)),"")) | M24: =IF($K24="","",IFERROR(INDEX(計算用!$G$2:$G$149,MATCH("女"&1&"-"&$K24,計算用!$K$2:$K$149,0)),"")) | N24: =IF($K24="","",IFERROR(INDEX(計算用!$D$2:$D$149,MATCH("女"&2&"-"&$K24,計算用!$K$2:$K$149,0)),"")) | O24: =IF($K24="","",IFERROR(INDEX(計算用!$G$2:$G$149,MATCH("女"&2&"-"&$K24,計算用!$K$2:$K$149,0)),"")) | P24: =IF($K24="","",IFERROR(INDEX(計算用!$D$2:$D$149,MATCH("女"&3&"-"&$K24,計算用!$K$2:$K$149,0)),"")) | Q24: =IF($K24="","",IFERROR(INDEX(計算用!$G$2:$G$149,MATCH("女"&3&"-"&$K24,計算用!$K$2:$K$149,0)),"")) | R24: =IF($K24="","",IFERROR(INDEX(計算用!$D$2:$D$149,MATCH("女"&4&"-"&$K24,計算用!$K$2:$K$149,0)),"")) | S24: =IF($K24="","",IFERROR(INDEX(計算用!$G$2:$G$149,MATCH("女"&4&"-"&$K24,計算用!$K$2:$K$149,0)),""))
A25: =IF(21<=計算用!$U$9,21,"") | B25: =IF($A25="","",IFERROR(INDEX(計算用!$D$2:$D$149,MATCH(計算用!$U$3&1&"-"&$A25,計算用!$K$2:$K$149,0)),"")) | C25: =IF($A25="","",IFERROR(INDEX(計算用!$G$2:$G$149,MATCH(計算用!$U$3&1&"-"&$A25,計算用!$K$2:$K$149,0)),"")) | D25: =IF($A25="","",IFERROR(INDEX(計算用!$D$2:$D$149,MATCH(計算用!$U$3&2&"-"&$A25,計算用!$K$2:$K$149,0)),"")) | E25: =IF($A25="","",IFERROR(INDEX(計算用!$G$2:$G$149,MATCH(計算用!$U$3&2&"-"&$A25,計算用!$K$2:$K$149,0)),"")) | F25: =IF($A25="","",IFERROR(INDEX(計算用!$D$2:$D$149,MATCH(計算用!$U$3&3&"-"&$A25,計算用!$K$2:$K$149,0)),"")) | G25: =IF($A25="","",IFERROR(INDEX(計算用!$G$2:$G$149,MATCH(計算用!$U$3&3&"-"&$A25,計算用!$K$2:$K$149,0)),"")) | H25: =IF($A25="","",IFERROR(INDEX(計算用!$D$2:$D$149,MATCH(計算用!$U$3&4&"-"&$A25,計算用!$K$2:$K$149,0)),"")) | I25: =IF($A25="","",IFERROR(INDEX(計算用!$G$2:$G$149,MATCH(計算用!$U$3&4&"-"&$A25,計算用!$K$2:$K$149,0)),"")) | K25: =IF(21<=計算用!$U$10,21,"") | L25: =IF($K25="","",IFERROR(INDEX(計算用!$D$2:$D$149,MATCH("女"&1&"-"&$K25,計算用!$K$2:$K$149,0)),"")) | M25: =IF($K25="","",IFERROR(INDEX(計算用!$G$2:$G$149,MATCH("女"&1&"-"&$K25,計算用!$K$2:$K$149,0)),"")) | N25: =IF($K25="","",IFERROR(INDEX(計算用!$D$2:$D$149,MATCH("女"&2&"-"&$K25,計算用!$K$2:$K$149,0)),"")) | O25: =IF($K25="","",IFERROR(INDEX(計算用!$G$2:$G$149,MATCH("女"&2&"-"&$K25,計算用!$K$2:$K$149,0)),"")) | P25: =IF($K25="","",IFERROR(INDEX(計算用!$D$2:$D$149,MATCH("女"&3&"-"&$K25,計算用!$K$2:$K$149,0)),"")) | Q25: =IF($K25="","",IFERROR(INDEX(計算用!$G$2:$G$149,MATCH("女"&3&"-"&$K25,計算用!$K$2:$K$149,0)),"")) | R25: =IF($K25="","",IFERROR(INDEX(計算用!$D$2:$D$149,MATCH("女"&4&"-"&$K25,計算用!$K$2:$K$149,0)),"")) | S25: =IF($K25="","",IFERROR(INDEX(計算用!$G$2:$G$149,MATCH("女"&4&"-"&$K25,計算用!$K$2:$K$149,0)),""))
A26: =IF(22<=計算用!$U$9,22,"") | B26: =IF($A26="","",IFERROR(INDEX(計算用!$D$2:$D$149,MATCH(計算用!$U$3&1&"-"&$A26,計算用!$K$2:$K$149,0)),"")) | C26: =IF($A26="","",IFERROR(INDEX(計算用!$G$2:$G$149,MATCH(計算用!$U$3&1&"-"&$A26,計算用!$K$2:$K$149,0)),"")) | D26: =IF($A26="","",IFERROR(INDEX(計算用!$D$2:$D$149,MATCH(計算用!$U$3&2&"-"&$A26,計算用!$K$2:$K$149,0)),"")) | E26: =IF($A26="","",IFERROR(INDEX(計算用!$G$2:$G$149,MATCH(計算用!$U$3&2&"-"&$A26,計算用!$K$2:$K$149,0)),"")) | F26: =IF($A26="","",IFERROR(INDEX(計算用!$D$2:$D$149,MATCH(計算用!$U$3&3&"-"&$A26,計算用!$K$2:$K$149,0)),"")) | G26: =IF($A26="","",IFERROR(INDEX(計算用!$G$2:$G$149,MATCH(計算用!$U$3&3&"-"&$A26,計算用!$K$2:$K$149,0)),"")) | H26: =IF($A26="","",IFERROR(INDEX(計算用!$D$2:$D$149,MATCH(計算用!$U$3&4&"-"&$A26,計算用!$K$2:$K$149,0)),"")) | I26: =IF($A26="","",IFERROR(INDEX(計算用!$G$2:$G$149,MATCH(計算用!$U$3&4&"-"&$A26,計算用!$K$2:$K$149,0)),"")) | K26: =IF(22<=計算用!$U$10,22,"") | L26: =IF($K26="","",IFERROR(INDEX(計算用!$D$2:$D$149,MATCH("女"&1&"-"&$K26,計算用!$K$2:$K$149,0)),"")) | M26: =IF($K26="","",IFERROR(INDEX(計算用!$G$2:$G$149,MATCH("女"&1&"-"&$K26,計算用!$K$2:$K$149,0)),"")) | N26: =IF($K26="","",IFERROR(INDEX(計算用!$D$2:$D$149,MATCH("女"&2&"-"&$K26,計算用!$K$2:$K$149,0)),"")) | O26: =IF($K26="","",IFERROR(INDEX(計算用!$G$2:$G$149,MATCH("女"&2&"-"&$K26,計算用!$K$2:$K$149,0)),"")) | P26: =IF($K26="","",IFERROR(INDEX(計算用!$D$2:$D$149,MATCH("女"&3&"-"&$K26,計算用!$K$2:$K$149,0)),"")) | Q26: =IF($K26="","",IFERROR(INDEX(計算用!$G$2:$G$149,MATCH("女"&3&"-"&$K26,計算用!$K$2:$K$149,0)),"")) | R26: =IF($K26="","",IFERROR(INDEX(計算用!$D$2:$D$149,MATCH("女"&4&"-"&$K26,計算用!$K$2:$K$149,0)),"")) | S26: =IF($K26="","",IFERROR(INDEX(計算用!$G$2:$G$149,MATCH("女"&4&"-"&$K26,計算用!$K$2:$K$149,0)),""))
A27: =IF(23<=計算用!$U$9,23,"") | B27: =IF($A27="","",IFERROR(INDEX(計算用!$D$2:$D$149,MATCH(計算用!$U$3&1&"-"&$A27,計算用!$K$2:$K$149,0)),"")) | C27: =IF($A27="","",IFERROR(INDEX(計算用!$G$2:$G$149,MATCH(計算用!$U$3&1&"-"&$A27,計算用!$K$2:$K$149,0)),"")) | D27: =IF($A27="","",IFERROR(INDEX(計算用!$D$2:$D$149,MATCH(計算用!$U$3&2&"-"&$A27,計算用!$K$2:$K$149,0)),"")) | E27: =IF($A27="","",IFERROR(INDEX(計算用!$G$2:$G$149,MATCH(計算用!$U$3&2&"-"&$A27,計算用!$K$2:$K$149,0)),"")) | F27: =IF($A27="","",IFERROR(INDEX(計算用!$D$2:$D$149,MATCH(計算用!$U$3&3&"-"&$A27,計算用!$K$2:$K$149,0)),"")) | G27: =IF($A27="","",IFERROR(INDEX(計算用!$G$2:$G$149,MATCH(計算用!$U$3&3&"-"&$A27,計算用!$K$2:$K$149,0)),"")) | H27: =IF($A27="","",IFERROR(INDEX(計算用!$D$2:$D$149,MATCH(計算用!$U$3&4&"-"&$A27,計算用!$K$2:$K$149,0)),"")) | I27: =IF($A27="","",IFERROR(INDEX(計算用!$G$2:$G$149,MATCH(計算用!$U$3&4&"-"&$A27,計算用!$K$2:$K$149,0)),"")) | K27: =IF(23<=計算用!$U$10,23,"") | L27: =IF($K27="","",IFERROR(INDEX(計算用!$D$2:$D$149,MATCH("女"&1&"-"&$K27,計算用!$K$2:$K$149,0)),"")) | M27: =IF($K27="","",IFERROR(INDEX(計算用!$G$2:$G$149,MATCH("女"&1&"-"&$K27,計算用!$K$2:$K$149,0)),"")) | N27: =IF($K27="","",IFERROR(INDEX(計算用!$D$2:$D$149,MATCH("女"&2&"-"&$K27,計算用!$K$2:$K$149,0)),"")) | O27: =IF($K27="","",IFERROR(INDEX(計算用!$G$2:$G$149,MATCH("女"&2&"-"&$K27,計算用!$K$2:$K$149,0)),"")) | P27: =IF($K27="","",IFERROR(INDEX(計算用!$D$2:$D$149,MATCH("女"&3&"-"&$K27,計算用!$K$2:$K$149,0)),"")) | Q27: =IF($K27="","",IFERROR(INDEX(計算用!$G$2:$G$149,MATCH("女"&3&"-"&$K27,計算用!$K$2:$K$149,0)),"")) | R27: =IF($K27="","",IFERROR(INDEX(計算用!$D$2:$D$149,MATCH("女"&4&"-"&$K27,計算用!$K$2:$K$149,0)),"")) | S27: =IF($K27="","",IFERROR(INDEX(計算用!$G$2:$G$149,MATCH("女"&4&"-"&$K27,計算用!$K$2:$K$149,0)),""))
A28: =IF(24<=計算用!$U$9,24,"") | B28: =IF($A28="","",IFERROR(INDEX(計算用!$D$2:$D$149,MATCH(計算用!$U$3&1&"-"&$A28,計算用!$K$2:$K$149,0)),"")) | C28: =IF($A28="","",IFERROR(INDEX(計算用!$G$2:$G$149,MATCH(計算用!$U$3&1&"-"&$A28,計算用!$K$2:$K$149,0)),"")) | D28: =IF($A28="","",IFERROR(INDEX(計算用!$D$2:$D$149,MATCH(計算用!$U$3&2&"-"&$A28,計算用!$K$2:$K$149,0)),"")) | E28: =IF($A28="","",IFERROR(INDEX(計算用!$G$2:$G$149,MATCH(計算用!$U$3&2&"-"&$A28,計算用!$K$2:$K$149,0)),"")) | F28: =IF($A28="","",IFERROR(INDEX(計算用!$D$2:$D$149,MATCH(計算用!$U$3&3&"-"&$A28,計算用!$K$2:$K$149,0)),"")) | G28: =IF($A28="","",IFERROR(INDEX(計算用!$G$2:$G$149,MATCH(計算用!$U$3&3&"-"&$A28,計算用!$K$2:$K$149,0)),"")) | H28: =IF($A28="","",IFERROR(INDEX(計算用!$D$2:$D$149,MATCH(計算用!$U$3&4&"-"&$A28,計算用!$K$2:$K$149,0)),"")) | I28: =IF($A28="","",IFERROR(INDEX(計算用!$G$2:$G$149,MATCH(計算用!$U$3&4&"-"&$A28,計算用!$K$2:$K$149,0)),"")) | K28: =IF(24<=計算用!$U$10,24,"") | L28: =IF($K28="","",IFERROR(INDEX(計算用!$D$2:$D$149,MATCH("女"&1&"-"&$K28,計算用!$K$2:$K$149,0)),"")) | M28: =IF($K28="","",IFERROR(INDEX(計算用!$G$2:$G$149,MATCH("女"&1&"-"&$K28,計算用!$K$2:$K$149,0)),"")) | N28: =IF($K28="","",IFERROR(INDEX(計算用!$D$2:$D$149,MATCH("女"&2&"-"&$K28,計算用!$K$2:$K$149,0)),"")) | O28: =IF($K28="","",IFERROR(INDEX(計算用!$G$2:$G$149,MATCH("女"&2&"-"&$K28,計算用!$K$2:$K$149,0)),"")) | P28: =IF($K28="","",IFERROR(INDEX(計算用!$D$2:$D$149,MATCH("女"&3&"-"&$K28,計算用!$K$2:$K$149,0)),"")) | Q28: =IF($K28="","",IFERROR(INDEX(計算用!$G$2:$G$149,MATCH("女"&3&"-"&$K28,計算用!$K$2:$K$149,0)),"")) | R28: =IF($K28="","",IFERROR(INDEX(計算用!$D$2:$D$149,MATCH("女"&4&"-"&$K28,計算用!$K$2:$K$149,0)),"")) | S28: =IF($K28="","",IFERROR(INDEX(計算用!$G$2:$G$149,MATCH("女"&4&"-"&$K28,計算用!$K$2:$K$149,0)),""))
A29: =IF(25<=計算用!$U$9,25,"") | B29: =IF($A29="","",IFERROR(INDEX(計算用!$D$2:$D$149,MATCH(計算用!$U$3&1&"-"&$A29,計算用!$K$2:$K$149,0)),"")) | C29: =IF($A29="","",IFERROR(INDEX(計算用!$G$2:$G$149,MATCH(計算用!$U$3&1&"-"&$A29,計算用!$K$2:$K$149,0)),"")) | D29: =IF($A29="","",IFERROR(INDEX(計算用!$D$2:$D$149,MATCH(計算用!$U$3&2&"-"&$A29,計算用!$K$2:$K$149,0)),"")) | E29: =IF($A29="","",IFERROR(INDEX(計算用!$G$2:$G$149,MATCH(計算用!$U$3&2&"-"&$A29,計算用!$K$2:$K$149,0)),"")) | F29: =IF($A29="","",IFERROR(INDEX(計算用!$D$2:$D$149,MATCH(計算用!$U$3&3&"-"&$A29,計算用!$K$2:$K$149,0)),"")) | G29: =IF($A29="","",IFERROR(INDEX(計算用!$G$2:$G$149,MATCH(計算用!$U$3&3&"-"&$A29,計算用!$K$2:$K$149,0)),"")) | H29: =IF($A29="","",IFERROR(INDEX(計算用!$D$2:$D$149,MATCH(計算用!$U$3&4&"-"&$A29,計算用!$K$2:$K$149,0)),"")) | I29: =IF($A29="","",IFERROR(INDEX(計算用!$G$2:$G$149,MATCH(計算用!$U$3&4&"-"&$A29,計算用!$K$2:$K$149,0)),"")) | K29: =IF(25<=計算用!$U$10,25,"") | L29: =IF($K29="","",IFERROR(INDEX(計算用!$D$2:$D$149,MATCH("女"&1&"-"&$K29,計算用!$K$2:$K$149,0)),"")) | M29: =IF($K29="","",IFERROR(INDEX(計算用!$G$2:$G$149,MATCH("女"&1&"-"&$K29,計算用!$K$2:$K$149,0)),"")) | N29: =IF($K29="","",IFERROR(INDEX(計算用!$D$2:$D$149,MATCH("女"&2&"-"&$K29,計算用!$K$2:$K$149,0)),"")) | O29: =IF($K29="","",IFERROR(INDEX(計算用!$G$2:$G$149,MATCH("女"&2&"-"&$K29,計算用!$K$2:$K$149,0)),"")) | P29: =IF($K29="","",IFERROR(INDEX(計算用!$D$2:$D$149,MATCH("女"&3&"-"&$K29,計算用!$K$2:$K$149,0)),"")) | Q29: =IF($K29="","",IFERROR(INDEX(計算用!$G$2:$G$149,MATCH("女"&3&"-"&$K29,計算用!$K$2:$K$149,0)),"")) | R29: =IF($K29="","",IFERROR(INDEX(計算用!$D$2:$D$149,MATCH("女"&4&"-"&$K29,計算用!$K$2:$K$149,0)),"")) | S29: =IF($K29="","",IFERROR(INDEX(計算用!$G$2:$G$149,MATCH("女"&4&"-"&$K29,計算用!$K$2:$K$149,0)),""))
A30: =IF(26<=計算用!$U$9,26,"") | B30: =IF($A30="","",IFERROR(INDEX(計算用!$D$2:$D$149,MATCH(計算用!$U$3&1&"-"&$A30,計算用!$K$2:$K$149,0)),"")) | C30: =IF($A30="","",IFERROR(INDEX(計算用!$G$2:$G$149,MATCH(計算用!$U$3&1&"-"&$A30,計算用!$K$2:$K$149,0)),"")) | D30: =IF($A30="","",IFERROR(INDEX(計算用!$D$2:$D$149,MATCH(計算用!$U$3&2&"-"&$A30,計算用!$K$2:$K$149,0)),"")) | E30: =IF($A30="","",IFERROR(INDEX(計算用!$G$2:$G$149,MATCH(計算用!$U$3&2&"-"&$A30,計算用!$K$2:$K$149,0)),"")) | F30: =IF($A30="","",IFERROR(INDEX(計算用!$D$2:$D$149,MATCH(計算用!$U$3&3&"-"&$A30,計算用!$K$2:$K$149,0)),"")) | G30: =IF($A30="","",IFERROR(INDEX(計算用!$G$2:$G$149,MATCH(計算用!$U$3&3&"-"&$A30,計算用!$K$2:$K$149,0)),"")) | H30: =IF($A30="","",IFERROR(INDEX(計算用!$D$2:$D$149,MATCH(計算用!$U$3&4&"-"&$A30,計算用!$K$2:$K$149,0)),"")) | I30: =IF($A30="","",IFERROR(INDEX(計算用!$G$2:$G$149,MATCH(計算用!$U$3&4&"-"&$A30,計算用!$K$2:$K$149,0)),"")) | K30: =IF(26<=計算用!$U$10,26,"") | L30: =IF($K30="","",IFERROR(INDEX(計算用!$D$2:$D$149,MATCH("女"&1&"-"&$K30,計算用!$K$2:$K$149,0)),"")) | M30: =IF($K30="","",IFERROR(INDEX(計算用!$G$2:$G$149,MATCH("女"&1&"-"&$K30,計算用!$K$2:$K$149,0)),"")) | N30: =IF($K30="","",IFERROR(INDEX(計算用!$D$2:$D$149,MATCH("女"&2&"-"&$K30,計算用!$K$2:$K$149,0)),"")) | O30: =IF($K30="","",IFERROR(INDEX(計算用!$G$2:$G$149,MATCH("女"&2&"-"&$K30,計算用!$K$2:$K$149,0)),"")) | P30: =IF($K30="","",IFERROR(INDEX(計算用!$D$2:$D$149,MATCH("女"&3&"-"&$K30,計算用!$K$2:$K$149,0)),"")) | Q30: =IF($K30="","",IFERROR(INDEX(計算用!$G$2:$G$149,MATCH("女"&3&"-"&$K30,計算用!$K$2:$K$149,0)),"")) | R30: =IF($K30="","",IFERROR(INDEX(計算用!$D$2:$D$149,MATCH("女"&4&"-"&$K30,計算用!$K$2:$K$149,0)),"")) | S30: =IF($K30="","",IFERROR(INDEX(計算用!$G$2:$G$149,MATCH("女"&4&"-"&$K30,計算用!$K$2:$K$149,0)),""))
A31: =IF(27<=計算用!$U$9,27,"") | B31: =IF($A31="","",IFERROR(INDEX(計算用!$D$2:$D$149,MATCH(計算用!$U$3&1&"-"&$A31,計算用!$K$2:$K$149,0)),"")) | C31: =IF($A31="","",IFERROR(INDEX(計算用!$G$2:$G$149,MATCH(計算用!$U$3&1&"-"&$A31,計算用!$K$2:$K$149,0)),"")) | D31: =IF($A31="","",IFERROR(INDEX(計算用!$D$2:$D$149,MATCH(計算用!$U$3&2&"-"&$A31,計算用!$K$2:$K$149,0)),"")) | E31: =IF($A31="","",IFERROR(INDEX(計算用!$G$2:$G$149,MATCH(計算用!$U$3&2&"-"&$A31,計算用!$K$2:$K$149,0)),"")) | F31: =IF($A31="","",IFERROR(INDEX(計算用!$D$2:$D$149,MATCH(計算用!$U$3&3&"-"&$A31,計算用!$K$2:$K$149,0)),"")) | G31: =IF($A31="","",IFERROR(INDEX(計算用!$G$2:$G$149,MATCH(計算用!$U$3&3&"-"&$A31,計算用!$K$2:$K$149,0)),"")) | H31: =IF($A31="","",IFERROR(INDEX(計算用!$D$2:$D$149,MATCH(計算用!$U$3&4&"-"&$A31,計算用!$K$2:$K$149,0)),"")) | I31: =IF($A31="","",IFERROR(INDEX(計算用!$G$2:$G$149,MATCH(計算用!$U$3&4&"-"&$A31,計算用!$K$2:$K$149,0)),"")) | K31: =IF(27<=計算用!$U$10,27,"") | L31: =IF($K31="","",IFERROR(INDEX(計算用!$D$2:$D$149,MATCH("女"&1&"-"&$K31,計算用!$K$2:$K$149,0)),"")) | M31: =IF($K31="","",IFERROR(INDEX(計算用!$G$2:$G$149,MATCH("女"&1&"-"&$K31,計算用!$K$2:$K$149,0)),"")) | N31: =IF($K31="","",IFERROR(INDEX(計算用!$D$2:$D$149,MATCH("女"&2&"-"&$K31,計算用!$K$2:$K$149,0)),"")) | O31: =IF($K31="","",IFERROR(INDEX(計算用!$G$2:$G$149,MATCH("女"&2&"-"&$K31,計算用!$K$2:$K$149,0)),"")) | P31: =IF($K31="","",IFERROR(INDEX(計算用!$D$2:$D$149,MATCH("女"&3&"-"&$K31,計算用!$K$2:$K$149,0)),"")) | Q31: =IF($K31="","",IFERROR(INDEX(計算用!$G$2:$G$149,MATCH("女"&3&"-"&$K31,計算用!$K$2:$K$149,0)),"")) | R31: =IF($K31="","",IFERROR(INDEX(計算用!$D$2:$D$149,MATCH("女"&4&"-"&$K31,計算用!$K$2:$K$149,0)),"")) | S31: =IF($K31="","",IFERROR(INDEX(計算用!$G$2:$G$149,MATCH("女"&4&"-"&$K31,計算用!$K$2:$K$149,0)),""))
A32: =IF(28<=計算用!$U$9,28,"") | B32: =IF($A32="","",IFERROR(INDEX(計算用!$D$2:$D$149,MATCH(計算用!$U$3&1&"-"&$A32,計算用!$K$2:$K$149,0)),"")) | C32: =IF($A32="","",IFERROR(INDEX(計算用!$G$2:$G$149,MATCH(計算用!$U$3&1&"-"&$A32,計算用!$K$2:$K$149,0)),"")) | D32: =IF($A32="","",IFERROR(INDEX(計算用!$D$2:$D$149,MATCH(計算用!$U$3&2&"-"&$A32,計算用!$K$2:$K$149,0)),"")) | E32: =IF($A32="","",IFERROR(INDEX(計算用!$G$2:$G$149,MATCH(計算用!$U$3&2&"-"&$A32,計算用!$K$2:$K$149,0)),"")) | F32: =IF($A32="","",IFERROR(INDEX(計算用!$D$2:$D$149,MATCH(計算用!$U$3&3&"-"&$A32,計算用!$K$2:$K$149,0)),"")) | G32: =IF($A32="","",IFERROR(INDEX(計算用!$G$2:$G$149,MATCH(計算用!$U$3&3&"-"&$A32,計算用!$K$2:$K$149,0)),"")) | H32: =IF($A32="","",IFERROR(INDEX(計算用!$D$2:$D$149,MATCH(計算用!$U$3&4&"-"&$A32,計算用!$K$2:$K$149,0)),"")) | I32: =IF($A32="","",IFERROR(INDEX(計算用!$G$2:$G$149,MATCH(計算用!$U$3&4&"-"&$A32,計算用!$K$2:$K$149,0)),"")) | K32: =IF(28<=計算用!$U$10,28,"") | L32: =IF($K32="","",IFERROR(INDEX(計算用!$D$2:$D$149,MATCH("女"&1&"-"&$K32,計算用!$K$2:$K$149,0)),"")) | M32: =IF($K32="","",IFERROR(INDEX(計算用!$G$2:$G$149,MATCH("女"&1&"-"&$K32,計算用!$K$2:$K$149,0)),"")) | N32: =IF($K32="","",IFERROR(INDEX(計算用!$D$2:$D$149,MATCH("女"&2&"-"&$K32,計算用!$K$2:$K$149,0)),"")) | O32: =IF($K32="","",IFERROR(INDEX(計算用!$G$2:$G$149,MATCH("女"&2&"-"&$K32,計算用!$K$2:$K$149,0)),"")) | P32: =IF($K32="","",IFERROR(INDEX(計算用!$D$2:$D$149,MATCH("女"&3&"-"&$K32,計算用!$K$2:$K$149,0)),"")) | Q32: =IF($K32="","",IFERROR(INDEX(計算用!$G$2:$G$149,MATCH("女"&3&"-"&$K32,計算用!$K$2:$K$149,0)),"")) | R32: =IF($K32="","",IFERROR(INDEX(計算用!$D$2:$D$149,MATCH("女"&4&"-"&$K32,計算用!$K$2:$K$149,0)),"")) | S32: =IF($K32="","",IFERROR(INDEX(計算用!$G$2:$G$149,MATCH("女"&4&"-"&$K32,計算用!$K$2:$K$149,0)),""))
A33: =IF(29<=計算用!$U$9,29,"") | B33: =IF($A33="","",IFERROR(INDEX(計算用!$D$2:$D$149,MATCH(計算用!$U$3&1&"-"&$A33,計算用!$K$2:$K$149,0)),"")) | C33: =IF($A33="","",IFERROR(INDEX(計算用!$G$2:$G$149,MATCH(計算用!$U$3&1&"-"&$A33,計算用!$K$2:$K$149,0)),"")) | D33: =IF($A33="","",IFERROR(INDEX(計算用!$D$2:$D$149,MATCH(計算用!$U$3&2&"-"&$A33,計算用!$K$2:$K$149,0)),"")) | E33: =IF($A33="","",IFERROR(INDEX(計算用!$G$2:$G$149,MATCH(計算用!$U$3&2&"-"&$A33,計算用!$K$2:$K$149,0)),"")) | F33: =IF($A33="","",IFERROR(INDEX(計算用!$D$2:$D$149,MATCH(計算用!$U$3&3&"-"&$A33,計算用!$K$2:$K$149,0)),"")) | G33: =IF($A33="","",IFERROR(INDEX(計算用!$G$2:$G$149,MATCH(計算用!$U$3&3&"-"&$A33,計算用!$K$2:$K$149,0)),"")) | H33: =IF($A33="","",IFERROR(INDEX(計算用!$D$2:$D$149,MATCH(計算用!$U$3&4&"-"&$A33,計算用!$K$2:$K$149,0)),"")) | I33: =IF($A33="","",IFERROR(INDEX(計算用!$G$2:$G$149,MATCH(計算用!$U$3&4&"-"&$A33,計算用!$K$2:$K$149,0)),"")) | K33: =IF(29<=計算用!$U$10,29,"") | L33: =IF($K33="","",IFERROR(INDEX(計算用!$D$2:$D$149,MATCH("女"&1&"-"&$K33,計算用!$K$2:$K$149,0)),"")) | M33: =IF($K33="","",IFERROR(INDEX(計算用!$G$2:$G$149,MATCH("女"&1&"-"&$K33,計算用!$K$2:$K$149,0)),"")) | N33: =IF($K33="","",IFERROR(INDEX(計算用!$D$2:$D$149,MATCH("女"&2&"-"&$K33,計算用!$K$2:$K$149,0)),"")) | O33: =IF($K33="","",IFERROR(INDEX(計算用!$G$2:$G$149,MATCH("女"&2&"-"&$K33,計算用!$K$2:$K$149,0)),"")) | P33: =IF($K33="","",IFERROR(INDEX(計算用!$D$2:$D$149,MATCH("女"&3&"-"&$K33,計算用!$K$2:$K$149,0)),"")) | Q33: =IF($K33="","",IFERROR(INDEX(計算用!$G$2:$G$149,MATCH("女"&3&"-"&$K33,計算用!$K$2:$K$149,0)),"")) | R33: =IF($K33="","",IFERROR(INDEX(計算用!$D$2:$D$149,MATCH("女"&4&"-"&$K33,計算用!$K$2:$K$149,0)),"")) | S33: =IF($K33="","",IFERROR(INDEX(計算用!$G$2:$G$149,MATCH("女"&4&"-"&$K33,計算用!$K$2:$K$149,0)),""))
A34: =IF(30<=計算用!$U$9,30,"") | B34: =IF($A34="","",IFERROR(INDEX(計算用!$D$2:$D$149,MATCH(計算用!$U$3&1&"-"&$A34,計算用!$K$2:$K$149,0)),"")) | C34: =IF($A34="","",IFERROR(INDEX(計算用!$G$2:$G$149,MATCH(計算用!$U$3&1&"-"&$A34,計算用!$K$2:$K$149,0)),"")) | D34: =IF($A34="","",IFERROR(INDEX(計算用!$D$2:$D$149,MATCH(計算用!$U$3&2&"-"&$A34,計算用!$K$2:$K$149,0)),"")) | E34: =IF($A34="","",IFERROR(INDEX(計算用!$G$2:$G$149,MATCH(計算用!$U$3&2&"-"&$A34,計算用!$K$2:$K$149,0)),"")) | F34: =IF($A34="","",IFERROR(INDEX(計算用!$D$2:$D$149,MATCH(計算用!$U$3&3&"-"&$A34,計算用!$K$2:$K$149,0)),"")) | G34: =IF($A34="","",IFERROR(INDEX(計算用!$G$2:$G$149,MATCH(計算用!$U$3&3&"-"&$A34,計算用!$K$2:$K$149,0)),"")) | H34: =IF($A34="","",IFERROR(INDEX(計算用!$D$2:$D$149,MATCH(計算用!$U$3&4&"-"&$A34,計算用!$K$2:$K$149,0)),"")) | I34: =IF($A34="","",IFERROR(INDEX(計算用!$G$2:$G$149,MATCH(計算用!$U$3&4&"-"&$A34,計算用!$K$2:$K$149,0)),"")) | K34: =IF(30<=計算用!$U$10,30,"") | L34: =IF($K34="","",IFERROR(INDEX(計算用!$D$2:$D$149,MATCH("女"&1&"-"&$K34,計算用!$K$2:$K$149,0)),"")) | M34: =IF($K34="","",IFERROR(INDEX(計算用!$G$2:$G$149,MATCH("女"&1&"-"&$K34,計算用!$K$2:$K$149,0)),"")) | N34: =IF($K34="","",IFERROR(INDEX(計算用!$D$2:$D$149,MATCH("女"&2&"-"&$K34,計算用!$K$2:$K$149,0)),"")) | O34: =IF($K34="","",IFERROR(INDEX(計算用!$G$2:$G$149,MATCH("女"&2&"-"&$K34,計算用!$K$2:$K$149,0)),"")) | P34: =IF($K34="","",IFERROR(INDEX(計算用!$D$2:$D$149,MATCH("女"&3&"-"&$K34,計算用!$K$2:$K$149,0)),"")) | Q34: =IF($K34="","",IFERROR(INDEX(計算用!$G$2:$G$149,MATCH("女"&3&"-"&$K34,計算用!$K$2:$K$149,0)),"")) | R34: =IF($K34="","",IFERROR(INDEX(計算用!$D$2:$D$149,MATCH("女"&4&"-"&$K34,計算用!$K$2:$K$149,0)),"")) | S34: =IF($K34="","",IFERROR(INDEX(計算用!$G$2:$G$149,MATCH("女"&4&"-"&$K34,計算用!$K$2:$K$149,0)),""))
A35: =IF(31<=計算用!$U$9,31,"") | B35: =IF($A35="","",IFERROR(INDEX(計算用!$D$2:$D$149,MATCH(計算用!$U$3&1&"-"&$A35,計算用!$K$2:$K$149,0)),"")) | C35: =IF($A35="","",IFERROR(INDEX(計算用!$G$2:$G$149,MATCH(計算用!$U$3&1&"-"&$A35,計算用!$K$2:$K$149,0)),"")) | D35: =IF($A35="","",IFERROR(INDEX(計算用!$D$2:$D$149,MATCH(計算用!$U$3&2&"-"&$A35,計算用!$K$2:$K$149,0)),"")) | E35: =IF($A35="","",IFERROR(INDEX(計算用!$G$2:$G$149,MATCH(計算用!$U$3&2&"-"&$A35,計算用!$K$2:$K$149,0)),"")) | F35: =IF($A35="","",IFERROR(INDEX(計算用!$D$2:$D$149,MATCH(計算用!$U$3&3&"-"&$A35,計算用!$K$2:$K$149,0)),"")) | G35: =IF($A35="","",IFERROR(INDEX(計算用!$G$2:$G$149,MATCH(計算用!$U$3&3&"-"&$A35,計算用!$K$2:$K$149,0)),"")) | H35: =IF($A35="","",IFERROR(INDEX(計算用!$D$2:$D$149,MATCH(計算用!$U$3&4&"-"&$A35,計算用!$K$2:$K$149,0)),"")) | I35: =IF($A35="","",IFERROR(INDEX(計算用!$G$2:$G$149,MATCH(計算用!$U$3&4&"-"&$A35,計算用!$K$2:$K$149,0)),"")) | K35: =IF(31<=計算用!$U$10,31,"") | L35: =IF($K35="","",IFERROR(INDEX(計算用!$D$2:$D$149,MATCH("女"&1&"-"&$K35,計算用!$K$2:$K$149,0)),"")) | M35: =IF($K35="","",IFERROR(INDEX(計算用!$G$2:$G$149,MATCH("女"&1&"-"&$K35,計算用!$K$2:$K$149,0)),"")) | N35: =IF($K35="","",IFERROR(INDEX(計算用!$D$2:$D$149,MATCH("女"&2&"-"&$K35,計算用!$K$2:$K$149,0)),"")) | O35: =IF($K35="","",IFERROR(INDEX(計算用!$G$2:$G$149,MATCH("女"&2&"-"&$K35,計算用!$K$2:$K$149,0)),"")) | P35: =IF($K35="","",IFERROR(INDEX(計算用!$D$2:$D$149,MATCH("女"&3&"-"&$K35,計算用!$K$2:$K$149,0)),"")) | Q35: =IF($K35="","",IFERROR(INDEX(計算用!$G$2:$G$149,MATCH("女"&3&"-"&$K35,計算用!$K$2:$K$149,0)),"")) | R35: =IF($K35="","",IFERROR(INDEX(計算用!$D$2:$D$149,MATCH("女"&4&"-"&$K35,計算用!$K$2:$K$149,0)),"")) | S35: =IF($K35="","",IFERROR(INDEX(計算用!$G$2:$G$149,MATCH("女"&4&"-"&$K35,計算用!$K$2:$K$149,0)),""))
A36: =IF(32<=計算用!$U$9,32,"") | B36: =IF($A36="","",IFERROR(INDEX(計算用!$D$2:$D$149,MATCH(計算用!$U$3&1&"-"&$A36,計算用!$K$2:$K$149,0)),"")) | C36: =IF($A36="","",IFERROR(INDEX(計算用!$G$2:$G$149,MATCH(計算用!$U$3&1&"-"&$A36,計算用!$K$2:$K$149,0)),"")) | D36: =IF($A36="","",IFERROR(INDEX(計算用!$D$2:$D$149,MATCH(計算用!$U$3&2&"-"&$A36,計算用!$K$2:$K$149,0)),"")) | E36: =IF($A36="","",IFERROR(INDEX(計算用!$G$2:$G$149,MATCH(計算用!$U$3&2&"-"&$A36,計算用!$K$2:$K$149,0)),"")) | F36: =IF($A36="","",IFERROR(INDEX(計算用!$D$2:$D$149,MATCH(計算用!$U$3&3&"-"&$A36,計算用!$K$2:$K$149,0)),"")) | G36: =IF($A36="","",IFERROR(INDEX(計算用!$G$2:$G$149,MATCH(計算用!$U$3&3&"-"&$A36,計算用!$K$2:$K$149,0)),"")) | H36: =IF($A36="","",IFERROR(INDEX(計算用!$D$2:$D$149,MATCH(計算用!$U$3&4&"-"&$A36,計算用!$K$2:$K$149,0)),"")) | I36: =IF($A36="","",IFERROR(INDEX(計算用!$G$2:$G$149,MATCH(計算用!$U$3&4&"-"&$A36,計算用!$K$2:$K$149,0)),"")) | K36: =IF(32<=計算用!$U$10,32,"") | L36: =IF($K36="","",IFERROR(INDEX(計算用!$D$2:$D$149,MATCH("女"&1&"-"&$K36,計算用!$K$2:$K$149,0)),"")) | M36: =IF($K36="","",IFERROR(INDEX(計算用!$G$2:$G$149,MATCH("女"&1&"-"&$K36,計算用!$K$2:$K$149,0)),"")) | N36: =IF($K36="","",IFERROR(INDEX(計算用!$D$2:$D$149,MATCH("女"&2&"-"&$K36,計算用!$K$2:$K$149,0)),"")) | O36: =IF($K36="","",IFERROR(INDEX(計算用!$G$2:$G$149,MATCH("女"&2&"-"&$K36,計算用!$K$2:$K$149,0)),"")) | P36: =IF($K36="","",IFERROR(INDEX(計算用!$D$2:$D$149,MATCH("女"&3&"-"&$K36,計算用!$K$2:$K$149,0)),"")) | Q36: =IF($K36="","",IFERROR(INDEX(計算用!$G$2:$G$149,MATCH("女"&3&"-"&$K36,計算用!$K$2:$K$149,0)),"")) | R36: =IF($K36="","",IFERROR(INDEX(計算用!$D$2:$D$149,MATCH("女"&4&"-"&$K36,計算用!$K$2:$K$149,0)),"")) | S36: =IF($K36="","",IFERROR(INDEX(計算用!$G$2:$G$149,MATCH("女"&4&"-"&$K36,計算用!$K$2:$K$149,0)),""))
A37: =IF(33<=計算用!$U$9,33,"") | B37: =IF($A37="","",IFERROR(INDEX(計算用!$D$2:$D$149,MATCH(計算用!$U$3&1&"-"&$A37,計算用!$K$2:$K$149,0)),"")) | C37: =IF($A37="","",IFERROR(INDEX(計算用!$G$2:$G$149,MATCH(計算用!$U$3&1&"-"&$A37,計算用!$K$2:$K$149,0)),"")) | D37: =IF($A37="","",IFERROR(INDEX(計算用!$D$2:$D$149,MATCH(計算用!$U$3&2&"-"&$A37,計算用!$K$2:$K$149,0)),"")) | E37: =IF($A37="","",IFERROR(INDEX(計算用!$G$2:$G$149,MATCH(計算用!$U$3&2&"-"&$A37,計算用!$K$2:$K$149,0)),"")) | F37: =IF($A37="","",IFERROR(INDEX(計算用!$D$2:$D$149,MATCH(計算用!$U$3&3&"-"&$A37,計算用!$K$2:$K$149,0)),"")) | G37: =IF($A37="","",IFERROR(INDEX(計算用!$G$2:$G$149,MATCH(計算用!$U$3&3&"-"&$A37,計算用!$K$2:$K$149,0)),"")) | H37: =IF($A37="","",IFERROR(INDEX(計算用!$D$2:$D$149,MATCH(計算用!$U$3&4&"-"&$A37,計算用!$K$2:$K$149,0)),"")) | I37: =IF($A37="","",IFERROR(INDEX(計算用!$G$2:$G$149,MATCH(計算用!$U$3&4&"-"&$A37,計算用!$K$2:$K$149,0)),"")) | K37: =IF(33<=計算用!$U$10,33,"") | L37: =IF($K37="","",IFERROR(INDEX(計算用!$D$2:$D$149,MATCH("女"&1&"-"&$K37,計算用!$K$2:$K$149,0)),"")) | M37: =IF($K37="","",IFERROR(INDEX(計算用!$G$2:$G$149,MATCH("女"&1&"-"&$K37,計算用!$K$2:$K$149,0)),"")) | N37: =IF($K37="","",IFERROR(INDEX(計算用!$D$2:$D$149,MATCH("女"&2&"-"&$K37,計算用!$K$2:$K$149,0)),"")) | O37: =IF($K37="","",IFERROR(INDEX(計算用!$G$2:$G$149,MATCH("女"&2&"-"&$K37,計算用!$K$2:$K$149,0)),"")) | P37: =IF($K37="","",IFERROR(INDEX(計算用!$D$2:$D$149,MATCH("女"&3&"-"&$K37,計算用!$K$2:$K$149,0)),"")) | Q37: =IF($K37="","",IFERROR(INDEX(計算用!$G$2:$G$149,MATCH("女"&3&"-"&$K37,計算用!$K$2:$K$149,0)),"")) | R37: =IF($K37="","",IFERROR(INDEX(計算用!$D$2:$D$149,MATCH("女"&4&"-"&$K37,計算用!$K$2:$K$149,0)),"")) | S37: =IF($K37="","",IFERROR(INDEX(計算用!$G$2:$G$149,MATCH("女"&4&"-"&$K37,計算用!$K$2:$K$149,0)),""))
A38: =IF(34<=計算用!$U$9,34,"") | B38: =IF($A38="","",IFERROR(INDEX(計算用!$D$2:$D$149,MATCH(計算用!$U$3&1&"-"&$A38,計算用!$K$2:$K$149,0)),"")) | C38: =IF($A38="","",IFERROR(INDEX(計算用!$G$2:$G$149,MATCH(計算用!$U$3&1&"-"&$A38,計算用!$K$2:$K$149,0)),"")) | D38: =IF($A38="","",IFERROR(INDEX(計算用!$D$2:$D$149,MATCH(計算用!$U$3&2&"-"&$A38,計算用!$K$2:$K$149,0)),"")) | E38: =IF($A38="","",IFERROR(INDEX(計算用!$G$2:$G$149,MATCH(計算用!$U$3&2&"-"&$A38,計算用!$K$2:$K$149,0)),"")) | F38: =IF($A38="","",IFERROR(INDEX(計算用!$D$2:$D$149,MATCH(計算用!$U$3&3&"-"&$A38,計算用!$K$2:$K$149,0)),"")) | G38: =IF($A38="","",IFERROR(INDEX(計算用!$G$2:$G$149,MATCH(計算用!$U$3&3&"-"&$A38,計算用!$K$2:$K$149,0)),"")) | H38: =IF($A38="","",IFERROR(INDEX(計算用!$D$2:$D$149,MATCH(計算用!$U$3&4&"-"&$A38,計算用!$K$2:$K$149,0)),"")) | I38: =IF($A38="","",IFERROR(INDEX(計算用!$G$2:$G$149,MATCH(計算用!$U$3&4&"-"&$A38,計算用!$K$2:$K$149,0)),"")) | K38: =IF(34<=計算用!$U$10,34,"") | L38: =IF($K38="","",IFERROR(INDEX(計算用!$D$2:$D$149,MATCH("女"&1&"-"&$K38,計算用!$K$2:$K$149,0)),"")) | M38: =IF($K38="","",IFERROR(INDEX(計算用!$G$2:$G$149,MATCH("女"&1&"-"&$K38,計算用!$K$2:$K$149,0)),"")) | N38: =IF($K38="","",IFERROR(INDEX(計算用!$D$2:$D$149,MATCH("女"&2&"-"&$K38,計算用!$K$2:$K$149,0)),"")) | O38: =IF($K38="","",IFERROR(INDEX(計算用!$G$2:$G$149,MATCH("女"&2&"-"&$K38,計算用!$K$2:$K$149,0)),"")) | P38: =IF($K38="","",IFERROR(INDEX(計算用!$D$2:$D$149,MATCH("女"&3&"-"&$K38,計算用!$K$2:$K$149,0)),"")) | Q38: =IF($K38="","",IFERROR(INDEX(計算用!$G$2:$G$149,MATCH("女"&3&"-"&$K38,計算用!$K$2:$K$149,0)),"")) | R38: =IF($K38="","",IFERROR(INDEX(計算用!$D$2:$D$149,MATCH("女"&4&"-"&$K38,計算用!$K$2:$K$149,0)),"")) | S38: =IF($K38="","",IFERROR(INDEX(計算用!$G$2:$G$149,MATCH("女"&4&"-"&$K38,計算用!$K$2:$K$149,0)),""))
A39: =IF(35<=計算用!$U$9,35,"") | B39: =IF($A39="","",IFERROR(INDEX(計算用!$D$2:$D$149,MATCH(計算用!$U$3&1&"-"&$A39,計算用!$K$2:$K$149,0)),"")) | C39: =IF($A39="","",IFERROR(INDEX(計算用!$G$2:$G$149,MATCH(計算用!$U$3&1&"-"&$A39,計算用!$K$2:$K$149,0)),"")) | D39: =IF($A39="","",IFERROR(INDEX(計算用!$D$2:$D$149,MATCH(計算用!$U$3&2&"-"&$A39,計算用!$K$2:$K$149,0)),"")) | E39: =IF($A39="","",IFERROR(INDEX(計算用!$G$2:$G$149,MATCH(計算用!$U$3&2&"-"&$A39,計算用!$K$2:$K$149,0)),"")) | F39: =IF($A39="","",IFERROR(INDEX(計算用!$D$2:$D$149,MATCH(計算用!$U$3&3&"-"&$A39,計算用!$K$2:$K$149,0)),"")) | G39: =IF($A39="","",IFERROR(INDEX(計算用!$G$2:$G$149,MATCH(計算用!$U$3&3&"-"&$A39,計算用!$K$2:$K$149,0)),"")) | H39: =IF($A39="","",IFERROR(INDEX(計算用!$D$2:$D$149,MATCH(計算用!$U$3&4&"-"&$A39,計算用!$K$2:$K$149,0)),"")) | I39: =IF($A39="","",IFERROR(INDEX(計算用!$G$2:$G$149,MATCH(計算用!$U$3&4&"-"&$A39,計算用!$K$2:$K$149,0)),"")) | K39: =IF(35<=計算用!$U$10,35,"") | L39: =IF($K39="","",IFERROR(INDEX(計算用!$D$2:$D$149,MATCH("女"&1&"-"&$K39,計算用!$K$2:$K$149,0)),"")) | M39: =IF($K39="","",IFERROR(INDEX(計算用!$G$2:$G$149,MATCH("女"&1&"-"&$K39,計算用!$K$2:$K$149,0)),"")) | N39: =IF($K39="","",IFERROR(INDEX(計算用!$D$2:$D$149,MATCH("女"&2&"-"&$K39,計算用!$K$2:$K$149,0)),"")) | O39: =IF($K39="","",IFERROR(INDEX(計算用!$G$2:$G$149,MATCH("女"&2&"-"&$K39,計算用!$K$2:$K$149,0)),"")) | P39: =IF($K39="","",IFERROR(INDEX(計算用!$D$2:$D$149,MATCH("女"&3&"-"&$K39,計算用!$K$2:$K$149,0)),"")) | Q39: =IF($K39="","",IFERROR(INDEX(計算用!$G$2:$G$149,MATCH("女"&3&"-"&$K39,計算用!$K$2:$K$149,0)),"")) | R39: =IF($K39="","",IFERROR(INDEX(計算用!$D$2:$D$149,MATCH("女"&4&"-"&$K39,計算用!$K$2:$K$149,0)),"")) | S39: =IF($K39="","",IFERROR(INDEX(計算用!$G$2:$G$149,MATCH("女"&4&"-"&$K39,計算用!$K$2:$K$149,0)),""))
A40: =IF(36<=計算用!$U$9,36,"") | B40: =IF($A40="","",IFERROR(INDEX(計算用!$D$2:$D$149,MATCH(計算用!$U$3&1&"-"&$A40,計算用!$K$2:$K$149,0)),"")) | C40: =IF($A40="","",IFERROR(INDEX(計算用!$G$2:$G$149,MATCH(計算用!$U$3&1&"-"&$A40,計算用!$K$2:$K$149,0)),"")) | D40: =IF($A40="","",IFERROR(INDEX(計算用!$D$2:$D$149,MATCH(計算用!$U$3&2&"-"&$A40,計算用!$K$2:$K$149,0)),"")) | E40: =IF($A40="","",IFERROR(INDEX(計算用!$G$2:$G$149,MATCH(計算用!$U$3&2&"-"&$A40,計算用!$K$2:$K$149,0)),"")) | F40: =IF($A40="","",IFERROR(INDEX(計算用!$D$2:$D$149,MATCH(計算用!$U$3&3&"-"&$A40,計算用!$K$2:$K$149,0)),"")) | G40: =IF($A40="","",IFERROR(INDEX(計算用!$G$2:$G$149,MATCH(計算用!$U$3&3&"-"&$A40,計算用!$K$2:$K$149,0)),"")) | H40: =IF($A40="","",IFERROR(INDEX(計算用!$D$2:$D$149,MATCH(計算用!$U$3&4&"-"&$A40,計算用!$K$2:$K$149,0)),"")) | I40: =IF($A40="","",IFERROR(INDEX(計算用!$G$2:$G$149,MATCH(計算用!$U$3&4&"-"&$A40,計算用!$K$2:$K$149,0)),"")) | K40: =IF(36<=計算用!$U$10,36,"") | L40: =IF($K40="","",IFERROR(INDEX(計算用!$D$2:$D$149,MATCH("女"&1&"-"&$K40,計算用!$K$2:$K$149,0)),"")) | M40: =IF($K40="","",IFERROR(INDEX(計算用!$G$2:$G$149,MATCH("女"&1&"-"&$K40,計算用!$K$2:$K$149,0)),"")) | N40: =IF($K40="","",IFERROR(INDEX(計算用!$D$2:$D$149,MATCH("女"&2&"-"&$K40,計算用!$K$2:$K$149,0)),"")) | O40: =IF($K40="","",IFERROR(INDEX(計算用!$G$2:$G$149,MATCH("女"&2&"-"&$K40,計算用!$K$2:$K$149,0)),"")) | P40: =IF($K40="","",IFERROR(INDEX(計算用!$D$2:$D$149,MATCH("女"&3&"-"&$K40,計算用!$K$2:$K$149,0)),"")) | Q40: =IF($K40="","",IFERROR(INDEX(計算用!$G$2:$G$149,MATCH("女"&3&"-"&$K40,計算用!$K$2:$K$149,0)),"")) | R40: =IF($K40="","",IFERROR(INDEX(計算用!$D$2:$D$149,MATCH("女"&4&"-"&$K40,計算用!$K$2:$K$149,0)),"")) | S40: =IF($K40="","",IFERROR(INDEX(計算用!$G$2:$G$149,MATCH("女"&4&"-"&$K40,計算用!$K$2:$K$149,0)),""))
A41: =IF(37<=計算用!$U$9,37,"") | B41: =IF($A41="","",IFERROR(INDEX(計算用!$D$2:$D$149,MATCH(計算用!$U$3&1&"-"&$A41,計算用!$K$2:$K$149,0)),"")) | C41: =IF($A41="","",IFERROR(INDEX(計算用!$G$2:$G$149,MATCH(計算用!$U$3&1&"-"&$A41,計算用!$K$2:$K$149,0)),"")) | D41: =IF($A41="","",IFERROR(INDEX(計算用!$D$2:$D$149,MATCH(計算用!$U$3&2&"-"&$A41,計算用!$K$2:$K$149,0)),"")) | E41: =IF($A41="","",IFERROR(INDEX(計算用!$G$2:$G$149,MATCH(計算用!$U$3&2&"-"&$A41,計算用!$K$2:$K$149,0)),"")) | F41: =IF($A41="","",IFERROR(INDEX(計算用!$D$2:$D$149,MATCH(計算用!$U$3&3&"-"&$A41,計算用!$K$2:$K$149,0)),"")) | G41: =IF($A41="","",IFERROR(INDEX(計算用!$G$2:$G$149,MATCH(計算用!$U$3&3&"-"&$A41,計算用!$K$2:$K$149,0)),"")) | H41: =IF($A41="","",IFERROR(INDEX(計算用!$D$2:$D$149,MATCH(計算用!$U$3&4&"-"&$A41,計算用!$K$2:$K$149,0)),"")) | I41: =IF($A41="","",IFERROR(INDEX(計算用!$G$2:$G$149,MATCH(計算用!$U$3&4&"-"&$A41,計算用!$K$2:$K$149,0)),"")) | K41: =IF(37<=計算用!$U$10,37,"") | L41: =IF($K41="","",IFERROR(INDEX(計算用!$D$2:$D$149,MATCH("女"&1&"-"&$K41,計算用!$K$2:$K$149,0)),"")) | M41: =IF($K41="","",IFERROR(INDEX(計算用!$G$2:$G$149,MATCH("女"&1&"-"&$K41,計算用!$K$2:$K$149,0)),"")) | N41: =IF($K41="","",IFERROR(INDEX(計算用!$D$2:$D$149,MATCH("女"&2&"-"&$K41,計算用!$K$2:$K$149,0)),"")) | O41: =IF($K41="","",IFERROR(INDEX(計算用!$G$2:$G$149,MATCH("女"&2&"-"&$K41,計算用!$K$2:$K$149,0)),"")) | P41: =IF($K41="","",IFERROR(INDEX(計算用!$D$2:$D$149,MATCH("女"&3&"-"&$K41,計算用!$K$2:$K$149,0)),"")) | Q41: =IF($K41="","",IFERROR(INDEX(計算用!$G$2:$G$149,MATCH("女"&3&"-"&$K41,計算用!$K$2:$K$149,0)),"")) | R41: =IF($K41="","",IFERROR(INDEX(計算用!$D$2:$D$149,MATCH("女"&4&"-"&$K41,計算用!$K$2:$K$149,0)),"")) | S41: =IF($K41="","",IFERROR(INDEX(計算用!$G$2:$G$149,MATCH("女"&4&"-"&$K41,計算用!$K$2:$K$149,0)),""))

Sheet 手直し
A1: 手直し | C1: ① 右の「自動の組（コピー用）」R6:Y42 をコピーし、B6 に「値として貼り付け」します（右クリック →「貼り付けのオプション」の「値」）。 ② 名前を切り取り・貼り付けして直します。同じ段（行）の4人が1レースになります。 ※直さないときは空のままでかまいません（自動の組を使います）。名簿・タイム・組み方を変えたときは、空にするか①からやり直してください。
B2: =IF(AND(計算用!$U$2,"A"="B"),"",IF(計算用!$U$2,"男女混合","男子")&"：自動 "&計算用!$U$9&"組 → 手直し "&計算用!$U$7&"組") | F2: =IF(AND(計算用!$U$2,"A"="B"),"",IF(NOT(計算用!$U$24),"手直しなし：自動の組をそのまま使っています",IF(計算用!$U$11+計算用!$U$13+計算用!$U$15+計算用!$U$17=0,IF(計算用!$U$7=0,"","確認：問題なし"),"確認："&IF(計算用!$U$11>0,"入っていない人 "&計算用!$U$11&"人 ","")&IF(計算用!$U$13>0,"2回以上入っている人 "&計算用!$U$13&"人 ","")&IF(計算用!$U$15>0,"ちがうクラスの列に入っている人 "&計算用!$U$15&"人 ","")&IF(計算用!$U$17>0,"名簿にない名前 "&計算用!$U$17&"こ ","")))) | O2: =IF(計算用!$U$25,計算用!$U$27,IF(計算用!$U$19>0,"※同じ名前の人がいます（区別できません）",""))
B3: =IF(AND(計算用!$U$2,"B"="B"),"",IF(計算用!$U$2,"","女子")&"：自動 "&計算用!$U$10&"組 → 手直し "&計算用!$U$8&"組") | F3: =IF(AND(計算用!$U$2,"B"="B"),"",IF(NOT(計算用!$U$24),"手直しなし：自動の組をそのまま使っています",IF(計算用!$U$12+計算用!$U$14+計算用!$U$16+計算用!$U$18=0,IF(計算用!$U$8=0,"","確認：問題なし"),"確認："&IF(計算用!$U$12>0,"入っていない人 "&計算用!$U$12&"人 ","")&IF(計算用!$U$14>0,"2回以上入っている人 "&計算用!$U$14&"人 ","")&IF(計算用!$U$16>0,"ちがうクラスの列に入っている人 "&計算用!$U$16&"人 ","")&IF(計算用!$U$18>0,"名簿にない名前 "&計算用!$U$18&"こ ","")))) | R3: 自動の組（コピー用）
A4: 組 | B4: =IF(計算用!$U$2,"男女混合","男子") | G4: =IF(計算用!$U$2,"（使いません）","女子") | L4: 人数 | O4: 入っていない人 | R4: =IF(計算用!$U$2,"男女混合","男子") | V4: =IF(計算用!$U$2,"（使いません）","女子")
B5: =データ入力!$B$3 | C5: =データ入力!$F$3 | D5: =データ入力!$J$3 | E5: =データ入力!$N$3 | G5: =データ入力!$B$3 | H5: =データ入力!$F$3 | I5: =データ入力!$J$3 | J5: =データ入力!$N$3 | L5: =IF(計算用!$U$2,"混合","男子") | M5: =IF(計算用!$U$2,"","女子") | O5: =IF(計算用!$U$2,"男女混合","男子") | P5: =IF(計算用!$U$2,"（使いません）","女子") | R5: =データ入力!$B$3 | S5: =データ入力!$F$3 | T5: =データ入力!$J$3 | U5: =データ入力!$N$3 | V5: =データ入力!$B$3 | W5: =データ入力!$F$3 | X5: =データ入力!$J$3 | Y5: =データ入力!$N$3
A6: 1 | L6: =COUNTIF(B6:E6,"?*") | M6: =COUNTIF(G6:J6,"?*") | O6: =IFERROR(INDEX(計算用!$D$2:$D$149,MATCH(1,計算用!$P$2:$P$149,0))&"（"&INDEX(データ入力!$B$3:$N$3,1,(INDEX(計算用!$B$2:$B$149,MATCH(1,計算用!$P$2:$P$149,0))-1)*4+1)&"）","") | P6: =IFERROR(INDEX(計算用!$D$2:$D$149,MATCH(1,計算用!$Q$2:$Q$149,0))&"（"&INDEX(データ入力!$B$3:$N$3,1,(INDEX(計算用!$B$2:$B$149,MATCH(1,計算用!$Q$2:$Q$149,0))-1)*4+1)&"）","") | R6: =組分け!B5&"" | S6: =組分け!D5&"" | T6: =組分け!F5&"" | U6: =組分け!H5&"" | V6: =組分け!L5&"" | W6: =組分け!N5&"" | X6: =組分け!P5&"" | Y6: =組分け!R5&""
A7: 2 | L7: =COUNTIF(B7:E7,"?*") | M7: =COUNTIF(G7:J7,"?*") | O7: =IFERROR(INDEX(計算用!$D$2:$D$149,MATCH(2,計算用!$P$2:$P$149,0))&"（"&INDEX(データ入力!$B$3:$N$3,1,(INDEX(計算用!$B$2:$B$149,MATCH(2,計算用!$P$2:$P$149,0))-1)*4+1)&"）","") | P7: =IFERROR(INDEX(計算用!$D$2:$D$149,MATCH(2,計算用!$Q$2:$Q$149,0))&"（"&INDEX(データ入力!$B$3:$N$3,1,(INDEX(計算用!$B$2:$B$149,MATCH(2,計算用!$Q$2:$Q$149,0))-1)*4+1)&"）","") | R7: =組分け!B6&"" | S7: =組分け!D6&"" | T7: =組分け!F6&"" | U7: =組分け!H6&"" | V7: =組分け!L6&"" | W7: =組分け!N6&"" | X7: =組分け!P6&"" | Y7: =組分け!R6&""
A8: 3 | L8: =COUNTIF(B8:E8,"?*") | M8: =COUNTIF(G8:J8,"?*") | O8: =IFERROR(INDEX(計算用!$D$2:$D$149,MATCH(3,計算用!$P$2:$P$149,0))&"（"&INDEX(データ入力!$B$3:$N$3,1,(INDEX(計算用!$B$2:$B$149,MATCH(3,計算用!$P$2:$P$149,0))-1)*4+1)&"）","") | P8: =IFERROR(INDEX(計算用!$D$2:$D$149,MATCH(3,計算用!$Q$2:$Q$149,0))&"（"&INDEX(データ入力!$B$3:$N$3,1,(INDEX(計算用!$B$2:$B$149,MATCH(3,計算用!$Q$2:$Q$149,0))-1)*4+1)&"）","") | R8: =組分け!B7&"" | S8: =組分け!D7&"" | T8: =組分け!F7&"" | U8: =組分け!H7&"" | V8: =組分け!L7&"" | W8: =組分け!N7&"" | X8: =組分け!P7&"" | Y8: =組分け!R7&""
A9: 4 | L9: =COUNTIF(B9:E9,"?*") | M9: =COUNTIF(G9:J9,"?*") | O9: =IFERROR(INDEX(計算用!$D$2:$D$149,MATCH(4,計算用!$P$2:$P$149,0))&"（"&INDEX(データ入力!$B$3:$N$3,1,(INDEX(計算用!$B$2:$B$149,MATCH(4,計算用!$P$2:$P$149,0))-1)*4+1)&"）","") | P9: =IFERROR(INDEX(計算用!$D$2:$D$149,MATCH(4,計算用!$Q$2:$Q$149,0))&"（"&INDEX(データ入力!$B$3:$N$3,1,(INDEX(計算用!$B$2:$B$149,MATCH(4,計算用!$Q$2:$Q$149,0))-1)*4+1)&"）","") | R9: =組分け!B8&"" | S9: =組分け!D8&"" | T9: =組分け!F8&"" | U9: =組分け!H8&"" | V9: =組分け!L8&"" | W9: =組分け!N8&"" | X9: =組分け!P8&"" | Y9: =組分け!R8&""
A10: 5 | L10: =COUNTIF(B10:E10,"?*") | M10: =COUNTIF(G10:J10,"?*") | O10: =IFERROR(INDEX(計算用!$D$2:$D$149,MATCH(5,計算用!$P$2:$P$149,0))&"（"&INDEX(データ入力!$B$3:$N$3,1,(INDEX(計算用!$B$2:$B$149,MATCH(5,計算用!$P$2:$P$149,0))-1)*4+1)&"）","") | P10: =IFERROR(INDEX(計算用!$D$2:$D$149,MATCH(5,計算用!$Q$2:$Q$149,0))&"（"&INDEX(データ入力!$B$3:$N$3,1,(INDEX(計算用!$B$2:$B$149,MATCH(5,計算用!$Q$2:$Q$149,0))-1)*4+1)&"）","") | R10: =組分け!B9&"" | S10: =組分け!D9&"" | T10: =組分け!F9&"" | U10: =組分け!H9&"" | V10: =組分け!L9&"" | W10: =組分け!N9&"" | X10: =組分け!P9&"" | Y10: =組分け!R9&""
A11: 6 | L11: =COUNTIF(B11:E11,"?*") | M11: =COUNTIF(G11:J11,"?*") | O11: =IFERROR(INDEX(計算用!$D$2:$D$149,MATCH(6,計算用!$P$2:$P$149,0))&"（"&INDEX(データ入力!$B$3:$N$3,1,(INDEX(計算用!$B$2:$B$149,MATCH(6,計算用!$P$2:$P$149,0))-1)*4+1)&"）","") | P11: =IFERROR(INDEX(計算用!$D$2:$D$149,MATCH(6,計算用!$Q$2:$Q$149,0))&"（"&INDEX(データ入力!$B$3:$N$3,1,(INDEX(計算用!$B$2:$B$149,MATCH(6,計算用!$Q$2:$Q$149,0))-1)*4+1)&"）","") | R11: =組分け!B10&"" | S11: =組分け!D10&"" | T11: =組分け!F10&"" | U11: =組分け!H10&"" | V11: =組分け!L10&"" | W11: =組分け!N10&"" | X11: =組分け!P10&"" | Y11: =組分け!R10&""
A12: 7 | L12: =COUNTIF(B12:E12,"?*") | M12: =COUNTIF(G12:J12,"?*") | O12: =IFERROR(INDEX(計算用!$D$2:$D$149,MATCH(7,計算用!$P$2:$P$149,0))&"（"&INDEX(データ入力!$B$3:$N$3,1,(INDEX(計算用!$B$2:$B$149,MATCH(7,計算用!$P$2:$P$149,0))-1)*4+1)&"）","") | P12: =IFERROR(INDEX(計算用!$D$2:$D$149,MATCH(7,計算用!$Q$2:$Q$149,0))&"（"&INDEX(データ入力!$B$3:$N$3,1,(INDEX(計算用!$B$2:$B$149,MATCH(7,計算用!$Q$2:$Q$149,0))-1)*4+1)&"）","") | R12: =組分け!B11&"" | S12: =組分け!D11&"" | T12: =組分け!F11&"" | U12: =組分け!H11&"" | V12: =組分け!L11&"" | W12: =組分け!N11&"" | X12: =組分け!P11&"" | Y12: =組分け!R11&""
A13: 8 | L13: =COUNTIF(B13:E13,"?*") | M13: =COUNTIF(G13:J13,"?*") | O13: =IFERROR(INDEX(計算用!$D$2:$D$149,MATCH(8,計算用!$P$2:$P$149,0))&"（"&INDEX(データ入力!$B$3:$N$3,1,(INDEX(計算用!$B$2:$B$149,MATCH(8,計算用!$P$2:$P$149,0))-1)*4+1)&"）","") | P13: =IFERROR(INDEX(計算用!$D$2:$D$149,MATCH(8,計算用!$Q$2:$Q$149,0))&"（"&INDEX(データ入力!$B$3:$N$3,1,(INDEX(計算用!$B$2:$B$149,MATCH(8,計算用!$Q$2:$Q$149,0))-1)*4+1)&"）","") | R13: =組分け!B12&"" | S13: =組分け!D12&"" | T13: =組分け!F12&"" | U13: =組分け!H12&"" | V13: =組分け!L12&"" | W13: =組分け!N12&"" | X13: =組分け!P12&"" | Y13: =組分け!R12&""
A14: 9 | L14: =COUNTIF(B14:E14,"?*") | M14: =COUNTIF(G14:J14,"?*") | O14: =IFERROR(INDEX(計算用!$D$2:$D$149,MATCH(9,計算用!$P$2:$P$149,0))&"（"&INDEX(データ入力!$B$3:$N$3,1,(INDEX(計算用!$B$2:$B$149,MATCH(9,計算用!$P$2:$P$149,0))-1)*4+1)&"）","") | P14: =IFERROR(INDEX(計算用!$D$2:$D$149,MATCH(9,計算用!$Q$2:$Q$149,0))&"（"&INDEX(データ入力!$B$3:$N$3,1,(INDEX(計算用!$B$2:$B$149,MATCH(9,計算用!$Q$2:$Q$149,0))-1)*4+1)&"）","") | R14: =組分け!B13&"" | S14: =組分け!D13&"" | T14: =組分け!F13&"" | U14: =組分け!H13&"" | V14: =組分け!L13&"" | W14: =組分け!N13&"" | X14: =組分け!P13&"" | Y14: =組分け!R13&""
A15: 10 | L15: =COUNTIF(B15:E15,"?*") | M15: =COUNTIF(G15:J15,"?*") | O15: =IFERROR(INDEX(計算用!$D$2:$D$149,MATCH(10,計算用!$P$2:$P$149,0))&"（"&INDEX(データ入力!$B$3:$N$3,1,(INDEX(計算用!$B$2:$B$149,MATCH(10,計算用!$P$2:$P$149,0))-1)*4+1)&"）","") | P15: =IFERROR(INDEX(計算用!$D$2:$D$149,MATCH(10,計算用!$Q$2:$Q$149,0))&"（"&INDEX(データ入力!$B$3:$N$3,1,(INDEX(計算用!$B$2:$B$149,MATCH(10,計算用!$Q$2:$Q$149,0))-1)*4+1)&"）","") | R15: =組分け!B14&"" | S15: =組分け!D14&"" | T15: =組分け!F14&"" | U15: =組分け!H14&"" | V15: =組分け!L14&"" | W15: =組分け!N14&"" | X15: =組分け!P14&"" | Y15: =組分け!R14&""
A16: 11 | L16: =COUNTIF(B16:E16,"?*") | M16: =COUNTIF(G16:J16,"?*") | O16: =IFERROR(INDEX(計算用!$D$2:$D$149,MATCH(11,計算用!$P$2:$P$149,0))&"（"&INDEX(データ入力!$B$3:$N$3,1,(INDEX(計算用!$B$2:$B$149,MATCH(11,計算用!$P$2:$P$149,0))-1)*4+1)&"）","") | P16: =IFERROR(INDEX(計算用!$D$2:$D$149,MATCH(11,計算用!$Q$2:$Q$149,0))&"（"&INDEX(データ入力!$B$3:$N$3,1,(INDEX(計算用!$B$2:$B$149,MATCH(11,計算用!$Q$2:$Q$149,0))-1)*4+1)&"）","") | R16: =組分け!B15&"" | S16: =組分け!D15&"" | T16: =組分け!F15&"" | U16: =組分け!H15&"" | V16: =組分け!L15&"" | W16: =組分け!N15&"" | X16: =組分け!P15&"" | Y16: =組分け!R15&""
A17: 12 | L17: =COUNTIF(B17:E17,"?*") | M17: =COUNTIF(G17:J17,"?*") | O17: =IFERROR(INDEX(計算用!$D$2:$D$149,MATCH(12,計算用!$P$2:$P$149,0))&"（"&INDEX(データ入力!$B$3:$N$3,1,(INDEX(計算用!$B$2:$B$149,MATCH(12,計算用!$P$2:$P$149,0))-1)*4+1)&"）","") | P17: =IFERROR(INDEX(計算用!$D$2:$D$149,MATCH(12,計算用!$Q$2:$Q$149,0))&"（"&INDEX(データ入力!$B$3:$N$3,1,(INDEX(計算用!$B$2:$B$149,MATCH(12,計算用!$Q$2:$Q$149,0))-1)*4+1)&"）","") | R17: =組分け!B16&"" | S17: =組分け!D16&"" | T17: =組分け!F16&"" | U17: =組分け!H16&"" | V17: =組分け!L16&"" | W17: =組分け!N16&"" | X17: =組分け!P16&"" | Y17: =組分け!R16&""
A18: 13 | L18: =COUNTIF(B18:E18,"?*") | M18: =COUNTIF(G18:J18,"?*") | O18: =IFERROR(INDEX(計算用!$D$2:$D$149,MATCH(13,計算用!$P$2:$P$149,0))&"（"&INDEX(データ入力!$B$3:$N$3,1,(INDEX(計算用!$B$2:$B$149,MATCH(13,計算用!$P$2:$P$149,0))-1)*4+1)&"）","") | P18: =IFERROR(INDEX(計算用!$D$2:$D$149,MATCH(13,計算用!$Q$2:$Q$149,0))&"（"&INDEX(データ入力!$B$3:$N$3,1,(INDEX(計算用!$B$2:$B$149,MATCH(13,計算用!$Q$2:$Q$149,0))-1)*4+1)&"）","") | R18: =組分け!B17&"" | S18: =組分け!D17&"" | T18: =組分け!F17&"" | U18: =組分け!H17&"" | V18: =組分け!L17&"" | W18: =組分け!N17&"" | X18: =組分け!P17&"" | Y18: =組分け!R17&""
A19: 14 | L19: =COUNTIF(B19:E19,"?*") | M19: =COUNTIF(G19:J19,"?*") | O19: =IFERROR(INDEX(計算用!$D$2:$D$149,MATCH(14,計算用!$P$2:$P$149,0))&"（"&INDEX(データ入力!$B$3:$N$3,1,(INDEX(計算用!$B$2:$B$149,MATCH(14,計算用!$P$2:$P$149,0))-1)*4+1)&"）","") | P19: =IFERROR(INDEX(計算用!$D$2:$D$149,MATCH(14,計算用!$Q$2:$Q$149,0))&"（"&INDEX(データ入力!$B$3:$N$3,1,(INDEX(計算用!$B$2:$B$149,MATCH(14,計算用!$Q$2:$Q$149,0))-1)*4+1)&"）","") | R19: =組分け!B18&"" | S19: =組分け!D18&"" | T19: =組分け!F18&"" | U19: =組分け!H18&"" | V19: =組分け!L18&"" | W19: =組分け!N18&"" | X19: =組分け!P18&"" | Y19: =組分け!R18&""
A20: 15 | L20: =COUNTIF(B20:E20,"?*") | M20: =COUNTIF(G20:J20,"?*") | O20: =IFERROR(INDEX(計算用!$D$2:$D$149,MATCH(15,計算用!$P$2:$P$149,0))&"（"&INDEX(データ入力!$B$3:$N$3,1,(INDEX(計算用!$B$2:$B$149,MATCH(15,計算用!$P$2:$P$149,0))-1)*4+1)&"）","") | P20: =IFERROR(INDEX(計算用!$D$2:$D$149,MATCH(15,計算用!$Q$2:$Q$149,0))&"（"&INDEX(データ入力!$B$3:$N$3,1,(INDEX(計算用!$B$2:$B$149,MATCH(15,計算用!$Q$2:$Q$149,0))-1)*4+1)&"）","") | R20: =組分け!B19&"" | S20: =組分け!D19&"" | T20: =組分け!F19&"" | U20: =組分け!H19&"" | V20: =組分け!L19&"" | W20: =組分け!N19&"" | X20: =組分け!P19&"" | Y20: =組分け!R19&""
A21: 16 | L21: =COUNTIF(B21:E21,"?*") | M21: =COUNTIF(G21:J21,"?*") | O21: =IFERROR(INDEX(計算用!$D$2:$D$149,MATCH(16,計算用!$P$2:$P$149,0))&"（"&INDEX(データ入力!$B$3:$N$3,1,(INDEX(計算用!$B$2:$B$149,MATCH(16,計算用!$P$2:$P$149,0))-1)*4+1)&"）","") | P21: =IFERROR(INDEX(計算用!$D$2:$D$149,MATCH(16,計算用!$Q$2:$Q$149,0))&"（"&INDEX(データ入力!$B$3:$N$3,1,(INDEX(計算用!$B$2:$B$149,MATCH(16,計算用!$Q$2:$Q$149,0))-1)*4+1)&"）","") | R21: =組分け!B20&"" | S21: =組分け!D20&"" | T21: =組分け!F20&"" | U21: =組分け!H20&"" | V21: =組分け!L20&"" | W21: =組分け!N20&"" | X21: =組分け!P20&"" | Y21: =組分け!R20&""
A22: 17 | L22: =COUNTIF(B22:E22,"?*") | M22: =COUNTIF(G22:J22,"?*") | O22: =IFERROR(INDEX(計算用!$D$2:$D$149,MATCH(17,計算用!$P$2:$P$149,0))&"（"&INDEX(データ入力!$B$3:$N$3,1,(INDEX(計算用!$B$2:$B$149,MATCH(17,計算用!$P$2:$P$149,0))-1)*4+1)&"）","") | P22: =IFERROR(INDEX(計算用!$D$2:$D$149,MATCH(17,計算用!$Q$2:$Q$149,0))&"（"&INDEX(データ入力!$B$3:$N$3,1,(INDEX(計算用!$B$2:$B$149,MATCH(17,計算用!$Q$2:$Q$149,0))-1)*4+1)&"）","") | R22: =組分け!B21&"" | S22: =組分け!D21&"" | T22: =組分け!F21&"" | U22: =組分け!H21&"" | V22: =組分け!L21&"" | W22: =組分け!N21&"" | X22: =組分け!P21&"" | Y22: =組分け!R21&""
A23: 18 | L23: =COUNTIF(B23:E23,"?*") | M23: =COUNTIF(G23:J23,"?*") | O23: =IFERROR(INDEX(計算用!$D$2:$D$149,MATCH(18,計算用!$P$2:$P$149,0))&"（"&INDEX(データ入力!$B$3:$N$3,1,(INDEX(計算用!$B$2:$B$149,MATCH(18,計算用!$P$2:$P$149,0))-1)*4+1)&"）","") | P23: =IFERROR(INDEX(計算用!$D$2:$D$149,MATCH(18,計算用!$Q$2:$Q$149,0))&"（"&INDEX(データ入力!$B$3:$N$3,1,(INDEX(計算用!$B$2:$B$149,MATCH(18,計算用!$Q$2:$Q$149,0))-1)*4+1)&"）","") | R23: =組分け!B22&"" | S23: =組分け!D22&"" | T23: =組分け!F22&"" | U23: =組分け!H22&"" | V23: =組分け!L22&"" | W23: =組分け!N22&"" | X23: =組分け!P22&"" | Y23: =組分け!R22&""
A24: 19 | L24: =COUNTIF(B24:E24,"?*") | M24: =COUNTIF(G24:J24,"?*") | O24: =IFERROR(INDEX(計算用!$D$2:$D$149,MATCH(19,計算用!$P$2:$P$149,0))&"（"&INDEX(データ入力!$B$3:$N$3,1,(INDEX(計算用!$B$2:$B$149,MATCH(19,計算用!$P$2:$P$149,0))-1)*4+1)&"）","") | P24: =IFERROR(INDEX(計算用!$D$2:$D$149,MATCH(19,計算用!$Q$2:$Q$149,0))&"（"&INDEX(データ入力!$B$3:$N$3,1,(INDEX(計算用!$B$2:$B$149,MATCH(19,計算用!$Q$2:$Q$149,0))-1)*4+1)&"）","") | R24: =組分け!B23&"" | S24: =組分け!D23&"" | T24: =組分け!F23&"" | U24: =組分け!H23&"" | V24: =組分け!L23&"" | W24: =組分け!N23&"" | X24: =組分け!P23&"" | Y24: =組分け!R23&""
A25: 20 | L25: =COUNTIF(B25:E25,"?*") | M25: =COUNTIF(G25:J25,"?*") | O25: =IFERROR(INDEX(計算用!$D$2:$D$149,MATCH(20,計算用!$P$2:$P$149,0))&"（"&INDEX(データ入力!$B$3:$N$3,1,(INDEX(計算用!$B$2:$B$149,MATCH(20,計算用!$P$2:$P$149,0))-1)*4+1)&"）","") | P25: =IFERROR(INDEX(計算用!$D$2:$D$149,MATCH(20,計算用!$Q$2:$Q$149,0))&"（"&INDEX(データ入力!$B$3:$N$3,1,(INDEX(計算用!$B$2:$B$149,MATCH(20,計算用!$Q$2:$Q$149,0))-1)*4+1)&"）","") | R25: =組分け!B24&"" | S25: =組分け!D24&"" | T25: =組分け!F24&"" | U25: =組分け!H24&"" | V25: =組分け!L24&"" | W25: =組分け!N24&"" | X25: =組分け!P24&"" | Y25: =組分け!R24&""
A26: 21 | L26: =COUNTIF(B26:E26,"?*") | M26: =COUNTIF(G26:J26,"?*") | O26: =IFERROR(INDEX(計算用!$D$2:$D$149,MATCH(21,計算用!$P$2:$P$149,0))&"（"&INDEX(データ入力!$B$3:$N$3,1,(INDEX(計算用!$B$2:$B$149,MATCH(21,計算用!$P$2:$P$149,0))-1)*4+1)&"）","") | P26: =IFERROR(INDEX(計算用!$D$2:$D$149,MATCH(21,計算用!$Q$2:$Q$149,0))&"（"&INDEX(データ入力!$B$3:$N$3,1,(INDEX(計算用!$B$2:$B$149,MATCH(21,計算用!$Q$2:$Q$149,0))-1)*4+1)&"）","") | R26: =組分け!B25&"" | S26: =組分け!D25&"" | T26: =組分け!F25&"" | U26: =組分け!H25&"" | V26: =組分け!L25&"" | W26: =組分け!N25&"" | X26: =組分け!P25&"" | Y26: =組分け!R25&""
A27: 22 | L27: =COUNTIF(B27:E27,"?*") | M27: =COUNTIF(G27:J27,"?*") | O27: =IFERROR(INDEX(計算用!$D$2:$D$149,MATCH(22,計算用!$P$2:$P$149,0))&"（"&INDEX(データ入力!$B$3:$N$3,1,(INDEX(計算用!$B$2:$B$149,MATCH(22,計算用!$P$2:$P$149,0))-1)*4+1)&"）","") | P27: =IFERROR(INDEX(計算用!$D$2:$D$149,MATCH(22,計算用!$Q$2:$Q$149,0))&"（"&INDEX(データ入力!$B$3:$N$3,1,(INDEX(計算用!$B$2:$B$149,MATCH(22,計算用!$Q$2:$Q$149,0))-1)*4+1)&"）","") | R27: =組分け!B26&"" | S27: =組分け!D26&"" | T27: =組分け!F26&"" | U27: =組分け!H26&"" | V27: =組分け!L26&"" | W27: =組分け!N26&"" | X27: =組分け!P26&"" | Y27: =組分け!R26&""
A28: 23 | L28: =COUNTIF(B28:E28,"?*") | M28: =COUNTIF(G28:J28,"?*") | O28: =IFERROR(INDEX(計算用!$D$2:$D$149,MATCH(23,計算用!$P$2:$P$149,0))&"（"&INDEX(データ入力!$B$3:$N$3,1,(INDEX(計算用!$B$2:$B$149,MATCH(23,計算用!$P$2:$P$149,0))-1)*4+1)&"）","") | P28: =IFERROR(INDEX(計算用!$D$2:$D$149,MATCH(23,計算用!$Q$2:$Q$149,0))&"（"&INDEX(データ入力!$B$3:$N$3,1,(INDEX(計算用!$B$2:$B$149,MATCH(23,計算用!$Q$2:$Q$149,0))-1)*4+1)&"）","") | R28: =組分け!B27&"" | S28: =組分け!D27&"" | T28: =組分け!F27&"" | U28: =組分け!H27&"" | V28: =組分け!L27&"" | W28: =組分け!N27&"" | X28: =組分け!P27&"" | Y28: =組分け!R27&""
A29: 24 | L29: =COUNTIF(B29:E29,"?*") | M29: =COUNTIF(G29:J29,"?*") | O29: =IFERROR(INDEX(計算用!$D$2:$D$149,MATCH(24,計算用!$P$2:$P$149,0))&"（"&INDEX(データ入力!$B$3:$N$3,1,(INDEX(計算用!$B$2:$B$149,MATCH(24,計算用!$P$2:$P$149,0))-1)*4+1)&"）","") | P29: =IFERROR(INDEX(計算用!$D$2:$D$149,MATCH(24,計算用!$Q$2:$Q$149,0))&"（"&INDEX(データ入力!$B$3:$N$3,1,(INDEX(計算用!$B$2:$B$149,MATCH(24,計算用!$Q$2:$Q$149,0))-1)*4+1)&"）","") | R29: =組分け!B28&"" | S29: =組分け!D28&"" | T29: =組分け!F28&"" | U29: =組分け!H28&"" | V29: =組分け!L28&"" | W29: =組分け!N28&"" | X29: =組分け!P28&"" | Y29: =組分け!R28&""
A30: 25 | L30: =COUNTIF(B30:E30,"?*") | M30: =COUNTIF(G30:J30,"?*") | O30: =IFERROR(INDEX(計算用!$D$2:$D$149,MATCH(25,計算用!$P$2:$P$149,0))&"（"&INDEX(データ入力!$B$3:$N$3,1,(INDEX(計算用!$B$2:$B$149,MATCH(25,計算用!$P$2:$P$149,0))-1)*4+1)&"）","") | P30: =IFERROR(INDEX(計算用!$D$2:$D$149,MATCH(25,計算用!$Q$2:$Q$149,0))&"（"&INDEX(データ入力!$B$3:$N$3,1,(INDEX(計算用!$B$2:$B$149,MATCH(25,計算用!$Q$2:$Q$149,0))-1)*4+1)&"）","") | R30: =組分け!B29&"" | S30: =組分け!D29&"" | T30: =組分け!F29&"" | U30: =組分け!H29&"" | V30: =組分け!L29&"" | W30: =組分け!N29&"" | X30: =組分け!P29&"" | Y30: =組分け!R29&""
A31: 26 | L31: =COUNTIF(B31:E31,"?*") | M31: =COUNTIF(G31:J31,"?*") | O31: =IFERROR(INDEX(計算用!$D$2:$D$149,MATCH(26,計算用!$P$2:$P$149,0))&"（"&INDEX(データ入力!$B$3:$N$3,1,(INDEX(計算用!$B$2:$B$149,MATCH(26,計算用!$P$2:$P$149,0))-1)*4+1)&"）","") | P31: =IFERROR(INDEX(計算用!$D$2:$D$149,MATCH(26,計算用!$Q$2:$Q$149,0))&"（"&INDEX(データ入力!$B$3:$N$3,1,(INDEX(計算用!$B$2:$B$149,MATCH(26,計算用!$Q$2:$Q$149,0))-1)*4+1)&"）","") | R31: =組分け!B30&"" | S31: =組分け!D30&"" | T31: =組分け!F30&"" | U31: =組分け!H30&"" | V31: =組分け!L30&"" | W31: =組分け!N30&"" | X31: =組分け!P30&"" | Y31: =組分け!R30&""
A32: 27 | L32: =COUNTIF(B32:E32,"?*") | M32: =COUNTIF(G32:J32,"?*") | O32: =IFERROR(INDEX(計算用!$D$2:$D$149,MATCH(27,計算用!$P$2:$P$149,0))&"（"&INDEX(データ入力!$B$3:$N$3,1,(INDEX(計算用!$B$2:$B$149,MATCH(27,計算用!$P$2:$P$149,0))-1)*4+1)&"）","") | P32: =IFERROR(INDEX(計算用!$D$2:$D$149,MATCH(27,計算用!$Q$2:$Q$149,0))&"（"&INDEX(データ入力!$B$3:$N$3,1,(INDEX(計算用!$B$2:$B$149,MATCH(27,計算用!$Q$2:$Q$149,0))-1)*4+1)&"）","") | R32: =組分け!B31&"" | S32: =組分け!D31&"" | T32: =組分け!F31&"" | U32: =組分け!H31&"" | V32: =組分け!L31&"" | W32: =組分け!N31&"" | X32: =組分け!P31&"" | Y32: =組分け!R31&""
A33: 28 | L33: =COUNTIF(B33:E33,"?*") | M33: =COUNTIF(G33:J33,"?*") | O33: =IFERROR(INDEX(計算用!$D$2:$D$149,MATCH(28,計算用!$P$2:$P$149,0))&"（"&INDEX(データ入力!$B$3:$N$3,1,(INDEX(計算用!$B$2:$B$149,MATCH(28,計算用!$P$2:$P$149,0))-1)*4+1)&"）","") | P33: =IFERROR(INDEX(計算用!$D$2:$D$149,MATCH(28,計算用!$Q$2:$Q$149,0))&"（"&INDEX(データ入力!$B$3:$N$3,1,(INDEX(計算用!$B$2:$B$149,MATCH(28,計算用!$Q$2:$Q$149,0))-1)*4+1)&"）","") | R33: =組分け!B32&"" | S33: =組分け!D32&"" | T33: =組分け!F32&"" | U33: =組分け!H32&"" | V33: =組分け!L32&"" | W33: =組分け!N32&"" | X33: =組分け!P32&"" | Y33: =組分け!R32&""
A34: 29 | L34: =COUNTIF(B34:E34,"?*") | M34: =COUNTIF(G34:J34,"?*") | O34: =IFERROR(INDEX(計算用!$D$2:$D$149,MATCH(29,計算用!$P$2:$P$149,0))&"（"&INDEX(データ入力!$B$3:$N$3,1,(INDEX(計算用!$B$2:$B$149,MATCH(29,計算用!$P$2:$P$149,0))-1)*4+1)&"）","") | P34: =IFERROR(INDEX(計算用!$D$2:$D$149,MATCH(29,計算用!$Q$2:$Q$149,0))&"（"&INDEX(データ入力!$B$3:$N$3,1,(INDEX(計算用!$B$2:$B$149,MATCH(29,計算用!$Q$2:$Q$149,0))-1)*4+1)&"）","") | R34: =組分け!B33&"" | S34: =組分け!D33&"" | T34: =組分け!F33&"" | U34: =組分け!H33&"" | V34: =組分け!L33&"" | W34: =組分け!N33&"" | X34: =組分け!P33&"" | Y34: =組分け!R33&""
A35: 30 | L35: =COUNTIF(B35:E35,"?*") | M35: =COUNTIF(G35:J35,"?*") | O35: =IFERROR(INDEX(計算用!$D$2:$D$149,MATCH(30,計算用!$P$2:$P$149,0))&"（"&INDEX(データ入力!$B$3:$N$3,1,(INDEX(計算用!$B$2:$B$149,MATCH(30,計算用!$P$2:$P$149,0))-1)*4+1)&"）","") | P35: =IFERROR(INDEX(計算用!$D$2:$D$149,MATCH(30,計算用!$Q$2:$Q$149,0))&"（"&INDEX(データ入力!$B$3:$N$3,1,(INDEX(計算用!$B$2:$B$149,MATCH(30,計算用!$Q$2:$Q$149,0))-1)*4+1)&"）","") | R35: =組分け!B34&"" | S35: =組分け!D34&"" | T35: =組分け!F34&"" | U35: =組分け!H34&"" | V35: =組分け!L34&"" | W35: =組分け!N34&"" | X35: =組分け!P34&"" | Y35: =組分け!R34&""
A36: 31 | L36: =COUNTIF(B36:E36,"?*") | M36: =COUNTIF(G36:J36,"?*") | O36: =IFERROR(INDEX(計算用!$D$2:$D$149,MATCH(31,計算用!$P$2:$P$149,0))&"（"&INDEX(データ入力!$B$3:$N$3,1,(INDEX(計算用!$B$2:$B$149,MATCH(31,計算用!$P$2:$P$149,0))-1)*4+1)&"）","") | P36: =IFERROR(INDEX(計算用!$D$2:$D$149,MATCH(31,計算用!$Q$2:$Q$149,0))&"（"&INDEX(データ入力!$B$3:$N$3,1,(INDEX(計算用!$B$2:$B$149,MATCH(31,計算用!$Q$2:$Q$149,0))-1)*4+1)&"）","") | R36: =組分け!B35&"" | S36: =組分け!D35&"" | T36: =組分け!F35&"" | U36: =組分け!H35&"" | V36: =組分け!L35&"" | W36: =組分け!N35&"" | X36: =組分け!P35&"" | Y36: =組分け!R35&""
A37: 32 | L37: =COUNTIF(B37:E37,"?*") | M37: =COUNTIF(G37:J37,"?*") | O37: =IFERROR(INDEX(計算用!$D$2:$D$149,MATCH(32,計算用!$P$2:$P$149,0))&"（"&INDEX(データ入力!$B$3:$N$3,1,(INDEX(計算用!$B$2:$B$149,MATCH(32,計算用!$P$2:$P$149,0))-1)*4+1)&"）","") | P37: =IFERROR(INDEX(計算用!$D$2:$D$149,MATCH(32,計算用!$Q$2:$Q$149,0))&"（"&INDEX(データ入力!$B$3:$N$3,1,(INDEX(計算用!$B$2:$B$149,MATCH(32,計算用!$Q$2:$Q$149,0))-1)*4+1)&"）","") | R37: =組分け!B36&"" | S37: =組分け!D36&"" | T37: =組分け!F36&"" | U37: =組分け!H36&"" | V37: =組分け!L36&"" | W37: =組分け!N36&"" | X37: =組分け!P36&"" | Y37: =組分け!R36&""
A38: 33 | L38: =COUNTIF(B38:E38,"?*") | M38: =COUNTIF(G38:J38,"?*") | O38: =IFERROR(INDEX(計算用!$D$2:$D$149,MATCH(33,計算用!$P$2:$P$149,0))&"（"&INDEX(データ入力!$B$3:$N$3,1,(INDEX(計算用!$B$2:$B$149,MATCH(33,計算用!$P$2:$P$149,0))-1)*4+1)&"）","") | P38: =IFERROR(INDEX(計算用!$D$2:$D$149,MATCH(33,計算用!$Q$2:$Q$149,0))&"（"&INDEX(データ入力!$B$3:$N$3,1,(INDEX(計算用!$B$2:$B$149,MATCH(33,計算用!$Q$2:$Q$149,0))-1)*4+1)&"）","") | R38: =組分け!B37&"" | S38: =組分け!D37&"" | T38: =組分け!F37&"" | U38: =組分け!H37&"" | V38: =組分け!L37&"" | W38: =組分け!N37&"" | X38: =組分け!P37&"" | Y38: =組分け!R37&""
A39: 34 | L39: =COUNTIF(B39:E39,"?*") | M39: =COUNTIF(G39:J39,"?*") | O39: =IFERROR(INDEX(計算用!$D$2:$D$149,MATCH(34,計算用!$P$2:$P$149,0))&"（"&INDEX(データ入力!$B$3:$N$3,1,(INDEX(計算用!$B$2:$B$149,MATCH(34,計算用!$P$2:$P$149,0))-1)*4+1)&"）","") | P39: =IFERROR(INDEX(計算用!$D$2:$D$149,MATCH(34,計算用!$Q$2:$Q$149,0))&"（"&INDEX(データ入力!$B$3:$N$3,1,(INDEX(計算用!$B$2:$B$149,MATCH(34,計算用!$Q$2:$Q$149,0))-1)*4+1)&"）","") | R39: =組分け!B38&"" | S39: =組分け!D38&"" | T39: =組分け!F38&"" | U39: =組分け!H38&"" | V39: =組分け!L38&"" | W39: =組分け!N38&"" | X39: =組分け!P38&"" | Y39: =組分け!R38&""
A40: 35 | L40: =COUNTIF(B40:E40,"?*") | M40: =COUNTIF(G40:J40,"?*") | O40: =IFERROR(INDEX(計算用!$D$2:$D$149,MATCH(35,計算用!$P$2:$P$149,0))&"（"&INDEX(データ入力!$B$3:$N$3,1,(INDEX(計算用!$B$2:$B$149,MATCH(35,計算用!$P$2:$P$149,0))-1)*4+1)&"）","") | P40: =IFERROR(INDEX(計算用!$D$2:$D$149,MATCH(35,計算用!$Q$2:$Q$149,0))&"（"&INDEX(データ入力!$B$3:$N$3,1,(INDEX(計算用!$B$2:$B$149,MATCH(35,計算用!$Q$2:$Q$149,0))-1)*4+1)&"）","") | R40: =組分け!B39&"" | S40: =組分け!D39&"" | T40: =組分け!F39&"" | U40: =組分け!H39&"" | V40: =組分け!L39&"" | W40: =組分け!N39&"" | X40: =組分け!P39&"" | Y40: =組分け!R39&""
A41: 36 | L41: =COUNTIF(B41:E41,"?*") | M41: =COUNTIF(G41:J41,"?*") | O41: =IFERROR(INDEX(計算用!$D$2:$D$149,MATCH(36,計算用!$P$2:$P$149,0))&"（"&INDEX(データ入力!$B$3:$N$3,1,(INDEX(計算用!$B$2:$B$149,MATCH(36,計算用!$P$2:$P$149,0))-1)*4+1)&"）","") | P41: =IFERROR(INDEX(計算用!$D$2:$D$149,MATCH(36,計算用!$Q$2:$Q$149,0))&"（"&INDEX(データ入力!$B$3:$N$3,1,(INDEX(計算用!$B$2:$B$149,MATCH(36,計算用!$Q$2:$Q$149,0))-1)*4+1)&"）","") | R41: =組分け!B40&"" | S41: =組分け!D40&"" | T41: =組分け!F40&"" | U41: =組分け!H40&"" | V41: =組分け!L40&"" | W41: =組分け!N40&"" | X41: =組分け!P40&"" | Y41: =組分け!R40&""
A42: 37 | L42: =COUNTIF(B42:E42,"?*") | M42: =COUNTIF(G42:J42,"?*") | O42: =IFERROR(INDEX(計算用!$D$2:$D$149,MATCH(37,計算用!$P$2:$P$149,0))&"（"&INDEX(データ入力!$B$3:$N$3,1,(INDEX(計算用!$B$2:$B$149,MATCH(37,計算用!$P$2:$P$149,0))-1)*4+1)&"）","") | P42: =IFERROR(INDEX(計算用!$D$2:$D$149,MATCH(37,計算用!$Q$2:$Q$149,0))&"（"&INDEX(データ入力!$B$3:$N$3,1,(INDEX(計算用!$B$2:$B$149,MATCH(37,計算用!$Q$2:$Q$149,0))-1)*4+1)&"）","") | R42: =組分け!B41&"" | S42: =組分け!D41&"" | T42: =組分け!F41&"" | U42: =組分け!H41&"" | V42: =組分け!L41&"" | W42: =組分け!N41&"" | X42: =組分け!P41&"" | Y42: =組分け!R41&""

Sheet 掲示用
A1: 徒競走 走順一覧 | K1: 色 | L1: 色あり
B2: =(計算用!$U$5+0)&"コース" | C2: =(計算用!$U$5+1)&"コース" | D2: =(計算用!$U$5+2)&"コース" | E2: =(計算用!$U$5+3)&"コース" | G2: 10月6日の週に 学年でこの並びを やります。 自分が何レース何コースなのか、 必ず覚えましょう。 また、自分の前後・ 左右の友達も必ず 覚えましょう。 １分で並びます。 授業後コース変更の 説明をします。 ９月２９日（月）までに 必要なら修正をして おきましょう。 修正の仕方 ※同じレース内での交換を行う。 ※新しいコースを名前の右側に②のように書き入れる ※空欄にも同じレース内ならば、入れてよい。 | K2: ← 印刷の前に選んでください（この欄は印刷されません）
A3: =計算用!$AD$2 | B3: =IF(計算用!$Z$2="","",IF(計算用!$U$24,IF(計算用!$Z$2="A",INDEX(手直し!$B$6:$E$42,計算用!$AC$2,MOD(0-計算用!$AE$2+1,4)+1),INDEX(手直し!$G$6:$J$42,計算用!$AC$2,MOD(0-計算用!$AE$2+1,4)+1)),IF(計算用!$Z$2="A",INDEX(組分け!$B$5:$I$41,計算用!$AC$2,(MOD(0-計算用!$AE$2+1,4)+1)*2-1),INDEX(組分け!$L$5:$S$41,計算用!$AC$2,(MOD(0-計算用!$AE$2+1,4)+1)*2-1)))&"") | C3: =IF(計算用!$Z$2="","",IF(計算用!$U$24,IF(計算用!$Z$2="A",INDEX(手直し!$B$6:$E$42,計算用!$AC$2,MOD(1-計算用!$AE$2+1,4)+1),INDEX(手直し!$G$6:$J$42,計算用!$AC$2,MOD(1-計算用!$AE$2+1,4)+1)),IF(計算用!$Z$2="A",INDEX(組分け!$B$5:$I$41,計算用!$AC$2,(MOD(1-計算用!$AE$2+1,4)+1)*2-1),INDEX(組分け!$L$5:$S$41,計算用!$AC$2,(MOD(1-計算用!$AE$2+1,4)+1)*2-1)))&"") | D3: =IF(計算用!$Z$2="","",IF(計算用!$U$24,IF(計算用!$Z$2="A",INDEX(手直し!$B$6:$E$42,計算用!$AC$2,MOD(2-計算用!$AE$2+1,4)+1),INDEX(手直し!$G$6:$J$42,計算用!$AC$2,MOD(2-計算用!$AE$2+1,4)+1)),IF(計算用!$Z$2="A",INDEX(組分け!$B$5:$I$41,計算用!$AC$2,(MOD(2-計算用!$AE$2+1,4)+1)*2-1),INDEX(組分け!$L$5:$S$41,計算用!$AC$2,(MOD(2-計算用!$AE$2+1,4)+1)*2-1)))&"") | E3: =IF(計算用!$Z$2="","",IF(計算用!$U$24,IF(計算用!$Z$2="A",INDEX(手直し!$B$6:$E$42,計算用!$AC$2,MOD(3-計算用!$AE$2+1,4)+1),INDEX(手直し!$G$6:$J$42,計算用!$AC$2,MOD(3-計算用!$AE$2+1,4)+1)),IF(計算用!$Z$2="A",INDEX(組分け!$B$5:$I$41,計算用!$AC$2,(MOD(3-計算用!$AE$2+1,4)+1)*2-1),INDEX(組分け!$L$5:$S$41,計算用!$AC$2,(MOD(3-計算用!$AE$2+1,4)+1)*2-1)))&"") | K3: =計算用!$U$27
A4: =計算用!$AD$3 | B4: =IF(計算用!$Z$3="","",IF(計算用!$U$24,IF(計算用!$Z$3="A",INDEX(手直し!$B$6:$E$42,計算用!$AC$3,MOD(0-計算用!$AE$3+1,4)+1),INDEX(手直し!$G$6:$J$42,計算用!$AC$3,MOD(0-計算用!$AE$3+1,4)+1)),IF(計算用!$Z$3="A",INDEX(組分け!$B$5:$I$41,計算用!$AC$3,(MOD(0-計算用!$AE$3+1,4)+1)*2-1),INDEX(組分け!$L$5:$S$41,計算用!$AC$3,(MOD(0-計算用!$AE$3+1,4)+1)*2-1)))&"") | C4: =IF(計算用!$Z$3="","",IF(計算用!$U$24,IF(計算用!$Z$3="A",INDEX(手直し!$B$6:$E$42,計算用!$AC$3,MOD(1-計算用!$AE$3+1,4)+1),INDEX(手直し!$G$6:$J$42,計算用!$AC$3,MOD(1-計算用!$AE$3+1,4)+1)),IF(計算用!$Z$3="A",INDEX(組分け!$B$5:$I$41,計算用!$AC$3,(MOD(1-計算用!$AE$3+1,4)+1)*2-1),INDEX(組分け!$L$5:$S$41,計算用!$AC$3,(MOD(1-計算用!$AE$3+1,4)+1)*2-1)))&"") | D4: =IF(計算用!$Z$3="","",IF(計算用!$U$24,IF(計算用!$Z$3="A",INDEX(手直し!$B$6:$E$42,計算用!$AC$3,MOD(2-計算用!$AE$3+1,4)+1),INDEX(手直し!$G$6:$J$42,計算用!$AC$3,MOD(2-計算用!$AE$3+1,4)+1)),IF(計算用!$Z$3="A",INDEX(組分け!$B$5:$I$41,計算用!$AC$3,(MOD(2-計算用!$AE$3+1,4)+1)*2-1),INDEX(組分け!$L$5:$S$41,計算用!$AC$3,(MOD(2-計算用!$AE$3+1,4)+1)*2-1)))&"") | E4: =IF(計算用!$Z$3="","",IF(計算用!$U$24,IF(計算用!$Z$3="A",INDEX(手直し!$B$6:$E$42,計算用!$AC$3,MOD(3-計算用!$AE$3+1,4)+1),INDEX(手直し!$G$6:$J$42,計算用!$AC$3,MOD(3-計算用!$AE$3+1,4)+1)),IF(計算用!$Z$3="A",INDEX(組分け!$B$5:$I$41,計算用!$AC$3,(MOD(3-計算用!$AE$3+1,4)+1)*2-1),INDEX(組分け!$L$5:$S$41,計算用!$AC$3,(MOD(3-計算用!$AE$3+1,4)+1)*2-1)))&"")
A5: =計算用!$AD$4 | B5: =IF(計算用!$Z$4="","",IF(計算用!$U$24,IF(計算用!$Z$4="A",INDEX(手直し!$B$6:$E$42,計算用!$AC$4,MOD(0-計算用!$AE$4+1,4)+1),INDEX(手直し!$G$6:$J$42,計算用!$AC$4,MOD(0-計算用!$AE$4+1,4)+1)),IF(計算用!$Z$4="A",INDEX(組分け!$B$5:$I$41,計算用!$AC$4,(MOD(0-計算用!$AE$4+1,4)+1)*2-1),INDEX(組分け!$L$5:$S$41,計算用!$AC$4,(MOD(0-計算用!$AE$4+1,4)+1)*2-1)))&"") | C5: =IF(計算用!$Z$4="","",IF(計算用!$U$24,IF(計算用!$Z$4="A",INDEX(手直し!$B$6:$E$42,計算用!$AC$4,MOD(1-計算用!$AE$4+1,4)+1),INDEX(手直し!$G$6:$J$42,計算用!$AC$4,MOD(1-計算用!$AE$4+1,4)+1)),IF(計算用!$Z$4="A",INDEX(組分け!$B$5:$I$41,計算用!$AC$4,(MOD(1-計算用!$AE$4+1,4)+1)*2-1),INDEX(組分け!$L$5:$S$41,計算用!$AC$4,(MOD(1-計算用!$AE$4+1,4)+1)*2-1)))&"") | D5: =IF(計算用!$Z$4="","",IF(計算用!$U$24,IF(計算用!$Z$4="A",INDEX(手直し!$B$6:$E$42,計算用!$AC$4,MOD(2-計算用!$AE$4+1,4)+1),INDEX(手直し!$G$6:$J$42,計算用!$AC$4,MOD(2-計算用!$AE$4+1,4)+1)),IF(計算用!$Z$4="A",INDEX(組分け!$B$5:$I$41,計算用!$AC$4,(MOD(2-計算用!$AE$4+1,4)+1)*2-1),INDEX(組分け!$L$5:$S$41,計算用!$AC$4,(MOD(2-計算用!$AE$4+1,4)+1)*2-1)))&"") | E5: =IF(計算用!$Z$4="","",IF(計算用!$U$24,IF(計算用!$Z$4="A",INDEX(手直し!$B$6:$E$42,計算用!$AC$4,MOD(3-計算用!$AE$4+1,4)+1),INDEX(手直し!$G$6:$J$42,計算用!$AC$4,MOD(3-計算用!$AE$4+1,4)+1)),IF(計算用!$Z$4="A",INDEX(組分け!$B$5:$I$41,計算用!$AC$4,(MOD(3-計算用!$AE$4+1,4)+1)*2-1),INDEX(組分け!$L$5:$S$41,計算用!$AC$4,(MOD(3-計算用!$AE$4+1,4)+1)*2-1)))&"")
A6: =計算用!$AD$5 | B6: =IF(計算用!$Z$5="","",IF(計算用!$U$24,IF(計算用!$Z$5="A",INDEX(手直し!$B$6:$E$42,計算用!$AC$5,MOD(0-計算用!$AE$5+1,4)+1),INDEX(手直し!$G$6:$J$42,計算用!$AC$5,MOD(0-計算用!$AE$5+1,4)+1)),IF(計算用!$Z$5="A",INDEX(組分け!$B$5:$I$41,計算用!$AC$5,(MOD(0-計算用!$AE$5+1,4)+1)*2-1),INDEX(組分け!$L$5:$S$41,計算用!$AC$5,(MOD(0-計算用!$AE$5+1,4)+1)*2-1)))&"") | C6: =IF(計算用!$Z$5="","",IF(計算用!$U$24,IF(計算用!$Z$5="A",INDEX(手直し!$B$6:$E$42,計算用!$AC$5,MOD(1-計算用!$AE$5+1,4)+1),INDEX(手直し!$G$6:$J$42,計算用!$AC$5,MOD(1-計算用!$AE$5+1,4)+1)),IF(計算用!$Z$5="A",INDEX(組分け!$B$5:$I$41,計算用!$AC$5,(MOD(1-計算用!$AE$5+1,4)+1)*2-1),INDEX(組分け!$L$5:$S$41,計算用!$AC$5,(MOD(1-計算用!$AE$5+1,4)+1)*2-1)))&"") | D6: =IF(計算用!$Z$5="","",IF(計算用!$U$24,IF(計算用!$Z$5="A",INDEX(手直し!$B$6:$E$42,計算用!$AC$5,MOD(2-計算用!$AE$5+1,4)+1),INDEX(手直し!$G$6:$J$42,計算用!$AC$5,MOD(2-計算用!$AE$5+1,4)+1)),IF(計算用!$Z$5="A",INDEX(組分け!$B$5:$I$41,計算用!$AC$5,(MOD(2-計算用!$AE$5+1,4)+1)*2-1),INDEX(組分け!$L$5:$S$41,計算用!$AC$5,(MOD(2-計算用!$AE$5+1,4)+1)*2-1)))&"") | E6: =IF(計算用!$Z$5="","",IF(計算用!$U$24,IF(計算用!$Z$5="A",INDEX(手直し!$B$6:$E$42,計算用!$AC$5,MOD(3-計算用!$AE$5+1,4)+1),INDEX(手直し!$G$6:$J$42,計算用!$AC$5,MOD(3-計算用!$AE$5+1,4)+1)),IF(計算用!$Z$5="A",INDEX(組分け!$B$5:$I$41,計算用!$AC$5,(MOD(3-計算用!$AE$5+1,4)+1)*2-1),INDEX(組分け!$L$5:$S$41,計算用!$AC$5,(MOD(3-計算用!$AE$5+1,4)+1)*2-1)))&"")
A7: =計算用!$AD$6 | B7: =IF(計算用!$Z$6="","",IF(計算用!$U$24,IF(計算用!$Z$6="A",INDEX(手直し!$B$6:$E$42,計算用!$AC$6,MOD(0-計算用!$AE$6+1,4)+1),INDEX(手直し!$G$6:$J$42,計算用!$AC$6,MOD(0-計算用!$AE$6+1,4)+1)),IF(計算用!$Z$6="A",INDEX(組分け!$B$5:$I$41,計算用!$AC$6,(MOD(0-計算用!$AE$6+1,4)+1)*2-1),INDEX(組分け!$L$5:$S$41,計算用!$AC$6,(MOD(0-計算用!$AE$6+1,4)+1)*2-1)))&"") | C7: =IF(計算用!$Z$6="","",IF(計算用!$U$24,IF(計算用!$Z$6="A",INDEX(手直し!$B$6:$E$42,計算用!$AC$6,MOD(1-計算用!$AE$6+1,4)+1),INDEX(手直し!$G$6:$J$42,計算用!$AC$6,MOD(1-計算用!$AE$6+1,4)+1)),IF(計算用!$Z$6="A",INDEX(組分け!$B$5:$I$41,計算用!$AC$6,(MOD(1-計算用!$AE$6+1,4)+1)*2-1),INDEX(組分け!$L$5:$S$41,計算用!$AC$6,(MOD(1-計算用!$AE$6+1,4)+1)*2-1)))&"") | D7: =IF(計算用!$Z$6="","",IF(計算用!$U$24,IF(計算用!$Z$6="A",INDEX(手直し!$B$6:$E$42,計算用!$AC$6,MOD(2-計算用!$AE$6+1,4)+1),INDEX(手直し!$G$6:$J$42,計算用!$AC$6,MOD(2-計算用!$AE$6+1,4)+1)),IF(計算用!$Z$6="A",INDEX(組分け!$B$5:$I$41,計算用!$AC$6,(MOD(2-計算用!$AE$6+1,4)+1)*2-1),INDEX(組分け!$L$5:$S$41,計算用!$AC$6,(MOD(2-計算用!$AE$6+1,4)+1)*2-1)))&"") | E7: =IF(計算用!$Z$6="","",IF(計算用!$U$24,IF(計算用!$Z$6="A",INDEX(手直し!$B$6:$E$42,計算用!$AC$6,MOD(3-計算用!$AE$6+1,4)+1),INDEX(手直し!$G$6:$J$42,計算用!$AC$6,MOD(3-計算用!$AE$6+1,4)+1)),IF(計算用!$Z$6="A",INDEX(組分け!$B$5:$I$41,計算用!$AC$6,(MOD(3-計算用!$AE$6+1,4)+1)*2-1),INDEX(組分け!$L$5:$S$41,計算用!$AC$6,(MOD(3-計算用!$AE$6+1,4)+1)*2-1)))&"")
A8: =計算用!$AD$7 | B8: =IF(計算用!$Z$7="","",IF(計算用!$U$24,IF(計算用!$Z$7="A",INDEX(手直し!$B$6:$E$42,計算用!$AC$7,MOD(0-計算用!$AE$7+1,4)+1),INDEX(手直し!$G$6:$J$42,計算用!$AC$7,MOD(0-計算用!$AE$7+1,4)+1)),IF(計算用!$Z$7="A",INDEX(組分け!$B$5:$I$41,計算用!$AC$7,(MOD(0-計算用!$AE$7+1,4)+1)*2-1),INDEX(組分け!$L$5:$S$41,計算用!$AC$7,(MOD(0-計算用!$AE$7+1,4)+1)*2-1)))&"") | C8: =IF(計算用!$Z$7="","",IF(計算用!$U$24,IF(計算用!$Z$7="A",INDEX(手直し!$B$6:$E$42,計算用!$AC$7,MOD(1-計算用!$AE$7+1,4)+1),INDEX(手直し!$G$6:$J$42,計算用!$AC$7,MOD(1-計算用!$AE$7+1,4)+1)),IF(計算用!$Z$7="A",INDEX(組分け!$B$5:$I$41,計算用!$AC$7,(MOD(1-計算用!$AE$7+1,4)+1)*2-1),INDEX(組分け!$L$5:$S$41,計算用!$AC$7,(MOD(1-計算用!$AE$7+1,4)+1)*2-1)))&"") | D8: =IF(計算用!$Z$7="","",IF(計算用!$U$24,IF(計算用!$Z$7="A",INDEX(手直し!$B$6:$E$42,計算用!$AC$7,MOD(2-計算用!$AE$7+1,4)+1),INDEX(手直し!$G$6:$J$42,計算用!$AC$7,MOD(2-計算用!$AE$7+1,4)+1)),IF(計算用!$Z$7="A",INDEX(組分け!$B$5:$I$41,計算用!$AC$7,(MOD(2-計算用!$AE$7+1,4)+1)*2-1),INDEX(組分け!$L$5:$S$41,計算用!$AC$7,(MOD(2-計算用!$AE$7+1,4)+1)*2-1)))&"") | E8: =IF(計算用!$Z$7="","",IF(計算用!$U$24,IF(計算用!$Z$7="A",INDEX(手直し!$B$6:$E$42,計算用!$AC$7,MOD(3-計算用!$AE$7+1,4)+1),INDEX(手直し!$G$6:$J$42,計算用!$AC$7,MOD(3-計算用!$AE$7+1,4)+1)),IF(計算用!$Z$7="A",INDEX(組分け!$B$5:$I$41,計算用!$AC$7,(MOD(3-計算用!$AE$7+1,4)+1)*2-1),INDEX(組分け!$L$5:$S$41,計算用!$AC$7,(MOD(3-計算用!$AE$7+1,4)+1)*2-1)))&"")
A9: =計算用!$AD$8 | B9: =IF(計算用!$Z$8="","",IF(計算用!$U$24,IF(計算用!$Z$8="A",INDEX(手直し!$B$6:$E$42,計算用!$AC$8,MOD(0-計算用!$AE$8+1,4)+1),INDEX(手直し!$G$6:$J$42,計算用!$AC$8,MOD(0-計算用!$AE$8+1,4)+1)),IF(計算用!$Z$8="A",INDEX(組分け!$B$5:$I$41,計算用!$AC$8,(MOD(0-計算用!$AE$8+1,4)+1)*2-1),INDEX(組分け!$L$5:$S$41,計算用!$AC$8,(MOD(0-計算用!$AE$8+1,4)+1)*2-1)))&"") | C9: =IF(計算用!$Z$8="","",IF(計算用!$U$24,IF(計算用!$Z$8="A",INDEX(手直し!$B$6:$E$42,計算用!$AC$8,MOD(1-計算用!$AE$8+1,4)+1),INDEX(手直し!$G$6:$J$42,計算用!$AC$8,MOD(1-計算用!$AE$8+1,4)+1)),IF(計算用!$Z$8="A",INDEX(組分け!$B$5:$I$41,計算用!$AC$8,(MOD(1-計算用!$AE$8+1,4)+1)*2-1),INDEX(組分け!$L$5:$S$41,計算用!$AC$8,(MOD(1-計算用!$AE$8+1,4)+1)*2-1)))&"") | D9: =IF(計算用!$Z$8="","",IF(計算用!$U$24,IF(計算用!$Z$8="A",INDEX(手直し!$B$6:$E$42,計算用!$AC$8,MOD(2-計算用!$AE$8+1,4)+1),INDEX(手直し!$G$6:$J$42,計算用!$AC$8,MOD(2-計算用!$AE$8+1,4)+1)),IF(計算用!$Z$8="A",INDEX(組分け!$B$5:$I$41,計算用!$AC$8,(MOD(2-計算用!$AE$8+1,4)+1)*2-1),INDEX(組分け!$L$5:$S$41,計算用!$AC$8,(MOD(2-計算用!$AE$8+1,4)+1)*2-1)))&"") | E9: =IF(計算用!$Z$8="","",IF(計算用!$U$24,IF(計算用!$Z$8="A",INDEX(手直し!$B$6:$E$42,計算用!$AC$8,MOD(3-計算用!$AE$8+1,4)+1),INDEX(手直し!$G$6:$J$42,計算用!$AC$8,MOD(3-計算用!$AE$8+1,4)+1)),IF(計算用!$Z$8="A",INDEX(組分け!$B$5:$I$41,計算用!$AC$8,(MOD(3-計算用!$AE$8+1,4)+1)*2-1),INDEX(組分け!$L$5:$S$41,計算用!$AC$8,(MOD(3-計算用!$AE$8+1,4)+1)*2-1)))&"")
A10: =計算用!$AD$9 | B10: =IF(計算用!$Z$9="","",IF(計算用!$U$24,IF(計算用!$Z$9="A",INDEX(手直し!$B$6:$E$42,計算用!$AC$9,MOD(0-計算用!$AE$9+1,4)+1),INDEX(手直し!$G$6:$J$42,計算用!$AC$9,MOD(0-計算用!$AE$9+1,4)+1)),IF(計算用!$Z$9="A",INDEX(組分け!$B$5:$I$41,計算用!$AC$9,(MOD(0-計算用!$AE$9+1,4)+1)*2-1),INDEX(組分け!$L$5:$S$41,計算用!$AC$9,(MOD(0-計算用!$AE$9+1,4)+1)*2-1)))&"") | C10: =IF(計算用!$Z$9="","",IF(計算用!$U$24,IF(計算用!$Z$9="A",INDEX(手直し!$B$6:$E$42,計算用!$AC$9,MOD(1-計算用!$AE$9+1,4)+1),INDEX(手直し!$G$6:$J$42,計算用!$AC$9,MOD(1-計算用!$AE$9+1,4)+1)),IF(計算用!$Z$9="A",INDEX(組分け!$B$5:$I$41,計算用!$AC$9,(MOD(1-計算用!$AE$9+1,4)+1)*2-1),INDEX(組分け!$L$5:$S$41,計算用!$AC$9,(MOD(1-計算用!$AE$9+1,4)+1)*2-1)))&"") | D10: =IF(計算用!$Z$9="","",IF(計算用!$U$24,IF(計算用!$Z$9="A",INDEX(手直し!$B$6:$E$42,計算用!$AC$9,MOD(2-計算用!$AE$9+1,4)+1),INDEX(手直し!$G$6:$J$42,計算用!$AC$9,MOD(2-計算用!$AE$9+1,4)+1)),IF(計算用!$Z$9="A",INDEX(組分け!$B$5:$I$41,計算用!$AC$9,(MOD(2-計算用!$AE$9+1,4)+1)*2-1),INDEX(組分け!$L$5:$S$41,計算用!$AC$9,(MOD(2-計算用!$AE$9+1,4)+1)*2-1)))&"") | E10: =IF(計算用!$Z$9="","",IF(計算用!$U$24,IF(計算用!$Z$9="A",INDEX(手直し!$B$6:$E$42,計算用!$AC$9,MOD(3-計算用!$AE$9+1,4)+1),INDEX(手直し!$G$6:$J$42,計算用!$AC$9,MOD(3-計算用!$AE$9+1,4)+1)),IF(計算用!$Z$9="A",INDEX(組分け!$B$5:$I$41,計算用!$AC$9,(MOD(3-計算用!$AE$9+1,4)+1)*2-1),INDEX(組分け!$L$5:$S$41,計算用!$AC$9,(MOD(3-計算用!$AE$9+1,4)+1)*2-1)))&"")
A11: =計算用!$AD$10 | B11: =IF(計算用!$Z$10="","",IF(計算用!$U$24,IF(計算用!$Z$10="A",INDEX(手直し!$B$6:$E$42,計算用!$AC$10,MOD(0-計算用!$AE$10+1,4)+1),INDEX(手直し!$G$6:$J$42,計算用!$AC$10,MOD(0-計算用!$AE$10+1,4)+1)),IF(計算用!$Z$10="A",INDEX(組分け!$B$5:$I$41,計算用!$AC$10,(MOD(0-計算用!$AE$10+1,4)+1)*2-1),INDEX(組分け!$L$5:$S$41,計算用!$AC$10,(MOD(0-計算用!$AE$10+1,4)+1)*2-1)))&"") | C11: =IF(計算用!$Z$10="","",IF(計算用!$U$24,IF(計算用!$Z$10="A",INDEX(手直し!$B$6:$E$42,計算用!$AC$10,MOD(1-計算用!$AE$10+1,4)+1),INDEX(手直し!$G$6:$J$42,計算用!$AC$10,MOD(1-計算用!$AE$10+1,4)+1)),IF(計算用!$Z$10="A",INDEX(組分け!$B$5:$I$41,計算用!$AC$10,(MOD(1-計算用!$AE$10+1,4)+1)*2-1),INDEX(組分け!$L$5:$S$41,計算用!$AC$10,(MOD(1-計算用!$AE$10+1,4)+1)*2-1)))&"") | D11: =IF(計算用!$Z$10="","",IF(計算用!$U$24,IF(計算用!$Z$10="A",INDEX(手直し!$B$6:$E$42,計算用!$AC$10,MOD(2-計算用!$AE$10+1,4)+1),INDEX(手直し!$G$6:$J$42,計算用!$AC$10,MOD(2-計算用!$AE$10+1,4)+1)),IF(計算用!$Z$10="A",INDEX(組分け!$B$5:$I$41,計算用!$AC$10,(MOD(2-計算用!$AE$10+1,4)+1)*2-1),INDEX(組分け!$L$5:$S$41,計算用!$AC$10,(MOD(2-計算用!$AE$10+1,4)+1)*2-1)))&"") | E11: =IF(計算用!$Z$10="","",IF(計算用!$U$24,IF(計算用!$Z$10="A",INDEX(手直し!$B$6:$E$42,計算用!$AC$10,MOD(3-計算用!$AE$10+1,4)+1),INDEX(手直し!$G$6:$J$42,計算用!$AC$10,MOD(3-計算用!$AE$10+1,4)+1)),IF(計算用!$Z$10="A",INDEX(組分け!$B$5:$I$41,計算用!$AC$10,(MOD(3-計算用!$AE$10+1,4)+1)*2-1),INDEX(組分け!$L$5:$S$41,計算用!$AC$10,(MOD(3-計算用!$AE$10+1,4)+1)*2-1)))&"")
A12: =計算用!$AD$11 | B12: =IF(計算用!$Z$11="","",IF(計算用!$U$24,IF(計算用!$Z$11="A",INDEX(手直し!$B$6:$E$42,計算用!$AC$11,MOD(0-計算用!$AE$11+1,4)+1),INDEX(手直し!$G$6:$J$42,計算用!$AC$11,MOD(0-計算用!$AE$11+1,4)+1)),IF(計算用!$Z$11="A",INDEX(組分け!$B$5:$I$41,計算用!$AC$11,(MOD(0-計算用!$AE$11+1,4)+1)*2-1),INDEX(組分け!$L$5:$S$41,計算用!$AC$11,(MOD(0-計算用!$AE$11+1,4)+1)*2-1)))&"") | C12: =IF(計算用!$Z$11="","",IF(計算用!$U$24,IF(計算用!$Z$11="A",INDEX(手直し!$B$6:$E$42,計算用!$AC$11,MOD(1-計算用!$AE$11+1,4)+1),INDEX(手直し!$G$6:$J$42,計算用!$AC$11,MOD(1-計算用!$AE$11+1,4)+1)),IF(計算用!$Z$11="A",INDEX(組分け!$B$5:$I$41,計算用!$AC$11,(MOD(1-計算用!$AE$11+1,4)+1)*2-1),INDEX(組分け!$L$5:$S$41,計算用!$AC$11,(MOD(1-計算用!$AE$11+1,4)+1)*2-1)))&"") | D12: =IF(計算用!$Z$11="","",IF(計算用!$U$24,IF(計算用!$Z$11="A",INDEX(手直し!$B$6:$E$42,計算用!$AC$11,MOD(2-計算用!$AE$11+1,4)+1),INDEX(手直し!$G$6:$J$42,計算用!$AC$11,MOD(2-計算用!$AE$11+1,4)+1)),IF(計算用!$Z$11="A",INDEX(組分け!$B$5:$I$41,計算用!$AC$11,(MOD(2-計算用!$AE$11+1,4)+1)*2-1),INDEX(組分け!$L$5:$S$41,計算用!$AC$11,(MOD(2-計算用!$AE$11+1,4)+1)*2-1)))&"") | E12: =IF(計算用!$Z$11="","",IF(計算用!$U$24,IF(計算用!$Z$11="A",INDEX(手直し!$B$6:$E$42,計算用!$AC$11,MOD(3-計算用!$AE$11+1,4)+1),INDEX(手直し!$G$6:$J$42,計算用!$AC$11,MOD(3-計算用!$AE$11+1,4)+1)),IF(計算用!$Z$11="A",INDEX(組分け!$B$5:$I$41,計算用!$AC$11,(MOD(3-計算用!$AE$11+1,4)+1)*2-1),INDEX(組分け!$L$5:$S$41,計算用!$AC$11,(MOD(3-計算用!$AE$11+1,4)+1)*2-1)))&"")
A13: =計算用!$AD$12 | B13: =IF(計算用!$Z$12="","",IF(計算用!$U$24,IF(計算用!$Z$12="A",INDEX(手直し!$B$6:$E$42,計算用!$AC$12,MOD(0-計算用!$AE$12+1,4)+1),INDEX(手直し!$G$6:$J$42,計算用!$AC$12,MOD(0-計算用!$AE$12+1,4)+1)),IF(計算用!$Z$12="A",INDEX(組分け!$B$5:$I$41,計算用!$AC$12,(MOD(0-計算用!$AE$12+1,4)+1)*2-1),INDEX(組分け!$L$5:$S$41,計算用!$AC$12,(MOD(0-計算用!$AE$12+1,4)+1)*2-1)))&"") | C13: =IF(計算用!$Z$12="","",IF(計算用!$U$24,IF(計算用!$Z$12="A",INDEX(手直し!$B$6:$E$42,計算用!$AC$12,MOD(1-計算用!$AE$12+1,4)+1),INDEX(手直し!$G$6:$J$42,計算用!$AC$12,MOD(1-計算用!$AE$12+1,4)+1)),IF(計算用!$Z$12="A",INDEX(組分け!$B$5:$I$41,計算用!$AC$12,(MOD(1-計算用!$AE$12+1,4)+1)*2-1),INDEX(組分け!$L$5:$S$41,計算用!$AC$12,(MOD(1-計算用!$AE$12+1,4)+1)*2-1)))&"") | D13: =IF(計算用!$Z$12="","",IF(計算用!$U$24,IF(計算用!$Z$12="A",INDEX(手直し!$B$6:$E$42,計算用!$AC$12,MOD(2-計算用!$AE$12+1,4)+1),INDEX(手直し!$G$6:$J$42,計算用!$AC$12,MOD(2-計算用!$AE$12+1,4)+1)),IF(計算用!$Z$12="A",INDEX(組分け!$B$5:$I$41,計算用!$AC$12,(MOD(2-計算用!$AE$12+1,4)+1)*2-1),INDEX(組分け!$L$5:$S$41,計算用!$AC$12,(MOD(2-計算用!$AE$12+1,4)+1)*2-1)))&"") | E13: =IF(計算用!$Z$12="","",IF(計算用!$U$24,IF(計算用!$Z$12="A",INDEX(手直し!$B$6:$E$42,計算用!$AC$12,MOD(3-計算用!$AE$12+1,4)+1),INDEX(手直し!$G$6:$J$42,計算用!$AC$12,MOD(3-計算用!$AE$12+1,4)+1)),IF(計算用!$Z$12="A",INDEX(組分け!$B$5:$I$41,計算用!$AC$12,(MOD(3-計算用!$AE$12+1,4)+1)*2-1),INDEX(組分け!$L$5:$S$41,計算用!$AC$12,(MOD(3-計算用!$AE$12+1,4)+1)*2-1)))&"")
A14: =計算用!$AD$13 | B14: =IF(計算用!$Z$13="","",IF(計算用!$U$24,IF(計算用!$Z$13="A",INDEX(手直し!$B$6:$E$42,計算用!$AC$13,MOD(0-計算用!$AE$13+1,4)+1),INDEX(手直し!$G$6:$J$42,計算用!$AC$13,MOD(0-計算用!$AE$13+1,4)+1)),IF(計算用!$Z$13="A",INDEX(組分け!$B$5:$I$41,計算用!$AC$13,(MOD(0-計算用!$AE$13+1,4)+1)*2-1),INDEX(組分け!$L$5:$S$41,計算用!$AC$13,(MOD(0-計算用!$AE$13+1,4)+1)*2-1)))&"") | C14: =IF(計算用!$Z$13="","",IF(計算用!$U$24,IF(計算用!$Z$13="A",INDEX(手直し!$B$6:$E$42,計算用!$AC$13,MOD(1-計算用!$AE$13+1,4)+1),INDEX(手直し!$G$6:$J$42,計算用!$AC$13,MOD(1-計算用!$AE$13+1,4)+1)),IF(計算用!$Z$13="A",INDEX(組分け!$B$5:$I$41,計算用!$AC$13,(MOD(1-計算用!$AE$13+1,4)+1)*2-1),INDEX(組分け!$L$5:$S$41,計算用!$AC$13,(MOD(1-計算用!$AE$13+1,4)+1)*2-1)))&"") | D14: =IF(計算用!$Z$13="","",IF(計算用!$U$24,IF(計算用!$Z$13="A",INDEX(手直し!$B$6:$E$42,計算用!$AC$13,MOD(2-計算用!$AE$13+1,4)+1),INDEX(手直し!$G$6:$J$42,計算用!$AC$13,MOD(2-計算用!$AE$13+1,4)+1)),IF(計算用!$Z$13="A",INDEX(組分け!$B$5:$I$41,計算用!$AC$13,(MOD(2-計算用!$AE$13+1,4)+1)*2-1),INDEX(組分け!$L$5:$S$41,計算用!$AC$13,(MOD(2-計算用!$AE$13+1,4)+1)*2-1)))&"") | E14: =IF(計算用!$Z$13="","",IF(計算用!$U$24,IF(計算用!$Z$13="A",INDEX(手直し!$B$6:$E$42,計算用!$AC$13,MOD(3-計算用!$AE$13+1,4)+1),INDEX(手直し!$G$6:$J$42,計算用!$AC$13,MOD(3-計算用!$AE$13+1,4)+1)),IF(計算用!$Z$13="A",INDEX(組分け!$B$5:$I$41,計算用!$AC$13,(MOD(3-計算用!$AE$13+1,4)+1)*2-1),INDEX(組分け!$L$5:$S$41,計算用!$AC$13,(MOD(3-計算用!$AE$13+1,4)+1)*2-1)))&"")
A15: =計算用!$AD$14 | B15: =IF(計算用!$Z$14="","",IF(計算用!$U$24,IF(計算用!$Z$14="A",INDEX(手直し!$B$6:$E$42,計算用!$AC$14,MOD(0-計算用!$AE$14+1,4)+1),INDEX(手直し!$G$6:$J$42,計算用!$AC$14,MOD(0-計算用!$AE$14+1,4)+1)),IF(計算用!$Z$14="A",INDEX(組分け!$B$5:$I$41,計算用!$AC$14,(MOD(0-計算用!$AE$14+1,4)+1)*2-1),INDEX(組分け!$L$5:$S$41,計算用!$AC$14,(MOD(0-計算用!$AE$14+1,4)+1)*2-1)))&"") | C15: =IF(計算用!$Z$14="","",IF(計算用!$U$24,IF(計算用!$Z$14="A",INDEX(手直し!$B$6:$E$42,計算用!$AC$14,MOD(1-計算用!$AE$14+1,4)+1),INDEX(手直し!$G$6:$J$42,計算用!$AC$14,MOD(1-計算用!$AE$14+1,4)+1)),IF(計算用!$Z$14="A",INDEX(組分け!$B$5:$I$41,計算用!$AC$14,(MOD(1-計算用!$AE$14+1,4)+1)*2-1),INDEX(組分け!$L$5:$S$41,計算用!$AC$14,(MOD(1-計算用!$AE$14+1,4)+1)*2-1)))&"") | D15: =IF(計算用!$Z$14="","",IF(計算用!$U$24,IF(計算用!$Z$14="A",INDEX(手直し!$B$6:$E$42,計算用!$AC$14,MOD(2-計算用!$AE$14+1,4)+1),INDEX(手直し!$G$6:$J$42,計算用!$AC$14,MOD(2-計算用!$AE$14+1,4)+1)),IF(計算用!$Z$14="A",INDEX(組分け!$B$5:$I$41,計算用!$AC$14,(MOD(2-計算用!$AE$14+1,4)+1)*2-1),INDEX(組分け!$L$5:$S$41,計算用!$AC$14,(MOD(2-計算用!$AE$14+1,4)+1)*2-1)))&"") | E15: =IF(計算用!$Z$14="","",IF(計算用!$U$24,IF(計算用!$Z$14="A",INDEX(手直し!$B$6:$E$42,計算用!$AC$14,MOD(3-計算用!$AE$14+1,4)+1),INDEX(手直し!$G$6:$J$42,計算用!$AC$14,MOD(3-計算用!$AE$14+1,4)+1)),IF(計算用!$Z$14="A",INDEX(組分け!$B$5:$I$41,計算用!$AC$14,(MOD(3-計算用!$AE$14+1,4)+1)*2-1),INDEX(組分け!$L$5:$S$41,計算用!$AC$14,(MOD(3-計算用!$AE$14+1,4)+1)*2-1)))&"")
A16: =計算用!$AD$15 | B16: =IF(計算用!$Z$15="","",IF(計算用!$U$24,IF(計算用!$Z$15="A",INDEX(手直し!$B$6:$E$42,計算用!$AC$15,MOD(0-計算用!$AE$15+1,4)+1),INDEX(手直し!$G$6:$J$42,計算用!$AC$15,MOD(0-計算用!$AE$15+1,4)+1)),IF(計算用!$Z$15="A",INDEX(組分け!$B$5:$I$41,計算用!$AC$15,(MOD(0-計算用!$AE$15+1,4)+1)*2-1),INDEX(組分け!$L$5:$S$41,計算用!$AC$15,(MOD(0-計算用!$AE$15+1,4)+1)*2-1)))&"") | C16: =IF(計算用!$Z$15="","",IF(計算用!$U$24,IF(計算用!$Z$15="A",INDEX(手直し!$B$6:$E$42,計算用!$AC$15,MOD(1-計算用!$AE$15+1,4)+1),INDEX(手直し!$G$6:$J$42,計算用!$AC$15,MOD(1-計算用!$AE$15+1,4)+1)),IF(計算用!$Z$15="A",INDEX(組分け!$B$5:$I$41,計算用!$AC$15,(MOD(1-計算用!$AE$15+1,4)+1)*2-1),INDEX(組分け!$L$5:$S$41,計算用!$AC$15,(MOD(1-計算用!$AE$15+1,4)+1)*2-1)))&"") | D16: =IF(計算用!$Z$15="","",IF(計算用!$U$24,IF(計算用!$Z$15="A",INDEX(手直し!$B$6:$E$42,計算用!$AC$15,MOD(2-計算用!$AE$15+1,4)+1),INDEX(手直し!$G$6:$J$42,計算用!$AC$15,MOD(2-計算用!$AE$15+1,4)+1)),IF(計算用!$Z$15="A",INDEX(組分け!$B$5:$I$41,計算用!$AC$15,(MOD(2-計算用!$AE$15+1,4)+1)*2-1),INDEX(組分け!$L$5:$S$41,計算用!$AC$15,(MOD(2-計算用!$AE$15+1,4)+1)*2-1)))&"") | E16: =IF(計算用!$Z$15="","",IF(計算用!$U$24,IF(計算用!$Z$15="A",INDEX(手直し!$B$6:$E$42,計算用!$AC$15,MOD(3-計算用!$AE$15+1,4)+1),INDEX(手直し!$G$6:$J$42,計算用!$AC$15,MOD(3-計算用!$AE$15+1,4)+1)),IF(計算用!$Z$15="A",INDEX(組分け!$B$5:$I$41,計算用!$AC$15,(MOD(3-計算用!$AE$15+1,4)+1)*2-1),INDEX(組分け!$L$5:$S$41,計算用!$AC$15,(MOD(3-計算用!$AE$15+1,4)+1)*2-1)))&"")
A17: =計算用!$AD$16 | B17: =IF(計算用!$Z$16="","",IF(計算用!$U$24,IF(計算用!$Z$16="A",INDEX(手直し!$B$6:$E$42,計算用!$AC$16,MOD(0-計算用!$AE$16+1,4)+1),INDEX(手直し!$G$6:$J$42,計算用!$AC$16,MOD(0-計算用!$AE$16+1,4)+1)),IF(計算用!$Z$16="A",INDEX(組分け!$B$5:$I$41,計算用!$AC$16,(MOD(0-計算用!$AE$16+1,4)+1)*2-1),INDEX(組分け!$L$5:$S$41,計算用!$AC$16,(MOD(0-計算用!$AE$16+1,4)+1)*2-1)))&"") | C17: =IF(計算用!$Z$16="","",IF(計算用!$U$24,IF(計算用!$Z$16="A",INDEX(手直し!$B$6:$E$42,計算用!$AC$16,MOD(1-計算用!$AE$16+1,4)+1),INDEX(手直し!$G$6:$J$42,計算用!$AC$16,MOD(1-計算用!$AE$16+1,4)+1)),IF(計算用!$Z$16="A",INDEX(組分け!$B$5:$I$41,計算用!$AC$16,(MOD(1-計算用!$AE$16+1,4)+1)*2-1),INDEX(組分け!$L$5:$S$41,計算用!$AC$16,(MOD(1-計算用!$AE$16+1,4)+1)*2-1)))&"") | D17: =IF(計算用!$Z$16="","",IF(計算用!$U$24,IF(計算用!$Z$16="A",INDEX(手直し!$B$6:$E$42,計算用!$AC$16,MOD(2-計算用!$AE$16+1,4)+1),INDEX(手直し!$G$6:$J$42,計算用!$AC$16,MOD(2-計算用!$AE$16+1,4)+1)),IF(計算用!$Z$16="A",INDEX(組分け!$B$5:$I$41,計算用!$AC$16,(MOD(2-計算用!$AE$16+1,4)+1)*2-1),INDEX(組分け!$L$5:$S$41,計算用!$AC$16,(MOD(2-計算用!$AE$16+1,4)+1)*2-1)))&"") | E17: =IF(計算用!$Z$16="","",IF(計算用!$U$24,IF(計算用!$Z$16="A",INDEX(手直し!$B$6:$E$42,計算用!$AC$16,MOD(3-計算用!$AE$16+1,4)+1),INDEX(手直し!$G$6:$J$42,計算用!$AC$16,MOD(3-計算用!$AE$16+1,4)+1)),IF(計算用!$Z$16="A",INDEX(組分け!$B$5:$I$41,計算用!$AC$16,(MOD(3-計算用!$AE$16+1,4)+1)*2-1),INDEX(組分け!$L$5:$S$41,計算用!$AC$16,(MOD(3-計算用!$AE$16+1,4)+1)*2-1)))&"")
A18: =計算用!$AD$17 | B18: =IF(計算用!$Z$17="","",IF(計算用!$U$24,IF(計算用!$Z$17="A",INDEX(手直し!$B$6:$E$42,計算用!$AC$17,MOD(0-計算用!$AE$17+1,4)+1),INDEX(手直し!$G$6:$J$42,計算用!$AC$17,MOD(0-計算用!$AE$17+1,4)+1)),IF(計算用!$Z$17="A",INDEX(組分け!$B$5:$I$41,計算用!$AC$17,(MOD(0-計算用!$AE$17+1,4)+1)*2-1),INDEX(組分け!$L$5:$S$41,計算用!$AC$17,(MOD(0-計算用!$AE$17+1,4)+1)*2-1)))&"") | C18: =IF(計算用!$Z$17="","",IF(計算用!$U$24,IF(計算用!$Z$17="A",INDEX(手直し!$B$6:$E$42,計算用!$AC$17,MOD(1-計算用!$AE$17+1,4)+1),INDEX(手直し!$G$6:$J$42,計算用!$AC$17,MOD(1-計算用!$AE$17+1,4)+1)),IF(計算用!$Z$17="A",INDEX(組分け!$B$5:$I$41,計算用!$AC$17,(MOD(1-計算用!$AE$17+1,4)+1)*2-1),INDEX(組分け!$L$5:$S$41,計算用!$AC$17,(MOD(1-計算用!$AE$17+1,4)+1)*2-1)))&"") | D18: =IF(計算用!$Z$17="","",IF(計算用!$U$24,IF(計算用!$Z$17="A",INDEX(手直し!$B$6:$E$42,計算用!$AC$17,MOD(2-計算用!$AE$17+1,4)+1),INDEX(手直し!$G$6:$J$42,計算用!$AC$17,MOD(2-計算用!$AE$17+1,4)+1)),IF(計算用!$Z$17="A",INDEX(組分け!$B$5:$I$41,計算用!$AC$17,(MOD(2-計算用!$AE$17+1,4)+1)*2-1),INDEX(組分け!$L$5:$S$41,計算用!$AC$17,(MOD(2-計算用!$AE$17+1,4)+1)*2-1)))&"") | E18: =IF(計算用!$Z$17="","",IF(計算用!$U$24,IF(計算用!$Z$17="A",INDEX(手直し!$B$6:$E$42,計算用!$AC$17,MOD(3-計算用!$AE$17+1,4)+1),INDEX(手直し!$G$6:$J$42,計算用!$AC$17,MOD(3-計算用!$AE$17+1,4)+1)),IF(計算用!$Z$17="A",INDEX(組分け!$B$5:$I$41,計算用!$AC$17,(MOD(3-計算用!$AE$17+1,4)+1)*2-1),INDEX(組分け!$L$5:$S$41,計算用!$AC$17,(MOD(3-計算用!$AE$17+1,4)+1)*2-1)))&"")
A19: =計算用!$AD$18 | B19: =IF(計算用!$Z$18="","",IF(計算用!$U$24,IF(計算用!$Z$18="A",INDEX(手直し!$B$6:$E$42,計算用!$AC$18,MOD(0-計算用!$AE$18+1,4)+1),INDEX(手直し!$G$6:$J$42,計算用!$AC$18,MOD(0-計算用!$AE$18+1,4)+1)),IF(計算用!$Z$18="A",INDEX(組分け!$B$5:$I$41,計算用!$AC$18,(MOD(0-計算用!$AE$18+1,4)+1)*2-1),INDEX(組分け!$L$5:$S$41,計算用!$AC$18,(MOD(0-計算用!$AE$18+1,4)+1)*2-1)))&"") | C19: =IF(計算用!$Z$18="","",IF(計算用!$U$24,IF(計算用!$Z$18="A",INDEX(手直し!$B$6:$E$42,計算用!$AC$18,MOD(1-計算用!$AE$18+1,4)+1),INDEX(手直し!$G$6:$J$42,計算用!$AC$18,MOD(1-計算用!$AE$18+1,4)+1)),IF(計算用!$Z$18="A",INDEX(組分け!$B$5:$I$41,計算用!$AC$18,(MOD(1-計算用!$AE$18+1,4)+1)*2-1),INDEX(組分け!$L$5:$S$41,計算用!$AC$18,(MOD(1-計算用!$AE$18+1,4)+1)*2-1)))&"") | D19: =IF(計算用!$Z$18="","",IF(計算用!$U$24,IF(計算用!$Z$18="A",INDEX(手直し!$B$6:$E$42,計算用!$AC$18,MOD(2-計算用!$AE$18+1,4)+1),INDEX(手直し!$G$6:$J$42,計算用!$AC$18,MOD(2-計算用!$AE$18+1,4)+1)),IF(計算用!$Z$18="A",INDEX(組分け!$B$5:$I$41,計算用!$AC$18,(MOD(2-計算用!$AE$18+1,4)+1)*2-1),INDEX(組分け!$L$5:$S$41,計算用!$AC$18,(MOD(2-計算用!$AE$18+1,4)+1)*2-1)))&"") | E19: =IF(計算用!$Z$18="","",IF(計算用!$U$24,IF(計算用!$Z$18="A",INDEX(手直し!$B$6:$E$42,計算用!$AC$18,MOD(3-計算用!$AE$18+1,4)+1),INDEX(手直し!$G$6:$J$42,計算用!$AC$18,MOD(3-計算用!$AE$18+1,4)+1)),IF(計算用!$Z$18="A",INDEX(組分け!$B$5:$I$41,計算用!$AC$18,(MOD(3-計算用!$AE$18+1,4)+1)*2-1),INDEX(組分け!$L$5:$S$41,計算用!$AC$18,(MOD(3-計算用!$AE$18+1,4)+1)*2-1)))&"")
A20: =計算用!$AD$19 | B20: =IF(計算用!$Z$19="","",IF(計算用!$U$24,IF(計算用!$Z$19="A",INDEX(手直し!$B$6:$E$42,計算用!$AC$19,MOD(0-計算用!$AE$19+1,4)+1),INDEX(手直し!$G$6:$J$42,計算用!$AC$19,MOD(0-計算用!$AE$19+1,4)+1)),IF(計算用!$Z$19="A",INDEX(組分け!$B$5:$I$41,計算用!$AC$19,(MOD(0-計算用!$AE$19+1,4)+1)*2-1),INDEX(組分け!$L$5:$S$41,計算用!$AC$19,(MOD(0-計算用!$AE$19+1,4)+1)*2-1)))&"") | C20: =IF(計算用!$Z$19="","",IF(計算用!$U$24,IF(計算用!$Z$19="A",INDEX(手直し!$B$6:$E$42,計算用!$AC$19,MOD(1-計算用!$AE$19+1,4)+1),INDEX(手直し!$G$6:$J$42,計算用!$AC$19,MOD(1-計算用!$AE$19+1,4)+1)),IF(計算用!$Z$19="A",INDEX(組分け!$B$5:$I$41,計算用!$AC$19,(MOD(1-計算用!$AE$19+1,4)+1)*2-1),INDEX(組分け!$L$5:$S$41,計算用!$AC$19,(MOD(1-計算用!$AE$19+1,4)+1)*2-1)))&"") | D20: =IF(計算用!$Z$19="","",IF(計算用!$U$24,IF(計算用!$Z$19="A",INDEX(手直し!$B$6:$E$42,計算用!$AC$19,MOD(2-計算用!$AE$19+1,4)+1),INDEX(手直し!$G$6:$J$42,計算用!$AC$19,MOD(2-計算用!$AE$19+1,4)+1)),IF(計算用!$Z$19="A",INDEX(組分け!$B$5:$I$41,計算用!$AC$19,(MOD(2-計算用!$AE$19+1,4)+1)*2-1),INDEX(組分け!$L$5:$S$41,計算用!$AC$19,(MOD(2-計算用!$AE$19+1,4)+1)*2-1)))&"") | E20: =IF(計算用!$Z$19="","",IF(計算用!$U$24,IF(計算用!$Z$19="A",INDEX(手直し!$B$6:$E$42,計算用!$AC$19,MOD(3-計算用!$AE$19+1,4)+1),INDEX(手直し!$G$6:$J$42,計算用!$AC$19,MOD(3-計算用!$AE$19+1,4)+1)),IF(計算用!$Z$19="A",INDEX(組分け!$B$5:$I$41,計算用!$AC$19,(MOD(3-計算用!$AE$19+1,4)+1)*2-1),INDEX(組分け!$L$5:$S$41,計算用!$AC$19,(MOD(3-計算用!$AE$19+1,4)+1)*2-1)))&"")
A21: =計算用!$AD$20 | B21: =IF(計算用!$Z$20="","",IF(計算用!$U$24,IF(計算用!$Z$20="A",INDEX(手直し!$B$6:$E$42,計算用!$AC$20,MOD(0-計算用!$AE$20+1,4)+1),INDEX(手直し!$G$6:$J$42,計算用!$AC$20,MOD(0-計算用!$AE$20+1,4)+1)),IF(計算用!$Z$20="A",INDEX(組分け!$B$5:$I$41,計算用!$AC$20,(MOD(0-計算用!$AE$20+1,4)+1)*2-1),INDEX(組分け!$L$5:$S$41,計算用!$AC$20,(MOD(0-計算用!$AE$20+1,4)+1)*2-1)))&"") | C21: =IF(計算用!$Z$20="","",IF(計算用!$U$24,IF(計算用!$Z$20="A",INDEX(手直し!$B$6:$E$42,計算用!$AC$20,MOD(1-計算用!$AE$20+1,4)+1),INDEX(手直し!$G$6:$J$42,計算用!$AC$20,MOD(1-計算用!$AE$20+1,4)+1)),IF(計算用!$Z$20="A",INDEX(組分け!$B$5:$I$41,計算用!$AC$20,(MOD(1-計算用!$AE$20+1,4)+1)*2-1),INDEX(組分け!$L$5:$S$41,計算用!$AC$20,(MOD(1-計算用!$AE$20+1,4)+1)*2-1)))&"") | D21: =IF(計算用!$Z$20="","",IF(計算用!$U$24,IF(計算用!$Z$20="A",INDEX(手直し!$B$6:$E$42,計算用!$AC$20,MOD(2-計算用!$AE$20+1,4)+1),INDEX(手直し!$G$6:$J$42,計算用!$AC$20,MOD(2-計算用!$AE$20+1,4)+1)),IF(計算用!$Z$20="A",INDEX(組分け!$B$5:$I$41,計算用!$AC$20,(MOD(2-計算用!$AE$20+1,4)+1)*2-1),INDEX(組分け!$L$5:$S$41,計算用!$AC$20,(MOD(2-計算用!$AE$20+1,4)+1)*2-1)))&"") | E21: =IF(計算用!$Z$20="","",IF(計算用!$U$24,IF(計算用!$Z$20="A",INDEX(手直し!$B$6:$E$42,計算用!$AC$20,MOD(3-計算用!$AE$20+1,4)+1),INDEX(手直し!$G$6:$J$42,計算用!$AC$20,MOD(3-計算用!$AE$20+1,4)+1)),IF(計算用!$Z$20="A",INDEX(組分け!$B$5:$I$41,計算用!$AC$20,(MOD(3-計算用!$AE$20+1,4)+1)*2-1),INDEX(組分け!$L$5:$S$41,計算用!$AC$20,(MOD(3-計算用!$AE$20+1,4)+1)*2-1)))&"")
A22: =計算用!$AD$21 | B22: =IF(計算用!$Z$21="","",IF(計算用!$U$24,IF(計算用!$Z$21="A",INDEX(手直し!$B$6:$E$42,計算用!$AC$21,MOD(0-計算用!$AE$21+1,4)+1),INDEX(手直し!$G$6:$J$42,計算用!$AC$21,MOD(0-計算用!$AE$21+1,4)+1)),IF(計算用!$Z$21="A",INDEX(組分け!$B$5:$I$41,計算用!$AC$21,(MOD(0-計算用!$AE$21+1,4)+1)*2-1),INDEX(組分け!$L$5:$S$41,計算用!$AC$21,(MOD(0-計算用!$AE$21+1,4)+1)*2-1)))&"") | C22: =IF(計算用!$Z$21="","",IF(計算用!$U$24,IF(計算用!$Z$21="A",INDEX(手直し!$B$6:$E$42,計算用!$AC$21,MOD(1-計算用!$AE$21+1,4)+1),INDEX(手直し!$G$6:$J$42,計算用!$AC$21,MOD(1-計算用!$AE$21+1,4)+1)),IF(計算用!$Z$21="A",INDEX(組分け!$B$5:$I$41,計算用!$AC$21,(MOD(1-計算用!$AE$21+1,4)+1)*2-1),INDEX(組分け!$L$5:$S$41,計算用!$AC$21,(MOD(1-計算用!$AE$21+1,4)+1)*2-1)))&"") | D22: =IF(計算用!$Z$21="","",IF(計算用!$U$24,IF(計算用!$Z$21="A",INDEX(手直し!$B$6:$E$42,計算用!$AC$21,MOD(2-計算用!$AE$21+1,4)+1),INDEX(手直し!$G$6:$J$42,計算用!$AC$21,MOD(2-計算用!$AE$21+1,4)+1)),IF(計算用!$Z$21="A",INDEX(組分け!$B$5:$I$41,計算用!$AC$21,(MOD(2-計算用!$AE$21+1,4)+1)*2-1),INDEX(組分け!$L$5:$S$41,計算用!$AC$21,(MOD(2-計算用!$AE$21+1,4)+1)*2-1)))&"") | E22: =IF(計算用!$Z$21="","",IF(計算用!$U$24,IF(計算用!$Z$21="A",INDEX(手直し!$B$6:$E$42,計算用!$AC$21,MOD(3-計算用!$AE$21+1,4)+1),INDEX(手直し!$G$6:$J$42,計算用!$AC$21,MOD(3-計算用!$AE$21+1,4)+1)),IF(計算用!$Z$21="A",INDEX(組分け!$B$5:$I$41,計算用!$AC$21,(MOD(3-計算用!$AE$21+1,4)+1)*2-1),INDEX(組分け!$L$5:$S$41,計算用!$AC$21,(MOD(3-計算用!$AE$21+1,4)+1)*2-1)))&"")
A23: =計算用!$AD$22 | B23: =IF(計算用!$Z$22="","",IF(計算用!$U$24,IF(計算用!$Z$22="A",INDEX(手直し!$B$6:$E$42,計算用!$AC$22,MOD(0-計算用!$AE$22+1,4)+1),INDEX(手直し!$G$6:$J$42,計算用!$AC$22,MOD(0-計算用!$AE$22+1,4)+1)),IF(計算用!$Z$22="A",INDEX(組分け!$B$5:$I$41,計算用!$AC$22,(MOD(0-計算用!$AE$22+1,4)+1)*2-1),INDEX(組分け!$L$5:$S$41,計算用!$AC$22,(MOD(0-計算用!$AE$22+1,4)+1)*2-1)))&"") | C23: =IF(計算用!$Z$22="","",IF(計算用!$U$24,IF(計算用!$Z$22="A",INDEX(手直し!$B$6:$E$42,計算用!$AC$22,MOD(1-計算用!$AE$22+1,4)+1),INDEX(手直し!$G$6:$J$42,計算用!$AC$22,MOD(1-計算用!$AE$22+1,4)+1)),IF(計算用!$Z$22="A",INDEX(組分け!$B$5:$I$41,計算用!$AC$22,(MOD(1-計算用!$AE$22+1,4)+1)*2-1),INDEX(組分け!$L$5:$S$41,計算用!$AC$22,(MOD(1-計算用!$AE$22+1,4)+1)*2-1)))&"") | D23: =IF(計算用!$Z$22="","",IF(計算用!$U$24,IF(計算用!$Z$22="A",INDEX(手直し!$B$6:$E$42,計算用!$AC$22,MOD(2-計算用!$AE$22+1,4)+1),INDEX(手直し!$G$6:$J$42,計算用!$AC$22,MOD(2-計算用!$AE$22+1,4)+1)),IF(計算用!$Z$22="A",INDEX(組分け!$B$5:$I$41,計算用!$AC$22,(MOD(2-計算用!$AE$22+1,4)+1)*2-1),INDEX(組分け!$L$5:$S$41,計算用!$AC$22,(MOD(2-計算用!$AE$22+1,4)+1)*2-1)))&"") | E23: =IF(計算用!$Z$22="","",IF(計算用!$U$24,IF(計算用!$Z$22="A",INDEX(手直し!$B$6:$E$42,計算用!$AC$22,MOD(3-計算用!$AE$22+1,4)+1),INDEX(手直し!$G$6:$J$42,計算用!$AC$22,MOD(3-計算用!$AE$22+1,4)+1)),IF(計算用!$Z$22="A",INDEX(組分け!$B$5:$I$41,計算用!$AC$22,(MOD(3-計算用!$AE$22+1,4)+1)*2-1),INDEX(組分け!$L$5:$S$41,計算用!$AC$22,(MOD(3-計算用!$AE$22+1,4)+1)*2-1)))&"")
A24: =計算用!$AD$23 | B24: =IF(計算用!$Z$23="","",IF(計算用!$U$24,IF(計算用!$Z$23="A",INDEX(手直し!$B$6:$E$42,計算用!$AC$23,MOD(0-計算用!$AE$23+1,4)+1),INDEX(手直し!$G$6:$J$42,計算用!$AC$23,MOD(0-計算用!$AE$23+1,4)+1)),IF(計算用!$Z$23="A",INDEX(組分け!$B$5:$I$41,計算用!$AC$23,(MOD(0-計算用!$AE$23+1,4)+1)*2-1),INDEX(組分け!$L$5:$S$41,計算用!$AC$23,(MOD(0-計算用!$AE$23+1,4)+1)*2-1)))&"") | C24: =IF(計算用!$Z$23="","",IF(計算用!$U$24,IF(計算用!$Z$23="A",INDEX(手直し!$B$6:$E$42,計算用!$AC$23,MOD(1-計算用!$AE$23+1,4)+1),INDEX(手直し!$G$6:$J$42,計算用!$AC$23,MOD(1-計算用!$AE$23+1,4)+1)),IF(計算用!$Z$23="A",INDEX(組分け!$B$5:$I$41,計算用!$AC$23,(MOD(1-計算用!$AE$23+1,4)+1)*2-1),INDEX(組分け!$L$5:$S$41,計算用!$AC$23,(MOD(1-計算用!$AE$23+1,4)+1)*2-1)))&"") | D24: =IF(計算用!$Z$23="","",IF(計算用!$U$24,IF(計算用!$Z$23="A",INDEX(手直し!$B$6:$E$42,計算用!$AC$23,MOD(2-計算用!$AE$23+1,4)+1),INDEX(手直し!$G$6:$J$42,計算用!$AC$23,MOD(2-計算用!$AE$23+1,4)+1)),IF(計算用!$Z$23="A",INDEX(組分け!$B$5:$I$41,計算用!$AC$23,(MOD(2-計算用!$AE$23+1,4)+1)*2-1),INDEX(組分け!$L$5:$S$41,計算用!$AC$23,(MOD(2-計算用!$AE$23+1,4)+1)*2-1)))&"") | E24: =IF(計算用!$Z$23="","",IF(計算用!$U$24,IF(計算用!$Z$23="A",INDEX(手直し!$B$6:$E$42,計算用!$AC$23,MOD(3-計算用!$AE$23+1,4)+1),INDEX(手直し!$G$6:$J$42,計算用!$AC$23,MOD(3-計算用!$AE$23+1,4)+1)),IF(計算用!$Z$23="A",INDEX(組分け!$B$5:$I$41,計算用!$AC$23,(MOD(3-計算用!$AE$23+1,4)+1)*2-1),INDEX(組分け!$L$5:$S$41,計算用!$AC$23,(MOD(3-計算用!$AE$23+1,4)+1)*2-1)))&"")
A25: =計算用!$AD$24 | B25: =IF(計算用!$Z$24="","",IF(計算用!$U$24,IF(計算用!$Z$24="A",INDEX(手直し!$B$6:$E$42,計算用!$AC$24,MOD(0-計算用!$AE$24+1,4)+1),INDEX(手直し!$G$6:$J$42,計算用!$AC$24,MOD(0-計算用!$AE$24+1,4)+1)),IF(計算用!$Z$24="A",INDEX(組分け!$B$5:$I$41,計算用!$AC$24,(MOD(0-計算用!$AE$24+1,4)+1)*2-1),INDEX(組分け!$L$5:$S$41,計算用!$AC$24,(MOD(0-計算用!$AE$24+1,4)+1)*2-1)))&"") | C25: =IF(計算用!$Z$24="","",IF(計算用!$U$24,IF(計算用!$Z$24="A",INDEX(手直し!$B$6:$E$42,計算用!$AC$24,MOD(1-計算用!$AE$24+1,4)+1),INDEX(手直し!$G$6:$J$42,計算用!$AC$24,MOD(1-計算用!$AE$24+1,4)+1)),IF(計算用!$Z$24="A",INDEX(組分け!$B$5:$I$41,計算用!$AC$24,(MOD(1-計算用!$AE$24+1,4)+1)*2-1),INDEX(組分け!$L$5:$S$41,計算用!$AC$24,(MOD(1-計算用!$AE$24+1,4)+1)*2-1)))&"") | D25: =IF(計算用!$Z$24="","",IF(計算用!$U$24,IF(計算用!$Z$24="A",INDEX(手直し!$B$6:$E$42,計算用!$AC$24,MOD(2-計算用!$AE$24+1,4)+1),INDEX(手直し!$G$6:$J$42,計算用!$AC$24,MOD(2-計算用!$AE$24+1,4)+1)),IF(計算用!$Z$24="A",INDEX(組分け!$B$5:$I$41,計算用!$AC$24,(MOD(2-計算用!$AE$24+1,4)+1)*2-1),INDEX(組分け!$L$5:$S$41,計算用!$AC$24,(MOD(2-計算用!$AE$24+1,4)+1)*2-1)))&"") | E25: =IF(計算用!$Z$24="","",IF(計算用!$U$24,IF(計算用!$Z$24="A",INDEX(手直し!$B$6:$E$42,計算用!$AC$24,MOD(3-計算用!$AE$24+1,4)+1),INDEX(手直し!$G$6:$J$42,計算用!$AC$24,MOD(3-計算用!$AE$24+1,4)+1)),IF(計算用!$Z$24="A",INDEX(組分け!$B$5:$I$41,計算用!$AC$24,(MOD(3-計算用!$AE$24+1,4)+1)*2-1),INDEX(組分け!$L$5:$S$41,計算用!$AC$24,(MOD(3-計算用!$AE$24+1,4)+1)*2-1)))&"")
A26: =計算用!$AD$25 | B26: =IF(計算用!$Z$25="","",IF(計算用!$U$24,IF(計算用!$Z$25="A",INDEX(手直し!$B$6:$E$42,計算用!$AC$25,MOD(0-計算用!$AE$25+1,4)+1),INDEX(手直し!$G$6:$J$42,計算用!$AC$25,MOD(0-計算用!$AE$25+1,4)+1)),IF(計算用!$Z$25="A",INDEX(組分け!$B$5:$I$41,計算用!$AC$25,(MOD(0-計算用!$AE$25+1,4)+1)*2-1),INDEX(組分け!$L$5:$S$41,計算用!$AC$25,(MOD(0-計算用!$AE$25+1,4)+1)*2-1)))&"") | C26: =IF(計算用!$Z$25="","",IF(計算用!$U$24,IF(計算用!$Z$25="A",INDEX(手直し!$B$6:$E$42,計算用!$AC$25,MOD(1-計算用!$AE$25+1,4)+1),INDEX(手直し!$G$6:$J$42,計算用!$AC$25,MOD(1-計算用!$AE$25+1,4)+1)),IF(計算用!$Z$25="A",INDEX(組分け!$B$5:$I$41,計算用!$AC$25,(MOD(1-計算用!$AE$25+1,4)+1)*2-1),INDEX(組分け!$L$5:$S$41,計算用!$AC$25,(MOD(1-計算用!$AE$25+1,4)+1)*2-1)))&"") | D26: =IF(計算用!$Z$25="","",IF(計算用!$U$24,IF(計算用!$Z$25="A",INDEX(手直し!$B$6:$E$42,計算用!$AC$25,MOD(2-計算用!$AE$25+1,4)+1),INDEX(手直し!$G$6:$J$42,計算用!$AC$25,MOD(2-計算用!$AE$25+1,4)+1)),IF(計算用!$Z$25="A",INDEX(組分け!$B$5:$I$41,計算用!$AC$25,(MOD(2-計算用!$AE$25+1,4)+1)*2-1),INDEX(組分け!$L$5:$S$41,計算用!$AC$25,(MOD(2-計算用!$AE$25+1,4)+1)*2-1)))&"") | E26: =IF(計算用!$Z$25="","",IF(計算用!$U$24,IF(計算用!$Z$25="A",INDEX(手直し!$B$6:$E$42,計算用!$AC$25,MOD(3-計算用!$AE$25+1,4)+1),INDEX(手直し!$G$6:$J$42,計算用!$AC$25,MOD(3-計算用!$AE$25+1,4)+1)),IF(計算用!$Z$25="A",INDEX(組分け!$B$5:$I$41,計算用!$AC$25,(MOD(3-計算用!$AE$25+1,4)+1)*2-1),INDEX(組分け!$L$5:$S$41,計算用!$AC$25,(MOD(3-計算用!$AE$25+1,4)+1)*2-1)))&"")
A27: =計算用!$AD$26 | B27: =IF(計算用!$Z$26="","",IF(計算用!$U$24,IF(計算用!$Z$26="A",INDEX(手直し!$B$6:$E$42,計算用!$AC$26,MOD(0-計算用!$AE$26+1,4)+1),INDEX(手直し!$G$6:$J$42,計算用!$AC$26,MOD(0-計算用!$AE$26+1,4)+1)),IF(計算用!$Z$26="A",INDEX(組分け!$B$5:$I$41,計算用!$AC$26,(MOD(0-計算用!$AE$26+1,4)+1)*2-1),INDEX(組分け!$L$5:$S$41,計算用!$AC$26,(MOD(0-計算用!$AE$26+1,4)+1)*2-1)))&"") | C27: =IF(計算用!$Z$26="","",IF(計算用!$U$24,IF(計算用!$Z$26="A",INDEX(手直し!$B$6:$E$42,計算用!$AC$26,MOD(1-計算用!$AE$26+1,4)+1),INDEX(手直し!$G$6:$J$42,計算用!$AC$26,MOD(1-計算用!$AE$26+1,4)+1)),IF(計算用!$Z$26="A",INDEX(組分け!$B$5:$I$41,計算用!$AC$26,(MOD(1-計算用!$AE$26+1,4)+1)*2-1),INDEX(組分け!$L$5:$S$41,計算用!$AC$26,(MOD(1-計算用!$AE$26+1,4)+1)*2-1)))&"") | D27: =IF(計算用!$Z$26="","",IF(計算用!$U$24,IF(計算用!$Z$26="A",INDEX(手直し!$B$6:$E$42,計算用!$AC$26,MOD(2-計算用!$AE$26+1,4)+1),INDEX(手直し!$G$6:$J$42,計算用!$AC$26,MOD(2-計算用!$AE$26+1,4)+1)),IF(計算用!$Z$26="A",INDEX(組分け!$B$5:$I$41,計算用!$AC$26,(MOD(2-計算用!$AE$26+1,4)+1)*2-1),INDEX(組分け!$L$5:$S$41,計算用!$AC$26,(MOD(2-計算用!$AE$26+1,4)+1)*2-1)))&"") | E27: =IF(計算用!$Z$26="","",IF(計算用!$U$24,IF(計算用!$Z$26="A",INDEX(手直し!$B$6:$E$42,計算用!$AC$26,MOD(3-計算用!$AE$26+1,4)+1),INDEX(手直し!$G$6:$J$42,計算用!$AC$26,MOD(3-計算用!$AE$26+1,4)+1)),IF(計算用!$Z$26="A",INDEX(組分け!$B$5:$I$41,計算用!$AC$26,(MOD(3-計算用!$AE$26+1,4)+1)*2-1),INDEX(組分け!$L$5:$S$41,計算用!$AC$26,(MOD(3-計算用!$AE$26+1,4)+1)*2-1)))&"")
A28: =計算用!$AD$27 | B28: =IF(計算用!$Z$27="","",IF(計算用!$U$24,IF(計算用!$Z$27="A",INDEX(手直し!$B$6:$E$42,計算用!$AC$27,MOD(0-計算用!$AE$27+1,4)+1),INDEX(手直し!$G$6:$J$42,計算用!$AC$27,MOD(0-計算用!$AE$27+1,4)+1)),IF(計算用!$Z$27="A",INDEX(組分け!$B$5:$I$41,計算用!$AC$27,(MOD(0-計算用!$AE$27+1,4)+1)*2-1),INDEX(組分け!$L$5:$S$41,計算用!$AC$27,(MOD(0-計算用!$AE$27+1,4)+1)*2-1)))&"") | C28: =IF(計算用!$Z$27="","",IF(計算用!$U$24,IF(計算用!$Z$27="A",INDEX(手直し!$B$6:$E$42,計算用!$AC$27,MOD(1-計算用!$AE$27+1,4)+1),INDEX(手直し!$G$6:$J$42,計算用!$AC$27,MOD(1-計算用!$AE$27+1,4)+1)),IF(計算用!$Z$27="A",INDEX(組分け!$B$5:$I$41,計算用!$AC$27,(MOD(1-計算用!$AE$27+1,4)+1)*2-1),INDEX(組分け!$L$5:$S$41,計算用!$AC$27,(MOD(1-計算用!$AE$27+1,4)+1)*2-1)))&"") | D28: =IF(計算用!$Z$27="","",IF(計算用!$U$24,IF(計算用!$Z$27="A",INDEX(手直し!$B$6:$E$42,計算用!$AC$27,MOD(2-計算用!$AE$27+1,4)+1),INDEX(手直し!$G$6:$J$42,計算用!$AC$27,MOD(2-計算用!$AE$27+1,4)+1)),IF(計算用!$Z$27="A",INDEX(組分け!$B$5:$I$41,計算用!$AC$27,(MOD(2-計算用!$AE$27+1,4)+1)*2-1),INDEX(組分け!$L$5:$S$41,計算用!$AC$27,(MOD(2-計算用!$AE$27+1,4)+1)*2-1)))&"") | E28: =IF(計算用!$Z$27="","",IF(計算用!$U$24,IF(計算用!$Z$27="A",INDEX(手直し!$B$6:$E$42,計算用!$AC$27,MOD(3-計算用!$AE$27+1,4)+1),INDEX(手直し!$G$6:$J$42,計算用!$AC$27,MOD(3-計算用!$AE$27+1,4)+1)),IF(計算用!$Z$27="A",INDEX(組分け!$B$5:$I$41,計算用!$AC$27,(MOD(3-計算用!$AE$27+1,4)+1)*2-1),INDEX(組分け!$L$5:$S$41,計算用!$AC$27,(MOD(3-計算用!$AE$27+1,4)+1)*2-1)))&"")
A29: =計算用!$AD$28 | B29: =IF(計算用!$Z$28="","",IF(計算用!$U$24,IF(計算用!$Z$28="A",INDEX(手直し!$B$6:$E$42,計算用!$AC$28,MOD(0-計算用!$AE$28+1,4)+1),INDEX(手直し!$G$6:$J$42,計算用!$AC$28,MOD(0-計算用!$AE$28+1,4)+1)),IF(計算用!$Z$28="A",INDEX(組分け!$B$5:$I$41,計算用!$AC$28,(MOD(0-計算用!$AE$28+1,4)+1)*2-1),INDEX(組分け!$L$5:$S$41,計算用!$AC$28,(MOD(0-計算用!$AE$28+1,4)+1)*2-1)))&"") | C29: =IF(計算用!$Z$28="","",IF(計算用!$U$24,IF(計算用!$Z$28="A",INDEX(手直し!$B$6:$E$42,計算用!$AC$28,MOD(1-計算用!$AE$28+1,4)+1),INDEX(手直し!$G$6:$J$42,計算用!$AC$28,MOD(1-計算用!$AE$28+1,4)+1)),IF(計算用!$Z$28="A",INDEX(組分け!$B$5:$I$41,計算用!$AC$28,(MOD(1-計算用!$AE$28+1,4)+1)*2-1),INDEX(組分け!$L$5:$S$41,計算用!$AC$28,(MOD(1-計算用!$AE$28+1,4)+1)*2-1)))&"") | D29: =IF(計算用!$Z$28="","",IF(計算用!$U$24,IF(計算用!$Z$28="A",INDEX(手直し!$B$6:$E$42,計算用!$AC$28,MOD(2-計算用!$AE$28+1,4)+1),INDEX(手直し!$G$6:$J$42,計算用!$AC$28,MOD(2-計算用!$AE$28+1,4)+1)),IF(計算用!$Z$28="A",INDEX(組分け!$B$5:$I$41,計算用!$AC$28,(MOD(2-計算用!$AE$28+1,4)+1)*2-1),INDEX(組分け!$L$5:$S$41,計算用!$AC$28,(MOD(2-計算用!$AE$28+1,4)+1)*2-1)))&"") | E29: =IF(計算用!$Z$28="","",IF(計算用!$U$24,IF(計算用!$Z$28="A",INDEX(手直し!$B$6:$E$42,計算用!$AC$28,MOD(3-計算用!$AE$28+1,4)+1),INDEX(手直し!$G$6:$J$42,計算用!$AC$28,MOD(3-計算用!$AE$28+1,4)+1)),IF(計算用!$Z$28="A",INDEX(組分け!$B$5:$I$41,計算用!$AC$28,(MOD(3-計算用!$AE$28+1,4)+1)*2-1),INDEX(組分け!$L$5:$S$41,計算用!$AC$28,(MOD(3-計算用!$AE$28+1,4)+1)*2-1)))&"")
A30: =計算用!$AD$29 | B30: =IF(計算用!$Z$29="","",IF(計算用!$U$24,IF(計算用!$Z$29="A",INDEX(手直し!$B$6:$E$42,計算用!$AC$29,MOD(0-計算用!$AE$29+1,4)+1),INDEX(手直し!$G$6:$J$42,計算用!$AC$29,MOD(0-計算用!$AE$29+1,4)+1)),IF(計算用!$Z$29="A",INDEX(組分け!$B$5:$I$41,計算用!$AC$29,(MOD(0-計算用!$AE$29+1,4)+1)*2-1),INDEX(組分け!$L$5:$S$41,計算用!$AC$29,(MOD(0-計算用!$AE$29+1,4)+1)*2-1)))&"") | C30: =IF(計算用!$Z$29="","",IF(計算用!$U$24,IF(計算用!$Z$29="A",INDEX(手直し!$B$6:$E$42,計算用!$AC$29,MOD(1-計算用!$AE$29+1,4)+1),INDEX(手直し!$G$6:$J$42,計算用!$AC$29,MOD(1-計算用!$AE$29+1,4)+1)),IF(計算用!$Z$29="A",INDEX(組分け!$B$5:$I$41,計算用!$AC$29,(MOD(1-計算用!$AE$29+1,4)+1)*2-1),INDEX(組分け!$L$5:$S$41,計算用!$AC$29,(MOD(1-計算用!$AE$29+1,4)+1)*2-1)))&"") | D30: =IF(計算用!$Z$29="","",IF(計算用!$U$24,IF(計算用!$Z$29="A",INDEX(手直し!$B$6:$E$42,計算用!$AC$29,MOD(2-計算用!$AE$29+1,4)+1),INDEX(手直し!$G$6:$J$42,計算用!$AC$29,MOD(2-計算用!$AE$29+1,4)+1)),IF(計算用!$Z$29="A",INDEX(組分け!$B$5:$I$41,計算用!$AC$29,(MOD(2-計算用!$AE$29+1,4)+1)*2-1),INDEX(組分け!$L$5:$S$41,計算用!$AC$29,(MOD(2-計算用!$AE$29+1,4)+1)*2-1)))&"") | E30: =IF(計算用!$Z$29="","",IF(計算用!$U$24,IF(計算用!$Z$29="A",INDEX(手直し!$B$6:$E$42,計算用!$AC$29,MOD(3-計算用!$AE$29+1,4)+1),INDEX(手直し!$G$6:$J$42,計算用!$AC$29,MOD(3-計算用!$AE$29+1,4)+1)),IF(計算用!$Z$29="A",INDEX(組分け!$B$5:$I$41,計算用!$AC$29,(MOD(3-計算用!$AE$29+1,4)+1)*2-1),INDEX(組分け!$L$5:$S$41,計算用!$AC$29,(MOD(3-計算用!$AE$29+1,4)+1)*2-1)))&"")
A31: =計算用!$AD$30 | B31: =IF(計算用!$Z$30="","",IF(計算用!$U$24,IF(計算用!$Z$30="A",INDEX(手直し!$B$6:$E$42,計算用!$AC$30,MOD(0-計算用!$AE$30+1,4)+1),INDEX(手直し!$G$6:$J$42,計算用!$AC$30,MOD(0-計算用!$AE$30+1,4)+1)),IF(計算用!$Z$30="A",INDEX(組分け!$B$5:$I$41,計算用!$AC$30,(MOD(0-計算用!$AE$30+1,4)+1)*2-1),INDEX(組分け!$L$5:$S$41,計算用!$AC$30,(MOD(0-計算用!$AE$30+1,4)+1)*2-1)))&"") | C31: =IF(計算用!$Z$30="","",IF(計算用!$U$24,IF(計算用!$Z$30="A",INDEX(手直し!$B$6:$E$42,計算用!$AC$30,MOD(1-計算用!$AE$30+1,4)+1),INDEX(手直し!$G$6:$J$42,計算用!$AC$30,MOD(1-計算用!$AE$30+1,4)+1)),IF(計算用!$Z$30="A",INDEX(組分け!$B$5:$I$41,計算用!$AC$30,(MOD(1-計算用!$AE$30+1,4)+1)*2-1),INDEX(組分け!$L$5:$S$41,計算用!$AC$30,(MOD(1-計算用!$AE$30+1,4)+1)*2-1)))&"") | D31: =IF(計算用!$Z$30="","",IF(計算用!$U$24,IF(計算用!$Z$30="A",INDEX(手直し!$B$6:$E$42,計算用!$AC$30,MOD(2-計算用!$AE$30+1,4)+1),INDEX(手直し!$G$6:$J$42,計算用!$AC$30,MOD(2-計算用!$AE$30+1,4)+1)),IF(計算用!$Z$30="A",INDEX(組分け!$B$5:$I$41,計算用!$AC$30,(MOD(2-計算用!$AE$30+1,4)+1)*2-1),INDEX(組分け!$L$5:$S$41,計算用!$AC$30,(MOD(2-計算用!$AE$30+1,4)+1)*2-1)))&"") | E31: =IF(計算用!$Z$30="","",IF(計算用!$U$24,IF(計算用!$Z$30="A",INDEX(手直し!$B$6:$E$42,計算用!$AC$30,MOD(3-計算用!$AE$30+1,4)+1),INDEX(手直し!$G$6:$J$42,計算用!$AC$30,MOD(3-計算用!$AE$30+1,4)+1)),IF(計算用!$Z$30="A",INDEX(組分け!$B$5:$I$41,計算用!$AC$30,(MOD(3-計算用!$AE$30+1,4)+1)*2-1),INDEX(組分け!$L$5:$S$41,計算用!$AC$30,(MOD(3-計算用!$AE$30+1,4)+1)*2-1)))&"")
A32: =計算用!$AD$31 | B32: =IF(計算用!$Z$31="","",IF(計算用!$U$24,IF(計算用!$Z$31="A",INDEX(手直し!$B$6:$E$42,計算用!$AC$31,MOD(0-計算用!$AE$31+1,4)+1),INDEX(手直し!$G$6:$J$42,計算用!$AC$31,MOD(0-計算用!$AE$31+1,4)+1)),IF(計算用!$Z$31="A",INDEX(組分け!$B$5:$I$41,計算用!$AC$31,(MOD(0-計算用!$AE$31+1,4)+1)*2-1),INDEX(組分け!$L$5:$S$41,計算用!$AC$31,(MOD(0-計算用!$AE$31+1,4)+1)*2-1)))&"") | C32: =IF(計算用!$Z$31="","",IF(計算用!$U$24,IF(計算用!$Z$31="A",INDEX(手直し!$B$6:$E$42,計算用!$AC$31,MOD(1-計算用!$AE$31+1,4)+1),INDEX(手直し!$G$6:$J$42,計算用!$AC$31,MOD(1-計算用!$AE$31+1,4)+1)),IF(計算用!$Z$31="A",INDEX(組分け!$B$5:$I$41,計算用!$AC$31,(MOD(1-計算用!$AE$31+1,4)+1)*2-1),INDEX(組分け!$L$5:$S$41,計算用!$AC$31,(MOD(1-計算用!$AE$31+1,4)+1)*2-1)))&"") | D32: =IF(計算用!$Z$31="","",IF(計算用!$U$24,IF(計算用!$Z$31="A",INDEX(手直し!$B$6:$E$42,計算用!$AC$31,MOD(2-計算用!$AE$31+1,4)+1),INDEX(手直し!$G$6:$J$42,計算用!$AC$31,MOD(2-計算用!$AE$31+1,4)+1)),IF(計算用!$Z$31="A",INDEX(組分け!$B$5:$I$41,計算用!$AC$31,(MOD(2-計算用!$AE$31+1,4)+1)*2-1),INDEX(組分け!$L$5:$S$41,計算用!$AC$31,(MOD(2-計算用!$AE$31+1,4)+1)*2-1)))&"") | E32: =IF(計算用!$Z$31="","",IF(計算用!$U$24,IF(計算用!$Z$31="A",INDEX(手直し!$B$6:$E$42,計算用!$AC$31,MOD(3-計算用!$AE$31+1,4)+1),INDEX(手直し!$G$6:$J$42,計算用!$AC$31,MOD(3-計算用!$AE$31+1,4)+1)),IF(計算用!$Z$31="A",INDEX(組分け!$B$5:$I$41,計算用!$AC$31,(MOD(3-計算用!$AE$31+1,4)+1)*2-1),INDEX(組分け!$L$5:$S$41,計算用!$AC$31,(MOD(3-計算用!$AE$31+1,4)+1)*2-1)))&"")
A33: =計算用!$AD$32 | B33: =IF(計算用!$Z$32="","",IF(計算用!$U$24,IF(計算用!$Z$32="A",INDEX(手直し!$B$6:$E$42,計算用!$AC$32,MOD(0-計算用!$AE$32+1,4)+1),INDEX(手直し!$G$6:$J$42,計算用!$AC$32,MOD(0-計算用!$AE$32+1,4)+1)),IF(計算用!$Z$32="A",INDEX(組分け!$B$5:$I$41,計算用!$AC$32,(MOD(0-計算用!$AE$32+1,4)+1)*2-1),INDEX(組分け!$L$5:$S$41,計算用!$AC$32,(MOD(0-計算用!$AE$32+1,4)+1)*2-1)))&"") | C33: =IF(計算用!$Z$32="","",IF(計算用!$U$24,IF(計算用!$Z$32="A",INDEX(手直し!$B$6:$E$42,計算用!$AC$32,MOD(1-計算用!$AE$32+1,4)+1),INDEX(手直し!$G$6:$J$42,計算用!$AC$32,MOD(1-計算用!$AE$32+1,4)+1)),IF(計算用!$Z$32="A",INDEX(組分け!$B$5:$I$41,計算用!$AC$32,(MOD(1-計算用!$AE$32+1,4)+1)*2-1),INDEX(組分け!$L$5:$S$41,計算用!$AC$32,(MOD(1-計算用!$AE$32+1,4)+1)*2-1)))&"") | D33: =IF(計算用!$Z$32="","",IF(計算用!$U$24,IF(計算用!$Z$32="A",INDEX(手直し!$B$6:$E$42,計算用!$AC$32,MOD(2-計算用!$AE$32+1,4)+1),INDEX(手直し!$G$6:$J$42,計算用!$AC$32,MOD(2-計算用!$AE$32+1,4)+1)),IF(計算用!$Z$32="A",INDEX(組分け!$B$5:$I$41,計算用!$AC$32,(MOD(2-計算用!$AE$32+1,4)+1)*2-1),INDEX(組分け!$L$5:$S$41,計算用!$AC$32,(MOD(2-計算用!$AE$32+1,4)+1)*2-1)))&"") | E33: =IF(計算用!$Z$32="","",IF(計算用!$U$24,IF(計算用!$Z$32="A",INDEX(手直し!$B$6:$E$42,計算用!$AC$32,MOD(3-計算用!$AE$32+1,4)+1),INDEX(手直し!$G$6:$J$42,計算用!$AC$32,MOD(3-計算用!$AE$32+1,4)+1)),IF(計算用!$Z$32="A",INDEX(組分け!$B$5:$I$41,計算用!$AC$32,(MOD(3-計算用!$AE$32+1,4)+1)*2-1),INDEX(組分け!$L$5:$S$41,計算用!$AC$32,(MOD(3-計算用!$AE$32+1,4)+1)*2-1)))&"")
A34: =計算用!$AD$33 | B34: =IF(計算用!$Z$33="","",IF(計算用!$U$24,IF(計算用!$Z$33="A",INDEX(手直し!$B$6:$E$42,計算用!$AC$33,MOD(0-計算用!$AE$33+1,4)+1),INDEX(手直し!$G$6:$J$42,計算用!$AC$33,MOD(0-計算用!$AE$33+1,4)+1)),IF(計算用!$Z$33="A",INDEX(組分け!$B$5:$I$41,計算用!$AC$33,(MOD(0-計算用!$AE$33+1,4)+1)*2-1),INDEX(組分け!$L$5:$S$41,計算用!$AC$33,(MOD(0-計算用!$AE$33+1,4)+1)*2-1)))&"") | C34: =IF(計算用!$Z$33="","",IF(計算用!$U$24,IF(計算用!$Z$33="A",INDEX(手直し!$B$6:$E$42,計算用!$AC$33,MOD(1-計算用!$AE$33+1,4)+1),INDEX(手直し!$G$6:$J$42,計算用!$AC$33,MOD(1-計算用!$AE$33+1,4)+1)),IF(計算用!$Z$33="A",INDEX(組分け!$B$5:$I$41,計算用!$AC$33,(MOD(1-計算用!$AE$33+1,4)+1)*2-1),INDEX(組分け!$L$5:$S$41,計算用!$AC$33,(MOD(1-計算用!$AE$33+1,4)+1)*2-1)))&"") | D34: =IF(計算用!$Z$33="","",IF(計算用!$U$24,IF(計算用!$Z$33="A",INDEX(手直し!$B$6:$E$42,計算用!$AC$33,MOD(2-計算用!$AE$33+1,4)+1),INDEX(手直し!$G$6:$J$42,計算用!$AC$33,MOD(2-計算用!$AE$33+1,4)+1)),IF(計算用!$Z$33="A",INDEX(組分け!$B$5:$I$41,計算用!$AC$33,(MOD(2-計算用!$AE$33+1,4)+1)*2-1),INDEX(組分け!$L$5:$S$41,計算用!$AC$33,(MOD(2-計算用!$AE$33+1,4)+1)*2-1)))&"") | E34: =IF(計算用!$Z$33="","",IF(計算用!$U$24,IF(計算用!$Z$33="A",INDEX(手直し!$B$6:$E$42,計算用!$AC$33,MOD(3-計算用!$AE$33+1,4)+1),INDEX(手直し!$G$6:$J$42,計算用!$AC$33,MOD(3-計算用!$AE$33+1,4)+1)),IF(計算用!$Z$33="A",INDEX(組分け!$B$5:$I$41,計算用!$AC$33,(MOD(3-計算用!$AE$33+1,4)+1)*2-1),INDEX(組分け!$L$5:$S$41,計算用!$AC$33,(MOD(3-計算用!$AE$33+1,4)+1)*2-1)))&"")
A35: =計算用!$AD$34 | B35: =IF(計算用!$Z$34="","",IF(計算用!$U$24,IF(計算用!$Z$34="A",INDEX(手直し!$B$6:$E$42,計算用!$AC$34,MOD(0-計算用!$AE$34+1,4)+1),INDEX(手直し!$G$6:$J$42,計算用!$AC$34,MOD(0-計算用!$AE$34+1,4)+1)),IF(計算用!$Z$34="A",INDEX(組分け!$B$5:$I$41,計算用!$AC$34,(MOD(0-計算用!$AE$34+1,4)+1)*2-1),INDEX(組分け!$L$5:$S$41,計算用!$AC$34,(MOD(0-計算用!$AE$34+1,4)+1)*2-1)))&"") | C35: =IF(計算用!$Z$34="","",IF(計算用!$U$24,IF(計算用!$Z$34="A",INDEX(手直し!$B$6:$E$42,計算用!$AC$34,MOD(1-計算用!$AE$34+1,4)+1),INDEX(手直し!$G$6:$J$42,計算用!$AC$34,MOD(1-計算用!$AE$34+1,4)+1)),IF(計算用!$Z$34="A",INDEX(組分け!$B$5:$I$41,計算用!$AC$34,(MOD(1-計算用!$AE$34+1,4)+1)*2-1),INDEX(組分け!$L$5:$S$41,計算用!$AC$34,(MOD(1-計算用!$AE$34+1,4)+1)*2-1)))&"") | D35: =IF(計算用!$Z$34="","",IF(計算用!$U$24,IF(計算用!$Z$34="A",INDEX(手直し!$B$6:$E$42,計算用!$AC$34,MOD(2-計算用!$AE$34+1,4)+1),INDEX(手直し!$G$6:$J$42,計算用!$AC$34,MOD(2-計算用!$AE$34+1,4)+1)),IF(計算用!$Z$34="A",INDEX(組分け!$B$5:$I$41,計算用!$AC$34,(MOD(2-計算用!$AE$34+1,4)+1)*2-1),INDEX(組分け!$L$5:$S$41,計算用!$AC$34,(MOD(2-計算用!$AE$34+1,4)+1)*2-1)))&"") | E35: =IF(計算用!$Z$34="","",IF(計算用!$U$24,IF(計算用!$Z$34="A",INDEX(手直し!$B$6:$E$42,計算用!$AC$34,MOD(3-計算用!$AE$34+1,4)+1),INDEX(手直し!$G$6:$J$42,計算用!$AC$34,MOD(3-計算用!$AE$34+1,4)+1)),IF(計算用!$Z$34="A",INDEX(組分け!$B$5:$I$41,計算用!$AC$34,(MOD(3-計算用!$AE$34+1,4)+1)*2-1),INDEX(組分け!$L$5:$S$41,計算用!$AC$34,(MOD(3-計算用!$AE$34+1,4)+1)*2-1)))&"")
A36: =計算用!$AD$35 | B36: =IF(計算用!$Z$35="","",IF(計算用!$U$24,IF(計算用!$Z$35="A",INDEX(手直し!$B$6:$E$42,計算用!$AC$35,MOD(0-計算用!$AE$35+1,4)+1),INDEX(手直し!$G$6:$J$42,計算用!$AC$35,MOD(0-計算用!$AE$35+1,4)+1)),IF(計算用!$Z$35="A",INDEX(組分け!$B$5:$I$41,計算用!$AC$35,(MOD(0-計算用!$AE$35+1,4)+1)*2-1),INDEX(組分け!$L$5:$S$41,計算用!$AC$35,(MOD(0-計算用!$AE$35+1,4)+1)*2-1)))&"") | C36: =IF(計算用!$Z$35="","",IF(計算用!$U$24,IF(計算用!$Z$35="A",INDEX(手直し!$B$6:$E$42,計算用!$AC$35,MOD(1-計算用!$AE$35+1,4)+1),INDEX(手直し!$G$6:$J$42,計算用!$AC$35,MOD(1-計算用!$AE$35+1,4)+1)),IF(計算用!$Z$35="A",INDEX(組分け!$B$5:$I$41,計算用!$AC$35,(MOD(1-計算用!$AE$35+1,4)+1)*2-1),INDEX(組分け!$L$5:$S$41,計算用!$AC$35,(MOD(1-計算用!$AE$35+1,4)+1)*2-1)))&"") | D36: =IF(計算用!$Z$35="","",IF(計算用!$U$24,IF(計算用!$Z$35="A",INDEX(手直し!$B$6:$E$42,計算用!$AC$35,MOD(2-計算用!$AE$35+1,4)+1),INDEX(手直し!$G$6:$J$42,計算用!$AC$35,MOD(2-計算用!$AE$35+1,4)+1)),IF(計算用!$Z$35="A",INDEX(組分け!$B$5:$I$41,計算用!$AC$35,(MOD(2-計算用!$AE$35+1,4)+1)*2-1),INDEX(組分け!$L$5:$S$41,計算用!$AC$35,(MOD(2-計算用!$AE$35+1,4)+1)*2-1)))&"") | E36: =IF(計算用!$Z$35="","",IF(計算用!$U$24,IF(計算用!$Z$35="A",INDEX(手直し!$B$6:$E$42,計算用!$AC$35,MOD(3-計算用!$AE$35+1,4)+1),INDEX(手直し!$G$6:$J$42,計算用!$AC$35,MOD(3-計算用!$AE$35+1,4)+1)),IF(計算用!$Z$35="A",INDEX(組分け!$B$5:$I$41,計算用!$AC$35,(MOD(3-計算用!$AE$35+1,4)+1)*2-1),INDEX(組分け!$L$5:$S$41,計算用!$AC$35,(MOD(3-計算用!$AE$35+1,4)+1)*2-1)))&"")
A37: =計算用!$AD$36 | B37: =IF(計算用!$Z$36="","",IF(計算用!$U$24,IF(計算用!$Z$36="A",INDEX(手直し!$B$6:$E$42,計算用!$AC$36,MOD(0-計算用!$AE$36+1,4)+1),INDEX(手直し!$G$6:$J$42,計算用!$AC$36,MOD(0-計算用!$AE$36+1,4)+1)),IF(計算用!$Z$36="A",INDEX(組分け!$B$5:$I$41,計算用!$AC$36,(MOD(0-計算用!$AE$36+1,4)+1)*2-1),INDEX(組分け!$L$5:$S$41,計算用!$AC$36,(MOD(0-計算用!$AE$36+1,4)+1)*2-1)))&"") | C37: =IF(計算用!$Z$36="","",IF(計算用!$U$24,IF(計算用!$Z$36="A",INDEX(手直し!$B$6:$E$42,計算用!$AC$36,MOD(1-計算用!$AE$36+1,4)+1),INDEX(手直し!$G$6:$J$42,計算用!$AC$36,MOD(1-計算用!$AE$36+1,4)+1)),IF(計算用!$Z$36="A",INDEX(組分け!$B$5:$I$41,計算用!$AC$36,(MOD(1-計算用!$AE$36+1,4)+1)*2-1),INDEX(組分け!$L$5:$S$41,計算用!$AC$36,(MOD(1-計算用!$AE$36+1,4)+1)*2-1)))&"") | D37: =IF(計算用!$Z$36="","",IF(計算用!$U$24,IF(計算用!$Z$36="A",INDEX(手直し!$B$6:$E$42,計算用!$AC$36,MOD(2-計算用!$AE$36+1,4)+1),INDEX(手直し!$G$6:$J$42,計算用!$AC$36,MOD(2-計算用!$AE$36+1,4)+1)),IF(計算用!$Z$36="A",INDEX(組分け!$B$5:$I$41,計算用!$AC$36,(MOD(2-計算用!$AE$36+1,4)+1)*2-1),INDEX(組分け!$L$5:$S$41,計算用!$AC$36,(MOD(2-計算用!$AE$36+1,4)+1)*2-1)))&"") | E37: =IF(計算用!$Z$36="","",IF(計算用!$U$24,IF(計算用!$Z$36="A",INDEX(手直し!$B$6:$E$42,計算用!$AC$36,MOD(3-計算用!$AE$36+1,4)+1),INDEX(手直し!$G$6:$J$42,計算用!$AC$36,MOD(3-計算用!$AE$36+1,4)+1)),IF(計算用!$Z$36="A",INDEX(組分け!$B$5:$I$41,計算用!$AC$36,(MOD(3-計算用!$AE$36+1,4)+1)*2-1),INDEX(組分け!$L$5:$S$41,計算用!$AC$36,(MOD(3-計算用!$AE$36+1,4)+1)*2-1)))&"")
A38: =計算用!$AD$37 | B38: =IF(計算用!$Z$37="","",IF(計算用!$U$24,IF(計算用!$Z$37="A",INDEX(手直し!$B$6:$E$42,計算用!$AC$37,MOD(0-計算用!$AE$37+1,4)+1),INDEX(手直し!$G$6:$J$42,計算用!$AC$37,MOD(0-計算用!$AE$37+1,4)+1)),IF(計算用!$Z$37="A",INDEX(組分け!$B$5:$I$41,計算用!$AC$37,(MOD(0-計算用!$AE$37+1,4)+1)*2-1),INDEX(組分け!$L$5:$S$41,計算用!$AC$37,(MOD(0-計算用!$AE$37+1,4)+1)*2-1)))&"") | C38: =IF(計算用!$Z$37="","",IF(計算用!$U$24,IF(計算用!$Z$37="A",INDEX(手直し!$B$6:$E$42,計算用!$AC$37,MOD(1-計算用!$AE$37+1,4)+1),INDEX(手直し!$G$6:$J$42,計算用!$AC$37,MOD(1-計算用!$AE$37+1,4)+1)),IF(計算用!$Z$37="A",INDEX(組分け!$B$5:$I$41,計算用!$AC$37,(MOD(1-計算用!$AE$37+1,4)+1)*2-1),INDEX(組分け!$L$5:$S$41,計算用!$AC$37,(MOD(1-計算用!$AE$37+1,4)+1)*2-1)))&"") | D38: =IF(計算用!$Z$37="","",IF(計算用!$U$24,IF(計算用!$Z$37="A",INDEX(手直し!$B$6:$E$42,計算用!$AC$37,MOD(2-計算用!$AE$37+1,4)+1),INDEX(手直し!$G$6:$J$42,計算用!$AC$37,MOD(2-計算用!$AE$37+1,4)+1)),IF(計算用!$Z$37="A",INDEX(組分け!$B$5:$I$41,計算用!$AC$37,(MOD(2-計算用!$AE$37+1,4)+1)*2-1),INDEX(組分け!$L$5:$S$41,計算用!$AC$37,(MOD(2-計算用!$AE$37+1,4)+1)*2-1)))&"") | E38: =IF(計算用!$Z$37="","",IF(計算用!$U$24,IF(計算用!$Z$37="A",INDEX(手直し!$B$6:$E$42,計算用!$AC$37,MOD(3-計算用!$AE$37+1,4)+1),INDEX(手直し!$G$6:$J$42,計算用!$AC$37,MOD(3-計算用!$AE$37+1,4)+1)),IF(計算用!$Z$37="A",INDEX(組分け!$B$5:$I$41,計算用!$AC$37,(MOD(3-計算用!$AE$37+1,4)+1)*2-1),INDEX(組分け!$L$5:$S$41,計算用!$AC$37,(MOD(3-計算用!$AE$37+1,4)+1)*2-1)))&"")
A39: =計算用!$AD$38 | B39: =IF(計算用!$Z$38="","",IF(計算用!$U$24,IF(計算用!$Z$38="A",INDEX(手直し!$B$6:$E$42,計算用!$AC$38,MOD(0-計算用!$AE$38+1,4)+1),INDEX(手直し!$G$6:$J$42,計算用!$AC$38,MOD(0-計算用!$AE$38+1,4)+1)),IF(計算用!$Z$38="A",INDEX(組分け!$B$5:$I$41,計算用!$AC$38,(MOD(0-計算用!$AE$38+1,4)+1)*2-1),INDEX(組分け!$L$5:$S$41,計算用!$AC$38,(MOD(0-計算用!$AE$38+1,4)+1)*2-1)))&"") | C39: =IF(計算用!$Z$38="","",IF(計算用!$U$24,IF(計算用!$Z$38="A",INDEX(手直し!$B$6:$E$42,計算用!$AC$38,MOD(1-計算用!$AE$38+1,4)+1),INDEX(手直し!$G$6:$J$42,計算用!$AC$38,MOD(1-計算用!$AE$38+1,4)+1)),IF(計算用!$Z$38="A",INDEX(組分け!$B$5:$I$41,計算用!$AC$38,(MOD(1-計算用!$AE$38+1,4)+1)*2-1),INDEX(組分け!$L$5:$S$41,計算用!$AC$38,(MOD(1-計算用!$AE$38+1,4)+1)*2-1)))&"") | D39: =IF(計算用!$Z$38="","",IF(計算用!$U$24,IF(計算用!$Z$38="A",INDEX(手直し!$B$6:$E$42,計算用!$AC$38,MOD(2-計算用!$AE$38+1,4)+1),INDEX(手直し!$G$6:$J$42,計算用!$AC$38,MOD(2-計算用!$AE$38+1,4)+1)),IF(計算用!$Z$38="A",INDEX(組分け!$B$5:$I$41,計算用!$AC$38,(MOD(2-計算用!$AE$38+1,4)+1)*2-1),INDEX(組分け!$L$5:$S$41,計算用!$AC$38,(MOD(2-計算用!$AE$38+1,4)+1)*2-1)))&"") | E39: =IF(計算用!$Z$38="","",IF(計算用!$U$24,IF(計算用!$Z$38="A",INDEX(手直し!$B$6:$E$42,計算用!$AC$38,MOD(3-計算用!$AE$38+1,4)+1),INDEX(手直し!$G$6:$J$42,計算用!$AC$38,MOD(3-計算用!$AE$38+1,4)+1)),IF(計算用!$Z$38="A",INDEX(組分け!$B$5:$I$41,計算用!$AC$38,(MOD(3-計算用!$AE$38+1,4)+1)*2-1),INDEX(組分け!$L$5:$S$41,計算用!$AC$38,(MOD(3-計算用!$AE$38+1,4)+1)*2-1)))&"")
A40: =計算用!$AD$39 | B40: =IF(計算用!$Z$39="","",IF(計算用!$U$24,IF(計算用!$Z$39="A",INDEX(手直し!$B$6:$E$42,計算用!$AC$39,MOD(0-計算用!$AE$39+1,4)+1),INDEX(手直し!$G$6:$J$42,計算用!$AC$39,MOD(0-計算用!$AE$39+1,4)+1)),IF(計算用!$Z$39="A",INDEX(組分け!$B$5:$I$41,計算用!$AC$39,(MOD(0-計算用!$AE$39+1,4)+1)*2-1),INDEX(組分け!$L$5:$S$41,計算用!$AC$39,(MOD(0-計算用!$AE$39+1,4)+1)*2-1)))&"") | C40: =IF(計算用!$Z$39="","",IF(計算用!$U$24,IF(計算用!$Z$39="A",INDEX(手直し!$B$6:$E$42,計算用!$AC$39,MOD(1-計算用!$AE$39+1,4)+1),INDEX(手直し!$G$6:$J$42,計算用!$AC$39,MOD(1-計算用!$AE$39+1,4)+1)),IF(計算用!$Z$39="A",INDEX(組分け!$B$5:$I$41,計算用!$AC$39,(MOD(1-計算用!$AE$39+1,4)+1)*2-1),INDEX(組分け!$L$5:$S$41,計算用!$AC$39,(MOD(1-計算用!$AE$39+1,4)+1)*2-1)))&"") | D40: =IF(計算用!$Z$39="","",IF(計算用!$U$24,IF(計算用!$Z$39="A",INDEX(手直し!$B$6:$E$42,計算用!$AC$39,MOD(2-計算用!$AE$39+1,4)+1),INDEX(手直し!$G$6:$J$42,計算用!$AC$39,MOD(2-計算用!$AE$39+1,4)+1)),IF(計算用!$Z$39="A",INDEX(組分け!$B$5:$I$41,計算用!$AC$39,(MOD(2-計算用!$AE$39+1,4)+1)*2-1),INDEX(組分け!$L$5:$S$41,計算用!$AC$39,(MOD(2-計算用!$AE$39+1,4)+1)*2-1)))&"") | E40: =IF(計算用!$Z$39="","",IF(計算用!$U$24,IF(計算用!$Z$39="A",INDEX(手直し!$B$6:$E$42,計算用!$AC$39,MOD(3-計算用!$AE$39+1,4)+1),INDEX(手直し!$G$6:$J$42,計算用!$AC$39,MOD(3-計算用!$AE$39+1,4)+1)),IF(計算用!$Z$39="A",INDEX(組分け!$B$5:$I$41,計算用!$AC$39,(MOD(3-計算用!$AE$39+1,4)+1)*2-1),INDEX(組分け!$L$5:$S$41,計算用!$AC$39,(MOD(3-計算用!$AE$39+1,4)+1)*2-1)))&"")
A41: =計算用!$AD$40 | B41: =IF(計算用!$Z$40="","",IF(計算用!$U$24,IF(計算用!$Z$40="A",INDEX(手直し!$B$6:$E$42,計算用!$AC$40,MOD(0-計算用!$AE$40+1,4)+1),INDEX(手直し!$G$6:$J$42,計算用!$AC$40,MOD(0-計算用!$AE$40+1,4)+1)),IF(計算用!$Z$40="A",INDEX(組分け!$B$5:$I$41,計算用!$AC$40,(MOD(0-計算用!$AE$40+1,4)+1)*2-1),INDEX(組分け!$L$5:$S$41,計算用!$AC$40,(MOD(0-計算用!$AE$40+1,4)+1)*2-1)))&"") | C41: =IF(計算用!$Z$40="","",IF(計算用!$U$24,IF(計算用!$Z$40="A",INDEX(手直し!$B$6:$E$42,計算用!$AC$40,MOD(1-計算用!$AE$40+1,4)+1),INDEX(手直し!$G$6:$J$42,計算用!$AC$40,MOD(1-計算用!$AE$40+1,4)+1)),IF(計算用!$Z$40="A",INDEX(組分け!$B$5:$I$41,計算用!$AC$40,(MOD(1-計算用!$AE$40+1,4)+1)*2-1),INDEX(組分け!$L$5:$S$41,計算用!$AC$40,(MOD(1-計算用!$AE$40+1,4)+1)*2-1)))&"") | D41: =IF(計算用!$Z$40="","",IF(計算用!$U$24,IF(計算用!$Z$40="A",INDEX(手直し!$B$6:$E$42,計算用!$AC$40,MOD(2-計算用!$AE$40+1,4)+1),INDEX(手直し!$G$6:$J$42,計算用!$AC$40,MOD(2-計算用!$AE$40+1,4)+1)),IF(計算用!$Z$40="A",INDEX(組分け!$B$5:$I$41,計算用!$AC$40,(MOD(2-計算用!$AE$40+1,4)+1)*2-1),INDEX(組分け!$L$5:$S$41,計算用!$AC$40,(MOD(2-計算用!$AE$40+1,4)+1)*2-1)))&"") | E41: =IF(計算用!$Z$40="","",IF(計算用!$U$24,IF(計算用!$Z$40="A",INDEX(手直し!$B$6:$E$42,計算用!$AC$40,MOD(3-計算用!$AE$40+1,4)+1),INDEX(手直し!$G$6:$J$42,計算用!$AC$40,MOD(3-計算用!$AE$40+1,4)+1)),IF(計算用!$Z$40="A",INDEX(組分け!$B$5:$I$41,計算用!$AC$40,(MOD(3-計算用!$AE$40+1,4)+1)*2-1),INDEX(組分け!$L$5:$S$41,計算用!$AC$40,(MOD(3-計算用!$AE$40+1,4)+1)*2-1)))&"")
A42: =計算用!$AD$41 | B42: =IF(計算用!$Z$41="","",IF(計算用!$U$24,IF(計算用!$Z$41="A",INDEX(手直し!$B$6:$E$42,計算用!$AC$41,MOD(0-計算用!$AE$41+1,4)+1),INDEX(手直し!$G$6:$J$42,計算用!$AC$41,MOD(0-計算用!$AE$41+1,4)+1)),IF(計算用!$Z$41="A",INDEX(組分け!$B$5:$I$41,計算用!$AC$41,(MOD(0-計算用!$AE$41+1,4)+1)*2-1),INDEX(組分け!$L$5:$S$41,計算用!$AC$41,(MOD(0-計算用!$AE$41+1,4)+1)*2-1)))&"") | C42: =IF(計算用!$Z$41="","",IF(計算用!$U$24,IF(計算用!$Z$41="A",INDEX(手直し!$B$6:$E$42,計算用!$AC$41,MOD(1-計算用!$AE$41+1,4)+1),INDEX(手直し!$G$6:$J$42,計算用!$AC$41,MOD(1-計算用!$AE$41+1,4)+1)),IF(計算用!$Z$41="A",INDEX(組分け!$B$5:$I$41,計算用!$AC$41,(MOD(1-計算用!$AE$41+1,4)+1)*2-1),INDEX(組分け!$L$5:$S$41,計算用!$AC$41,(MOD(1-計算用!$AE$41+1,4)+1)*2-1)))&"") | D42: =IF(計算用!$Z$41="","",IF(計算用!$U$24,IF(計算用!$Z$41="A",INDEX(手直し!$B$6:$E$42,計算用!$AC$41,MOD(2-計算用!$AE$41+1,4)+1),INDEX(手直し!$G$6:$J$42,計算用!$AC$41,MOD(2-計算用!$AE$41+1,4)+1)),IF(計算用!$Z$41="A",INDEX(組分け!$B$5:$I$41,計算用!$AC$41,(MOD(2-計算用!$AE$41+1,4)+1)*2-1),INDEX(組分け!$L$5:$S$41,計算用!$AC$41,(MOD(2-計算用!$AE$41+1,4)+1)*2-1)))&"") | E42: =IF(計算用!$Z$41="","",IF(計算用!$U$24,IF(計算用!$Z$41="A",INDEX(手直し!$B$6:$E$42,計算用!$AC$41,MOD(3-計算用!$AE$41+1,4)+1),INDEX(手直し!$G$6:$J$42,計算用!$AC$41,MOD(3-計算用!$AE$41+1,4)+1)),IF(計算用!$Z$41="A",INDEX(組分け!$B$5:$I$41,計算用!$AC$41,(MOD(3-計算用!$AE$41+1,4)+1)*2-1),INDEX(組分け!$L$5:$S$41,計算用!$AC$41,(MOD(3-計算用!$AE$41+1,4)+1)*2-1)))&"")
A43: =計算用!$AD$42 | B43: =IF(計算用!$Z$42="","",IF(計算用!$U$24,IF(計算用!$Z$42="A",INDEX(手直し!$B$6:$E$42,計算用!$AC$42,MOD(0-計算用!$AE$42+1,4)+1),INDEX(手直し!$G$6:$J$42,計算用!$AC$42,MOD(0-計算用!$AE$42+1,4)+1)),IF(計算用!$Z$42="A",INDEX(組分け!$B$5:$I$41,計算用!$AC$42,(MOD(0-計算用!$AE$42+1,4)+1)*2-1),INDEX(組分け!$L$5:$S$41,計算用!$AC$42,(MOD(0-計算用!$AE$42+1,4)+1)*2-1)))&"") | C43: =IF(計算用!$Z$42="","",IF(計算用!$U$24,IF(計算用!$Z$42="A",INDEX(手直し!$B$6:$E$42,計算用!$AC$42,MOD(1-計算用!$AE$42+1,4)+1),INDEX(手直し!$G$6:$J$42,計算用!$AC$42,MOD(1-計算用!$AE$42+1,4)+1)),IF(計算用!$Z$42="A",INDEX(組分け!$B$5:$I$41,計算用!$AC$42,(MOD(1-計算用!$AE$42+1,4)+1)*2-1),INDEX(組分け!$L$5:$S$41,計算用!$AC$42,(MOD(1-計算用!$AE$42+1,4)+1)*2-1)))&"") | D43: =IF(計算用!$Z$42="","",IF(計算用!$U$24,IF(計算用!$Z$42="A",INDEX(手直し!$B$6:$E$42,計算用!$AC$42,MOD(2-計算用!$AE$42+1,4)+1),INDEX(手直し!$G$6:$J$42,計算用!$AC$42,MOD(2-計算用!$AE$42+1,4)+1)),IF(計算用!$Z$42="A",INDEX(組分け!$B$5:$I$41,計算用!$AC$42,(MOD(2-計算用!$AE$42+1,4)+1)*2-1),INDEX(組分け!$L$5:$S$41,計算用!$AC$42,(MOD(2-計算用!$AE$42+1,4)+1)*2-1)))&"") | E43: =IF(計算用!$Z$42="","",IF(計算用!$U$24,IF(計算用!$Z$42="A",INDEX(手直し!$B$6:$E$42,計算用!$AC$42,MOD(3-計算用!$AE$42+1,4)+1),INDEX(手直し!$G$6:$J$42,計算用!$AC$42,MOD(3-計算用!$AE$42+1,4)+1)),IF(計算用!$Z$42="A",INDEX(組分け!$B$5:$I$41,計算用!$AC$42,(MOD(3-計算用!$AE$42+1,4)+1)*2-1),INDEX(組分け!$L$5:$S$41,計算用!$AC$42,(MOD(3-計算用!$AE$42+1,4)+1)*2-1)))&"")
A44: =計算用!$AD$43 | B44: =IF(計算用!$Z$43="","",IF(計算用!$U$24,IF(計算用!$Z$43="A",INDEX(手直し!$B$6:$E$42,計算用!$AC$43,MOD(0-計算用!$AE$43+1,4)+1),INDEX(手直し!$G$6:$J$42,計算用!$AC$43,MOD(0-計算用!$AE$43+1,4)+1)),IF(計算用!$Z$43="A",INDEX(組分け!$B$5:$I$41,計算用!$AC$43,(MOD(0-計算用!$AE$43+1,4)+1)*2-1),INDEX(組分け!$L$5:$S$41,計算用!$AC$43,(MOD(0-計算用!$AE$43+1,4)+1)*2-1)))&"") | C44: =IF(計算用!$Z$43="","",IF(計算用!$U$24,IF(計算用!$Z$43="A",INDEX(手直し!$B$6:$E$42,計算用!$AC$43,MOD(1-計算用!$AE$43+1,4)+1),INDEX(手直し!$G$6:$J$42,計算用!$AC$43,MOD(1-計算用!$AE$43+1,4)+1)),IF(計算用!$Z$43="A",INDEX(組分け!$B$5:$I$41,計算用!$AC$43,(MOD(1-計算用!$AE$43+1,4)+1)*2-1),INDEX(組分け!$L$5:$S$41,計算用!$AC$43,(MOD(1-計算用!$AE$43+1,4)+1)*2-1)))&"") | D44: =IF(計算用!$Z$43="","",IF(計算用!$U$24,IF(計算用!$Z$43="A",INDEX(手直し!$B$6:$E$42,計算用!$AC$43,MOD(2-計算用!$AE$43+1,4)+1),INDEX(手直し!$G$6:$J$42,計算用!$AC$43,MOD(2-計算用!$AE$43+1,4)+1)),IF(計算用!$Z$43="A",INDEX(組分け!$B$5:$I$41,計算用!$AC$43,(MOD(2-計算用!$AE$43+1,4)+1)*2-1),INDEX(組分け!$L$5:$S$41,計算用!$AC$43,(MOD(2-計算用!$AE$43+1,4)+1)*2-1)))&"") | E44: =IF(計算用!$Z$43="","",IF(計算用!$U$24,IF(計算用!$Z$43="A",INDEX(手直し!$B$6:$E$42,計算用!$AC$43,MOD(3-計算用!$AE$43+1,4)+1),INDEX(手直し!$G$6:$J$42,計算用!$AC$43,MOD(3-計算用!$AE$43+1,4)+1)),IF(計算用!$Z$43="A",INDEX(組分け!$B$5:$I$41,計算用!$AC$43,(MOD(3-計算用!$AE$43+1,4)+1)*2-1),INDEX(組分け!$L$5:$S$41,計算用!$AC$43,(MOD(3-計算用!$AE$43+1,4)+1)*2-1)))&"")
A45: =計算用!$AD$44 | B45: =IF(計算用!$Z$44="","",IF(計算用!$U$24,IF(計算用!$Z$44="A",INDEX(手直し!$B$6:$E$42,計算用!$AC$44,MOD(0-計算用!$AE$44+1,4)+1),INDEX(手直し!$G$6:$J$42,計算用!$AC$44,MOD(0-計算用!$AE$44+1,4)+1)),IF(計算用!$Z$44="A",INDEX(組分け!$B$5:$I$41,計算用!$AC$44,(MOD(0-計算用!$AE$44+1,4)+1)*2-1),INDEX(組分け!$L$5:$S$41,計算用!$AC$44,(MOD(0-計算用!$AE$44+1,4)+1)*2-1)))&"") | C45: =IF(計算用!$Z$44="","",IF(計算用!$U$24,IF(計算用!$Z$44="A",INDEX(手直し!$B$6:$E$42,計算用!$AC$44,MOD(1-計算用!$AE$44+1,4)+1),INDEX(手直し!$G$6:$J$42,計算用!$AC$44,MOD(1-計算用!$AE$44+1,4)+1)),IF(計算用!$Z$44="A",INDEX(組分け!$B$5:$I$41,計算用!$AC$44,(MOD(1-計算用!$AE$44+1,4)+1)*2-1),INDEX(組分け!$L$5:$S$41,計算用!$AC$44,(MOD(1-計算用!$AE$44+1,4)+1)*2-1)))&"") | D45: =IF(計算用!$Z$44="","",IF(計算用!$U$24,IF(計算用!$Z$44="A",INDEX(手直し!$B$6:$E$42,計算用!$AC$44,MOD(2-計算用!$AE$44+1,4)+1),INDEX(手直し!$G$6:$J$42,計算用!$AC$44,MOD(2-計算用!$AE$44+1,4)+1)),IF(計算用!$Z$44="A",INDEX(組分け!$B$5:$I$41,計算用!$AC$44,(MOD(2-計算用!$AE$44+1,4)+1)*2-1),INDEX(組分け!$L$5:$S$41,計算用!$AC$44,(MOD(2-計算用!$AE$44+1,4)+1)*2-1)))&"") | E45: =IF(計算用!$Z$44="","",IF(計算用!$U$24,IF(計算用!$Z$44="A",INDEX(手直し!$B$6:$E$42,計算用!$AC$44,MOD(3-計算用!$AE$44+1,4)+1),INDEX(手直し!$G$6:$J$42,計算用!$AC$44,MOD(3-計算用!$AE$44+1,4)+1)),IF(計算用!$Z$44="A",INDEX(組分け!$B$5:$I$41,計算用!$AC$44,(MOD(3-計算用!$AE$44+1,4)+1)*2-1),INDEX(組分け!$L$5:$S$41,計算用!$AC$44,(MOD(3-計算用!$AE$44+1,4)+1)*2-1)))&"")
A46: =計算用!$AD$45 | B46: =IF(計算用!$Z$45="","",IF(計算用!$U$24,IF(計算用!$Z$45="A",INDEX(手直し!$B$6:$E$42,計算用!$AC$45,MOD(0-計算用!$AE$45+1,4)+1),INDEX(手直し!$G$6:$J$42,計算用!$AC$45,MOD(0-計算用!$AE$45+1,4)+1)),IF(計算用!$Z$45="A",INDEX(組分け!$B$5:$I$41,計算用!$AC$45,(MOD(0-計算用!$AE$45+1,4)+1)*2-1),INDEX(組分け!$L$5:$S$41,計算用!$AC$45,(MOD(0-計算用!$AE$45+1,4)+1)*2-1)))&"") | C46: =IF(計算用!$Z$45="","",IF(計算用!$U$24,IF(計算用!$Z$45="A",INDEX(手直し!$B$6:$E$42,計算用!$AC$45,MOD(1-計算用!$AE$45+1,4)+1),INDEX(手直し!$G$6:$J$42,計算用!$AC$45,MOD(1-計算用!$AE$45+1,4)+1)),IF(計算用!$Z$45="A",INDEX(組分け!$B$5:$I$41,計算用!$AC$45,(MOD(1-計算用!$AE$45+1,4)+1)*2-1),INDEX(組分け!$L$5:$S$41,計算用!$AC$45,(MOD(1-計算用!$AE$45+1,4)+1)*2-1)))&"") | D46: =IF(計算用!$Z$45="","",IF(計算用!$U$24,IF(計算用!$Z$45="A",INDEX(手直し!$B$6:$E$42,計算用!$AC$45,MOD(2-計算用!$AE$45+1,4)+1),INDEX(手直し!$G$6:$J$42,計算用!$AC$45,MOD(2-計算用!$AE$45+1,4)+1)),IF(計算用!$Z$45="A",INDEX(組分け!$B$5:$I$41,計算用!$AC$45,(MOD(2-計算用!$AE$45+1,4)+1)*2-1),INDEX(組分け!$L$5:$S$41,計算用!$AC$45,(MOD(2-計算用!$AE$45+1,4)+1)*2-1)))&"") | E46: =IF(計算用!$Z$45="","",IF(計算用!$U$24,IF(計算用!$Z$45="A",INDEX(手直し!$B$6:$E$42,計算用!$AC$45,MOD(3-計算用!$AE$45+1,4)+1),INDEX(手直し!$G$6:$J$42,計算用!$AC$45,MOD(3-計算用!$AE$45+1,4)+1)),IF(計算用!$Z$45="A",INDEX(組分け!$B$5:$I$41,計算用!$AC$45,(MOD(3-計算用!$AE$45+1,4)+1)*2-1),INDEX(組分け!$L$5:$S$41,計算用!$AC$45,(MOD(3-計算用!$AE$45+1,4)+1)*2-1)))&"")
A47: =計算用!$AD$46 | B47: =IF(計算用!$Z$46="","",IF(計算用!$U$24,IF(計算用!$Z$46="A",INDEX(手直し!$B$6:$E$42,計算用!$AC$46,MOD(0-計算用!$AE$46+1,4)+1),INDEX(手直し!$G$6:$J$42,計算用!$AC$46,MOD(0-計算用!$AE$46+1,4)+1)),IF(計算用!$Z$46="A",INDEX(組分け!$B$5:$I$41,計算用!$AC$46,(MOD(0-計算用!$AE$46+1,4)+1)*2-1),INDEX(組分け!$L$5:$S$41,計算用!$AC$46,(MOD(0-計算用!$AE$46+1,4)+1)*2-1)))&"") | C47: =IF(計算用!$Z$46="","",IF(計算用!$U$24,IF(計算用!$Z$46="A",INDEX(手直し!$B$6:$E$42,計算用!$AC$46,MOD(1-計算用!$AE$46+1,4)+1),INDEX(手直し!$G$6:$J$42,計算用!$AC$46,MOD(1-計算用!$AE$46+1,4)+1)),IF(計算用!$Z$46="A",INDEX(組分け!$B$5:$I$41,計算用!$AC$46,(MOD(1-計算用!$AE$46+1,4)+1)*2-1),INDEX(組分け!$L$5:$S$41,計算用!$AC$46,(MOD(1-計算用!$AE$46+1,4)+1)*2-1)))&"") | D47: =IF(計算用!$Z$46="","",IF(計算用!$U$24,IF(計算用!$Z$46="A",INDEX(手直し!$B$6:$E$42,計算用!$AC$46,MOD(2-計算用!$AE$46+1,4)+1),INDEX(手直し!$G$6:$J$42,計算用!$AC$46,MOD(2-計算用!$AE$46+1,4)+1)),IF(計算用!$Z$46="A",INDEX(組分け!$B$5:$I$41,計算用!$AC$46,(MOD(2-計算用!$AE$46+1,4)+1)*2-1),INDEX(組分け!$L$5:$S$41,計算用!$AC$46,(MOD(2-計算用!$AE$46+1,4)+1)*2-1)))&"") | E47: =IF(計算用!$Z$46="","",IF(計算用!$U$24,IF(計算用!$Z$46="A",INDEX(手直し!$B$6:$E$42,計算用!$AC$46,MOD(3-計算用!$AE$46+1,4)+1),INDEX(手直し!$G$6:$J$42,計算用!$AC$46,MOD(3-計算用!$AE$46+1,4)+1)),IF(計算用!$Z$46="A",INDEX(組分け!$B$5:$I$41,計算用!$AC$46,(MOD(3-計算用!$AE$46+1,4)+1)*2-1),INDEX(組分け!$L$5:$S$41,計算用!$AC$46,(MOD(3-計算用!$AE$46+1,4)+1)*2-1)))&"")
A48: =計算用!$AD$47 | B48: =IF(計算用!$Z$47="","",IF(計算用!$U$24,IF(計算用!$Z$47="A",INDEX(手直し!$B$6:$E$42,計算用!$AC$47,MOD(0-計算用!$AE$47+1,4)+1),INDEX(手直し!$G$6:$J$42,計算用!$AC$47,MOD(0-計算用!$AE$47+1,4)+1)),IF(計算用!$Z$47="A",INDEX(組分け!$B$5:$I$41,計算用!$AC$47,(MOD(0-計算用!$AE$47+1,4)+1)*2-1),INDEX(組分け!$L$5:$S$41,計算用!$AC$47,(MOD(0-計算用!$AE$47+1,4)+1)*2-1)))&"") | C48: =IF(計算用!$Z$47="","",IF(計算用!$U$24,IF(計算用!$Z$47="A",INDEX(手直し!$B$6:$E$42,計算用!$AC$47,MOD(1-計算用!$AE$47+1,4)+1),INDEX(手直し!$G$6:$J$42,計算用!$AC$47,MOD(1-計算用!$AE$47+1,4)+1)),IF(計算用!$Z$47="A",INDEX(組分け!$B$5:$I$41,計算用!$AC$47,(MOD(1-計算用!$AE$47+1,4)+1)*2-1),INDEX(組分け!$L$5:$S$41,計算用!$AC$47,(MOD(1-計算用!$AE$47+1,4)+1)*2-1)))&"") | D48: =IF(計算用!$Z$47="","",IF(計算用!$U$24,IF(計算用!$Z$47="A",INDEX(手直し!$B$6:$E$42,計算用!$AC$47,MOD(2-計算用!$AE$47+1,4)+1),INDEX(手直し!$G$6:$J$42,計算用!$AC$47,MOD(2-計算用!$AE$47+1,4)+1)),IF(計算用!$Z$47="A",INDEX(組分け!$B$5:$I$41,計算用!$AC$47,(MOD(2-計算用!$AE$47+1,4)+1)*2-1),INDEX(組分け!$L$5:$S$41,計算用!$AC$47,(MOD(2-計算用!$AE$47+1,4)+1)*2-1)))&"") | E48: =IF(計算用!$Z$47="","",IF(計算用!$U$24,IF(計算用!$Z$47="A",INDEX(手直し!$B$6:$E$42,計算用!$AC$47,MOD(3-計算用!$AE$47+1,4)+1),INDEX(手直し!$G$6:$J$42,計算用!$AC$47,MOD(3-計算用!$AE$47+1,4)+1)),IF(計算用!$Z$47="A",INDEX(組分け!$B$5:$I$41,計算用!$AC$47,(MOD(3-計算用!$AE$47+1,4)+1)*2-1),INDEX(組分け!$L$5:$S$41,計算用!$AC$47,(MOD(3-計算用!$AE$47+1,4)+1)*2-1)))&"")
A49: =計算用!$AD$48 | B49: =IF(計算用!$Z$48="","",IF(計算用!$U$24,IF(計算用!$Z$48="A",INDEX(手直し!$B$6:$E$42,計算用!$AC$48,MOD(0-計算用!$AE$48+1,4)+1),INDEX(手直し!$G$6:$J$42,計算用!$AC$48,MOD(0-計算用!$AE$48+1,4)+1)),IF(計算用!$Z$48="A",INDEX(組分け!$B$5:$I$41,計算用!$AC$48,(MOD(0-計算用!$AE$48+1,4)+1)*2-1),INDEX(組分け!$L$5:$S$41,計算用!$AC$48,(MOD(0-計算用!$AE$48+1,4)+1)*2-1)))&"") | C49: =IF(計算用!$Z$48="","",IF(計算用!$U$24,IF(計算用!$Z$48="A",INDEX(手直し!$B$6:$E$42,計算用!$AC$48,MOD(1-計算用!$AE$48+1,4)+1),INDEX(手直し!$G$6:$J$42,計算用!$AC$48,MOD(1-計算用!$AE$48+1,4)+1)),IF(計算用!$Z$48="A",INDEX(組分け!$B$5:$I$41,計算用!$AC$48,(MOD(1-計算用!$AE$48+1,4)+1)*2-1),INDEX(組分け!$L$5:$S$41,計算用!$AC$48,(MOD(1-計算用!$AE$48+1,4)+1)*2-1)))&"") | D49: =IF(計算用!$Z$48="","",IF(計算用!$U$24,IF(計算用!$Z$48="A",INDEX(手直し!$B$6:$E$42,計算用!$AC$48,MOD(2-計算用!$AE$48+1,4)+1),INDEX(手直し!$G$6:$J$42,計算用!$AC$48,MOD(2-計算用!$AE$48+1,4)+1)),IF(計算用!$Z$48="A",INDEX(組分け!$B$5:$I$41,計算用!$AC$48,(MOD(2-計算用!$AE$48+1,4)+1)*2-1),INDEX(組分け!$L$5:$S$41,計算用!$AC$48,(MOD(2-計算用!$AE$48+1,4)+1)*2-1)))&"") | E49: =IF(計算用!$Z$48="","",IF(計算用!$U$24,IF(計算用!$Z$48="A",INDEX(手直し!$B$6:$E$42,計算用!$AC$48,MOD(3-計算用!$AE$48+1,4)+1),INDEX(手直し!$G$6:$J$42,計算用!$AC$48,MOD(3-計算用!$AE$48+1,4)+1)),IF(計算用!$Z$48="A",INDEX(組分け!$B$5:$I$41,計算用!$AC$48,(MOD(3-計算用!$AE$48+1,4)+1)*2-1),INDEX(組分け!$L$5:$S$41,計算用!$AC$48,(MOD(3-計算用!$AE$48+1,4)+1)*2-1)))&"")
A50: =計算用!$AD$49 | B50: =IF(計算用!$Z$49="","",IF(計算用!$U$24,IF(計算用!$Z$49="A",INDEX(手直し!$B$6:$E$42,計算用!$AC$49,MOD(0-計算用!$AE$49+1,4)+1),INDEX(手直し!$G$6:$J$42,計算用!$AC$49,MOD(0-計算用!$AE$49+1,4)+1)),IF(計算用!$Z$49="A",INDEX(組分け!$B$5:$I$41,計算用!$AC$49,(MOD(0-計算用!$AE$49+1,4)+1)*2-1),INDEX(組分け!$L$5:$S$41,計算用!$AC$49,(MOD(0-計算用!$AE$49+1,4)+1)*2-1)))&"") | C50: =IF(計算用!$Z$49="","",IF(計算用!$U$24,IF(計算用!$Z$49="A",INDEX(手直し!$B$6:$E$42,計算用!$AC$49,MOD(1-計算用!$AE$49+1,4)+1),INDEX(手直し!$G$6:$J$42,計算用!$AC$49,MOD(1-計算用!$AE$49+1,4)+1)),IF(計算用!$Z$49="A",INDEX(組分け!$B$5:$I$41,計算用!$AC$49,(MOD(1-計算用!$AE$49+1,4)+1)*2-1),INDEX(組分け!$L$5:$S$41,計算用!$AC$49,(MOD(1-計算用!$AE$49+1,4)+1)*2-1)))&"") | D50: =IF(計算用!$Z$49="","",IF(計算用!$U$24,IF(計算用!$Z$49="A",INDEX(手直し!$B$6:$E$42,計算用!$AC$49,MOD(2-計算用!$AE$49+1,4)+1),INDEX(手直し!$G$6:$J$42,計算用!$AC$49,MOD(2-計算用!$AE$49+1,4)+1)),IF(計算用!$Z$49="A",INDEX(組分け!$B$5:$I$41,計算用!$AC$49,(MOD(2-計算用!$AE$49+1,4)+1)*2-1),INDEX(組分け!$L$5:$S$41,計算用!$AC$49,(MOD(2-計算用!$AE$49+1,4)+1)*2-1)))&"") | E50: =IF(計算用!$Z$49="","",IF(計算用!$U$24,IF(計算用!$Z$49="A",INDEX(手直し!$B$6:$E$42,計算用!$AC$49,MOD(3-計算用!$AE$49+1,4)+1),INDEX(手直し!$G$6:$J$42,計算用!$AC$49,MOD(3-計算用!$AE$49+1,4)+1)),IF(計算用!$Z$49="A",INDEX(組分け!$B$5:$I$41,計算用!$AC$49,(MOD(3-計算用!$AE$49+1,4)+1)*2-1),INDEX(組分け!$L$5:$S$41,計算用!$AC$49,(MOD(3-計算用!$AE$49+1,4)+1)*2-1)))&"")
A51: =計算用!$AD$50 | B51: =IF(計算用!$Z$50="","",IF(計算用!$U$24,IF(計算用!$Z$50="A",INDEX(手直し!$B$6:$E$42,計算用!$AC$50,MOD(0-計算用!$AE$50+1,4)+1),INDEX(手直し!$G$6:$J$42,計算用!$AC$50,MOD(0-計算用!$AE$50+1,4)+1)),IF(計算用!$Z$50="A",INDEX(組分け!$B$5:$I$41,計算用!$AC$50,(MOD(0-計算用!$AE$50+1,4)+1)*2-1),INDEX(組分け!$L$5:$S$41,計算用!$AC$50,(MOD(0-計算用!$AE$50+1,4)+1)*2-1)))&"") | C51: =IF(計算用!$Z$50="","",IF(計算用!$U$24,IF(計算用!$Z$50="A",INDEX(手直し!$B$6:$E$42,計算用!$AC$50,MOD(1-計算用!$AE$50+1,4)+1),INDEX(手直し!$G$6:$J$42,計算用!$AC$50,MOD(1-計算用!$AE$50+1,4)+1)),IF(計算用!$Z$50="A",INDEX(組分け!$B$5:$I$41,計算用!$AC$50,(MOD(1-計算用!$AE$50+1,4)+1)*2-1),INDEX(組分け!$L$5:$S$41,計算用!$AC$50,(MOD(1-計算用!$AE$50+1,4)+1)*2-1)))&"") | D51: =IF(計算用!$Z$50="","",IF(計算用!$U$24,IF(計算用!$Z$50="A",INDEX(手直し!$B$6:$E$42,計算用!$AC$50,MOD(2-計算用!$AE$50+1,4)+1),INDEX(手直し!$G$6:$J$42,計算用!$AC$50,MOD(2-計算用!$AE$50+1,4)+1)),IF(計算用!$Z$50="A",INDEX(組分け!$B$5:$I$41,計算用!$AC$50,(MOD(2-計算用!$AE$50+1,4)+1)*2-1),INDEX(組分け!$L$5:$S$41,計算用!$AC$50,(MOD(2-計算用!$AE$50+1,4)+1)*2-1)))&"") | E51: =IF(計算用!$Z$50="","",IF(計算用!$U$24,IF(計算用!$Z$50="A",INDEX(手直し!$B$6:$E$42,計算用!$AC$50,MOD(3-計算用!$AE$50+1,4)+1),INDEX(手直し!$G$6:$J$42,計算用!$AC$50,MOD(3-計算用!$AE$50+1,4)+1)),IF(計算用!$Z$50="A",INDEX(組分け!$B$5:$I$41,計算用!$AC$50,(MOD(3-計算用!$AE$50+1,4)+1)*2-1),INDEX(組分け!$L$5:$S$41,計算用!$AC$50,(MOD(3-計算用!$AE$50+1,4)+1)*2-1)))&"")
A52: =計算用!$AD$51 | B52: =IF(計算用!$Z$51="","",IF(計算用!$U$24,IF(計算用!$Z$51="A",INDEX(手直し!$B$6:$E$42,計算用!$AC$51,MOD(0-計算用!$AE$51+1,4)+1),INDEX(手直し!$G$6:$J$42,計算用!$AC$51,MOD(0-計算用!$AE$51+1,4)+1)),IF(計算用!$Z$51="A",INDEX(組分け!$B$5:$I$41,計算用!$AC$51,(MOD(0-計算用!$AE$51+1,4)+1)*2-1),INDEX(組分け!$L$5:$S$41,計算用!$AC$51,(MOD(0-計算用!$AE$51+1,4)+1)*2-1)))&"") | C52: =IF(計算用!$Z$51="","",IF(計算用!$U$24,IF(計算用!$Z$51="A",INDEX(手直し!$B$6:$E$42,計算用!$AC$51,MOD(1-計算用!$AE$51+1,4)+1),INDEX(手直し!$G$6:$J$42,計算用!$AC$51,MOD(1-計算用!$AE$51+1,4)+1)),IF(計算用!$Z$51="A",INDEX(組分け!$B$5:$I$41,計算用!$AC$51,(MOD(1-計算用!$AE$51+1,4)+1)*2-1),INDEX(組分け!$L$5:$S$41,計算用!$AC$51,(MOD(1-計算用!$AE$51+1,4)+1)*2-1)))&"") | D52: =IF(計算用!$Z$51="","",IF(計算用!$U$24,IF(計算用!$Z$51="A",INDEX(手直し!$B$6:$E$42,計算用!$AC$51,MOD(2-計算用!$AE$51+1,4)+1),INDEX(手直し!$G$6:$J$42,計算用!$AC$51,MOD(2-計算用!$AE$51+1,4)+1)),IF(計算用!$Z$51="A",INDEX(組分け!$B$5:$I$41,計算用!$AC$51,(MOD(2-計算用!$AE$51+1,4)+1)*2-1),INDEX(組分け!$L$5:$S$41,計算用!$AC$51,(MOD(2-計算用!$AE$51+1,4)+1)*2-1)))&"") | E52: =IF(計算用!$Z$51="","",IF(計算用!$U$24,IF(計算用!$Z$51="A",INDEX(手直し!$B$6:$E$42,計算用!$AC$51,MOD(3-計算用!$AE$51+1,4)+1),INDEX(手直し!$G$6:$J$42,計算用!$AC$51,MOD(3-計算用!$AE$51+1,4)+1)),IF(計算用!$Z$51="A",INDEX(組分け!$B$5:$I$41,計算用!$AC$51,(MOD(3-計算用!$AE$51+1,4)+1)*2-1),INDEX(組分け!$L$5:$S$41,計算用!$AC$51,(MOD(3-計算用!$AE$51+1,4)+1)*2-1)))&"")
A53: =計算用!$AD$52 | B53: =IF(計算用!$Z$52="","",IF(計算用!$U$24,IF(計算用!$Z$52="A",INDEX(手直し!$B$6:$E$42,計算用!$AC$52,MOD(0-計算用!$AE$52+1,4)+1),INDEX(手直し!$G$6:$J$42,計算用!$AC$52,MOD(0-計算用!$AE$52+1,4)+1)),IF(計算用!$Z$52="A",INDEX(組分け!$B$5:$I$41,計算用!$AC$52,(MOD(0-計算用!$AE$52+1,4)+1)*2-1),INDEX(組分け!$L$5:$S$41,計算用!$AC$52,(MOD(0-計算用!$AE$52+1,4)+1)*2-1)))&"") | C53: =IF(計算用!$Z$52="","",IF(計算用!$U$24,IF(計算用!$Z$52="A",INDEX(手直し!$B$6:$E$42,計算用!$AC$52,MOD(1-計算用!$AE$52+1,4)+1),INDEX(手直し!$G$6:$J$42,計算用!$AC$52,MOD(1-計算用!$AE$52+1,4)+1)),IF(計算用!$Z$52="A",INDEX(組分け!$B$5:$I$41,計算用!$AC$52,(MOD(1-計算用!$AE$52+1,4)+1)*2-1),INDEX(組分け!$L$5:$S$41,計算用!$AC$52,(MOD(1-計算用!$AE$52+1,4)+1)*2-1)))&"") | D53: =IF(計算用!$Z$52="","",IF(計算用!$U$24,IF(計算用!$Z$52="A",INDEX(手直し!$B$6:$E$42,計算用!$AC$52,MOD(2-計算用!$AE$52+1,4)+1),INDEX(手直し!$G$6:$J$42,計算用!$AC$52,MOD(2-計算用!$AE$52+1,4)+1)),IF(計算用!$Z$52="A",INDEX(組分け!$B$5:$I$41,計算用!$AC$52,(MOD(2-計算用!$AE$52+1,4)+1)*2-1),INDEX(組分け!$L$5:$S$41,計算用!$AC$52,(MOD(2-計算用!$AE$52+1,4)+1)*2-1)))&"") | E53: =IF(計算用!$Z$52="","",IF(計算用!$U$24,IF(計算用!$Z$52="A",INDEX(手直し!$B$6:$E$42,計算用!$AC$52,MOD(3-計算用!$AE$52+1,4)+1),INDEX(手直し!$G$6:$J$42,計算用!$AC$52,MOD(3-計算用!$AE$52+1,4)+1)),IF(計算用!$Z$52="A",INDEX(組分け!$B$5:$I$41,計算用!$AC$52,(MOD(3-計算用!$AE$52+1,4)+1)*2-1),INDEX(組分け!$L$5:$S$41,計算用!$AC$52,(MOD(3-計算用!$AE$52+1,4)+1)*2-1)))&"")
A54: =計算用!$AD$53 | B54: =IF(計算用!$Z$53="","",IF(計算用!$U$24,IF(計算用!$Z$53="A",INDEX(手直し!$B$6:$E$42,計算用!$AC$53,MOD(0-計算用!$AE$53+1,4)+1),INDEX(手直し!$G$6:$J$42,計算用!$AC$53,MOD(0-計算用!$AE$53+1,4)+1)),IF(計算用!$Z$53="A",INDEX(組分け!$B$5:$I$41,計算用!$AC$53,(MOD(0-計算用!$AE$53+1,4)+1)*2-1),INDEX(組分け!$L$5:$S$41,計算用!$AC$53,(MOD(0-計算用!$AE$53+1,4)+1)*2-1)))&"") | C54: =IF(計算用!$Z$53="","",IF(計算用!$U$24,IF(計算用!$Z$53="A",INDEX(手直し!$B$6:$E$42,計算用!$AC$53,MOD(1-計算用!$AE$53+1,4)+1),INDEX(手直し!$G$6:$J$42,計算用!$AC$53,MOD(1-計算用!$AE$53+1,4)+1)),IF(計算用!$Z$53="A",INDEX(組分け!$B$5:$I$41,計算用!$AC$53,(MOD(1-計算用!$AE$53+1,4)+1)*2-1),INDEX(組分け!$L$5:$S$41,計算用!$AC$53,(MOD(1-計算用!$AE$53+1,4)+1)*2-1)))&"") | D54: =IF(計算用!$Z$53="","",IF(計算用!$U$24,IF(計算用!$Z$53="A",INDEX(手直し!$B$6:$E$42,計算用!$AC$53,MOD(2-計算用!$AE$53+1,4)+1),INDEX(手直し!$G$6:$J$42,計算用!$AC$53,MOD(2-計算用!$AE$53+1,4)+1)),IF(計算用!$Z$53="A",INDEX(組分け!$B$5:$I$41,計算用!$AC$53,(MOD(2-計算用!$AE$53+1,4)+1)*2-1),INDEX(組分け!$L$5:$S$41,計算用!$AC$53,(MOD(2-計算用!$AE$53+1,4)+1)*2-1)))&"") | E54: =IF(計算用!$Z$53="","",IF(計算用!$U$24,IF(計算用!$Z$53="A",INDEX(手直し!$B$6:$E$42,計算用!$AC$53,MOD(3-計算用!$AE$53+1,4)+1),INDEX(手直し!$G$6:$J$42,計算用!$AC$53,MOD(3-計算用!$AE$53+1,4)+1)),IF(計算用!$Z$53="A",INDEX(組分け!$B$5:$I$41,計算用!$AC$53,(MOD(3-計算用!$AE$53+1,4)+1)*2-1),INDEX(組分け!$L$5:$S$41,計算用!$AC$53,(MOD(3-計算用!$AE$53+1,4)+1)*2-1)))&"")
A55: =計算用!$AD$54 | B55: =IF(計算用!$Z$54="","",IF(計算用!$U$24,IF(計算用!$Z$54="A",INDEX(手直し!$B$6:$E$42,計算用!$AC$54,MOD(0-計算用!$AE$54+1,4)+1),INDEX(手直し!$G$6:$J$42,計算用!$AC$54,MOD(0-計算用!$AE$54+1,4)+1)),IF(計算用!$Z$54="A",INDEX(組分け!$B$5:$I$41,計算用!$AC$54,(MOD(0-計算用!$AE$54+1,4)+1)*2-1),INDEX(組分け!$L$5:$S$41,計算用!$AC$54,(MOD(0-計算用!$AE$54+1,4)+1)*2-1)))&"") | C55: =IF(計算用!$Z$54="","",IF(計算用!$U$24,IF(計算用!$Z$54="A",INDEX(手直し!$B$6:$E$42,計算用!$AC$54,MOD(1-計算用!$AE$54+1,4)+1),INDEX(手直し!$G$6:$J$42,計算用!$AC$54,MOD(1-計算用!$AE$54+1,4)+1)),IF(計算用!$Z$54="A",INDEX(組分け!$B$5:$I$41,計算用!$AC$54,(MOD(1-計算用!$AE$54+1,4)+1)*2-1),INDEX(組分け!$L$5:$S$41,計算用!$AC$54,(MOD(1-計算用!$AE$54+1,4)+1)*2-1)))&"") | D55: =IF(計算用!$Z$54="","",IF(計算用!$U$24,IF(計算用!$Z$54="A",INDEX(手直し!$B$6:$E$42,計算用!$AC$54,MOD(2-計算用!$AE$54+1,4)+1),INDEX(手直し!$G$6:$J$42,計算用!$AC$54,MOD(2-計算用!$AE$54+1,4)+1)),IF(計算用!$Z$54="A",INDEX(組分け!$B$5:$I$41,計算用!$AC$54,(MOD(2-計算用!$AE$54+1,4)+1)*2-1),INDEX(組分け!$L$5:$S$41,計算用!$AC$54,(MOD(2-計算用!$AE$54+1,4)+1)*2-1)))&"") | E55: =IF(計算用!$Z$54="","",IF(計算用!$U$24,IF(計算用!$Z$54="A",INDEX(手直し!$B$6:$E$42,計算用!$AC$54,MOD(3-計算用!$AE$54+1,4)+1),INDEX(手直し!$G$6:$J$42,計算用!$AC$54,MOD(3-計算用!$AE$54+1,4)+1)),IF(計算用!$Z$54="A",INDEX(組分け!$B$5:$I$41,計算用!$AC$54,(MOD(3-計算用!$AE$54+1,4)+1)*2-1),INDEX(組分け!$L$5:$S$41,計算用!$AC$54,(MOD(3-計算用!$AE$54+1,4)+1)*2-1)))&"")
A56: =計算用!$AD$55 | B56: =IF(計算用!$Z$55="","",IF(計算用!$U$24,IF(計算用!$Z$55="A",INDEX(手直し!$B$6:$E$42,計算用!$AC$55,MOD(0-計算用!$AE$55+1,4)+1),INDEX(手直し!$G$6:$J$42,計算用!$AC$55,MOD(0-計算用!$AE$55+1,4)+1)),IF(計算用!$Z$55="A",INDEX(組分け!$B$5:$I$41,計算用!$AC$55,(MOD(0-計算用!$AE$55+1,4)+1)*2-1),INDEX(組分け!$L$5:$S$41,計算用!$AC$55,(MOD(0-計算用!$AE$55+1,4)+1)*2-1)))&"") | C56: =IF(計算用!$Z$55="","",IF(計算用!$U$24,IF(計算用!$Z$55="A",INDEX(手直し!$B$6:$E$42,計算用!$AC$55,MOD(1-計算用!$AE$55+1,4)+1),INDEX(手直し!$G$6:$J$42,計算用!$AC$55,MOD(1-計算用!$AE$55+1,4)+1)),IF(計算用!$Z$55="A",INDEX(組分け!$B$5:$I$41,計算用!$AC$55,(MOD(1-計算用!$AE$55+1,4)+1)*2-1),INDEX(組分け!$L$5:$S$41,計算用!$AC$55,(MOD(1-計算用!$AE$55+1,4)+1)*2-1)))&"") | D56: =IF(計算用!$Z$55="","",IF(計算用!$U$24,IF(計算用!$Z$55="A",INDEX(手直し!$B$6:$E$42,計算用!$AC$55,MOD(2-計算用!$AE$55+1,4)+1),INDEX(手直し!$G$6:$J$42,計算用!$AC$55,MOD(2-計算用!$AE$55+1,4)+1)),IF(計算用!$Z$55="A",INDEX(組分け!$B$5:$I$41,計算用!$AC$55,(MOD(2-計算用!$AE$55+1,4)+1)*2-1),INDEX(組分け!$L$5:$S$41,計算用!$AC$55,(MOD(2-計算用!$AE$55+1,4)+1)*2-1)))&"") | E56: =IF(計算用!$Z$55="","",IF(計算用!$U$24,IF(計算用!$Z$55="A",INDEX(手直し!$B$6:$E$42,計算用!$AC$55,MOD(3-計算用!$AE$55+1,4)+1),INDEX(手直し!$G$6:$J$42,計算用!$AC$55,MOD(3-計算用!$AE$55+1,4)+1)),IF(計算用!$Z$55="A",INDEX(組分け!$B$5:$I$41,計算用!$AC$55,(MOD(3-計算用!$AE$55+1,4)+1)*2-1),INDEX(組分け!$L$5:$S$41,計算用!$AC$55,(MOD(3-計算用!$AE$55+1,4)+1)*2-1)))&"")
A57: =計算用!$AD$56 | B57: =IF(計算用!$Z$56="","",IF(計算用!$U$24,IF(計算用!$Z$56="A",INDEX(手直し!$B$6:$E$42,計算用!$AC$56,MOD(0-計算用!$AE$56+1,4)+1),INDEX(手直し!$G$6:$J$42,計算用!$AC$56,MOD(0-計算用!$AE$56+1,4)+1)),IF(計算用!$Z$56="A",INDEX(組分け!$B$5:$I$41,計算用!$AC$56,(MOD(0-計算用!$AE$56+1,4)+1)*2-1),INDEX(組分け!$L$5:$S$41,計算用!$AC$56,(MOD(0-計算用!$AE$56+1,4)+1)*2-1)))&"") | C57: =IF(計算用!$Z$56="","",IF(計算用!$U$24,IF(計算用!$Z$56="A",INDEX(手直し!$B$6:$E$42,計算用!$AC$56,MOD(1-計算用!$AE$56+1,4)+1),INDEX(手直し!$G$6:$J$42,計算用!$AC$56,MOD(1-計算用!$AE$56+1,4)+1)),IF(計算用!$Z$56="A",INDEX(組分け!$B$5:$I$41,計算用!$AC$56,(MOD(1-計算用!$AE$56+1,4)+1)*2-1),INDEX(組分け!$L$5:$S$41,計算用!$AC$56,(MOD(1-計算用!$AE$56+1,4)+1)*2-1)))&"") | D57: =IF(計算用!$Z$56="","",IF(計算用!$U$24,IF(計算用!$Z$56="A",INDEX(手直し!$B$6:$E$42,計算用!$AC$56,MOD(2-計算用!$AE$56+1,4)+1),INDEX(手直し!$G$6:$J$42,計算用!$AC$56,MOD(2-計算用!$AE$56+1,4)+1)),IF(計算用!$Z$56="A",INDEX(組分け!$B$5:$I$41,計算用!$AC$56,(MOD(2-計算用!$AE$56+1,4)+1)*2-1),INDEX(組分け!$L$5:$S$41,計算用!$AC$56,(MOD(2-計算用!$AE$56+1,4)+1)*2-1)))&"") | E57: =IF(計算用!$Z$56="","",IF(計算用!$U$24,IF(計算用!$Z$56="A",INDEX(手直し!$B$6:$E$42,計算用!$AC$56,MOD(3-計算用!$AE$56+1,4)+1),INDEX(手直し!$G$6:$J$42,計算用!$AC$56,MOD(3-計算用!$AE$56+1,4)+1)),IF(計算用!$Z$56="A",INDEX(組分け!$B$5:$I$41,計算用!$AC$56,(MOD(3-計算用!$AE$56+1,4)+1)*2-1),INDEX(組分け!$L$5:$S$41,計算用!$AC$56,(MOD(3-計算用!$AE$56+1,4)+1)*2-1)))&"")
A58: =計算用!$AD$57 | B58: =IF(計算用!$Z$57="","",IF(計算用!$U$24,IF(計算用!$Z$57="A",INDEX(手直し!$B$6:$E$42,計算用!$AC$57,MOD(0-計算用!$AE$57+1,4)+1),INDEX(手直し!$G$6:$J$42,計算用!$AC$57,MOD(0-計算用!$AE$57+1,4)+1)),IF(計算用!$Z$57="A",INDEX(組分け!$B$5:$I$41,計算用!$AC$57,(MOD(0-計算用!$AE$57+1,4)+1)*2-1),INDEX(組分け!$L$5:$S$41,計算用!$AC$57,(MOD(0-計算用!$AE$57+1,4)+1)*2-1)))&"") | C58: =IF(計算用!$Z$57="","",IF(計算用!$U$24,IF(計算用!$Z$57="A",INDEX(手直し!$B$6:$E$42,計算用!$AC$57,MOD(1-計算用!$AE$57+1,4)+1),INDEX(手直し!$G$6:$J$42,計算用!$AC$57,MOD(1-計算用!$AE$57+1,4)+1)),IF(計算用!$Z$57="A",INDEX(組分け!$B$5:$I$41,計算用!$AC$57,(MOD(1-計算用!$AE$57+1,4)+1)*2-1),INDEX(組分け!$L$5:$S$41,計算用!$AC$57,(MOD(1-計算用!$AE$57+1,4)+1)*2-1)))&"") | D58: =IF(計算用!$Z$57="","",IF(計算用!$U$24,IF(計算用!$Z$57="A",INDEX(手直し!$B$6:$E$42,計算用!$AC$57,MOD(2-計算用!$AE$57+1,4)+1),INDEX(手直し!$G$6:$J$42,計算用!$AC$57,MOD(2-計算用!$AE$57+1,4)+1)),IF(計算用!$Z$57="A",INDEX(組分け!$B$5:$I$41,計算用!$AC$57,(MOD(2-計算用!$AE$57+1,4)+1)*2-1),INDEX(組分け!$L$5:$S$41,計算用!$AC$57,(MOD(2-計算用!$AE$57+1,4)+1)*2-1)))&"") | E58: =IF(計算用!$Z$57="","",IF(計算用!$U$24,IF(計算用!$Z$57="A",INDEX(手直し!$B$6:$E$42,計算用!$AC$57,MOD(3-計算用!$AE$57+1,4)+1),INDEX(手直し!$G$6:$J$42,計算用!$AC$57,MOD(3-計算用!$AE$57+1,4)+1)),IF(計算用!$Z$57="A",INDEX(組分け!$B$5:$I$41,計算用!$AC$57,(MOD(3-計算用!$AE$57+1,4)+1)*2-1),INDEX(組分け!$L$5:$S$41,計算用!$AC$57,(MOD(3-計算用!$AE$57+1,4)+1)*2-1)))&"")
A59: =計算用!$AD$58 | B59: =IF(計算用!$Z$58="","",IF(計算用!$U$24,IF(計算用!$Z$58="A",INDEX(手直し!$B$6:$E$42,計算用!$AC$58,MOD(0-計算用!$AE$58+1,4)+1),INDEX(手直し!$G$6:$J$42,計算用!$AC$58,MOD(0-計算用!$AE$58+1,4)+1)),IF(計算用!$Z$58="A",INDEX(組分け!$B$5:$I$41,計算用!$AC$58,(MOD(0-計算用!$AE$58+1,4)+1)*2-1),INDEX(組分け!$L$5:$S$41,計算用!$AC$58,(MOD(0-計算用!$AE$58+1,4)+1)*2-1)))&"") | C59: =IF(計算用!$Z$58="","",IF(計算用!$U$24,IF(計算用!$Z$58="A",INDEX(手直し!$B$6:$E$42,計算用!$AC$58,MOD(1-計算用!$AE$58+1,4)+1),INDEX(手直し!$G$6:$J$42,計算用!$AC$58,MOD(1-計算用!$AE$58+1,4)+1)),IF(計算用!$Z$58="A",INDEX(組分け!$B$5:$I$41,計算用!$AC$58,(MOD(1-計算用!$AE$58+1,4)+1)*2-1),INDEX(組分け!$L$5:$S$41,計算用!$AC$58,(MOD(1-計算用!$AE$58+1,4)+1)*2-1)))&"") | D59: =IF(計算用!$Z$58="","",IF(計算用!$U$24,IF(計算用!$Z$58="A",INDEX(手直し!$B$6:$E$42,計算用!$AC$58,MOD(2-計算用!$AE$58+1,4)+1),INDEX(手直し!$G$6:$J$42,計算用!$AC$58,MOD(2-計算用!$AE$58+1,4)+1)),IF(計算用!$Z$58="A",INDEX(組分け!$B$5:$I$41,計算用!$AC$58,(MOD(2-計算用!$AE$58+1,4)+1)*2-1),INDEX(組分け!$L$5:$S$41,計算用!$AC$58,(MOD(2-計算用!$AE$58+1,4)+1)*2-1)))&"") | E59: =IF(計算用!$Z$58="","",IF(計算用!$U$24,IF(計算用!$Z$58="A",INDEX(手直し!$B$6:$E$42,計算用!$AC$58,MOD(3-計算用!$AE$58+1,4)+1),INDEX(手直し!$G$6:$J$42,計算用!$AC$58,MOD(3-計算用!$AE$58+1,4)+1)),IF(計算用!$Z$58="A",INDEX(組分け!$B$5:$I$41,計算用!$AC$58,(MOD(3-計算用!$AE$58+1,4)+1)*2-1),INDEX(組分け!$L$5:$S$41,計算用!$AC$58,(MOD(3-計算用!$AE$58+1,4)+1)*2-1)))&"")
A60: =計算用!$AD$59 | B60: =IF(計算用!$Z$59="","",IF(計算用!$U$24,IF(計算用!$Z$59="A",INDEX(手直し!$B$6:$E$42,計算用!$AC$59,MOD(0-計算用!$AE$59+1,4)+1),INDEX(手直し!$G$6:$J$42,計算用!$AC$59,MOD(0-計算用!$AE$59+1,4)+1)),IF(計算用!$Z$59="A",INDEX(組分け!$B$5:$I$41,計算用!$AC$59,(MOD(0-計算用!$AE$59+1,4)+1)*2-1),INDEX(組分け!$L$5:$S$41,計算用!$AC$59,(MOD(0-計算用!$AE$59+1,4)+1)*2-1)))&"") | C60: =IF(計算用!$Z$59="","",IF(計算用!$U$24,IF(計算用!$Z$59="A",INDEX(手直し!$B$6:$E$42,計算用!$AC$59,MOD(1-計算用!$AE$59+1,4)+1),INDEX(手直し!$G$6:$J$42,計算用!$AC$59,MOD(1-計算用!$AE$59+1,4)+1)),IF(計算用!$Z$59="A",INDEX(組分け!$B$5:$I$41,計算用!$AC$59,(MOD(1-計算用!$AE$59+1,4)+1)*2-1),INDEX(組分け!$L$5:$S$41,計算用!$AC$59,(MOD(1-計算用!$AE$59+1,4)+1)*2-1)))&"") | D60: =IF(計算用!$Z$59="","",IF(計算用!$U$24,IF(計算用!$Z$59="A",INDEX(手直し!$B$6:$E$42,計算用!$AC$59,MOD(2-計算用!$AE$59+1,4)+1),INDEX(手直し!$G$6:$J$42,計算用!$AC$59,MOD(2-計算用!$AE$59+1,4)+1)),IF(計算用!$Z$59="A",INDEX(組分け!$B$5:$I$41,計算用!$AC$59,(MOD(2-計算用!$AE$59+1,4)+1)*2-1),INDEX(組分け!$L$5:$S$41,計算用!$AC$59,(MOD(2-計算用!$AE$59+1,4)+1)*2-1)))&"") | E60: =IF(計算用!$Z$59="","",IF(計算用!$U$24,IF(計算用!$Z$59="A",INDEX(手直し!$B$6:$E$42,計算用!$AC$59,MOD(3-計算用!$AE$59+1,4)+1),INDEX(手直し!$G$6:$J$42,計算用!$AC$59,MOD(3-計算用!$AE$59+1,4)+1)),IF(計算用!$Z$59="A",INDEX(組分け!$B$5:$I$41,計算用!$AC$59,(MOD(3-計算用!$AE$59+1,4)+1)*2-1),INDEX(組分け!$L$5:$S$41,計算用!$AC$59,(MOD(3-計算用!$AE$59+1,4)+1)*2-1)))&"")
A61: =計算用!$AD$60 | B61: =IF(計算用!$Z$60="","",IF(計算用!$U$24,IF(計算用!$Z$60="A",INDEX(手直し!$B$6:$E$42,計算用!$AC$60,MOD(0-計算用!$AE$60+1,4)+1),INDEX(手直し!$G$6:$J$42,計算用!$AC$60,MOD(0-計算用!$AE$60+1,4)+1)),IF(計算用!$Z$60="A",INDEX(組分け!$B$5:$I$41,計算用!$AC$60,(MOD(0-計算用!$AE$60+1,4)+1)*2-1),INDEX(組分け!$L$5:$S$41,計算用!$AC$60,(MOD(0-計算用!$AE$60+1,4)+1)*2-1)))&"") | C61: =IF(計算用!$Z$60="","",IF(計算用!$U$24,IF(計算用!$Z$60="A",INDEX(手直し!$B$6:$E$42,計算用!$AC$60,MOD(1-計算用!$AE$60+1,4)+1),INDEX(手直し!$G$6:$J$42,計算用!$AC$60,MOD(1-計算用!$AE$60+1,4)+1)),IF(計算用!$Z$60="A",INDEX(組分け!$B$5:$I$41,計算用!$AC$60,(MOD(1-計算用!$AE$60+1,4)+1)*2-1),INDEX(組分け!$L$5:$S$41,計算用!$AC$60,(MOD(1-計算用!$AE$60+1,4)+1)*2-1)))&"") | D61: =IF(計算用!$Z$60="","",IF(計算用!$U$24,IF(計算用!$Z$60="A",INDEX(手直し!$B$6:$E$42,計算用!$AC$60,MOD(2-計算用!$AE$60+1,4)+1),INDEX(手直し!$G$6:$J$42,計算用!$AC$60,MOD(2-計算用!$AE$60+1,4)+1)),IF(計算用!$Z$60="A",INDEX(組分け!$B$5:$I$41,計算用!$AC$60,(MOD(2-計算用!$AE$60+1,4)+1)*2-1),INDEX(組分け!$L$5:$S$41,計算用!$AC$60,(MOD(2-計算用!$AE$60+1,4)+1)*2-1)))&"") | E61: =IF(計算用!$Z$60="","",IF(計算用!$U$24,IF(計算用!$Z$60="A",INDEX(手直し!$B$6:$E$42,計算用!$AC$60,MOD(3-計算用!$AE$60+1,4)+1),INDEX(手直し!$G$6:$J$42,計算用!$AC$60,MOD(3-計算用!$AE$60+1,4)+1)),IF(計算用!$Z$60="A",INDEX(組分け!$B$5:$I$41,計算用!$AC$60,(MOD(3-計算用!$AE$60+1,4)+1)*2-1),INDEX(組分け!$L$5:$S$41,計算用!$AC$60,(MOD(3-計算用!$AE$60+1,4)+1)*2-1)))&"")
A62: =計算用!$AD$61 | B62: =IF(計算用!$Z$61="","",IF(計算用!$U$24,IF(計算用!$Z$61="A",INDEX(手直し!$B$6:$E$42,計算用!$AC$61,MOD(0-計算用!$AE$61+1,4)+1),INDEX(手直し!$G$6:$J$42,計算用!$AC$61,MOD(0-計算用!$AE$61+1,4)+1)),IF(計算用!$Z$61="A",INDEX(組分け!$B$5:$I$41,計算用!$AC$61,(MOD(0-計算用!$AE$61+1,4)+1)*2-1),INDEX(組分け!$L$5:$S$41,計算用!$AC$61,(MOD(0-計算用!$AE$61+1,4)+1)*2-1)))&"") | C62: =IF(計算用!$Z$61="","",IF(計算用!$U$24,IF(計算用!$Z$61="A",INDEX(手直し!$B$6:$E$42,計算用!$AC$61,MOD(1-計算用!$AE$61+1,4)+1),INDEX(手直し!$G$6:$J$42,計算用!$AC$61,MOD(1-計算用!$AE$61+1,4)+1)),IF(計算用!$Z$61="A",INDEX(組分け!$B$5:$I$41,計算用!$AC$61,(MOD(1-計算用!$AE$61+1,4)+1)*2-1),INDEX(組分け!$L$5:$S$41,計算用!$AC$61,(MOD(1-計算用!$AE$61+1,4)+1)*2-1)))&"") | D62: =IF(計算用!$Z$61="","",IF(計算用!$U$24,IF(計算用!$Z$61="A",INDEX(手直し!$B$6:$E$42,計算用!$AC$61,MOD(2-計算用!$AE$61+1,4)+1),INDEX(手直し!$G$6:$J$42,計算用!$AC$61,MOD(2-計算用!$AE$61+1,4)+1)),IF(計算用!$Z$61="A",INDEX(組分け!$B$5:$I$41,計算用!$AC$61,(MOD(2-計算用!$AE$61+1,4)+1)*2-1),INDEX(組分け!$L$5:$S$41,計算用!$AC$61,(MOD(2-計算用!$AE$61+1,4)+1)*2-1)))&"") | E62: =IF(計算用!$Z$61="","",IF(計算用!$U$24,IF(計算用!$Z$61="A",INDEX(手直し!$B$6:$E$42,計算用!$AC$61,MOD(3-計算用!$AE$61+1,4)+1),INDEX(手直し!$G$6:$J$42,計算用!$AC$61,MOD(3-計算用!$AE$61+1,4)+1)),IF(計算用!$Z$61="A",INDEX(組分け!$B$5:$I$41,計算用!$AC$61,(MOD(3-計算用!$AE$61+1,4)+1)*2-1),INDEX(組分け!$L$5:$S$41,計算用!$AC$61,(MOD(3-計算用!$AE$61+1,4)+1)*2-1)))&"")
A63: =計算用!$AD$62 | B63: =IF(計算用!$Z$62="","",IF(計算用!$U$24,IF(計算用!$Z$62="A",INDEX(手直し!$B$6:$E$42,計算用!$AC$62,MOD(0-計算用!$AE$62+1,4)+1),INDEX(手直し!$G$6:$J$42,計算用!$AC$62,MOD(0-計算用!$AE$62+1,4)+1)),IF(計算用!$Z$62="A",INDEX(組分け!$B$5:$I$41,計算用!$AC$62,(MOD(0-計算用!$AE$62+1,4)+1)*2-1),INDEX(組分け!$L$5:$S$41,計算用!$AC$62,(MOD(0-計算用!$AE$62+1,4)+1)*2-1)))&"") | C63: =IF(計算用!$Z$62="","",IF(計算用!$U$24,IF(計算用!$Z$62="A",INDEX(手直し!$B$6:$E$42,計算用!$AC$62,MOD(1-計算用!$AE$62+1,4)+1),INDEX(手直し!$G$6:$J$42,計算用!$AC$62,MOD(1-計算用!$AE$62+1,4)+1)),IF(計算用!$Z$62="A",INDEX(組分け!$B$5:$I$41,計算用!$AC$62,(MOD(1-計算用!$AE$62+1,4)+1)*2-1),INDEX(組分け!$L$5:$S$41,計算用!$AC$62,(MOD(1-計算用!$AE$62+1,4)+1)*2-1)))&"") | D63: =IF(計算用!$Z$62="","",IF(計算用!$U$24,IF(計算用!$Z$62="A",INDEX(手直し!$B$6:$E$42,計算用!$AC$62,MOD(2-計算用!$AE$62+1,4)+1),INDEX(手直し!$G$6:$J$42,計算用!$AC$62,MOD(2-計算用!$AE$62+1,4)+1)),IF(計算用!$Z$62="A",INDEX(組分け!$B$5:$I$41,計算用!$AC$62,(MOD(2-計算用!$AE$62+1,4)+1)*2-1),INDEX(組分け!$L$5:$S$41,計算用!$AC$62,(MOD(2-計算用!$AE$62+1,4)+1)*2-1)))&"") | E63: =IF(計算用!$Z$62="","",IF(計算用!$U$24,IF(計算用!$Z$62="A",INDEX(手直し!$B$6:$E$42,計算用!$AC$62,MOD(3-計算用!$AE$62+1,4)+1),INDEX(手直し!$G$6:$J$42,計算用!$AC$62,MOD(3-計算用!$AE$62+1,4)+1)),IF(計算用!$Z$62="A",INDEX(組分け!$B$5:$I$41,計算用!$AC$62,(MOD(3-計算用!$AE$62+1,4)+1)*2-1),INDEX(組分け!$L$5:$S$41,計算用!$AC$62,(MOD(3-計算用!$AE$62+1,4)+1)*2-1)))&"")
A64: =計算用!$AD$63 | B64: =IF(計算用!$Z$63="","",IF(計算用!$U$24,IF(計算用!$Z$63="A",INDEX(手直し!$B$6:$E$42,計算用!$AC$63,MOD(0-計算用!$AE$63+1,4)+1),INDEX(手直し!$G$6:$J$42,計算用!$AC$63,MOD(0-計算用!$AE$63+1,4)+1)),IF(計算用!$Z$63="A",INDEX(組分け!$B$5:$I$41,計算用!$AC$63,(MOD(0-計算用!$AE$63+1,4)+1)*2-1),INDEX(組分け!$L$5:$S$41,計算用!$AC$63,(MOD(0-計算用!$AE$63+1,4)+1)*2-1)))&"") | C64: =IF(計算用!$Z$63="","",IF(計算用!$U$24,IF(計算用!$Z$63="A",INDEX(手直し!$B$6:$E$42,計算用!$AC$63,MOD(1-計算用!$AE$63+1,4)+1),INDEX(手直し!$G$6:$J$42,計算用!$AC$63,MOD(1-計算用!$AE$63+1,4)+1)),IF(計算用!$Z$63="A",INDEX(組分け!$B$5:$I$41,計算用!$AC$63,(MOD(1-計算用!$AE$63+1,4)+1)*2-1),INDEX(組分け!$L$5:$S$41,計算用!$AC$63,(MOD(1-計算用!$AE$63+1,4)+1)*2-1)))&"") | D64: =IF(計算用!$Z$63="","",IF(計算用!$U$24,IF(計算用!$Z$63="A",INDEX(手直し!$B$6:$E$42,計算用!$AC$63,MOD(2-計算用!$AE$63+1,4)+1),INDEX(手直し!$G$6:$J$42,計算用!$AC$63,MOD(2-計算用!$AE$63+1,4)+1)),IF(計算用!$Z$63="A",INDEX(組分け!$B$5:$I$41,計算用!$AC$63,(MOD(2-計算用!$AE$63+1,4)+1)*2-1),INDEX(組分け!$L$5:$S$41,計算用!$AC$63,(MOD(2-計算用!$AE$63+1,4)+1)*2-1)))&"") | E64: =IF(計算用!$Z$63="","",IF(計算用!$U$24,IF(計算用!$Z$63="A",INDEX(手直し!$B$6:$E$42,計算用!$AC$63,MOD(3-計算用!$AE$63+1,4)+1),INDEX(手直し!$G$6:$J$42,計算用!$AC$63,MOD(3-計算用!$AE$63+1,4)+1)),IF(計算用!$Z$63="A",INDEX(組分け!$B$5:$I$41,計算用!$AC$63,(MOD(3-計算用!$AE$63+1,4)+1)*2-1),INDEX(組分け!$L$5:$S$41,計算用!$AC$63,(MOD(3-計算用!$AE$63+1,4)+1)*2-1)))&"")
A65: =計算用!$AD$64 | B65: =IF(計算用!$Z$64="","",IF(計算用!$U$24,IF(計算用!$Z$64="A",INDEX(手直し!$B$6:$E$42,計算用!$AC$64,MOD(0-計算用!$AE$64+1,4)+1),INDEX(手直し!$G$6:$J$42,計算用!$AC$64,MOD(0-計算用!$AE$64+1,4)+1)),IF(計算用!$Z$64="A",INDEX(組分け!$B$5:$I$41,計算用!$AC$64,(MOD(0-計算用!$AE$64+1,4)+1)*2-1),INDEX(組分け!$L$5:$S$41,計算用!$AC$64,(MOD(0-計算用!$AE$64+1,4)+1)*2-1)))&"") | C65: =IF(計算用!$Z$64="","",IF(計算用!$U$24,IF(計算用!$Z$64="A",INDEX(手直し!$B$6:$E$42,計算用!$AC$64,MOD(1-計算用!$AE$64+1,4)+1),INDEX(手直し!$G$6:$J$42,計算用!$AC$64,MOD(1-計算用!$AE$64+1,4)+1)),IF(計算用!$Z$64="A",INDEX(組分け!$B$5:$I$41,計算用!$AC$64,(MOD(1-計算用!$AE$64+1,4)+1)*2-1),INDEX(組分け!$L$5:$S$41,計算用!$AC$64,(MOD(1-計算用!$AE$64+1,4)+1)*2-1)))&"") | D65: =IF(計算用!$Z$64="","",IF(計算用!$U$24,IF(計算用!$Z$64="A",INDEX(手直し!$B$6:$E$42,計算用!$AC$64,MOD(2-計算用!$AE$64+1,4)+1),INDEX(手直し!$G$6:$J$42,計算用!$AC$64,MOD(2-計算用!$AE$64+1,4)+1)),IF(計算用!$Z$64="A",INDEX(組分け!$B$5:$I$41,計算用!$AC$64,(MOD(2-計算用!$AE$64+1,4)+1)*2-1),INDEX(組分け!$L$5:$S$41,計算用!$AC$64,(MOD(2-計算用!$AE$64+1,4)+1)*2-1)))&"") | E65: =IF(計算用!$Z$64="","",IF(計算用!$U$24,IF(計算用!$Z$64="A",INDEX(手直し!$B$6:$E$42,計算用!$AC$64,MOD(3-計算用!$AE$64+1,4)+1),INDEX(手直し!$G$6:$J$42,計算用!$AC$64,MOD(3-計算用!$AE$64+1,4)+1)),IF(計算用!$Z$64="A",INDEX(組分け!$B$5:$I$41,計算用!$AC$64,(MOD(3-計算用!$AE$64+1,4)+1)*2-1),INDEX(組分け!$L$5:$S$41,計算用!$AC$64,(MOD(3-計算用!$AE$64+1,4)+1)*2-1)))&"")
A66: =計算用!$AD$65 | B66: =IF(計算用!$Z$65="","",IF(計算用!$U$24,IF(計算用!$Z$65="A",INDEX(手直し!$B$6:$E$42,計算用!$AC$65,MOD(0-計算用!$AE$65+1,4)+1),INDEX(手直し!$G$6:$J$42,計算用!$AC$65,MOD(0-計算用!$AE$65+1,4)+1)),IF(計算用!$Z$65="A",INDEX(組分け!$B$5:$I$41,計算用!$AC$65,(MOD(0-計算用!$AE$65+1,4)+1)*2-1),INDEX(組分け!$L$5:$S$41,計算用!$AC$65,(MOD(0-計算用!$AE$65+1,4)+1)*2-1)))&"") | C66: =IF(計算用!$Z$65="","",IF(計算用!$U$24,IF(計算用!$Z$65="A",INDEX(手直し!$B$6:$E$42,計算用!$AC$65,MOD(1-計算用!$AE$65+1,4)+1),INDEX(手直し!$G$6:$J$42,計算用!$AC$65,MOD(1-計算用!$AE$65+1,4)+1)),IF(計算用!$Z$65="A",INDEX(組分け!$B$5:$I$41,計算用!$AC$65,(MOD(1-計算用!$AE$65+1,4)+1)*2-1),INDEX(組分け!$L$5:$S$41,計算用!$AC$65,(MOD(1-計算用!$AE$65+1,4)+1)*2-1)))&"") | D66: =IF(計算用!$Z$65="","",IF(計算用!$U$24,IF(計算用!$Z$65="A",INDEX(手直し!$B$6:$E$42,計算用!$AC$65,MOD(2-計算用!$AE$65+1,4)+1),INDEX(手直し!$G$6:$J$42,計算用!$AC$65,MOD(2-計算用!$AE$65+1,4)+1)),IF(計算用!$Z$65="A",INDEX(組分け!$B$5:$I$41,計算用!$AC$65,(MOD(2-計算用!$AE$65+1,4)+1)*2-1),INDEX(組分け!$L$5:$S$41,計算用!$AC$65,(MOD(2-計算用!$AE$65+1,4)+1)*2-1)))&"") | E66: =IF(計算用!$Z$65="","",IF(計算用!$U$24,IF(計算用!$Z$65="A",INDEX(手直し!$B$6:$E$42,計算用!$AC$65,MOD(3-計算用!$AE$65+1,4)+1),INDEX(手直し!$G$6:$J$42,計算用!$AC$65,MOD(3-計算用!$AE$65+1,4)+1)),IF(計算用!$Z$65="A",INDEX(組分け!$B$5:$I$41,計算用!$AC$65,(MOD(3-計算用!$AE$65+1,4)+1)*2-1),INDEX(組分け!$L$5:$S$41,計算用!$AC$65,(MOD(3-計算用!$AE$65+1,4)+1)*2-1)))&"")
A67: =計算用!$AD$66 | B67: =IF(計算用!$Z$66="","",IF(計算用!$U$24,IF(計算用!$Z$66="A",INDEX(手直し!$B$6:$E$42,計算用!$AC$66,MOD(0-計算用!$AE$66+1,4)+1),INDEX(手直し!$G$6:$J$42,計算用!$AC$66,MOD(0-計算用!$AE$66+1,4)+1)),IF(計算用!$Z$66="A",INDEX(組分け!$B$5:$I$41,計算用!$AC$66,(MOD(0-計算用!$AE$66+1,4)+1)*2-1),INDEX(組分け!$L$5:$S$41,計算用!$AC$66,(MOD(0-計算用!$AE$66+1,4)+1)*2-1)))&"") | C67: =IF(計算用!$Z$66="","",IF(計算用!$U$24,IF(計算用!$Z$66="A",INDEX(手直し!$B$6:$E$42,計算用!$AC$66,MOD(1-計算用!$AE$66+1,4)+1),INDEX(手直し!$G$6:$J$42,計算用!$AC$66,MOD(1-計算用!$AE$66+1,4)+1)),IF(計算用!$Z$66="A",INDEX(組分け!$B$5:$I$41,計算用!$AC$66,(MOD(1-計算用!$AE$66+1,4)+1)*2-1),INDEX(組分け!$L$5:$S$41,計算用!$AC$66,(MOD(1-計算用!$AE$66+1,4)+1)*2-1)))&"") | D67: =IF(計算用!$Z$66="","",IF(計算用!$U$24,IF(計算用!$Z$66="A",INDEX(手直し!$B$6:$E$42,計算用!$AC$66,MOD(2-計算用!$AE$66+1,4)+1),INDEX(手直し!$G$6:$J$42,計算用!$AC$66,MOD(2-計算用!$AE$66+1,4)+1)),IF(計算用!$Z$66="A",INDEX(組分け!$B$5:$I$41,計算用!$AC$66,(MOD(2-計算用!$AE$66+1,4)+1)*2-1),INDEX(組分け!$L$5:$S$41,計算用!$AC$66,(MOD(2-計算用!$AE$66+1,4)+1)*2-1)))&"") | E67: =IF(計算用!$Z$66="","",IF(計算用!$U$24,IF(計算用!$Z$66="A",INDEX(手直し!$B$6:$E$42,計算用!$AC$66,MOD(3-計算用!$AE$66+1,4)+1),INDEX(手直し!$G$6:$J$42,計算用!$AC$66,MOD(3-計算用!$AE$66+1,4)+1)),IF(計算用!$Z$66="A",INDEX(組分け!$B$5:$I$41,計算用!$AC$66,(MOD(3-計算用!$AE$66+1,4)+1)*2-1),INDEX(組分け!$L$5:$S$41,計算用!$AC$66,(MOD(3-計算用!$AE$66+1,4)+1)*2-1)))&"")
A68: =計算用!$AD$67 | B68: =IF(計算用!$Z$67="","",IF(計算用!$U$24,IF(計算用!$Z$67="A",INDEX(手直し!$B$6:$E$42,計算用!$AC$67,MOD(0-計算用!$AE$67+1,4)+1),INDEX(手直し!$G$6:$J$42,計算用!$AC$67,MOD(0-計算用!$AE$67+1,4)+1)),IF(計算用!$Z$67="A",INDEX(組分け!$B$5:$I$41,計算用!$AC$67,(MOD(0-計算用!$AE$67+1,4)+1)*2-1),INDEX(組分け!$L$5:$S$41,計算用!$AC$67,(MOD(0-計算用!$AE$67+1,4)+1)*2-1)))&"") | C68: =IF(計算用!$Z$67="","",IF(計算用!$U$24,IF(計算用!$Z$67="A",INDEX(手直し!$B$6:$E$42,計算用!$AC$67,MOD(1-計算用!$AE$67+1,4)+1),INDEX(手直し!$G$6:$J$42,計算用!$AC$67,MOD(1-計算用!$AE$67+1,4)+1)),IF(計算用!$Z$67="A",INDEX(組分け!$B$5:$I$41,計算用!$AC$67,(MOD(1-計算用!$AE$67+1,4)+1)*2-1),INDEX(組分け!$L$5:$S$41,計算用!$AC$67,(MOD(1-計算用!$AE$67+1,4)+1)*2-1)))&"") | D68: =IF(計算用!$Z$67="","",IF(計算用!$U$24,IF(計算用!$Z$67="A",INDEX(手直し!$B$6:$E$42,計算用!$AC$67,MOD(2-計算用!$AE$67+1,4)+1),INDEX(手直し!$G$6:$J$42,計算用!$AC$67,MOD(2-計算用!$AE$67+1,4)+1)),IF(計算用!$Z$67="A",INDEX(組分け!$B$5:$I$41,計算用!$AC$67,(MOD(2-計算用!$AE$67+1,4)+1)*2-1),INDEX(組分け!$L$5:$S$41,計算用!$AC$67,(MOD(2-計算用!$AE$67+1,4)+1)*2-1)))&"") | E68: =IF(計算用!$Z$67="","",IF(計算用!$U$24,IF(計算用!$Z$67="A",INDEX(手直し!$B$6:$E$42,計算用!$AC$67,MOD(3-計算用!$AE$67+1,4)+1),INDEX(手直し!$G$6:$J$42,計算用!$AC$67,MOD(3-計算用!$AE$67+1,4)+1)),IF(計算用!$Z$67="A",INDEX(組分け!$B$5:$I$41,計算用!$AC$67,(MOD(3-計算用!$AE$67+1,4)+1)*2-1),INDEX(組分け!$L$5:$S$41,計算用!$AC$67,(MOD(3-計算用!$AE$67+1,4)+1)*2-1)))&"")
A69: =計算用!$AD$68 | B69: =IF(計算用!$Z$68="","",IF(計算用!$U$24,IF(計算用!$Z$68="A",INDEX(手直し!$B$6:$E$42,計算用!$AC$68,MOD(0-計算用!$AE$68+1,4)+1),INDEX(手直し!$G$6:$J$42,計算用!$AC$68,MOD(0-計算用!$AE$68+1,4)+1)),IF(計算用!$Z$68="A",INDEX(組分け!$B$5:$I$41,計算用!$AC$68,(MOD(0-計算用!$AE$68+1,4)+1)*2-1),INDEX(組分け!$L$5:$S$41,計算用!$AC$68,(MOD(0-計算用!$AE$68+1,4)+1)*2-1)))&"") | C69: =IF(計算用!$Z$68="","",IF(計算用!$U$24,IF(計算用!$Z$68="A",INDEX(手直し!$B$6:$E$42,計算用!$AC$68,MOD(1-計算用!$AE$68+1,4)+1),INDEX(手直し!$G$6:$J$42,計算用!$AC$68,MOD(1-計算用!$AE$68+1,4)+1)),IF(計算用!$Z$68="A",INDEX(組分け!$B$5:$I$41,計算用!$AC$68,(MOD(1-計算用!$AE$68+1,4)+1)*2-1),INDEX(組分け!$L$5:$S$41,計算用!$AC$68,(MOD(1-計算用!$AE$68+1,4)+1)*2-1)))&"") | D69: =IF(計算用!$Z$68="","",IF(計算用!$U$24,IF(計算用!$Z$68="A",INDEX(手直し!$B$6:$E$42,計算用!$AC$68,MOD(2-計算用!$AE$68+1,4)+1),INDEX(手直し!$G$6:$J$42,計算用!$AC$68,MOD(2-計算用!$AE$68+1,4)+1)),IF(計算用!$Z$68="A",INDEX(組分け!$B$5:$I$41,計算用!$AC$68,(MOD(2-計算用!$AE$68+1,4)+1)*2-1),INDEX(組分け!$L$5:$S$41,計算用!$AC$68,(MOD(2-計算用!$AE$68+1,4)+1)*2-1)))&"") | E69: =IF(計算用!$Z$68="","",IF(計算用!$U$24,IF(計算用!$Z$68="A",INDEX(手直し!$B$6:$E$42,計算用!$AC$68,MOD(3-計算用!$AE$68+1,4)+1),INDEX(手直し!$G$6:$J$42,計算用!$AC$68,MOD(3-計算用!$AE$68+1,4)+1)),IF(計算用!$Z$68="A",INDEX(組分け!$B$5:$I$41,計算用!$AC$68,(MOD(3-計算用!$AE$68+1,4)+1)*2-1),INDEX(組分け!$L$5:$S$41,計算用!$AC$68,(MOD(3-計算用!$AE$68+1,4)+1)*2-1)))&"")
A70: =計算用!$AD$69 | B70: =IF(計算用!$Z$69="","",IF(計算用!$U$24,IF(計算用!$Z$69="A",INDEX(手直し!$B$6:$E$42,計算用!$AC$69,MOD(0-計算用!$AE$69+1,4)+1),INDEX(手直し!$G$6:$J$42,計算用!$AC$69,MOD(0-計算用!$AE$69+1,4)+1)),IF(計算用!$Z$69="A",INDEX(組分け!$B$5:$I$41,計算用!$AC$69,(MOD(0-計算用!$AE$69+1,4)+1)*2-1),INDEX(組分け!$L$5:$S$41,計算用!$AC$69,(MOD(0-計算用!$AE$69+1,4)+1)*2-1)))&"") | C70: =IF(計算用!$Z$69="","",IF(計算用!$U$24,IF(計算用!$Z$69="A",INDEX(手直し!$B$6:$E$42,計算用!$AC$69,MOD(1-計算用!$AE$69+1,4)+1),INDEX(手直し!$G$6:$J$42,計算用!$AC$69,MOD(1-計算用!$AE$69+1,4)+1)),IF(計算用!$Z$69="A",INDEX(組分け!$B$5:$I$41,計算用!$AC$69,(MOD(1-計算用!$AE$69+1,4)+1)*2-1),INDEX(組分け!$L$5:$S$41,計算用!$AC$69,(MOD(1-計算用!$AE$69+1,4)+1)*2-1)))&"") | D70: =IF(計算用!$Z$69="","",IF(計算用!$U$24,IF(計算用!$Z$69="A",INDEX(手直し!$B$6:$E$42,計算用!$AC$69,MOD(2-計算用!$AE$69+1,4)+1),INDEX(手直し!$G$6:$J$42,計算用!$AC$69,MOD(2-計算用!$AE$69+1,4)+1)),IF(計算用!$Z$69="A",INDEX(組分け!$B$5:$I$41,計算用!$AC$69,(MOD(2-計算用!$AE$69+1,4)+1)*2-1),INDEX(組分け!$L$5:$S$41,計算用!$AC$69,(MOD(2-計算用!$AE$69+1,4)+1)*2-1)))&"") | E70: =IF(計算用!$Z$69="","",IF(計算用!$U$24,IF(計算用!$Z$69="A",INDEX(手直し!$B$6:$E$42,計算用!$AC$69,MOD(3-計算用!$AE$69+1,4)+1),INDEX(手直し!$G$6:$J$42,計算用!$AC$69,MOD(3-計算用!$AE$69+1,4)+1)),IF(計算用!$Z$69="A",INDEX(組分け!$B$5:$I$41,計算用!$AC$69,(MOD(3-計算用!$AE$69+1,4)+1)*2-1),INDEX(組分け!$L$5:$S$41,計算用!$AC$69,(MOD(3-計算用!$AE$69+1,4)+1)*2-1)))&"")
A71: =計算用!$AD$70 | B71: =IF(計算用!$Z$70="","",IF(計算用!$U$24,IF(計算用!$Z$70="A",INDEX(手直し!$B$6:$E$42,計算用!$AC$70,MOD(0-計算用!$AE$70+1,4)+1),INDEX(手直し!$G$6:$J$42,計算用!$AC$70,MOD(0-計算用!$AE$70+1,4)+1)),IF(計算用!$Z$70="A",INDEX(組分け!$B$5:$I$41,計算用!$AC$70,(MOD(0-計算用!$AE$70+1,4)+1)*2-1),INDEX(組分け!$L$5:$S$41,計算用!$AC$70,(MOD(0-計算用!$AE$70+1,4)+1)*2-1)))&"") | C71: =IF(計算用!$Z$70="","",IF(計算用!$U$24,IF(計算用!$Z$70="A",INDEX(手直し!$B$6:$E$42,計算用!$AC$70,MOD(1-計算用!$AE$70+1,4)+1),INDEX(手直し!$G$6:$J$42,計算用!$AC$70,MOD(1-計算用!$AE$70+1,4)+1)),IF(計算用!$Z$70="A",INDEX(組分け!$B$5:$I$41,計算用!$AC$70,(MOD(1-計算用!$AE$70+1,4)+1)*2-1),INDEX(組分け!$L$5:$S$41,計算用!$AC$70,(MOD(1-計算用!$AE$70+1,4)+1)*2-1)))&"") | D71: =IF(計算用!$Z$70="","",IF(計算用!$U$24,IF(計算用!$Z$70="A",INDEX(手直し!$B$6:$E$42,計算用!$AC$70,MOD(2-計算用!$AE$70+1,4)+1),INDEX(手直し!$G$6:$J$42,計算用!$AC$70,MOD(2-計算用!$AE$70+1,4)+1)),IF(計算用!$Z$70="A",INDEX(組分け!$B$5:$I$41,計算用!$AC$70,(MOD(2-計算用!$AE$70+1,4)+1)*2-1),INDEX(組分け!$L$5:$S$41,計算用!$AC$70,(MOD(2-計算用!$AE$70+1,4)+1)*2-1)))&"") | E71: =IF(計算用!$Z$70="","",IF(計算用!$U$24,IF(計算用!$Z$70="A",INDEX(手直し!$B$6:$E$42,計算用!$AC$70,MOD(3-計算用!$AE$70+1,4)+1),INDEX(手直し!$G$6:$J$42,計算用!$AC$70,MOD(3-計算用!$AE$70+1,4)+1)),IF(計算用!$Z$70="A",INDEX(組分け!$B$5:$I$41,計算用!$AC$70,(MOD(3-計算用!$AE$70+1,4)+1)*2-1),INDEX(組分け!$L$5:$S$41,計算用!$AC$70,(MOD(3-計算用!$AE$70+1,4)+1)*2-1)))&"")
A72: =計算用!$AD$71 | B72: =IF(計算用!$Z$71="","",IF(計算用!$U$24,IF(計算用!$Z$71="A",INDEX(手直し!$B$6:$E$42,計算用!$AC$71,MOD(0-計算用!$AE$71+1,4)+1),INDEX(手直し!$G$6:$J$42,計算用!$AC$71,MOD(0-計算用!$AE$71+1,4)+1)),IF(計算用!$Z$71="A",INDEX(組分け!$B$5:$I$41,計算用!$AC$71,(MOD(0-計算用!$AE$71+1,4)+1)*2-1),INDEX(組分け!$L$5:$S$41,計算用!$AC$71,(MOD(0-計算用!$AE$71+1,4)+1)*2-1)))&"") | C72: =IF(計算用!$Z$71="","",IF(計算用!$U$24,IF(計算用!$Z$71="A",INDEX(手直し!$B$6:$E$42,計算用!$AC$71,MOD(1-計算用!$AE$71+1,4)+1),INDEX(手直し!$G$6:$J$42,計算用!$AC$71,MOD(1-計算用!$AE$71+1,4)+1)),IF(計算用!$Z$71="A",INDEX(組分け!$B$5:$I$41,計算用!$AC$71,(MOD(1-計算用!$AE$71+1,4)+1)*2-1),INDEX(組分け!$L$5:$S$41,計算用!$AC$71,(MOD(1-計算用!$AE$71+1,4)+1)*2-1)))&"") | D72: =IF(計算用!$Z$71="","",IF(計算用!$U$24,IF(計算用!$Z$71="A",INDEX(手直し!$B$6:$E$42,計算用!$AC$71,MOD(2-計算用!$AE$71+1,4)+1),INDEX(手直し!$G$6:$J$42,計算用!$AC$71,MOD(2-計算用!$AE$71+1,4)+1)),IF(計算用!$Z$71="A",INDEX(組分け!$B$5:$I$41,計算用!$AC$71,(MOD(2-計算用!$AE$71+1,4)+1)*2-1),INDEX(組分け!$L$5:$S$41,計算用!$AC$71,(MOD(2-計算用!$AE$71+1,4)+1)*2-1)))&"") | E72: =IF(計算用!$Z$71="","",IF(計算用!$U$24,IF(計算用!$Z$71="A",INDEX(手直し!$B$6:$E$42,計算用!$AC$71,MOD(3-計算用!$AE$71+1,4)+1),INDEX(手直し!$G$6:$J$42,計算用!$AC$71,MOD(3-計算用!$AE$71+1,4)+1)),IF(計算用!$Z$71="A",INDEX(組分け!$B$5:$I$41,計算用!$AC$71,(MOD(3-計算用!$AE$71+1,4)+1)*2-1),INDEX(組分け!$L$5:$S$41,計算用!$AC$71,(MOD(3-計算用!$AE$71+1,4)+1)*2-1)))&"")
A73: =計算用!$AD$72 | B73: =IF(計算用!$Z$72="","",IF(計算用!$U$24,IF(計算用!$Z$72="A",INDEX(手直し!$B$6:$E$42,計算用!$AC$72,MOD(0-計算用!$AE$72+1,4)+1),INDEX(手直し!$G$6:$J$42,計算用!$AC$72,MOD(0-計算用!$AE$72+1,4)+1)),IF(計算用!$Z$72="A",INDEX(組分け!$B$5:$I$41,計算用!$AC$72,(MOD(0-計算用!$AE$72+1,4)+1)*2-1),INDEX(組分け!$L$5:$S$41,計算用!$AC$72,(MOD(0-計算用!$AE$72+1,4)+1)*2-1)))&"") | C73: =IF(計算用!$Z$72="","",IF(計算用!$U$24,IF(計算用!$Z$72="A",INDEX(手直し!$B$6:$E$42,計算用!$AC$72,MOD(1-計算用!$AE$72+1,4)+1),INDEX(手直し!$G$6:$J$42,計算用!$AC$72,MOD(1-計算用!$AE$72+1,4)+1)),IF(計算用!$Z$72="A",INDEX(組分け!$B$5:$I$41,計算用!$AC$72,(MOD(1-計算用!$AE$72+1,4)+1)*2-1),INDEX(組分け!$L$5:$S$41,計算用!$AC$72,(MOD(1-計算用!$AE$72+1,4)+1)*2-1)))&"") | D73: =IF(計算用!$Z$72="","",IF(計算用!$U$24,IF(計算用!$Z$72="A",INDEX(手直し!$B$6:$E$42,計算用!$AC$72,MOD(2-計算用!$AE$72+1,4)+1),INDEX(手直し!$G$6:$J$42,計算用!$AC$72,MOD(2-計算用!$AE$72+1,4)+1)),IF(計算用!$Z$72="A",INDEX(組分け!$B$5:$I$41,計算用!$AC$72,(MOD(2-計算用!$AE$72+1,4)+1)*2-1),INDEX(組分け!$L$5:$S$41,計算用!$AC$72,(MOD(2-計算用!$AE$72+1,4)+1)*2-1)))&"") | E73: =IF(計算用!$Z$72="","",IF(計算用!$U$24,IF(計算用!$Z$72="A",INDEX(手直し!$B$6:$E$42,計算用!$AC$72,MOD(3-計算用!$AE$72+1,4)+1),INDEX(手直し!$G$6:$J$42,計算用!$AC$72,MOD(3-計算用!$AE$72+1,4)+1)),IF(計算用!$Z$72="A",INDEX(組分け!$B$5:$I$41,計算用!$AC$72,(MOD(3-計算用!$AE$72+1,4)+1)*2-1),INDEX(組分け!$L$5:$S$41,計算用!$AC$72,(MOD(3-計算用!$AE$72+1,4)+1)*2-1)))&"")
A74: =計算用!$AD$73 | B74: =IF(計算用!$Z$73="","",IF(計算用!$U$24,IF(計算用!$Z$73="A",INDEX(手直し!$B$6:$E$42,計算用!$AC$73,MOD(0-計算用!$AE$73+1,4)+1),INDEX(手直し!$G$6:$J$42,計算用!$AC$73,MOD(0-計算用!$AE$73+1,4)+1)),IF(計算用!$Z$73="A",INDEX(組分け!$B$5:$I$41,計算用!$AC$73,(MOD(0-計算用!$AE$73+1,4)+1)*2-1),INDEX(組分け!$L$5:$S$41,計算用!$AC$73,(MOD(0-計算用!$AE$73+1,4)+1)*2-1)))&"") | C74: =IF(計算用!$Z$73="","",IF(計算用!$U$24,IF(計算用!$Z$73="A",INDEX(手直し!$B$6:$E$42,計算用!$AC$73,MOD(1-計算用!$AE$73+1,4)+1),INDEX(手直し!$G$6:$J$42,計算用!$AC$73,MOD(1-計算用!$AE$73+1,4)+1)),IF(計算用!$Z$73="A",INDEX(組分け!$B$5:$I$41,計算用!$AC$73,(MOD(1-計算用!$AE$73+1,4)+1)*2-1),INDEX(組分け!$L$5:$S$41,計算用!$AC$73,(MOD(1-計算用!$AE$73+1,4)+1)*2-1)))&"") | D74: =IF(計算用!$Z$73="","",IF(計算用!$U$24,IF(計算用!$Z$73="A",INDEX(手直し!$B$6:$E$42,計算用!$AC$73,MOD(2-計算用!$AE$73+1,4)+1),INDEX(手直し!$G$6:$J$42,計算用!$AC$73,MOD(2-計算用!$AE$73+1,4)+1)),IF(計算用!$Z$73="A",INDEX(組分け!$B$5:$I$41,計算用!$AC$73,(MOD(2-計算用!$AE$73+1,4)+1)*2-1),INDEX(組分け!$L$5:$S$41,計算用!$AC$73,(MOD(2-計算用!$AE$73+1,4)+1)*2-1)))&"") | E74: =IF(計算用!$Z$73="","",IF(計算用!$U$24,IF(計算用!$Z$73="A",INDEX(手直し!$B$6:$E$42,計算用!$AC$73,MOD(3-計算用!$AE$73+1,4)+1),INDEX(手直し!$G$6:$J$42,計算用!$AC$73,MOD(3-計算用!$AE$73+1,4)+1)),IF(計算用!$Z$73="A",INDEX(組分け!$B$5:$I$41,計算用!$AC$73,(MOD(3-計算用!$AE$73+1,4)+1)*2-1),INDEX(組分け!$L$5:$S$41,計算用!$AC$73,(MOD(3-計算用!$AE$73+1,4)+1)*2-1)))&"")
A75: =計算用!$AD$74 | B75: =IF(計算用!$Z$74="","",IF(計算用!$U$24,IF(計算用!$Z$74="A",INDEX(手直し!$B$6:$E$42,計算用!$AC$74,MOD(0-計算用!$AE$74+1,4)+1),INDEX(手直し!$G$6:$J$42,計算用!$AC$74,MOD(0-計算用!$AE$74+1,4)+1)),IF(計算用!$Z$74="A",INDEX(組分け!$B$5:$I$41,計算用!$AC$74,(MOD(0-計算用!$AE$74+1,4)+1)*2-1),INDEX(組分け!$L$5:$S$41,計算用!$AC$74,(MOD(0-計算用!$AE$74+1,4)+1)*2-1)))&"") | C75: =IF(計算用!$Z$74="","",IF(計算用!$U$24,IF(計算用!$Z$74="A",INDEX(手直し!$B$6:$E$42,計算用!$AC$74,MOD(1-計算用!$AE$74+1,4)+1),INDEX(手直し!$G$6:$J$42,計算用!$AC$74,MOD(1-計算用!$AE$74+1,4)+1)),IF(計算用!$Z$74="A",INDEX(組分け!$B$5:$I$41,計算用!$AC$74,(MOD(1-計算用!$AE$74+1,4)+1)*2-1),INDEX(組分け!$L$5:$S$41,計算用!$AC$74,(MOD(1-計算用!$AE$74+1,4)+1)*2-1)))&"") | D75: =IF(計算用!$Z$74="","",IF(計算用!$U$24,IF(計算用!$Z$74="A",INDEX(手直し!$B$6:$E$42,計算用!$AC$74,MOD(2-計算用!$AE$74+1,4)+1),INDEX(手直し!$G$6:$J$42,計算用!$AC$74,MOD(2-計算用!$AE$74+1,4)+1)),IF(計算用!$Z$74="A",INDEX(組分け!$B$5:$I$41,計算用!$AC$74,(MOD(2-計算用!$AE$74+1,4)+1)*2-1),INDEX(組分け!$L$5:$S$41,計算用!$AC$74,(MOD(2-計算用!$AE$74+1,4)+1)*2-1)))&"") | E75: =IF(計算用!$Z$74="","",IF(計算用!$U$24,IF(計算用!$Z$74="A",INDEX(手直し!$B$6:$E$42,計算用!$AC$74,MOD(3-計算用!$AE$74+1,4)+1),INDEX(手直し!$G$6:$J$42,計算用!$AC$74,MOD(3-計算用!$AE$74+1,4)+1)),IF(計算用!$Z$74="A",INDEX(組分け!$B$5:$I$41,計算用!$AC$74,(MOD(3-計算用!$AE$74+1,4)+1)*2-1),INDEX(組分け!$L$5:$S$41,計算用!$AC$74,(MOD(3-計算用!$AE$74+1,4)+1)*2-1)))&"")
A76: =計算用!$AD$75 | B76: =IF(計算用!$Z$75="","",IF(計算用!$U$24,IF(計算用!$Z$75="A",INDEX(手直し!$B$6:$E$42,計算用!$AC$75,MOD(0-計算用!$AE$75+1,4)+1),INDEX(手直し!$G$6:$J$42,計算用!$AC$75,MOD(0-計算用!$AE$75+1,4)+1)),IF(計算用!$Z$75="A",INDEX(組分け!$B$5:$I$41,計算用!$AC$75,(MOD(0-計算用!$AE$75+1,4)+1)*2-1),INDEX(組分け!$L$5:$S$41,計算用!$AC$75,(MOD(0-計算用!$AE$75+1,4)+1)*2-1)))&"") | C76: =IF(計算用!$Z$75="","",IF(計算用!$U$24,IF(計算用!$Z$75="A",INDEX(手直し!$B$6:$E$42,計算用!$AC$75,MOD(1-計算用!$AE$75+1,4)+1),INDEX(手直し!$G$6:$J$42,計算用!$AC$75,MOD(1-計算用!$AE$75+1,4)+1)),IF(計算用!$Z$75="A",INDEX(組分け!$B$5:$I$41,計算用!$AC$75,(MOD(1-計算用!$AE$75+1,4)+1)*2-1),INDEX(組分け!$L$5:$S$41,計算用!$AC$75,(MOD(1-計算用!$AE$75+1,4)+1)*2-1)))&"") | D76: =IF(計算用!$Z$75="","",IF(計算用!$U$24,IF(計算用!$Z$75="A",INDEX(手直し!$B$6:$E$42,計算用!$AC$75,MOD(2-計算用!$AE$75+1,4)+1),INDEX(手直し!$G$6:$J$42,計算用!$AC$75,MOD(2-計算用!$AE$75+1,4)+1)),IF(計算用!$Z$75="A",INDEX(組分け!$B$5:$I$41,計算用!$AC$75,(MOD(2-計算用!$AE$75+1,4)+1)*2-1),INDEX(組分け!$L$5:$S$41,計算用!$AC$75,(MOD(2-計算用!$AE$75+1,4)+1)*2-1)))&"") | E76: =IF(計算用!$Z$75="","",IF(計算用!$U$24,IF(計算用!$Z$75="A",INDEX(手直し!$B$6:$E$42,計算用!$AC$75,MOD(3-計算用!$AE$75+1,4)+1),INDEX(手直し!$G$6:$J$42,計算用!$AC$75,MOD(3-計算用!$AE$75+1,4)+1)),IF(計算用!$Z$75="A",INDEX(組分け!$B$5:$I$41,計算用!$AC$75,(MOD(3-計算用!$AE$75+1,4)+1)*2-1),INDEX(組分け!$L$5:$S$41,計算用!$AC$75,(MOD(3-計算用!$AE$75+1,4)+1)*2-1)))&"")

Sheet 最終修正
A1: レース | B1: =(計算用!$U$5+0)&"コース" | D1: =(計算用!$U$5+1)&"コース" | F1: =(計算用!$U$5+2)&"コース" | H1: =(計算用!$U$5+3)&"コース" | K1: 掲示用を見て子どもたちが決めた新しいコースを、名前の右の欄に入れてください。 同じレースの中だけで動かします（空いたコースに入れてもかまいません）。 空いている欄は、もとのコースのままです。結果は「最終決定」に出ます。
B2: 名前 | C2: 新しい コース | D2: 名前 | E2: 新しい コース | F2: 名前 | G2: 新しい コース | H2: 名前 | I2: 新しい コース
A3: =計算用!$AD$2 | B3: =計算用!$AJ$2 | D3: =計算用!$AK$2 | F3: =計算用!$AL$2 | H3: =計算用!$AM$2 | K3: =計算用!$U$28
A4: =計算用!$AD$3 | B4: =計算用!$AJ$3 | D4: =計算用!$AK$3 | F4: =計算用!$AL$3 | H4: =計算用!$AM$3 | K4: =計算用!$U$27
A5: =計算用!$AD$4 | B5: =計算用!$AJ$4 | D5: =計算用!$AK$4 | F5: =計算用!$AL$4 | H5: =計算用!$AM$4
A6: =計算用!$AD$5 | B6: =計算用!$AJ$5 | D6: =計算用!$AK$5 | F6: =計算用!$AL$5 | H6: =計算用!$AM$5
A7: =計算用!$AD$6 | B7: =計算用!$AJ$6 | D7: =計算用!$AK$6 | F7: =計算用!$AL$6 | H7: =計算用!$AM$6
A8: =計算用!$AD$7 | B8: =計算用!$AJ$7 | D8: =計算用!$AK$7 | F8: =計算用!$AL$7 | H8: =計算用!$AM$7
A9: =計算用!$AD$8 | B9: =計算用!$AJ$8 | D9: =計算用!$AK$8 | F9: =計算用!$AL$8 | H9: =計算用!$AM$8
A10: =計算用!$AD$9 | B10: =計算用!$AJ$9 | D10: =計算用!$AK$9 | F10: =計算用!$AL$9 | H10: =計算用!$AM$9
A11: =計算用!$AD$10 | B11: =計算用!$AJ$10 | D11: =計算用!$AK$10 | F11: =計算用!$AL$10 | H11: =計算用!$AM$10
A12: =計算用!$AD$11 | B12: =計算用!$AJ$11 | D12: =計算用!$AK$11 | F12: =計算用!$AL$11 | H12: =計算用!$AM$11
A13: =計算用!$AD$12 | B13: =計算用!$AJ$12 | D13: =計算用!$AK$12 | F13: =計算用!$AL$12 | H13: =計算用!$AM$12
A14: =計算用!$AD$13 | B14: =計算用!$AJ$13 | D14: =計算用!$AK$13 | F14: =計算用!$AL$13 | H14: =計算用!$AM$13
A15: =計算用!$AD$14 | B15: =計算用!$AJ$14 | D15: =計算用!$AK$14 | F15: =計算用!$AL$14 | H15: =計算用!$AM$14
A16: =計算用!$AD$15 | B16: =計算用!$AJ$15 | D16: =計算用!$AK$15 | F16: =計算用!$AL$15 | H16: =計算用!$AM$15
A17: =計算用!$AD$16 | B17: =計算用!$AJ$16 | D17: =計算用!$AK$16 | F17: =計算用!$AL$16 | H17: =計算用!$AM$16
A18: =計算用!$AD$17 | B18: =計算用!$AJ$17 | D18: =計算用!$AK$17 | F18: =計算用!$AL$17 | H18: =計算用!$AM$17
A19: =計算用!$AD$18 | B19: =計算用!$AJ$18 | D19: =計算用!$AK$18 | F19: =計算用!$AL$18 | H19: =計算用!$AM$18
A20: =計算用!$AD$19 | B20: =計算用!$AJ$19 | D20: =計算用!$AK$19 | F20: =計算用!$AL$19 | H20: =計算用!$AM$19
A21: =計算用!$AD$20 | B21: =計算用!$AJ$20 | D21: =計算用!$AK$20 | F21: =計算用!$AL$20 | H21: =計算用!$AM$20
A22: =計算用!$AD$21 | B22: =計算用!$AJ$21 | D22: =計算用!$AK$21 | F22: =計算用!$AL$21 | H22: =計算用!$AM$21
A23: =計算用!$AD$22 | B23: =計算用!$AJ$22 | D23: =計算用!$AK$22 | F23: =計算用!$AL$22 | H23: =計算用!$AM$22
A24: =計算用!$AD$23 | B24: =計算用!$AJ$23 | D24: =計算用!$AK$23 | F24: =計算用!$AL$23 | H24: =計算用!$AM$23
A25: =計算用!$AD$24 | B25: =計算用!$AJ$24 | D25: =計算用!$AK$24 | F25: =計算用!$AL$24 | H25: =計算用!$AM$24
A26: =計算用!$AD$25 | B26: =計算用!$AJ$25 | D26: =計算用!$AK$25 | F26: =計算用!$AL$25 | H26: =計算用!$AM$25
A27: =計算用!$AD$26 | B27: =計算用!$AJ$26 | D27: =計算用!$AK$26 | F27: =計算用!$AL$26 | H27: =計算用!$AM$26
A28: =計算用!$AD$27 | B28: =計算用!$AJ$27 | D28: =計算用!$AK$27 | F28: =計算用!$AL$27 | H28: =計算用!$AM$27
A29: =計算用!$AD$28 | B29: =計算用!$AJ$28 | D29: =計算用!$AK$28 | F29: =計算用!$AL$28 | H29: =計算用!$AM$28
A30: =計算用!$AD$29 | B30: =計算用!$AJ$29 | D30: =計算用!$AK$29 | F30: =計算用!$AL$29 | H30: =計算用!$AM$29
A31: =計算用!$AD$30 | B31: =計算用!$AJ$30 | D31: =計算用!$AK$30 | F31: =計算用!$AL$30 | H31: =計算用!$AM$30
A32: =計算用!$AD$31 | B32: =計算用!$AJ$31 | D32: =計算用!$AK$31 | F32: =計算用!$AL$31 | H32: =計算用!$AM$31
A33: =計算用!$AD$32 | B33: =計算用!$AJ$32 | D33: =計算用!$AK$32 | F33: =計算用!$AL$32 | H33: =計算用!$AM$32
A34: =計算用!$AD$33 | B34: =計算用!$AJ$33 | D34: =計算用!$AK$33 | F34: =計算用!$AL$33 | H34: =計算用!$AM$33
A35: =計算用!$AD$34 | B35: =計算用!$AJ$34 | D35: =計算用!$AK$34 | F35: =計算用!$AL$34 | H35: =計算用!$AM$34
A36: =計算用!$AD$35 | B36: =計算用!$AJ$35 | D36: =計算用!$AK$35 | F36: =計算用!$AL$35 | H36: =計算用!$AM$35
A37: =計算用!$AD$36 | B37: =計算用!$AJ$36 | D37: =計算用!$AK$36 | F37: =計算用!$AL$36 | H37: =計算用!$AM$36
A38: =計算用!$AD$37 | B38: =計算用!$AJ$37 | D38: =計算用!$AK$37 | F38: =計算用!$AL$37 | H38: =計算用!$AM$37
A39: =計算用!$AD$38 | B39: =計算用!$AJ$38 | D39: =計算用!$AK$38 | F39: =計算用!$AL$38 | H39: =計算用!$AM$38
A40: =計算用!$AD$39 | B40: =計算用!$AJ$39 | D40: =計算用!$AK$39 | F40: =計算用!$AL$39 | H40: =計算用!$AM$39
A41: =計算用!$AD$40 | B41: =計算用!$AJ$40 | D41: =計算用!$AK$40 | F41: =計算用!$AL$40 | H41: =計算用!$AM$40
A42: =計算用!$AD$41 | B42: =計算用!$AJ$41 | D42: =計算用!$AK$41 | F42: =計算用!$AL$41 | H42: =計算用!$AM$41
A43: =計算用!$AD$42 | B43: =計算用!$AJ$42 | D43: =計算用!$AK$42 | F43: =計算用!$AL$42 | H43: =計算用!$AM$42
A44: =計算用!$AD$43 | B44: =計算用!$AJ$43 | D44: =計算用!$AK$43 | F44: =計算用!$AL$43 | H44: =計算用!$AM$43
A45: =計算用!$AD$44 | B45: =計算用!$AJ$44 | D45: =計算用!$AK$44 | F45: =計算用!$AL$44 | H45: =計算用!$AM$44
A46: =計算用!$AD$45 | B46: =計算用!$AJ$45 | D46: =計算用!$AK$45 | F46: =計算用!$AL$45 | H46: =計算用!$AM$45
A47: =計算用!$AD$46 | B47: =計算用!$AJ$46 | D47: =計算用!$AK$46 | F47: =計算用!$AL$46 | H47: =計算用!$AM$46
A48: =計算用!$AD$47 | B48: =計算用!$AJ$47 | D48: =計算用!$AK$47 | F48: =計算用!$AL$47 | H48: =計算用!$AM$47
A49: =計算用!$AD$48 | B49: =計算用!$AJ$48 | D49: =計算用!$AK$48 | F49: =計算用!$AL$48 | H49: =計算用!$AM$48
A50: =計算用!$AD$49 | B50: =計算用!$AJ$49 | D50: =計算用!$AK$49 | F50: =計算用!$AL$49 | H50: =計算用!$AM$49
A51: =計算用!$AD$50 | B51: =計算用!$AJ$50 | D51: =計算用!$AK$50 | F51: =計算用!$AL$50 | H51: =計算用!$AM$50
A52: =計算用!$AD$51 | B52: =計算用!$AJ$51 | D52: =計算用!$AK$51 | F52: =計算用!$AL$51 | H52: =計算用!$AM$51
A53: =計算用!$AD$52 | B53: =計算用!$AJ$52 | D53: =計算用!$AK$52 | F53: =計算用!$AL$52 | H53: =計算用!$AM$52
A54: =計算用!$AD$53 | B54: =計算用!$AJ$53 | D54: =計算用!$AK$53 | F54: =計算用!$AL$53 | H54: =計算用!$AM$53
A55: =計算用!$AD$54 | B55: =計算用!$AJ$54 | D55: =計算用!$AK$54 | F55: =計算用!$AL$54 | H55: =計算用!$AM$54
A56: =計算用!$AD$55 | B56: =計算用!$AJ$55 | D56: =計算用!$AK$55 | F56: =計算用!$AL$55 | H56: =計算用!$AM$55
A57: =計算用!$AD$56 | B57: =計算用!$AJ$56 | D57: =計算用!$AK$56 | F57: =計算用!$AL$56 | H57: =計算用!$AM$56
A58: =計算用!$AD$57 | B58: =計算用!$AJ$57 | D58: =計算用!$AK$57 | F58: =計算用!$AL$57 | H58: =計算用!$AM$57
A59: =計算用!$AD$58 | B59: =計算用!$AJ$58 | D59: =計算用!$AK$58 | F59: =計算用!$AL$58 | H59: =計算用!$AM$58
A60: =計算用!$AD$59 | B60: =計算用!$AJ$59 | D60: =計算用!$AK$59 | F60: =計算用!$AL$59 | H60: =計算用!$AM$59
A61: =計算用!$AD$60 | B61: =計算用!$AJ$60 | D61: =計算用!$AK$60 | F61: =計算用!$AL$60 | H61: =計算用!$AM$60
A62: =計算用!$AD$61 | B62: =計算用!$AJ$61 | D62: =計算用!$AK$61 | F62: =計算用!$AL$61 | H62: =計算用!$AM$61
A63: =計算用!$AD$62 | B63: =計算用!$AJ$62 | D63: =計算用!$AK$62 | F63: =計算用!$AL$62 | H63: =計算用!$AM$62
A64: =計算用!$AD$63 | B64: =計算用!$AJ$63 | D64: =計算用!$AK$63 | F64: =計算用!$AL$63 | H64: =計算用!$AM$63
A65: =計算用!$AD$64 | B65: =計算用!$AJ$64 | D65: =計算用!$AK$64 | F65: =計算用!$AL$64 | H65: =計算用!$AM$64
A66: =計算用!$AD$65 | B66: =計算用!$AJ$65 | D66: =計算用!$AK$65 | F66: =計算用!$AL$65 | H66: =計算用!$AM$65
A67: =計算用!$AD$66 | B67: =計算用!$AJ$66 | D67: =計算用!$AK$66 | F67: =計算用!$AL$66 | H67: =計算用!$AM$66
A68: =計算用!$AD$67 | B68: =計算用!$AJ$67 | D68: =計算用!$AK$67 | F68: =計算用!$AL$67 | H68: =計算用!$AM$67
A69: =計算用!$AD$68 | B69: =計算用!$AJ$68 | D69: =計算用!$AK$68 | F69: =計算用!$AL$68 | H69: =計算用!$AM$68
A70: =計算用!$AD$69 | B70: =計算用!$AJ$69 | D70: =計算用!$AK$69 | F70: =計算用!$AL$69 | H70: =計算用!$AM$69
A71: =計算用!$AD$70 | B71: =計算用!$AJ$70 | D71: =計算用!$AK$70 | F71: =計算用!$AL$70 | H71: =計算用!$AM$70
A72: =計算用!$AD$71 | B72: =計算用!$AJ$71 | D72: =計算用!$AK$71 | F72: =計算用!$AL$71 | H72: =計算用!$AM$71
A73: =計算用!$AD$72 | B73: =計算用!$AJ$72 | D73: =計算用!$AK$72 | F73: =計算用!$AL$72 | H73: =計算用!$AM$72
A74: =計算用!$AD$73 | B74: =計算用!$AJ$73 | D74: =計算用!$AK$73 | F74: =計算用!$AL$73 | H74: =計算用!$AM$73
A75: =計算用!$AD$74 | B75: =計算用!$AJ$74 | D75: =計算用!$AK$74 | F75: =計算用!$AL$74 | H75: =計算用!$AM$74
A76: =計算用!$AD$75 | B76: =計算用!$AJ$75 | D76: =計算用!$AK$75 | F76: =計算用!$AL$75 | H76: =計算用!$AM$75

Sheet 最終決定
A1: 徒競走 最終決定版 | H1: 色 | I1: 色あり
B2: =(計算用!$U$5+0)&"コース" | C2: =(計算用!$U$5+1)&"コース" | D2: =(計算用!$U$5+2)&"コース" | E2: =(計算用!$U$5+3)&"コース" | H2: ← 印刷の前に選んでください（この欄は印刷されません）
A3: =IF(計算用!$Z$2="","",計算用!$Y$2&"レース") | B3: =IFERROR(INDEX(計算用!$AJ2:$AM2,MATCH(0,計算用!$AF2:$AI2,0)),"") | C3: =IFERROR(INDEX(計算用!$AJ2:$AM2,MATCH(1,計算用!$AF2:$AI2,0)),"") | D3: =IFERROR(INDEX(計算用!$AJ2:$AM2,MATCH(2,計算用!$AF2:$AI2,0)),"") | E3: =IFERROR(INDEX(計算用!$AJ2:$AM2,MATCH(3,計算用!$AF2:$AI2,0)),"") | H3: =計算用!$U$28
A4: =IF(計算用!$Z$3="","",計算用!$Y$3&"レース") | B4: =IFERROR(INDEX(計算用!$AJ3:$AM3,MATCH(0,計算用!$AF3:$AI3,0)),"") | C4: =IFERROR(INDEX(計算用!$AJ3:$AM3,MATCH(1,計算用!$AF3:$AI3,0)),"") | D4: =IFERROR(INDEX(計算用!$AJ3:$AM3,MATCH(2,計算用!$AF3:$AI3,0)),"") | E4: =IFERROR(INDEX(計算用!$AJ3:$AM3,MATCH(3,計算用!$AF3:$AI3,0)),"") | H4: =計算用!$U$27
A5: =IF(計算用!$Z$4="","",計算用!$Y$4&"レース") | B5: =IFERROR(INDEX(計算用!$AJ4:$AM4,MATCH(0,計算用!$AF4:$AI4,0)),"") | C5: =IFERROR(INDEX(計算用!$AJ4:$AM4,MATCH(1,計算用!$AF4:$AI4,0)),"") | D5: =IFERROR(INDEX(計算用!$AJ4:$AM4,MATCH(2,計算用!$AF4:$AI4,0)),"") | E5: =IFERROR(INDEX(計算用!$AJ4:$AM4,MATCH(3,計算用!$AF4:$AI4,0)),"")
A6: =IF(計算用!$Z$5="","",計算用!$Y$5&"レース") | B6: =IFERROR(INDEX(計算用!$AJ5:$AM5,MATCH(0,計算用!$AF5:$AI5,0)),"") | C6: =IFERROR(INDEX(計算用!$AJ5:$AM5,MATCH(1,計算用!$AF5:$AI5,0)),"") | D6: =IFERROR(INDEX(計算用!$AJ5:$AM5,MATCH(2,計算用!$AF5:$AI5,0)),"") | E6: =IFERROR(INDEX(計算用!$AJ5:$AM5,MATCH(3,計算用!$AF5:$AI5,0)),"")
A7: =IF(計算用!$Z$6="","",計算用!$Y$6&"レース") | B7: =IFERROR(INDEX(計算用!$AJ6:$AM6,MATCH(0,計算用!$AF6:$AI6,0)),"") | C7: =IFERROR(INDEX(計算用!$AJ6:$AM6,MATCH(1,計算用!$AF6:$AI6,0)),"") | D7: =IFERROR(INDEX(計算用!$AJ6:$AM6,MATCH(2,計算用!$AF6:$AI6,0)),"") | E7: =IFERROR(INDEX(計算用!$AJ6:$AM6,MATCH(3,計算用!$AF6:$AI6,0)),"")
A8: =IF(計算用!$Z$7="","",計算用!$Y$7&"レース") | B8: =IFERROR(INDEX(計算用!$AJ7:$AM7,MATCH(0,計算用!$AF7:$AI7,0)),"") | C8: =IFERROR(INDEX(計算用!$AJ7:$AM7,MATCH(1,計算用!$AF7:$AI7,0)),"") | D8: =IFERROR(INDEX(計算用!$AJ7:$AM7,MATCH(2,計算用!$AF7:$AI7,0)),"") | E8: =IFERROR(INDEX(計算用!$AJ7:$AM7,MATCH(3,計算用!$AF7:$AI7,0)),"")
A9: =IF(計算用!$Z$8="","",計算用!$Y$8&"レース") | B9: =IFERROR(INDEX(計算用!$AJ8:$AM8,MATCH(0,計算用!$AF8:$AI8,0)),"") | C9: =IFERROR(INDEX(計算用!$AJ8:$AM8,MATCH(1,計算用!$AF8:$AI8,0)),"") | D9: =IFERROR(INDEX(計算用!$AJ8:$AM8,MATCH(2,計算用!$AF8:$AI8,0)),"") | E9: =IFERROR(INDEX(計算用!$AJ8:$AM8,MATCH(3,計算用!$AF8:$AI8,0)),"")
A10: =IF(計算用!$Z$9="","",計算用!$Y$9&"レース") | B10: =IFERROR(INDEX(計算用!$AJ9:$AM9,MATCH(0,計算用!$AF9:$AI9,0)),"") | C10: =IFERROR(INDEX(計算用!$AJ9:$AM9,MATCH(1,計算用!$AF9:$AI9,0)),"") | D10: =IFERROR(INDEX(計算用!$AJ9:$AM9,MATCH(2,計算用!$AF9:$AI9,0)),"") | E10: =IFERROR(INDEX(計算用!$AJ9:$AM9,MATCH(3,計算用!$AF9:$AI9,0)),"")
A11: =IF(計算用!$Z$10="","",計算用!$Y$10&"レース") | B11: =IFERROR(INDEX(計算用!$AJ10:$AM10,MATCH(0,計算用!$AF10:$AI10,0)),"") | C11: =IFERROR(INDEX(計算用!$AJ10:$AM10,MATCH(1,計算用!$AF10:$AI10,0)),"") | D11: =IFERROR(INDEX(計算用!$AJ10:$AM10,MATCH(2,計算用!$AF10:$AI10,0)),"") | E11: =IFERROR(INDEX(計算用!$AJ10:$AM10,MATCH(3,計算用!$AF10:$AI10,0)),"")
A12: =IF(計算用!$Z$11="","",計算用!$Y$11&"レース") | B12: =IFERROR(INDEX(計算用!$AJ11:$AM11,MATCH(0,計算用!$AF11:$AI11,0)),"") | C12: =IFERROR(INDEX(計算用!$AJ11:$AM11,MATCH(1,計算用!$AF11:$AI11,0)),"") | D12: =IFERROR(INDEX(計算用!$AJ11:$AM11,MATCH(2,計算用!$AF11:$AI11,0)),"") | E12: =IFERROR(INDEX(計算用!$AJ11:$AM11,MATCH(3,計算用!$AF11:$AI11,0)),"")
A13: =IF(計算用!$Z$12="","",計算用!$Y$12&"レース") | B13: =IFERROR(INDEX(計算用!$AJ12:$AM12,MATCH(0,計算用!$AF12:$AI12,0)),"") | C13: =IFERROR(INDEX(計算用!$AJ12:$AM12,MATCH(1,計算用!$AF12:$AI12,0)),"") | D13: =IFERROR(INDEX(計算用!$AJ12:$AM12,MATCH(2,計算用!$AF12:$AI12,0)),"") | E13: =IFERROR(INDEX(計算用!$AJ12:$AM12,MATCH(3,計算用!$AF12:$AI12,0)),"")
A14: =IF(計算用!$Z$13="","",計算用!$Y$13&"レース") | B14: =IFERROR(INDEX(計算用!$AJ13:$AM13,MATCH(0,計算用!$AF13:$AI13,0)),"") | C14: =IFERROR(INDEX(計算用!$AJ13:$AM13,MATCH(1,計算用!$AF13:$AI13,0)),"") | D14: =IFERROR(INDEX(計算用!$AJ13:$AM13,MATCH(2,計算用!$AF13:$AI13,0)),"") | E14: =IFERROR(INDEX(計算用!$AJ13:$AM13,MATCH(3,計算用!$AF13:$AI13,0)),"")
A15: =IF(計算用!$Z$14="","",計算用!$Y$14&"レース") | B15: =IFERROR(INDEX(計算用!$AJ14:$AM14,MATCH(0,計算用!$AF14:$AI14,0)),"") | C15: =IFERROR(INDEX(計算用!$AJ14:$AM14,MATCH(1,計算用!$AF14:$AI14,0)),"") | D15: =IFERROR(INDEX(計算用!$AJ14:$AM14,MATCH(2,計算用!$AF14:$AI14,0)),"") | E15: =IFERROR(INDEX(計算用!$AJ14:$AM14,MATCH(3,計算用!$AF14:$AI14,0)),"")
A16: =IF(計算用!$Z$15="","",計算用!$Y$15&"レース") | B16: =IFERROR(INDEX(計算用!$AJ15:$AM15,MATCH(0,計算用!$AF15:$AI15,0)),"") | C16: =IFERROR(INDEX(計算用!$AJ15:$AM15,MATCH(1,計算用!$AF15:$AI15,0)),"") | D16: =IFERROR(INDEX(計算用!$AJ15:$AM15,MATCH(2,計算用!$AF15:$AI15,0)),"") | E16: =IFERROR(INDEX(計算用!$AJ15:$AM15,MATCH(3,計算用!$AF15:$AI15,0)),"")
A17: =IF(計算用!$Z$16="","",計算用!$Y$16&"レース") | B17: =IFERROR(INDEX(計算用!$AJ16:$AM16,MATCH(0,計算用!$AF16:$AI16,0)),"") | C17: =IFERROR(INDEX(計算用!$AJ16:$AM16,MATCH(1,計算用!$AF16:$AI16,0)),"") | D17: =IFERROR(INDEX(計算用!$AJ16:$AM16,MATCH(2,計算用!$AF16:$AI16,0)),"") | E17: =IFERROR(INDEX(計算用!$AJ16:$AM16,MATCH(3,計算用!$AF16:$AI16,0)),"")
A18: =IF(計算用!$Z$17="","",計算用!$Y$17&"レース") | B18: =IFERROR(INDEX(計算用!$AJ17:$AM17,MATCH(0,計算用!$AF17:$AI17,0)),"") | C18: =IFERROR(INDEX(計算用!$AJ17:$AM17,MATCH(1,計算用!$AF17:$AI17,0)),"") | D18: =IFERROR(INDEX(計算用!$AJ17:$AM17,MATCH(2,計算用!$AF17:$AI17,0)),"") | E18: =IFERROR(INDEX(計算用!$AJ17:$AM17,MATCH(3,計算用!$AF17:$AI17,0)),"")
A19: =IF(計算用!$Z$18="","",計算用!$Y$18&"レース") | B19: =IFERROR(INDEX(計算用!$AJ18:$AM18,MATCH(0,計算用!$AF18:$AI18,0)),"") | C19: =IFERROR(INDEX(計算用!$AJ18:$AM18,MATCH(1,計算用!$AF18:$AI18,0)),"") | D19: =IFERROR(INDEX(計算用!$AJ18:$AM18,MATCH(2,計算用!$AF18:$AI18,0)),"") | E19: =IFERROR(INDEX(計算用!$AJ18:$AM18,MATCH(3,計算用!$AF18:$AI18,0)),"")
A20: =IF(計算用!$Z$19="","",計算用!$Y$19&"レース") | B20: =IFERROR(INDEX(計算用!$AJ19:$AM19,MATCH(0,計算用!$AF19:$AI19,0)),"") | C20: =IFERROR(INDEX(計算用!$AJ19:$AM19,MATCH(1,計算用!$AF19:$AI19,0)),"") | D20: =IFERROR(INDEX(計算用!$AJ19:$AM19,MATCH(2,計算用!$AF19:$AI19,0)),"") | E20: =IFERROR(INDEX(計算用!$AJ19:$AM19,MATCH(3,計算用!$AF19:$AI19,0)),"")
A21: =IF(計算用!$Z$20="","",計算用!$Y$20&"レース") | B21: =IFERROR(INDEX(計算用!$AJ20:$AM20,MATCH(0,計算用!$AF20:$AI20,0)),"") | C21: =IFERROR(INDEX(計算用!$AJ20:$AM20,MATCH(1,計算用!$AF20:$AI20,0)),"") | D21: =IFERROR(INDEX(計算用!$AJ20:$AM20,MATCH(2,計算用!$AF20:$AI20,0)),"") | E21: =IFERROR(INDEX(計算用!$AJ20:$AM20,MATCH(3,計算用!$AF20:$AI20,0)),"")
A22: =IF(計算用!$Z$21="","",計算用!$Y$21&"レース") | B22: =IFERROR(INDEX(計算用!$AJ21:$AM21,MATCH(0,計算用!$AF21:$AI21,0)),"") | C22: =IFERROR(INDEX(計算用!$AJ21:$AM21,MATCH(1,計算用!$AF21:$AI21,0)),"") | D22: =IFERROR(INDEX(計算用!$AJ21:$AM21,MATCH(2,計算用!$AF21:$AI21,0)),"") | E22: =IFERROR(INDEX(計算用!$AJ21:$AM21,MATCH(3,計算用!$AF21:$AI21,0)),"")
A23: =IF(計算用!$Z$22="","",計算用!$Y$22&"レース") | B23: =IFERROR(INDEX(計算用!$AJ22:$AM22,MATCH(0,計算用!$AF22:$AI22,0)),"") | C23: =IFERROR(INDEX(計算用!$AJ22:$AM22,MATCH(1,計算用!$AF22:$AI22,0)),"") | D23: =IFERROR(INDEX(計算用!$AJ22:$AM22,MATCH(2,計算用!$AF22:$AI22,0)),"") | E23: =IFERROR(INDEX(計算用!$AJ22:$AM22,MATCH(3,計算用!$AF22:$AI22,0)),"")
A24: =IF(計算用!$Z$23="","",計算用!$Y$23&"レース") | B24: =IFERROR(INDEX(計算用!$AJ23:$AM23,MATCH(0,計算用!$AF23:$AI23,0)),"") | C24: =IFERROR(INDEX(計算用!$AJ23:$AM23,MATCH(1,計算用!$AF23:$AI23,0)),"") | D24: =IFERROR(INDEX(計算用!$AJ23:$AM23,MATCH(2,計算用!$AF23:$AI23,0)),"") | E24: =IFERROR(INDEX(計算用!$AJ23:$AM23,MATCH(3,計算用!$AF23:$AI23,0)),"")
A25: =IF(計算用!$Z$24="","",計算用!$Y$24&"レース") | B25: =IFERROR(INDEX(計算用!$AJ24:$AM24,MATCH(0,計算用!$AF24:$AI24,0)),"") | C25: =IFERROR(INDEX(計算用!$AJ24:$AM24,MATCH(1,計算用!$AF24:$AI24,0)),"") | D25: =IFERROR(INDEX(計算用!$AJ24:$AM24,MATCH(2,計算用!$AF24:$AI24,0)),"") | E25: =IFERROR(INDEX(計算用!$AJ24:$AM24,MATCH(3,計算用!$AF24:$AI24,0)),"")
A26: =IF(計算用!$Z$25="","",計算用!$Y$25&"レース") | B26: =IFERROR(INDEX(計算用!$AJ25:$AM25,MATCH(0,計算用!$AF25:$AI25,0)),"") | C26: =IFERROR(INDEX(計算用!$AJ25:$AM25,MATCH(1,計算用!$AF25:$AI25,0)),"") | D26: =IFERROR(INDEX(計算用!$AJ25:$AM25,MATCH(2,計算用!$AF25:$AI25,0)),"") | E26: =IFERROR(INDEX(計算用!$AJ25:$AM25,MATCH(3,計算用!$AF25:$AI25,0)),"")
A27: =IF(計算用!$Z$26="","",計算用!$Y$26&"レース") | B27: =IFERROR(INDEX(計算用!$AJ26:$AM26,MATCH(0,計算用!$AF26:$AI26,0)),"") | C27: =IFERROR(INDEX(計算用!$AJ26:$AM26,MATCH(1,計算用!$AF26:$AI26,0)),"") | D27: =IFERROR(INDEX(計算用!$AJ26:$AM26,MATCH(2,計算用!$AF26:$AI26,0)),"") | E27: =IFERROR(INDEX(計算用!$AJ26:$AM26,MATCH(3,計算用!$AF26:$AI26,0)),"")
A28: =IF(計算用!$Z$27="","",計算用!$Y$27&"レース") | B28: =IFERROR(INDEX(計算用!$AJ27:$AM27,MATCH(0,計算用!$AF27:$AI27,0)),"") | C28: =IFERROR(INDEX(計算用!$AJ27:$AM27,MATCH(1,計算用!$AF27:$AI27,0)),"") | D28: =IFERROR(INDEX(計算用!$AJ27:$AM27,MATCH(2,計算用!$AF27:$AI27,0)),"") | E28: =IFERROR(INDEX(計算用!$AJ27:$AM27,MATCH(3,計算用!$AF27:$AI27,0)),"")
A29: =IF(計算用!$Z$28="","",計算用!$Y$28&"レース") | B29: =IFERROR(INDEX(計算用!$AJ28:$AM28,MATCH(0,計算用!$AF28:$AI28,0)),"") | C29: =IFERROR(INDEX(計算用!$AJ28:$AM28,MATCH(1,計算用!$AF28:$AI28,0)),"") | D29: =IFERROR(INDEX(計算用!$AJ28:$AM28,MATCH(2,計算用!$AF28:$AI28,0)),"") | E29: =IFERROR(INDEX(計算用!$AJ28:$AM28,MATCH(3,計算用!$AF28:$AI28,0)),"")
A30: =IF(計算用!$Z$29="","",計算用!$Y$29&"レース") | B30: =IFERROR(INDEX(計算用!$AJ29:$AM29,MATCH(0,計算用!$AF29:$AI29,0)),"") | C30: =IFERROR(INDEX(計算用!$AJ29:$AM29,MATCH(1,計算用!$AF29:$AI29,0)),"") | D30: =IFERROR(INDEX(計算用!$AJ29:$AM29,MATCH(2,計算用!$AF29:$AI29,0)),"") | E30: =IFERROR(INDEX(計算用!$AJ29:$AM29,MATCH(3,計算用!$AF29:$AI29,0)),"")
A31: =IF(計算用!$Z$30="","",計算用!$Y$30&"レース") | B31: =IFERROR(INDEX(計算用!$AJ30:$AM30,MATCH(0,計算用!$AF30:$AI30,0)),"") | C31: =IFERROR(INDEX(計算用!$AJ30:$AM30,MATCH(1,計算用!$AF30:$AI30,0)),"") | D31: =IFERROR(INDEX(計算用!$AJ30:$AM30,MATCH(2,計算用!$AF30:$AI30,0)),"") | E31: =IFERROR(INDEX(計算用!$AJ30:$AM30,MATCH(3,計算用!$AF30:$AI30,0)),"")
A32: =IF(計算用!$Z$31="","",計算用!$Y$31&"レース") | B32: =IFERROR(INDEX(計算用!$AJ31:$AM31,MATCH(0,計算用!$AF31:$AI31,0)),"") | C32: =IFERROR(INDEX(計算用!$AJ31:$AM31,MATCH(1,計算用!$AF31:$AI31,0)),"") | D32: =IFERROR(INDEX(計算用!$AJ31:$AM31,MATCH(2,計算用!$AF31:$AI31,0)),"") | E32: =IFERROR(INDEX(計算用!$AJ31:$AM31,MATCH(3,計算用!$AF31:$AI31,0)),"")
A33: =IF(計算用!$Z$32="","",計算用!$Y$32&"レース") | B33: =IFERROR(INDEX(計算用!$AJ32:$AM32,MATCH(0,計算用!$AF32:$AI32,0)),"") | C33: =IFERROR(INDEX(計算用!$AJ32:$AM32,MATCH(1,計算用!$AF32:$AI32,0)),"") | D33: =IFERROR(INDEX(計算用!$AJ32:$AM32,MATCH(2,計算用!$AF32:$AI32,0)),"") | E33: =IFERROR(INDEX(計算用!$AJ32:$AM32,MATCH(3,計算用!$AF32:$AI32,0)),"")
A34: =IF(計算用!$Z$33="","",計算用!$Y$33&"レース") | B34: =IFERROR(INDEX(計算用!$AJ33:$AM33,MATCH(0,計算用!$AF33:$AI33,0)),"") | C34: =IFERROR(INDEX(計算用!$AJ33:$AM33,MATCH(1,計算用!$AF33:$AI33,0)),"") | D34: =IFERROR(INDEX(計算用!$AJ33:$AM33,MATCH(2,計算用!$AF33:$AI33,0)),"") | E34: =IFERROR(INDEX(計算用!$AJ33:$AM33,MATCH(3,計算用!$AF33:$AI33,0)),"")
A35: =IF(計算用!$Z$34="","",計算用!$Y$34&"レース") | B35: =IFERROR(INDEX(計算用!$AJ34:$AM34,MATCH(0,計算用!$AF34:$AI34,0)),"") | C35: =IFERROR(INDEX(計算用!$AJ34:$AM34,MATCH(1,計算用!$AF34:$AI34,0)),"") | D35: =IFERROR(INDEX(計算用!$AJ34:$AM34,MATCH(2,計算用!$AF34:$AI34,0)),"") | E35: =IFERROR(INDEX(計算用!$AJ34:$AM34,MATCH(3,計算用!$AF34:$AI34,0)),"")
A36: =IF(計算用!$Z$35="","",計算用!$Y$35&"レース") | B36: =IFERROR(INDEX(計算用!$AJ35:$AM35,MATCH(0,計算用!$AF35:$AI35,0)),"") | C36: =IFERROR(INDEX(計算用!$AJ35:$AM35,MATCH(1,計算用!$AF35:$AI35,0)),"") | D36: =IFERROR(INDEX(計算用!$AJ35:$AM35,MATCH(2,計算用!$AF35:$AI35,0)),"") | E36: =IFERROR(INDEX(計算用!$AJ35:$AM35,MATCH(3,計算用!$AF35:$AI35,0)),"")
A37: =IF(計算用!$Z$36="","",計算用!$Y$36&"レース") | B37: =IFERROR(INDEX(計算用!$AJ36:$AM36,MATCH(0,計算用!$AF36:$AI36,0)),"") | C37: =IFERROR(INDEX(計算用!$AJ36:$AM36,MATCH(1,計算用!$AF36:$AI36,0)),"") | D37: =IFERROR(INDEX(計算用!$AJ36:$AM36,MATCH(2,計算用!$AF36:$AI36,0)),"") | E37: =IFERROR(INDEX(計算用!$AJ36:$AM36,MATCH(3,計算用!$AF36:$AI36,0)),"")
A38: =IF(計算用!$Z$37="","",計算用!$Y$37&"レース") | B38: =IFERROR(INDEX(計算用!$AJ37:$AM37,MATCH(0,計算用!$AF37:$AI37,0)),"") | C38: =IFERROR(INDEX(計算用!$AJ37:$AM37,MATCH(1,計算用!$AF37:$AI37,0)),"") | D38: =IFERROR(INDEX(計算用!$AJ37:$AM37,MATCH(2,計算用!$AF37:$AI37,0)),"") | E38: =IFERROR(INDEX(計算用!$AJ37:$AM37,MATCH(3,計算用!$AF37:$AI37,0)),"")
A39: =IF(計算用!$Z$38="","",計算用!$Y$38&"レース") | B39: =IFERROR(INDEX(計算用!$AJ38:$AM38,MATCH(0,計算用!$AF38:$AI38,0)),"") | C39: =IFERROR(INDEX(計算用!$AJ38:$AM38,MATCH(1,計算用!$AF38:$AI38,0)),"") | D39: =IFERROR(INDEX(計算用!$AJ38:$AM38,MATCH(2,計算用!$AF38:$AI38,0)),"") | E39: =IFERROR(INDEX(計算用!$AJ38:$AM38,MATCH(3,計算用!$AF38:$AI38,0)),"")
A40: =IF(計算用!$Z$39="","",計算用!$Y$39&"レース") | B40: =IFERROR(INDEX(計算用!$AJ39:$AM39,MATCH(0,計算用!$AF39:$AI39,0)),"") | C40: =IFERROR(INDEX(計算用!$AJ39:$AM39,MATCH(1,計算用!$AF39:$AI39,0)),"") | D40: =IFERROR(INDEX(計算用!$AJ39:$AM39,MATCH(2,計算用!$AF39:$AI39,0)),"") | E40: =IFERROR(INDEX(計算用!$AJ39:$AM39,MATCH(3,計算用!$AF39:$AI39,0)),"")
