Workbook

Sheet 使い方
B1: クラブ名簿作成ツール 使い方
B3: ■ 色のきまり
B4: 黄色いセル＝先生が入力する所です。それ以外のセルには数式が入っているので、保護しています（「校閲」→「シート保護の解除」で外せます。パスワードなし）。
B6: ■ 前年度（1〜3月）にすること
B7: ① 【設定】年度（新年度）、新年度の学年（6・5・4）、前年度の組・新年度の組、クラブの名前・定員・担当・活動場所を入力します。
B8: ・クラブを増やす：空いている行に書きこむ 減らす：行の中身を消す 名前を変える：書きかえる
B9: ② 【前年度名簿】アンケートをとる学年（3〜5年）全員の「学年・組・番号・名前」を貼り付けます。学年は数字で入れます。
B10: ・「定員」と「融通」（何人まで超えてよいか）、「上の学年から優先」（〇で有効）、希望調査用紙の注意書きも設定します。
B11: ・【希望調査用紙】を印刷して配ります。クラブの番号は設定シートの No. です（配ったあとは順番を変えないでください）。
B12: ③ 【希望入力】前年度の学年・組・番号と、第1〜第3希望を入れます。
B13: ・紙の場合：希望はクラブの「番号」を打つだけでかまいません。右側にクラブ名が出るので確認してください。
B14: ・Formsの場合：結果の表から「学年〜第3希望」の6列をコピーし、A列の2行目に「値の貼り付け」をします。
... B43: 本番で使うときは、【前年度名簿】【希望入力】【新年度名簿】のデータと、【振り分け】の「先生の決定」欄を消してから使ってください。

Sheet 設定
A1: 設定（黄色いセルを入力してください）
A3: 年度 | B3: 令和9年度 | E3: ← 名簿のタイトルに使う「新年度」
A4: 呼び名 | B4: クラブ
A6: 学年の設定 | E6: 前年度の組（アンケート時） | J6: 新年度の組 | O6: クラブの設定（上から順に「クラブ①、②…」のシートに入ります）
B7: 新年度 | C7: 前年度 | E7: 学年 | F7: 組 | G7: 名簿での表示 | H7: 色 | J7: 学年 | K7: 組 | L7: 名簿での表示 | M7: 色 | O7: No. | P7: クラブ名 | Q7: 定員 | R7: 融通 | S7: 担当 | T7: 活動場所
A8: 上の学年 | B8: 6 | C8: =IF(B8="","",B8-1) | E8: =$C$8 | F8: 松 | G8: =IF(F8="","",E8&F8) | H8: 緑 | J8: =$B$8 | K8: 松 | L8: =IF(K8="","",J8&K8) | M8: 緑 | O8: 1 | P8: 科学 | Q8: 35 | R8: 2 | S8: 3松 | T8: 理科室 | Y8: =IF(F8="","",E8&"-"&F8) | Z8: =IF(K8="","",J8&"-"&K8)
A9: 中の学年 | B9: 5 | C9: =IF(B9="","",B9-1) | E9: =$C$8 | F9: 竹 | G9: =IF(F9="","",E9&F9) | H9: 青 | J9: =$B$8 | K9: 竹 | L9: =IF(K9="","",J9&K9) | M9: 青 | O9: 2 | P9: 料理 | Q9: 35 | R9: 2 | S9: 5竹 | T9: 家庭科室 | Y9: =IF(F9="","",E9&"-"&F9) | Z9: =IF(K9="","",J9&"-"&K9)
A10: 下の学年 | B10: 4 | C10: =IF(B10="","",B10-1) | E10: =$C$8 | F10: 梅 | G10: =IF(F10="","",E10&F10) | H10: 赤 | J10: =$B$8 | K10: 梅 | L10: =IF(K10="","",J10&K10) | M10: 赤 | O10: 3 | P10: 手芸 | Q10: 25 | R10: 0 | S10: 4梅 | T10: 図工室 | Y10: =IF(F10="","",E10&"-"&F10) | Z10: =IF(K10="","",J10&"-"&K10)
E11: =$C$8 | F11: 月 | G11: =IF(F11="","",E11&F11) | H11: 黄 | J11: =$B$8 | K11: 月 | L11: =IF(K11="","",J11&K11) | M11: 黄 | O11: 4 | P11: イラスト | Q11: 35 | R11: 2 | S11: 6月 | T11: 多目的室 | Y11: =IF(F11="","",E11&"-"&F11) | Z11: =IF(K11="","",J11&"-"&K11)
A12: ※ 前年度の学年は自動で1つ下になります。 | E12: =$C$8 | G12: =IF(F12="","",E12&F12) | J12: =$B$8 | L12: =IF(K12="","",J12&K12) | O12: 5 | P12: 卓球 | Q12: 30 | R12: 2 | S12: 4松 | T12: 体育館ステージ | Y12: =IF(F12="","",E12&"-"&F12) | Z12: =IF(K12="","",J12&"-"&K12)
E13: =$C$8 | G13: =IF(F13="","",E13&F13) | J13: =$B$8 | L13: =IF(K13="","",J13&K13) | O13: 6 | P13: バドミントン | Q13: 30 | R13: 2 | S13: 6竹 | T13: 体育館 | Y13: =IF(F13="","",E13&"-"&F13) | Z13: =IF(K13="","",J13&"-"&K13)
A14: 上の学年から優先 | C14: 〇 | E14: =$C$8 | G14: =IF(F14="","",E14&F14) | J14: =$B$8 | L14: =IF(K14="","",J14&K14) | O14: 7 | P14: サッカー | Q14: 40 | R14: 3 | S14: 5松 | T14: 運動場 | Y14: =IF(F14="","",E14&"-"&F14) | Z14: =IF(K14="","",J14&"-"&K14)
A15: （6年→5年→4年） | E15: =$C$8 | G15: =IF(F15="","",E15&F15) | J15: =$B$8 | L15: =IF(K15="","",J15&K15) | O15: 8 | P15: バスケットボール | Q15: 35 | R15: 2 | S15: 6松 | T15: 体育館 | Y15: =IF(F15="","",E15&"-"&F15) | Z15: =IF(K15="","",J15&"-"&K15)
A16: ※ 〇を入れると、上の学年から順に「定員＋融通」の枠を埋めます。空欄なら全学年まとめて判定します。 | E16: =$C$9 | F16: 松 | G16: =IF(F16="","",E16&F16) | H16: 緑 | J16: =$B$9 | K16: 松 | L16: =IF(K16="","",J16&K16) | M16: 緑 | O16: 9 | P16: 将棋囲碁 | Q16: 25 | R16: 2 | S16: 3竹 | T16: 会議室 | Y16: =IF(F16="","",E16&"-"&F16) | Z16: =IF(K16="","",J16&"-"&K16)
E17: =$C$9 | F17: 竹 | G17: =IF(F17="","",E17&F17) | H17: 青 | J17: =$B$9 | K17: 竹 | L17: =IF(K17="","",J17&K17) | M17: 青 | O17: 10 | P17: パソコン | Q17: 40 | R17: 2 | S17: 5梅 | T17: パソコン室 | Y17: =IF(F17="","",E17&"-"&F17) | Z17: =IF(K17="","",J17&"-"&K17)
A18: 希望調査用紙の注意書き | E18: =$C$9 | F18: 梅 | G18: =IF(F18="","",E18&F18) | H18: 赤 | J18: =$B$9 | K18: 梅 | L18: =IF(K18="","",J18&K18) | M18: 赤 | O18: 11 | P18: 音楽 | Q18: 30 | R18: 2 | S18: 4月 | T18: 音楽室 | Y18: =IF(F18="","",E18&"-"&F18) | Z18: =IF(K18="","",J18&"-"&K18)
A19: 必ずしも第1希望が通るわけではありません。 | E19: =$C$9 | F19: 月 | G19: =IF(F19="","",E19&F19) | H19: 黄 | J19: =$B$9 | K19: 月 | L19: =IF(K19="","",J19&K19) | M19: 黄 | O19: 12 | P19: 室内ゲーム | Q19: 40 | R19: 2 | S19: 6梅 | T19: 学習室 | Y19: =IF(F19="","",E19&"-"&F19) | Z19: =IF(K19="","",J19&"-"&K19)
E20: =$C$9 | G20: =IF(F20="","",E20&F20) | J20: =$B$9 | L20: =IF(K20="","",J20&K20) | O20: 13 | Y20: =IF(F20="","",E20&"-"&F20) | Z20: =IF(K20="","",J20&"-"&K20)
E21: =$C$9 | G21: =IF(F21="","",E21&F21) | J21: =$B$9 | L21: =IF(K21="","",J21&K21) | O21: 14 | Y21: =IF(F21="","",E21&"-"&F21) | Z21: =IF(K21="","",J21&"-"&K21)
E22: =$C$9 | G22: =IF(F22="","",E22&F22) | J22: =$B$9 | L22: =IF(K22="","",J22&K22) | O22: 15 | Y22: =IF(F22="","",E22&"-"&F22) | Z22: =IF(K22="","",J22&"-"&K22)
E23: =$C$9 | G23: =IF(F23="","",E23&F23) | J23: =$B$9 | L23: =IF(K23="","",J23&K23) | O23: 16 | Y23: =IF(F23="","",E23&"-"&F23) | Z23: =IF(K23="","",J23&"-"&K23)
E24: =$C$10 | F24: 松 | G24: =IF(F24="","",E24&F24) | H24: 緑 | J24: =$B$10 | K24: 松 | L24: =IF(K24="","",J24&K24) | M24: 緑 | O24: 17 | Y24: =IF(F24="","",E24&"-"&F24) | Z24: =IF(K24="","",J24&"-"&K24)
E25: =$C$10 | F25: 竹 | G25: =IF(F25="","",E25&F25) | H25: 青 | J25: =$B$10 | K25: 竹 | L25: =IF(K25="","",J25&K25) | M25: 青 | O25: 18 | Y25: =IF(F25="","",E25&"-"&F25) | Z25: =IF(K25="","",J25&"-"&K25)
E26: =$C$10 | F26: 梅 | G26: =IF(F26="","",E26&F26) | H26: 赤 | J26: =$B$10 | K26: 梅 | L26: =IF(K26="","",J26&K26) | M26: 赤 | O26: 19 | Y26: =IF(F26="","",E26&"-"&F26) | Z26: =IF(K26="","",J26&"-"&K26)
E27: =$C$10 | F27: 月 | G27: =IF(F27="","",E27&F27) | H27: 黄 | J27: =$B$10 | K27: 月 | L27: =IF(K27="","",J27&K27) | M27: 黄 | O27: 20 | Y27: =IF(F27="","",E27&"-"&F27) | Z27: =IF(K27="","",J27&"-"&K27)
E28: =$C$10 | G28: =IF(F28="","",E28&F28) | J28: =$B$10 | L28: =IF(K28="","",J28&K28) | O28: =" 定員の合計："&SUM(Q8:Q27)&"人" | Y28: =IF(F28="","",E28&"-"&F28) | Z28: =IF(K28="","",J28&"-"&K28)
E29: =$C$10 | G29: =IF(F29="","",E29&F29) | J29: =$B$10 | L29: =IF(K29="","",J29&K29) | O29: ※「融通」は、定員を何人まで超えてもよいかです（空欄は0人）。「定員＋融通」までなら自動で決定になります。 | Y29: =IF(F29="","",E29&"-"&F29) | Z29: =IF(K29="","",J29&"-"&K29)
E30: =$C$10 | G30: =IF(F30="","",E30&F30) | J30: =$B$10 | L30: =IF(K30="","",J30&K30) | O30: ※ No. は希望調査用紙のクラブ番号です。用紙を配ったあとは、クラブの順番を入れかえないでください。 | Y30: =IF(F30="","",E30&"-"&F30) | Z30: =IF(K30="","",J30&"-"&K30)
E31: =$C$10 | G31: =IF(F31="","",E31&F31) | J31: =$B$10 | L31: =IF(K31="","",J31&K31) | Y31: =IF(F31="","",E31&"-"&F31) | Z31: =IF(K31="","",J31&"-"&K31)
E33: ※ 上から名簿の並び順です（学年ごとに8行）。「名簿での表示」は「5-1」などに書きかえてもかまいません。
E34: ※「色」はプルダウンで選びます。名簿の組の文字がその色になります（空欄なら黒）。

Sheet 希望調査用紙
B1: =設定!B3&" "&設定!B4&"希望調査" | J1: =ROUNDUP(COUNTIF(設定!$P$8:$P$27,"?*")/2,0)
B3: 年 組 番 名前（ ）
B5: =設定!B4&"一覧"
B6: =IF(1>$J$1,"",1) | C6: =IF(1>$J$1,""," "&INDEX(設定!$P$8:$P$27,1)) | F6: =IF(1+$J$1>COUNTIF(設定!$P$8:$P$27,"?*"),"",1+$J$1) | G6: =IF(1+$J$1>COUNTIF(設定!$P$8:$P$27,"?*"),""," "&INDEX(設定!$P$8:$P$27,1+$J$1))
B7: =IF(2>$J$1,"",2) | C7: =IF(2>$J$1,""," "&INDEX(設定!$P$8:$P$27,2)) | F7: =IF(2+$J$1>COUNTIF(設定!$P$8:$P$27,"?*"),"",2+$J$1) | G7: =IF(2+$J$1>COUNTIF(設定!$P$8:$P$27,"?*"),""," "&INDEX(設定!$P$8:$P$27,2+$J$1))
B8: =IF(3>$J$1,"",3) | C8: =IF(3>$J$1,""," "&INDEX(設定!$P$8:$P$27,3)) | F8: =IF(3+$J$1>COUNTIF(設定!$P$8:$P$27,"?*"),"",3+$J$1) | G8: =IF(3+$J$1>COUNTIF(設定!$P$8:$P$27,"?*"),""," "&INDEX(設定!$P$8:$P$27,3+$J$1))
B9: =IF(4>$J$1,"",4) | C9: =IF(4>$J$1,""," "&INDEX(設定!$P$8:$P$27,4)) | F9: =IF(4+$J$1>COUNTIF(設定!$P$8:$P$27,"?*"),"",4+$J$1) | G9: =IF(4+$J$1>COUNTIF(設定!$P$8:$P$27,"?*"),""," "&INDEX(設定!$P$8:$P$27,4+$J$1))
B10: =IF(5>$J$1,"",5) | C10: =IF(5>$J$1,""," "&INDEX(設定!$P$8:$P$27,5)) | F10: =IF(5+$J$1>COUNTIF(設定!$P$8:$P$27,"?*"),"",5+$J$1) | G10: =IF(5+$J$1>COUNTIF(設定!$P$8:$P$27,"?*"),""," "&INDEX(設定!$P$8:$P$27,5+$J$1))
B11: =IF(6>$J$1,"",6) | C11: =IF(6>$J$1,""," "&INDEX(設定!$P$8:$P$27,6)) | F11: =IF(6+$J$1>COUNTIF(設定!$P$8:$P$27,"?*"),"",6+$J$1) | G11: =IF(6+$J$1>COUNTIF(設定!$P$8:$P$27,"?*"),""," "&INDEX(設定!$P$8:$P$27,6+$J$1))
B12: =IF(7>$J$1,"",7) | C12: =IF(7>$J$1,""," "&INDEX(設定!$P$8:$P$27,7)) | F12: =IF(7+$J$1>COUNTIF(設定!$P$8:$P$27,"?*"),"",7+$J$1) | G12: =IF(7+$J$1>COUNTIF(設定!$P$8:$P$27,"?*"),""," "&INDEX(設定!$P$8:$P$27,7+$J$1))
B13: =IF(8>$J$1,"",8) | C13: =IF(8>$J$1,""," "&INDEX(設定!$P$8:$P$27,8)) | F13: =IF(8+$J$1>COUNTIF(設定!$P$8:$P$27,"?*"),"",8+$J$1) | G13: =IF(8+$J$1>COUNTIF(設定!$P$8:$P$27,"?*"),""," "&INDEX(設定!$P$8:$P$27,8+$J$1))
B14: =IF(9>$J$1,"",9) | C14: =IF(9>$J$1,""," "&INDEX(設定!$P$8:$P$27,9)) | F14: =IF(9+$J$1>COUNTIF(設定!$P$8:$P$27,"?*"),"",9+$J$1) | G14: =IF(9+$J$1>COUNTIF(設定!$P$8:$P$27,"?*"),""," "&INDEX(設定!$P$8:$P$27,9+$J$1))
B15: =IF(10>$J$1,"",10) | C15: =IF(10>$J$1,""," "&INDEX(設定!$P$8:$P$27,10)) | F15: =IF(10+$J$1>COUNTIF(設定!$P$8:$P$27,"?*"),"",10+$J$1) | G15: =IF(10+$J$1>COUNTIF(設定!$P$8:$P$27,"?*"),""," "&INDEX(設定!$P$8:$P$27,10+$J$1))
B17: 希望
C18: 番号 | D18: クラブ名
B19: 第1希望
B20: 第2希望
B21: 第3希望
B24: =IF(設定!A19="","","※ "&設定!A19)

Sheet 前年度名簿
A1: 学年 | B1: 組 | C1: 番号 | D1: 名前 | F1: キー | G1: 並び順 | H1: 新学年 | I1: 名前キー | J1: チェック（自動）
A2: 5 | B2: 松 | C2: 1 | D2: 石井 柚葉 | F2: =IF(D2="","",A2&"-"&B2&"-"&C2) | G2: =IF(D2="","",IFERROR(MATCH(A2&"-"&B2,設定!$Y$8:$Y$31,0),99)*1000+C2+ROW()/1000000) | H2: =IF(D2="","",A2+1) | I2: =IF(D2="","",H2&"|"&SUBSTITUTE(SUBSTITUTE(D2," ","")," ","")) | J2: =IF(D2="","",IF(ISERROR(MATCH(A2&"-"&B2,設定!$Y$8:$Y$31,0)),"設定にない学年・組",IF(COUNTIF($F$2:$F$451,F2)>1,"同じ学年・組・番号がいる",IF(COUNTIF($I$2:$I$451,I2)>1,"同姓同名あり",""))))
A3: 5 | B3: 松 | C3: 2 | D3: 金子 美月 | F3: =IF(D3="","",A3&"-"&B3&"-"&C3) | G3: =IF(D3="","",IFERROR(MATCH(A3&"-"&B3,設定!$Y$8:$Y$31,0),99)*1000+C3+ROW()/1000000) | H3: =IF(D3="","",A3+1) | I3: =IF(D3="","",H3&"|"&SUBSTITUTE(SUBSTITUTE(D3," ","")," ","")) | J3: =IF(D3="","",IF(ISERROR(MATCH(A3&"-"&B3,設定!$Y$8:$Y$31,0)),"設定にない学年・組",IF(COUNTIF($F$2:$F$451,F3)>1,"同じ学年・組・番号がいる",IF(COUNTIF($I$2:$I$451,I3)>1,"同姓同名あり",""))))
A4: 5 | B4: 松 | C4: 3 | D4: 石井 莉子 | F4: =IF(D4="","",A4&"-"&B4&"-"&C4) | G4: =IF(D4="","",IFERROR(MATCH(A4&"-"&B4,設定!$Y$8:$Y$31,0),99)*1000+C4+ROW()/1000000) | H4: =IF(D4="","",A4+1) | I4: =IF(D4="","",H4&"|"&SUBSTITUTE(SUBSTITUTE(D4," ","")," ","")) | J4: =IF(D4="","",IF(ISERROR(MATCH(A4&"-"&B4,設定!$Y$8:$Y$31,0)),"設定にない学年・組",IF(COUNTIF($F$2:$F$451,F4)>1,"同じ学年・組・番号がいる",IF(COUNTIF($I$2:$I$451,I4)>1,"同姓同名あり",""))))
A5: 5 | B5: 松 | C5: 4 | D5: 遠藤 優斗 | F5: =IF(D5="","",A5&"-"&B5&"-"&C5) | G5: =IF(D5="","",IFERROR(MATCH(A5&"-"&B5,設定!$Y$8:$Y$31,0),99)*1000+C5+ROW()/1000000) | H5: =IF(D5="","",A5+1) | I5: =IF(D5="","",H5&"|"&SUBSTITUTE(SUBSTITUTE(D5," ","")," ","")) | J5: =IF(D5="","",IF(ISERROR(MATCH(A5&"-"&B5,設定!$Y$8:$Y$31,0)),"設定にない学年・組",IF(COUNTIF($F$2:$F$451,F5)>1,"同じ学年・組・番号がいる",IF(COUNTIF($I$2:$I$451,I5)>1,"同姓同名あり",""))))
A6: 5 | B6: 松 | C6: 5 | D6: 山田 莉子 | F6: =IF(D6="","",A6&"-"&B6&"-"&C6) | G6: =IF(D6="","",IFERROR(MATCH(A6&"-"&B6,設定!$Y$8:$Y$31,0),99)*1000+C6+ROW()/1000000) | H6: =IF(D6="","",A6+1) | I6: =IF(D6="","",H6&"|"&SUBSTITUTE(SUBSTITUTE(D6," ","")," ","")) | J6: =IF(D6="","",IF(ISERROR(MATCH(A6&"-"&B6,設定!$Y$8:$Y$31,0)),"設定にない学年・組",IF(COUNTIF($F$2:$F$451,F6)>1,"同じ学年・組・番号がいる",IF(COUNTIF($I$2:$I$451,I6)>1,"同姓同名あり",""))))
A7: 5 | B7: 松 | C7: 6 | D7: 前田 大翔 | F7: =IF(D7="","",A7&"-"&B7&"-"&C7) | G7: =IF(D7="","",IFERROR(MATCH(A7&"-"&B7,設定!$Y$8:$Y$31,0),99)*1000+C7+ROW()/1000000) | H7: =IF(D7="","",A7+1) | I7: =IF(D7="","",H7&"|"&SUBSTITUTE(SUBSTITUTE(D7," ","")," ","")) | J7: =IF(D7="","",IF(ISERROR(MATCH(A7&"-"&B7,設定!$Y$8:$Y$31,0)),"設定にない学年・組",IF(COUNTIF($F$2:$F$451,F7)>1,"同じ学年・組・番号がいる",IF(COUNTIF($I$2:$I$451,I7)>1,"同姓同名あり",""))))
A8: 5 | B8: 松 | C8: 7 | D8: 坂本 結翔 | F8: =IF(D8="","",A8&"-"&B8&"-"&C8) | G8: =IF(D8="","",IFERROR(MATCH(A8&"-"&B8,設定!$Y$8:$Y$31,0),99)*1000+C8+ROW()/1000000) | H8: =IF(D8="","",A8+1) | I8: =IF(D8="","",H8&"|"&SUBSTITUTE(SUBSTITUTE(D8," ","")," ","")) | J8: =IF(D8="","",IF(ISERROR(MATCH(A8&"-"&B8,設定!$Y$8:$Y$31,0)),"設定にない学年・組",IF(COUNTIF($F$2:$F$451,F8)>1,"同じ学年・組・番号がいる",IF(COUNTIF($I$2:$I$451,I8)>1,"同姓同名あり",""))))
A9: 5 | B9: 松 | C9: 8 | D9: 山本 咲良 | F9: =IF(D9="","",A9&"-"&B9&"-"&C9) | G9: =IF(D9="","",IFERROR(MATCH(A9&"-"&B9,設定!$Y$8:$Y$31,0),99)*1000+C9+ROW()/1000000) | H9: =IF(D9="","",A9+1) | I9: =IF(D9="","",H9&"|"&SUBSTITUTE(SUBSTITUTE(D9," ","")," ","")) | J9: =IF(D9="","",IF(ISERROR(MATCH(A9&"-"&B9,設定!$Y$8:$Y$31,0)),"設定にない学年・組",IF(COUNTIF($F$2:$F$451,F9)>1,"同じ学年・組・番号がいる",IF(COUNTIF($I$2:$I$451,I9)>1,"同姓同名あり",""))))
A10: 5 | B10: 松 | C10: 9 | D10: 清水 律 | F10: =IF(D10="","",A10&"-"&B10&"-"&C10) | G10: =IF(D10="","",IFERROR(MATCH(A10&"-"&B10,設定!$Y$8:$Y$31,0),99)*1000+C10+ROW()/1000000) | H10: =IF(D10="","",A10+1) | I10: =IF(D10="","",H10&"|"&SUBSTITUTE(SUBSTITUTE(D10," ","")," ","")) | J10: =IF(D10="","",IF(ISERROR(MATCH(A10&"-"&B10,設定!$Y$8:$Y$31,0)),"設定にない学年・組",IF(COUNTIF($F$2:$F$451,F10)>1,"同じ学年・組・番号がいる",IF(COUNTIF($I$2:$I$451,I10)>1,"同姓同名あり",""))))
A11: 5 | B11: 松 | C11: 10 | D11: 渡辺 花音 | F11: =IF(D11="","",A11&"-"&B11&"-"&C11) | G11: =IF(D11="","",IFERROR(MATCH(A11&"-"&B11,設定!$Y$8:$Y$31,0),99)*1000+C11+ROW()/1000000) | H11: =IF(D11="","",A11+1) | I11: =IF(D11="","",H11&"|"&SUBSTITUTE(SUBSTITUTE(D11," ","")," ","")) | J11: =IF(D11="","",IF(ISERROR(MATCH(A11&"-"&B11,設定!$Y$8:$Y$31,0)),"設定にない学年・組",IF(COUNTIF($F$2:$F$451,F11)>1,"同じ学年・組・番号がいる",IF(COUNTIF($I$2:$I$451,I11)>1,"同姓同名あり",""))))
A12: 5 | B12: 松 | C12: 11 | D12: 岡本 大翔 | F12: =IF(D12="","",A12&"-"&B12&"-"&C12) | G12: =IF(D12="","",IFERROR(MATCH(A12&"-"&B12,設定!$Y$8:$Y$31,0),99)*1000+C12+ROW()/1000000) | H12: =IF(D12="","",A12+1) | I12: =IF(D12="","",H12&"|"&SUBSTITUTE(SUBSTITUTE(D12," ","")," ","")) | J12: =IF(D12="","",IF(ISERROR(MATCH(A12&"-"&B12,設定!$Y$8:$Y$31,0)),"設定にない学年・組",IF(COUNTIF($F$2:$F$451,F12)>1,"同じ学年・組・番号がいる",IF(COUNTIF($I$2:$I$451,I12)>1,"同姓同名あり",""))))
A13: 5 | B13: 松 | C13: 12 | D13: 高橋 真央 | F13: =IF(D13="","",A13&"-"&B13&"-"&C13) | G13: =IF(D13="","",IFERROR(MATCH(A13&"-"&B13,設定!$Y$8:$Y$31,0),99)*1000+C13+ROW()/1000000) | H13: =IF(D13="","",A13+1) | I13: =IF(D13="","",H13&"|"&SUBSTITUTE(SUBSTITUTE(D13," ","")," ","")) | J13: =IF(D13="","",IF(ISERROR(MATCH(A13&"-"&B13,設定!$Y$8:$Y$31,0)),"設定にない学年・組",IF(COUNTIF($F$2:$F$451,F13)>1,"同じ学年・組・番号がいる",IF(COUNTIF($I$2:$I$451,I13)>1,"同姓同名あり",""))))
... A361: 3 | B361: 月 | C361: 30 | D361: 池田 大翔 | F361: =IF(D361="","",A361&"-"&B361&"-"&C361) | G361: =IF(D361="","",IFERROR(MATCH(A361&"-"&B361,設定!$Y$8:$Y$31,0),99)*1000+C361+ROW()/1000000) | H361: =IF(D361="","",A361+1) | I361: =IF(D361="","",H361&"|"&SUBSTITUTE(SUBSTITUTE(D361," ","")," ","")) | J361: =IF(D361="","",IF(ISERROR(MATCH(A361&"-"&B361,設定!$Y$8:$Y$31,0)),"設定にない学年・組",IF(COUNTIF($F$2:$F$451,F361)>1,"同じ学年・組・番号がいる",IF(COUNTIF($I$2:$I$451,I361)>1,"同姓同名あり",""))))
F362: =IF(D362="","",A362&"-"&B362&"-"&C362) | G362: =IF(D362="","",IFERROR(MATCH(A362&"-"&B362,設定!$Y$8:$Y$31,0),99)*1000+C362+ROW()/1000000) | H362: =IF(D362="","",A362+1) | I362: =IF(D362="","",H362&"|"&SUBSTITUTE(SUBSTITUTE(D362," ","")," ","")) | J362: =IF(D362="","",IF(ISERROR(MATCH(A362&"-"&B362,設定!$Y$8:$Y$31,0)),"設定にない学年・組",IF(COUNTIF($F$2:$F$451,F362)>1,"同じ学年・組・番号がいる",IF(COUNTIF($I$2:$I$451,I362)>1,"同姓同名あり",""))))
F363: =IF(D363="","",A363&"-"&B363&"-"&C363) | G363: =IF(D363="","",IFERROR(MATCH(A363&"-"&B363,設定!$Y$8:$Y$31,0),99)*1000+C363+ROW()/1000000) | H363: =IF(D363="","",A363+1) | I363: =IF(D363="","",H363&"|"&SUBSTITUTE(SUBSTITUTE(D363," ","")," ","")) | J363: =IF(D363="","",IF(ISERROR(MATCH(A363&"-"&B363,設定!$Y$8:$Y$31,0)),"設定にない学年・組",IF(COUNTIF($F$2:$F$451,F363)>1,"同じ学年・組・番号がいる",IF(COUNTIF($I$2:$I$451,I363)>1,"同姓同名あり",""))))
F364: =IF(D364="","",A364&"-"&B364&"-"&C364) | G364: =IF(D364="","",IFERROR(MATCH(A364&"-"&B364,設定!$Y$8:$Y$31,0),99)*1000+C364+ROW()/1000000) | H364: =IF(D364="","",A364+1) | I364: =IF(D364="","",H364&"|"&SUBSTITUTE(SUBSTITUTE(D364," ","")," ","")) | J364: =IF(D364="","",IF(ISERROR(MATCH(A364&"-"&B364,設定!$Y$8:$Y$31,0)),"設定にない学年・組",IF(COUNTIF($F$2:$F$451,F364)>1,"同じ学年・組・番号がいる",IF(COUNTIF($I$2:$I$451,I364)>1,"同姓同名あり",""))))
F365: =IF(D365="","",A365&"-"&B365&"-"&C365) | G365: =IF(D365="","",IFERROR(MATCH(A365&"-"&B365,設定!$Y$8:$Y$31,0),99)*1000+C365+ROW()/1000000) | H365: =IF(D365="","",A365+1) | I365: =IF(D365="","",H365&"|"&SUBSTITUTE(SUBSTITUTE(D365," ","")," ","")) | J365: =IF(D365="","",IF(ISERROR(MATCH(A365&"-"&B365,設定!$Y$8:$Y$31,0)),"設定にない学年・組",IF(COUNTIF($F$2:$F$451,F365)>1,"同じ学年・組・番号がいる",IF(COUNTIF($I$2:$I$451,I365)>1,"同姓同名あり",""))))
F366: =IF(D366="","",A366&"-"&B366&"-"&C366) | G366: =IF(D366="","",IFERROR(MATCH(A366&"-"&B366,設定!$Y$8:$Y$31,0),99)*1000+C366+ROW()/1000000) | H366: =IF(D366="","",A366+1) | I366: =IF(D366="","",H366&"|"&SUBSTITUTE(SUBSTITUTE(D366," ","")," ","")) | J366: =IF(D366="","",IF(ISERROR(MATCH(A366&"-"&B366,設定!$Y$8:$Y$31,0)),"設定にない学年・組",IF(COUNTIF($F$2:$F$451,F366)>1,"同じ学年・組・番号がいる",IF(COUNTIF($I$2:$I$451,I366)>1,"同姓同名あり",""))))
F367: =IF(D367="","",A367&"-"&B367&"-"&C367) | G367: =IF(D367="","",IFERROR(MATCH(A367&"-"&B367,設定!$Y$8:$Y$31,0),99)*1000+C367+ROW()/1000000) | H367: =IF(D367="","",A367+1) | I367: =IF(D367="","",H367&"|"&SUBSTITUTE(SUBSTITUTE(D367," ","")," ","")) | J367: =IF(D367="","",IF(ISERROR(MATCH(A367&"-"&B367,設定!$Y$8:$Y$31,0)),"設定にない学年・組",IF(COUNTIF($F$2:$F$451,F367)>1,"同じ学年・組・番号がいる",IF(COUNTIF($I$2:$I$451,I367)>1,"同姓同名あり",""))))
F368: =IF(D368="","",A368&"-"&B368&"-"&C368) | G368: =IF(D368="","",IFERROR(MATCH(A368&"-"&B368,設定!$Y$8:$Y$31,0),99)*1000+C368+ROW()/1000000) | H368: =IF(D368="","",A368+1) | I368: =IF(D368="","",H368&"|"&SUBSTITUTE(SUBSTITUTE(D368," ","")," ","")) | J368: =IF(D368="","",IF(ISERROR(MATCH(A368&"-"&B368,設定!$Y$8:$Y$31,0)),"設定にない学年・組",IF(COUNTIF($F$2:$F$451,F368)>1,"同じ学年・組・番号がいる",IF(COUNTIF($I$2:$I$451,I368)>1,"同姓同名あり",""))))
F369: =IF(D369="","",A369&"-"&B369&"-"&C369) | G369: =IF(D369="","",IFERROR(MATCH(A369&"-"&B369,設定!$Y$8:$Y$31,0),99)*1000+C369+ROW()/1000000) | H369: =IF(D369="","",A369+1) | I369: =IF(D369="","",H369&"|"&SUBSTITUTE(SUBSTITUTE(D369," ","")," ","")) | J369: =IF(D369="","",IF(ISERROR(MATCH(A369&"-"&B369,設定!$Y$8:$Y$31,0)),"設定にない学年・組",IF(COUNTIF($F$2:$F$451,F369)>1,"同じ学年・組・番号がいる",IF(COUNTIF($I$2:$I$451,I369)>1,"同姓同名あり",""))))
F370: =IF(D370="","",A370&"-"&B370&"-"&C370) | G370: =IF(D370="","",IFERROR(MATCH(A370&"-"&B370,設定!$Y$8:$Y$31,0),99)*1000+C370+ROW()/1000000) | H370: =IF(D370="","",A370+1) | I370: =IF(D370="","",H370&"|"&SUBSTITUTE(SUBSTITUTE(D370," ","")," ","")) | J370: =IF(D370="","",IF(ISERROR(MATCH(A370&"-"&B370,設定!$Y$8:$Y$31,0)),"設定にない学年・組",IF(COUNTIF($F$2:$F$451,F370)>1,"同じ学年・組・番号がいる",IF(COUNTIF($I$2:$I$451,I370)>1,"同姓同名あり",""))))
F371: =IF(D371="","",A371&"-"&B371&"-"&C371) | G371: =IF(D371="","",IFERROR(MATCH(A371&"-"&B371,設定!$Y$8:$Y$31,0),99)*1000+C371+ROW()/1000000) | H371: =IF(D371="","",A371+1) | I371: =IF(D371="","",H371&"|"&SUBSTITUTE(SUBSTITUTE(D371," ","")," ","")) | J371: =IF(D371="","",IF(ISERROR(MATCH(A371&"-"&B371,設定!$Y$8:$Y$31,0)),"設定にない学年・組",IF(COUNTIF($F$2:$F$451,F371)>1,"同じ学年・組・番号がいる",IF(COUNTIF($I$2:$I$451,I371)>1,"同姓同名あり",""))))
F372: =IF(D372="","",A372&"-"&B372&"-"&C372) | G372: =IF(D372="","",IFERROR(MATCH(A372&"-"&B372,設定!$Y$8:$Y$31,0),99)*1000+C372+ROW()/1000000) | H372: =IF(D372="","",A372+1) | I372: =IF(D372="","",H372&"|"&SUBSTITUTE(SUBSTITUTE(D372," ","")," ","")) | J372: =IF(D372="","",IF(ISERROR(MATCH(A372&"-"&B372,設定!$Y$8:$Y$31,0)),"設定にない学年・組",IF(COUNTIF($F$2:$F$451,F372)>1,"同じ学年・組・番号がいる",IF(COUNTIF($I$2:$I$451,I372)>1,"同姓同名あり",""))))
F373: =IF(D373="","",A373&"-"&B373&"-"&C373) | G373: =IF(D373="","",IFERROR(MATCH(A373&"-"&B373,設定!$Y$8:$Y$31,0),99)*1000+C373+ROW()/1000000) | H373: =IF(D373="","",A373+1) | I373: =IF(D373="","",H373&"|"&SUBSTITUTE(SUBSTITUTE(D373," ","")," ","")) | J373: =IF(D373="","",IF(ISERROR(MATCH(A373&"-"&B373,設定!$Y$8:$Y$31,0)),"設定にない学年・組",IF(COUNTIF($F$2:$F$451,F373)>1,"同じ学年・組・番号がいる",IF(COUNTIF($I$2:$I$451,I373)>1,"同姓同名あり",""))))
... F451: =IF(D451="","",A451&"-"&B451&"-"&C451) | G451: =IF(D451="","",IFERROR(MATCH(A451&"-"&B451,設定!$Y$8:$Y$31,0),99)*1000+C451+ROW()/1000000) | H451: =IF(D451="","",A451+1) | I451: =IF(D451="","",H451&"|"&SUBSTITUTE(SUBSTITUTE(D451," ","")," ","")) | J451: =IF(D451="","",IF(ISERROR(MATCH(A451&"-"&B451,設定!$Y$8:$Y$31,0)),"設定にない学年・組",IF(COUNTIF($F$2:$F$451,F451)>1,"同じ学年・組・番号がいる",IF(COUNTIF($I$2:$I$451,I451)>1,"同姓同名あり",""))))

Sheet 希望入力
A1: 学年 | B1: 組 | C1: 番号 | D1: 第1希望 | E1: 第2希望 | F1: 第3希望 | G1: 名前（自動） | H1: 第1（クラブ名） | I1: 第2（クラブ名） | J1: 第3（クラブ名） | K1: チェック（自動） | L1: キー | M1: 採用
A2: 4 | B2: 松 | C2: 12 | D2: 1 | E2: 8 | F2: 7 | G2: =IF(L2="","",IFERROR(INDEX(前年度名簿!$D$2:$D$451,MATCH(L2,前年度名簿!$F$2:$F$451,0)),"")) | H2: =IF(D2="","",IF(ISERROR(VALUE(D2)),D2&"",IF(AND(VALUE(D2)>=1,VALUE(D2)<=20),IF(INDEX(設定!$P$8:$P$27,VALUE(D2))="","？",INDEX(設定!$P$8:$P$27,VALUE(D2))),"？"))) | I2: =IF(E2="","",IF(ISERROR(VALUE(E2)),E2&"",IF(AND(VALUE(E2)>=1,VALUE(E2)<=20),IF(INDEX(設定!$P$8:$P$27,VALUE(E2))="","？",INDEX(設定!$P$8:$P$27,VALUE(E2))),"？"))) | J2: =IF(F2="","",IF(ISERROR(VALUE(F2)),F2&"",IF(AND(VALUE(F2)>=1,VALUE(F2)<=20),IF(INDEX(設定!$P$8:$P$27,VALUE(F2))="","？",INDEX(設定!$P$8:$P$27,VALUE(F2))),"？"))) | K2: =IF(L2="","",IF(G2="","名簿にいない",IF(COUNTIF(L3:L$552,L2)>0,"2回提出（下の行を使います）",IF(OR(H2="？",I2="？",J2="？"),"クラブ番号がちがう",IF(OR(AND(H2<>"",H2<>"？",COUNTIF(設定!$P$8:$P$27,H2)=0),AND(I2<>"",I2<>"？",COUNTIF(設定!$P$8:$P$27,I2)=0),AND(J2<>"",J2<>"？",COUNTIF(設定!$P$8:$P$27,J2)=0)),"クラブ名がちがう",IF(H2="","第1希望がない",IF(OR(AND(H2<>"",H2=I2),AND(H2<>"",H2=J2),AND(I2<>"",I2=J2)),"同じクラブを重複して希望","OK"))))))) | L2: =IF(A2="","",A2&"-"&B2&"-"&C2) | M2: =IF(OR(L2="",G2=""),"",IF(COUNTIF(L3:L$552,L2)=0,L2,""))
A3: 5 | B3: 松 | C3: 26 | D3: 3 | E3: 8 | F3: 5 | G3: =IF(L3="","",IFERROR(INDEX(前年度名簿!$D$2:$D$451,MATCH(L3,前年度名簿!$F$2:$F$451,0)),"")) | H3: =IF(D3="","",IF(ISERROR(VALUE(D3)),D3&"",IF(AND(VALUE(D3)>=1,VALUE(D3)<=20),IF(INDEX(設定!$P$8:$P$27,VALUE(D3))="","？",INDEX(設定!$P$8:$P$27,VALUE(D3))),"？"))) | I3: =IF(E3="","",IF(ISERROR(VALUE(E3)),E3&"",IF(AND(VALUE(E3)>=1,VALUE(E3)<=20),IF(INDEX(設定!$P$8:$P$27,VALUE(E3))="","？",INDEX(設定!$P$8:$P$27,VALUE(E3))),"？"))) | J3: =IF(F3="","",IF(ISERROR(VALUE(F3)),F3&"",IF(AND(VALUE(F3)>=1,VALUE(F3)<=20),IF(INDEX(設定!$P$8:$P$27,VALUE(F3))="","？",INDEX(設定!$P$8:$P$27,VALUE(F3))),"？"))) | K3: =IF(L3="","",IF(G3="","名簿にいない",IF(COUNTIF(L4:L$552,L3)>0,"2回提出（下の行を使います）",IF(OR(H3="？",I3="？",J3="？"),"クラブ番号がちがう",IF(OR(AND(H3<>"",H3<>"？",COUNTIF(設定!$P$8:$P$27,H3)=0),AND(I3<>"",I3<>"？",COUNTIF(設定!$P$8:$P$27,I3)=0),AND(J3<>"",J3<>"？",COUNTIF(設定!$P$8:$P$27,J3)=0)),"クラブ名がちがう",IF(H3="","第1希望がない",IF(OR(AND(H3<>"",H3=I3),AND(H3<>"",H3=J3),AND(I3<>"",I3=J3)),"同じクラブを重複して希望","OK"))))))) | L3: =IF(A3="","",A3&"-"&B3&"-"&C3) | M3: =IF(OR(L3="",G3=""),"",IF(COUNTIF(L4:L$552,L3)=0,L3,""))
A4: 3 | B4: 梅 | C4: 21 | D4: 9 | E4: 2 | F4: 6 | G4: =IF(L4="","",IFERROR(INDEX(前年度名簿!$D$2:$D$451,MATCH(L4,前年度名簿!$F$2:$F$451,0)),"")) | H4: =IF(D4="","",IF(ISERROR(VALUE(D4)),D4&"",IF(AND(VALUE(D4)>=1,VALUE(D4)<=20),IF(INDEX(設定!$P$8:$P$27,VALUE(D4))="","？",INDEX(設定!$P$8:$P$27,VALUE(D4))),"？"))) | I4: =IF(E4="","",IF(ISERROR(VALUE(E4)),E4&"",IF(AND(VALUE(E4)>=1,VALUE(E4)<=20),IF(INDEX(設定!$P$8:$P$27,VALUE(E4))="","？",INDEX(設定!$P$8:$P$27,VALUE(E4))),"？"))) | J4: =IF(F4="","",IF(ISERROR(VALUE(F4)),F4&"",IF(AND(VALUE(F4)>=1,VALUE(F4)<=20),IF(INDEX(設定!$P$8:$P$27,VALUE(F4))="","？",INDEX(設定!$P$8:$P$27,VALUE(F4))),"？"))) | K4: =IF(L4="","",IF(G4="","名簿にいない",IF(COUNTIF(L5:L$552,L4)>0,"2回提出（下の行を使います）",IF(OR(H4="？",I4="？",J4="？"),"クラブ番号がちがう",IF(OR(AND(H4<>"",H4<>"？",COUNTIF(設定!$P$8:$P$27,H4)=0),AND(I4<>"",I4<>"？",COUNTIF(設定!$P$8:$P$27,I4)=0),AND(J4<>"",J4<>"？",COUNTIF(設定!$P$8:$P$27,J4)=0)),"クラブ名がちがう",IF(H4="","第1希望がない",IF(OR(AND(H4<>"",H4=I4),AND(H4<>"",H4=J4),AND(I4<>"",I4=J4)),"同じクラブを重複して希望","OK"))))))) | L4: =IF(A4="","",A4&"-"&B4&"-"&C4) | M4: =IF(OR(L4="",G4=""),"",IF(COUNTIF(L5:L$552,L4)=0,L4,""))
A5: 4 | B5: 竹 | C5: 10 | D5: 10 | E5: 5 | F5: 2 | G5: =IF(L5="","",IFERROR(INDEX(前年度名簿!$D$2:$D$451,MATCH(L5,前年度名簿!$F$2:$F$451,0)),"")) | H5: =IF(D5="","",IF(ISERROR(VALUE(D5)),D5&"",IF(AND(VALUE(D5)>=1,VALUE(D5)<=20),IF(INDEX(設定!$P$8:$P$27,VALUE(D5))="","？",INDEX(設定!$P$8:$P$27,VALUE(D5))),"？"))) | I5: =IF(E5="","",IF(ISERROR(VALUE(E5)),E5&"",IF(AND(VALUE(E5)>=1,VALUE(E5)<=20),IF(INDEX(設定!$P$8:$P$27,VALUE(E5))="","？",INDEX(設定!$P$8:$P$27,VALUE(E5))),"？"))) | J5: =IF(F5="","",IF(ISERROR(VALUE(F5)),F5&"",IF(AND(VALUE(F5)>=1,VALUE(F5)<=20),IF(INDEX(設定!$P$8:$P$27,VALUE(F5))="","？",INDEX(設定!$P$8:$P$27,VALUE(F5))),"？"))) | K5: =IF(L5="","",IF(G5="","名簿にいない",IF(COUNTIF(L6:L$552,L5)>0,"2回提出（下の行を使います）",IF(OR(H5="？",I5="？",J5="？"),"クラブ番号がちがう",IF(OR(AND(H5<>"",H5<>"？",COUNTIF(設定!$P$8:$P$27,H5)=0),AND(I5<>"",I5<>"？",COUNTIF(設定!$P$8:$P$27,I5)=0),AND(J5<>"",J5<>"？",COUNTIF(設定!$P$8:$P$27,J5)=0)),"クラブ名がちがう",IF(H5="","第1希望がない",IF(OR(AND(H5<>"",H5=I5),AND(H5<>"",H5=J5),AND(I5<>"",I5=J5)),"同じクラブを重複して希望","OK"))))))) | L5: =IF(A5="","",A5&"-"&B5&"-"&C5) | M5: =IF(OR(L5="",G5=""),"",IF(COUNTIF(L6:L$552,L5)=0,L5,""))
A6: 3 | B6: 梅 | C6: 18 | D6: 1 | E6: 6 | F6: 3 | G6: =IF(L6="","",IFERROR(INDEX(前年度名簿!$D$2:$D$451,MATCH(L6,前年度名簿!$F$2:$F$451,0)),"")) | H6: =IF(D6="","",IF(ISERROR(VALUE(D6)),D6&"",IF(AND(VALUE(D6)>=1,VALUE(D6)<=20),IF(INDEX(設定!$P$8:$P$27,VALUE(D6))="","？",INDEX(設定!$P$8:$P$27,VALUE(D6))),"？"))) | I6: =IF(E6="","",IF(ISERROR(VALUE(E6)),E6&"",IF(AND(VALUE(E6)>=1,VALUE(E6)<=20),IF(INDEX(設定!$P$8:$P$27,VALUE(E6))="","？",INDEX(設定!$P$8:$P$27,VALUE(E6))),"？"))) | J6: =IF(F6="","",IF(ISERROR(VALUE(F6)),F6&"",IF(AND(VALUE(F6)>=1,VALUE(F6)<=20),IF(INDEX(設定!$P$8:$P$27,VALUE(F6))="","？",INDEX(設定!$P$8:$P$27,VALUE(F6))),"？"))) | K6: =IF(L6="","",IF(G6="","名簿にいない",IF(COUNTIF(L7:L$552,L6)>0,"2回提出（下の行を使います）",IF(OR(H6="？",I6="？",J6="？"),"クラブ番号がちがう",IF(OR(AND(H6<>"",H6<>"？",COUNTIF(設定!$P$8:$P$27,H6)=0),AND(I6<>"",I6<>"？",COUNTIF(設定!$P$8:$P$27,I6)=0),AND(J6<>"",J6<>"？",COUNTIF(設定!$P$8:$P$27,J6)=0)),"クラブ名がちがう",IF(H6="","第1希望がない",IF(OR(AND(H6<>"",H6=I6),AND(H6<>"",H6=J6),AND(I6<>"",I6=J6)),"同じクラブを重複して希望","OK"))))))) | L6: =IF(A6="","",A6&"-"&B6&"-"&C6) | M6: =IF(OR(L6="",G6=""),"",IF(COUNTIF(L7:L$552,L6)=0,L6,""))
A7: 3 | B7: 梅 | C7: 15 | D7: 5 | E7: 2 | F7: 12 | G7: =IF(L7="","",IFERROR(INDEX(前年度名簿!$D$2:$D$451,MATCH(L7,前年度名簿!$F$2:$F$451,0)),"")) | H7: =IF(D7="","",IF(ISERROR(VALUE(D7)),D7&"",IF(AND(VALUE(D7)>=1,VALUE(D7)<=20),IF(INDEX(設定!$P$8:$P$27,VALUE(D7))="","？",INDEX(設定!$P$8:$P$27,VALUE(D7))),"？"))) | I7: =IF(E7="","",IF(ISERROR(VALUE(E7)),E7&"",IF(AND(VALUE(E7)>=1,VALUE(E7)<=20),IF(INDEX(設定!$P$8:$P$27,VALUE(E7))="","？",INDEX(設定!$P$8:$P$27,VALUE(E7))),"？"))) | J7: =IF(F7="","",IF(ISERROR(VALUE(F7)),F7&"",IF(AND(VALUE(F7)>=1,VALUE(F7)<=20),IF(INDEX(設定!$P$8:$P$27,VALUE(F7))="","？",INDEX(設定!$P$8:$P$27,VALUE(F7))),"？"))) | K7: =IF(L7="","",IF(G7="","名簿にいない",IF(COUNTIF(L8:L$552,L7)>0,"2回提出（下の行を使います）",IF(OR(H7="？",I7="？",J7="？"),"クラブ番号がちがう",IF(OR(AND(H7<>"",H7<>"？",COUNTIF(設定!$P$8:$P$27,H7)=0),AND(I7<>"",I7<>"？",COUNTIF(設定!$P$8:$P$27,I7)=0),AND(J7<>"",J7<>"？",COUNTIF(設定!$P$8:$P$27,J7)=0)),"クラブ名がちがう",IF(H7="","第1希望がない",IF(OR(AND(H7<>"",H7=I7),AND(H7<>"",H7=J7),AND(I7<>"",I7=J7)),"同じクラブを重複して希望","OK"))))))) | L7: =IF(A7="","",A7&"-"&B7&"-"&C7) | M7: =IF(OR(L7="",G7=""),"",IF(COUNTIF(L8:L$552,L7)=0,L7,""))
A8: 4 | B8: 梅 | C8: 26 | D8: 5 | E8: 12 | F8: 10 | G8: =IF(L8="","",IFERROR(INDEX(前年度名簿!$D$2:$D$451,MATCH(L8,前年度名簿!$F$2:$F$451,0)),"")) | H8: =IF(D8="","",IF(ISERROR(VALUE(D8)),D8&"",IF(AND(VALUE(D8)>=1,VALUE(D8)<=20),IF(INDEX(設定!$P$8:$P$27,VALUE(D8))="","？",INDEX(設定!$P$8:$P$27,VALUE(D8))),"？"))) | I8: =IF(E8="","",IF(ISERROR(VALUE(E8)),E8&"",IF(AND(VALUE(E8)>=1,VALUE(E8)<=20),IF(INDEX(設定!$P$8:$P$27,VALUE(E8))="","？",INDEX(設定!$P$8:$P$27,VALUE(E8))),"？"))) | J8: =IF(F8="","",IF(ISERROR(VALUE(F8)),F8&"",IF(AND(VALUE(F8)>=1,VALUE(F8)<=20),IF(INDEX(設定!$P$8:$P$27,VALUE(F8))="","？",INDEX(設定!$P$8:$P$27,VALUE(F8))),"？"))) | K8: =IF(L8="","",IF(G8="","名簿にいない",IF(COUNTIF(L9:L$552,L8)>0,"2回提出（下の行を使います）",IF(OR(H8="？",I8="？",J8="？"),"クラブ番号がちがう",IF(OR(AND(H8<>"",H8<>"？",COUNTIF(設定!$P$8:$P$27,H8)=0),AND(I8<>"",I8<>"？",COUNTIF(設定!$P$8:$P$27,I8)=0),AND(J8<>"",J8<>"？",COUNTIF(設定!$P$8:$P$27,J8)=0)),"クラブ名がちがう",IF(H8="","第1希望がない",IF(OR(AND(H8<>"",H8=I8),AND(H8<>"",H8=J8),AND(I8<>"",I8=J8)),"同じクラブを重複して希望","OK"))))))) | L8: =IF(A8="","",A8&"-"&B8&"-"&C8) | M8: =IF(OR(L8="",G8=""),"",IF(COUNTIF(L9:L$552,L8)=0,L8,""))
A9: 4 | B9: 松 | C9: 2 | D9: 10 | E9: 5 | F9: 9 | G9: =IF(L9="","",IFERROR(INDEX(前年度名簿!$D$2:$D$451,MATCH(L9,前年度名簿!$F$2:$F$451,0)),"")) | H9: =IF(D9="","",IF(ISERROR(VALUE(D9)),D9&"",IF(AND(VALUE(D9)>=1,VALUE(D9)<=20),IF(INDEX(設定!$P$8:$P$27,VALUE(D9))="","？",INDEX(設定!$P$8:$P$27,VALUE(D9))),"？"))) | I9: =IF(E9="","",IF(ISERROR(VALUE(E9)),E9&"",IF(AND(VALUE(E9)>=1,VALUE(E9)<=20),IF(INDEX(設定!$P$8:$P$27,VALUE(E9))="","？",INDEX(設定!$P$8:$P$27,VALUE(E9))),"？"))) | J9: =IF(F9="","",IF(ISERROR(VALUE(F9)),F9&"",IF(AND(VALUE(F9)>=1,VALUE(F9)<=20),IF(INDEX(設定!$P$8:$P$27,VALUE(F9))="","？",INDEX(設定!$P$8:$P$27,VALUE(F9))),"？"))) | K9: =IF(L9="","",IF(G9="","名簿にいない",IF(COUNTIF(L10:L$552,L9)>0,"2回提出（下の行を使います）",IF(OR(H9="？",I9="？",J9="？"),"クラブ番号がちがう",IF(OR(AND(H9<>"",H9<>"？",COUNTIF(設定!$P$8:$P$27,H9)=0),AND(I9<>"",I9<>"？",COUNTIF(設定!$P$8:$P$27,I9)=0),AND(J9<>"",J9<>"？",COUNTIF(設定!$P$8:$P$27,J9)=0)),"クラブ名がちがう",IF(H9="","第1希望がない",IF(OR(AND(H9<>"",H9=I9),AND(H9<>"",H9=J9),AND(I9<>"",I9=J9)),"同じクラブを重複して希望","OK"))))))) | L9: =IF(A9="","",A9&"-"&B9&"-"&C9) | M9: =IF(OR(L9="",G9=""),"",IF(COUNTIF(L10:L$552,L9)=0,L9,""))
A10: 4 | B10: 月 | C10: 7 | D10: 3 | E10: 5 | F10: 10 | G10: =IF(L10="","",IFERROR(INDEX(前年度名簿!$D$2:$D$451,MATCH(L10,前年度名簿!$F$2:$F$451,0)),"")) | H10: =IF(D10="","",IF(ISERROR(VALUE(D10)),D10&"",IF(AND(VALUE(D10)>=1,VALUE(D10)<=20),IF(INDEX(設定!$P$8:$P$27,VALUE(D10))="","？",INDEX(設定!$P$8:$P$27,VALUE(D10))),"？"))) | I10: =IF(E10="","",IF(ISERROR(VALUE(E10)),E10&"",IF(AND(VALUE(E10)>=1,VALUE(E10)<=20),IF(INDEX(設定!$P$8:$P$27,VALUE(E10))="","？",INDEX(設定!$P$8:$P$27,VALUE(E10))),"？"))) | J10: =IF(F10="","",IF(ISERROR(VALUE(F10)),F10&"",IF(AND(VALUE(F10)>=1,VALUE(F10)<=20),IF(INDEX(設定!$P$8:$P$27,VALUE(F10))="","？",INDEX(設定!$P$8:$P$27,VALUE(F10))),"？"))) | K10: =IF(L10="","",IF(G10="","名簿にいない",IF(COUNTIF(L11:L$552,L10)>0,"2回提出（下の行を使います）",IF(OR(H10="？",I10="？",J10="？"),"クラブ番号がちがう",IF(OR(AND(H10<>"",H10<>"？",COUNTIF(設定!$P$8:$P$27,H10)=0),AND(I10<>"",I10<>"？",COUNTIF(設定!$P$8:$P$27,I10)=0),AND(J10<>"",J10<>"？",COUNTIF(設定!$P$8:$P$27,J10)=0)),"クラブ名がちがう",IF(H10="","第1希望がない",IF(OR(AND(H10<>"",H10=I10),AND(H10<>"",H10=J10),AND(I10<>"",I10=J10)),"同じクラブを重複して希望","OK"))))))) | L10: =IF(A10="","",A10&"-"&B10&"-"&C10) | M10: =IF(OR(L10="",G10=""),"",IF(COUNTIF(L11:L$552,L10)=0,L10,""))
A11: 5 | B11: 梅 | C11: 12 | D11: 3 | E11: 8 | F11: 7 | G11: =IF(L11="","",IFERROR(INDEX(前年度名簿!$D$2:$D$451,MATCH(L11,前年度名簿!$F$2:$F$451,0)),"")) | H11: =IF(D11="","",IF(ISERROR(VALUE(D11)),D11&"",IF(AND(VALUE(D11)>=1,VALUE(D11)<=20),IF(INDEX(設定!$P$8:$P$27,VALUE(D11))="","？",INDEX(設定!$P$8:$P$27,VALUE(D11))),"？"))) | I11: =IF(E11="","",IF(ISERROR(VALUE(E11)),E11&"",IF(AND(VALUE(E11)>=1,VALUE(E11)<=20),IF(INDEX(設定!$P$8:$P$27,VALUE(E11))="","？",INDEX(設定!$P$8:$P$27,VALUE(E11))),"？"))) | J11: =IF(F11="","",IF(ISERROR(VALUE(F11)),F11&"",IF(AND(VALUE(F11)>=1,VALUE(F11)<=20),IF(INDEX(設定!$P$8:$P$27,VALUE(F11))="","？",INDEX(設定!$P$8:$P$27,VALUE(F11))),"？"))) | K11: =IF(L11="","",IF(G11="","名簿にいない",IF(COUNTIF(L12:L$552,L11)>0,"2回提出（下の行を使います）",IF(OR(H11="？",I11="？",J11="？"),"クラブ番号がちがう",IF(OR(AND(H11<>"",H11<>"？",COUNTIF(設定!$P$8:$P$27,H11)=0),AND(I11<>"",I11<>"？",COUNTIF(設定!$P$8:$P$27,I11)=0),AND(J11<>"",J11<>"？",COUNTIF(設定!$P$8:$P$27,J11)=0)),"クラブ名がちがう",IF(H11="","第1希望がない",IF(OR(AND(H11<>"",H11=I11),AND(H11<>"",H11=J11),AND(I11<>"",I11=J11)),"同じクラブを重複して希望","OK"))))))) | L11: =IF(A11="","",A11&"-"&B11&"-"&C11) | M11: =IF(OR(L11="",G11=""),"",IF(COUNTIF(L12:L$552,L11)=0,L11,""))
A12: 3 | B12: 松 | C12: 1 | D12: 2 | E12: 12 | F12: 9 | G12: =IF(L12="","",IFERROR(INDEX(前年度名簿!$D$2:$D$451,MATCH(L12,前年度名簿!$F$2:$F$451,0)),"")) | H12: =IF(D12="","",IF(ISERROR(VALUE(D12)),D12&"",IF(AND(VALUE(D12)>=1,VALUE(D12)<=20),IF(INDEX(設定!$P$8:$P$27,VALUE(D12))="","？",INDEX(設定!$P$8:$P$27,VALUE(D12))),"？"))) | I12: =IF(E12="","",IF(ISERROR(VALUE(E12)),E12&"",IF(AND(VALUE(E12)>=1,VALUE(E12)<=20),IF(INDEX(設定!$P$8:$P$27,VALUE(E12))="","？",INDEX(設定!$P$8:$P$27,VALUE(E12))),"？"))) | J12: =IF(F12="","",IF(ISERROR(VALUE(F12)),F12&"",IF(AND(VALUE(F12)>=1,VALUE(F12)<=20),IF(INDEX(設定!$P$8:$P$27,VALUE(F12))="","？",INDEX(設定!$P$8:$P$27,VALUE(F12))),"？"))) | K12: =IF(L12="","",IF(G12="","名簿にいない",IF(COUNTIF(L13:L$552,L12)>0,"2回提出（下の行を使います）",IF(OR(H12="？",I12="？",J12="？"),"クラブ番号がちがう",IF(OR(AND(H12<>"",H12<>"？",COUNTIF(設定!$P$8:$P$27,H12)=0),AND(I12<>"",I12<>"？",COUNTIF(設定!$P$8:$P$27,I12)=0),AND(J12<>"",J12<>"？",COUNTIF(設定!$P$8:$P$27,J12)=0)),"クラブ名がちがう",IF(H12="","第1希望がない",IF(OR(AND(H12<>"",H12=I12),AND(H12<>"",H12=J12),AND(I12<>"",I12=J12)),"同じクラブを重複して希望","OK"))))))) | L12: =IF(A12="","",A12&"-"&B12&"-"&C12) | M12: =IF(OR(L12="",G12=""),"",IF(COUNTIF(L13:L$552,L12)=0,L12,""))
A13: 3 | B13: 竹 | C13: 12 | D13: 3 | E13: 4 | F13: 2 | G13: =IF(L13="","",IFERROR(INDEX(前年度名簿!$D$2:$D$451,MATCH(L13,前年度名簿!$F$2:$F$451,0)),"")) | H13: =IF(D13="","",IF(ISERROR(VALUE(D13)),D13&"",IF(AND(VALUE(D13)>=1,VALUE(D13)<=20),IF(INDEX(設定!$P$8:$P$27,VALUE(D13))="","？",INDEX(設定!$P$8:$P$27,VALUE(D13))),"？"))) | I13: =IF(E13="","",IF(ISERROR(VALUE(E13)),E13&"",IF(AND(VALUE(E13)>=1,VALUE(E13)<=20),IF(INDEX(設定!$P$8:$P$27,VALUE(E13))="","？",INDEX(設定!$P$8:$P$27,VALUE(E13))),"？"))) | J13: =IF(F13="","",IF(ISERROR(VALUE(F13)),F13&"",IF(AND(VALUE(F13)>=1,VALUE(F13)<=20),IF(INDEX(設定!$P$8:$P$27,VALUE(F13))="","？",INDEX(設定!$P$8:$P$27,VALUE(F13))),"？"))) | K13: =IF(L13="","",IF(G13="","名簿にいない",IF(COUNTIF(L14:L$552,L13)>0,"2回提出（下の行を使います）",IF(OR(H13="？",I13="？",J13="？"),"クラブ番号がちがう",IF(OR(AND(H13<>"",H13<>"？",COUNTIF(設定!$P$8:$P$27,H13)=0),AND(I13<>"",I13<>"？",COUNTIF(設定!$P$8:$P$27,I13)=0),AND(J13<>"",J13<>"？",COUNTIF(設定!$P$8:$P$27,J13)=0)),"クラブ名がちがう",IF(H13="","第1希望がない",IF(OR(AND(H13<>"",H13=I13),AND(H13<>"",H13=J13),AND(I13<>"",I13=J13)),"同じクラブを重複して希望","OK"))))))) | L13: =IF(A13="","",A13&"-"&B13&"-"&C13) | M13: =IF(OR(L13="",G13=""),"",IF(COUNTIF(L14:L$552,L13)=0,L13,""))
... A41: 3 | B41: 月 | C41: 27 | D41: 10 | E41: 2 | F41: 11 | G41: =IF(L41="","",IFERROR(INDEX(前年度名簿!$D$2:$D$451,MATCH(L41,前年度名簿!$F$2:$F$451,0)),"")) | H41: =IF(D41="","",IF(ISERROR(VALUE(D41)),D41&"",IF(AND(VALUE(D41)>=1,VALUE(D41)<=20),IF(INDEX(設定!$P$8:$P$27,VALUE(D41))="","？",INDEX(設定!$P$8:$P$27,VALUE(D41))),"？"))) | I41: =IF(E41="","",IF(ISERROR(VALUE(E41)),E41&"",IF(AND(VALUE(E41)>=1,VALUE(E41)<=20),IF(INDEX(設定!$P$8:$P$27,VALUE(E41))="","？",INDEX(設定!$P$8:$P$27,VALUE(E41))),"？"))) | J41: =IF(F41="","",IF(ISERROR(VALUE(F41)),F41&"",IF(AND(VALUE(F41)>=1,VALUE(F41)<=20),IF(INDEX(設定!$P$8:$P$27,VALUE(F41))="","？",INDEX(設定!$P$8:$P$27,VALUE(F41))),"？"))) | K41: =IF(L41="","",IF(G41="","名簿にいない",IF(COUNTIF(L42:L$552,L41)>0,"2回提出（下の行を使います）",IF(OR(H41="？",I41="？",J41="？"),"クラブ番号がちがう",IF(OR(AND(H41<>"",H41<>"？",COUNTIF(設定!$P$8:$P$27,H41)=0),AND(I41<>"",I41<>"？",COUNTIF(設定!$P$8:$P$27,I41)=0),AND(J41<>"",J41<>"？",COUNTIF(設定!$P$8:$P$27,J41)=0)),"クラブ名がちがう",IF(H41="","第1希望がない",IF(OR(AND(H41<>"",H41=I41),AND(H41<>"",H41=J41),AND(I41<>"",I41=J41)),"同じクラブを重複して希望","OK"))))))) | L41: =IF(A41="","",A41&"-"&B41&"-"&C41) | M41: =IF(OR(L41="",G41=""),"",IF(COUNTIF(L42:L$552,L41)=0,L41,""))
A42: 4 | B42: 竹 | C42: 21 | D42: バドミントン | E42: イラスト | F42: 手芸 | G42: =IF(L42="","",IFERROR(INDEX(前年度名簿!$D$2:$D$451,MATCH(L42,前年度名簿!$F$2:$F$451,0)),"")) | H42: =IF(D42="","",IF(ISERROR(VALUE(D42)),D42&"",IF(AND(VALUE(D42)>=1,VALUE(D42)<=20),IF(INDEX(設定!$P$8:$P$27,VALUE(D42))="","？",INDEX(設定!$P$8:$P$27,VALUE(D42))),"？"))) | I42: =IF(E42="","",IF(ISERROR(VALUE(E42)),E42&"",IF(AND(VALUE(E42)>=1,VALUE(E42)<=20),IF(INDEX(設定!$P$8:$P$27,VALUE(E42))="","？",INDEX(設定!$P$8:$P$27,VALUE(E42))),"？"))) | J42: =IF(F42="","",IF(ISERROR(VALUE(F42)),F42&"",IF(AND(VALUE(F42)>=1,VALUE(F42)<=20),IF(INDEX(設定!$P$8:$P$27,VALUE(F42))="","？",INDEX(設定!$P$8:$P$27,VALUE(F42))),"？"))) | K42: =IF(L42="","",IF(G42="","名簿にいない",IF(COUNTIF(L43:L$552,L42)>0,"2回提出（下の行を使います）",IF(OR(H42="？",I42="？",J42="？"),"クラブ番号がちがう",IF(OR(AND(H42<>"",H42<>"？",COUNTIF(設定!$P$8:$P$27,H42)=0),AND(I42<>"",I42<>"？",COUNTIF(設定!$P$8:$P$27,I42)=0),AND(J42<>"",J42<>"？",COUNTIF(設定!$P$8:$P$27,J42)=0)),"クラブ名がちがう",IF(H42="","第1希望がない",IF(OR(AND(H42<>"",H42=I42),AND(H42<>"",H42=J42),AND(I42<>"",I42=J42)),"同じクラブを重複して希望","OK"))))))) | L42: =IF(A42="","",A42&"-"&B42&"-"&C42) | M42: =IF(OR(L42="",G42=""),"",IF(COUNTIF(L43:L$552,L42)=0,L42,""))
A43: 3 | B43: 松 | C43: 16 | D43: 室内ゲーム | E43: 手芸 | F43: 音楽 | G43: =IF(L43="","",IFERROR(INDEX(前年度名簿!$D$2:$D$451,MATCH(L43,前年度名簿!$F$2:$F$451,0)),"")) | H43: =IF(D43="","",IF(ISERROR(VALUE(D43)),D43&"",IF(AND(VALUE(D43)>=1,VALUE(D43)<=20),IF(INDEX(設定!$P$8:$P$27,VALUE(D43))="","？",INDEX(設定!$P$8:$P$27,VALUE(D43))),"？"))) | I43: =IF(E43="","",IF(ISERROR(VALUE(E43)),E43&"",IF(AND(VALUE(E43)>=1,VALUE(E43)<=20),IF(INDEX(設定!$P$8:$P$27,VALUE(E43))="","？",INDEX(設定!$P$8:$P$27,VALUE(E43))),"？"))) | J43: =IF(F43="","",IF(ISERROR(VALUE(F43)),F43&"",IF(AND(VALUE(F43)>=1,VALUE(F43)<=20),IF(INDEX(設定!$P$8:$P$27,VALUE(F43))="","？",INDEX(設定!$P$8:$P$27,VALUE(F43))),"？"))) | K43: =IF(L43="","",IF(G43="","名簿にいない",IF(COUNTIF(L44:L$552,L43)>0,"2回提出（下の行を使います）",IF(OR(H43="？",I43="？",J43="？"),"クラブ番号がちがう",IF(OR(AND(H43<>"",H43<>"？",COUNTIF(設定!$P$8:$P$27,H43)=0),AND(I43<>"",I43<>"？",COUNTIF(設定!$P$8:$P$27,I43)=0),AND(J43<>"",J43<>"？",COUNTIF(設定!$P$8:$P$27,J43)=0)),"クラブ名がちがう",IF(H43="","第1希望がない",IF(OR(AND(H43<>"",H43=I43),AND(H43<>"",H43=J43),AND(I43<>"",I43=J43)),"同じクラブを重複して希望","OK"))))))) | L43: =IF(A43="","",A43&"-"&B43&"-"&C43) | M43: =IF(OR(L43="",G43=""),"",IF(COUNTIF(L44:L$552,L43)=0,L43,""))
A44: 3 | B44: 松 | C44: 13 | D44: パソコン | E44: 手芸 | F44: 音楽 | G44: =IF(L44="","",IFERROR(INDEX(前年度名簿!$D$2:$D$451,MATCH(L44,前年度名簿!$F$2:$F$451,0)),"")) | H44: =IF(D44="","",IF(ISERROR(VALUE(D44)),D44&"",IF(AND(VALUE(D44)>=1,VALUE(D44)<=20),IF(INDEX(設定!$P$8:$P$27,VALUE(D44))="","？",INDEX(設定!$P$8:$P$27,VALUE(D44))),"？"))) | I44: =IF(E44="","",IF(ISERROR(VALUE(E44)),E44&"",IF(AND(VALUE(E44)>=1,VALUE(E44)<=20),IF(INDEX(設定!$P$8:$P$27,VALUE(E44))="","？",INDEX(設定!$P$8:$P$27,VALUE(E44))),"？"))) | J44: =IF(F44="","",IF(ISERROR(VALUE(F44)),F44&"",IF(AND(VALUE(F44)>=1,VALUE(F44)<=20),IF(INDEX(設定!$P$8:$P$27,VALUE(F44))="","？",INDEX(設定!$P$8:$P$27,VALUE(F44))),"？"))) | K44: =IF(L44="","",IF(G44="","名簿にいない",IF(COUNTIF(L45:L$552,L44)>0,"2回提出（下の行を使います）",IF(OR(H44="？",I44="？",J44="？"),"クラブ番号がちがう",IF(OR(AND(H44<>"",H44<>"？",COUNTIF(設定!$P$8:$P$27,H44)=0),AND(I44<>"",I44<>"？",COUNTIF(設定!$P$8:$P$27,I44)=0),AND(J44<>"",J44<>"？",COUNTIF(設定!$P$8:$P$27,J44)=0)),"クラブ名がちがう",IF(H44="","第1希望がない",IF(OR(AND(H44<>"",H44=I44),AND(H44<>"",H44=J44),AND(I44<>"",I44=J44)),"同じクラブを重複して希望","OK"))))))) | L44: =IF(A44="","",A44&"-"&B44&"-"&C44) | M44: =IF(OR(L44="",G44=""),"",IF(COUNTIF(L45:L$552,L44)=0,L44,""))
A45: 5 | B45: 松 | C45: 5 | D45: 3 | E45: 4 | F45: 5 | G45: =IF(L45="","",IFERROR(INDEX(前年度名簿!$D$2:$D$451,MATCH(L45,前年度名簿!$F$2:$F$451,0)),"")) | H45: =IF(D45="","",IF(ISERROR(VALUE(D45)),D45&"",IF(AND(VALUE(D45)>=1,VALUE(D45)<=20),IF(INDEX(設定!$P$8:$P$27,VALUE(D45))="","？",INDEX(設定!$P$8:$P$27,VALUE(D45))),"？"))) | I45: =IF(E45="","",IF(ISERROR(VALUE(E45)),E45&"",IF(AND(VALUE(E45)>=1,VALUE(E45)<=20),IF(INDEX(設定!$P$8:$P$27,VALUE(E45))="","？",INDEX(設定!$P$8:$P$27,VALUE(E45))),"？"))) | J45: =IF(F45="","",IF(ISERROR(VALUE(F45)),F45&"",IF(AND(VALUE(F45)>=1,VALUE(F45)<=20),IF(INDEX(設定!$P$8:$P$27,VALUE(F45))="","？",INDEX(設定!$P$8:$P$27,VALUE(F45))),"？"))) | K45: =IF(L45="","",IF(G45="","名簿にいない",IF(COUNTIF(L46:L$552,L45)>0,"2回提出（下の行を使います）",IF(OR(H45="？",I45="？",J45="？"),"クラブ番号がちがう",IF(OR(AND(H45<>"",H45<>"？",COUNTIF(設定!$P$8:$P$27,H45)=0),AND(I45<>"",I45<>"？",COUNTIF(設定!$P$8:$P$27,I45)=0),AND(J45<>"",J45<>"？",COUNTIF(設定!$P$8:$P$27,J45)=0)),"クラブ名がちがう",IF(H45="","第1希望がない",IF(OR(AND(H45<>"",H45=I45),AND(H45<>"",H45=J45),AND(I45<>"",I45=J45)),"同じクラブを重複して希望","OK"))))))) | L45: =IF(A45="","",A45&"-"&B45&"-"&C45) | M45: =IF(OR(L45="",G45=""),"",IF(COUNTIF(L46:L$552,L45)=0,L45,""))
A46: 5 | B46: 竹 | C46: 19 | D46: 2 | E46: 5 | F46: 11 | G46: =IF(L46="","",IFERROR(INDEX(前年度名簿!$D$2:$D$451,MATCH(L46,前年度名簿!$F$2:$F$451,0)),"")) | H46: =IF(D46="","",IF(ISERROR(VALUE(D46)),D46&"",IF(AND(VALUE(D46)>=1,VALUE(D46)<=20),IF(INDEX(設定!$P$8:$P$27,VALUE(D46))="","？",INDEX(設定!$P$8:$P$27,VALUE(D46))),"？"))) | I46: =IF(E46="","",IF(ISERROR(VALUE(E46)),E46&"",IF(AND(VALUE(E46)>=1,VALUE(E46)<=20),IF(INDEX(設定!$P$8:$P$27,VALUE(E46))="","？",INDEX(設定!$P$8:$P$27,VALUE(E46))),"？"))) | J46: =IF(F46="","",IF(ISERROR(VALUE(F46)),F46&"",IF(AND(VALUE(F46)>=1,VALUE(F46)<=20),IF(INDEX(設定!$P$8:$P$27,VALUE(F46))="","？",INDEX(設定!$P$8:$P$27,VALUE(F46))),"？"))) | K46: =IF(L46="","",IF(G46="","名簿にいない",IF(COUNTIF(L47:L$552,L46)>0,"2回提出（下の行を使います）",IF(OR(H46="？",I46="？",J46="？"),"クラブ番号がちがう",IF(OR(AND(H46<>"",H46<>"？",COUNTIF(設定!$P$8:$P$27,H46)=0),AND(I46<>"",I46<>"？",COUNTIF(設定!$P$8:$P$27,I46)=0),AND(J46<>"",J46<>"？",COUNTIF(設定!$P$8:$P$27,J46)=0)),"クラブ名がちがう",IF(H46="","第1希望がない",IF(OR(AND(H46<>"",H46=I46),AND(H46<>"",H46=J46),AND(I46<>"",I46=J46)),"同じクラブを重複して希望","OK"))))))) | L46: =IF(A46="","",A46&"-"&B46&"-"&C46) | M46: =IF(OR(L46="",G46=""),"",IF(COUNTIF(L47:L$552,L46)=0,L46,""))
A47: 3 | B47: 松 | C47: 26 | D47: 7 | E47: 1 | F47: 3 | G47: =IF(L47="","",IFERROR(INDEX(前年度名簿!$D$2:$D$451,MATCH(L47,前年度名簿!$F$2:$F$451,0)),"")) | H47: =IF(D47="","",IF(ISERROR(VALUE(D47)),D47&"",IF(AND(VALUE(D47)>=1,VALUE(D47)<=20),IF(INDEX(設定!$P$8:$P$27,VALUE(D47))="","？",INDEX(設定!$P$8:$P$27,VALUE(D47))),"？"))) | I47: =IF(E47="","",IF(ISERROR(VALUE(E47)),E47&"",IF(AND(VALUE(E47)>=1,VALUE(E47)<=20),IF(INDEX(設定!$P$8:$P$27,VALUE(E47))="","？",INDEX(設定!$P$8:$P$27,VALUE(E47))),"？"))) | J47: =IF(F47="","",IF(ISERROR(VALUE(F47)),F47&"",IF(AND(VALUE(F47)>=1,VALUE(F47)<=20),IF(INDEX(設定!$P$8:$P$27,VALUE(F47))="","？",INDEX(設定!$P$8:$P$27,VALUE(F47))),"？"))) | K47: =IF(L47="","",IF(G47="","名簿にいない",IF(COUNTIF(L48:L$552,L47)>0,"2回提出（下の行を使います）",IF(OR(H47="？",I47="？",J47="？"),"クラブ番号がちがう",IF(OR(AND(H47<>"",H47<>"？",COUNTIF(設定!$P$8:$P$27,H47)=0),AND(I47<>"",I47<>"？",COUNTIF(設定!$P$8:$P$27,I47)=0),AND(J47<>"",J47<>"？",COUNTIF(設定!$P$8:$P$27,J47)=0)),"クラブ名がちがう",IF(H47="","第1希望がない",IF(OR(AND(H47<>"",H47=I47),AND(H47<>"",H47=J47),AND(I47<>"",I47=J47)),"同じクラブを重複して希望","OK"))))))) | L47: =IF(A47="","",A47&"-"&B47&"-"&C47) | M47: =IF(OR(L47="",G47=""),"",IF(COUNTIF(L48:L$552,L47)=0,L47,""))
A48: 5 | B48: 梅 | C48: 9 | D48: 3 | E48: 10 | F48: 6 | G48: =IF(L48="","",IFERROR(INDEX(前年度名簿!$D$2:$D$451,MATCH(L48,前年度名簿!$F$2:$F$451,0)),"")) | H48: =IF(D48="","",IF(ISERROR(VALUE(D48)),D48&"",IF(AND(VALUE(D48)>=1,VALUE(D48)<=20),IF(INDEX(設定!$P$8:$P$27,VALUE(D48))="","？",INDEX(設定!$P$8:$P$27,VALUE(D48))),"？"))) | I48: =IF(E48="","",IF(ISERROR(VALUE(E48)),E48&"",IF(AND(VALUE(E48)>=1,VALUE(E48)<=20),IF(INDEX(設定!$P$8:$P$27,VALUE(E48))="","？",INDEX(設定!$P$8:$P$27,VALUE(E48))),"？"))) | J48: =IF(F48="","",IF(ISERROR(VALUE(F48)),F48&"",IF(AND(VALUE(F48)>=1,VALUE(F48)<=20),IF(INDEX(設定!$P$8:$P$27,VALUE(F48))="","？",INDEX(設定!$P$8:$P$27,VALUE(F48))),"？"))) | K48: =IF(L48="","",IF(G48="","名簿にいない",IF(COUNTIF(L49:L$552,L48)>0,"2回提出（下の行を使います）",IF(OR(H48="？",I48="？",J48="？"),"クラブ番号がちがう",IF(OR(AND(H48<>"",H48<>"？",COUNTIF(設定!$P$8:$P$27,H48)=0),AND(I48<>"",I48<>"？",COUNTIF(設定!$P$8:$P$27,I48)=0),AND(J48<>"",J48<>"？",COUNTIF(設定!$P$8:$P$27,J48)=0)),"クラブ名がちがう",IF(H48="","第1希望がない",IF(OR(AND(H48<>"",H48=I48),AND(H48<>"",H48=J48),AND(I48<>"",I48=J48)),"同じクラブを重複して希望","OK"))))))) | L48: =IF(A48="","",A48&"-"&B48&"-"&C48) | M48: =IF(OR(L48="",G48=""),"",IF(COUNTIF(L49:L$552,L48)=0,L48,""))
A49: 4 | B49: 月 | C49: 21 | D49: 10 | E49: 12 | F49: 9 | G49: =IF(L49="","",IFERROR(INDEX(前年度名簿!$D$2:$D$451,MATCH(L49,前年度名簿!$F$2:$F$451,0)),"")) | H49: =IF(D49="","",IF(ISERROR(VALUE(D49)),D49&"",IF(AND(VALUE(D49)>=1,VALUE(D49)<=20),IF(INDEX(設定!$P$8:$P$27,VALUE(D49))="","？",INDEX(設定!$P$8:$P$27,VALUE(D49))),"？"))) | I49: =IF(E49="","",IF(ISERROR(VALUE(E49)),E49&"",IF(AND(VALUE(E49)>=1,VALUE(E49)<=20),IF(INDEX(設定!$P$8:$P$27,VALUE(E49))="","？",INDEX(設定!$P$8:$P$27,VALUE(E49))),"？"))) | J49: =IF(F49="","",IF(ISERROR(VALUE(F49)),F49&"",IF(AND(VALUE(F49)>=1,VALUE(F49)<=20),IF(INDEX(設定!$P$8:$P$27,VALUE(F49))="","？",INDEX(設定!$P$8:$P$27,VALUE(F49))),"？"))) | K49: =IF(L49="","",IF(G49="","名簿にいない",IF(COUNTIF(L50:L$552,L49)>0,"2回提出（下の行を使います）",IF(OR(H49="？",I49="？",J49="？"),"クラブ番号がちがう",IF(OR(AND(H49<>"",H49<>"？",COUNTIF(設定!$P$8:$P$27,H49)=0),AND(I49<>"",I49<>"？",COUNTIF(設定!$P$8:$P$27,I49)=0),AND(J49<>"",J49<>"？",COUNTIF(設定!$P$8:$P$27,J49)=0)),"クラブ名がちがう",IF(H49="","第1希望がない",IF(OR(AND(H49<>"",H49=I49),AND(H49<>"",H49=J49),AND(I49<>"",I49=J49)),"同じクラブを重複して希望","OK"))))))) | L49: =IF(A49="","",A49&"-"&B49&"-"&C49) | M49: =IF(OR(L49="",G49=""),"",IF(COUNTIF(L50:L$552,L49)=0,L49,""))
A50: 3 | B50: 松 | C50: 30 | D50: 2 | E50: 3 | F50: 8 | G50: =IF(L50="","",IFERROR(INDEX(前年度名簿!$D$2:$D$451,MATCH(L50,前年度名簿!$F$2:$F$451,0)),"")) | H50: =IF(D50="","",IF(ISERROR(VALUE(D50)),D50&"",IF(AND(VALUE(D50)>=1,VALUE(D50)<=20),IF(INDEX(設定!$P$8:$P$27,VALUE(D50))="","？",INDEX(設定!$P$8:$P$27,VALUE(D50))),"？"))) | I50: =IF(E50="","",IF(ISERROR(VALUE(E50)),E50&"",IF(AND(VALUE(E50)>=1,VALUE(E50)<=20),IF(INDEX(設定!$P$8:$P$27,VALUE(E50))="","？",INDEX(設定!$P$8:$P$27,VALUE(E50))),"？"))) | J50: =IF(F50="","",IF(ISERROR(VALUE(F50)),F50&"",IF(AND(VALUE(F50)>=1,VALUE(F50)<=20),IF(INDEX(設定!$P$8:$P$27,VALUE(F50))="","？",INDEX(設定!$P$8:$P$27,VALUE(F50))),"？"))) | K50: =IF(L50="","",IF(G50="","名簿にいない",IF(COUNTIF(L51:L$552,L50)>0,"2回提出（下の行を使います）",IF(OR(H50="？",I50="？",J50="？"),"クラブ番号がちがう",IF(OR(AND(H50<>"",H50<>"？",COUNTIF(設定!$P$8:$P$27,H50)=0),AND(I50<>"",I50<>"？",COUNTIF(設定!$P$8:$P$27,I50)=0),AND(J50<>"",J50<>"？",COUNTIF(設定!$P$8:$P$27,J50)=0)),"クラブ名がちがう",IF(H50="","第1希望がない",IF(OR(AND(H50<>"",H50=I50),AND(H50<>"",H50=J50),AND(I50<>"",I50=J50)),"同じクラブを重複して希望","OK"))))))) | L50: =IF(A50="","",A50&"-"&B50&"-"&C50) | M50: =IF(OR(L50="",G50=""),"",IF(COUNTIF(L51:L$552,L50)=0,L50,""))
A51: 4 | B51: 月 | C51: 27 | D51: 3 | E51: 4 | F51: 2 | G51: =IF(L51="","",IFERROR(INDEX(前年度名簿!$D$2:$D$451,MATCH(L51,前年度名簿!$F$2:$F$451,0)),"")) | H51: =IF(D51="","",IF(ISERROR(VALUE(D51)),D51&"",IF(AND(VALUE(D51)>=1,VALUE(D51)<=20),IF(INDEX(設定!$P$8:$P$27,VALUE(D51))="","？",INDEX(設定!$P$8:$P$27,VALUE(D51))),"？"))) | I51: =IF(E51="","",IF(ISERROR(VALUE(E51)),E51&"",IF(AND(VALUE(E51)>=1,VALUE(E51)<=20),IF(INDEX(設定!$P$8:$P$27,VALUE(E51))="","？",INDEX(設定!$P$8:$P$27,VALUE(E51))),"？"))) | J51: =IF(F51="","",IF(ISERROR(VALUE(F51)),F51&"",IF(AND(VALUE(F51)>=1,VALUE(F51)<=20),IF(INDEX(設定!$P$8:$P$27,VALUE(F51))="","？",INDEX(設定!$P$8:$P$27,VALUE(F51))),"？"))) | K51: =IF(L51="","",IF(G51="","名簿にいない",IF(COUNTIF(L52:L$552,L51)>0,"2回提出（下の行を使います）",IF(OR(H51="？",I51="？",J51="？"),"クラブ番号がちがう",IF(OR(AND(H51<>"",H51<>"？",COUNTIF(設定!$P$8:$P$27,H51)=0),AND(I51<>"",I51<>"？",COUNTIF(設定!$P$8:$P$27,I51)=0),AND(J51<>"",J51<>"？",COUNTIF(設定!$P$8:$P$27,J51)=0)),"クラブ名がちがう",IF(H51="","第1希望がない",IF(OR(AND(H51<>"",H51=I51),AND(H51<>"",H51=J51),AND(I51<>"",I51=J51)),"同じクラブを重複して希望","OK"))))))) | L51: =IF(A51="","",A51&"-"&B51&"-"&C51) | M51: =IF(OR(L51="",G51=""),"",IF(COUNTIF(L52:L$552,L51)=0,L51,""))
A52: 3 | B52: 月 | C52: 25 | D52: 9 | E52: 3 | F52: 6 | G52: =IF(L52="","",IFERROR(INDEX(前年度名簿!$D$2:$D$451,MATCH(L52,前年度名簿!$F$2:$F$451,0)),"")) | H52: =IF(D52="","",IF(ISERROR(VALUE(D52)),D52&"",IF(AND(VALUE(D52)>=1,VALUE(D52)<=20),IF(INDEX(設定!$P$8:$P$27,VALUE(D52))="","？",INDEX(設定!$P$8:$P$27,VALUE(D52))),"？"))) | I52: =IF(E52="","",IF(ISERROR(VALUE(E52)),E52&"",IF(AND(VALUE(E52)>=1,VALUE(E52)<=20),IF(INDEX(設定!$P$8:$P$27,VALUE(E52))="","？",INDEX(設定!$P$8:$P$27,VALUE(E52))),"？"))) | J52: =IF(F52="","",IF(ISERROR(VALUE(F52)),F52&"",IF(AND(VALUE(F52)>=1,VALUE(F52)<=20),IF(INDEX(設定!$P$8:$P$27,VALUE(F52))="","？",INDEX(設定!$P$8:$P$27,VALUE(F52))),"？"))) | K52: =IF(L52="","",IF(G52="","名簿にいない",IF(COUNTIF(L53:L$552,L52)>0,"2回提出（下の行を使います）",IF(OR(H52="？",I52="？",J52="？"),"クラブ番号がちがう",IF(OR(AND(H52<>"",H52<>"？",COUNTIF(設定!$P$8:$P$27,H52)=0),AND(I52<>"",I52<>"？",COUNTIF(設定!$P$8:$P$27,I52)=0),AND(J52<>"",J52<>"？",COUNTIF(設定!$P$8:$P$27,J52)=0)),"クラブ名がちがう",IF(H52="","第1希望がない",IF(OR(AND(H52<>"",H52=I52),AND(H52<>"",H52=J52),AND(I52<>"",I52=J52)),"同じクラブを重複して希望","OK"))))))) | L52: =IF(A52="","",A52&"-"&B52&"-"&C52) | M52: =IF(OR(L52="",G52=""),"",IF(COUNTIF(L53:L$552,L52)=0,L52,""))
A53: 3 | B53: 月 | C53: 28 | D53: 11 | E53: 6 | F53: 7 | G53: =IF(L53="","",IFERROR(INDEX(前年度名簿!$D$2:$D$451,MATCH(L53,前年度名簿!$F$2:$F$451,0)),"")) | H53: =IF(D53="","",IF(ISERROR(VALUE(D53)),D53&"",IF(AND(VALUE(D53)>=1,VALUE(D53)<=20),IF(INDEX(設定!$P$8:$P$27,VALUE(D53))="","？",INDEX(設定!$P$8:$P$27,VALUE(D53))),"？"))) | I53: =IF(E53="","",IF(ISERROR(VALUE(E53)),E53&"",IF(AND(VALUE(E53)>=1,VALUE(E53)<=20),IF(INDEX(設定!$P$8:$P$27,VALUE(E53))="","？",INDEX(設定!$P$8:$P$27,VALUE(E53))),"？"))) | J53: =IF(F53="","",IF(ISERROR(VALUE(F53)),F53&"",IF(AND(VALUE(F53)>=1,VALUE(F53)<=20),IF(INDEX(設定!$P$8:$P$27,VALUE(F53))="","？",INDEX(設定!$P$8:$P$27,VALUE(F53))),"？"))) | K53: =IF(L53="","",IF(G53="","名簿にいない",IF(COUNTIF(L54:L$552,L53)>0,"2回提出（下の行を使います）",IF(OR(H53="？",I53="？",J53="？"),"クラブ番号がちがう",IF(OR(AND(H53<>"",H53<>"？",COUNTIF(設定!$P$8:$P$27,H53)=0),AND(I53<>"",I53<>"？",COUNTIF(設定!$P$8:$P$27,I53)=0),AND(J53<>"",J53<>"？",COUNTIF(設定!$P$8:$P$27,J53)=0)),"クラブ名がちがう",IF(H53="","第1希望がない",IF(OR(AND(H53<>"",H53=I53),AND(H53<>"",H53=J53),AND(I53<>"",I53=J53)),"同じクラブを重複して希望","OK"))))))) | L53: =IF(A53="","",A53&"-"&B53&"-"&C53) | M53: =IF(OR(L53="",G53=""),"",IF(COUNTIF(L54:L$552,L53)=0,L53,""))
A54: 4 | B54: 竹 | C54: 22 | D54: 7 | E54: 8 | F54: 4 | G54: =IF(L54="","",IFERROR(INDEX(前年度名簿!$D$2:$D$451,MATCH(L54,前年度名簿!$F$2:$F$451,0)),"")) | H54: =IF(D54="","",IF(ISERROR(VALUE(D54)),D54&"",IF(AND(VALUE(D54)>=1,VALUE(D54)<=20),IF(INDEX(設定!$P$8:$P$27,VALUE(D54))="","？",INDEX(設定!$P$8:$P$27,VALUE(D54))),"？"))) | I54: =IF(E54="","",IF(ISERROR(VALUE(E54)),E54&"",IF(AND(VALUE(E54)>=1,VALUE(E54)<=20),IF(INDEX(設定!$P$8:$P$27,VALUE(E54))="","？",INDEX(設定!$P$8:$P$27,VALUE(E54))),"？"))) | J54: =IF(F54="","",IF(ISERROR(VALUE(F54)),F54&"",IF(AND(VALUE(F54)>=1,VALUE(F54)<=20),IF(INDEX(設定!$P$8:$P$27,VALUE(F54))="","？",INDEX(設定!$P$8:$P$27,VALUE(F54))),"？"))) | K54: =IF(L54="","",IF(G54="","名簿にいない",IF(COUNTIF(L55:L$552,L54)>0,"2回提出（下の行を使います）",IF(OR(H54="？",I54="？",J54="？"),"クラブ番号がちがう",IF(OR(AND(H54<>"",H54<>"？",COUNTIF(設定!$P$8:$P$27,H54)=0),AND(I54<>"",I54<>"？",COUNTIF(設定!$P$8:$P$27,I54)=0),AND(J54<>"",J54<>"？",COUNTIF(設定!$P$8:$P$27,J54)=0)),"クラブ名がちがう",IF(H54="","第1希望がない",IF(OR(AND(H54<>"",H54=I54),AND(H54<>"",H54=J54),AND(I54<>"",I54=J54)),"同じクラブを重複して希望","OK"))))))) | L54: =IF(A54="","",A54&"-"&B54&"-"&C54) | M54: =IF(OR(L54="",G54=""),"",IF(COUNTIF(L55:L$552,L54)=0,L54,""))
A55: 3 | B55: 梅 | C55: 2 | D55: 7 | E55: 8 | F55: 9 | G55: =IF(L55="","",IFERROR(INDEX(前年度名簿!$D$2:$D$451,MATCH(L55,前年度名簿!$F$2:$F$451,0)),"")) | H55: =IF(D55="","",IF(ISERROR(VALUE(D55)),D55&"",IF(AND(VALUE(D55)>=1,VALUE(D55)<=20),IF(INDEX(設定!$P$8:$P$27,VALUE(D55))="","？",INDEX(設定!$P$8:$P$27,VALUE(D55))),"？"))) | I55: =IF(E55="","",IF(ISERROR(VALUE(E55)),E55&"",IF(AND(VALUE(E55)>=1,VALUE(E55)<=20),IF(INDEX(設定!$P$8:$P$27,VALUE(E55))="","？",INDEX(設定!$P$8:$P$27,VALUE(E55))),"？"))) | J55: =IF(F55="","",IF(ISERROR(VALUE(F55)),F55&"",IF(AND(VALUE(F55)>=1,VALUE(F55)<=20),IF(INDEX(設定!$P$8:$P$27,VALUE(F55))="","？",INDEX(設定!$P$8:$P$27,VALUE(F55))),"？"))) | K55: =IF(L55="","",IF(G55="","名簿にいない",IF(COUNTIF(L56:L$552,L55)>0,"2回提出（下の行を使います）",IF(OR(H55="？",I55="？",J55="？"),"クラブ番号がちがう",IF(OR(AND(H55<>"",H55<>"？",COUNTIF(設定!$P$8:$P$27,H55)=0),AND(I55<>"",I55<>"？",COUNTIF(設定!$P$8:$P$27,I55)=0),AND(J55<>"",J55<>"？",COUNTIF(設定!$P$8:$P$27,J55)=0)),"クラブ名がちがう",IF(H55="","第1希望がない",IF(OR(AND(H55<>"",H55=I55),AND(H55<>"",H55=J55),AND(I55<>"",I55=J55)),"同じクラブを重複して希望","OK"))))))) | L55: =IF(A55="","",A55&"-"&B55&"-"&C55) | M55: =IF(OR(L55="",G55=""),"",IF(COUNTIF(L56:L$552,L55)=0,L55,""))
A56: 3 | B56: 竹 | C56: 10 | D56: 4 | E56: 10 | F56: 6 | G56: =IF(L56="","",IFERROR(INDEX(前年度名簿!$D$2:$D$451,MATCH(L56,前年度名簿!$F$2:$F$451,0)),"")) | H56: =IF(D56="","",IF(ISERROR(VALUE(D56)),D56&"",IF(AND(VALUE(D56)>=1,VALUE(D56)<=20),IF(INDEX(設定!$P$8:$P$27,VALUE(D56))="","？",INDEX(設定!$P$8:$P$27,VALUE(D56))),"？"))) | I56: =IF(E56="","",IF(ISERROR(VALUE(E56)),E56&"",IF(AND(VALUE(E56)>=1,VALUE(E56)<=20),IF(INDEX(設定!$P$8:$P$27,VALUE(E56))="","？",INDEX(設定!$P$8:$P$27,VALUE(E56))),"？"))) | J56: =IF(F56="","",IF(ISERROR(VALUE(F56)),F56&"",IF(AND(VALUE(F56)>=1,VALUE(F56)<=20),IF(INDEX(設定!$P$8:$P$27,VALUE(F56))="","？",INDEX(設定!$P$8:$P$27,VALUE(F56))),"？"))) | K56: =IF(L56="","",IF(G56="","名簿にいない",IF(COUNTIF(L57:L$552,L56)>0,"2回提出（下の行を使います）",IF(OR(H56="？",I56="？",J56="？"),"クラブ番号がちがう",IF(OR(AND(H56<>"",H56<>"？",COUNTIF(設定!$P$8:$P$27,H56)=0),AND(I56<>"",I56<>"？",COUNTIF(設定!$P$8:$P$27,I56)=0),AND(J56<>"",J56<>"？",COUNTIF(設定!$P$8:$P$27,J56)=0)),"クラブ名がちがう",IF(H56="","第1希望がない",IF(OR(AND(H56<>"",H56=I56),AND(H56<>"",H56=J56),AND(I56<>"",I56=J56)),"同じクラブを重複して希望","OK"))))))) | L56: =IF(A56="","",A56&"-"&B56&"-"&C56) | M56: =IF(OR(L56="",G56=""),"",IF(COUNTIF(L57:L$552,L56)=0,L56,""))
... A359: 5 | B359: 松 | C359: 9 | D359: 4 | E359: 12 | F359: 6 | G359: =IF(L359="","",IFERROR(INDEX(前年度名簿!$D$2:$D$451,MATCH(L359,前年度名簿!$F$2:$F$451,0)),"")) | H359: =IF(D359="","",IF(ISERROR(VALUE(D359)),D359&"",IF(AND(VALUE(D359)>=1,VALUE(D359)<=20),IF(INDEX(設定!$P$8:$P$27,VALUE(D359))="","？",INDEX(設定!$P$8:$P$27,VALUE(D359))),"？"))) | I359: =IF(E359="","",IF(ISERROR(VALUE(E359)),E359&"",IF(AND(VALUE(E359)>=1,VALUE(E359)<=20),IF(INDEX(設定!$P$8:$P$27,VALUE(E359))="","？",INDEX(設定!$P$8:$P$27,VALUE(E359))),"？"))) | J359: =IF(F359="","",IF(ISERROR(VALUE(F359)),F359&"",IF(AND(VALUE(F359)>=1,VALUE(F359)<=20),IF(INDEX(設定!$P$8:$P$27,VALUE(F359))="","？",INDEX(設定!$P$8:$P$27,VALUE(F359))),"？"))) | K359: =IF(L359="","",IF(G359="","名簿にいない",IF(COUNTIF(L360:L$552,L359)>0,"2回提出（下の行を使います）",IF(OR(H359="？",I359="？",J359="？"),"クラブ番号がちがう",IF(OR(AND(H359<>"",H359<>"？",COUNTIF(設定!$P$8:$P$27,H359)=0),AND(I359<>"",I359<>"？",COUNTIF(設定!$P$8:$P$27,I359)=0),AND(J359<>"",J359<>"？",COUNTIF(設定!$P$8:$P$27,J359)=0)),"クラブ名がちがう",IF(H359="","第1希望がない",IF(OR(AND(H359<>"",H359=I359),AND(H359<>"",H359=J359),AND(I359<>"",I359=J359)),"同じクラブを重複して希望","OK"))))))) | L359: =IF(A359="","",A359&"-"&B359&"-"&C359) | M359: =IF(OR(L359="",G359=""),"",IF(COUNTIF(L360:L$552,L359)=0,L359,""))
G360: =IF(L360="","",IFERROR(INDEX(前年度名簿!$D$2:$D$451,MATCH(L360,前年度名簿!$F$2:$F$451,0)),"")) | H360: =IF(D360="","",IF(ISERROR(VALUE(D360)),D360&"",IF(AND(VALUE(D360)>=1,VALUE(D360)<=20),IF(INDEX(設定!$P$8:$P$27,VALUE(D360))="","？",INDEX(設定!$P$8:$P$27,VALUE(D360))),"？"))) | I360: =IF(E360="","",IF(ISERROR(VALUE(E360)),E360&"",IF(AND(VALUE(E360)>=1,VALUE(E360)<=20),IF(INDEX(設定!$P$8:$P$27,VALUE(E360))="","？",INDEX(設定!$P$8:$P$27,VALUE(E360))),"？"))) | J360: =IF(F360="","",IF(ISERROR(VALUE(F360)),F360&"",IF(AND(VALUE(F360)>=1,VALUE(F360)<=20),IF(INDEX(設定!$P$8:$P$27,VALUE(F360))="","？",INDEX(設定!$P$8:$P$27,VALUE(F360))),"？"))) | K360: =IF(L360="","",IF(G360="","名簿にいない",IF(COUNTIF(L361:L$552,L360)>0,"2回提出（下の行を使います）",IF(OR(H360="？",I360="？",J360="？"),"クラブ番号がちがう",IF(OR(AND(H360<>"",H360<>"？",COUNTIF(設定!$P$8:$P$27,H360)=0),AND(I360<>"",I360<>"？",COUNTIF(設定!$P$8:$P$27,I360)=0),AND(J360<>"",J360<>"？",COUNTIF(設定!$P$8:$P$27,J360)=0)),"クラブ名がちがう",IF(H360="","第1希望がない",IF(OR(AND(H360<>"",H360=I360),AND(H360<>"",H360=J360),AND(I360<>"",I360=J360)),"同じクラブを重複して希望","OK"))))))) | L360: =IF(A360="","",A360&"-"&B360&"-"&C360) | M360: =IF(OR(L360="",G360=""),"",IF(COUNTIF(L361:L$552,L360)=0,L360,""))
G361: =IF(L361="","",IFERROR(INDEX(前年度名簿!$D$2:$D$451,MATCH(L361,前年度名簿!$F$2:$F$451,0)),"")) | H361: =IF(D361="","",IF(ISERROR(VALUE(D361)),D361&"",IF(AND(VALUE(D361)>=1,VALUE(D361)<=20),IF(INDEX(設定!$P$8:$P$27,VALUE(D361))="","？",INDEX(設定!$P$8:$P$27,VALUE(D361))),"？"))) | I361: =IF(E361="","",IF(ISERROR(VALUE(E361)),E361&"",IF(AND(VALUE(E361)>=1,VALUE(E361)<=20),IF(INDEX(設定!$P$8:$P$27,VALUE(E361))="","？",INDEX(設定!$P$8:$P$27,VALUE(E361))),"？"))) | J361: =IF(F361="","",IF(ISERROR(VALUE(F361)),F361&"",IF(AND(VALUE(F361)>=1,VALUE(F361)<=20),IF(INDEX(設定!$P$8:$P$27,VALUE(F361))="","？",INDEX(設定!$P$8:$P$27,VALUE(F361))),"？"))) | K361: =IF(L361="","",IF(G361="","名簿にいない",IF(COUNTIF(L362:L$552,L361)>0,"2回提出（下の行を使います）",IF(OR(H361="？",I361="？",J361="？"),"クラブ番号がちがう",IF(OR(AND(H361<>"",H361<>"？",COUNTIF(設定!$P$8:$P$27,H361)=0),AND(I361<>"",I361<>"？",COUNTIF(設定!$P$8:$P$27,I361)=0),AND(J361<>"",J361<>"？",COUNTIF(設定!$P$8:$P$27,J361)=0)),"クラブ名がちがう",IF(H361="","第1希望がない",IF(OR(AND(H361<>"",H361=I361),AND(H361<>"",H361=J361),AND(I361<>"",I361=J361)),"同じクラブを重複して希望","OK"))))))) | L361: =IF(A361="","",A361&"-"&B361&"-"&C361) | M361: =IF(OR(L361="",G361=""),"",IF(COUNTIF(L362:L$552,L361)=0,L361,""))
G362: =IF(L362="","",IFERROR(INDEX(前年度名簿!$D$2:$D$451,MATCH(L362,前年度名簿!$F$2:$F$451,0)),"")) | H362: =IF(D362="","",IF(ISERROR(VALUE(D362)),D362&"",IF(AND(VALUE(D362)>=1,VALUE(D362)<=20),IF(INDEX(設定!$P$8:$P$27,VALUE(D362))="","？",INDEX(設定!$P$8:$P$27,VALUE(D362))),"？"))) | I362: =IF(E362="","",IF(ISERROR(VALUE(E362)),E362&"",IF(AND(VALUE(E362)>=1,VALUE(E362)<=20),IF(INDEX(設定!$P$8:$P$27,VALUE(E362))="","？",INDEX(設定!$P$8:$P$27,VALUE(E362))),"？"))) | J362: =IF(F362="","",IF(ISERROR(VALUE(F362)),F362&"",IF(AND(VALUE(F362)>=1,VALUE(F362)<=20),IF(INDEX(設定!$P$8:$P$27,VALUE(F362))="","？",INDEX(設定!$P$8:$P$27,VALUE(F362))),"？"))) | K362: =IF(L362="","",IF(G362="","名簿にいない",IF(COUNTIF(L363:L$552,L362)>0,"2回提出（下の行を使います）",IF(OR(H362="？",I362="？",J362="？"),"クラブ番号がちがう",IF(OR(AND(H362<>"",H362<>"？",COUNTIF(設定!$P$8:$P$27,H362)=0),AND(I362<>"",I362<>"？",COUNTIF(設定!$P$8:$P$27,I362)=0),AND(J362<>"",J362<>"？",COUNTIF(設定!$P$8:$P$27,J362)=0)),"クラブ名がちがう",IF(H362="","第1希望がない",IF(OR(AND(H362<>"",H362=I362),AND(H362<>"",H362=J362),AND(I362<>"",I362=J362)),"同じクラブを重複して希望","OK"))))))) | L362: =IF(A362="","",A362&"-"&B362&"-"&C362) | M362: =IF(OR(L362="",G362=""),"",IF(COUNTIF(L363:L$552,L362)=0,L362,""))
G363: =IF(L363="","",IFERROR(INDEX(前年度名簿!$D$2:$D$451,MATCH(L363,前年度名簿!$F$2:$F$451,0)),"")) | H363: =IF(D363="","",IF(ISERROR(VALUE(D363)),D363&"",IF(AND(VALUE(D363)>=1,VALUE(D363)<=20),IF(INDEX(設定!$P$8:$P$27,VALUE(D363))="","？",INDEX(設定!$P$8:$P$27,VALUE(D363))),"？"))) | I363: =IF(E363="","",IF(ISERROR(VALUE(E363)),E363&"",IF(AND(VALUE(E363)>=1,VALUE(E363)<=20),IF(INDEX(設定!$P$8:$P$27,VALUE(E363))="","？",INDEX(設定!$P$8:$P$27,VALUE(E363))),"？"))) | J363: =IF(F363="","",IF(ISERROR(VALUE(F363)),F363&"",IF(AND(VALUE(F363)>=1,VALUE(F363)<=20),IF(INDEX(設定!$P$8:$P$27,VALUE(F363))="","？",INDEX(設定!$P$8:$P$27,VALUE(F363))),"？"))) | K363: =IF(L363="","",IF(G363="","名簿にいない",IF(COUNTIF(L364:L$552,L363)>0,"2回提出（下の行を使います）",IF(OR(H363="？",I363="？",J363="？"),"クラブ番号がちがう",IF(OR(AND(H363<>"",H363<>"？",COUNTIF(設定!$P$8:$P$27,H363)=0),AND(I363<>"",I363<>"？",COUNTIF(設定!$P$8:$P$27,I363)=0),AND(J363<>"",J363<>"？",COUNTIF(設定!$P$8:$P$27,J363)=0)),"クラブ名がちがう",IF(H363="","第1希望がない",IF(OR(AND(H363<>"",H363=I363),AND(H363<>"",H363=J363),AND(I363<>"",I363=J363)),"同じクラブを重複して希望","OK"))))))) | L363: =IF(A363="","",A363&"-"&B363&"-"&C363) | M363: =IF(OR(L363="",G363=""),"",IF(COUNTIF(L364:L$552,L363)=0,L363,""))
G364: =IF(L364="","",IFERROR(INDEX(前年度名簿!$D$2:$D$451,MATCH(L364,前年度名簿!$F$2:$F$451,0)),"")) | H364: =IF(D364="","",IF(ISERROR(VALUE(D364)),D364&"",IF(AND(VALUE(D364)>=1,VALUE(D364)<=20),IF(INDEX(設定!$P$8:$P$27,VALUE(D364))="","？",INDEX(設定!$P$8:$P$27,VALUE(D364))),"？"))) | I364: =IF(E364="","",IF(ISERROR(VALUE(E364)),E364&"",IF(AND(VALUE(E364)>=1,VALUE(E364)<=20),IF(INDEX(設定!$P$8:$P$27,VALUE(E364))="","？",INDEX(設定!$P$8:$P$27,VALUE(E364))),"？"))) | J364: =IF(F364="","",IF(ISERROR(VALUE(F364)),F364&"",IF(AND(VALUE(F364)>=1,VALUE(F364)<=20),IF(INDEX(設定!$P$8:$P$27,VALUE(F364))="","？",INDEX(設定!$P$8:$P$27,VALUE(F364))),"？"))) | K364: =IF(L364="","",IF(G364="","名簿にいない",IF(COUNTIF(L365:L$552,L364)>0,"2回提出（下の行を使います）",IF(OR(H364="？",I364="？",J364="？"),"クラブ番号がちがう",IF(OR(AND(H364<>"",H364<>"？",COUNTIF(設定!$P$8:$P$27,H364)=0),AND(I364<>"",I364<>"？",COUNTIF(設定!$P$8:$P$27,I364)=0),AND(J364<>"",J364<>"？",COUNTIF(設定!$P$8:$P$27,J364)=0)),"クラブ名がちがう",IF(H364="","第1希望がない",IF(OR(AND(H364<>"",H364=I364),AND(H364<>"",H364=J364),AND(I364<>"",I364=J364)),"同じクラブを重複して希望","OK"))))))) | L364: =IF(A364="","",A364&"-"&B364&"-"&C364) | M364: =IF(OR(L364="",G364=""),"",IF(COUNTIF(L365:L$552,L364)=0,L364,""))
G365: =IF(L365="","",IFERROR(INDEX(前年度名簿!$D$2:$D$451,MATCH(L365,前年度名簿!$F$2:$F$451,0)),"")) | H365: =IF(D365="","",IF(ISERROR(VALUE(D365)),D365&"",IF(AND(VALUE(D365)>=1,VALUE(D365)<=20),IF(INDEX(設定!$P$8:$P$27,VALUE(D365))="","？",INDEX(設定!$P$8:$P$27,VALUE(D365))),"？"))) | I365: =IF(E365="","",IF(ISERROR(VALUE(E365)),E365&"",IF(AND(VALUE(E365)>=1,VALUE(E365)<=20),IF(INDEX(設定!$P$8:$P$27,VALUE(E365))="","？",INDEX(設定!$P$8:$P$27,VALUE(E365))),"？"))) | J365: =IF(F365="","",IF(ISERROR(VALUE(F365)),F365&"",IF(AND(VALUE(F365)>=1,VALUE(F365)<=20),IF(INDEX(設定!$P$8:$P$27,VALUE(F365))="","？",INDEX(設定!$P$8:$P$27,VALUE(F365))),"？"))) | K365: =IF(L365="","",IF(G365="","名簿にいない",IF(COUNTIF(L366:L$552,L365)>0,"2回提出（下の行を使います）",IF(OR(H365="？",I365="？",J365="？"),"クラブ番号がちがう",IF(OR(AND(H365<>"",H365<>"？",COUNTIF(設定!$P$8:$P$27,H365)=0),AND(I365<>"",I365<>"？",COUNTIF(設定!$P$8:$P$27,I365)=0),AND(J365<>"",J365<>"？",COUNTIF(設定!$P$8:$P$27,J365)=0)),"クラブ名がちがう",IF(H365="","第1希望がない",IF(OR(AND(H365<>"",H365=I365),AND(H365<>"",H365=J365),AND(I365<>"",I365=J365)),"同じクラブを重複して希望","OK"))))))) | L365: =IF(A365="","",A365&"-"&B365&"-"&C365) | M365: =IF(OR(L365="",G365=""),"",IF(COUNTIF(L366:L$552,L365)=0,L365,""))
G366: =IF(L366="","",IFERROR(INDEX(前年度名簿!$D$2:$D$451,MATCH(L366,前年度名簿!$F$2:$F$451,0)),"")) | H366: =IF(D366="","",IF(ISERROR(VALUE(D366)),D366&"",IF(AND(VALUE(D366)>=1,VALUE(D366)<=20),IF(INDEX(設定!$P$8:$P$27,VALUE(D366))="","？",INDEX(設定!$P$8:$P$27,VALUE(D366))),"？"))) | I366: =IF(E366="","",IF(ISERROR(VALUE(E366)),E366&"",IF(AND(VALUE(E366)>=1,VALUE(E366)<=20),IF(INDEX(設定!$P$8:$P$27,VALUE(E366))="","？",INDEX(設定!$P$8:$P$27,VALUE(E366))),"？"))) | J366: =IF(F366="","",IF(ISERROR(VALUE(F366)),F366&"",IF(AND(VALUE(F366)>=1,VALUE(F366)<=20),IF(INDEX(設定!$P$8:$P$27,VALUE(F366))="","？",INDEX(設定!$P$8:$P$27,VALUE(F366))),"？"))) | K366: =IF(L366="","",IF(G366="","名簿にいない",IF(COUNTIF(L367:L$552,L366)>0,"2回提出（下の行を使います）",IF(OR(H366="？",I366="？",J366="？"),"クラブ番号がちがう",IF(OR(AND(H366<>"",H366<>"？",COUNTIF(設定!$P$8:$P$27,H366)=0),AND(I366<>"",I366<>"？",COUNTIF(設定!$P$8:$P$27,I366)=0),AND(J366<>"",J366<>"？",COUNTIF(設定!$P$8:$P$27,J366)=0)),"クラブ名がちがう",IF(H366="","第1希望がない",IF(OR(AND(H366<>"",H366=I366),AND(H366<>"",H366=J366),AND(I366<>"",I366=J366)),"同じクラブを重複して希望","OK"))))))) | L366: =IF(A366="","",A366&"-"&B366&"-"&C366) | M366: =IF(OR(L366="",G366=""),"",IF(COUNTIF(L367:L$552,L366)=0,L366,""))
G367: =IF(L367="","",IFERROR(INDEX(前年度名簿!$D$2:$D$451,MATCH(L367,前年度名簿!$F$2:$F$451,0)),"")) | H367: =IF(D367="","",IF(ISERROR(VALUE(D367)),D367&"",IF(AND(VALUE(D367)>=1,VALUE(D367)<=20),IF(INDEX(設定!$P$8:$P$27,VALUE(D367))="","？",INDEX(設定!$P$8:$P$27,VALUE(D367))),"？"))) | I367: =IF(E367="","",IF(ISERROR(VALUE(E367)),E367&"",IF(AND(VALUE(E367)>=1,VALUE(E367)<=20),IF(INDEX(設定!$P$8:$P$27,VALUE(E367))="","？",INDEX(設定!$P$8:$P$27,VALUE(E367))),"？"))) | J367: =IF(F367="","",IF(ISERROR(VALUE(F367)),F367&"",IF(AND(VALUE(F367)>=1,VALUE(F367)<=20),IF(INDEX(設定!$P$8:$P$27,VALUE(F367))="","？",INDEX(設定!$P$8:$P$27,VALUE(F367))),"？"))) | K367: =IF(L367="","",IF(G367="","名簿にいない",IF(COUNTIF(L368:L$552,L367)>0,"2回提出（下の行を使います）",IF(OR(H367="？",I367="？",J367="？"),"クラブ番号がちがう",IF(OR(AND(H367<>"",H367<>"？",COUNTIF(設定!$P$8:$P$27,H367)=0),AND(I367<>"",I367<>"？",COUNTIF(設定!$P$8:$P$27,I367)=0),AND(J367<>"",J367<>"？",COUNTIF(設定!$P$8:$P$27,J367)=0)),"クラブ名がちがう",IF(H367="","第1希望がない",IF(OR(AND(H367<>"",H367=I367),AND(H367<>"",H367=J367),AND(I367<>"",I367=J367)),"同じクラブを重複して希望","OK"))))))) | L367: =IF(A367="","",A367&"-"&B367&"-"&C367) | M367: =IF(OR(L367="",G367=""),"",IF(COUNTIF(L368:L$552,L367)=0,L367,""))
G368: =IF(L368="","",IFERROR(INDEX(前年度名簿!$D$2:$D$451,MATCH(L368,前年度名簿!$F$2:$F$451,0)),"")) | H368: =IF(D368="","",IF(ISERROR(VALUE(D368)),D368&"",IF(AND(VALUE(D368)>=1,VALUE(D368)<=20),IF(INDEX(設定!$P$8:$P$27,VALUE(D368))="","？",INDEX(設定!$P$8:$P$27,VALUE(D368))),"？"))) | I368: =IF(E368="","",IF(ISERROR(VALUE(E368)),E368&"",IF(AND(VALUE(E368)>=1,VALUE(E368)<=20),IF(INDEX(設定!$P$8:$P$27,VALUE(E368))="","？",INDEX(設定!$P$8:$P$27,VALUE(E368))),"？"))) | J368: =IF(F368="","",IF(ISERROR(VALUE(F368)),F368&"",IF(AND(VALUE(F368)>=1,VALUE(F368)<=20),IF(INDEX(設定!$P$8:$P$27,VALUE(F368))="","？",INDEX(設定!$P$8:$P$27,VALUE(F368))),"？"))) | K368: =IF(L368="","",IF(G368="","名簿にいない",IF(COUNTIF(L369:L$552,L368)>0,"2回提出（下の行を使います）",IF(OR(H368="？",I368="？",J368="？"),"クラブ番号がちがう",IF(OR(AND(H368<>"",H368<>"？",COUNTIF(設定!$P$8:$P$27,H368)=0),AND(I368<>"",I368<>"？",COUNTIF(設定!$P$8:$P$27,I368)=0),AND(J368<>"",J368<>"？",COUNTIF(設定!$P$8:$P$27,J368)=0)),"クラブ名がちがう",IF(H368="","第1希望がない",IF(OR(AND(H368<>"",H368=I368),AND(H368<>"",H368=J368),AND(I368<>"",I368=J368)),"同じクラブを重複して希望","OK"))))))) | L368: =IF(A368="","",A368&"-"&B368&"-"&C368) | M368: =IF(OR(L368="",G368=""),"",IF(COUNTIF(L369:L$552,L368)=0,L368,""))
G369: =IF(L369="","",IFERROR(INDEX(前年度名簿!$D$2:$D$451,MATCH(L369,前年度名簿!$F$2:$F$451,0)),"")) | H369: =IF(D369="","",IF(ISERROR(VALUE(D369)),D369&"",IF(AND(VALUE(D369)>=1,VALUE(D369)<=20),IF(INDEX(設定!$P$8:$P$27,VALUE(D369))="","？",INDEX(設定!$P$8:$P$27,VALUE(D369))),"？"))) | I369: =IF(E369="","",IF(ISERROR(VALUE(E369)),E369&"",IF(AND(VALUE(E369)>=1,VALUE(E369)<=20),IF(INDEX(設定!$P$8:$P$27,VALUE(E369))="","？",INDEX(設定!$P$8:$P$27,VALUE(E369))),"？"))) | J369: =IF(F369="","",IF(ISERROR(VALUE(F369)),F369&"",IF(AND(VALUE(F369)>=1,VALUE(F369)<=20),IF(INDEX(設定!$P$8:$P$27,VALUE(F369))="","？",INDEX(設定!$P$8:$P$27,VALUE(F369))),"？"))) | K369: =IF(L369="","",IF(G369="","名簿にいない",IF(COUNTIF(L370:L$552,L369)>0,"2回提出（下の行を使います）",IF(OR(H369="？",I369="？",J369="？"),"クラブ番号がちがう",IF(OR(AND(H369<>"",H369<>"？",COUNTIF(設定!$P$8:$P$27,H369)=0),AND(I369<>"",I369<>"？",COUNTIF(設定!$P$8:$P$27,I369)=0),AND(J369<>"",J369<>"？",COUNTIF(設定!$P$8:$P$27,J369)=0)),"クラブ名がちがう",IF(H369="","第1希望がない",IF(OR(AND(H369<>"",H369=I369),AND(H369<>"",H369=J369),AND(I369<>"",I369=J369)),"同じクラブを重複して希望","OK"))))))) | L369: =IF(A369="","",A369&"-"&B369&"-"&C369) | M369: =IF(OR(L369="",G369=""),"",IF(COUNTIF(L370:L$552,L369)=0,L369,""))
G370: =IF(L370="","",IFERROR(INDEX(前年度名簿!$D$2:$D$451,MATCH(L370,前年度名簿!$F$2:$F$451,0)),"")) | H370: =IF(D370="","",IF(ISERROR(VALUE(D370)),D370&"",IF(AND(VALUE(D370)>=1,VALUE(D370)<=20),IF(INDEX(設定!$P$8:$P$27,VALUE(D370))="","？",INDEX(設定!$P$8:$P$27,VALUE(D370))),"？"))) | I370: =IF(E370="","",IF(ISERROR(VALUE(E370)),E370&"",IF(AND(VALUE(E370)>=1,VALUE(E370)<=20),IF(INDEX(設定!$P$8:$P$27,VALUE(E370))="","？",INDEX(設定!$P$8:$P$27,VALUE(E370))),"？"))) | J370: =IF(F370="","",IF(ISERROR(VALUE(F370)),F370&"",IF(AND(VALUE(F370)>=1,VALUE(F370)<=20),IF(INDEX(設定!$P$8:$P$27,VALUE(F370))="","？",INDEX(設定!$P$8:$P$27,VALUE(F370))),"？"))) | K370: =IF(L370="","",IF(G370="","名簿にいない",IF(COUNTIF(L371:L$552,L370)>0,"2回提出（下の行を使います）",IF(OR(H370="？",I370="？",J370="？"),"クラブ番号がちがう",IF(OR(AND(H370<>"",H370<>"？",COUNTIF(設定!$P$8:$P$27,H370)=0),AND(I370<>"",I370<>"？",COUNTIF(設定!$P$8:$P$27,I370)=0),AND(J370<>"",J370<>"？",COUNTIF(設定!$P$8:$P$27,J370)=0)),"クラブ名がちがう",IF(H370="","第1希望がない",IF(OR(AND(H370<>"",H370=I370),AND(H370<>"",H370=J370),AND(I370<>"",I370=J370)),"同じクラブを重複して希望","OK"))))))) | L370: =IF(A370="","",A370&"-"&B370&"-"&C370) | M370: =IF(OR(L370="",G370=""),"",IF(COUNTIF(L371:L$552,L370)=0,L370,""))
G371: =IF(L371="","",IFERROR(INDEX(前年度名簿!$D$2:$D$451,MATCH(L371,前年度名簿!$F$2:$F$451,0)),"")) | H371: =IF(D371="","",IF(ISERROR(VALUE(D371)),D371&"",IF(AND(VALUE(D371)>=1,VALUE(D371)<=20),IF(INDEX(設定!$P$8:$P$27,VALUE(D371))="","？",INDEX(設定!$P$8:$P$27,VALUE(D371))),"？"))) | I371: =IF(E371="","",IF(ISERROR(VALUE(E371)),E371&"",IF(AND(VALUE(E371)>=1,VALUE(E371)<=20),IF(INDEX(設定!$P$8:$P$27,VALUE(E371))="","？",INDEX(設定!$P$8:$P$27,VALUE(E371))),"？"))) | J371: =IF(F371="","",IF(ISERROR(VALUE(F371)),F371&"",IF(AND(VALUE(F371)>=1,VALUE(F371)<=20),IF(INDEX(設定!$P$8:$P$27,VALUE(F371))="","？",INDEX(設定!$P$8:$P$27,VALUE(F371))),"？"))) | K371: =IF(L371="","",IF(G371="","名簿にいない",IF(COUNTIF(L372:L$552,L371)>0,"2回提出（下の行を使います）",IF(OR(H371="？",I371="？",J371="？"),"クラブ番号がちがう",IF(OR(AND(H371<>"",H371<>"？",COUNTIF(設定!$P$8:$P$27,H371)=0),AND(I371<>"",I371<>"？",COUNTIF(設定!$P$8:$P$27,I371)=0),AND(J371<>"",J371<>"？",COUNTIF(設定!$P$8:$P$27,J371)=0)),"クラブ名がちがう",IF(H371="","第1希望がない",IF(OR(AND(H371<>"",H371=I371),AND(H371<>"",H371=J371),AND(I371<>"",I371=J371)),"同じクラブを重複して希望","OK"))))))) | L371: =IF(A371="","",A371&"-"&B371&"-"&C371) | M371: =IF(OR(L371="",G371=""),"",IF(COUNTIF(L372:L$552,L371)=0,L371,""))
... G551: =IF(L551="","",IFERROR(INDEX(前年度名簿!$D$2:$D$451,MATCH(L551,前年度名簿!$F$2:$F$451,0)),"")) | H551: =IF(D551="","",IF(ISERROR(VALUE(D551)),D551&"",IF(AND(VALUE(D551)>=1,VALUE(D551)<=20),IF(INDEX(設定!$P$8:$P$27,VALUE(D551))="","？",INDEX(設定!$P$8:$P$27,VALUE(D551))),"？"))) | I551: =IF(E551="","",IF(ISERROR(VALUE(E551)),E551&"",IF(AND(VALUE(E551)>=1,VALUE(E551)<=20),IF(INDEX(設定!$P$8:$P$27,VALUE(E551))="","？",INDEX(設定!$P$8:$P$27,VALUE(E551))),"？"))) | J551: =IF(F551="","",IF(ISERROR(VALUE(F551)),F551&"",IF(AND(VALUE(F551)>=1,VALUE(F551)<=20),IF(INDEX(設定!$P$8:$P$27,VALUE(F551))="","？",INDEX(設定!$P$8:$P$27,VALUE(F551))),"？"))) | K551: =IF(L551="","",IF(G551="","名簿にいない",IF(COUNTIF(L552:L$552,L551)>0,"2回提出（下の行を使います）",IF(OR(H551="？",I551="？",J551="？"),"クラブ番号がちがう",IF(OR(AND(H551<>"",H551<>"？",COUNTIF(設定!$P$8:$P$27,H551)=0),AND(I551<>"",I551<>"？",COUNTIF(設定!$P$8:$P$27,I551)=0),AND(J551<>"",J551<>"？",COUNTIF(設定!$P$8:$P$27,J551)=0)),"クラブ名がちがう",IF(H551="","第1希望がない",IF(OR(AND(H551<>"",H551=I551),AND(H551<>"",H551=J551),AND(I551<>"",I551=J551)),"同じクラブを重複して希望","OK"))))))) | L551: =IF(A551="","",A551&"-"&B551&"-"&C551) | M551: =IF(OR(L551="",G551=""),"",IF(COUNTIF(L552:L$552,L551)=0,L551,""))

Sheet 振り分け
A1: 振り分け 「要調整」の子は、決まったら「先生の決定」（黄色）にプルダウンでクラブを入れてください。
A2: ■ 色の見方
B3: 要調整 | C3: …第1希望のクラブが「定員＋融通」をこえています。話し合いなどで決めて、「先生の決定」にクラブを入れてください。
B4: クラブ名 | C4: …（第2・第3希望が緑地に白い字）そのクラブには、まだ空きがあります。色のないクラブは、第1希望の子でいっぱいです。
C5: =IF(OR(設定!$C$14="〇",設定!$C$14="○"),"※ 上の学年から優先：〇（6年→5年→4年の順に枠を埋めています）","※ 上の学年から優先：なし（全学年まとめて判定しています）")
A6: 新学年 | B6: 前年度の組 | C6: 番号 | D6: 名前 | E6: 新年度の組 | F6: 新番号 | G6: 第1希望 | H6: 第2希望 | I6: 第3希望 | J6: 自動仮決定 | K6: 先生の決定 | L6: 最終決定 | M6: 状態 | N6: 第2希望の空き | O6: 第3希望の空き | P6: 名簿行 | Q6: 希望行 | R6: キー | S6: 名前キー | T6: 新名簿行 | U6: クラブNo | V6: 順 | W6: 一覧キー
A7: =IF(P7="","",INDEX(前年度名簿!$H$2:$H$451,P7)) | B7: =IF(P7="","",IFERROR(INDEX(設定!$G$8:$G$31,INT(INDEX(前年度名簿!$G$2:$G$451,P7)/1000)),INDEX(前年度名簿!$A$2:$A$451,P7)&INDEX(前年度名簿!$B$2:$B$451,P7))) | C7: =IF(P7="","",INDEX(前年度名簿!$C$2:$C$451,P7)) | D7: =IF(P7="","",INDEX(前年度名簿!$D$2:$D$451,P7)) | E7: =IF(T7="","",INDEX(新年度名簿!$K$2:$K$451,T7)) | F7: =IF(T7="","",INDEX(新年度名簿!$C$2:$C$451,T7)) | G7: =IF(Q7="","",INDEX(希望入力!$H$2:$H$551,Q7)&"") | H7: =IF(Q7="","",INDEX(希望入力!$I$2:$I$551,Q7)&"") | I7: =IF(Q7="","",INDEX(希望入力!$J$2:$J$551,Q7)&"") | J7: =IF(Q7="","",IF(G7="","要調整",IFERROR(IF(IF(OR(設定!$C$14="〇",設定!$C$14="○"),COUNTIFS($A$7:$A$456,">="&A7,$G$7:$G$456,G7),COUNTIF($G$7:$G$456,G7))<=(INDEX(設定!$Q$8:$Q$27,MATCH(G7,設定!$P$8:$P$27,0))+N(INDEX(設定!$R$8:$R$27,MATCH(G7,設定!$P$8:$P$27,0)))),G7,"要調整"),"要調整"))) | L7: =IF(P7="","",IF(K7<>"",K7,IF(OR(J7="",J7="要調整"),"",J7))) | M7: =IF(P7="","",IF(AND(計算用!$B$1=1,T7=""),"転出",IF(L7<>"","決定",IF(Q7="","未提出","要調整")))) | N7: =IF(OR(M7<>"要調整",H7=""),"",IFERROR((INDEX(設定!$Q$8:$Q$27,MATCH(H7,設定!$P$8:$P$27,0))+N(INDEX(設定!$R$8:$R$27,MATCH(H7,設定!$P$8:$P$27,0))))-INDEX(定員チェック!$F$7:$F$26,MATCH(H7,設定!$P$8:$P$27,0))-COUNTIFS($M$7:$M$456,"要調整",$G$7:$G$456,H7),"")) | O7: =IF(OR(M7<>"要調整",I7=""),"",IFERROR((INDEX(設定!$Q$8:$Q$27,MATCH(I7,設定!$P$8:$P$27,0))+N(INDEX(設定!$R$8:$R$27,MATCH(I7,設定!$P$8:$P$27,0))))-INDEX(定員チェック!$F$7:$F$26,MATCH(I7,設定!$P$8:$P$27,0))-COUNTIFS($M$7:$M$456,"要調整",$G$7:$G$456,I7),"")) | P7: =IFERROR(MATCH(SMALL(前年度名簿!$G$2:$G$451,1),前年度名簿!$G$2:$G$451,0),"") | Q7: =IF(R7="","",IFERROR(MATCH(R7,希望入力!$M$2:$M$551,0),"")) | R7: =IF(P7="","",INDEX(前年度名簿!$F$2:$F$451,P7)) | S7: =IF(P7="","",INDEX(前年度名簿!$I$2:$I$451,P7)) | T7: =IF(OR(P7="",計算用!$B$1=0),"",IFERROR(MATCH(S7,新年度名簿!$H$2:$H$451,0),"")) | U7: =IF(OR(L7="",M7="転出"),"",IFERROR(MATCH(L7,設定!$P$8:$P$27,0),"")) | V7: =IF(U7="","",COUNTIF($U$7:U7,U7)) | W7: =IF(U7="","",U7*1000+V7)
A8: =IF(P8="","",INDEX(前年度名簿!$H$2:$H$451,P8)) | B8: =IF(P8="","",IFERROR(INDEX(設定!$G$8:$G$31,INT(INDEX(前年度名簿!$G$2:$G$451,P8)/1000)),INDEX(前年度名簿!$A$2:$A$451,P8)&INDEX(前年度名簿!$B$2:$B$451,P8))) | C8: =IF(P8="","",INDEX(前年度名簿!$C$2:$C$451,P8)) | D8: =IF(P8="","",INDEX(前年度名簿!$D$2:$D$451,P8)) | E8: =IF(T8="","",INDEX(新年度名簿!$K$2:$K$451,T8)) | F8: =IF(T8="","",INDEX(新年度名簿!$C$2:$C$451,T8)) | G8: =IF(Q8="","",INDEX(希望入力!$H$2:$H$551,Q8)&"") | H8: =IF(Q8="","",INDEX(希望入力!$I$2:$I$551,Q8)&"") | I8: =IF(Q8="","",INDEX(希望入力!$J$2:$J$551,Q8)&"") | J8: =IF(Q8="","",IF(G8="","要調整",IFERROR(IF(IF(OR(設定!$C$14="〇",設定!$C$14="○"),COUNTIFS($A$7:$A$456,">="&A8,$G$7:$G$456,G8),COUNTIF($G$7:$G$456,G8))<=(INDEX(設定!$Q$8:$Q$27,MATCH(G8,設定!$P$8:$P$27,0))+N(INDEX(設定!$R$8:$R$27,MATCH(G8,設定!$P$8:$P$27,0)))),G8,"要調整"),"要調整"))) | L8: =IF(P8="","",IF(K8<>"",K8,IF(OR(J8="",J8="要調整"),"",J8))) | M8: =IF(P8="","",IF(AND(計算用!$B$1=1,T8=""),"転出",IF(L8<>"","決定",IF(Q8="","未提出","要調整")))) | N8: =IF(OR(M8<>"要調整",H8=""),"",IFERROR((INDEX(設定!$Q$8:$Q$27,MATCH(H8,設定!$P$8:$P$27,0))+N(INDEX(設定!$R$8:$R$27,MATCH(H8,設定!$P$8:$P$27,0))))-INDEX(定員チェック!$F$7:$F$26,MATCH(H8,設定!$P$8:$P$27,0))-COUNTIFS($M$7:$M$456,"要調整",$G$7:$G$456,H8),"")) | O8: =IF(OR(M8<>"要調整",I8=""),"",IFERROR((INDEX(設定!$Q$8:$Q$27,MATCH(I8,設定!$P$8:$P$27,0))+N(INDEX(設定!$R$8:$R$27,MATCH(I8,設定!$P$8:$P$27,0))))-INDEX(定員チェック!$F$7:$F$26,MATCH(I8,設定!$P$8:$P$27,0))-COUNTIFS($M$7:$M$456,"要調整",$G$7:$G$456,I8),"")) | P8: =IFERROR(MATCH(SMALL(前年度名簿!$G$2:$G$451,2),前年度名簿!$G$2:$G$451,0),"") | Q8: =IF(R8="","",IFERROR(MATCH(R8,希望入力!$M$2:$M$551,0),"")) | R8: =IF(P8="","",INDEX(前年度名簿!$F$2:$F$451,P8)) | S8: =IF(P8="","",INDEX(前年度名簿!$I$2:$I$451,P8)) | T8: =IF(OR(P8="",計算用!$B$1=0),"",IFERROR(MATCH(S8,新年度名簿!$H$2:$H$451,0),"")) | U8: =IF(OR(L8="",M8="転出"),"",IFERROR(MATCH(L8,設定!$P$8:$P$27,0),"")) | V8: =IF(U8="","",COUNTIF($U$7:U8,U8)) | W8: =IF(U8="","",U8*1000+V8)
A9: =IF(P9="","",INDEX(前年度名簿!$H$2:$H$451,P9)) | B9: =IF(P9="","",IFERROR(INDEX(設定!$G$8:$G$31,INT(INDEX(前年度名簿!$G$2:$G$451,P9)/1000)),INDEX(前年度名簿!$A$2:$A$451,P9)&INDEX(前年度名簿!$B$2:$B$451,P9))) | C9: =IF(P9="","",INDEX(前年度名簿!$C$2:$C$451,P9)) | D9: =IF(P9="","",INDEX(前年度名簿!$D$2:$D$451,P9)) | E9: =IF(T9="","",INDEX(新年度名簿!$K$2:$K$451,T9)) | F9: =IF(T9="","",INDEX(新年度名簿!$C$2:$C$451,T9)) | G9: =IF(Q9="","",INDEX(希望入力!$H$2:$H$551,Q9)&"") | H9: =IF(Q9="","",INDEX(希望入力!$I$2:$I$551,Q9)&"") | I9: =IF(Q9="","",INDEX(希望入力!$J$2:$J$551,Q9)&"") | J9: =IF(Q9="","",IF(G9="","要調整",IFERROR(IF(IF(OR(設定!$C$14="〇",設定!$C$14="○"),COUNTIFS($A$7:$A$456,">="&A9,$G$7:$G$456,G9),COUNTIF($G$7:$G$456,G9))<=(INDEX(設定!$Q$8:$Q$27,MATCH(G9,設定!$P$8:$P$27,0))+N(INDEX(設定!$R$8:$R$27,MATCH(G9,設定!$P$8:$P$27,0)))),G9,"要調整"),"要調整"))) | L9: =IF(P9="","",IF(K9<>"",K9,IF(OR(J9="",J9="要調整"),"",J9))) | M9: =IF(P9="","",IF(AND(計算用!$B$1=1,T9=""),"転出",IF(L9<>"","決定",IF(Q9="","未提出","要調整")))) | N9: =IF(OR(M9<>"要調整",H9=""),"",IFERROR((INDEX(設定!$Q$8:$Q$27,MATCH(H9,設定!$P$8:$P$27,0))+N(INDEX(設定!$R$8:$R$27,MATCH(H9,設定!$P$8:$P$27,0))))-INDEX(定員チェック!$F$7:$F$26,MATCH(H9,設定!$P$8:$P$27,0))-COUNTIFS($M$7:$M$456,"要調整",$G$7:$G$456,H9),"")) | O9: =IF(OR(M9<>"要調整",I9=""),"",IFERROR((INDEX(設定!$Q$8:$Q$27,MATCH(I9,設定!$P$8:$P$27,0))+N(INDEX(設定!$R$8:$R$27,MATCH(I9,設定!$P$8:$P$27,0))))-INDEX(定員チェック!$F$7:$F$26,MATCH(I9,設定!$P$8:$P$27,0))-COUNTIFS($M$7:$M$456,"要調整",$G$7:$G$456,I9),"")) | P9: =IFERROR(MATCH(SMALL(前年度名簿!$G$2:$G$451,3),前年度名簿!$G$2:$G$451,0),"") | Q9: =IF(R9="","",IFERROR(MATCH(R9,希望入力!$M$2:$M$551,0),"")) | R9: =IF(P9="","",INDEX(前年度名簿!$F$2:$F$451,P9)) | S9: =IF(P9="","",INDEX(前年度名簿!$I$2:$I$451,P9)) | T9: =IF(OR(P9="",計算用!$B$1=0),"",IFERROR(MATCH(S9,新年度名簿!$H$2:$H$451,0),"")) | U9: =IF(OR(L9="",M9="転出"),"",IFERROR(MATCH(L9,設定!$P$8:$P$27,0),"")) | V9: =IF(U9="","",COUNTIF($U$7:U9,U9)) | W9: =IF(U9="","",U9*1000+V9)
A10: =IF(P10="","",INDEX(前年度名簿!$H$2:$H$451,P10)) | B10: =IF(P10="","",IFERROR(INDEX(設定!$G$8:$G$31,INT(INDEX(前年度名簿!$G$2:$G$451,P10)/1000)),INDEX(前年度名簿!$A$2:$A$451,P10)&INDEX(前年度名簿!$B$2:$B$451,P10))) | C10: =IF(P10="","",INDEX(前年度名簿!$C$2:$C$451,P10)) | D10: =IF(P10="","",INDEX(前年度名簿!$D$2:$D$451,P10)) | E10: =IF(T10="","",INDEX(新年度名簿!$K$2:$K$451,T10)) | F10: =IF(T10="","",INDEX(新年度名簿!$C$2:$C$451,T10)) | G10: =IF(Q10="","",INDEX(希望入力!$H$2:$H$551,Q10)&"") | H10: =IF(Q10="","",INDEX(希望入力!$I$2:$I$551,Q10)&"") | I10: =IF(Q10="","",INDEX(希望入力!$J$2:$J$551,Q10)&"") | J10: =IF(Q10="","",IF(G10="","要調整",IFERROR(IF(IF(OR(設定!$C$14="〇",設定!$C$14="○"),COUNTIFS($A$7:$A$456,">="&A10,$G$7:$G$456,G10),COUNTIF($G$7:$G$456,G10))<=(INDEX(設定!$Q$8:$Q$27,MATCH(G10,設定!$P$8:$P$27,0))+N(INDEX(設定!$R$8:$R$27,MATCH(G10,設定!$P$8:$P$27,0)))),G10,"要調整"),"要調整"))) | L10: =IF(P10="","",IF(K10<>"",K10,IF(OR(J10="",J10="要調整"),"",J10))) | M10: =IF(P10="","",IF(AND(計算用!$B$1=1,T10=""),"転出",IF(L10<>"","決定",IF(Q10="","未提出","要調整")))) | N10: =IF(OR(M10<>"要調整",H10=""),"",IFERROR((INDEX(設定!$Q$8:$Q$27,MATCH(H10,設定!$P$8:$P$27,0))+N(INDEX(設定!$R$8:$R$27,MATCH(H10,設定!$P$8:$P$27,0))))-INDEX(定員チェック!$F$7:$F$26,MATCH(H10,設定!$P$8:$P$27,0))-COUNTIFS($M$7:$M$456,"要調整",$G$7:$G$456,H10),"")) | O10: =IF(OR(M10<>"要調整",I10=""),"",IFERROR((INDEX(設定!$Q$8:$Q$27,MATCH(I10,設定!$P$8:$P$27,0))+N(INDEX(設定!$R$8:$R$27,MATCH(I10,設定!$P$8:$P$27,0))))-INDEX(定員チェック!$F$7:$F$26,MATCH(I10,設定!$P$8:$P$27,0))-COUNTIFS($M$7:$M$456,"要調整",$G$7:$G$456,I10),"")) | P10: =IFERROR(MATCH(SMALL(前年度名簿!$G$2:$G$451,4),前年度名簿!$G$2:$G$451,0),"") | Q10: =IF(R10="","",IFERROR(MATCH(R10,希望入力!$M$2:$M$551,0),"")) | R10: =IF(P10="","",INDEX(前年度名簿!$F$2:$F$451,P10)) | S10: =IF(P10="","",INDEX(前年度名簿!$I$2:$I$451,P10)) | T10: =IF(OR(P10="",計算用!$B$1=0),"",IFERROR(MATCH(S10,新年度名簿!$H$2:$H$451,0),"")) | U10: =IF(OR(L10="",M10="転出"),"",IFERROR(MATCH(L10,設定!$P$8:$P$27,0),"")) | V10: =IF(U10="","",COUNTIF($U$7:U10,U10)) | W10: =IF(U10="","",U10*1000+V10)
A11: =IF(P11="","",INDEX(前年度名簿!$H$2:$H$451,P11)) | B11: =IF(P11="","",IFERROR(INDEX(設定!$G$8:$G$31,INT(INDEX(前年度名簿!$G$2:$G$451,P11)/1000)),INDEX(前年度名簿!$A$2:$A$451,P11)&INDEX(前年度名簿!$B$2:$B$451,P11))) | C11: =IF(P11="","",INDEX(前年度名簿!$C$2:$C$451,P11)) | D11: =IF(P11="","",INDEX(前年度名簿!$D$2:$D$451,P11)) | E11: =IF(T11="","",INDEX(新年度名簿!$K$2:$K$451,T11)) | F11: =IF(T11="","",INDEX(新年度名簿!$C$2:$C$451,T11)) | G11: =IF(Q11="","",INDEX(希望入力!$H$2:$H$551,Q11)&"") | H11: =IF(Q11="","",INDEX(希望入力!$I$2:$I$551,Q11)&"") | I11: =IF(Q11="","",INDEX(希望入力!$J$2:$J$551,Q11)&"") | J11: =IF(Q11="","",IF(G11="","要調整",IFERROR(IF(IF(OR(設定!$C$14="〇",設定!$C$14="○"),COUNTIFS($A$7:$A$456,">="&A11,$G$7:$G$456,G11),COUNTIF($G$7:$G$456,G11))<=(INDEX(設定!$Q$8:$Q$27,MATCH(G11,設定!$P$8:$P$27,0))+N(INDEX(設定!$R$8:$R$27,MATCH(G11,設定!$P$8:$P$27,0)))),G11,"要調整"),"要調整"))) | L11: =IF(P11="","",IF(K11<>"",K11,IF(OR(J11="",J11="要調整"),"",J11))) | M11: =IF(P11="","",IF(AND(計算用!$B$1=1,T11=""),"転出",IF(L11<>"","決定",IF(Q11="","未提出","要調整")))) | N11: =IF(OR(M11<>"要調整",H11=""),"",IFERROR((INDEX(設定!$Q$8:$Q$27,MATCH(H11,設定!$P$8:$P$27,0))+N(INDEX(設定!$R$8:$R$27,MATCH(H11,設定!$P$8:$P$27,0))))-INDEX(定員チェック!$F$7:$F$26,MATCH(H11,設定!$P$8:$P$27,0))-COUNTIFS($M$7:$M$456,"要調整",$G$7:$G$456,H11),"")) | O11: =IF(OR(M11<>"要調整",I11=""),"",IFERROR((INDEX(設定!$Q$8:$Q$27,MATCH(I11,設定!$P$8:$P$27,0))+N(INDEX(設定!$R$8:$R$27,MATCH(I11,設定!$P$8:$P$27,0))))-INDEX(定員チェック!$F$7:$F$26,MATCH(I11,設定!$P$8:$P$27,0))-COUNTIFS($M$7:$M$456,"要調整",$G$7:$G$456,I11),"")) | P11: =IFERROR(MATCH(SMALL(前年度名簿!$G$2:$G$451,5),前年度名簿!$G$2:$G$451,0),"") | Q11: =IF(R11="","",IFERROR(MATCH(R11,希望入力!$M$2:$M$551,0),"")) | R11: =IF(P11="","",INDEX(前年度名簿!$F$2:$F$451,P11)) | S11: =IF(P11="","",INDEX(前年度名簿!$I$2:$I$451,P11)) | T11: =IF(OR(P11="",計算用!$B$1=0),"",IFERROR(MATCH(S11,新年度名簿!$H$2:$H$451,0),"")) | U11: =IF(OR(L11="",M11="転出"),"",IFERROR(MATCH(L11,設定!$P$8:$P$27,0),"")) | V11: =IF(U11="","",COUNTIF($U$7:U11,U11)) | W11: =IF(U11="","",U11*1000+V11)
A12: =IF(P12="","",INDEX(前年度名簿!$H$2:$H$451,P12)) | B12: =IF(P12="","",IFERROR(INDEX(設定!$G$8:$G$31,INT(INDEX(前年度名簿!$G$2:$G$451,P12)/1000)),INDEX(前年度名簿!$A$2:$A$451,P12)&INDEX(前年度名簿!$B$2:$B$451,P12))) | C12: =IF(P12="","",INDEX(前年度名簿!$C$2:$C$451,P12)) | D12: =IF(P12="","",INDEX(前年度名簿!$D$2:$D$451,P12)) | E12: =IF(T12="","",INDEX(新年度名簿!$K$2:$K$451,T12)) | F12: =IF(T12="","",INDEX(新年度名簿!$C$2:$C$451,T12)) | G12: =IF(Q12="","",INDEX(希望入力!$H$2:$H$551,Q12)&"") | H12: =IF(Q12="","",INDEX(希望入力!$I$2:$I$551,Q12)&"") | I12: =IF(Q12="","",INDEX(希望入力!$J$2:$J$551,Q12)&"") | J12: =IF(Q12="","",IF(G12="","要調整",IFERROR(IF(IF(OR(設定!$C$14="〇",設定!$C$14="○"),COUNTIFS($A$7:$A$456,">="&A12,$G$7:$G$456,G12),COUNTIF($G$7:$G$456,G12))<=(INDEX(設定!$Q$8:$Q$27,MATCH(G12,設定!$P$8:$P$27,0))+N(INDEX(設定!$R$8:$R$27,MATCH(G12,設定!$P$8:$P$27,0)))),G12,"要調整"),"要調整"))) | L12: =IF(P12="","",IF(K12<>"",K12,IF(OR(J12="",J12="要調整"),"",J12))) | M12: =IF(P12="","",IF(AND(計算用!$B$1=1,T12=""),"転出",IF(L12<>"","決定",IF(Q12="","未提出","要調整")))) | N12: =IF(OR(M12<>"要調整",H12=""),"",IFERROR((INDEX(設定!$Q$8:$Q$27,MATCH(H12,設定!$P$8:$P$27,0))+N(INDEX(設定!$R$8:$R$27,MATCH(H12,設定!$P$8:$P$27,0))))-INDEX(定員チェック!$F$7:$F$26,MATCH(H12,設定!$P$8:$P$27,0))-COUNTIFS($M$7:$M$456,"要調整",$G$7:$G$456,H12),"")) | O12: =IF(OR(M12<>"要調整",I12=""),"",IFERROR((INDEX(設定!$Q$8:$Q$27,MATCH(I12,設定!$P$8:$P$27,0))+N(INDEX(設定!$R$8:$R$27,MATCH(I12,設定!$P$8:$P$27,0))))-INDEX(定員チェック!$F$7:$F$26,MATCH(I12,設定!$P$8:$P$27,0))-COUNTIFS($M$7:$M$456,"要調整",$G$7:$G$456,I12),"")) | P12: =IFERROR(MATCH(SMALL(前年度名簿!$G$2:$G$451,6),前年度名簿!$G$2:$G$451,0),"") | Q12: =IF(R12="","",IFERROR(MATCH(R12,希望入力!$M$2:$M$551,0),"")) | R12: =IF(P12="","",INDEX(前年度名簿!$F$2:$F$451,P12)) | S12: =IF(P12="","",INDEX(前年度名簿!$I$2:$I$451,P12)) | T12: =IF(OR(P12="",計算用!$B$1=0),"",IFERROR(MATCH(S12,新年度名簿!$H$2:$H$451,0),"")) | U12: =IF(OR(L12="",M12="転出"),"",IFERROR(MATCH(L12,設定!$P$8:$P$27,0),"")) | V12: =IF(U12="","",COUNTIF($U$7:U12,U12)) | W12: =IF(U12="","",U12*1000+V12)
A13: =IF(P13="","",INDEX(前年度名簿!$H$2:$H$451,P13)) | B13: =IF(P13="","",IFERROR(INDEX(設定!$G$8:$G$31,INT(INDEX(前年度名簿!$G$2:$G$451,P13)/1000)),INDEX(前年度名簿!$A$2:$A$451,P13)&INDEX(前年度名簿!$B$2:$B$451,P13))) | C13: =IF(P13="","",INDEX(前年度名簿!$C$2:$C$451,P13)) | D13: =IF(P13="","",INDEX(前年度名簿!$D$2:$D$451,P13)) | E13: =IF(T13="","",INDEX(新年度名簿!$K$2:$K$451,T13)) | F13: =IF(T13="","",INDEX(新年度名簿!$C$2:$C$451,T13)) | G13: =IF(Q13="","",INDEX(希望入力!$H$2:$H$551,Q13)&"") | H13: =IF(Q13="","",INDEX(希望入力!$I$2:$I$551,Q13)&"") | I13: =IF(Q13="","",INDEX(希望入力!$J$2:$J$551,Q13)&"") | J13: =IF(Q13="","",IF(G13="","要調整",IFERROR(IF(IF(OR(設定!$C$14="〇",設定!$C$14="○"),COUNTIFS($A$7:$A$456,">="&A13,$G$7:$G$456,G13),COUNTIF($G$7:$G$456,G13))<=(INDEX(設定!$Q$8:$Q$27,MATCH(G13,設定!$P$8:$P$27,0))+N(INDEX(設定!$R$8:$R$27,MATCH(G13,設定!$P$8:$P$27,0)))),G13,"要調整"),"要調整"))) | L13: =IF(P13="","",IF(K13<>"",K13,IF(OR(J13="",J13="要調整"),"",J13))) | M13: =IF(P13="","",IF(AND(計算用!$B$1=1,T13=""),"転出",IF(L13<>"","決定",IF(Q13="","未提出","要調整")))) | N13: =IF(OR(M13<>"要調整",H13=""),"",IFERROR((INDEX(設定!$Q$8:$Q$27,MATCH(H13,設定!$P$8:$P$27,0))+N(INDEX(設定!$R$8:$R$27,MATCH(H13,設定!$P$8:$P$27,0))))-INDEX(定員チェック!$F$7:$F$26,MATCH(H13,設定!$P$8:$P$27,0))-COUNTIFS($M$7:$M$456,"要調整",$G$7:$G$456,H13),"")) | O13: =IF(OR(M13<>"要調整",I13=""),"",IFERROR((INDEX(設定!$Q$8:$Q$27,MATCH(I13,設定!$P$8:$P$27,0))+N(INDEX(設定!$R$8:$R$27,MATCH(I13,設定!$P$8:$P$27,0))))-INDEX(定員チェック!$F$7:$F$26,MATCH(I13,設定!$P$8:$P$27,0))-COUNTIFS($M$7:$M$456,"要調整",$G$7:$G$456,I13),"")) | P13: =IFERROR(MATCH(SMALL(前年度名簿!$G$2:$G$451,7),前年度名簿!$G$2:$G$451,0),"") | Q13: =IF(R13="","",IFERROR(MATCH(R13,希望入力!$M$2:$M$551,0),"")) | R13: =IF(P13="","",INDEX(前年度名簿!$F$2:$F$451,P13)) | S13: =IF(P13="","",INDEX(前年度名簿!$I$2:$I$451,P13)) | T13: =IF(OR(P13="",計算用!$B$1=0),"",IFERROR(MATCH(S13,新年度名簿!$H$2:$H$451,0),"")) | U13: =IF(OR(L13="",M13="転出"),"",IFERROR(MATCH(L13,設定!$P$8:$P$27,0),"")) | V13: =IF(U13="","",COUNTIF($U$7:U13,U13)) | W13: =IF(U13="","",U13*1000+V13)
A14: =IF(P14="","",INDEX(前年度名簿!$H$2:$H$451,P14)) | B14: =IF(P14="","",IFERROR(INDEX(設定!$G$8:$G$31,INT(INDEX(前年度名簿!$G$2:$G$451,P14)/1000)),INDEX(前年度名簿!$A$2:$A$451,P14)&INDEX(前年度名簿!$B$2:$B$451,P14))) | C14: =IF(P14="","",INDEX(前年度名簿!$C$2:$C$451,P14)) | D14: =IF(P14="","",INDEX(前年度名簿!$D$2:$D$451,P14)) | E14: =IF(T14="","",INDEX(新年度名簿!$K$2:$K$451,T14)) | F14: =IF(T14="","",INDEX(新年度名簿!$C$2:$C$451,T14)) | G14: =IF(Q14="","",INDEX(希望入力!$H$2:$H$551,Q14)&"") | H14: =IF(Q14="","",INDEX(希望入力!$I$2:$I$551,Q14)&"") | I14: =IF(Q14="","",INDEX(希望入力!$J$2:$J$551,Q14)&"") | J14: =IF(Q14="","",IF(G14="","要調整",IFERROR(IF(IF(OR(設定!$C$14="〇",設定!$C$14="○"),COUNTIFS($A$7:$A$456,">="&A14,$G$7:$G$456,G14),COUNTIF($G$7:$G$456,G14))<=(INDEX(設定!$Q$8:$Q$27,MATCH(G14,設定!$P$8:$P$27,0))+N(INDEX(設定!$R$8:$R$27,MATCH(G14,設定!$P$8:$P$27,0)))),G14,"要調整"),"要調整"))) | L14: =IF(P14="","",IF(K14<>"",K14,IF(OR(J14="",J14="要調整"),"",J14))) | M14: =IF(P14="","",IF(AND(計算用!$B$1=1,T14=""),"転出",IF(L14<>"","決定",IF(Q14="","未提出","要調整")))) | N14: =IF(OR(M14<>"要調整",H14=""),"",IFERROR((INDEX(設定!$Q$8:$Q$27,MATCH(H14,設定!$P$8:$P$27,0))+N(INDEX(設定!$R$8:$R$27,MATCH(H14,設定!$P$8:$P$27,0))))-INDEX(定員チェック!$F$7:$F$26,MATCH(H14,設定!$P$8:$P$27,0))-COUNTIFS($M$7:$M$456,"要調整",$G$7:$G$456,H14),"")) | O14: =IF(OR(M14<>"要調整",I14=""),"",IFERROR((INDEX(設定!$Q$8:$Q$27,MATCH(I14,設定!$P$8:$P$27,0))+N(INDEX(設定!$R$8:$R$27,MATCH(I14,設定!$P$8:$P$27,0))))-INDEX(定員チェック!$F$7:$F$26,MATCH(I14,設定!$P$8:$P$27,0))-COUNTIFS($M$7:$M$456,"要調整",$G$7:$G$456,I14),"")) | P14: =IFERROR(MATCH(SMALL(前年度名簿!$G$2:$G$451,8),前年度名簿!$G$2:$G$451,0),"") | Q14: =IF(R14="","",IFERROR(MATCH(R14,希望入力!$M$2:$M$551,0),"")) | R14: =IF(P14="","",INDEX(前年度名簿!$F$2:$F$451,P14)) | S14: =IF(P14="","",INDEX(前年度名簿!$I$2:$I$451,P14)) | T14: =IF(OR(P14="",計算用!$B$1=0),"",IFERROR(MATCH(S14,新年度名簿!$H$2:$H$451,0),"")) | U14: =IF(OR(L14="",M14="転出"),"",IFERROR(MATCH(L14,設定!$P$8:$P$27,0),"")) | V14: =IF(U14="","",COUNTIF($U$7:U14,U14)) | W14: =IF(U14="","",U14*1000+V14)
A15: =IF(P15="","",INDEX(前年度名簿!$H$2:$H$451,P15)) | B15: =IF(P15="","",IFERROR(INDEX(設定!$G$8:$G$31,INT(INDEX(前年度名簿!$G$2:$G$451,P15)/1000)),INDEX(前年度名簿!$A$2:$A$451,P15)&INDEX(前年度名簿!$B$2:$B$451,P15))) | C15: =IF(P15="","",INDEX(前年度名簿!$C$2:$C$451,P15)) | D15: =IF(P15="","",INDEX(前年度名簿!$D$2:$D$451,P15)) | E15: =IF(T15="","",INDEX(新年度名簿!$K$2:$K$451,T15)) | F15: =IF(T15="","",INDEX(新年度名簿!$C$2:$C$451,T15)) | G15: =IF(Q15="","",INDEX(希望入力!$H$2:$H$551,Q15)&"") | H15: =IF(Q15="","",INDEX(希望入力!$I$2:$I$551,Q15)&"") | I15: =IF(Q15="","",INDEX(希望入力!$J$2:$J$551,Q15)&"") | J15: =IF(Q15="","",IF(G15="","要調整",IFERROR(IF(IF(OR(設定!$C$14="〇",設定!$C$14="○"),COUNTIFS($A$7:$A$456,">="&A15,$G$7:$G$456,G15),COUNTIF($G$7:$G$456,G15))<=(INDEX(設定!$Q$8:$Q$27,MATCH(G15,設定!$P$8:$P$27,0))+N(INDEX(設定!$R$8:$R$27,MATCH(G15,設定!$P$8:$P$27,0)))),G15,"要調整"),"要調整"))) | L15: =IF(P15="","",IF(K15<>"",K15,IF(OR(J15="",J15="要調整"),"",J15))) | M15: =IF(P15="","",IF(AND(計算用!$B$1=1,T15=""),"転出",IF(L15<>"","決定",IF(Q15="","未提出","要調整")))) | N15: =IF(OR(M15<>"要調整",H15=""),"",IFERROR((INDEX(設定!$Q$8:$Q$27,MATCH(H15,設定!$P$8:$P$27,0))+N(INDEX(設定!$R$8:$R$27,MATCH(H15,設定!$P$8:$P$27,0))))-INDEX(定員チェック!$F$7:$F$26,MATCH(H15,設定!$P$8:$P$27,0))-COUNTIFS($M$7:$M$456,"要調整",$G$7:$G$456,H15),"")) | O15: =IF(OR(M15<>"要調整",I15=""),"",IFERROR((INDEX(設定!$Q$8:$Q$27,MATCH(I15,設定!$P$8:$P$27,0))+N(INDEX(設定!$R$8:$R$27,MATCH(I15,設定!$P$8:$P$27,0))))-INDEX(定員チェック!$F$7:$F$26,MATCH(I15,設定!$P$8:$P$27,0))-COUNTIFS($M$7:$M$456,"要調整",$G$7:$G$456,I15),"")) | P15: =IFERROR(MATCH(SMALL(前年度名簿!$G$2:$G$451,9),前年度名簿!$G$2:$G$451,0),"") | Q15: =IF(R15="","",IFERROR(MATCH(R15,希望入力!$M$2:$M$551,0),"")) | R15: =IF(P15="","",INDEX(前年度名簿!$F$2:$F$451,P15)) | S15: =IF(P15="","",INDEX(前年度名簿!$I$2:$I$451,P15)) | T15: =IF(OR(P15="",計算用!$B$1=0),"",IFERROR(MATCH(S15,新年度名簿!$H$2:$H$451,0),"")) | U15: =IF(OR(L15="",M15="転出"),"",IFERROR(MATCH(L15,設定!$P$8:$P$27,0),"")) | V15: =IF(U15="","",COUNTIF($U$7:U15,U15)) | W15: =IF(U15="","",U15*1000+V15)
A16: =IF(P16="","",INDEX(前年度名簿!$H$2:$H$451,P16)) | B16: =IF(P16="","",IFERROR(INDEX(設定!$G$8:$G$31,INT(INDEX(前年度名簿!$G$2:$G$451,P16)/1000)),INDEX(前年度名簿!$A$2:$A$451,P16)&INDEX(前年度名簿!$B$2:$B$451,P16))) | C16: =IF(P16="","",INDEX(前年度名簿!$C$2:$C$451,P16)) | D16: =IF(P16="","",INDEX(前年度名簿!$D$2:$D$451,P16)) | E16: =IF(T16="","",INDEX(新年度名簿!$K$2:$K$451,T16)) | F16: =IF(T16="","",INDEX(新年度名簿!$C$2:$C$451,T16)) | G16: =IF(Q16="","",INDEX(希望入力!$H$2:$H$551,Q16)&"") | H16: =IF(Q16="","",INDEX(希望入力!$I$2:$I$551,Q16)&"") | I16: =IF(Q16="","",INDEX(希望入力!$J$2:$J$551,Q16)&"") | J16: =IF(Q16="","",IF(G16="","要調整",IFERROR(IF(IF(OR(設定!$C$14="〇",設定!$C$14="○"),COUNTIFS($A$7:$A$456,">="&A16,$G$7:$G$456,G16),COUNTIF($G$7:$G$456,G16))<=(INDEX(設定!$Q$8:$Q$27,MATCH(G16,設定!$P$8:$P$27,0))+N(INDEX(設定!$R$8:$R$27,MATCH(G16,設定!$P$8:$P$27,0)))),G16,"要調整"),"要調整"))) | L16: =IF(P16="","",IF(K16<>"",K16,IF(OR(J16="",J16="要調整"),"",J16))) | M16: =IF(P16="","",IF(AND(計算用!$B$1=1,T16=""),"転出",IF(L16<>"","決定",IF(Q16="","未提出","要調整")))) | N16: =IF(OR(M16<>"要調整",H16=""),"",IFERROR((INDEX(設定!$Q$8:$Q$27,MATCH(H16,設定!$P$8:$P$27,0))+N(INDEX(設定!$R$8:$R$27,MATCH(H16,設定!$P$8:$P$27,0))))-INDEX(定員チェック!$F$7:$F$26,MATCH(H16,設定!$P$8:$P$27,0))-COUNTIFS($M$7:$M$456,"要調整",$G$7:$G$456,H16),"")) | O16: =IF(OR(M16<>"要調整",I16=""),"",IFERROR((INDEX(設定!$Q$8:$Q$27,MATCH(I16,設定!$P$8:$P$27,0))+N(INDEX(設定!$R$8:$R$27,MATCH(I16,設定!$P$8:$P$27,0))))-INDEX(定員チェック!$F$7:$F$26,MATCH(I16,設定!$P$8:$P$27,0))-COUNTIFS($M$7:$M$456,"要調整",$G$7:$G$456,I16),"")) | P16: =IFERROR(MATCH(SMALL(前年度名簿!$G$2:$G$451,10),前年度名簿!$G$2:$G$451,0),"") | Q16: =IF(R16="","",IFERROR(MATCH(R16,希望入力!$M$2:$M$551,0),"")) | R16: =IF(P16="","",INDEX(前年度名簿!$F$2:$F$451,P16)) | S16: =IF(P16="","",INDEX(前年度名簿!$I$2:$I$451,P16)) | T16: =IF(OR(P16="",計算用!$B$1=0),"",IFERROR(MATCH(S16,新年度名簿!$H$2:$H$451,0),"")) | U16: =IF(OR(L16="",M16="転出"),"",IFERROR(MATCH(L16,設定!$P$8:$P$27,0),"")) | V16: =IF(U16="","",COUNTIF($U$7:U16,U16)) | W16: =IF(U16="","",U16*1000+V16)
A17: =IF(P17="","",INDEX(前年度名簿!$H$2:$H$451,P17)) | B17: =IF(P17="","",IFERROR(INDEX(設定!$G$8:$G$31,INT(INDEX(前年度名簿!$G$2:$G$451,P17)/1000)),INDEX(前年度名簿!$A$2:$A$451,P17)&INDEX(前年度名簿!$B$2:$B$451,P17))) | C17: =IF(P17="","",INDEX(前年度名簿!$C$2:$C$451,P17)) | D17: =IF(P17="","",INDEX(前年度名簿!$D$2:$D$451,P17)) | E17: =IF(T17="","",INDEX(新年度名簿!$K$2:$K$451,T17)) | F17: =IF(T17="","",INDEX(新年度名簿!$C$2:$C$451,T17)) | G17: =IF(Q17="","",INDEX(希望入力!$H$2:$H$551,Q17)&"") | H17: =IF(Q17="","",INDEX(希望入力!$I$2:$I$551,Q17)&"") | I17: =IF(Q17="","",INDEX(希望入力!$J$2:$J$551,Q17)&"") | J17: =IF(Q17="","",IF(G17="","要調整",IFERROR(IF(IF(OR(設定!$C$14="〇",設定!$C$14="○"),COUNTIFS($A$7:$A$456,">="&A17,$G$7:$G$456,G17),COUNTIF($G$7:$G$456,G17))<=(INDEX(設定!$Q$8:$Q$27,MATCH(G17,設定!$P$8:$P$27,0))+N(INDEX(設定!$R$8:$R$27,MATCH(G17,設定!$P$8:$P$27,0)))),G17,"要調整"),"要調整"))) | L17: =IF(P17="","",IF(K17<>"",K17,IF(OR(J17="",J17="要調整"),"",J17))) | M17: =IF(P17="","",IF(AND(計算用!$B$1=1,T17=""),"転出",IF(L17<>"","決定",IF(Q17="","未提出","要調整")))) | N17: =IF(OR(M17<>"要調整",H17=""),"",IFERROR((INDEX(設定!$Q$8:$Q$27,MATCH(H17,設定!$P$8:$P$27,0))+N(INDEX(設定!$R$8:$R$27,MATCH(H17,設定!$P$8:$P$27,0))))-INDEX(定員チェック!$F$7:$F$26,MATCH(H17,設定!$P$8:$P$27,0))-COUNTIFS($M$7:$M$456,"要調整",$G$7:$G$456,H17),"")) | O17: =IF(OR(M17<>"要調整",I17=""),"",IFERROR((INDEX(設定!$Q$8:$Q$27,MATCH(I17,設定!$P$8:$P$27,0))+N(INDEX(設定!$R$8:$R$27,MATCH(I17,設定!$P$8:$P$27,0))))-INDEX(定員チェック!$F$7:$F$26,MATCH(I17,設定!$P$8:$P$27,0))-COUNTIFS($M$7:$M$456,"要調整",$G$7:$G$456,I17),"")) | P17: =IFERROR(MATCH(SMALL(前年度名簿!$G$2:$G$451,11),前年度名簿!$G$2:$G$451,0),"") | Q17: =IF(R17="","",IFERROR(MATCH(R17,希望入力!$M$2:$M$551,0),"")) | R17: =IF(P17="","",INDEX(前年度名簿!$F$2:$F$451,P17)) | S17: =IF(P17="","",INDEX(前年度名簿!$I$2:$I$451,P17)) | T17: =IF(OR(P17="",計算用!$B$1=0),"",IFERROR(MATCH(S17,新年度名簿!$H$2:$H$451,0),"")) | U17: =IF(OR(L17="",M17="転出"),"",IFERROR(MATCH(L17,設定!$P$8:$P$27,0),"")) | V17: =IF(U17="","",COUNTIF($U$7:U17,U17)) | W17: =IF(U17="","",U17*1000+V17)
A18: =IF(P18="","",INDEX(前年度名簿!$H$2:$H$451,P18)) | B18: =IF(P18="","",IFERROR(INDEX(設定!$G$8:$G$31,INT(INDEX(前年度名簿!$G$2:$G$451,P18)/1000)),INDEX(前年度名簿!$A$2:$A$451,P18)&INDEX(前年度名簿!$B$2:$B$451,P18))) | C18: =IF(P18="","",INDEX(前年度名簿!$C$2:$C$451,P18)) | D18: =IF(P18="","",INDEX(前年度名簿!$D$2:$D$451,P18)) | E18: =IF(T18="","",INDEX(新年度名簿!$K$2:$K$451,T18)) | F18: =IF(T18="","",INDEX(新年度名簿!$C$2:$C$451,T18)) | G18: =IF(Q18="","",INDEX(希望入力!$H$2:$H$551,Q18)&"") | H18: =IF(Q18="","",INDEX(希望入力!$I$2:$I$551,Q18)&"") | I18: =IF(Q18="","",INDEX(希望入力!$J$2:$J$551,Q18)&"") | J18: =IF(Q18="","",IF(G18="","要調整",IFERROR(IF(IF(OR(設定!$C$14="〇",設定!$C$14="○"),COUNTIFS($A$7:$A$456,">="&A18,$G$7:$G$456,G18),COUNTIF($G$7:$G$456,G18))<=(INDEX(設定!$Q$8:$Q$27,MATCH(G18,設定!$P$8:$P$27,0))+N(INDEX(設定!$R$8:$R$27,MATCH(G18,設定!$P$8:$P$27,0)))),G18,"要調整"),"要調整"))) | L18: =IF(P18="","",IF(K18<>"",K18,IF(OR(J18="",J18="要調整"),"",J18))) | M18: =IF(P18="","",IF(AND(計算用!$B$1=1,T18=""),"転出",IF(L18<>"","決定",IF(Q18="","未提出","要調整")))) | N18: =IF(OR(M18<>"要調整",H18=""),"",IFERROR((INDEX(設定!$Q$8:$Q$27,MATCH(H18,設定!$P$8:$P$27,0))+N(INDEX(設定!$R$8:$R$27,MATCH(H18,設定!$P$8:$P$27,0))))-INDEX(定員チェック!$F$7:$F$26,MATCH(H18,設定!$P$8:$P$27,0))-COUNTIFS($M$7:$M$456,"要調整",$G$7:$G$456,H18),"")) | O18: =IF(OR(M18<>"要調整",I18=""),"",IFERROR((INDEX(設定!$Q$8:$Q$27,MATCH(I18,設定!$P$8:$P$27,0))+N(INDEX(設定!$R$8:$R$27,MATCH(I18,設定!$P$8:$P$27,0))))-INDEX(定員チェック!$F$7:$F$26,MATCH(I18,設定!$P$8:$P$27,0))-COUNTIFS($M$7:$M$456,"要調整",$G$7:$G$456,I18),"")) | P18: =IFERROR(MATCH(SMALL(前年度名簿!$G$2:$G$451,12),前年度名簿!$G$2:$G$451,0),"") | Q18: =IF(R18="","",IFERROR(MATCH(R18,希望入力!$M$2:$M$551,0),"")) | R18: =IF(P18="","",INDEX(前年度名簿!$F$2:$F$451,P18)) | S18: =IF(P18="","",INDEX(前年度名簿!$I$2:$I$451,P18)) | T18: =IF(OR(P18="",計算用!$B$1=0),"",IFERROR(MATCH(S18,新年度名簿!$H$2:$H$451,0),"")) | U18: =IF(OR(L18="",M18="転出"),"",IFERROR(MATCH(L18,設定!$P$8:$P$27,0),"")) | V18: =IF(U18="","",COUNTIF($U$7:U18,U18)) | W18: =IF(U18="","",U18*1000+V18)
A19: =IF(P19="","",INDEX(前年度名簿!$H$2:$H$451,P19)) | B19: =IF(P19="","",IFERROR(INDEX(設定!$G$8:$G$31,INT(INDEX(前年度名簿!$G$2:$G$451,P19)/1000)),INDEX(前年度名簿!$A$2:$A$451,P19)&INDEX(前年度名簿!$B$2:$B$451,P19))) | C19: =IF(P19="","",INDEX(前年度名簿!$C$2:$C$451,P19)) | D19: =IF(P19="","",INDEX(前年度名簿!$D$2:$D$451,P19)) | E19: =IF(T19="","",INDEX(新年度名簿!$K$2:$K$451,T19)) | F19: =IF(T19="","",INDEX(新年度名簿!$C$2:$C$451,T19)) | G19: =IF(Q19="","",INDEX(希望入力!$H$2:$H$551,Q19)&"") | H19: =IF(Q19="","",INDEX(希望入力!$I$2:$I$551,Q19)&"") | I19: =IF(Q19="","",INDEX(希望入力!$J$2:$J$551,Q19)&"") | J19: =IF(Q19="","",IF(G19="","要調整",IFERROR(IF(IF(OR(設定!$C$14="〇",設定!$C$14="○"),COUNTIFS($A$7:$A$456,">="&A19,$G$7:$G$456,G19),COUNTIF($G$7:$G$456,G19))<=(INDEX(設定!$Q$8:$Q$27,MATCH(G19,設定!$P$8:$P$27,0))+N(INDEX(設定!$R$8:$R$27,MATCH(G19,設定!$P$8:$P$27,0)))),G19,"要調整"),"要調整"))) | L19: =IF(P19="","",IF(K19<>"",K19,IF(OR(J19="",J19="要調整"),"",J19))) | M19: =IF(P19="","",IF(AND(計算用!$B$1=1,T19=""),"転出",IF(L19<>"","決定",IF(Q19="","未提出","要調整")))) | N19: =IF(OR(M19<>"要調整",H19=""),"",IFERROR((INDEX(設定!$Q$8:$Q$27,MATCH(H19,設定!$P$8:$P$27,0))+N(INDEX(設定!$R$8:$R$27,MATCH(H19,設定!$P$8:$P$27,0))))-INDEX(定員チェック!$F$7:$F$26,MATCH(H19,設定!$P$8:$P$27,0))-COUNTIFS($M$7:$M$456,"要調整",$G$7:$G$456,H19),"")) | O19: =IF(OR(M19<>"要調整",I19=""),"",IFERROR((INDEX(設定!$Q$8:$Q$27,MATCH(I19,設定!$P$8:$P$27,0))+N(INDEX(設定!$R$8:$R$27,MATCH(I19,設定!$P$8:$P$27,0))))-INDEX(定員チェック!$F$7:$F$26,MATCH(I19,設定!$P$8:$P$27,0))-COUNTIFS($M$7:$M$456,"要調整",$G$7:$G$456,I19),"")) | P19: =IFERROR(MATCH(SMALL(前年度名簿!$G$2:$G$451,13),前年度名簿!$G$2:$G$451,0),"") | Q19: =IF(R19="","",IFERROR(MATCH(R19,希望入力!$M$2:$M$551,0),"")) | R19: =IF(P19="","",INDEX(前年度名簿!$F$2:$F$451,P19)) | S19: =IF(P19="","",INDEX(前年度名簿!$I$2:$I$451,P19)) | T19: =IF(OR(P19="",計算用!$B$1=0),"",IFERROR(MATCH(S19,新年度名簿!$H$2:$H$451,0),"")) | U19: =IF(OR(L19="",M19="転出"),"",IFERROR(MATCH(L19,設定!$P$8:$P$27,0),"")) | V19: =IF(U19="","",COUNTIF($U$7:U19,U19)) | W19: =IF(U19="","",U19*1000+V19)
A20: =IF(P20="","",INDEX(前年度名簿!$H$2:$H$451,P20)) | B20: =IF(P20="","",IFERROR(INDEX(設定!$G$8:$G$31,INT(INDEX(前年度名簿!$G$2:$G$451,P20)/1000)),INDEX(前年度名簿!$A$2:$A$451,P20)&INDEX(前年度名簿!$B$2:$B$451,P20))) | C20: =IF(P20="","",INDEX(前年度名簿!$C$2:$C$451,P20)) | D20: =IF(P20="","",INDEX(前年度名簿!$D$2:$D$451,P20)) | E20: =IF(T20="","",INDEX(新年度名簿!$K$2:$K$451,T20)) | F20: =IF(T20="","",INDEX(新年度名簿!$C$2:$C$451,T20)) | G20: =IF(Q20="","",INDEX(希望入力!$H$2:$H$551,Q20)&"") | H20: =IF(Q20="","",INDEX(希望入力!$I$2:$I$551,Q20)&"") | I20: =IF(Q20="","",INDEX(希望入力!$J$2:$J$551,Q20)&"") | J20: =IF(Q20="","",IF(G20="","要調整",IFERROR(IF(IF(OR(設定!$C$14="〇",設定!$C$14="○"),COUNTIFS($A$7:$A$456,">="&A20,$G$7:$G$456,G20),COUNTIF($G$7:$G$456,G20))<=(INDEX(設定!$Q$8:$Q$27,MATCH(G20,設定!$P$8:$P$27,0))+N(INDEX(設定!$R$8:$R$27,MATCH(G20,設定!$P$8:$P$27,0)))),G20,"要調整"),"要調整"))) | L20: =IF(P20="","",IF(K20<>"",K20,IF(OR(J20="",J20="要調整"),"",J20))) | M20: =IF(P20="","",IF(AND(計算用!$B$1=1,T20=""),"転出",IF(L20<>"","決定",IF(Q20="","未提出","要調整")))) | N20: =IF(OR(M20<>"要調整",H20=""),"",IFERROR((INDEX(設定!$Q$8:$Q$27,MATCH(H20,設定!$P$8:$P$27,0))+N(INDEX(設定!$R$8:$R$27,MATCH(H20,設定!$P$8:$P$27,0))))-INDEX(定員チェック!$F$7:$F$26,MATCH(H20,設定!$P$8:$P$27,0))-COUNTIFS($M$7:$M$456,"要調整",$G$7:$G$456,H20),"")) | O20: =IF(OR(M20<>"要調整",I20=""),"",IFERROR((INDEX(設定!$Q$8:$Q$27,MATCH(I20,設定!$P$8:$P$27,0))+N(INDEX(設定!$R$8:$R$27,MATCH(I20,設定!$P$8:$P$27,0))))-INDEX(定員チェック!$F$7:$F$26,MATCH(I20,設定!$P$8:$P$27,0))-COUNTIFS($M$7:$M$456,"要調整",$G$7:$G$456,I20),"")) | P20: =IFERROR(MATCH(SMALL(前年度名簿!$G$2:$G$451,14),前年度名簿!$G$2:$G$451,0),"") | Q20: =IF(R20="","",IFERROR(MATCH(R20,希望入力!$M$2:$M$551,0),"")) | R20: =IF(P20="","",INDEX(前年度名簿!$F$2:$F$451,P20)) | S20: =IF(P20="","",INDEX(前年度名簿!$I$2:$I$451,P20)) | T20: =IF(OR(P20="",計算用!$B$1=0),"",IFERROR(MATCH(S20,新年度名簿!$H$2:$H$451,0),"")) | U20: =IF(OR(L20="",M20="転出"),"",IFERROR(MATCH(L20,設定!$P$8:$P$27,0),"")) | V20: =IF(U20="","",COUNTIF($U$7:U20,U20)) | W20: =IF(U20="","",U20*1000+V20)
A21: =IF(P21="","",INDEX(前年度名簿!$H$2:$H$451,P21)) | B21: =IF(P21="","",IFERROR(INDEX(設定!$G$8:$G$31,INT(INDEX(前年度名簿!$G$2:$G$451,P21)/1000)),INDEX(前年度名簿!$A$2:$A$451,P21)&INDEX(前年度名簿!$B$2:$B$451,P21))) | C21: =IF(P21="","",INDEX(前年度名簿!$C$2:$C$451,P21)) | D21: =IF(P21="","",INDEX(前年度名簿!$D$2:$D$451,P21)) | E21: =IF(T21="","",INDEX(新年度名簿!$K$2:$K$451,T21)) | F21: =IF(T21="","",INDEX(新年度名簿!$C$2:$C$451,T21)) | G21: =IF(Q21="","",INDEX(希望入力!$H$2:$H$551,Q21)&"") | H21: =IF(Q21="","",INDEX(希望入力!$I$2:$I$551,Q21)&"") | I21: =IF(Q21="","",INDEX(希望入力!$J$2:$J$551,Q21)&"") | J21: =IF(Q21="","",IF(G21="","要調整",IFERROR(IF(IF(OR(設定!$C$14="〇",設定!$C$14="○"),COUNTIFS($A$7:$A$456,">="&A21,$G$7:$G$456,G21),COUNTIF($G$7:$G$456,G21))<=(INDEX(設定!$Q$8:$Q$27,MATCH(G21,設定!$P$8:$P$27,0))+N(INDEX(設定!$R$8:$R$27,MATCH(G21,設定!$P$8:$P$27,0)))),G21,"要調整"),"要調整"))) | L21: =IF(P21="","",IF(K21<>"",K21,IF(OR(J21="",J21="要調整"),"",J21))) | M21: =IF(P21="","",IF(AND(計算用!$B$1=1,T21=""),"転出",IF(L21<>"","決定",IF(Q21="","未提出","要調整")))) | N21: =IF(OR(M21<>"要調整",H21=""),"",IFERROR((INDEX(設定!$Q$8:$Q$27,MATCH(H21,設定!$P$8:$P$27,0))+N(INDEX(設定!$R$8:$R$27,MATCH(H21,設定!$P$8:$P$27,0))))-INDEX(定員チェック!$F$7:$F$26,MATCH(H21,設定!$P$8:$P$27,0))-COUNTIFS($M$7:$M$456,"要調整",$G$7:$G$456,H21),"")) | O21: =IF(OR(M21<>"要調整",I21=""),"",IFERROR((INDEX(設定!$Q$8:$Q$27,MATCH(I21,設定!$P$8:$P$27,0))+N(INDEX(設定!$R$8:$R$27,MATCH(I21,設定!$P$8:$P$27,0))))-INDEX(定員チェック!$F$7:$F$26,MATCH(I21,設定!$P$8:$P$27,0))-COUNTIFS($M$7:$M$456,"要調整",$G$7:$G$456,I21),"")) | P21: =IFERROR(MATCH(SMALL(前年度名簿!$G$2:$G$451,15),前年度名簿!$G$2:$G$451,0),"") | Q21: =IF(R21="","",IFERROR(MATCH(R21,希望入力!$M$2:$M$551,0),"")) | R21: =IF(P21="","",INDEX(前年度名簿!$F$2:$F$451,P21)) | S21: =IF(P21="","",INDEX(前年度名簿!$I$2:$I$451,P21)) | T21: =IF(OR(P21="",計算用!$B$1=0),"",IFERROR(MATCH(S21,新年度名簿!$H$2:$H$451,0),"")) | U21: =IF(OR(L21="",M21="転出"),"",IFERROR(MATCH(L21,設定!$P$8:$P$27,0),"")) | V21: =IF(U21="","",COUNTIF($U$7:U21,U21)) | W21: =IF(U21="","",U21*1000+V21)
A22: =IF(P22="","",INDEX(前年度名簿!$H$2:$H$451,P22)) | B22: =IF(P22="","",IFERROR(INDEX(設定!$G$8:$G$31,INT(INDEX(前年度名簿!$G$2:$G$451,P22)/1000)),INDEX(前年度名簿!$A$2:$A$451,P22)&INDEX(前年度名簿!$B$2:$B$451,P22))) | C22: =IF(P22="","",INDEX(前年度名簿!$C$2:$C$451,P22)) | D22: =IF(P22="","",INDEX(前年度名簿!$D$2:$D$451,P22)) | E22: =IF(T22="","",INDEX(新年度名簿!$K$2:$K$451,T22)) | F22: =IF(T22="","",INDEX(新年度名簿!$C$2:$C$451,T22)) | G22: =IF(Q22="","",INDEX(希望入力!$H$2:$H$551,Q22)&"") | H22: =IF(Q22="","",INDEX(希望入力!$I$2:$I$551,Q22)&"") | I22: =IF(Q22="","",INDEX(希望入力!$J$2:$J$551,Q22)&"") | J22: =IF(Q22="","",IF(G22="","要調整",IFERROR(IF(IF(OR(設定!$C$14="〇",設定!$C$14="○"),COUNTIFS($A$7:$A$456,">="&A22,$G$7:$G$456,G22),COUNTIF($G$7:$G$456,G22))<=(INDEX(設定!$Q$8:$Q$27,MATCH(G22,設定!$P$8:$P$27,0))+N(INDEX(設定!$R$8:$R$27,MATCH(G22,設定!$P$8:$P$27,0)))),G22,"要調整"),"要調整"))) | L22: =IF(P22="","",IF(K22<>"",K22,IF(OR(J22="",J22="要調整"),"",J22))) | M22: =IF(P22="","",IF(AND(計算用!$B$1=1,T22=""),"転出",IF(L22<>"","決定",IF(Q22="","未提出","要調整")))) | N22: =IF(OR(M22<>"要調整",H22=""),"",IFERROR((INDEX(設定!$Q$8:$Q$27,MATCH(H22,設定!$P$8:$P$27,0))+N(INDEX(設定!$R$8:$R$27,MATCH(H22,設定!$P$8:$P$27,0))))-INDEX(定員チェック!$F$7:$F$26,MATCH(H22,設定!$P$8:$P$27,0))-COUNTIFS($M$7:$M$456,"要調整",$G$7:$G$456,H22),"")) | O22: =IF(OR(M22<>"要調整",I22=""),"",IFERROR((INDEX(設定!$Q$8:$Q$27,MATCH(I22,設定!$P$8:$P$27,0))+N(INDEX(設定!$R$8:$R$27,MATCH(I22,設定!$P$8:$P$27,0))))-INDEX(定員チェック!$F$7:$F$26,MATCH(I22,設定!$P$8:$P$27,0))-COUNTIFS($M$7:$M$456,"要調整",$G$7:$G$456,I22),"")) | P22: =IFERROR(MATCH(SMALL(前年度名簿!$G$2:$G$451,16),前年度名簿!$G$2:$G$451,0),"") | Q22: =IF(R22="","",IFERROR(MATCH(R22,希望入力!$M$2:$M$551,0),"")) | R22: =IF(P22="","",INDEX(前年度名簿!$F$2:$F$451,P22)) | S22: =IF(P22="","",INDEX(前年度名簿!$I$2:$I$451,P22)) | T22: =IF(OR(P22="",計算用!$B$1=0),"",IFERROR(MATCH(S22,新年度名簿!$H$2:$H$451,0),"")) | U22: =IF(OR(L22="",M22="転出"),"",IFERROR(MATCH(L22,設定!$P$8:$P$27,0),"")) | V22: =IF(U22="","",COUNTIF($U$7:U22,U22)) | W22: =IF(U22="","",U22*1000+V22)
A23: =IF(P23="","",INDEX(前年度名簿!$H$2:$H$451,P23)) | B23: =IF(P23="","",IFERROR(INDEX(設定!$G$8:$G$31,INT(INDEX(前年度名簿!$G$2:$G$451,P23)/1000)),INDEX(前年度名簿!$A$2:$A$451,P23)&INDEX(前年度名簿!$B$2:$B$451,P23))) | C23: =IF(P23="","",INDEX(前年度名簿!$C$2:$C$451,P23)) | D23: =IF(P23="","",INDEX(前年度名簿!$D$2:$D$451,P23)) | E23: =IF(T23="","",INDEX(新年度名簿!$K$2:$K$451,T23)) | F23: =IF(T23="","",INDEX(新年度名簿!$C$2:$C$451,T23)) | G23: =IF(Q23="","",INDEX(希望入力!$H$2:$H$551,Q23)&"") | H23: =IF(Q23="","",INDEX(希望入力!$I$2:$I$551,Q23)&"") | I23: =IF(Q23="","",INDEX(希望入力!$J$2:$J$551,Q23)&"") | J23: =IF(Q23="","",IF(G23="","要調整",IFERROR(IF(IF(OR(設定!$C$14="〇",設定!$C$14="○"),COUNTIFS($A$7:$A$456,">="&A23,$G$7:$G$456,G23),COUNTIF($G$7:$G$456,G23))<=(INDEX(設定!$Q$8:$Q$27,MATCH(G23,設定!$P$8:$P$27,0))+N(INDEX(設定!$R$8:$R$27,MATCH(G23,設定!$P$8:$P$27,0)))),G23,"要調整"),"要調整"))) | L23: =IF(P23="","",IF(K23<>"",K23,IF(OR(J23="",J23="要調整"),"",J23))) | M23: =IF(P23="","",IF(AND(計算用!$B$1=1,T23=""),"転出",IF(L23<>"","決定",IF(Q23="","未提出","要調整")))) | N23: =IF(OR(M23<>"要調整",H23=""),"",IFERROR((INDEX(設定!$Q$8:$Q$27,MATCH(H23,設定!$P$8:$P$27,0))+N(INDEX(設定!$R$8:$R$27,MATCH(H23,設定!$P$8:$P$27,0))))-INDEX(定員チェック!$F$7:$F$26,MATCH(H23,設定!$P$8:$P$27,0))-COUNTIFS($M$7:$M$456,"要調整",$G$7:$G$456,H23),"")) | O23: =IF(OR(M23<>"要調整",I23=""),"",IFERROR((INDEX(設定!$Q$8:$Q$27,MATCH(I23,設定!$P$8:$P$27,0))+N(INDEX(設定!$R$8:$R$27,MATCH(I23,設定!$P$8:$P$27,0))))-INDEX(定員チェック!$F$7:$F$26,MATCH(I23,設定!$P$8:$P$27,0))-COUNTIFS($M$7:$M$456,"要調整",$G$7:$G$456,I23),"")) | P23: =IFERROR(MATCH(SMALL(前年度名簿!$G$2:$G$451,17),前年度名簿!$G$2:$G$451,0),"") | Q23: =IF(R23="","",IFERROR(MATCH(R23,希望入力!$M$2:$M$551,0),"")) | R23: =IF(P23="","",INDEX(前年度名簿!$F$2:$F$451,P23)) | S23: =IF(P23="","",INDEX(前年度名簿!$I$2:$I$451,P23)) | T23: =IF(OR(P23="",計算用!$B$1=0),"",IFERROR(MATCH(S23,新年度名簿!$H$2:$H$451,0),"")) | U23: =IF(OR(L23="",M23="転出"),"",IFERROR(MATCH(L23,設定!$P$8:$P$27,0),"")) | V23: =IF(U23="","",COUNTIF($U$7:U23,U23)) | W23: =IF(U23="","",U23*1000+V23)
A24: =IF(P24="","",INDEX(前年度名簿!$H$2:$H$451,P24)) | B24: =IF(P24="","",IFERROR(INDEX(設定!$G$8:$G$31,INT(INDEX(前年度名簿!$G$2:$G$451,P24)/1000)),INDEX(前年度名簿!$A$2:$A$451,P24)&INDEX(前年度名簿!$B$2:$B$451,P24))) | C24: =IF(P24="","",INDEX(前年度名簿!$C$2:$C$451,P24)) | D24: =IF(P24="","",INDEX(前年度名簿!$D$2:$D$451,P24)) | E24: =IF(T24="","",INDEX(新年度名簿!$K$2:$K$451,T24)) | F24: =IF(T24="","",INDEX(新年度名簿!$C$2:$C$451,T24)) | G24: =IF(Q24="","",INDEX(希望入力!$H$2:$H$551,Q24)&"") | H24: =IF(Q24="","",INDEX(希望入力!$I$2:$I$551,Q24)&"") | I24: =IF(Q24="","",INDEX(希望入力!$J$2:$J$551,Q24)&"") | J24: =IF(Q24="","",IF(G24="","要調整",IFERROR(IF(IF(OR(設定!$C$14="〇",設定!$C$14="○"),COUNTIFS($A$7:$A$456,">="&A24,$G$7:$G$456,G24),COUNTIF($G$7:$G$456,G24))<=(INDEX(設定!$Q$8:$Q$27,MATCH(G24,設定!$P$8:$P$27,0))+N(INDEX(設定!$R$8:$R$27,MATCH(G24,設定!$P$8:$P$27,0)))),G24,"要調整"),"要調整"))) | L24: =IF(P24="","",IF(K24<>"",K24,IF(OR(J24="",J24="要調整"),"",J24))) | M24: =IF(P24="","",IF(AND(計算用!$B$1=1,T24=""),"転出",IF(L24<>"","決定",IF(Q24="","未提出","要調整")))) | N24: =IF(OR(M24<>"要調整",H24=""),"",IFERROR((INDEX(設定!$Q$8:$Q$27,MATCH(H24,設定!$P$8:$P$27,0))+N(INDEX(設定!$R$8:$R$27,MATCH(H24,設定!$P$8:$P$27,0))))-INDEX(定員チェック!$F$7:$F$26,MATCH(H24,設定!$P$8:$P$27,0))-COUNTIFS($M$7:$M$456,"要調整",$G$7:$G$456,H24),"")) | O24: =IF(OR(M24<>"要調整",I24=""),"",IFERROR((INDEX(設定!$Q$8:$Q$27,MATCH(I24,設定!$P$8:$P$27,0))+N(INDEX(設定!$R$8:$R$27,MATCH(I24,設定!$P$8:$P$27,0))))-INDEX(定員チェック!$F$7:$F$26,MATCH(I24,設定!$P$8:$P$27,0))-COUNTIFS($M$7:$M$456,"要調整",$G$7:$G$456,I24),"")) | P24: =IFERROR(MATCH(SMALL(前年度名簿!$G$2:$G$451,18),前年度名簿!$G$2:$G$451,0),"") | Q24: =IF(R24="","",IFERROR(MATCH(R24,希望入力!$M$2:$M$551,0),"")) | R24: =IF(P24="","",INDEX(前年度名簿!$F$2:$F$451,P24)) | S24: =IF(P24="","",INDEX(前年度名簿!$I$2:$I$451,P24)) | T24: =IF(OR(P24="",計算用!$B$1=0),"",IFERROR(MATCH(S24,新年度名簿!$H$2:$H$451,0),"")) | U24: =IF(OR(L24="",M24="転出"),"",IFERROR(MATCH(L24,設定!$P$8:$P$27,0),"")) | V24: =IF(U24="","",COUNTIF($U$7:U24,U24)) | W24: =IF(U24="","",U24*1000+V24)
A25: =IF(P25="","",INDEX(前年度名簿!$H$2:$H$451,P25)) | B25: =IF(P25="","",IFERROR(INDEX(設定!$G$8:$G$31,INT(INDEX(前年度名簿!$G$2:$G$451,P25)/1000)),INDEX(前年度名簿!$A$2:$A$451,P25)&INDEX(前年度名簿!$B$2:$B$451,P25))) | C25: =IF(P25="","",INDEX(前年度名簿!$C$2:$C$451,P25)) | D25: =IF(P25="","",INDEX(前年度名簿!$D$2:$D$451,P25)) | E25: =IF(T25="","",INDEX(新年度名簿!$K$2:$K$451,T25)) | F25: =IF(T25="","",INDEX(新年度名簿!$C$2:$C$451,T25)) | G25: =IF(Q25="","",INDEX(希望入力!$H$2:$H$551,Q25)&"") | H25: =IF(Q25="","",INDEX(希望入力!$I$2:$I$551,Q25)&"") | I25: =IF(Q25="","",INDEX(希望入力!$J$2:$J$551,Q25)&"") | J25: =IF(Q25="","",IF(G25="","要調整",IFERROR(IF(IF(OR(設定!$C$14="〇",設定!$C$14="○"),COUNTIFS($A$7:$A$456,">="&A25,$G$7:$G$456,G25),COUNTIF($G$7:$G$456,G25))<=(INDEX(設定!$Q$8:$Q$27,MATCH(G25,設定!$P$8:$P$27,0))+N(INDEX(設定!$R$8:$R$27,MATCH(G25,設定!$P$8:$P$27,0)))),G25,"要調整"),"要調整"))) | L25: =IF(P25="","",IF(K25<>"",K25,IF(OR(J25="",J25="要調整"),"",J25))) | M25: =IF(P25="","",IF(AND(計算用!$B$1=1,T25=""),"転出",IF(L25<>"","決定",IF(Q25="","未提出","要調整")))) | N25: =IF(OR(M25<>"要調整",H25=""),"",IFERROR((INDEX(設定!$Q$8:$Q$27,MATCH(H25,設定!$P$8:$P$27,0))+N(INDEX(設定!$R$8:$R$27,MATCH(H25,設定!$P$8:$P$27,0))))-INDEX(定員チェック!$F$7:$F$26,MATCH(H25,設定!$P$8:$P$27,0))-COUNTIFS($M$7:$M$456,"要調整",$G$7:$G$456,H25),"")) | O25: =IF(OR(M25<>"要調整",I25=""),"",IFERROR((INDEX(設定!$Q$8:$Q$27,MATCH(I25,設定!$P$8:$P$27,0))+N(INDEX(設定!$R$8:$R$27,MATCH(I25,設定!$P$8:$P$27,0))))-INDEX(定員チェック!$F$7:$F$26,MATCH(I25,設定!$P$8:$P$27,0))-COUNTIFS($M$7:$M$456,"要調整",$G$7:$G$456,I25),"")) | P25: =IFERROR(MATCH(SMALL(前年度名簿!$G$2:$G$451,19),前年度名簿!$G$2:$G$451,0),"") | Q25: =IF(R25="","",IFERROR(MATCH(R25,希望入力!$M$2:$M$551,0),"")) | R25: =IF(P25="","",INDEX(前年度名簿!$F$2:$F$451,P25)) | S25: =IF(P25="","",INDEX(前年度名簿!$I$2:$I$451,P25)) | T25: =IF(OR(P25="",計算用!$B$1=0),"",IFERROR(MATCH(S25,新年度名簿!$H$2:$H$451,0),"")) | U25: =IF(OR(L25="",M25="転出"),"",IFERROR(MATCH(L25,設定!$P$8:$P$27,0),"")) | V25: =IF(U25="","",COUNTIF($U$7:U25,U25)) | W25: =IF(U25="","",U25*1000+V25)
A26: =IF(P26="","",INDEX(前年度名簿!$H$2:$H$451,P26)) | B26: =IF(P26="","",IFERROR(INDEX(設定!$G$8:$G$31,INT(INDEX(前年度名簿!$G$2:$G$451,P26)/1000)),INDEX(前年度名簿!$A$2:$A$451,P26)&INDEX(前年度名簿!$B$2:$B$451,P26))) | C26: =IF(P26="","",INDEX(前年度名簿!$C$2:$C$451,P26)) | D26: =IF(P26="","",INDEX(前年度名簿!$D$2:$D$451,P26)) | E26: =IF(T26="","",INDEX(新年度名簿!$K$2:$K$451,T26)) | F26: =IF(T26="","",INDEX(新年度名簿!$C$2:$C$451,T26)) | G26: =IF(Q26="","",INDEX(希望入力!$H$2:$H$551,Q26)&"") | H26: =IF(Q26="","",INDEX(希望入力!$I$2:$I$551,Q26)&"") | I26: =IF(Q26="","",INDEX(希望入力!$J$2:$J$551,Q26)&"") | J26: =IF(Q26="","",IF(G26="","要調整",IFERROR(IF(IF(OR(設定!$C$14="〇",設定!$C$14="○"),COUNTIFS($A$7:$A$456,">="&A26,$G$7:$G$456,G26),COUNTIF($G$7:$G$456,G26))<=(INDEX(設定!$Q$8:$Q$27,MATCH(G26,設定!$P$8:$P$27,0))+N(INDEX(設定!$R$8:$R$27,MATCH(G26,設定!$P$8:$P$27,0)))),G26,"要調整"),"要調整"))) | L26: =IF(P26="","",IF(K26<>"",K26,IF(OR(J26="",J26="要調整"),"",J26))) | M26: =IF(P26="","",IF(AND(計算用!$B$1=1,T26=""),"転出",IF(L26<>"","決定",IF(Q26="","未提出","要調整")))) | N26: =IF(OR(M26<>"要調整",H26=""),"",IFERROR((INDEX(設定!$Q$8:$Q$27,MATCH(H26,設定!$P$8:$P$27,0))+N(INDEX(設定!$R$8:$R$27,MATCH(H26,設定!$P$8:$P$27,0))))-INDEX(定員チェック!$F$7:$F$26,MATCH(H26,設定!$P$8:$P$27,0))-COUNTIFS($M$7:$M$456,"要調整",$G$7:$G$456,H26),"")) | O26: =IF(OR(M26<>"要調整",I26=""),"",IFERROR((INDEX(設定!$Q$8:$Q$27,MATCH(I26,設定!$P$8:$P$27,0))+N(INDEX(設定!$R$8:$R$27,MATCH(I26,設定!$P$8:$P$27,0))))-INDEX(定員チェック!$F$7:$F$26,MATCH(I26,設定!$P$8:$P$27,0))-COUNTIFS($M$7:$M$456,"要調整",$G$7:$G$456,I26),"")) | P26: =IFERROR(MATCH(SMALL(前年度名簿!$G$2:$G$451,20),前年度名簿!$G$2:$G$451,0),"") | Q26: =IF(R26="","",IFERROR(MATCH(R26,希望入力!$M$2:$M$551,0),"")) | R26: =IF(P26="","",INDEX(前年度名簿!$F$2:$F$451,P26)) | S26: =IF(P26="","",INDEX(前年度名簿!$I$2:$I$451,P26)) | T26: =IF(OR(P26="",計算用!$B$1=0),"",IFERROR(MATCH(S26,新年度名簿!$H$2:$H$451,0),"")) | U26: =IF(OR(L26="",M26="転出"),"",IFERROR(MATCH(L26,設定!$P$8:$P$27,0),"")) | V26: =IF(U26="","",COUNTIF($U$7:U26,U26)) | W26: =IF(U26="","",U26*1000+V26)
A27: =IF(P27="","",INDEX(前年度名簿!$H$2:$H$451,P27)) | B27: =IF(P27="","",IFERROR(INDEX(設定!$G$8:$G$31,INT(INDEX(前年度名簿!$G$2:$G$451,P27)/1000)),INDEX(前年度名簿!$A$2:$A$451,P27)&INDEX(前年度名簿!$B$2:$B$451,P27))) | C27: =IF(P27="","",INDEX(前年度名簿!$C$2:$C$451,P27)) | D27: =IF(P27="","",INDEX(前年度名簿!$D$2:$D$451,P27)) | E27: =IF(T27="","",INDEX(新年度名簿!$K$2:$K$451,T27)) | F27: =IF(T27="","",INDEX(新年度名簿!$C$2:$C$451,T27)) | G27: =IF(Q27="","",INDEX(希望入力!$H$2:$H$551,Q27)&"") | H27: =IF(Q27="","",INDEX(希望入力!$I$2:$I$551,Q27)&"") | I27: =IF(Q27="","",INDEX(希望入力!$J$2:$J$551,Q27)&"") | J27: =IF(Q27="","",IF(G27="","要調整",IFERROR(IF(IF(OR(設定!$C$14="〇",設定!$C$14="○"),COUNTIFS($A$7:$A$456,">="&A27,$G$7:$G$456,G27),COUNTIF($G$7:$G$456,G27))<=(INDEX(設定!$Q$8:$Q$27,MATCH(G27,設定!$P$8:$P$27,0))+N(INDEX(設定!$R$8:$R$27,MATCH(G27,設定!$P$8:$P$27,0)))),G27,"要調整"),"要調整"))) | L27: =IF(P27="","",IF(K27<>"",K27,IF(OR(J27="",J27="要調整"),"",J27))) | M27: =IF(P27="","",IF(AND(計算用!$B$1=1,T27=""),"転出",IF(L27<>"","決定",IF(Q27="","未提出","要調整")))) | N27: =IF(OR(M27<>"要調整",H27=""),"",IFERROR((INDEX(設定!$Q$8:$Q$27,MATCH(H27,設定!$P$8:$P$27,0))+N(INDEX(設定!$R$8:$R$27,MATCH(H27,設定!$P$8:$P$27,0))))-INDEX(定員チェック!$F$7:$F$26,MATCH(H27,設定!$P$8:$P$27,0))-COUNTIFS($M$7:$M$456,"要調整",$G$7:$G$456,H27),"")) | O27: =IF(OR(M27<>"要調整",I27=""),"",IFERROR((INDEX(設定!$Q$8:$Q$27,MATCH(I27,設定!$P$8:$P$27,0))+N(INDEX(設定!$R$8:$R$27,MATCH(I27,設定!$P$8:$P$27,0))))-INDEX(定員チェック!$F$7:$F$26,MATCH(I27,設定!$P$8:$P$27,0))-COUNTIFS($M$7:$M$456,"要調整",$G$7:$G$456,I27),"")) | P27: =IFERROR(MATCH(SMALL(前年度名簿!$G$2:$G$451,21),前年度名簿!$G$2:$G$451,0),"") | Q27: =IF(R27="","",IFERROR(MATCH(R27,希望入力!$M$2:$M$551,0),"")) | R27: =IF(P27="","",INDEX(前年度名簿!$F$2:$F$451,P27)) | S27: =IF(P27="","",INDEX(前年度名簿!$I$2:$I$451,P27)) | T27: =IF(OR(P27="",計算用!$B$1=0),"",IFERROR(MATCH(S27,新年度名簿!$H$2:$H$451,0),"")) | U27: =IF(OR(L27="",M27="転出"),"",IFERROR(MATCH(L27,設定!$P$8:$P$27,0),"")) | V27: =IF(U27="","",COUNTIF($U$7:U27,U27)) | W27: =IF(U27="","",U27*1000+V27)
A28: =IF(P28="","",INDEX(前年度名簿!$H$2:$H$451,P28)) | B28: =IF(P28="","",IFERROR(INDEX(設定!$G$8:$G$31,INT(INDEX(前年度名簿!$G$2:$G$451,P28)/1000)),INDEX(前年度名簿!$A$2:$A$451,P28)&INDEX(前年度名簿!$B$2:$B$451,P28))) | C28: =IF(P28="","",INDEX(前年度名簿!$C$2:$C$451,P28)) | D28: =IF(P28="","",INDEX(前年度名簿!$D$2:$D$451,P28)) | E28: =IF(T28="","",INDEX(新年度名簿!$K$2:$K$451,T28)) | F28: =IF(T28="","",INDEX(新年度名簿!$C$2:$C$451,T28)) | G28: =IF(Q28="","",INDEX(希望入力!$H$2:$H$551,Q28)&"") | H28: =IF(Q28="","",INDEX(希望入力!$I$2:$I$551,Q28)&"") | I28: =IF(Q28="","",INDEX(希望入力!$J$2:$J$551,Q28)&"") | J28: =IF(Q28="","",IF(G28="","要調整",IFERROR(IF(IF(OR(設定!$C$14="〇",設定!$C$14="○"),COUNTIFS($A$7:$A$456,">="&A28,$G$7:$G$456,G28),COUNTIF($G$7:$G$456,G28))<=(INDEX(設定!$Q$8:$Q$27,MATCH(G28,設定!$P$8:$P$27,0))+N(INDEX(設定!$R$8:$R$27,MATCH(G28,設定!$P$8:$P$27,0)))),G28,"要調整"),"要調整"))) | L28: =IF(P28="","",IF(K28<>"",K28,IF(OR(J28="",J28="要調整"),"",J28))) | M28: =IF(P28="","",IF(AND(計算用!$B$1=1,T28=""),"転出",IF(L28<>"","決定",IF(Q28="","未提出","要調整")))) | N28: =IF(OR(M28<>"要調整",H28=""),"",IFERROR((INDEX(設定!$Q$8:$Q$27,MATCH(H28,設定!$P$8:$P$27,0))+N(INDEX(設定!$R$8:$R$27,MATCH(H28,設定!$P$8:$P$27,0))))-INDEX(定員チェック!$F$7:$F$26,MATCH(H28,設定!$P$8:$P$27,0))-COUNTIFS($M$7:$M$456,"要調整",$G$7:$G$456,H28),"")) | O28: =IF(OR(M28<>"要調整",I28=""),"",IFERROR((INDEX(設定!$Q$8:$Q$27,MATCH(I28,設定!$P$8:$P$27,0))+N(INDEX(設定!$R$8:$R$27,MATCH(I28,設定!$P$8:$P$27,0))))-INDEX(定員チェック!$F$7:$F$26,MATCH(I28,設定!$P$8:$P$27,0))-COUNTIFS($M$7:$M$456,"要調整",$G$7:$G$456,I28),"")) | P28: =IFERROR(MATCH(SMALL(前年度名簿!$G$2:$G$451,22),前年度名簿!$G$2:$G$451,0),"") | Q28: =IF(R28="","",IFERROR(MATCH(R28,希望入力!$M$2:$M$551,0),"")) | R28: =IF(P28="","",INDEX(前年度名簿!$F$2:$F$451,P28)) | S28: =IF(P28="","",INDEX(前年度名簿!$I$2:$I$451,P28)) | T28: =IF(OR(P28="",計算用!$B$1=0),"",IFERROR(MATCH(S28,新年度名簿!$H$2:$H$451,0),"")) | U28: =IF(OR(L28="",M28="転出"),"",IFERROR(MATCH(L28,設定!$P$8:$P$27,0),"")) | V28: =IF(U28="","",COUNTIF($U$7:U28,U28)) | W28: =IF(U28="","",U28*1000+V28)
A29: =IF(P29="","",INDEX(前年度名簿!$H$2:$H$451,P29)) | B29: =IF(P29="","",IFERROR(INDEX(設定!$G$8:$G$31,INT(INDEX(前年度名簿!$G$2:$G$451,P29)/1000)),INDEX(前年度名簿!$A$2:$A$451,P29)&INDEX(前年度名簿!$B$2:$B$451,P29))) | C29: =IF(P29="","",INDEX(前年度名簿!$C$2:$C$451,P29)) | D29: =IF(P29="","",INDEX(前年度名簿!$D$2:$D$451,P29)) | E29: =IF(T29="","",INDEX(新年度名簿!$K$2:$K$451,T29)) | F29: =IF(T29="","",INDEX(新年度名簿!$C$2:$C$451,T29)) | G29: =IF(Q29="","",INDEX(希望入力!$H$2:$H$551,Q29)&"") | H29: =IF(Q29="","",INDEX(希望入力!$I$2:$I$551,Q29)&"") | I29: =IF(Q29="","",INDEX(希望入力!$J$2:$J$551,Q29)&"") | J29: =IF(Q29="","",IF(G29="","要調整",IFERROR(IF(IF(OR(設定!$C$14="〇",設定!$C$14="○"),COUNTIFS($A$7:$A$456,">="&A29,$G$7:$G$456,G29),COUNTIF($G$7:$G$456,G29))<=(INDEX(設定!$Q$8:$Q$27,MATCH(G29,設定!$P$8:$P$27,0))+N(INDEX(設定!$R$8:$R$27,MATCH(G29,設定!$P$8:$P$27,0)))),G29,"要調整"),"要調整"))) | L29: =IF(P29="","",IF(K29<>"",K29,IF(OR(J29="",J29="要調整"),"",J29))) | M29: =IF(P29="","",IF(AND(計算用!$B$1=1,T29=""),"転出",IF(L29<>"","決定",IF(Q29="","未提出","要調整")))) | N29: =IF(OR(M29<>"要調整",H29=""),"",IFERROR((INDEX(設定!$Q$8:$Q$27,MATCH(H29,設定!$P$8:$P$27,0))+N(INDEX(設定!$R$8:$R$27,MATCH(H29,設定!$P$8:$P$27,0))))-INDEX(定員チェック!$F$7:$F$26,MATCH(H29,設定!$P$8:$P$27,0))-COUNTIFS($M$7:$M$456,"要調整",$G$7:$G$456,H29),"")) | O29: =IF(OR(M29<>"要調整",I29=""),"",IFERROR((INDEX(設定!$Q$8:$Q$27,MATCH(I29,設定!$P$8:$P$27,0))+N(INDEX(設定!$R$8:$R$27,MATCH(I29,設定!$P$8:$P$27,0))))-INDEX(定員チェック!$F$7:$F$26,MATCH(I29,設定!$P$8:$P$27,0))-COUNTIFS($M$7:$M$456,"要調整",$G$7:$G$456,I29),"")) | P29: =IFERROR(MATCH(SMALL(前年度名簿!$G$2:$G$451,23),前年度名簿!$G$2:$G$451,0),"") | Q29: =IF(R29="","",IFERROR(MATCH(R29,希望入力!$M$2:$M$551,0),"")) | R29: =IF(P29="","",INDEX(前年度名簿!$F$2:$F$451,P29)) | S29: =IF(P29="","",INDEX(前年度名簿!$I$2:$I$451,P29)) | T29: =IF(OR(P29="",計算用!$B$1=0),"",IFERROR(MATCH(S29,新年度名簿!$H$2:$H$451,0),"")) | U29: =IF(OR(L29="",M29="転出"),"",IFERROR(MATCH(L29,設定!$P$8:$P$27,0),"")) | V29: =IF(U29="","",COUNTIF($U$7:U29,U29)) | W29: =IF(U29="","",U29*1000+V29)
A30: =IF(P30="","",INDEX(前年度名簿!$H$2:$H$451,P30)) | B30: =IF(P30="","",IFERROR(INDEX(設定!$G$8:$G$31,INT(INDEX(前年度名簿!$G$2:$G$451,P30)/1000)),INDEX(前年度名簿!$A$2:$A$451,P30)&INDEX(前年度名簿!$B$2:$B$451,P30))) | C30: =IF(P30="","",INDEX(前年度名簿!$C$2:$C$451,P30)) | D30: =IF(P30="","",INDEX(前年度名簿!$D$2:$D$451,P30)) | E30: =IF(T30="","",INDEX(新年度名簿!$K$2:$K$451,T30)) | F30: =IF(T30="","",INDEX(新年度名簿!$C$2:$C$451,T30)) | G30: =IF(Q30="","",INDEX(希望入力!$H$2:$H$551,Q30)&"") | H30: =IF(Q30="","",INDEX(希望入力!$I$2:$I$551,Q30)&"") | I30: =IF(Q30="","",INDEX(希望入力!$J$2:$J$551,Q30)&"") | J30: =IF(Q30="","",IF(G30="","要調整",IFERROR(IF(IF(OR(設定!$C$14="〇",設定!$C$14="○"),COUNTIFS($A$7:$A$456,">="&A30,$G$7:$G$456,G30),COUNTIF($G$7:$G$456,G30))<=(INDEX(設定!$Q$8:$Q$27,MATCH(G30,設定!$P$8:$P$27,0))+N(INDEX(設定!$R$8:$R$27,MATCH(G30,設定!$P$8:$P$27,0)))),G30,"要調整"),"要調整"))) | L30: =IF(P30="","",IF(K30<>"",K30,IF(OR(J30="",J30="要調整"),"",J30))) | M30: =IF(P30="","",IF(AND(計算用!$B$1=1,T30=""),"転出",IF(L30<>"","決定",IF(Q30="","未提出","要調整")))) | N30: =IF(OR(M30<>"要調整",H30=""),"",IFERROR((INDEX(設定!$Q$8:$Q$27,MATCH(H30,設定!$P$8:$P$27,0))+N(INDEX(設定!$R$8:$R$27,MATCH(H30,設定!$P$8:$P$27,0))))-INDEX(定員チェック!$F$7:$F$26,MATCH(H30,設定!$P$8:$P$27,0))-COUNTIFS($M$7:$M$456,"要調整",$G$7:$G$456,H30),"")) | O30: =IF(OR(M30<>"要調整",I30=""),"",IFERROR((INDEX(設定!$Q$8:$Q$27,MATCH(I30,設定!$P$8:$P$27,0))+N(INDEX(設定!$R$8:$R$27,MATCH(I30,設定!$P$8:$P$27,0))))-INDEX(定員チェック!$F$7:$F$26,MATCH(I30,設定!$P$8:$P$27,0))-COUNTIFS($M$7:$M$456,"要調整",$G$7:$G$456,I30),"")) | P30: =IFERROR(MATCH(SMALL(前年度名簿!$G$2:$G$451,24),前年度名簿!$G$2:$G$451,0),"") | Q30: =IF(R30="","",IFERROR(MATCH(R30,希望入力!$M$2:$M$551,0),"")) | R30: =IF(P30="","",INDEX(前年度名簿!$F$2:$F$451,P30)) | S30: =IF(P30="","",INDEX(前年度名簿!$I$2:$I$451,P30)) | T30: =IF(OR(P30="",計算用!$B$1=0),"",IFERROR(MATCH(S30,新年度名簿!$H$2:$H$451,0),"")) | U30: =IF(OR(L30="",M30="転出"),"",IFERROR(MATCH(L30,設定!$P$8:$P$27,0),"")) | V30: =IF(U30="","",COUNTIF($U$7:U30,U30)) | W30: =IF(U30="","",U30*1000+V30)
A31: =IF(P31="","",INDEX(前年度名簿!$H$2:$H$451,P31)) | B31: =IF(P31="","",IFERROR(INDEX(設定!$G$8:$G$31,INT(INDEX(前年度名簿!$G$2:$G$451,P31)/1000)),INDEX(前年度名簿!$A$2:$A$451,P31)&INDEX(前年度名簿!$B$2:$B$451,P31))) | C31: =IF(P31="","",INDEX(前年度名簿!$C$2:$C$451,P31)) | D31: =IF(P31="","",INDEX(前年度名簿!$D$2:$D$451,P31)) | E31: =IF(T31="","",INDEX(新年度名簿!$K$2:$K$451,T31)) | F31: =IF(T31="","",INDEX(新年度名簿!$C$2:$C$451,T31)) | G31: =IF(Q31="","",INDEX(希望入力!$H$2:$H$551,Q31)&"") | H31: =IF(Q31="","",INDEX(希望入力!$I$2:$I$551,Q31)&"") | I31: =IF(Q31="","",INDEX(希望入力!$J$2:$J$551,Q31)&"") | J31: =IF(Q31="","",IF(G31="","要調整",IFERROR(IF(IF(OR(設定!$C$14="〇",設定!$C$14="○"),COUNTIFS($A$7:$A$456,">="&A31,$G$7:$G$456,G31),COUNTIF($G$7:$G$456,G31))<=(INDEX(設定!$Q$8:$Q$27,MATCH(G31,設定!$P$8:$P$27,0))+N(INDEX(設定!$R$8:$R$27,MATCH(G31,設定!$P$8:$P$27,0)))),G31,"要調整"),"要調整"))) | L31: =IF(P31="","",IF(K31<>"",K31,IF(OR(J31="",J31="要調整"),"",J31))) | M31: =IF(P31="","",IF(AND(計算用!$B$1=1,T31=""),"転出",IF(L31<>"","決定",IF(Q31="","未提出","要調整")))) | N31: =IF(OR(M31<>"要調整",H31=""),"",IFERROR((INDEX(設定!$Q$8:$Q$27,MATCH(H31,設定!$P$8:$P$27,0))+N(INDEX(設定!$R$8:$R$27,MATCH(H31,設定!$P$8:$P$27,0))))-INDEX(定員チェック!$F$7:$F$26,MATCH(H31,設定!$P$8:$P$27,0))-COUNTIFS($M$7:$M$456,"要調整",$G$7:$G$456,H31),"")) | O31: =IF(OR(M31<>"要調整",I31=""),"",IFERROR((INDEX(設定!$Q$8:$Q$27,MATCH(I31,設定!$P$8:$P$27,0))+N(INDEX(設定!$R$8:$R$27,MATCH(I31,設定!$P$8:$P$27,0))))-INDEX(定員チェック!$F$7:$F$26,MATCH(I31,設定!$P$8:$P$27,0))-COUNTIFS($M$7:$M$456,"要調整",$G$7:$G$456,I31),"")) | P31: =IFERROR(MATCH(SMALL(前年度名簿!$G$2:$G$451,25),前年度名簿!$G$2:$G$451,0),"") | Q31: =IF(R31="","",IFERROR(MATCH(R31,希望入力!$M$2:$M$551,0),"")) | R31: =IF(P31="","",INDEX(前年度名簿!$F$2:$F$451,P31)) | S31: =IF(P31="","",INDEX(前年度名簿!$I$2:$I$451,P31)) | T31: =IF(OR(P31="",計算用!$B$1=0),"",IFERROR(MATCH(S31,新年度名簿!$H$2:$H$451,0),"")) | U31: =IF(OR(L31="",M31="転出"),"",IFERROR(MATCH(L31,設定!$P$8:$P$27,0),"")) | V31: =IF(U31="","",COUNTIF($U$7:U31,U31)) | W31: =IF(U31="","",U31*1000+V31)
A32: =IF(P32="","",INDEX(前年度名簿!$H$2:$H$451,P32)) | B32: =IF(P32="","",IFERROR(INDEX(設定!$G$8:$G$31,INT(INDEX(前年度名簿!$G$2:$G$451,P32)/1000)),INDEX(前年度名簿!$A$2:$A$451,P32)&INDEX(前年度名簿!$B$2:$B$451,P32))) | C32: =IF(P32="","",INDEX(前年度名簿!$C$2:$C$451,P32)) | D32: =IF(P32="","",INDEX(前年度名簿!$D$2:$D$451,P32)) | E32: =IF(T32="","",INDEX(新年度名簿!$K$2:$K$451,T32)) | F32: =IF(T32="","",INDEX(新年度名簿!$C$2:$C$451,T32)) | G32: =IF(Q32="","",INDEX(希望入力!$H$2:$H$551,Q32)&"") | H32: =IF(Q32="","",INDEX(希望入力!$I$2:$I$551,Q32)&"") | I32: =IF(Q32="","",INDEX(希望入力!$J$2:$J$551,Q32)&"") | J32: =IF(Q32="","",IF(G32="","要調整",IFERROR(IF(IF(OR(設定!$C$14="〇",設定!$C$14="○"),COUNTIFS($A$7:$A$456,">="&A32,$G$7:$G$456,G32),COUNTIF($G$7:$G$456,G32))<=(INDEX(設定!$Q$8:$Q$27,MATCH(G32,設定!$P$8:$P$27,0))+N(INDEX(設定!$R$8:$R$27,MATCH(G32,設定!$P$8:$P$27,0)))),G32,"要調整"),"要調整"))) | L32: =IF(P32="","",IF(K32<>"",K32,IF(OR(J32="",J32="要調整"),"",J32))) | M32: =IF(P32="","",IF(AND(計算用!$B$1=1,T32=""),"転出",IF(L32<>"","決定",IF(Q32="","未提出","要調整")))) | N32: =IF(OR(M32<>"要調整",H32=""),"",IFERROR((INDEX(設定!$Q$8:$Q$27,MATCH(H32,設定!$P$8:$P$27,0))+N(INDEX(設定!$R$8:$R$27,MATCH(H32,設定!$P$8:$P$27,0))))-INDEX(定員チェック!$F$7:$F$26,MATCH(H32,設定!$P$8:$P$27,0))-COUNTIFS($M$7:$M$456,"要調整",$G$7:$G$456,H32),"")) | O32: =IF(OR(M32<>"要調整",I32=""),"",IFERROR((INDEX(設定!$Q$8:$Q$27,MATCH(I32,設定!$P$8:$P$27,0))+N(INDEX(設定!$R$8:$R$27,MATCH(I32,設定!$P$8:$P$27,0))))-INDEX(定員チェック!$F$7:$F$26,MATCH(I32,設定!$P$8:$P$27,0))-COUNTIFS($M$7:$M$456,"要調整",$G$7:$G$456,I32),"")) | P32: =IFERROR(MATCH(SMALL(前年度名簿!$G$2:$G$451,26),前年度名簿!$G$2:$G$451,0),"") | Q32: =IF(R32="","",IFERROR(MATCH(R32,希望入力!$M$2:$M$551,0),"")) | R32: =IF(P32="","",INDEX(前年度名簿!$F$2:$F$451,P32)) | S32: =IF(P32="","",INDEX(前年度名簿!$I$2:$I$451,P32)) | T32: =IF(OR(P32="",計算用!$B$1=0),"",IFERROR(MATCH(S32,新年度名簿!$H$2:$H$451,0),"")) | U32: =IF(OR(L32="",M32="転出"),"",IFERROR(MATCH(L32,設定!$P$8:$P$27,0),"")) | V32: =IF(U32="","",COUNTIF($U$7:U32,U32)) | W32: =IF(U32="","",U32*1000+V32)
A33: =IF(P33="","",INDEX(前年度名簿!$H$2:$H$451,P33)) | B33: =IF(P33="","",IFERROR(INDEX(設定!$G$8:$G$31,INT(INDEX(前年度名簿!$G$2:$G$451,P33)/1000)),INDEX(前年度名簿!$A$2:$A$451,P33)&INDEX(前年度名簿!$B$2:$B$451,P33))) | C33: =IF(P33="","",INDEX(前年度名簿!$C$2:$C$451,P33)) | D33: =IF(P33="","",INDEX(前年度名簿!$D$2:$D$451,P33)) | E33: =IF(T33="","",INDEX(新年度名簿!$K$2:$K$451,T33)) | F33: =IF(T33="","",INDEX(新年度名簿!$C$2:$C$451,T33)) | G33: =IF(Q33="","",INDEX(希望入力!$H$2:$H$551,Q33)&"") | H33: =IF(Q33="","",INDEX(希望入力!$I$2:$I$551,Q33)&"") | I33: =IF(Q33="","",INDEX(希望入力!$J$2:$J$551,Q33)&"") | J33: =IF(Q33="","",IF(G33="","要調整",IFERROR(IF(IF(OR(設定!$C$14="〇",設定!$C$14="○"),COUNTIFS($A$7:$A$456,">="&A33,$G$7:$G$456,G33),COUNTIF($G$7:$G$456,G33))<=(INDEX(設定!$Q$8:$Q$27,MATCH(G33,設定!$P$8:$P$27,0))+N(INDEX(設定!$R$8:$R$27,MATCH(G33,設定!$P$8:$P$27,0)))),G33,"要調整"),"要調整"))) | L33: =IF(P33="","",IF(K33<>"",K33,IF(OR(J33="",J33="要調整"),"",J33))) | M33: =IF(P33="","",IF(AND(計算用!$B$1=1,T33=""),"転出",IF(L33<>"","決定",IF(Q33="","未提出","要調整")))) | N33: =IF(OR(M33<>"要調整",H33=""),"",IFERROR((INDEX(設定!$Q$8:$Q$27,MATCH(H33,設定!$P$8:$P$27,0))+N(INDEX(設定!$R$8:$R$27,MATCH(H33,設定!$P$8:$P$27,0))))-INDEX(定員チェック!$F$7:$F$26,MATCH(H33,設定!$P$8:$P$27,0))-COUNTIFS($M$7:$M$456,"要調整",$G$7:$G$456,H33),"")) | O33: =IF(OR(M33<>"要調整",I33=""),"",IFERROR((INDEX(設定!$Q$8:$Q$27,MATCH(I33,設定!$P$8:$P$27,0))+N(INDEX(設定!$R$8:$R$27,MATCH(I33,設定!$P$8:$P$27,0))))-INDEX(定員チェック!$F$7:$F$26,MATCH(I33,設定!$P$8:$P$27,0))-COUNTIFS($M$7:$M$456,"要調整",$G$7:$G$456,I33),"")) | P33: =IFERROR(MATCH(SMALL(前年度名簿!$G$2:$G$451,27),前年度名簿!$G$2:$G$451,0),"") | Q33: =IF(R33="","",IFERROR(MATCH(R33,希望入力!$M$2:$M$551,0),"")) | R33: =IF(P33="","",INDEX(前年度名簿!$F$2:$F$451,P33)) | S33: =IF(P33="","",INDEX(前年度名簿!$I$2:$I$451,P33)) | T33: =IF(OR(P33="",計算用!$B$1=0),"",IFERROR(MATCH(S33,新年度名簿!$H$2:$H$451,0),"")) | U33: =IF(OR(L33="",M33="転出"),"",IFERROR(MATCH(L33,設定!$P$8:$P$27,0),"")) | V33: =IF(U33="","",COUNTIF($U$7:U33,U33)) | W33: =IF(U33="","",U33*1000+V33)
A34: =IF(P34="","",INDEX(前年度名簿!$H$2:$H$451,P34)) | B34: =IF(P34="","",IFERROR(INDEX(設定!$G$8:$G$31,INT(INDEX(前年度名簿!$G$2:$G$451,P34)/1000)),INDEX(前年度名簿!$A$2:$A$451,P34)&INDEX(前年度名簿!$B$2:$B$451,P34))) | C34: =IF(P34="","",INDEX(前年度名簿!$C$2:$C$451,P34)) | D34: =IF(P34="","",INDEX(前年度名簿!$D$2:$D$451,P34)) | E34: =IF(T34="","",INDEX(新年度名簿!$K$2:$K$451,T34)) | F34: =IF(T34="","",INDEX(新年度名簿!$C$2:$C$451,T34)) | G34: =IF(Q34="","",INDEX(希望入力!$H$2:$H$551,Q34)&"") | H34: =IF(Q34="","",INDEX(希望入力!$I$2:$I$551,Q34)&"") | I34: =IF(Q34="","",INDEX(希望入力!$J$2:$J$551,Q34)&"") | J34: =IF(Q34="","",IF(G34="","要調整",IFERROR(IF(IF(OR(設定!$C$14="〇",設定!$C$14="○"),COUNTIFS($A$7:$A$456,">="&A34,$G$7:$G$456,G34),COUNTIF($G$7:$G$456,G34))<=(INDEX(設定!$Q$8:$Q$27,MATCH(G34,設定!$P$8:$P$27,0))+N(INDEX(設定!$R$8:$R$27,MATCH(G34,設定!$P$8:$P$27,0)))),G34,"要調整"),"要調整"))) | L34: =IF(P34="","",IF(K34<>"",K34,IF(OR(J34="",J34="要調整"),"",J34))) | M34: =IF(P34="","",IF(AND(計算用!$B$1=1,T34=""),"転出",IF(L34<>"","決定",IF(Q34="","未提出","要調整")))) | N34: =IF(OR(M34<>"要調整",H34=""),"",IFERROR((INDEX(設定!$Q$8:$Q$27,MATCH(H34,設定!$P$8:$P$27,0))+N(INDEX(設定!$R$8:$R$27,MATCH(H34,設定!$P$8:$P$27,0))))-INDEX(定員チェック!$F$7:$F$26,MATCH(H34,設定!$P$8:$P$27,0))-COUNTIFS($M$7:$M$456,"要調整",$G$7:$G$456,H34),"")) | O34: =IF(OR(M34<>"要調整",I34=""),"",IFERROR((INDEX(設定!$Q$8:$Q$27,MATCH(I34,設定!$P$8:$P$27,0))+N(INDEX(設定!$R$8:$R$27,MATCH(I34,設定!$P$8:$P$27,0))))-INDEX(定員チェック!$F$7:$F$26,MATCH(I34,設定!$P$8:$P$27,0))-COUNTIFS($M$7:$M$456,"要調整",$G$7:$G$456,I34),"")) | P34: =IFERROR(MATCH(SMALL(前年度名簿!$G$2:$G$451,28),前年度名簿!$G$2:$G$451,0),"") | Q34: =IF(R34="","",IFERROR(MATCH(R34,希望入力!$M$2:$M$551,0),"")) | R34: =IF(P34="","",INDEX(前年度名簿!$F$2:$F$451,P34)) | S34: =IF(P34="","",INDEX(前年度名簿!$I$2:$I$451,P34)) | T34: =IF(OR(P34="",計算用!$B$1=0),"",IFERROR(MATCH(S34,新年度名簿!$H$2:$H$451,0),"")) | U34: =IF(OR(L34="",M34="転出"),"",IFERROR(MATCH(L34,設定!$P$8:$P$27,0),"")) | V34: =IF(U34="","",COUNTIF($U$7:U34,U34)) | W34: =IF(U34="","",U34*1000+V34)
A35: =IF(P35="","",INDEX(前年度名簿!$H$2:$H$451,P35)) | B35: =IF(P35="","",IFERROR(INDEX(設定!$G$8:$G$31,INT(INDEX(前年度名簿!$G$2:$G$451,P35)/1000)),INDEX(前年度名簿!$A$2:$A$451,P35)&INDEX(前年度名簿!$B$2:$B$451,P35))) | C35: =IF(P35="","",INDEX(前年度名簿!$C$2:$C$451,P35)) | D35: =IF(P35="","",INDEX(前年度名簿!$D$2:$D$451,P35)) | E35: =IF(T35="","",INDEX(新年度名簿!$K$2:$K$451,T35)) | F35: =IF(T35="","",INDEX(新年度名簿!$C$2:$C$451,T35)) | G35: =IF(Q35="","",INDEX(希望入力!$H$2:$H$551,Q35)&"") | H35: =IF(Q35="","",INDEX(希望入力!$I$2:$I$551,Q35)&"") | I35: =IF(Q35="","",INDEX(希望入力!$J$2:$J$551,Q35)&"") | J35: =IF(Q35="","",IF(G35="","要調整",IFERROR(IF(IF(OR(設定!$C$14="〇",設定!$C$14="○"),COUNTIFS($A$7:$A$456,">="&A35,$G$7:$G$456,G35),COUNTIF($G$7:$G$456,G35))<=(INDEX(設定!$Q$8:$Q$27,MATCH(G35,設定!$P$8:$P$27,0))+N(INDEX(設定!$R$8:$R$27,MATCH(G35,設定!$P$8:$P$27,0)))),G35,"要調整"),"要調整"))) | L35: =IF(P35="","",IF(K35<>"",K35,IF(OR(J35="",J35="要調整"),"",J35))) | M35: =IF(P35="","",IF(AND(計算用!$B$1=1,T35=""),"転出",IF(L35<>"","決定",IF(Q35="","未提出","要調整")))) | N35: =IF(OR(M35<>"要調整",H35=""),"",IFERROR((INDEX(設定!$Q$8:$Q$27,MATCH(H35,設定!$P$8:$P$27,0))+N(INDEX(設定!$R$8:$R$27,MATCH(H35,設定!$P$8:$P$27,0))))-INDEX(定員チェック!$F$7:$F$26,MATCH(H35,設定!$P$8:$P$27,0))-COUNTIFS($M$7:$M$456,"要調整",$G$7:$G$456,H35),"")) | O35: =IF(OR(M35<>"要調整",I35=""),"",IFERROR((INDEX(設定!$Q$8:$Q$27,MATCH(I35,設定!$P$8:$P$27,0))+N(INDEX(設定!$R$8:$R$27,MATCH(I35,設定!$P$8:$P$27,0))))-INDEX(定員チェック!$F$7:$F$26,MATCH(I35,設定!$P$8:$P$27,0))-COUNTIFS($M$7:$M$456,"要調整",$G$7:$G$456,I35),"")) | P35: =IFERROR(MATCH(SMALL(前年度名簿!$G$2:$G$451,29),前年度名簿!$G$2:$G$451,0),"") | Q35: =IF(R35="","",IFERROR(MATCH(R35,希望入力!$M$2:$M$551,0),"")) | R35: =IF(P35="","",INDEX(前年度名簿!$F$2:$F$451,P35)) | S35: =IF(P35="","",INDEX(前年度名簿!$I$2:$I$451,P35)) | T35: =IF(OR(P35="",計算用!$B$1=0),"",IFERROR(MATCH(S35,新年度名簿!$H$2:$H$451,0),"")) | U35: =IF(OR(L35="",M35="転出"),"",IFERROR(MATCH(L35,設定!$P$8:$P$27,0),"")) | V35: =IF(U35="","",COUNTIF($U$7:U35,U35)) | W35: =IF(U35="","",U35*1000+V35)
A36: =IF(P36="","",INDEX(前年度名簿!$H$2:$H$451,P36)) | B36: =IF(P36="","",IFERROR(INDEX(設定!$G$8:$G$31,INT(INDEX(前年度名簿!$G$2:$G$451,P36)/1000)),INDEX(前年度名簿!$A$2:$A$451,P36)&INDEX(前年度名簿!$B$2:$B$451,P36))) | C36: =IF(P36="","",INDEX(前年度名簿!$C$2:$C$451,P36)) | D36: =IF(P36="","",INDEX(前年度名簿!$D$2:$D$451,P36)) | E36: =IF(T36="","",INDEX(新年度名簿!$K$2:$K$451,T36)) | F36: =IF(T36="","",INDEX(新年度名簿!$C$2:$C$451,T36)) | G36: =IF(Q36="","",INDEX(希望入力!$H$2:$H$551,Q36)&"") | H36: =IF(Q36="","",INDEX(希望入力!$I$2:$I$551,Q36)&"") | I36: =IF(Q36="","",INDEX(希望入力!$J$2:$J$551,Q36)&"") | J36: =IF(Q36="","",IF(G36="","要調整",IFERROR(IF(IF(OR(設定!$C$14="〇",設定!$C$14="○"),COUNTIFS($A$7:$A$456,">="&A36,$G$7:$G$456,G36),COUNTIF($G$7:$G$456,G36))<=(INDEX(設定!$Q$8:$Q$27,MATCH(G36,設定!$P$8:$P$27,0))+N(INDEX(設定!$R$8:$R$27,MATCH(G36,設定!$P$8:$P$27,0)))),G36,"要調整"),"要調整"))) | L36: =IF(P36="","",IF(K36<>"",K36,IF(OR(J36="",J36="要調整"),"",J36))) | M36: =IF(P36="","",IF(AND(計算用!$B$1=1,T36=""),"転出",IF(L36<>"","決定",IF(Q36="","未提出","要調整")))) | N36: =IF(OR(M36<>"要調整",H36=""),"",IFERROR((INDEX(設定!$Q$8:$Q$27,MATCH(H36,設定!$P$8:$P$27,0))+N(INDEX(設定!$R$8:$R$27,MATCH(H36,設定!$P$8:$P$27,0))))-INDEX(定員チェック!$F$7:$F$26,MATCH(H36,設定!$P$8:$P$27,0))-COUNTIFS($M$7:$M$456,"要調整",$G$7:$G$456,H36),"")) | O36: =IF(OR(M36<>"要調整",I36=""),"",IFERROR((INDEX(設定!$Q$8:$Q$27,MATCH(I36,設定!$P$8:$P$27,0))+N(INDEX(設定!$R$8:$R$27,MATCH(I36,設定!$P$8:$P$27,0))))-INDEX(定員チェック!$F$7:$F$26,MATCH(I36,設定!$P$8:$P$27,0))-COUNTIFS($M$7:$M$456,"要調整",$G$7:$G$456,I36),"")) | P36: =IFERROR(MATCH(SMALL(前年度名簿!$G$2:$G$451,30),前年度名簿!$G$2:$G$451,0),"") | Q36: =IF(R36="","",IFERROR(MATCH(R36,希望入力!$M$2:$M$551,0),"")) | R36: =IF(P36="","",INDEX(前年度名簿!$F$2:$F$451,P36)) | S36: =IF(P36="","",INDEX(前年度名簿!$I$2:$I$451,P36)) | T36: =IF(OR(P36="",計算用!$B$1=0),"",IFERROR(MATCH(S36,新年度名簿!$H$2:$H$451,0),"")) | U36: =IF(OR(L36="",M36="転出"),"",IFERROR(MATCH(L36,設定!$P$8:$P$27,0),"")) | V36: =IF(U36="","",COUNTIF($U$7:U36,U36)) | W36: =IF(U36="","",U36*1000+V36)
A37: =IF(P37="","",INDEX(前年度名簿!$H$2:$H$451,P37)) | B37: =IF(P37="","",IFERROR(INDEX(設定!$G$8:$G$31,INT(INDEX(前年度名簿!$G$2:$G$451,P37)/1000)),INDEX(前年度名簿!$A$2:$A$451,P37)&INDEX(前年度名簿!$B$2:$B$451,P37))) | C37: =IF(P37="","",INDEX(前年度名簿!$C$2:$C$451,P37)) | D37: =IF(P37="","",INDEX(前年度名簿!$D$2:$D$451,P37)) | E37: =IF(T37="","",INDEX(新年度名簿!$K$2:$K$451,T37)) | F37: =IF(T37="","",INDEX(新年度名簿!$C$2:$C$451,T37)) | G37: =IF(Q37="","",INDEX(希望入力!$H$2:$H$551,Q37)&"") | H37: =IF(Q37="","",INDEX(希望入力!$I$2:$I$551,Q37)&"") | I37: =IF(Q37="","",INDEX(希望入力!$J$2:$J$551,Q37)&"") | J37: =IF(Q37="","",IF(G37="","要調整",IFERROR(IF(IF(OR(設定!$C$14="〇",設定!$C$14="○"),COUNTIFS($A$7:$A$456,">="&A37,$G$7:$G$456,G37),COUNTIF($G$7:$G$456,G37))<=(INDEX(設定!$Q$8:$Q$27,MATCH(G37,設定!$P$8:$P$27,0))+N(INDEX(設定!$R$8:$R$27,MATCH(G37,設定!$P$8:$P$27,0)))),G37,"要調整"),"要調整"))) | L37: =IF(P37="","",IF(K37<>"",K37,IF(OR(J37="",J37="要調整"),"",J37))) | M37: =IF(P37="","",IF(AND(計算用!$B$1=1,T37=""),"転出",IF(L37<>"","決定",IF(Q37="","未提出","要調整")))) | N37: =IF(OR(M37<>"要調整",H37=""),"",IFERROR((INDEX(設定!$Q$8:$Q$27,MATCH(H37,設定!$P$8:$P$27,0))+N(INDEX(設定!$R$8:$R$27,MATCH(H37,設定!$P$8:$P$27,0))))-INDEX(定員チェック!$F$7:$F$26,MATCH(H37,設定!$P$8:$P$27,0))-COUNTIFS($M$7:$M$456,"要調整",$G$7:$G$456,H37),"")) | O37: =IF(OR(M37<>"要調整",I37=""),"",IFERROR((INDEX(設定!$Q$8:$Q$27,MATCH(I37,設定!$P$8:$P$27,0))+N(INDEX(設定!$R$8:$R$27,MATCH(I37,設定!$P$8:$P$27,0))))-INDEX(定員チェック!$F$7:$F$26,MATCH(I37,設定!$P$8:$P$27,0))-COUNTIFS($M$7:$M$456,"要調整",$G$7:$G$456,I37),"")) | P37: =IFERROR(MATCH(SMALL(前年度名簿!$G$2:$G$451,31),前年度名簿!$G$2:$G$451,0),"") | Q37: =IF(R37="","",IFERROR(MATCH(R37,希望入力!$M$2:$M$551,0),"")) | R37: =IF(P37="","",INDEX(前年度名簿!$F$2:$F$451,P37)) | S37: =IF(P37="","",INDEX(前年度名簿!$I$2:$I$451,P37)) | T37: =IF(OR(P37="",計算用!$B$1=0),"",IFERROR(MATCH(S37,新年度名簿!$H$2:$H$451,0),"")) | U37: =IF(OR(L37="",M37="転出"),"",IFERROR(MATCH(L37,設定!$P$8:$P$27,0),"")) | V37: =IF(U37="","",COUNTIF($U$7:U37,U37)) | W37: =IF(U37="","",U37*1000+V37)
A38: =IF(P38="","",INDEX(前年度名簿!$H$2:$H$451,P38)) | B38: =IF(P38="","",IFERROR(INDEX(設定!$G$8:$G$31,INT(INDEX(前年度名簿!$G$2:$G$451,P38)/1000)),INDEX(前年度名簿!$A$2:$A$451,P38)&INDEX(前年度名簿!$B$2:$B$451,P38))) | C38: =IF(P38="","",INDEX(前年度名簿!$C$2:$C$451,P38)) | D38: =IF(P38="","",INDEX(前年度名簿!$D$2:$D$451,P38)) | E38: =IF(T38="","",INDEX(新年度名簿!$K$2:$K$451,T38)) | F38: =IF(T38="","",INDEX(新年度名簿!$C$2:$C$451,T38)) | G38: =IF(Q38="","",INDEX(希望入力!$H$2:$H$551,Q38)&"") | H38: =IF(Q38="","",INDEX(希望入力!$I$2:$I$551,Q38)&"") | I38: =IF(Q38="","",INDEX(希望入力!$J$2:$J$551,Q38)&"") | J38: =IF(Q38="","",IF(G38="","要調整",IFERROR(IF(IF(OR(設定!$C$14="〇",設定!$C$14="○"),COUNTIFS($A$7:$A$456,">="&A38,$G$7:$G$456,G38),COUNTIF($G$7:$G$456,G38))<=(INDEX(設定!$Q$8:$Q$27,MATCH(G38,設定!$P$8:$P$27,0))+N(INDEX(設定!$R$8:$R$27,MATCH(G38,設定!$P$8:$P$27,0)))),G38,"要調整"),"要調整"))) | L38: =IF(P38="","",IF(K38<>"",K38,IF(OR(J38="",J38="要調整"),"",J38))) | M38: =IF(P38="","",IF(AND(計算用!$B$1=1,T38=""),"転出",IF(L38<>"","決定",IF(Q38="","未提出","要調整")))) | N38: =IF(OR(M38<>"要調整",H38=""),"",IFERROR((INDEX(設定!$Q$8:$Q$27,MATCH(H38,設定!$P$8:$P$27,0))+N(INDEX(設定!$R$8:$R$27,MATCH(H38,設定!$P$8:$P$27,0))))-INDEX(定員チェック!$F$7:$F$26,MATCH(H38,設定!$P$8:$P$27,0))-COUNTIFS($M$7:$M$456,"要調整",$G$7:$G$456,H38),"")) | O38: =IF(OR(M38<>"要調整",I38=""),"",IFERROR((INDEX(設定!$Q$8:$Q$27,MATCH(I38,設定!$P$8:$P$27,0))+N(INDEX(設定!$R$8:$R$27,MATCH(I38,設定!$P$8:$P$27,0))))-INDEX(定員チェック!$F$7:$F$26,MATCH(I38,設定!$P$8:$P$27,0))-COUNTIFS($M$7:$M$456,"要調整",$G$7:$G$456,I38),"")) | P38: =IFERROR(MATCH(SMALL(前年度名簿!$G$2:$G$451,32),前年度名簿!$G$2:$G$451,0),"") | Q38: =IF(R38="","",IFERROR(MATCH(R38,希望入力!$M$2:$M$551,0),"")) | R38: =IF(P38="","",INDEX(前年度名簿!$F$2:$F$451,P38)) | S38: =IF(P38="","",INDEX(前年度名簿!$I$2:$I$451,P38)) | T38: =IF(OR(P38="",計算用!$B$1=0),"",IFERROR(MATCH(S38,新年度名簿!$H$2:$H$451,0),"")) | U38: =IF(OR(L38="",M38="転出"),"",IFERROR(MATCH(L38,設定!$P$8:$P$27,0),"")) | V38: =IF(U38="","",COUNTIF($U$7:U38,U38)) | W38: =IF(U38="","",U38*1000+V38)
A39: =IF(P39="","",INDEX(前年度名簿!$H$2:$H$451,P39)) | B39: =IF(P39="","",IFERROR(INDEX(設定!$G$8:$G$31,INT(INDEX(前年度名簿!$G$2:$G$451,P39)/1000)),INDEX(前年度名簿!$A$2:$A$451,P39)&INDEX(前年度名簿!$B$2:$B$451,P39))) | C39: =IF(P39="","",INDEX(前年度名簿!$C$2:$C$451,P39)) | D39: =IF(P39="","",INDEX(前年度名簿!$D$2:$D$451,P39)) | E39: =IF(T39="","",INDEX(新年度名簿!$K$2:$K$451,T39)) | F39: =IF(T39="","",INDEX(新年度名簿!$C$2:$C$451,T39)) | G39: =IF(Q39="","",INDEX(希望入力!$H$2:$H$551,Q39)&"") | H39: =IF(Q39="","",INDEX(希望入力!$I$2:$I$551,Q39)&"") | I39: =IF(Q39="","",INDEX(希望入力!$J$2:$J$551,Q39)&"") | J39: =IF(Q39="","",IF(G39="","要調整",IFERROR(IF(IF(OR(設定!$C$14="〇",設定!$C$14="○"),COUNTIFS($A$7:$A$456,">="&A39,$G$7:$G$456,G39),COUNTIF($G$7:$G$456,G39))<=(INDEX(設定!$Q$8:$Q$27,MATCH(G39,設定!$P$8:$P$27,0))+N(INDEX(設定!$R$8:$R$27,MATCH(G39,設定!$P$8:$P$27,0)))),G39,"要調整"),"要調整"))) | L39: =IF(P39="","",IF(K39<>"",K39,IF(OR(J39="",J39="要調整"),"",J39))) | M39: =IF(P39="","",IF(AND(計算用!$B$1=1,T39=""),"転出",IF(L39<>"","決定",IF(Q39="","未提出","要調整")))) | N39: =IF(OR(M39<>"要調整",H39=""),"",IFERROR((INDEX(設定!$Q$8:$Q$27,MATCH(H39,設定!$P$8:$P$27,0))+N(INDEX(設定!$R$8:$R$27,MATCH(H39,設定!$P$8:$P$27,0))))-INDEX(定員チェック!$F$7:$F$26,MATCH(H39,設定!$P$8:$P$27,0))-COUNTIFS($M$7:$M$456,"要調整",$G$7:$G$456,H39),"")) | O39: =IF(OR(M39<>"要調整",I39=""),"",IFERROR((INDEX(設定!$Q$8:$Q$27,MATCH(I39,設定!$P$8:$P$27,0))+N(INDEX(設定!$R$8:$R$27,MATCH(I39,設定!$P$8:$P$27,0))))-INDEX(定員チェック!$F$7:$F$26,MATCH(I39,設定!$P$8:$P$27,0))-COUNTIFS($M$7:$M$456,"要調整",$G$7:$G$456,I39),"")) | P39: =IFERROR(MATCH(SMALL(前年度名簿!$G$2:$G$451,33),前年度名簿!$G$2:$G$451,0),"") | Q39: =IF(R39="","",IFERROR(MATCH(R39,希望入力!$M$2:$M$551,0),"")) | R39: =IF(P39="","",INDEX(前年度名簿!$F$2:$F$451,P39)) | S39: =IF(P39="","",INDEX(前年度名簿!$I$2:$I$451,P39)) | T39: =IF(OR(P39="",計算用!$B$1=0),"",IFERROR(MATCH(S39,新年度名簿!$H$2:$H$451,0),"")) | U39: =IF(OR(L39="",M39="転出"),"",IFERROR(MATCH(L39,設定!$P$8:$P$27,0),"")) | V39: =IF(U39="","",COUNTIF($U$7:U39,U39)) | W39: =IF(U39="","",U39*1000+V39)
A40: =IF(P40="","",INDEX(前年度名簿!$H$2:$H$451,P40)) | B40: =IF(P40="","",IFERROR(INDEX(設定!$G$8:$G$31,INT(INDEX(前年度名簿!$G$2:$G$451,P40)/1000)),INDEX(前年度名簿!$A$2:$A$451,P40)&INDEX(前年度名簿!$B$2:$B$451,P40))) | C40: =IF(P40="","",INDEX(前年度名簿!$C$2:$C$451,P40)) | D40: =IF(P40="","",INDEX(前年度名簿!$D$2:$D$451,P40)) | E40: =IF(T40="","",INDEX(新年度名簿!$K$2:$K$451,T40)) | F40: =IF(T40="","",INDEX(新年度名簿!$C$2:$C$451,T40)) | G40: =IF(Q40="","",INDEX(希望入力!$H$2:$H$551,Q40)&"") | H40: =IF(Q40="","",INDEX(希望入力!$I$2:$I$551,Q40)&"") | I40: =IF(Q40="","",INDEX(希望入力!$J$2:$J$551,Q40)&"") | J40: =IF(Q40="","",IF(G40="","要調整",IFERROR(IF(IF(OR(設定!$C$14="〇",設定!$C$14="○"),COUNTIFS($A$7:$A$456,">="&A40,$G$7:$G$456,G40),COUNTIF($G$7:$G$456,G40))<=(INDEX(設定!$Q$8:$Q$27,MATCH(G40,設定!$P$8:$P$27,0))+N(INDEX(設定!$R$8:$R$27,MATCH(G40,設定!$P$8:$P$27,0)))),G40,"要調整"),"要調整"))) | L40: =IF(P40="","",IF(K40<>"",K40,IF(OR(J40="",J40="要調整"),"",J40))) | M40: =IF(P40="","",IF(AND(計算用!$B$1=1,T40=""),"転出",IF(L40<>"","決定",IF(Q40="","未提出","要調整")))) | N40: =IF(OR(M40<>"要調整",H40=""),"",IFERROR((INDEX(設定!$Q$8:$Q$27,MATCH(H40,設定!$P$8:$P$27,0))+N(INDEX(設定!$R$8:$R$27,MATCH(H40,設定!$P$8:$P$27,0))))-INDEX(定員チェック!$F$7:$F$26,MATCH(H40,設定!$P$8:$P$27,0))-COUNTIFS($M$7:$M$456,"要調整",$G$7:$G$456,H40),"")) | O40: =IF(OR(M40<>"要調整",I40=""),"",IFERROR((INDEX(設定!$Q$8:$Q$27,MATCH(I40,設定!$P$8:$P$27,0))+N(INDEX(設定!$R$8:$R$27,MATCH(I40,設定!$P$8:$P$27,0))))-INDEX(定員チェック!$F$7:$F$26,MATCH(I40,設定!$P$8:$P$27,0))-COUNTIFS($M$7:$M$456,"要調整",$G$7:$G$456,I40),"")) | P40: =IFERROR(MATCH(SMALL(前年度名簿!$G$2:$G$451,34),前年度名簿!$G$2:$G$451,0),"") | Q40: =IF(R40="","",IFERROR(MATCH(R40,希望入力!$M$2:$M$551,0),"")) | R40: =IF(P40="","",INDEX(前年度名簿!$F$2:$F$451,P40)) | S40: =IF(P40="","",INDEX(前年度名簿!$I$2:$I$451,P40)) | T40: =IF(OR(P40="",計算用!$B$1=0),"",IFERROR(MATCH(S40,新年度名簿!$H$2:$H$451,0),"")) | U40: =IF(OR(L40="",M40="転出"),"",IFERROR(MATCH(L40,設定!$P$8:$P$27,0),"")) | V40: =IF(U40="","",COUNTIF($U$7:U40,U40)) | W40: =IF(U40="","",U40*1000+V40)
A41: =IF(P41="","",INDEX(前年度名簿!$H$2:$H$451,P41)) | B41: =IF(P41="","",IFERROR(INDEX(設定!$G$8:$G$31,INT(INDEX(前年度名簿!$G$2:$G$451,P41)/1000)),INDEX(前年度名簿!$A$2:$A$451,P41)&INDEX(前年度名簿!$B$2:$B$451,P41))) | C41: =IF(P41="","",INDEX(前年度名簿!$C$2:$C$451,P41)) | D41: =IF(P41="","",INDEX(前年度名簿!$D$2:$D$451,P41)) | E41: =IF(T41="","",INDEX(新年度名簿!$K$2:$K$451,T41)) | F41: =IF(T41="","",INDEX(新年度名簿!$C$2:$C$451,T41)) | G41: =IF(Q41="","",INDEX(希望入力!$H$2:$H$551,Q41)&"") | H41: =IF(Q41="","",INDEX(希望入力!$I$2:$I$551,Q41)&"") | I41: =IF(Q41="","",INDEX(希望入力!$J$2:$J$551,Q41)&"") | J41: =IF(Q41="","",IF(G41="","要調整",IFERROR(IF(IF(OR(設定!$C$14="〇",設定!$C$14="○"),COUNTIFS($A$7:$A$456,">="&A41,$G$7:$G$456,G41),COUNTIF($G$7:$G$456,G41))<=(INDEX(設定!$Q$8:$Q$27,MATCH(G41,設定!$P$8:$P$27,0))+N(INDEX(設定!$R$8:$R$27,MATCH(G41,設定!$P$8:$P$27,0)))),G41,"要調整"),"要調整"))) | L41: =IF(P41="","",IF(K41<>"",K41,IF(OR(J41="",J41="要調整"),"",J41))) | M41: =IF(P41="","",IF(AND(計算用!$B$1=1,T41=""),"転出",IF(L41<>"","決定",IF(Q41="","未提出","要調整")))) | N41: =IF(OR(M41<>"要調整",H41=""),"",IFERROR((INDEX(設定!$Q$8:$Q$27,MATCH(H41,設定!$P$8:$P$27,0))+N(INDEX(設定!$R$8:$R$27,MATCH(H41,設定!$P$8:$P$27,0))))-INDEX(定員チェック!$F$7:$F$26,MATCH(H41,設定!$P$8:$P$27,0))-COUNTIFS($M$7:$M$456,"要調整",$G$7:$G$456,H41),"")) | O41: =IF(OR(M41<>"要調整",I41=""),"",IFERROR((INDEX(設定!$Q$8:$Q$27,MATCH(I41,設定!$P$8:$P$27,0))+N(INDEX(設定!$R$8:$R$27,MATCH(I41,設定!$P$8:$P$27,0))))-INDEX(定員チェック!$F$7:$F$26,MATCH(I41,設定!$P$8:$P$27,0))-COUNTIFS($M$7:$M$456,"要調整",$G$7:$G$456,I41),"")) | P41: =IFERROR(MATCH(SMALL(前年度名簿!$G$2:$G$451,35),前年度名簿!$G$2:$G$451,0),"") | Q41: =IF(R41="","",IFERROR(MATCH(R41,希望入力!$M$2:$M$551,0),"")) | R41: =IF(P41="","",INDEX(前年度名簿!$F$2:$F$451,P41)) | S41: =IF(P41="","",INDEX(前年度名簿!$I$2:$I$451,P41)) | T41: =IF(OR(P41="",計算用!$B$1=0),"",IFERROR(MATCH(S41,新年度名簿!$H$2:$H$451,0),"")) | U41: =IF(OR(L41="",M41="転出"),"",IFERROR(MATCH(L41,設定!$P$8:$P$27,0),"")) | V41: =IF(U41="","",COUNTIF($U$7:U41,U41)) | W41: =IF(U41="","",U41*1000+V41)
A42: =IF(P42="","",INDEX(前年度名簿!$H$2:$H$451,P42)) | B42: =IF(P42="","",IFERROR(INDEX(設定!$G$8:$G$31,INT(INDEX(前年度名簿!$G$2:$G$451,P42)/1000)),INDEX(前年度名簿!$A$2:$A$451,P42)&INDEX(前年度名簿!$B$2:$B$451,P42))) | C42: =IF(P42="","",INDEX(前年度名簿!$C$2:$C$451,P42)) | D42: =IF(P42="","",INDEX(前年度名簿!$D$2:$D$451,P42)) | E42: =IF(T42="","",INDEX(新年度名簿!$K$2:$K$451,T42)) | F42: =IF(T42="","",INDEX(新年度名簿!$C$2:$C$451,T42)) | G42: =IF(Q42="","",INDEX(希望入力!$H$2:$H$551,Q42)&"") | H42: =IF(Q42="","",INDEX(希望入力!$I$2:$I$551,Q42)&"") | I42: =IF(Q42="","",INDEX(希望入力!$J$2:$J$551,Q42)&"") | J42: =IF(Q42="","",IF(G42="","要調整",IFERROR(IF(IF(OR(設定!$C$14="〇",設定!$C$14="○"),COUNTIFS($A$7:$A$456,">="&A42,$G$7:$G$456,G42),COUNTIF($G$7:$G$456,G42))<=(INDEX(設定!$Q$8:$Q$27,MATCH(G42,設定!$P$8:$P$27,0))+N(INDEX(設定!$R$8:$R$27,MATCH(G42,設定!$P$8:$P$27,0)))),G42,"要調整"),"要調整"))) | L42: =IF(P42="","",IF(K42<>"",K42,IF(OR(J42="",J42="要調整"),"",J42))) | M42: =IF(P42="","",IF(AND(計算用!$B$1=1,T42=""),"転出",IF(L42<>"","決定",IF(Q42="","未提出","要調整")))) | N42: =IF(OR(M42<>"要調整",H42=""),"",IFERROR((INDEX(設定!$Q$8:$Q$27,MATCH(H42,設定!$P$8:$P$27,0))+N(INDEX(設定!$R$8:$R$27,MATCH(H42,設定!$P$8:$P$27,0))))-INDEX(定員チェック!$F$7:$F$26,MATCH(H42,設定!$P$8:$P$27,0))-COUNTIFS($M$7:$M$456,"要調整",$G$7:$G$456,H42),"")) | O42: =IF(OR(M42<>"要調整",I42=""),"",IFERROR((INDEX(設定!$Q$8:$Q$27,MATCH(I42,設定!$P$8:$P$27,0))+N(INDEX(設定!$R$8:$R$27,MATCH(I42,設定!$P$8:$P$27,0))))-INDEX(定員チェック!$F$7:$F$26,MATCH(I42,設定!$P$8:$P$27,0))-COUNTIFS($M$7:$M$456,"要調整",$G$7:$G$456,I42),"")) | P42: =IFERROR(MATCH(SMALL(前年度名簿!$G$2:$G$451,36),前年度名簿!$G$2:$G$451,0),"") | Q42: =IF(R42="","",IFERROR(MATCH(R42,希望入力!$M$2:$M$551,0),"")) | R42: =IF(P42="","",INDEX(前年度名簿!$F$2:$F$451,P42)) | S42: =IF(P42="","",INDEX(前年度名簿!$I$2:$I$451,P42)) | T42: =IF(OR(P42="",計算用!$B$1=0),"",IFERROR(MATCH(S42,新年度名簿!$H$2:$H$451,0),"")) | U42: =IF(OR(L42="",M42="転出"),"",IFERROR(MATCH(L42,設定!$P$8:$P$27,0),"")) | V42: =IF(U42="","",COUNTIF($U$7:U42,U42)) | W42: =IF(U42="","",U42*1000+V42)
A43: =IF(P43="","",INDEX(前年度名簿!$H$2:$H$451,P43)) | B43: =IF(P43="","",IFERROR(INDEX(設定!$G$8:$G$31,INT(INDEX(前年度名簿!$G$2:$G$451,P43)/1000)),INDEX(前年度名簿!$A$2:$A$451,P43)&INDEX(前年度名簿!$B$2:$B$451,P43))) | C43: =IF(P43="","",INDEX(前年度名簿!$C$2:$C$451,P43)) | D43: =IF(P43="","",INDEX(前年度名簿!$D$2:$D$451,P43)) | E43: =IF(T43="","",INDEX(新年度名簿!$K$2:$K$451,T43)) | F43: =IF(T43="","",INDEX(新年度名簿!$C$2:$C$451,T43)) | G43: =IF(Q43="","",INDEX(希望入力!$H$2:$H$551,Q43)&"") | H43: =IF(Q43="","",INDEX(希望入力!$I$2:$I$551,Q43)&"") | I43: =IF(Q43="","",INDEX(希望入力!$J$2:$J$551,Q43)&"") | J43: =IF(Q43="","",IF(G43="","要調整",IFERROR(IF(IF(OR(設定!$C$14="〇",設定!$C$14="○"),COUNTIFS($A$7:$A$456,">="&A43,$G$7:$G$456,G43),COUNTIF($G$7:$G$456,G43))<=(INDEX(設定!$Q$8:$Q$27,MATCH(G43,設定!$P$8:$P$27,0))+N(INDEX(設定!$R$8:$R$27,MATCH(G43,設定!$P$8:$P$27,0)))),G43,"要調整"),"要調整"))) | L43: =IF(P43="","",IF(K43<>"",K43,IF(OR(J43="",J43="要調整"),"",J43))) | M43: =IF(P43="","",IF(AND(計算用!$B$1=1,T43=""),"転出",IF(L43<>"","決定",IF(Q43="","未提出","要調整")))) | N43: =IF(OR(M43<>"要調整",H43=""),"",IFERROR((INDEX(設定!$Q$8:$Q$27,MATCH(H43,設定!$P$8:$P$27,0))+N(INDEX(設定!$R$8:$R$27,MATCH(H43,設定!$P$8:$P$27,0))))-INDEX(定員チェック!$F$7:$F$26,MATCH(H43,設定!$P$8:$P$27,0))-COUNTIFS($M$7:$M$456,"要調整",$G$7:$G$456,H43),"")) | O43: =IF(OR(M43<>"要調整",I43=""),"",IFERROR((INDEX(設定!$Q$8:$Q$27,MATCH(I43,設定!$P$8:$P$27,0))+N(INDEX(設定!$R$8:$R$27,MATCH(I43,設定!$P$8:$P$27,0))))-INDEX(定員チェック!$F$7:$F$26,MATCH(I43,設定!$P$8:$P$27,0))-COUNTIFS($M$7:$M$456,"要調整",$G$7:$G$456,I43),"")) | P43: =IFERROR(MATCH(SMALL(前年度名簿!$G$2:$G$451,37),前年度名簿!$G$2:$G$451,0),"") | Q43: =IF(R43="","",IFERROR(MATCH(R43,希望入力!$M$2:$M$551,0),"")) | R43: =IF(P43="","",INDEX(前年度名簿!$F$2:$F$451,P43)) | S43: =IF(P43="","",INDEX(前年度名簿!$I$2:$I$451,P43)) | T43: =IF(OR(P43="",計算用!$B$1=0),"",IFERROR(MATCH(S43,新年度名簿!$H$2:$H$451,0),"")) | U43: =IF(OR(L43="",M43="転出"),"",IFERROR(MATCH(L43,設定!$P$8:$P$27,0),"")) | V43: =IF(U43="","",COUNTIF($U$7:U43,U43)) | W43: =IF(U43="","",U43*1000+V43)
A44: =IF(P44="","",INDEX(前年度名簿!$H$2:$H$451,P44)) | B44: =IF(P44="","",IFERROR(INDEX(設定!$G$8:$G$31,INT(INDEX(前年度名簿!$G$2:$G$451,P44)/1000)),INDEX(前年度名簿!$A$2:$A$451,P44)&INDEX(前年度名簿!$B$2:$B$451,P44))) | C44: =IF(P44="","",INDEX(前年度名簿!$C$2:$C$451,P44)) | D44: =IF(P44="","",INDEX(前年度名簿!$D$2:$D$451,P44)) | E44: =IF(T44="","",INDEX(新年度名簿!$K$2:$K$451,T44)) | F44: =IF(T44="","",INDEX(新年度名簿!$C$2:$C$451,T44)) | G44: =IF(Q44="","",INDEX(希望入力!$H$2:$H$551,Q44)&"") | H44: =IF(Q44="","",INDEX(希望入力!$I$2:$I$551,Q44)&"") | I44: =IF(Q44="","",INDEX(希望入力!$J$2:$J$551,Q44)&"") | J44: =IF(Q44="","",IF(G44="","要調整",IFERROR(IF(IF(OR(設定!$C$14="〇",設定!$C$14="○"),COUNTIFS($A$7:$A$456,">="&A44,$G$7:$G$456,G44),COUNTIF($G$7:$G$456,G44))<=(INDEX(設定!$Q$8:$Q$27,MATCH(G44,設定!$P$8:$P$27,0))+N(INDEX(設定!$R$8:$R$27,MATCH(G44,設定!$P$8:$P$27,0)))),G44,"要調整"),"要調整"))) | L44: =IF(P44="","",IF(K44<>"",K44,IF(OR(J44="",J44="要調整"),"",J44))) | M44: =IF(P44="","",IF(AND(計算用!$B$1=1,T44=""),"転出",IF(L44<>"","決定",IF(Q44="","未提出","要調整")))) | N44: =IF(OR(M44<>"要調整",H44=""),"",IFERROR((INDEX(設定!$Q$8:$Q$27,MATCH(H44,設定!$P$8:$P$27,0))+N(INDEX(設定!$R$8:$R$27,MATCH(H44,設定!$P$8:$P$27,0))))-INDEX(定員チェック!$F$7:$F$26,MATCH(H44,設定!$P$8:$P$27,0))-COUNTIFS($M$7:$M$456,"要調整",$G$7:$G$456,H44),"")) | O44: =IF(OR(M44<>"要調整",I44=""),"",IFERROR((INDEX(設定!$Q$8:$Q$27,MATCH(I44,設定!$P$8:$P$27,0))+N(INDEX(設定!$R$8:$R$27,MATCH(I44,設定!$P$8:$P$27,0))))-INDEX(定員チェック!$F$7:$F$26,MATCH(I44,設定!$P$8:$P$27,0))-COUNTIFS($M$7:$M$456,"要調整",$G$7:$G$456,I44),"")) | P44: =IFERROR(MATCH(SMALL(前年度名簿!$G$2:$G$451,38),前年度名簿!$G$2:$G$451,0),"") | Q44: =IF(R44="","",IFERROR(MATCH(R44,希望入力!$M$2:$M$551,0),"")) | R44: =IF(P44="","",INDEX(前年度名簿!$F$2:$F$451,P44)) | S44: =IF(P44="","",INDEX(前年度名簿!$I$2:$I$451,P44)) | T44: =IF(OR(P44="",計算用!$B$1=0),"",IFERROR(MATCH(S44,新年度名簿!$H$2:$H$451,0),"")) | U44: =IF(OR(L44="",M44="転出"),"",IFERROR(MATCH(L44,設定!$P$8:$P$27,0),"")) | V44: =IF(U44="","",COUNTIF($U$7:U44,U44)) | W44: =IF(U44="","",U44*1000+V44)
A45: =IF(P45="","",INDEX(前年度名簿!$H$2:$H$451,P45)) | B45: =IF(P45="","",IFERROR(INDEX(設定!$G$8:$G$31,INT(INDEX(前年度名簿!$G$2:$G$451,P45)/1000)),INDEX(前年度名簿!$A$2:$A$451,P45)&INDEX(前年度名簿!$B$2:$B$451,P45))) | C45: =IF(P45="","",INDEX(前年度名簿!$C$2:$C$451,P45)) | D45: =IF(P45="","",INDEX(前年度名簿!$D$2:$D$451,P45)) | E45: =IF(T45="","",INDEX(新年度名簿!$K$2:$K$451,T45)) | F45: =IF(T45="","",INDEX(新年度名簿!$C$2:$C$451,T45)) | G45: =IF(Q45="","",INDEX(希望入力!$H$2:$H$551,Q45)&"") | H45: =IF(Q45="","",INDEX(希望入力!$I$2:$I$551,Q45)&"") | I45: =IF(Q45="","",INDEX(希望入力!$J$2:$J$551,Q45)&"") | J45: =IF(Q45="","",IF(G45="","要調整",IFERROR(IF(IF(OR(設定!$C$14="〇",設定!$C$14="○"),COUNTIFS($A$7:$A$456,">="&A45,$G$7:$G$456,G45),COUNTIF($G$7:$G$456,G45))<=(INDEX(設定!$Q$8:$Q$27,MATCH(G45,設定!$P$8:$P$27,0))+N(INDEX(設定!$R$8:$R$27,MATCH(G45,設定!$P$8:$P$27,0)))),G45,"要調整"),"要調整"))) | L45: =IF(P45="","",IF(K45<>"",K45,IF(OR(J45="",J45="要調整"),"",J45))) | M45: =IF(P45="","",IF(AND(計算用!$B$1=1,T45=""),"転出",IF(L45<>"","決定",IF(Q45="","未提出","要調整")))) | N45: =IF(OR(M45<>"要調整",H45=""),"",IFERROR((INDEX(設定!$Q$8:$Q$27,MATCH(H45,設定!$P$8:$P$27,0))+N(INDEX(設定!$R$8:$R$27,MATCH(H45,設定!$P$8:$P$27,0))))-INDEX(定員チェック!$F$7:$F$26,MATCH(H45,設定!$P$8:$P$27,0))-COUNTIFS($M$7:$M$456,"要調整",$G$7:$G$456,H45),"")) | O45: =IF(OR(M45<>"要調整",I45=""),"",IFERROR((INDEX(設定!$Q$8:$Q$27,MATCH(I45,設定!$P$8:$P$27,0))+N(INDEX(設定!$R$8:$R$27,MATCH(I45,設定!$P$8:$P$27,0))))-INDEX(定員チェック!$F$7:$F$26,MATCH(I45,設定!$P$8:$P$27,0))-COUNTIFS($M$7:$M$456,"要調整",$G$7:$G$456,I45),"")) | P45: =IFERROR(MATCH(SMALL(前年度名簿!$G$2:$G$451,39),前年度名簿!$G$2:$G$451,0),"") | Q45: =IF(R45="","",IFERROR(MATCH(R45,希望入力!$M$2:$M$551,0),"")) | R45: =IF(P45="","",INDEX(前年度名簿!$F$2:$F$451,P45)) | S45: =IF(P45="","",INDEX(前年度名簿!$I$2:$I$451,P45)) | T45: =IF(OR(P45="",計算用!$B$1=0),"",IFERROR(MATCH(S45,新年度名簿!$H$2:$H$451,0),"")) | U45: =IF(OR(L45="",M45="転出"),"",IFERROR(MATCH(L45,設定!$P$8:$P$27,0),"")) | V45: =IF(U45="","",COUNTIF($U$7:U45,U45)) | W45: =IF(U45="","",U45*1000+V45)
A46: =IF(P46="","",INDEX(前年度名簿!$H$2:$H$451,P46)) | B46: =IF(P46="","",IFERROR(INDEX(設定!$G$8:$G$31,INT(INDEX(前年度名簿!$G$2:$G$451,P46)/1000)),INDEX(前年度名簿!$A$2:$A$451,P46)&INDEX(前年度名簿!$B$2:$B$451,P46))) | C46: =IF(P46="","",INDEX(前年度名簿!$C$2:$C$451,P46)) | D46: =IF(P46="","",INDEX(前年度名簿!$D$2:$D$451,P46)) | E46: =IF(T46="","",INDEX(新年度名簿!$K$2:$K$451,T46)) | F46: =IF(T46="","",INDEX(新年度名簿!$C$2:$C$451,T46)) | G46: =IF(Q46="","",INDEX(希望入力!$H$2:$H$551,Q46)&"") | H46: =IF(Q46="","",INDEX(希望入力!$I$2:$I$551,Q46)&"") | I46: =IF(Q46="","",INDEX(希望入力!$J$2:$J$551,Q46)&"") | J46: =IF(Q46="","",IF(G46="","要調整",IFERROR(IF(IF(OR(設定!$C$14="〇",設定!$C$14="○"),COUNTIFS($A$7:$A$456,">="&A46,$G$7:$G$456,G46),COUNTIF($G$7:$G$456,G46))<=(INDEX(設定!$Q$8:$Q$27,MATCH(G46,設定!$P$8:$P$27,0))+N(INDEX(設定!$R$8:$R$27,MATCH(G46,設定!$P$8:$P$27,0)))),G46,"要調整"),"要調整"))) | L46: =IF(P46="","",IF(K46<>"",K46,IF(OR(J46="",J46="要調整"),"",J46))) | M46: =IF(P46="","",IF(AND(計算用!$B$1=1,T46=""),"転出",IF(L46<>"","決定",IF(Q46="","未提出","要調整")))) | N46: =IF(OR(M46<>"要調整",H46=""),"",IFERROR((INDEX(設定!$Q$8:$Q$27,MATCH(H46,設定!$P$8:$P$27,0))+N(INDEX(設定!$R$8:$R$27,MATCH(H46,設定!$P$8:$P$27,0))))-INDEX(定員チェック!$F$7:$F$26,MATCH(H46,設定!$P$8:$P$27,0))-COUNTIFS($M$7:$M$456,"要調整",$G$7:$G$456,H46),"")) | O46: =IF(OR(M46<>"要調整",I46=""),"",IFERROR((INDEX(設定!$Q$8:$Q$27,MATCH(I46,設定!$P$8:$P$27,0))+N(INDEX(設定!$R$8:$R$27,MATCH(I46,設定!$P$8:$P$27,0))))-INDEX(定員チェック!$F$7:$F$26,MATCH(I46,設定!$P$8:$P$27,0))-COUNTIFS($M$7:$M$456,"要調整",$G$7:$G$456,I46),"")) | P46: =IFERROR(MATCH(SMALL(前年度名簿!$G$2:$G$451,40),前年度名簿!$G$2:$G$451,0),"") | Q46: =IF(R46="","",IFERROR(MATCH(R46,希望入力!$M$2:$M$551,0),"")) | R46: =IF(P46="","",INDEX(前年度名簿!$F$2:$F$451,P46)) | S46: =IF(P46="","",INDEX(前年度名簿!$I$2:$I$451,P46)) | T46: =IF(OR(P46="",計算用!$B$1=0),"",IFERROR(MATCH(S46,新年度名簿!$H$2:$H$451,0),"")) | U46: =IF(OR(L46="",M46="転出"),"",IFERROR(MATCH(L46,設定!$P$8:$P$27,0),"")) | V46: =IF(U46="","",COUNTIF($U$7:U46,U46)) | W46: =IF(U46="","",U46*1000+V46)
A47: =IF(P47="","",INDEX(前年度名簿!$H$2:$H$451,P47)) | B47: =IF(P47="","",IFERROR(INDEX(設定!$G$8:$G$31,INT(INDEX(前年度名簿!$G$2:$G$451,P47)/1000)),INDEX(前年度名簿!$A$2:$A$451,P47)&INDEX(前年度名簿!$B$2:$B$451,P47))) | C47: =IF(P47="","",INDEX(前年度名簿!$C$2:$C$451,P47)) | D47: =IF(P47="","",INDEX(前年度名簿!$D$2:$D$451,P47)) | E47: =IF(T47="","",INDEX(新年度名簿!$K$2:$K$451,T47)) | F47: =IF(T47="","",INDEX(新年度名簿!$C$2:$C$451,T47)) | G47: =IF(Q47="","",INDEX(希望入力!$H$2:$H$551,Q47)&"") | H47: =IF(Q47="","",INDEX(希望入力!$I$2:$I$551,Q47)&"") | I47: =IF(Q47="","",INDEX(希望入力!$J$2:$J$551,Q47)&"") | J47: =IF(Q47="","",IF(G47="","要調整",IFERROR(IF(IF(OR(設定!$C$14="〇",設定!$C$14="○"),COUNTIFS($A$7:$A$456,">="&A47,$G$7:$G$456,G47),COUNTIF($G$7:$G$456,G47))<=(INDEX(設定!$Q$8:$Q$27,MATCH(G47,設定!$P$8:$P$27,0))+N(INDEX(設定!$R$8:$R$27,MATCH(G47,設定!$P$8:$P$27,0)))),G47,"要調整"),"要調整"))) | L47: =IF(P47="","",IF(K47<>"",K47,IF(OR(J47="",J47="要調整"),"",J47))) | M47: =IF(P47="","",IF(AND(計算用!$B$1=1,T47=""),"転出",IF(L47<>"","決定",IF(Q47="","未提出","要調整")))) | N47: =IF(OR(M47<>"要調整",H47=""),"",IFERROR((INDEX(設定!$Q$8:$Q$27,MATCH(H47,設定!$P$8:$P$27,0))+N(INDEX(設定!$R$8:$R$27,MATCH(H47,設定!$P$8:$P$27,0))))-INDEX(定員チェック!$F$7:$F$26,MATCH(H47,設定!$P$8:$P$27,0))-COUNTIFS($M$7:$M$456,"要調整",$G$7:$G$456,H47),"")) | O47: =IF(OR(M47<>"要調整",I47=""),"",IFERROR((INDEX(設定!$Q$8:$Q$27,MATCH(I47,設定!$P$8:$P$27,0))+N(INDEX(設定!$R$8:$R$27,MATCH(I47,設定!$P$8:$P$27,0))))-INDEX(定員チェック!$F$7:$F$26,MATCH(I47,設定!$P$8:$P$27,0))-COUNTIFS($M$7:$M$456,"要調整",$G$7:$G$456,I47),"")) | P47: =IFERROR(MATCH(SMALL(前年度名簿!$G$2:$G$451,41),前年度名簿!$G$2:$G$451,0),"") | Q47: =IF(R47="","",IFERROR(MATCH(R47,希望入力!$M$2:$M$551,0),"")) | R47: =IF(P47="","",INDEX(前年度名簿!$F$2:$F$451,P47)) | S47: =IF(P47="","",INDEX(前年度名簿!$I$2:$I$451,P47)) | T47: =IF(OR(P47="",計算用!$B$1=0),"",IFERROR(MATCH(S47,新年度名簿!$H$2:$H$451,0),"")) | U47: =IF(OR(L47="",M47="転出"),"",IFERROR(MATCH(L47,設定!$P$8:$P$27,0),"")) | V47: =IF(U47="","",COUNTIF($U$7:U47,U47)) | W47: =IF(U47="","",U47*1000+V47)
A48: =IF(P48="","",INDEX(前年度名簿!$H$2:$H$451,P48)) | B48: =IF(P48="","",IFERROR(INDEX(設定!$G$8:$G$31,INT(INDEX(前年度名簿!$G$2:$G$451,P48)/1000)),INDEX(前年度名簿!$A$2:$A$451,P48)&INDEX(前年度名簿!$B$2:$B$451,P48))) | C48: =IF(P48="","",INDEX(前年度名簿!$C$2:$C$451,P48)) | D48: =IF(P48="","",INDEX(前年度名簿!$D$2:$D$451,P48)) | E48: =IF(T48="","",INDEX(新年度名簿!$K$2:$K$451,T48)) | F48: =IF(T48="","",INDEX(新年度名簿!$C$2:$C$451,T48)) | G48: =IF(Q48="","",INDEX(希望入力!$H$2:$H$551,Q48)&"") | H48: =IF(Q48="","",INDEX(希望入力!$I$2:$I$551,Q48)&"") | I48: =IF(Q48="","",INDEX(希望入力!$J$2:$J$551,Q48)&"") | J48: =IF(Q48="","",IF(G48="","要調整",IFERROR(IF(IF(OR(設定!$C$14="〇",設定!$C$14="○"),COUNTIFS($A$7:$A$456,">="&A48,$G$7:$G$456,G48),COUNTIF($G$7:$G$456,G48))<=(INDEX(設定!$Q$8:$Q$27,MATCH(G48,設定!$P$8:$P$27,0))+N(INDEX(設定!$R$8:$R$27,MATCH(G48,設定!$P$8:$P$27,0)))),G48,"要調整"),"要調整"))) | L48: =IF(P48="","",IF(K48<>"",K48,IF(OR(J48="",J48="要調整"),"",J48))) | M48: =IF(P48="","",IF(AND(計算用!$B$1=1,T48=""),"転出",IF(L48<>"","決定",IF(Q48="","未提出","要調整")))) | N48: =IF(OR(M48<>"要調整",H48=""),"",IFERROR((INDEX(設定!$Q$8:$Q$27,MATCH(H48,設定!$P$8:$P$27,0))+N(INDEX(設定!$R$8:$R$27,MATCH(H48,設定!$P$8:$P$27,0))))-INDEX(定員チェック!$F$7:$F$26,MATCH(H48,設定!$P$8:$P$27,0))-COUNTIFS($M$7:$M$456,"要調整",$G$7:$G$456,H48),"")) | O48: =IF(OR(M48<>"要調整",I48=""),"",IFERROR((INDEX(設定!$Q$8:$Q$27,MATCH(I48,設定!$P$8:$P$27,0))+N(INDEX(設定!$R$8:$R$27,MATCH(I48,設定!$P$8:$P$27,0))))-INDEX(定員チェック!$F$7:$F$26,MATCH(I48,設定!$P$8:$P$27,0))-COUNTIFS($M$7:$M$456,"要調整",$G$7:$G$456,I48),"")) | P48: =IFERROR(MATCH(SMALL(前年度名簿!$G$2:$G$451,42),前年度名簿!$G$2:$G$451,0),"") | Q48: =IF(R48="","",IFERROR(MATCH(R48,希望入力!$M$2:$M$551,0),"")) | R48: =IF(P48="","",INDEX(前年度名簿!$F$2:$F$451,P48)) | S48: =IF(P48="","",INDEX(前年度名簿!$I$2:$I$451,P48)) | T48: =IF(OR(P48="",計算用!$B$1=0),"",IFERROR(MATCH(S48,新年度名簿!$H$2:$H$451,0),"")) | U48: =IF(OR(L48="",M48="転出"),"",IFERROR(MATCH(L48,設定!$P$8:$P$27,0),"")) | V48: =IF(U48="","",COUNTIF($U$7:U48,U48)) | W48: =IF(U48="","",U48*1000+V48)
A49: =IF(P49="","",INDEX(前年度名簿!$H$2:$H$451,P49)) | B49: =IF(P49="","",IFERROR(INDEX(設定!$G$8:$G$31,INT(INDEX(前年度名簿!$G$2:$G$451,P49)/1000)),INDEX(前年度名簿!$A$2:$A$451,P49)&INDEX(前年度名簿!$B$2:$B$451,P49))) | C49: =IF(P49="","",INDEX(前年度名簿!$C$2:$C$451,P49)) | D49: =IF(P49="","",INDEX(前年度名簿!$D$2:$D$451,P49)) | E49: =IF(T49="","",INDEX(新年度名簿!$K$2:$K$451,T49)) | F49: =IF(T49="","",INDEX(新年度名簿!$C$2:$C$451,T49)) | G49: =IF(Q49="","",INDEX(希望入力!$H$2:$H$551,Q49)&"") | H49: =IF(Q49="","",INDEX(希望入力!$I$2:$I$551,Q49)&"") | I49: =IF(Q49="","",INDEX(希望入力!$J$2:$J$551,Q49)&"") | J49: =IF(Q49="","",IF(G49="","要調整",IFERROR(IF(IF(OR(設定!$C$14="〇",設定!$C$14="○"),COUNTIFS($A$7:$A$456,">="&A49,$G$7:$G$456,G49),COUNTIF($G$7:$G$456,G49))<=(INDEX(設定!$Q$8:$Q$27,MATCH(G49,設定!$P$8:$P$27,0))+N(INDEX(設定!$R$8:$R$27,MATCH(G49,設定!$P$8:$P$27,0)))),G49,"要調整"),"要調整"))) | L49: =IF(P49="","",IF(K49<>"",K49,IF(OR(J49="",J49="要調整"),"",J49))) | M49: =IF(P49="","",IF(AND(計算用!$B$1=1,T49=""),"転出",IF(L49<>"","決定",IF(Q49="","未提出","要調整")))) | N49: =IF(OR(M49<>"要調整",H49=""),"",IFERROR((INDEX(設定!$Q$8:$Q$27,MATCH(H49,設定!$P$8:$P$27,0))+N(INDEX(設定!$R$8:$R$27,MATCH(H49,設定!$P$8:$P$27,0))))-INDEX(定員チェック!$F$7:$F$26,MATCH(H49,設定!$P$8:$P$27,0))-COUNTIFS($M$7:$M$456,"要調整",$G$7:$G$456,H49),"")) | O49: =IF(OR(M49<>"要調整",I49=""),"",IFERROR((INDEX(設定!$Q$8:$Q$27,MATCH(I49,設定!$P$8:$P$27,0))+N(INDEX(設定!$R$8:$R$27,MATCH(I49,設定!$P$8:$P$27,0))))-INDEX(定員チェック!$F$7:$F$26,MATCH(I49,設定!$P$8:$P$27,0))-COUNTIFS($M$7:$M$456,"要調整",$G$7:$G$456,I49),"")) | P49: =IFERROR(MATCH(SMALL(前年度名簿!$G$2:$G$451,43),前年度名簿!$G$2:$G$451,0),"") | Q49: =IF(R49="","",IFERROR(MATCH(R49,希望入力!$M$2:$M$551,0),"")) | R49: =IF(P49="","",INDEX(前年度名簿!$F$2:$F$451,P49)) | S49: =IF(P49="","",INDEX(前年度名簿!$I$2:$I$451,P49)) | T49: =IF(OR(P49="",計算用!$B$1=0),"",IFERROR(MATCH(S49,新年度名簿!$H$2:$H$451,0),"")) | U49: =IF(OR(L49="",M49="転出"),"",IFERROR(MATCH(L49,設定!$P$8:$P$27,0),"")) | V49: =IF(U49="","",COUNTIF($U$7:U49,U49)) | W49: =IF(U49="","",U49*1000+V49)
A50: =IF(P50="","",INDEX(前年度名簿!$H$2:$H$451,P50)) | B50: =IF(P50="","",IFERROR(INDEX(設定!$G$8:$G$31,INT(INDEX(前年度名簿!$G$2:$G$451,P50)/1000)),INDEX(前年度名簿!$A$2:$A$451,P50)&INDEX(前年度名簿!$B$2:$B$451,P50))) | C50: =IF(P50="","",INDEX(前年度名簿!$C$2:$C$451,P50)) | D50: =IF(P50="","",INDEX(前年度名簿!$D$2:$D$451,P50)) | E50: =IF(T50="","",INDEX(新年度名簿!$K$2:$K$451,T50)) | F50: =IF(T50="","",INDEX(新年度名簿!$C$2:$C$451,T50)) | G50: =IF(Q50="","",INDEX(希望入力!$H$2:$H$551,Q50)&"") | H50: =IF(Q50="","",INDEX(希望入力!$I$2:$I$551,Q50)&"") | I50: =IF(Q50="","",INDEX(希望入力!$J$2:$J$551,Q50)&"") | J50: =IF(Q50="","",IF(G50="","要調整",IFERROR(IF(IF(OR(設定!$C$14="〇",設定!$C$14="○"),COUNTIFS($A$7:$A$456,">="&A50,$G$7:$G$456,G50),COUNTIF($G$7:$G$456,G50))<=(INDEX(設定!$Q$8:$Q$27,MATCH(G50,設定!$P$8:$P$27,0))+N(INDEX(設定!$R$8:$R$27,MATCH(G50,設定!$P$8:$P$27,0)))),G50,"要調整"),"要調整"))) | L50: =IF(P50="","",IF(K50<>"",K50,IF(OR(J50="",J50="要調整"),"",J50))) | M50: =IF(P50="","",IF(AND(計算用!$B$1=1,T50=""),"転出",IF(L50<>"","決定",IF(Q50="","未提出","要調整")))) | N50: =IF(OR(M50<>"要調整",H50=""),"",IFERROR((INDEX(設定!$Q$8:$Q$27,MATCH(H50,設定!$P$8:$P$27,0))+N(INDEX(設定!$R$8:$R$27,MATCH(H50,設定!$P$8:$P$27,0))))-INDEX(定員チェック!$F$7:$F$26,MATCH(H50,設定!$P$8:$P$27,0))-COUNTIFS($M$7:$M$456,"要調整",$G$7:$G$456,H50),"")) | O50: =IF(OR(M50<>"要調整",I50=""),"",IFERROR((INDEX(設定!$Q$8:$Q$27,MATCH(I50,設定!$P$8:$P$27,0))+N(INDEX(設定!$R$8:$R$27,MATCH(I50,設定!$P$8:$P$27,0))))-INDEX(定員チェック!$F$7:$F$26,MATCH(I50,設定!$P$8:$P$27,0))-COUNTIFS($M$7:$M$456,"要調整",$G$7:$G$456,I50),"")) | P50: =IFERROR(MATCH(SMALL(前年度名簿!$G$2:$G$451,44),前年度名簿!$G$2:$G$451,0),"") | Q50: =IF(R50="","",IFERROR(MATCH(R50,希望入力!$M$2:$M$551,0),"")) | R50: =IF(P50="","",INDEX(前年度名簿!$F$2:$F$451,P50)) | S50: =IF(P50="","",INDEX(前年度名簿!$I$2:$I$451,P50)) | T50: =IF(OR(P50="",計算用!$B$1=0),"",IFERROR(MATCH(S50,新年度名簿!$H$2:$H$451,0),"")) | U50: =IF(OR(L50="",M50="転出"),"",IFERROR(MATCH(L50,設定!$P$8:$P$27,0),"")) | V50: =IF(U50="","",COUNTIF($U$7:U50,U50)) | W50: =IF(U50="","",U50*1000+V50)
A51: =IF(P51="","",INDEX(前年度名簿!$H$2:$H$451,P51)) | B51: =IF(P51="","",IFERROR(INDEX(設定!$G$8:$G$31,INT(INDEX(前年度名簿!$G$2:$G$451,P51)/1000)),INDEX(前年度名簿!$A$2:$A$451,P51)&INDEX(前年度名簿!$B$2:$B$451,P51))) | C51: =IF(P51="","",INDEX(前年度名簿!$C$2:$C$451,P51)) | D51: =IF(P51="","",INDEX(前年度名簿!$D$2:$D$451,P51)) | E51: =IF(T51="","",INDEX(新年度名簿!$K$2:$K$451,T51)) | F51: =IF(T51="","",INDEX(新年度名簿!$C$2:$C$451,T51)) | G51: =IF(Q51="","",INDEX(希望入力!$H$2:$H$551,Q51)&"") | H51: =IF(Q51="","",INDEX(希望入力!$I$2:$I$551,Q51)&"") | I51: =IF(Q51="","",INDEX(希望入力!$J$2:$J$551,Q51)&"") | J51: =IF(Q51="","",IF(G51="","要調整",IFERROR(IF(IF(OR(設定!$C$14="〇",設定!$C$14="○"),COUNTIFS($A$7:$A$456,">="&A51,$G$7:$G$456,G51),COUNTIF($G$7:$G$456,G51))<=(INDEX(設定!$Q$8:$Q$27,MATCH(G51,設定!$P$8:$P$27,0))+N(INDEX(設定!$R$8:$R$27,MATCH(G51,設定!$P$8:$P$27,0)))),G51,"要調整"),"要調整"))) | L51: =IF(P51="","",IF(K51<>"",K51,IF(OR(J51="",J51="要調整"),"",J51))) | M51: =IF(P51="","",IF(AND(計算用!$B$1=1,T51=""),"転出",IF(L51<>"","決定",IF(Q51="","未提出","要調整")))) | N51: =IF(OR(M51<>"要調整",H51=""),"",IFERROR((INDEX(設定!$Q$8:$Q$27,MATCH(H51,設定!$P$8:$P$27,0))+N(INDEX(設定!$R$8:$R$27,MATCH(H51,設定!$P$8:$P$27,0))))-INDEX(定員チェック!$F$7:$F$26,MATCH(H51,設定!$P$8:$P$27,0))-COUNTIFS($M$7:$M$456,"要調整",$G$7:$G$456,H51),"")) | O51: =IF(OR(M51<>"要調整",I51=""),"",IFERROR((INDEX(設定!$Q$8:$Q$27,MATCH(I51,設定!$P$8:$P$27,0))+N(INDEX(設定!$R$8:$R$27,MATCH(I51,設定!$P$8:$P$27,0))))-INDEX(定員チェック!$F$7:$F$26,MATCH(I51,設定!$P$8:$P$27,0))-COUNTIFS($M$7:$M$456,"要調整",$G$7:$G$456,I51),"")) | P51: =IFERROR(MATCH(SMALL(前年度名簿!$G$2:$G$451,45),前年度名簿!$G$2:$G$451,0),"") | Q51: =IF(R51="","",IFERROR(MATCH(R51,希望入力!$M$2:$M$551,0),"")) | R51: =IF(P51="","",INDEX(前年度名簿!$F$2:$F$451,P51)) | S51: =IF(P51="","",INDEX(前年度名簿!$I$2:$I$451,P51)) | T51: =IF(OR(P51="",計算用!$B$1=0),"",IFERROR(MATCH(S51,新年度名簿!$H$2:$H$451,0),"")) | U51: =IF(OR(L51="",M51="転出"),"",IFERROR(MATCH(L51,設定!$P$8:$P$27,0),"")) | V51: =IF(U51="","",COUNTIF($U$7:U51,U51)) | W51: =IF(U51="","",U51*1000+V51)
A52: =IF(P52="","",INDEX(前年度名簿!$H$2:$H$451,P52)) | B52: =IF(P52="","",IFERROR(INDEX(設定!$G$8:$G$31,INT(INDEX(前年度名簿!$G$2:$G$451,P52)/1000)),INDEX(前年度名簿!$A$2:$A$451,P52)&INDEX(前年度名簿!$B$2:$B$451,P52))) | C52: =IF(P52="","",INDEX(前年度名簿!$C$2:$C$451,P52)) | D52: =IF(P52="","",INDEX(前年度名簿!$D$2:$D$451,P52)) | E52: =IF(T52="","",INDEX(新年度名簿!$K$2:$K$451,T52)) | F52: =IF(T52="","",INDEX(新年度名簿!$C$2:$C$451,T52)) | G52: =IF(Q52="","",INDEX(希望入力!$H$2:$H$551,Q52)&"") | H52: =IF(Q52="","",INDEX(希望入力!$I$2:$I$551,Q52)&"") | I52: =IF(Q52="","",INDEX(希望入力!$J$2:$J$551,Q52)&"") | J52: =IF(Q52="","",IF(G52="","要調整",IFERROR(IF(IF(OR(設定!$C$14="〇",設定!$C$14="○"),COUNTIFS($A$7:$A$456,">="&A52,$G$7:$G$456,G52),COUNTIF($G$7:$G$456,G52))<=(INDEX(設定!$Q$8:$Q$27,MATCH(G52,設定!$P$8:$P$27,0))+N(INDEX(設定!$R$8:$R$27,MATCH(G52,設定!$P$8:$P$27,0)))),G52,"要調整"),"要調整"))) | L52: =IF(P52="","",IF(K52<>"",K52,IF(OR(J52="",J52="要調整"),"",J52))) | M52: =IF(P52="","",IF(AND(計算用!$B$1=1,T52=""),"転出",IF(L52<>"","決定",IF(Q52="","未提出","要調整")))) | N52: =IF(OR(M52<>"要調整",H52=""),"",IFERROR((INDEX(設定!$Q$8:$Q$27,MATCH(H52,設定!$P$8:$P$27,0))+N(INDEX(設定!$R$8:$R$27,MATCH(H52,設定!$P$8:$P$27,0))))-INDEX(定員チェック!$F$7:$F$26,MATCH(H52,設定!$P$8:$P$27,0))-COUNTIFS($M$7:$M$456,"要調整",$G$7:$G$456,H52),"")) | O52: =IF(OR(M52<>"要調整",I52=""),"",IFERROR((INDEX(設定!$Q$8:$Q$27,MATCH(I52,設定!$P$8:$P$27,0))+N(INDEX(設定!$R$8:$R$27,MATCH(I52,設定!$P$8:$P$27,0))))-INDEX(定員チェック!$F$7:$F$26,MATCH(I52,設定!$P$8:$P$27,0))-COUNTIFS($M$7:$M$456,"要調整",$G$7:$G$456,I52),"")) | P52: =IFERROR(MATCH(SMALL(前年度名簿!$G$2:$G$451,46),前年度名簿!$G$2:$G$451,0),"") | Q52: =IF(R52="","",IFERROR(MATCH(R52,希望入力!$M$2:$M$551,0),"")) | R52: =IF(P52="","",INDEX(前年度名簿!$F$2:$F$451,P52)) | S52: =IF(P52="","",INDEX(前年度名簿!$I$2:$I$451,P52)) | T52: =IF(OR(P52="",計算用!$B$1=0),"",IFERROR(MATCH(S52,新年度名簿!$H$2:$H$451,0),"")) | U52: =IF(OR(L52="",M52="転出"),"",IFERROR(MATCH(L52,設定!$P$8:$P$27,0),"")) | V52: =IF(U52="","",COUNTIF($U$7:U52,U52)) | W52: =IF(U52="","",U52*1000+V52)
A53: =IF(P53="","",INDEX(前年度名簿!$H$2:$H$451,P53)) | B53: =IF(P53="","",IFERROR(INDEX(設定!$G$8:$G$31,INT(INDEX(前年度名簿!$G$2:$G$451,P53)/1000)),INDEX(前年度名簿!$A$2:$A$451,P53)&INDEX(前年度名簿!$B$2:$B$451,P53))) | C53: =IF(P53="","",INDEX(前年度名簿!$C$2:$C$451,P53)) | D53: =IF(P53="","",INDEX(前年度名簿!$D$2:$D$451,P53)) | E53: =IF(T53="","",INDEX(新年度名簿!$K$2:$K$451,T53)) | F53: =IF(T53="","",INDEX(新年度名簿!$C$2:$C$451,T53)) | G53: =IF(Q53="","",INDEX(希望入力!$H$2:$H$551,Q53)&"") | H53: =IF(Q53="","",INDEX(希望入力!$I$2:$I$551,Q53)&"") | I53: =IF(Q53="","",INDEX(希望入力!$J$2:$J$551,Q53)&"") | J53: =IF(Q53="","",IF(G53="","要調整",IFERROR(IF(IF(OR(設定!$C$14="〇",設定!$C$14="○"),COUNTIFS($A$7:$A$456,">="&A53,$G$7:$G$456,G53),COUNTIF($G$7:$G$456,G53))<=(INDEX(設定!$Q$8:$Q$27,MATCH(G53,設定!$P$8:$P$27,0))+N(INDEX(設定!$R$8:$R$27,MATCH(G53,設定!$P$8:$P$27,0)))),G53,"要調整"),"要調整"))) | L53: =IF(P53="","",IF(K53<>"",K53,IF(OR(J53="",J53="要調整"),"",J53))) | M53: =IF(P53="","",IF(AND(計算用!$B$1=1,T53=""),"転出",IF(L53<>"","決定",IF(Q53="","未提出","要調整")))) | N53: =IF(OR(M53<>"要調整",H53=""),"",IFERROR((INDEX(設定!$Q$8:$Q$27,MATCH(H53,設定!$P$8:$P$27,0))+N(INDEX(設定!$R$8:$R$27,MATCH(H53,設定!$P$8:$P$27,0))))-INDEX(定員チェック!$F$7:$F$26,MATCH(H53,設定!$P$8:$P$27,0))-COUNTIFS($M$7:$M$456,"要調整",$G$7:$G$456,H53),"")) | O53: =IF(OR(M53<>"要調整",I53=""),"",IFERROR((INDEX(設定!$Q$8:$Q$27,MATCH(I53,設定!$P$8:$P$27,0))+N(INDEX(設定!$R$8:$R$27,MATCH(I53,設定!$P$8:$P$27,0))))-INDEX(定員チェック!$F$7:$F$26,MATCH(I53,設定!$P$8:$P$27,0))-COUNTIFS($M$7:$M$456,"要調整",$G$7:$G$456,I53),"")) | P53: =IFERROR(MATCH(SMALL(前年度名簿!$G$2:$G$451,47),前年度名簿!$G$2:$G$451,0),"") | Q53: =IF(R53="","",IFERROR(MATCH(R53,希望入力!$M$2:$M$551,0),"")) | R53: =IF(P53="","",INDEX(前年度名簿!$F$2:$F$451,P53)) | S53: =IF(P53="","",INDEX(前年度名簿!$I$2:$I$451,P53)) | T53: =IF(OR(P53="",計算用!$B$1=0),"",IFERROR(MATCH(S53,新年度名簿!$H$2:$H$451,0),"")) | U53: =IF(OR(L53="",M53="転出"),"",IFERROR(MATCH(L53,設定!$P$8:$P$27,0),"")) | V53: =IF(U53="","",COUNTIF($U$7:U53,U53)) | W53: =IF(U53="","",U53*1000+V53)
A54: =IF(P54="","",INDEX(前年度名簿!$H$2:$H$451,P54)) | B54: =IF(P54="","",IFERROR(INDEX(設定!$G$8:$G$31,INT(INDEX(前年度名簿!$G$2:$G$451,P54)/1000)),INDEX(前年度名簿!$A$2:$A$451,P54)&INDEX(前年度名簿!$B$2:$B$451,P54))) | C54: =IF(P54="","",INDEX(前年度名簿!$C$2:$C$451,P54)) | D54: =IF(P54="","",INDEX(前年度名簿!$D$2:$D$451,P54)) | E54: =IF(T54="","",INDEX(新年度名簿!$K$2:$K$451,T54)) | F54: =IF(T54="","",INDEX(新年度名簿!$C$2:$C$451,T54)) | G54: =IF(Q54="","",INDEX(希望入力!$H$2:$H$551,Q54)&"") | H54: =IF(Q54="","",INDEX(希望入力!$I$2:$I$551,Q54)&"") | I54: =IF(Q54="","",INDEX(希望入力!$J$2:$J$551,Q54)&"") | J54: =IF(Q54="","",IF(G54="","要調整",IFERROR(IF(IF(OR(設定!$C$14="〇",設定!$C$14="○"),COUNTIFS($A$7:$A$456,">="&A54,$G$7:$G$456,G54),COUNTIF($G$7:$G$456,G54))<=(INDEX(設定!$Q$8:$Q$27,MATCH(G54,設定!$P$8:$P$27,0))+N(INDEX(設定!$R$8:$R$27,MATCH(G54,設定!$P$8:$P$27,0)))),G54,"要調整"),"要調整"))) | L54: =IF(P54="","",IF(K54<>"",K54,IF(OR(J54="",J54="要調整"),"",J54))) | M54: =IF(P54="","",IF(AND(計算用!$B$1=1,T54=""),"転出",IF(L54<>"","決定",IF(Q54="","未提出","要調整")))) | N54: =IF(OR(M54<>"要調整",H54=""),"",IFERROR((INDEX(設定!$Q$8:$Q$27,MATCH(H54,設定!$P$8:$P$27,0))+N(INDEX(設定!$R$8:$R$27,MATCH(H54,設定!$P$8:$P$27,0))))-INDEX(定員チェック!$F$7:$F$26,MATCH(H54,設定!$P$8:$P$27,0))-COUNTIFS($M$7:$M$456,"要調整",$G$7:$G$456,H54),"")) | O54: =IF(OR(M54<>"要調整",I54=""),"",IFERROR((INDEX(設定!$Q$8:$Q$27,MATCH(I54,設定!$P$8:$P$27,0))+N(INDEX(設定!$R$8:$R$27,MATCH(I54,設定!$P$8:$P$27,0))))-INDEX(定員チェック!$F$7:$F$26,MATCH(I54,設定!$P$8:$P$27,0))-COUNTIFS($M$7:$M$456,"要調整",$G$7:$G$456,I54),"")) | P54: =IFERROR(MATCH(SMALL(前年度名簿!$G$2:$G$451,48),前年度名簿!$G$2:$G$451,0),"") | Q54: =IF(R54="","",IFERROR(MATCH(R54,希望入力!$M$2:$M$551,0),"")) | R54: =IF(P54="","",INDEX(前年度名簿!$F$2:$F$451,P54)) | S54: =IF(P54="","",INDEX(前年度名簿!$I$2:$I$451,P54)) | T54: =IF(OR(P54="",計算用!$B$1=0),"",IFERROR(MATCH(S54,新年度名簿!$H$2:$H$451,0),"")) | U54: =IF(OR(L54="",M54="転出"),"",IFERROR(MATCH(L54,設定!$P$8:$P$27,0),"")) | V54: =IF(U54="","",COUNTIF($U$7:U54,U54)) | W54: =IF(U54="","",U54*1000+V54)
A55: =IF(P55="","",INDEX(前年度名簿!$H$2:$H$451,P55)) | B55: =IF(P55="","",IFERROR(INDEX(設定!$G$8:$G$31,INT(INDEX(前年度名簿!$G$2:$G$451,P55)/1000)),INDEX(前年度名簿!$A$2:$A$451,P55)&INDEX(前年度名簿!$B$2:$B$451,P55))) | C55: =IF(P55="","",INDEX(前年度名簿!$C$2:$C$451,P55)) | D55: =IF(P55="","",INDEX(前年度名簿!$D$2:$D$451,P55)) | E55: =IF(T55="","",INDEX(新年度名簿!$K$2:$K$451,T55)) | F55: =IF(T55="","",INDEX(新年度名簿!$C$2:$C$451,T55)) | G55: =IF(Q55="","",INDEX(希望入力!$H$2:$H$551,Q55)&"") | H55: =IF(Q55="","",INDEX(希望入力!$I$2:$I$551,Q55)&"") | I55: =IF(Q55="","",INDEX(希望入力!$J$2:$J$551,Q55)&"") | J55: =IF(Q55="","",IF(G55="","要調整",IFERROR(IF(IF(OR(設定!$C$14="〇",設定!$C$14="○"),COUNTIFS($A$7:$A$456,">="&A55,$G$7:$G$456,G55),COUNTIF($G$7:$G$456,G55))<=(INDEX(設定!$Q$8:$Q$27,MATCH(G55,設定!$P$8:$P$27,0))+N(INDEX(設定!$R$8:$R$27,MATCH(G55,設定!$P$8:$P$27,0)))),G55,"要調整"),"要調整"))) | L55: =IF(P55="","",IF(K55<>"",K55,IF(OR(J55="",J55="要調整"),"",J55))) | M55: =IF(P55="","",IF(AND(計算用!$B$1=1,T55=""),"転出",IF(L55<>"","決定",IF(Q55="","未提出","要調整")))) | N55: =IF(OR(M55<>"要調整",H55=""),"",IFERROR((INDEX(設定!$Q$8:$Q$27,MATCH(H55,設定!$P$8:$P$27,0))+N(INDEX(設定!$R$8:$R$27,MATCH(H55,設定!$P$8:$P$27,0))))-INDEX(定員チェック!$F$7:$F$26,MATCH(H55,設定!$P$8:$P$27,0))-COUNTIFS($M$7:$M$456,"要調整",$G$7:$G$456,H55),"")) | O55: =IF(OR(M55<>"要調整",I55=""),"",IFERROR((INDEX(設定!$Q$8:$Q$27,MATCH(I55,設定!$P$8:$P$27,0))+N(INDEX(設定!$R$8:$R$27,MATCH(I55,設定!$P$8:$P$27,0))))-INDEX(定員チェック!$F$7:$F$26,MATCH(I55,設定!$P$8:$P$27,0))-COUNTIFS($M$7:$M$456,"要調整",$G$7:$G$456,I55),"")) | P55: =IFERROR(MATCH(SMALL(前年度名簿!$G$2:$G$451,49),前年度名簿!$G$2:$G$451,0),"") | Q55: =IF(R55="","",IFERROR(MATCH(R55,希望入力!$M$2:$M$551,0),"")) | R55: =IF(P55="","",INDEX(前年度名簿!$F$2:$F$451,P55)) | S55: =IF(P55="","",INDEX(前年度名簿!$I$2:$I$451,P55)) | T55: =IF(OR(P55="",計算用!$B$1=0),"",IFERROR(MATCH(S55,新年度名簿!$H$2:$H$451,0),"")) | U55: =IF(OR(L55="",M55="転出"),"",IFERROR(MATCH(L55,設定!$P$8:$P$27,0),"")) | V55: =IF(U55="","",COUNTIF($U$7:U55,U55)) | W55: =IF(U55="","",U55*1000+V55)
A56: =IF(P56="","",INDEX(前年度名簿!$H$2:$H$451,P56)) | B56: =IF(P56="","",IFERROR(INDEX(設定!$G$8:$G$31,INT(INDEX(前年度名簿!$G$2:$G$451,P56)/1000)),INDEX(前年度名簿!$A$2:$A$451,P56)&INDEX(前年度名簿!$B$2:$B$451,P56))) | C56: =IF(P56="","",INDEX(前年度名簿!$C$2:$C$451,P56)) | D56: =IF(P56="","",INDEX(前年度名簿!$D$2:$D$451,P56)) | E56: =IF(T56="","",INDEX(新年度名簿!$K$2:$K$451,T56)) | F56: =IF(T56="","",INDEX(新年度名簿!$C$2:$C$451,T56)) | G56: =IF(Q56="","",INDEX(希望入力!$H$2:$H$551,Q56)&"") | H56: =IF(Q56="","",INDEX(希望入力!$I$2:$I$551,Q56)&"") | I56: =IF(Q56="","",INDEX(希望入力!$J$2:$J$551,Q56)&"") | J56: =IF(Q56="","",IF(G56="","要調整",IFERROR(IF(IF(OR(設定!$C$14="〇",設定!$C$14="○"),COUNTIFS($A$7:$A$456,">="&A56,$G$7:$G$456,G56),COUNTIF($G$7:$G$456,G56))<=(INDEX(設定!$Q$8:$Q$27,MATCH(G56,設定!$P$8:$P$27,0))+N(INDEX(設定!$R$8:$R$27,MATCH(G56,設定!$P$8:$P$27,0)))),G56,"要調整"),"要調整"))) | L56: =IF(P56="","",IF(K56<>"",K56,IF(OR(J56="",J56="要調整"),"",J56))) | M56: =IF(P56="","",IF(AND(計算用!$B$1=1,T56=""),"転出",IF(L56<>"","決定",IF(Q56="","未提出","要調整")))) | N56: =IF(OR(M56<>"要調整",H56=""),"",IFERROR((INDEX(設定!$Q$8:$Q$27,MATCH(H56,設定!$P$8:$P$27,0))+N(INDEX(設定!$R$8:$R$27,MATCH(H56,設定!$P$8:$P$27,0))))-INDEX(定員チェック!$F$7:$F$26,MATCH(H56,設定!$P$8:$P$27,0))-COUNTIFS($M$7:$M$456,"要調整",$G$7:$G$456,H56),"")) | O56: =IF(OR(M56<>"要調整",I56=""),"",IFERROR((INDEX(設定!$Q$8:$Q$27,MATCH(I56,設定!$P$8:$P$27,0))+N(INDEX(設定!$R$8:$R$27,MATCH(I56,設定!$P$8:$P$27,0))))-INDEX(定員チェック!$F$7:$F$26,MATCH(I56,設定!$P$8:$P$27,0))-COUNTIFS($M$7:$M$456,"要調整",$G$7:$G$456,I56),"")) | P56: =IFERROR(MATCH(SMALL(前年度名簿!$G$2:$G$451,50),前年度名簿!$G$2:$G$451,0),"") | Q56: =IF(R56="","",IFERROR(MATCH(R56,希望入力!$M$2:$M$551,0),"")) | R56: =IF(P56="","",INDEX(前年度名簿!$F$2:$F$451,P56)) | S56: =IF(P56="","",INDEX(前年度名簿!$I$2:$I$451,P56)) | T56: =IF(OR(P56="",計算用!$B$1=0),"",IFERROR(MATCH(S56,新年度名簿!$H$2:$H$451,0),"")) | U56: =IF(OR(L56="",M56="転出"),"",IFERROR(MATCH(L56,設定!$P$8:$P$27,0),"")) | V56: =IF(U56="","",COUNTIF($U$7:U56,U56)) | W56: =IF(U56="","",U56*1000+V56)
A57: =IF(P57="","",INDEX(前年度名簿!$H$2:$H$451,P57)) | B57: =IF(P57="","",IFERROR(INDEX(設定!$G$8:$G$31,INT(INDEX(前年度名簿!$G$2:$G$451,P57)/1000)),INDEX(前年度名簿!$A$2:$A$451,P57)&INDEX(前年度名簿!$B$2:$B$451,P57))) | C57: =IF(P57="","",INDEX(前年度名簿!$C$2:$C$451,P57)) | D57: =IF(P57="","",INDEX(前年度名簿!$D$2:$D$451,P57)) | E57: =IF(T57="","",INDEX(新年度名簿!$K$2:$K$451,T57)) | F57: =IF(T57="","",INDEX(新年度名簿!$C$2:$C$451,T57)) | G57: =IF(Q57="","",INDEX(希望入力!$H$2:$H$551,Q57)&"") | H57: =IF(Q57="","",INDEX(希望入力!$I$2:$I$551,Q57)&"") | I57: =IF(Q57="","",INDEX(希望入力!$J$2:$J$551,Q57)&"") | J57: =IF(Q57="","",IF(G57="","要調整",IFERROR(IF(IF(OR(設定!$C$14="〇",設定!$C$14="○"),COUNTIFS($A$7:$A$456,">="&A57,$G$7:$G$456,G57),COUNTIF($G$7:$G$456,G57))<=(INDEX(設定!$Q$8:$Q$27,MATCH(G57,設定!$P$8:$P$27,0))+N(INDEX(設定!$R$8:$R$27,MATCH(G57,設定!$P$8:$P$27,0)))),G57,"要調整"),"要調整"))) | L57: =IF(P57="","",IF(K57<>"",K57,IF(OR(J57="",J57="要調整"),"",J57))) | M57: =IF(P57="","",IF(AND(計算用!$B$1=1,T57=""),"転出",IF(L57<>"","決定",IF(Q57="","未提出","要調整")))) | N57: =IF(OR(M57<>"要調整",H57=""),"",IFERROR((INDEX(設定!$Q$8:$Q$27,MATCH(H57,設定!$P$8:$P$27,0))+N(INDEX(設定!$R$8:$R$27,MATCH(H57,設定!$P$8:$P$27,0))))-INDEX(定員チェック!$F$7:$F$26,MATCH(H57,設定!$P$8:$P$27,0))-COUNTIFS($M$7:$M$456,"要調整",$G$7:$G$456,H57),"")) | O57: =IF(OR(M57<>"要調整",I57=""),"",IFERROR((INDEX(設定!$Q$8:$Q$27,MATCH(I57,設定!$P$8:$P$27,0))+N(INDEX(設定!$R$8:$R$27,MATCH(I57,設定!$P$8:$P$27,0))))-INDEX(定員チェック!$F$7:$F$26,MATCH(I57,設定!$P$8:$P$27,0))-COUNTIFS($M$7:$M$456,"要調整",$G$7:$G$456,I57),"")) | P57: =IFERROR(MATCH(SMALL(前年度名簿!$G$2:$G$451,51),前年度名簿!$G$2:$G$451,0),"") | Q57: =IF(R57="","",IFERROR(MATCH(R57,希望入力!$M$2:$M$551,0),"")) | R57: =IF(P57="","",INDEX(前年度名簿!$F$2:$F$451,P57)) | S57: =IF(P57="","",INDEX(前年度名簿!$I$2:$I$451,P57)) | T57: =IF(OR(P57="",計算用!$B$1=0),"",IFERROR(MATCH(S57,新年度名簿!$H$2:$H$451,0),"")) | U57: =IF(OR(L57="",M57="転出"),"",IFERROR(MATCH(L57,設定!$P$8:$P$27,0),"")) | V57: =IF(U57="","",COUNTIF($U$7:U57,U57)) | W57: =IF(U57="","",U57*1000+V57)
A58: =IF(P58="","",INDEX(前年度名簿!$H$2:$H$451,P58)) | B58: =IF(P58="","",IFERROR(INDEX(設定!$G$8:$G$31,INT(INDEX(前年度名簿!$G$2:$G$451,P58)/1000)),INDEX(前年度名簿!$A$2:$A$451,P58)&INDEX(前年度名簿!$B$2:$B$451,P58))) | C58: =IF(P58="","",INDEX(前年度名簿!$C$2:$C$451,P58)) | D58: =IF(P58="","",INDEX(前年度名簿!$D$2:$D$451,P58)) | E58: =IF(T58="","",INDEX(新年度名簿!$K$2:$K$451,T58)) | F58: =IF(T58="","",INDEX(新年度名簿!$C$2:$C$451,T58)) | G58: =IF(Q58="","",INDEX(希望入力!$H$2:$H$551,Q58)&"") | H58: =IF(Q58="","",INDEX(希望入力!$I$2:$I$551,Q58)&"") | I58: =IF(Q58="","",INDEX(希望入力!$J$2:$J$551,Q58)&"") | J58: =IF(Q58="","",IF(G58="","要調整",IFERROR(IF(IF(OR(設定!$C$14="〇",設定!$C$14="○"),COUNTIFS($A$7:$A$456,">="&A58,$G$7:$G$456,G58),COUNTIF($G$7:$G$456,G58))<=(INDEX(設定!$Q$8:$Q$27,MATCH(G58,設定!$P$8:$P$27,0))+N(INDEX(設定!$R$8:$R$27,MATCH(G58,設定!$P$8:$P$27,0)))),G58,"要調整"),"要調整"))) | L58: =IF(P58="","",IF(K58<>"",K58,IF(OR(J58="",J58="要調整"),"",J58))) | M58: =IF(P58="","",IF(AND(計算用!$B$1=1,T58=""),"転出",IF(L58<>"","決定",IF(Q58="","未提出","要調整")))) | N58: =IF(OR(M58<>"要調整",H58=""),"",IFERROR((INDEX(設定!$Q$8:$Q$27,MATCH(H58,設定!$P$8:$P$27,0))+N(INDEX(設定!$R$8:$R$27,MATCH(H58,設定!$P$8:$P$27,0))))-INDEX(定員チェック!$F$7:$F$26,MATCH(H58,設定!$P$8:$P$27,0))-COUNTIFS($M$7:$M$456,"要調整",$G$7:$G$456,H58),"")) | O58: =IF(OR(M58<>"要調整",I58=""),"",IFERROR((INDEX(設定!$Q$8:$Q$27,MATCH(I58,設定!$P$8:$P$27,0))+N(INDEX(設定!$R$8:$R$27,MATCH(I58,設定!$P$8:$P$27,0))))-INDEX(定員チェック!$F$7:$F$26,MATCH(I58,設定!$P$8:$P$27,0))-COUNTIFS($M$7:$M$456,"要調整",$G$7:$G$456,I58),"")) | P58: =IFERROR(MATCH(SMALL(前年度名簿!$G$2:$G$451,52),前年度名簿!$G$2:$G$451,0),"") | Q58: =IF(R58="","",IFERROR(MATCH(R58,希望入力!$M$2:$M$551,0),"")) | R58: =IF(P58="","",INDEX(前年度名簿!$F$2:$F$451,P58)) | S58: =IF(P58="","",INDEX(前年度名簿!$I$2:$I$451,P58)) | T58: =IF(OR(P58="",計算用!$B$1=0),"",IFERROR(MATCH(S58,新年度名簿!$H$2:$H$451,0),"")) | U58: =IF(OR(L58="",M58="転出"),"",IFERROR(MATCH(L58,設定!$P$8:$P$27,0),"")) | V58: =IF(U58="","",COUNTIF($U$7:U58,U58)) | W58: =IF(U58="","",U58*1000+V58)
A59: =IF(P59="","",INDEX(前年度名簿!$H$2:$H$451,P59)) | B59: =IF(P59="","",IFERROR(INDEX(設定!$G$8:$G$31,INT(INDEX(前年度名簿!$G$2:$G$451,P59)/1000)),INDEX(前年度名簿!$A$2:$A$451,P59)&INDEX(前年度名簿!$B$2:$B$451,P59))) | C59: =IF(P59="","",INDEX(前年度名簿!$C$2:$C$451,P59)) | D59: =IF(P59="","",INDEX(前年度名簿!$D$2:$D$451,P59)) | E59: =IF(T59="","",INDEX(新年度名簿!$K$2:$K$451,T59)) | F59: =IF(T59="","",INDEX(新年度名簿!$C$2:$C$451,T59)) | G59: =IF(Q59="","",INDEX(希望入力!$H$2:$H$551,Q59)&"") | H59: =IF(Q59="","",INDEX(希望入力!$I$2:$I$551,Q59)&"") | I59: =IF(Q59="","",INDEX(希望入力!$J$2:$J$551,Q59)&"") | J59: =IF(Q59="","",IF(G59="","要調整",IFERROR(IF(IF(OR(設定!$C$14="〇",設定!$C$14="○"),COUNTIFS($A$7:$A$456,">="&A59,$G$7:$G$456,G59),COUNTIF($G$7:$G$456,G59))<=(INDEX(設定!$Q$8:$Q$27,MATCH(G59,設定!$P$8:$P$27,0))+N(INDEX(設定!$R$8:$R$27,MATCH(G59,設定!$P$8:$P$27,0)))),G59,"要調整"),"要調整"))) | L59: =IF(P59="","",IF(K59<>"",K59,IF(OR(J59="",J59="要調整"),"",J59))) | M59: =IF(P59="","",IF(AND(計算用!$B$1=1,T59=""),"転出",IF(L59<>"","決定",IF(Q59="","未提出","要調整")))) | N59: =IF(OR(M59<>"要調整",H59=""),"",IFERROR((INDEX(設定!$Q$8:$Q$27,MATCH(H59,設定!$P$8:$P$27,0))+N(INDEX(設定!$R$8:$R$27,MATCH(H59,設定!$P$8:$P$27,0))))-INDEX(定員チェック!$F$7:$F$26,MATCH(H59,設定!$P$8:$P$27,0))-COUNTIFS($M$7:$M$456,"要調整",$G$7:$G$456,H59),"")) | O59: =IF(OR(M59<>"要調整",I59=""),"",IFERROR((INDEX(設定!$Q$8:$Q$27,MATCH(I59,設定!$P$8:$P$27,0))+N(INDEX(設定!$R$8:$R$27,MATCH(I59,設定!$P$8:$P$27,0))))-INDEX(定員チェック!$F$7:$F$26,MATCH(I59,設定!$P$8:$P$27,0))-COUNTIFS($M$7:$M$456,"要調整",$G$7:$G$456,I59),"")) | P59: =IFERROR(MATCH(SMALL(前年度名簿!$G$2:$G$451,53),前年度名簿!$G$2:$G$451,0),"") | Q59: =IF(R59="","",IFERROR(MATCH(R59,希望入力!$M$2:$M$551,0),"")) | R59: =IF(P59="","",INDEX(前年度名簿!$F$2:$F$451,P59)) | S59: =IF(P59="","",INDEX(前年度名簿!$I$2:$I$451,P59)) | T59: =IF(OR(P59="",計算用!$B$1=0),"",IFERROR(MATCH(S59,新年度名簿!$H$2:$H$451,0),"")) | U59: =IF(OR(L59="",M59="転出"),"",IFERROR(MATCH(L59,設定!$P$8:$P$27,0),"")) | V59: =IF(U59="","",COUNTIF($U$7:U59,U59)) | W59: =IF(U59="","",U59*1000+V59)
A60: =IF(P60="","",INDEX(前年度名簿!$H$2:$H$451,P60)) | B60: =IF(P60="","",IFERROR(INDEX(設定!$G$8:$G$31,INT(INDEX(前年度名簿!$G$2:$G$451,P60)/1000)),INDEX(前年度名簿!$A$2:$A$451,P60)&INDEX(前年度名簿!$B$2:$B$451,P60))) | C60: =IF(P60="","",INDEX(前年度名簿!$C$2:$C$451,P60)) | D60: =IF(P60="","",INDEX(前年度名簿!$D$2:$D$451,P60)) | E60: =IF(T60="","",INDEX(新年度名簿!$K$2:$K$451,T60)) | F60: =IF(T60="","",INDEX(新年度名簿!$C$2:$C$451,T60)) | G60: =IF(Q60="","",INDEX(希望入力!$H$2:$H$551,Q60)&"") | H60: =IF(Q60="","",INDEX(希望入力!$I$2:$I$551,Q60)&"") | I60: =IF(Q60="","",INDEX(希望入力!$J$2:$J$551,Q60)&"") | J60: =IF(Q60="","",IF(G60="","要調整",IFERROR(IF(IF(OR(設定!$C$14="〇",設定!$C$14="○"),COUNTIFS($A$7:$A$456,">="&A60,$G$7:$G$456,G60),COUNTIF($G$7:$G$456,G60))<=(INDEX(設定!$Q$8:$Q$27,MATCH(G60,設定!$P$8:$P$27,0))+N(INDEX(設定!$R$8:$R$27,MATCH(G60,設定!$P$8:$P$27,0)))),G60,"要調整"),"要調整"))) | L60: =IF(P60="","",IF(K60<>"",K60,IF(OR(J60="",J60="要調整"),"",J60))) | M60: =IF(P60="","",IF(AND(計算用!$B$1=1,T60=""),"転出",IF(L60<>"","決定",IF(Q60="","未提出","要調整")))) | N60: =IF(OR(M60<>"要調整",H60=""),"",IFERROR((INDEX(設定!$Q$8:$Q$27,MATCH(H60,設定!$P$8:$P$27,0))+N(INDEX(設定!$R$8:$R$27,MATCH(H60,設定!$P$8:$P$27,0))))-INDEX(定員チェック!$F$7:$F$26,MATCH(H60,設定!$P$8:$P$27,0))-COUNTIFS($M$7:$M$456,"要調整",$G$7:$G$456,H60),"")) | O60: =IF(OR(M60<>"要調整",I60=""),"",IFERROR((INDEX(設定!$Q$8:$Q$27,MATCH(I60,設定!$P$8:$P$27,0))+N(INDEX(設定!$R$8:$R$27,MATCH(I60,設定!$P$8:$P$27,0))))-INDEX(定員チェック!$F$7:$F$26,MATCH(I60,設定!$P$8:$P$27,0))-COUNTIFS($M$7:$M$456,"要調整",$G$7:$G$456,I60),"")) | P60: =IFERROR(MATCH(SMALL(前年度名簿!$G$2:$G$451,54),前年度名簿!$G$2:$G$451,0),"") | Q60: =IF(R60="","",IFERROR(MATCH(R60,希望入力!$M$2:$M$551,0),"")) | R60: =IF(P60="","",INDEX(前年度名簿!$F$2:$F$451,P60)) | S60: =IF(P60="","",INDEX(前年度名簿!$I$2:$I$451,P60)) | T60: =IF(OR(P60="",計算用!$B$1=0),"",IFERROR(MATCH(S60,新年度名簿!$H$2:$H$451,0),"")) | U60: =IF(OR(L60="",M60="転出"),"",IFERROR(MATCH(L60,設定!$P$8:$P$27,0),"")) | V60: =IF(U60="","",COUNTIF($U$7:U60,U60)) | W60: =IF(U60="","",U60*1000+V60)
A61: =IF(P61="","",INDEX(前年度名簿!$H$2:$H$451,P61)) | B61: =IF(P61="","",IFERROR(INDEX(設定!$G$8:$G$31,INT(INDEX(前年度名簿!$G$2:$G$451,P61)/1000)),INDEX(前年度名簿!$A$2:$A$451,P61)&INDEX(前年度名簿!$B$2:$B$451,P61))) | C61: =IF(P61="","",INDEX(前年度名簿!$C$2:$C$451,P61)) | D61: =IF(P61="","",INDEX(前年度名簿!$D$2:$D$451,P61)) | E61: =IF(T61="","",INDEX(新年度名簿!$K$2:$K$451,T61)) | F61: =IF(T61="","",INDEX(新年度名簿!$C$2:$C$451,T61)) | G61: =IF(Q61="","",INDEX(希望入力!$H$2:$H$551,Q61)&"") | H61: =IF(Q61="","",INDEX(希望入力!$I$2:$I$551,Q61)&"") | I61: =IF(Q61="","",INDEX(希望入力!$J$2:$J$551,Q61)&"") | J61: =IF(Q61="","",IF(G61="","要調整",IFERROR(IF(IF(OR(設定!$C$14="〇",設定!$C$14="○"),COUNTIFS($A$7:$A$456,">="&A61,$G$7:$G$456,G61),COUNTIF($G$7:$G$456,G61))<=(INDEX(設定!$Q$8:$Q$27,MATCH(G61,設定!$P$8:$P$27,0))+N(INDEX(設定!$R$8:$R$27,MATCH(G61,設定!$P$8:$P$27,0)))),G61,"要調整"),"要調整"))) | L61: =IF(P61="","",IF(K61<>"",K61,IF(OR(J61="",J61="要調整"),"",J61))) | M61: =IF(P61="","",IF(AND(計算用!$B$1=1,T61=""),"転出",IF(L61<>"","決定",IF(Q61="","未提出","要調整")))) | N61: =IF(OR(M61<>"要調整",H61=""),"",IFERROR((INDEX(設定!$Q$8:$Q$27,MATCH(H61,設定!$P$8:$P$27,0))+N(INDEX(設定!$R$8:$R$27,MATCH(H61,設定!$P$8:$P$27,0))))-INDEX(定員チェック!$F$7:$F$26,MATCH(H61,設定!$P$8:$P$27,0))-COUNTIFS($M$7:$M$456,"要調整",$G$7:$G$456,H61),"")) | O61: =IF(OR(M61<>"要調整",I61=""),"",IFERROR((INDEX(設定!$Q$8:$Q$27,MATCH(I61,設定!$P$8:$P$27,0))+N(INDEX(設定!$R$8:$R$27,MATCH(I61,設定!$P$8:$P$27,0))))-INDEX(定員チェック!$F$7:$F$26,MATCH(I61,設定!$P$8:$P$27,0))-COUNTIFS($M$7:$M$456,"要調整",$G$7:$G$456,I61),"")) | P61: =IFERROR(MATCH(SMALL(前年度名簿!$G$2:$G$451,55),前年度名簿!$G$2:$G$451,0),"") | Q61: =IF(R61="","",IFERROR(MATCH(R61,希望入力!$M$2:$M$551,0),"")) | R61: =IF(P61="","",INDEX(前年度名簿!$F$2:$F$451,P61)) | S61: =IF(P61="","",INDEX(前年度名簿!$I$2:$I$451,P61)) | T61: =IF(OR(P61="",計算用!$B$1=0),"",IFERROR(MATCH(S61,新年度名簿!$H$2:$H$451,0),"")) | U61: =IF(OR(L61="",M61="転出"),"",IFERROR(MATCH(L61,設定!$P$8:$P$27,0),"")) | V61: =IF(U61="","",COUNTIF($U$7:U61,U61)) | W61: =IF(U61="","",U61*1000+V61)
A62: =IF(P62="","",INDEX(前年度名簿!$H$2:$H$451,P62)) | B62: =IF(P62="","",IFERROR(INDEX(設定!$G$8:$G$31,INT(INDEX(前年度名簿!$G$2:$G$451,P62)/1000)),INDEX(前年度名簿!$A$2:$A$451,P62)&INDEX(前年度名簿!$B$2:$B$451,P62))) | C62: =IF(P62="","",INDEX(前年度名簿!$C$2:$C$451,P62)) | D62: =IF(P62="","",INDEX(前年度名簿!$D$2:$D$451,P62)) | E62: =IF(T62="","",INDEX(新年度名簿!$K$2:$K$451,T62)) | F62: =IF(T62="","",INDEX(新年度名簿!$C$2:$C$451,T62)) | G62: =IF(Q62="","",INDEX(希望入力!$H$2:$H$551,Q62)&"") | H62: =IF(Q62="","",INDEX(希望入力!$I$2:$I$551,Q62)&"") | I62: =IF(Q62="","",INDEX(希望入力!$J$2:$J$551,Q62)&"") | J62: =IF(Q62="","",IF(G62="","要調整",IFERROR(IF(IF(OR(設定!$C$14="〇",設定!$C$14="○"),COUNTIFS($A$7:$A$456,">="&A62,$G$7:$G$456,G62),COUNTIF($G$7:$G$456,G62))<=(INDEX(設定!$Q$8:$Q$27,MATCH(G62,設定!$P$8:$P$27,0))+N(INDEX(設定!$R$8:$R$27,MATCH(G62,設定!$P$8:$P$27,0)))),G62,"要調整"),"要調整"))) | L62: =IF(P62="","",IF(K62<>"",K62,IF(OR(J62="",J62="要調整"),"",J62))) | M62: =IF(P62="","",IF(AND(計算用!$B$1=1,T62=""),"転出",IF(L62<>"","決定",IF(Q62="","未提出","要調整")))) | N62: =IF(OR(M62<>"要調整",H62=""),"",IFERROR((INDEX(設定!$Q$8:$Q$27,MATCH(H62,設定!$P$8:$P$27,0))+N(INDEX(設定!$R$8:$R$27,MATCH(H62,設定!$P$8:$P$27,0))))-INDEX(定員チェック!$F$7:$F$26,MATCH(H62,設定!$P$8:$P$27,0))-COUNTIFS($M$7:$M$456,"要調整",$G$7:$G$456,H62),"")) | O62: =IF(OR(M62<>"要調整",I62=""),"",IFERROR((INDEX(設定!$Q$8:$Q$27,MATCH(I62,設定!$P$8:$P$27,0))+N(INDEX(設定!$R$8:$R$27,MATCH(I62,設定!$P$8:$P$27,0))))-INDEX(定員チェック!$F$7:$F$26,MATCH(I62,設定!$P$8:$P$27,0))-COUNTIFS($M$7:$M$456,"要調整",$G$7:$G$456,I62),"")) | P62: =IFERROR(MATCH(SMALL(前年度名簿!$G$2:$G$451,56),前年度名簿!$G$2:$G$451,0),"") | Q62: =IF(R62="","",IFERROR(MATCH(R62,希望入力!$M$2:$M$551,0),"")) | R62: =IF(P62="","",INDEX(前年度名簿!$F$2:$F$451,P62)) | S62: =IF(P62="","",INDEX(前年度名簿!$I$2:$I$451,P62)) | T62: =IF(OR(P62="",計算用!$B$1=0),"",IFERROR(MATCH(S62,新年度名簿!$H$2:$H$451,0),"")) | U62: =IF(OR(L62="",M62="転出"),"",IFERROR(MATCH(L62,設定!$P$8:$P$27,0),"")) | V62: =IF(U62="","",COUNTIF($U$7:U62,U62)) | W62: =IF(U62="","",U62*1000+V62)
A63: =IF(P63="","",INDEX(前年度名簿!$H$2:$H$451,P63)) | B63: =IF(P63="","",IFERROR(INDEX(設定!$G$8:$G$31,INT(INDEX(前年度名簿!$G$2:$G$451,P63)/1000)),INDEX(前年度名簿!$A$2:$A$451,P63)&INDEX(前年度名簿!$B$2:$B$451,P63))) | C63: =IF(P63="","",INDEX(前年度名簿!$C$2:$C$451,P63)) | D63: =IF(P63="","",INDEX(前年度名簿!$D$2:$D$451,P63)) | E63: =IF(T63="","",INDEX(新年度名簿!$K$2:$K$451,T63)) | F63: =IF(T63="","",INDEX(新年度名簿!$C$2:$C$451,T63)) | G63: =IF(Q63="","",INDEX(希望入力!$H$2:$H$551,Q63)&"") | H63: =IF(Q63="","",INDEX(希望入力!$I$2:$I$551,Q63)&"") | I63: =IF(Q63="","",INDEX(希望入力!$J$2:$J$551,Q63)&"") | J63: =IF(Q63="","",IF(G63="","要調整",IFERROR(IF(IF(OR(設定!$C$14="〇",設定!$C$14="○"),COUNTIFS($A$7:$A$456,">="&A63,$G$7:$G$456,G63),COUNTIF($G$7:$G$456,G63))<=(INDEX(設定!$Q$8:$Q$27,MATCH(G63,設定!$P$8:$P$27,0))+N(INDEX(設定!$R$8:$R$27,MATCH(G63,設定!$P$8:$P$27,0)))),G63,"要調整"),"要調整"))) | L63: =IF(P63="","",IF(K63<>"",K63,IF(OR(J63="",J63="要調整"),"",J63))) | M63: =IF(P63="","",IF(AND(計算用!$B$1=1,T63=""),"転出",IF(L63<>"","決定",IF(Q63="","未提出","要調整")))) | N63: =IF(OR(M63<>"要調整",H63=""),"",IFERROR((INDEX(設定!$Q$8:$Q$27,MATCH(H63,設定!$P$8:$P$27,0))+N(INDEX(設定!$R$8:$R$27,MATCH(H63,設定!$P$8:$P$27,0))))-INDEX(定員チェック!$F$7:$F$26,MATCH(H63,設定!$P$8:$P$27,0))-COUNTIFS($M$7:$M$456,"要調整",$G$7:$G$456,H63),"")) | O63: =IF(OR(M63<>"要調整",I63=""),"",IFERROR((INDEX(設定!$Q$8:$Q$27,MATCH(I63,設定!$P$8:$P$27,0))+N(INDEX(設定!$R$8:$R$27,MATCH(I63,設定!$P$8:$P$27,0))))-INDEX(定員チェック!$F$7:$F$26,MATCH(I63,設定!$P$8:$P$27,0))-COUNTIFS($M$7:$M$456,"要調整",$G$7:$G$456,I63),"")) | P63: =IFERROR(MATCH(SMALL(前年度名簿!$G$2:$G$451,57),前年度名簿!$G$2:$G$451,0),"") | Q63: =IF(R63="","",IFERROR(MATCH(R63,希望入力!$M$2:$M$551,0),"")) | R63: =IF(P63="","",INDEX(前年度名簿!$F$2:$F$451,P63)) | S63: =IF(P63="","",INDEX(前年度名簿!$I$2:$I$451,P63)) | T63: =IF(OR(P63="",計算用!$B$1=0),"",IFERROR(MATCH(S63,新年度名簿!$H$2:$H$451,0),"")) | U63: =IF(OR(L63="",M63="転出"),"",IFERROR(MATCH(L63,設定!$P$8:$P$27,0),"")) | V63: =IF(U63="","",COUNTIF($U$7:U63,U63)) | W63: =IF(U63="","",U63*1000+V63)
A64: =IF(P64="","",INDEX(前年度名簿!$H$2:$H$451,P64)) | B64: =IF(P64="","",IFERROR(INDEX(設定!$G$8:$G$31,INT(INDEX(前年度名簿!$G$2:$G$451,P64)/1000)),INDEX(前年度名簿!$A$2:$A$451,P64)&INDEX(前年度名簿!$B$2:$B$451,P64))) | C64: =IF(P64="","",INDEX(前年度名簿!$C$2:$C$451,P64)) | D64: =IF(P64="","",INDEX(前年度名簿!$D$2:$D$451,P64)) | E64: =IF(T64="","",INDEX(新年度名簿!$K$2:$K$451,T64)) | F64: =IF(T64="","",INDEX(新年度名簿!$C$2:$C$451,T64)) | G64: =IF(Q64="","",INDEX(希望入力!$H$2:$H$551,Q64)&"") | H64: =IF(Q64="","",INDEX(希望入力!$I$2:$I$551,Q64)&"") | I64: =IF(Q64="","",INDEX(希望入力!$J$2:$J$551,Q64)&"") | J64: =IF(Q64="","",IF(G64="","要調整",IFERROR(IF(IF(OR(設定!$C$14="〇",設定!$C$14="○"),COUNTIFS($A$7:$A$456,">="&A64,$G$7:$G$456,G64),COUNTIF($G$7:$G$456,G64))<=(INDEX(設定!$Q$8:$Q$27,MATCH(G64,設定!$P$8:$P$27,0))+N(INDEX(設定!$R$8:$R$27,MATCH(G64,設定!$P$8:$P$27,0)))),G64,"要調整"),"要調整"))) | L64: =IF(P64="","",IF(K64<>"",K64,IF(OR(J64="",J64="要調整"),"",J64))) | M64: =IF(P64="","",IF(AND(計算用!$B$1=1,T64=""),"転出",IF(L64<>"","決定",IF(Q64="","未提出","要調整")))) | N64: =IF(OR(M64<>"要調整",H64=""),"",IFERROR((INDEX(設定!$Q$8:$Q$27,MATCH(H64,設定!$P$8:$P$27,0))+N(INDEX(設定!$R$8:$R$27,MATCH(H64,設定!$P$8:$P$27,0))))-INDEX(定員チェック!$F$7:$F$26,MATCH(H64,設定!$P$8:$P$27,0))-COUNTIFS($M$7:$M$456,"要調整",$G$7:$G$456,H64),"")) | O64: =IF(OR(M64<>"要調整",I64=""),"",IFERROR((INDEX(設定!$Q$8:$Q$27,MATCH(I64,設定!$P$8:$P$27,0))+N(INDEX(設定!$R$8:$R$27,MATCH(I64,設定!$P$8:$P$27,0))))-INDEX(定員チェック!$F$7:$F$26,MATCH(I64,設定!$P$8:$P$27,0))-COUNTIFS($M$7:$M$456,"要調整",$G$7:$G$456,I64),"")) | P64: =IFERROR(MATCH(SMALL(前年度名簿!$G$2:$G$451,58),前年度名簿!$G$2:$G$451,0),"") | Q64: =IF(R64="","",IFERROR(MATCH(R64,希望入力!$M$2:$M$551,0),"")) | R64: =IF(P64="","",INDEX(前年度名簿!$F$2:$F$451,P64)) | S64: =IF(P64="","",INDEX(前年度名簿!$I$2:$I$451,P64)) | T64: =IF(OR(P64="",計算用!$B$1=0),"",IFERROR(MATCH(S64,新年度名簿!$H$2:$H$451,0),"")) | U64: =IF(OR(L64="",M64="転出"),"",IFERROR(MATCH(L64,設定!$P$8:$P$27,0),"")) | V64: =IF(U64="","",COUNTIF($U$7:U64,U64)) | W64: =IF(U64="","",U64*1000+V64)
A65: =IF(P65="","",INDEX(前年度名簿!$H$2:$H$451,P65)) | B65: =IF(P65="","",IFERROR(INDEX(設定!$G$8:$G$31,INT(INDEX(前年度名簿!$G$2:$G$451,P65)/1000)),INDEX(前年度名簿!$A$2:$A$451,P65)&INDEX(前年度名簿!$B$2:$B$451,P65))) | C65: =IF(P65="","",INDEX(前年度名簿!$C$2:$C$451,P65)) | D65: =IF(P65="","",INDEX(前年度名簿!$D$2:$D$451,P65)) | E65: =IF(T65="","",INDEX(新年度名簿!$K$2:$K$451,T65)) | F65: =IF(T65="","",INDEX(新年度名簿!$C$2:$C$451,T65)) | G65: =IF(Q65="","",INDEX(希望入力!$H$2:$H$551,Q65)&"") | H65: =IF(Q65="","",INDEX(希望入力!$I$2:$I$551,Q65)&"") | I65: =IF(Q65="","",INDEX(希望入力!$J$2:$J$551,Q65)&"") | J65: =IF(Q65="","",IF(G65="","要調整",IFERROR(IF(IF(OR(設定!$C$14="〇",設定!$C$14="○"),COUNTIFS($A$7:$A$456,">="&A65,$G$7:$G$456,G65),COUNTIF($G$7:$G$456,G65))<=(INDEX(設定!$Q$8:$Q$27,MATCH(G65,設定!$P$8:$P$27,0))+N(INDEX(設定!$R$8:$R$27,MATCH(G65,設定!$P$8:$P$27,0)))),G65,"要調整"),"要調整"))) | L65: =IF(P65="","",IF(K65<>"",K65,IF(OR(J65="",J65="要調整"),"",J65))) | M65: =IF(P65="","",IF(AND(計算用!$B$1=1,T65=""),"転出",IF(L65<>"","決定",IF(Q65="","未提出","要調整")))) | N65: =IF(OR(M65<>"要調整",H65=""),"",IFERROR((INDEX(設定!$Q$8:$Q$27,MATCH(H65,設定!$P$8:$P$27,0))+N(INDEX(設定!$R$8:$R$27,MATCH(H65,設定!$P$8:$P$27,0))))-INDEX(定員チェック!$F$7:$F$26,MATCH(H65,設定!$P$8:$P$27,0))-COUNTIFS($M$7:$M$456,"要調整",$G$7:$G$456,H65),"")) | O65: =IF(OR(M65<>"要調整",I65=""),"",IFERROR((INDEX(設定!$Q$8:$Q$27,MATCH(I65,設定!$P$8:$P$27,0))+N(INDEX(設定!$R$8:$R$27,MATCH(I65,設定!$P$8:$P$27,0))))-INDEX(定員チェック!$F$7:$F$26,MATCH(I65,設定!$P$8:$P$27,0))-COUNTIFS($M$7:$M$456,"要調整",$G$7:$G$456,I65),"")) | P65: =IFERROR(MATCH(SMALL(前年度名簿!$G$2:$G$451,59),前年度名簿!$G$2:$G$451,0),"") | Q65: =IF(R65="","",IFERROR(MATCH(R65,希望入力!$M$2:$M$551,0),"")) | R65: =IF(P65="","",INDEX(前年度名簿!$F$2:$F$451,P65)) | S65: =IF(P65="","",INDEX(前年度名簿!$I$2:$I$451,P65)) | T65: =IF(OR(P65="",計算用!$B$1=0),"",IFERROR(MATCH(S65,新年度名簿!$H$2:$H$451,0),"")) | U65: =IF(OR(L65="",M65="転出"),"",IFERROR(MATCH(L65,設定!$P$8:$P$27,0),"")) | V65: =IF(U65="","",COUNTIF($U$7:U65,U65)) | W65: =IF(U65="","",U65*1000+V65)
A66: =IF(P66="","",INDEX(前年度名簿!$H$2:$H$451,P66)) | B66: =IF(P66="","",IFERROR(INDEX(設定!$G$8:$G$31,INT(INDEX(前年度名簿!$G$2:$G$451,P66)/1000)),INDEX(前年度名簿!$A$2:$A$451,P66)&INDEX(前年度名簿!$B$2:$B$451,P66))) | C66: =IF(P66="","",INDEX(前年度名簿!$C$2:$C$451,P66)) | D66: =IF(P66="","",INDEX(前年度名簿!$D$2:$D$451,P66)) | E66: =IF(T66="","",INDEX(新年度名簿!$K$2:$K$451,T66)) | F66: =IF(T66="","",INDEX(新年度名簿!$C$2:$C$451,T66)) | G66: =IF(Q66="","",INDEX(希望入力!$H$2:$H$551,Q66)&"") | H66: =IF(Q66="","",INDEX(希望入力!$I$2:$I$551,Q66)&"") | I66: =IF(Q66="","",INDEX(希望入力!$J$2:$J$551,Q66)&"") | J66: =IF(Q66="","",IF(G66="","要調整",IFERROR(IF(IF(OR(設定!$C$14="〇",設定!$C$14="○"),COUNTIFS($A$7:$A$456,">="&A66,$G$7:$G$456,G66),COUNTIF($G$7:$G$456,G66))<=(INDEX(設定!$Q$8:$Q$27,MATCH(G66,設定!$P$8:$P$27,0))+N(INDEX(設定!$R$8:$R$27,MATCH(G66,設定!$P$8:$P$27,0)))),G66,"要調整"),"要調整"))) | L66: =IF(P66="","",IF(K66<>"",K66,IF(OR(J66="",J66="要調整"),"",J66))) | M66: =IF(P66="","",IF(AND(計算用!$B$1=1,T66=""),"転出",IF(L66<>"","決定",IF(Q66="","未提出","要調整")))) | N66: =IF(OR(M66<>"要調整",H66=""),"",IFERROR((INDEX(設定!$Q$8:$Q$27,MATCH(H66,設定!$P$8:$P$27,0))+N(INDEX(設定!$R$8:$R$27,MATCH(H66,設定!$P$8:$P$27,0))))-INDEX(定員チェック!$F$7:$F$26,MATCH(H66,設定!$P$8:$P$27,0))-COUNTIFS($M$7:$M$456,"要調整",$G$7:$G$456,H66),"")) | O66: =IF(OR(M66<>"要調整",I66=""),"",IFERROR((INDEX(設定!$Q$8:$Q$27,MATCH(I66,設定!$P$8:$P$27,0))+N(INDEX(設定!$R$8:$R$27,MATCH(I66,設定!$P$8:$P$27,0))))-INDEX(定員チェック!$F$7:$F$26,MATCH(I66,設定!$P$8:$P$27,0))-COUNTIFS($M$7:$M$456,"要調整",$G$7:$G$456,I66),"")) | P66: =IFERROR(MATCH(SMALL(前年度名簿!$G$2:$G$451,60),前年度名簿!$G$2:$G$451,0),"") | Q66: =IF(R66="","",IFERROR(MATCH(R66,希望入力!$M$2:$M$551,0),"")) | R66: =IF(P66="","",INDEX(前年度名簿!$F$2:$F$451,P66)) | S66: =IF(P66="","",INDEX(前年度名簿!$I$2:$I$451,P66)) | T66: =IF(OR(P66="",計算用!$B$1=0),"",IFERROR(MATCH(S66,新年度名簿!$H$2:$H$451,0),"")) | U66: =IF(OR(L66="",M66="転出"),"",IFERROR(MATCH(L66,設定!$P$8:$P$27,0),"")) | V66: =IF(U66="","",COUNTIF($U$7:U66,U66)) | W66: =IF(U66="","",U66*1000+V66)
A67: =IF(P67="","",INDEX(前年度名簿!$H$2:$H$451,P67)) | B67: =IF(P67="","",IFERROR(INDEX(設定!$G$8:$G$31,INT(INDEX(前年度名簿!$G$2:$G$451,P67)/1000)),INDEX(前年度名簿!$A$2:$A$451,P67)&INDEX(前年度名簿!$B$2:$B$451,P67))) | C67: =IF(P67="","",INDEX(前年度名簿!$C$2:$C$451,P67)) | D67: =IF(P67="","",INDEX(前年度名簿!$D$2:$D$451,P67)) | E67: =IF(T67="","",INDEX(新年度名簿!$K$2:$K$451,T67)) | F67: =IF(T67="","",INDEX(新年度名簿!$C$2:$C$451,T67)) | G67: =IF(Q67="","",INDEX(希望入力!$H$2:$H$551,Q67)&"") | H67: =IF(Q67="","",INDEX(希望入力!$I$2:$I$551,Q67)&"") | I67: =IF(Q67="","",INDEX(希望入力!$J$2:$J$551,Q67)&"") | J67: =IF(Q67="","",IF(G67="","要調整",IFERROR(IF(IF(OR(設定!$C$14="〇",設定!$C$14="○"),COUNTIFS($A$7:$A$456,">="&A67,$G$7:$G$456,G67),COUNTIF($G$7:$G$456,G67))<=(INDEX(設定!$Q$8:$Q$27,MATCH(G67,設定!$P$8:$P$27,0))+N(INDEX(設定!$R$8:$R$27,MATCH(G67,設定!$P$8:$P$27,0)))),G67,"要調整"),"要調整"))) | L67: =IF(P67="","",IF(K67<>"",K67,IF(OR(J67="",J67="要調整"),"",J67))) | M67: =IF(P67="","",IF(AND(計算用!$B$1=1,T67=""),"転出",IF(L67<>"","決定",IF(Q67="","未提出","要調整")))) | N67: =IF(OR(M67<>"要調整",H67=""),"",IFERROR((INDEX(設定!$Q$8:$Q$27,MATCH(H67,設定!$P$8:$P$27,0))+N(INDEX(設定!$R$8:$R$27,MATCH(H67,設定!$P$8:$P$27,0))))-INDEX(定員チェック!$F$7:$F$26,MATCH(H67,設定!$P$8:$P$27,0))-COUNTIFS($M$7:$M$456,"要調整",$G$7:$G$456,H67),"")) | O67: =IF(OR(M67<>"要調整",I67=""),"",IFERROR((INDEX(設定!$Q$8:$Q$27,MATCH(I67,設定!$P$8:$P$27,0))+N(INDEX(設定!$R$8:$R$27,MATCH(I67,設定!$P$8:$P$27,0))))-INDEX(定員チェック!$F$7:$F$26,MATCH(I67,設定!$P$8:$P$27,0))-COUNTIFS($M$7:$M$456,"要調整",$G$7:$G$456,I67),"")) | P67: =IFERROR(MATCH(SMALL(前年度名簿!$G$2:$G$451,61),前年度名簿!$G$2:$G$451,0),"") | Q67: =IF(R67="","",IFERROR(MATCH(R67,希望入力!$M$2:$M$551,0),"")) | R67: =IF(P67="","",INDEX(前年度名簿!$F$2:$F$451,P67)) | S67: =IF(P67="","",INDEX(前年度名簿!$I$2:$I$451,P67)) | T67: =IF(OR(P67="",計算用!$B$1=0),"",IFERROR(MATCH(S67,新年度名簿!$H$2:$H$451,0),"")) | U67: =IF(OR(L67="",M67="転出"),"",IFERROR(MATCH(L67,設定!$P$8:$P$27,0),"")) | V67: =IF(U67="","",COUNTIF($U$7:U67,U67)) | W67: =IF(U67="","",U67*1000+V67)
A68: =IF(P68="","",INDEX(前年度名簿!$H$2:$H$451,P68)) | B68: =IF(P68="","",IFERROR(INDEX(設定!$G$8:$G$31,INT(INDEX(前年度名簿!$G$2:$G$451,P68)/1000)),INDEX(前年度名簿!$A$2:$A$451,P68)&INDEX(前年度名簿!$B$2:$B$451,P68))) | C68: =IF(P68="","",INDEX(前年度名簿!$C$2:$C$451,P68)) | D68: =IF(P68="","",INDEX(前年度名簿!$D$2:$D$451,P68)) | E68: =IF(T68="","",INDEX(新年度名簿!$K$2:$K$451,T68)) | F68: =IF(T68="","",INDEX(新年度名簿!$C$2:$C$451,T68)) | G68: =IF(Q68="","",INDEX(希望入力!$H$2:$H$551,Q68)&"") | H68: =IF(Q68="","",INDEX(希望入力!$I$2:$I$551,Q68)&"") | I68: =IF(Q68="","",INDEX(希望入力!$J$2:$J$551,Q68)&"") | J68: =IF(Q68="","",IF(G68="","要調整",IFERROR(IF(IF(OR(設定!$C$14="〇",設定!$C$14="○"),COUNTIFS($A$7:$A$456,">="&A68,$G$7:$G$456,G68),COUNTIF($G$7:$G$456,G68))<=(INDEX(設定!$Q$8:$Q$27,MATCH(G68,設定!$P$8:$P$27,0))+N(INDEX(設定!$R$8:$R$27,MATCH(G68,設定!$P$8:$P$27,0)))),G68,"要調整"),"要調整"))) | L68: =IF(P68="","",IF(K68<>"",K68,IF(OR(J68="",J68="要調整"),"",J68))) | M68: =IF(P68="","",IF(AND(計算用!$B$1=1,T68=""),"転出",IF(L68<>"","決定",IF(Q68="","未提出","要調整")))) | N68: =IF(OR(M68<>"要調整",H68=""),"",IFERROR((INDEX(設定!$Q$8:$Q$27,MATCH(H68,設定!$P$8:$P$27,0))+N(INDEX(設定!$R$8:$R$27,MATCH(H68,設定!$P$8:$P$27,0))))-INDEX(定員チェック!$F$7:$F$26,MATCH(H68,設定!$P$8:$P$27,0))-COUNTIFS($M$7:$M$456,"要調整",$G$7:$G$456,H68),"")) | O68: =IF(OR(M68<>"要調整",I68=""),"",IFERROR((INDEX(設定!$Q$8:$Q$27,MATCH(I68,設定!$P$8:$P$27,0))+N(INDEX(設定!$R$8:$R$27,MATCH(I68,設定!$P$8:$P$27,0))))-INDEX(定員チェック!$F$7:$F$26,MATCH(I68,設定!$P$8:$P$27,0))-COUNTIFS($M$7:$M$456,"要調整",$G$7:$G$456,I68),"")) | P68: =IFERROR(MATCH(SMALL(前年度名簿!$G$2:$G$451,62),前年度名簿!$G$2:$G$451,0),"") | Q68: =IF(R68="","",IFERROR(MATCH(R68,希望入力!$M$2:$M$551,0),"")) | R68: =IF(P68="","",INDEX(前年度名簿!$F$2:$F$451,P68)) | S68: =IF(P68="","",INDEX(前年度名簿!$I$2:$I$451,P68)) | T68: =IF(OR(P68="",計算用!$B$1=0),"",IFERROR(MATCH(S68,新年度名簿!$H$2:$H$451,0),"")) | U68: =IF(OR(L68="",M68="転出"),"",IFERROR(MATCH(L68,設定!$P$8:$P$27,0),"")) | V68: =IF(U68="","",COUNTIF($U$7:U68,U68)) | W68: =IF(U68="","",U68*1000+V68)
A69: =IF(P69="","",INDEX(前年度名簿!$H$2:$H$451,P69)) | B69: =IF(P69="","",IFERROR(INDEX(設定!$G$8:$G$31,INT(INDEX(前年度名簿!$G$2:$G$451,P69)/1000)),INDEX(前年度名簿!$A$2:$A$451,P69)&INDEX(前年度名簿!$B$2:$B$451,P69))) | C69: =IF(P69="","",INDEX(前年度名簿!$C$2:$C$451,P69)) | D69: =IF(P69="","",INDEX(前年度名簿!$D$2:$D$451,P69)) | E69: =IF(T69="","",INDEX(新年度名簿!$K$2:$K$451,T69)) | F69: =IF(T69="","",INDEX(新年度名簿!$C$2:$C$451,T69)) | G69: =IF(Q69="","",INDEX(希望入力!$H$2:$H$551,Q69)&"") | H69: =IF(Q69="","",INDEX(希望入力!$I$2:$I$551,Q69)&"") | I69: =IF(Q69="","",INDEX(希望入力!$J$2:$J$551,Q69)&"") | J69: =IF(Q69="","",IF(G69="","要調整",IFERROR(IF(IF(OR(設定!$C$14="〇",設定!$C$14="○"),COUNTIFS($A$7:$A$456,">="&A69,$G$7:$G$456,G69),COUNTIF($G$7:$G$456,G69))<=(INDEX(設定!$Q$8:$Q$27,MATCH(G69,設定!$P$8:$P$27,0))+N(INDEX(設定!$R$8:$R$27,MATCH(G69,設定!$P$8:$P$27,0)))),G69,"要調整"),"要調整"))) | L69: =IF(P69="","",IF(K69<>"",K69,IF(OR(J69="",J69="要調整"),"",J69))) | M69: =IF(P69="","",IF(AND(計算用!$B$1=1,T69=""),"転出",IF(L69<>"","決定",IF(Q69="","未提出","要調整")))) | N69: =IF(OR(M69<>"要調整",H69=""),"",IFERROR((INDEX(設定!$Q$8:$Q$27,MATCH(H69,設定!$P$8:$P$27,0))+N(INDEX(設定!$R$8:$R$27,MATCH(H69,設定!$P$8:$P$27,0))))-INDEX(定員チェック!$F$7:$F$26,MATCH(H69,設定!$P$8:$P$27,0))-COUNTIFS($M$7:$M$456,"要調整",$G$7:$G$456,H69),"")) | O69: =IF(OR(M69<>"要調整",I69=""),"",IFERROR((INDEX(設定!$Q$8:$Q$27,MATCH(I69,設定!$P$8:$P$27,0))+N(INDEX(設定!$R$8:$R$27,MATCH(I69,設定!$P$8:$P$27,0))))-INDEX(定員チェック!$F$7:$F$26,MATCH(I69,設定!$P$8:$P$27,0))-COUNTIFS($M$7:$M$456,"要調整",$G$7:$G$456,I69),"")) | P69: =IFERROR(MATCH(SMALL(前年度名簿!$G$2:$G$451,63),前年度名簿!$G$2:$G$451,0),"") | Q69: =IF(R69="","",IFERROR(MATCH(R69,希望入力!$M$2:$M$551,0),"")) | R69: =IF(P69="","",INDEX(前年度名簿!$F$2:$F$451,P69)) | S69: =IF(P69="","",INDEX(前年度名簿!$I$2:$I$451,P69)) | T69: =IF(OR(P69="",計算用!$B$1=0),"",IFERROR(MATCH(S69,新年度名簿!$H$2:$H$451,0),"")) | U69: =IF(OR(L69="",M69="転出"),"",IFERROR(MATCH(L69,設定!$P$8:$P$27,0),"")) | V69: =IF(U69="","",COUNTIF($U$7:U69,U69)) | W69: =IF(U69="","",U69*1000+V69)
A70: =IF(P70="","",INDEX(前年度名簿!$H$2:$H$451,P70)) | B70: =IF(P70="","",IFERROR(INDEX(設定!$G$8:$G$31,INT(INDEX(前年度名簿!$G$2:$G$451,P70)/1000)),INDEX(前年度名簿!$A$2:$A$451,P70)&INDEX(前年度名簿!$B$2:$B$451,P70))) | C70: =IF(P70="","",INDEX(前年度名簿!$C$2:$C$451,P70)) | D70: =IF(P70="","",INDEX(前年度名簿!$D$2:$D$451,P70)) | E70: =IF(T70="","",INDEX(新年度名簿!$K$2:$K$451,T70)) | F70: =IF(T70="","",INDEX(新年度名簿!$C$2:$C$451,T70)) | G70: =IF(Q70="","",INDEX(希望入力!$H$2:$H$551,Q70)&"") | H70: =IF(Q70="","",INDEX(希望入力!$I$2:$I$551,Q70)&"") | I70: =IF(Q70="","",INDEX(希望入力!$J$2:$J$551,Q70)&"") | J70: =IF(Q70="","",IF(G70="","要調整",IFERROR(IF(IF(OR(設定!$C$14="〇",設定!$C$14="○"),COUNTIFS($A$7:$A$456,">="&A70,$G$7:$G$456,G70),COUNTIF($G$7:$G$456,G70))<=(INDEX(設定!$Q$8:$Q$27,MATCH(G70,設定!$P$8:$P$27,0))+N(INDEX(設定!$R$8:$R$27,MATCH(G70,設定!$P$8:$P$27,0)))),G70,"要調整"),"要調整"))) | L70: =IF(P70="","",IF(K70<>"",K70,IF(OR(J70="",J70="要調整"),"",J70))) | M70: =IF(P70="","",IF(AND(計算用!$B$1=1,T70=""),"転出",IF(L70<>"","決定",IF(Q70="","未提出","要調整")))) | N70: =IF(OR(M70<>"要調整",H70=""),"",IFERROR((INDEX(設定!$Q$8:$Q$27,MATCH(H70,設定!$P$8:$P$27,0))+N(INDEX(設定!$R$8:$R$27,MATCH(H70,設定!$P$8:$P$27,0))))-INDEX(定員チェック!$F$7:$F$26,MATCH(H70,設定!$P$8:$P$27,0))-COUNTIFS($M$7:$M$456,"要調整",$G$7:$G$456,H70),"")) | O70: =IF(OR(M70<>"要調整",I70=""),"",IFERROR((INDEX(設定!$Q$8:$Q$27,MATCH(I70,設定!$P$8:$P$27,0))+N(INDEX(設定!$R$8:$R$27,MATCH(I70,設定!$P$8:$P$27,0))))-INDEX(定員チェック!$F$7:$F$26,MATCH(I70,設定!$P$8:$P$27,0))-COUNTIFS($M$7:$M$456,"要調整",$G$7:$G$456,I70),"")) | P70: =IFERROR(MATCH(SMALL(前年度名簿!$G$2:$G$451,64),前年度名簿!$G$2:$G$451,0),"") | Q70: =IF(R70="","",IFERROR(MATCH(R70,希望入力!$M$2:$M$551,0),"")) | R70: =IF(P70="","",INDEX(前年度名簿!$F$2:$F$451,P70)) | S70: =IF(P70="","",INDEX(前年度名簿!$I$2:$I$451,P70)) | T70: =IF(OR(P70="",計算用!$B$1=0),"",IFERROR(MATCH(S70,新年度名簿!$H$2:$H$451,0),"")) | U70: =IF(OR(L70="",M70="転出"),"",IFERROR(MATCH(L70,設定!$P$8:$P$27,0),"")) | V70: =IF(U70="","",COUNTIF($U$7:U70,U70)) | W70: =IF(U70="","",U70*1000+V70)
A71: =IF(P71="","",INDEX(前年度名簿!$H$2:$H$451,P71)) | B71: =IF(P71="","",IFERROR(INDEX(設定!$G$8:$G$31,INT(INDEX(前年度名簿!$G$2:$G$451,P71)/1000)),INDEX(前年度名簿!$A$2:$A$451,P71)&INDEX(前年度名簿!$B$2:$B$451,P71))) | C71: =IF(P71="","",INDEX(前年度名簿!$C$2:$C$451,P71)) | D71: =IF(P71="","",INDEX(前年度名簿!$D$2:$D$451,P71)) | E71: =IF(T71="","",INDEX(新年度名簿!$K$2:$K$451,T71)) | F71: =IF(T71="","",INDEX(新年度名簿!$C$2:$C$451,T71)) | G71: =IF(Q71="","",INDEX(希望入力!$H$2:$H$551,Q71)&"") | H71: =IF(Q71="","",INDEX(希望入力!$I$2:$I$551,Q71)&"") | I71: =IF(Q71="","",INDEX(希望入力!$J$2:$J$551,Q71)&"") | J71: =IF(Q71="","",IF(G71="","要調整",IFERROR(IF(IF(OR(設定!$C$14="〇",設定!$C$14="○"),COUNTIFS($A$7:$A$456,">="&A71,$G$7:$G$456,G71),COUNTIF($G$7:$G$456,G71))<=(INDEX(設定!$Q$8:$Q$27,MATCH(G71,設定!$P$8:$P$27,0))+N(INDEX(設定!$R$8:$R$27,MATCH(G71,設定!$P$8:$P$27,0)))),G71,"要調整"),"要調整"))) | L71: =IF(P71="","",IF(K71<>"",K71,IF(OR(J71="",J71="要調整"),"",J71))) | M71: =IF(P71="","",IF(AND(計算用!$B$1=1,T71=""),"転出",IF(L71<>"","決定",IF(Q71="","未提出","要調整")))) | N71: =IF(OR(M71<>"要調整",H71=""),"",IFERROR((INDEX(設定!$Q$8:$Q$27,MATCH(H71,設定!$P$8:$P$27,0))+N(INDEX(設定!$R$8:$R$27,MATCH(H71,設定!$P$8:$P$27,0))))-INDEX(定員チェック!$F$7:$F$26,MATCH(H71,設定!$P$8:$P$27,0))-COUNTIFS($M$7:$M$456,"要調整",$G$7:$G$456,H71),"")) | O71: =IF(OR(M71<>"要調整",I71=""),"",IFERROR((INDEX(設定!$Q$8:$Q$27,MATCH(I71,設定!$P$8:$P$27,0))+N(INDEX(設定!$R$8:$R$27,MATCH(I71,設定!$P$8:$P$27,0))))-INDEX(定員チェック!$F$7:$F$26,MATCH(I71,設定!$P$8:$P$27,0))-COUNTIFS($M$7:$M$456,"要調整",$G$7:$G$456,I71),"")) | P71: =IFERROR(MATCH(SMALL(前年度名簿!$G$2:$G$451,65),前年度名簿!$G$2:$G$451,0),"") | Q71: =IF(R71="","",IFERROR(MATCH(R71,希望入力!$M$2:$M$551,0),"")) | R71: =IF(P71="","",INDEX(前年度名簿!$F$2:$F$451,P71)) | S71: =IF(P71="","",INDEX(前年度名簿!$I$2:$I$451,P71)) | T71: =IF(OR(P71="",計算用!$B$1=0),"",IFERROR(MATCH(S71,新年度名簿!$H$2:$H$451,0),"")) | U71: =IF(OR(L71="",M71="転出"),"",IFERROR(MATCH(L71,設定!$P$8:$P$27,0),"")) | V71: =IF(U71="","",COUNTIF($U$7:U71,U71)) | W71: =IF(U71="","",U71*1000+V71)
A72: =IF(P72="","",INDEX(前年度名簿!$H$2:$H$451,P72)) | B72: =IF(P72="","",IFERROR(INDEX(設定!$G$8:$G$31,INT(INDEX(前年度名簿!$G$2:$G$451,P72)/1000)),INDEX(前年度名簿!$A$2:$A$451,P72)&INDEX(前年度名簿!$B$2:$B$451,P72))) | C72: =IF(P72="","",INDEX(前年度名簿!$C$2:$C$451,P72)) | D72: =IF(P72="","",INDEX(前年度名簿!$D$2:$D$451,P72)) | E72: =IF(T72="","",INDEX(新年度名簿!$K$2:$K$451,T72)) | F72: =IF(T72="","",INDEX(新年度名簿!$C$2:$C$451,T72)) | G72: =IF(Q72="","",INDEX(希望入力!$H$2:$H$551,Q72)&"") | H72: =IF(Q72="","",INDEX(希望入力!$I$2:$I$551,Q72)&"") | I72: =IF(Q72="","",INDEX(希望入力!$J$2:$J$551,Q72)&"") | J72: =IF(Q72="","",IF(G72="","要調整",IFERROR(IF(IF(OR(設定!$C$14="〇",設定!$C$14="○"),COUNTIFS($A$7:$A$456,">="&A72,$G$7:$G$456,G72),COUNTIF($G$7:$G$456,G72))<=(INDEX(設定!$Q$8:$Q$27,MATCH(G72,設定!$P$8:$P$27,0))+N(INDEX(設定!$R$8:$R$27,MATCH(G72,設定!$P$8:$P$27,0)))),G72,"要調整"),"要調整"))) | L72: =IF(P72="","",IF(K72<>"",K72,IF(OR(J72="",J72="要調整"),"",J72))) | M72: =IF(P72="","",IF(AND(計算用!$B$1=1,T72=""),"転出",IF(L72<>"","決定",IF(Q72="","未提出","要調整")))) | N72: =IF(OR(M72<>"要調整",H72=""),"",IFERROR((INDEX(設定!$Q$8:$Q$27,MATCH(H72,設定!$P$8:$P$27,0))+N(INDEX(設定!$R$8:$R$27,MATCH(H72,設定!$P$8:$P$27,0))))-INDEX(定員チェック!$F$7:$F$26,MATCH(H72,設定!$P$8:$P$27,0))-COUNTIFS($M$7:$M$456,"要調整",$G$7:$G$456,H72),"")) | O72: =IF(OR(M72<>"要調整",I72=""),"",IFERROR((INDEX(設定!$Q$8:$Q$27,MATCH(I72,設定!$P$8:$P$27,0))+N(INDEX(設定!$R$8:$R$27,MATCH(I72,設定!$P$8:$P$27,0))))-INDEX(定員チェック!$F$7:$F$26,MATCH(I72,設定!$P$8:$P$27,0))-COUNTIFS($M$7:$M$456,"要調整",$G$7:$G$456,I72),"")) | P72: =IFERROR(MATCH(SMALL(前年度名簿!$G$2:$G$451,66),前年度名簿!$G$2:$G$451,0),"") | Q72: =IF(R72="","",IFERROR(MATCH(R72,希望入力!$M$2:$M$551,0),"")) | R72: =IF(P72="","",INDEX(前年度名簿!$F$2:$F$451,P72)) | S72: =IF(P72="","",INDEX(前年度名簿!$I$2:$I$451,P72)) | T72: =IF(OR(P72="",計算用!$B$1=0),"",IFERROR(MATCH(S72,新年度名簿!$H$2:$H$451,0),"")) | U72: =IF(OR(L72="",M72="転出"),"",IFERROR(MATCH(L72,設定!$P$8:$P$27,0),"")) | V72: =IF(U72="","",COUNTIF($U$7:U72,U72)) | W72: =IF(U72="","",U72*1000+V72)
