Workbook
Name 自動案の表: '自動案'!$C$6:$L$29
Name 決定の表: '調整・決定'!$C$6:$L$29

Sheet ホーム
A1: 面談日程ツール
A2: ×のついた予定表から、個人面談の日程を組むツールです（マクロなし）。黄色のマスが入力する場所です。
B4: いまの状況
B5: 名簿の人数 | D5: ×入力済み | F5: 未入力 | H5: 未提出 | J5: 決定済み | L5: 未決定
B6: =COUNTIF('名簿'!$B$5:$B$49,"?*") | D6: =COUNTIF('名簿'!$H$5:$H$49,"入力済み")+COUNTIF('名簿'!$H$5:$H$49,"×なし") | F6: =COUNTIF('名簿'!$H$5:$H$49,"未入力") | H6: =COUNTIF('名簿'!$H$5:$H$49,"未提出") | J6: =SUMPRODUCT(('名簿'!$L$5:$L$49<>"")*1) | L6: =COUNTIF('名簿'!$N$5:$N$49,"未決定")
B8: 使う順番
B9: 1 | C9: 日付と時間枠を決める | K9: =HYPERLINK("#'設定'!A1","開く ▶")
C10: 面談する日付、時間帯（2つまで）、1枠の長さ。出張などで組まない日・時間もここで止めます。
B12: 2 | C12: 名簿を貼り付ける | K12: =HYPERLINK("#'名簿'!A1","開く ▶")
C13: 番号と名前を貼り付けます。兄弟・希望の時間・後ろを空けるもここで選びます。
B15: 3 | C15: ×を入力する | K15: =HYPERLINK("#'×入力'!A1","開く ▶")
C16: 予定表と同じ形の表に「×」。日付の上・時刻の左の欄で、1日全部・その時間全部も一度に×にできます。
B18: 4 | C18: 自動案を見る | K18: =HYPERLINK("#'自動案'!A1","開く ▶")
C19: 入れられる枠が少ない家庭から順に自動で組んだ案。よければ調整・決定に貼り付けます。
B21: 5 | C21: 調整して決定する | K21: =HYPERLINK("#'調整・決定'!A1","開く ▶")
C22: プルダウンで手直しして日程を決めます。児童を選ぶと、入れられる枠に色がつきます。
B26: くわしい使い方
B27: 1. 「設定」シート
B28: ・面談の日付（上から順に、最大10日）、時間帯（午前と午後に分けるときは2つ）と1枠の長さを入れます（1日最大24枠）。
B29: ・空けたい日や休憩の時刻には「〇」を選びます。自動案では、ほかに入る枠がないときだけ使われます。
B30: ・出張や会議などで面談を組まない日・時間・枠は、右の「先生の都合で使えない枠」で「×」を選びます。止めた枠は、×入力・自動案・調整・決定で灰色になり、使われません。
B31: 2. 「名簿」シート
B32: ・Excelの名簿から「出席番号」と「名前」をコピーして、「番号」の列のいちばん上のマスに貼り付けます（最大45人）。
B33: ・他のクラスに兄弟がいる家庭は、「兄弟」の列で「〇」を選び、「兄弟メモ」に兄弟のクラスなどをメモします。
B34: ・「希望」：早い時刻／遅い時刻／早い日／遅い日 から選べます。自動案で、×のない枠の中からできるだけ希望に合う枠を選びます（希望なので、合わないこともあります）。
B35: ・「後ろを空ける」：話が長引きそうな家庭は、同じ日のすぐ次の枠を空けます。「必ず空けたい」「出来れば空けたい」から選びます（出来れば空けたいは、空けられないときは詰めて入れます）。日の最後の枠なら空ける必要はありません。
B36: ・名簿の行は並べ替えないでください（×入力の内容とずれてしまいます）。絞り込み（フィルター）は使えます。
B37: 3. 「×入力」シート
... B58: ※ 「計算A」「計算B」は計算用の隠しシートです。さわらないでください。

Sheet 設定
A1: 設定 | D1: =HYPERLINK("#'ホーム'!A1","ホーム") | E1: =HYPERLINK("#'設定'!A1","① 設定") | F1: =HYPERLINK("#'名簿'!A1","② 名簿") | H1: =HYPERLINK("#'×入力'!A1","③ ×入力") | I1: =HYPERLINK("#'自動案'!A1","④ 自動案") | K1: =HYPERLINK("#'調整・決定'!A1","⑤ 調整・決定")
A2: 面談の日付と時間枠を決めます。黄色のマスを入力してください。
A3: 時間帯1 | B3: 0.5625 | C3: 〜 | D3: 0.64583333 | E3: =IF(OR(NOT(ISNUMBER(B3)),NOT(ISNUMBER(D3))),"← 始まりと終わりの時刻を入れてください",IF(D3<B3,"← 終わりは始まりより後の時刻にしてください",""))
A4: 時間帯2（なければ空欄） | C4: 〜 | E4: =IF(AND(B4="",D4=""),"",IF(OR(NOT(ISNUMBER(B4)),NOT(ISNUMBER(D4))),"← 始まりと終わりの両方を入れてください",IF(D4<B4,"← 終わりは始まりより後の時刻にしてください",IF(AND(ISNUMBER(D3),B4<=D3),"← 時間帯1より後の時刻にしてください",""))))
A5: 1枠の長さ（分） | B5: 15 | E5: =IF(AND(ISNUMBER(B5),B5>0),"","← 5〜120の数字を入れてください")
A6: 1日の枠の数 | B6: =MIN(24,'計算A'!$A$3+'計算A'!$A$4) | D6: （最大24枠） | E6: =IF('計算A'!$A$3+'計算A'!$A$4>24,"← 枠が24をこえています。こえた分は使いません","")
K7: 先生の都合で使えない枠（出張・会議など）
A8: 自動案の詰め方 | B8: 早い時間から（各日の最後を空ける） | K8: 「×」を選んだ日・時間・枠は、自動案にも調整・決定にも使いません。
K9: この日は組まない ▶
B10: 日付 | C10: 曜日 | D10: なるべく空ける | E10: 表示 | G10: 時刻 | H10: 休憩（なるべく空ける） | I10: 表示 | K10: この時間は 組まない ▼ | M10: ='設定'!$E$11 | N10: ='設定'!$E$12 | O10: ='設定'!$E$13 | P10: ='設定'!$E$14 | Q10: ='設定'!$E$15 | R10: ='設定'!$E$16 | S10: ='設定'!$E$17 | T10: ='設定'!$E$18 | U10: ='設定'!$E$19 | V10: ='設定'!$E$20
A11: 1日目 | B11: 46350 | C11: =IF(B11="","",CHOOSE(WEEKDAY(B11),"日","月","火","水","木","金","土")) | E11: =IF(B11="","",MONTH(B11)&"月"&DAY(B11)&"日（"&C11&"）") | F11: 1 | G11: =IF(F11<=MIN('計算A'!$A$3,24),$B$3+(F11-1)*$B$5/1440,IF(F11<=$B$6,$B$4+(F11-'計算A'!$A$3-1)*$B$5/1440,"")) | I11: =IF(G11="","",TEXT(G11,"h:mm")&"〜") | L11: =$I$11
A12: 2日目 | B12: 46351 | C12: =IF(B12="","",CHOOSE(WEEKDAY(B12),"日","月","火","水","木","金","土")) | E12: =IF(B12="","",MONTH(B12)&"月"&DAY(B12)&"日（"&C12&"）") | F12: 2 | G12: =IF(F12<=MIN('計算A'!$A$3,24),$B$3+(F12-1)*$B$5/1440,IF(F12<=$B$6,$B$4+(F12-'計算A'!$A$3-1)*$B$5/1440,"")) | I12: =IF(G12="","",TEXT(G12,"h:mm")&"〜") | L12: =$I$12
A13: 3日目 | B13: 46352 | C13: =IF(B13="","",CHOOSE(WEEKDAY(B13),"日","月","火","水","木","金","土")) | E13: =IF(B13="","",MONTH(B13)&"月"&DAY(B13)&"日（"&C13&"）") | F13: 3 | G13: =IF(F13<=MIN('計算A'!$A$3,24),$B$3+(F13-1)*$B$5/1440,IF(F13<=$B$6,$B$4+(F13-'計算A'!$A$3-1)*$B$5/1440,"")) | I13: =IF(G13="","",TEXT(G13,"h:mm")&"〜") | L13: =$I$13
A14: 4日目 | B14: 46353 | C14: =IF(B14="","",CHOOSE(WEEKDAY(B14),"日","月","火","水","木","金","土")) | E14: =IF(B14="","",MONTH(B14)&"月"&DAY(B14)&"日（"&C14&"）") | F14: 4 | G14: =IF(F14<=MIN('計算A'!$A$3,24),$B$3+(F14-1)*$B$5/1440,IF(F14<=$B$6,$B$4+(F14-'計算A'!$A$3-1)*$B$5/1440,"")) | I14: =IF(G14="","",TEXT(G14,"h:mm")&"〜") | L14: =$I$14
A15: 5日目 | B15: 46356 | C15: =IF(B15="","",CHOOSE(WEEKDAY(B15),"日","月","火","水","木","金","土")) | E15: =IF(B15="","",MONTH(B15)&"月"&DAY(B15)&"日（"&C15&"）") | F15: 5 | G15: =IF(F15<=MIN('計算A'!$A$3,24),$B$3+(F15-1)*$B$5/1440,IF(F15<=$B$6,$B$4+(F15-'計算A'!$A$3-1)*$B$5/1440,"")) | I15: =IF(G15="","",TEXT(G15,"h:mm")&"〜") | L15: =$I$15
A16: 6日目 | C16: =IF(B16="","",CHOOSE(WEEKDAY(B16),"日","月","火","水","木","金","土")) | E16: =IF(B16="","",MONTH(B16)&"月"&DAY(B16)&"日（"&C16&"）") | F16: 6 | G16: =IF(F16<=MIN('計算A'!$A$3,24),$B$3+(F16-1)*$B$5/1440,IF(F16<=$B$6,$B$4+(F16-'計算A'!$A$3-1)*$B$5/1440,"")) | I16: =IF(G16="","",TEXT(G16,"h:mm")&"〜") | L16: =$I$16
A17: 7日目 | C17: =IF(B17="","",CHOOSE(WEEKDAY(B17),"日","月","火","水","木","金","土")) | E17: =IF(B17="","",MONTH(B17)&"月"&DAY(B17)&"日（"&C17&"）") | F17: 7 | G17: =IF(F17<=MIN('計算A'!$A$3,24),$B$3+(F17-1)*$B$5/1440,IF(F17<=$B$6,$B$4+(F17-'計算A'!$A$3-1)*$B$5/1440,"")) | I17: =IF(G17="","",TEXT(G17,"h:mm")&"〜") | L17: =$I$17
A18: 8日目 | C18: =IF(B18="","",CHOOSE(WEEKDAY(B18),"日","月","火","水","木","金","土")) | E18: =IF(B18="","",MONTH(B18)&"月"&DAY(B18)&"日（"&C18&"）") | F18: 8 | G18: =IF(F18<=MIN('計算A'!$A$3,24),$B$3+(F18-1)*$B$5/1440,IF(F18<=$B$6,$B$4+(F18-'計算A'!$A$3-1)*$B$5/1440,"")) | I18: =IF(G18="","",TEXT(G18,"h:mm")&"〜") | L18: =$I$18
A19: 9日目 | C19: =IF(B19="","",CHOOSE(WEEKDAY(B19),"日","月","火","水","木","金","土")) | E19: =IF(B19="","",MONTH(B19)&"月"&DAY(B19)&"日（"&C19&"）") | F19: 9 | G19: =IF(F19<=MIN('計算A'!$A$3,24),$B$3+(F19-1)*$B$5/1440,IF(F19<=$B$6,$B$4+(F19-'計算A'!$A$3-1)*$B$5/1440,"")) | I19: =IF(G19="","",TEXT(G19,"h:mm")&"〜") | L19: =$I$19
A20: 10日目 | C20: =IF(B20="","",CHOOSE(WEEKDAY(B20),"日","月","火","水","木","金","土")) | E20: =IF(B20="","",MONTH(B20)&"月"&DAY(B20)&"日（"&C20&"）") | F20: 10 | G20: =IF(F20<=MIN('計算A'!$A$3,24),$B$3+(F20-1)*$B$5/1440,IF(F20<=$B$6,$B$4+(F20-'計算A'!$A$3-1)*$B$5/1440,"")) | I20: =IF(G20="","",TEXT(G20,"h:mm")&"〜") | L20: =$I$20
F21: 11 | G21: =IF(F21<=MIN('計算A'!$A$3,24),$B$3+(F21-1)*$B$5/1440,IF(F21<=$B$6,$B$4+(F21-'計算A'!$A$3-1)*$B$5/1440,"")) | I21: =IF(G21="","",TEXT(G21,"h:mm")&"〜") | L21: =$I$21
A22: ※ 日付は上から詰めて入れてください。曜日・表示・時刻は自動で出ます。午前と午後に分けるときは、時間帯2も入れます（昼休みは表に出ません）。 | F22: 12 | G22: =IF(F22<=MIN('計算A'!$A$3,24),$B$3+(F22-1)*$B$5/1440,IF(F22<=$B$6,$B$4+(F22-'計算A'!$A$3-1)*$B$5/1440,"")) | I22: =IF(G22="","",TEXT(G22,"h:mm")&"〜") | L22: =$I$22
F23: 13 | G23: =IF(F23<=MIN('計算A'!$A$3,24),$B$3+(F23-1)*$B$5/1440,IF(F23<=$B$6,$B$4+(F23-'計算A'!$A$3-1)*$B$5/1440,"")) | I23: =IF(G23="","",TEXT(G23,"h:mm")&"〜") | L23: =$I$23
F24: 14 | G24: =IF(F24<=MIN('計算A'!$A$3,24),$B$3+(F24-1)*$B$5/1440,IF(F24<=$B$6,$B$4+(F24-'計算A'!$A$3-1)*$B$5/1440,"")) | I24: =IF(G24="","",TEXT(G24,"h:mm")&"〜") | L24: =$I$24
A25: ※「なるべく空ける」「休憩」は、ほかに入る枠がないときだけ使います。必ず使わない枠は、右の「先生の都合で使えない枠」で止めてください。 | F25: 15 | G25: =IF(F25<=MIN('計算A'!$A$3,24),$B$3+(F25-1)*$B$5/1440,IF(F25<=$B$6,$B$4+(F25-'計算A'!$A$3-1)*$B$5/1440,"")) | I25: =IF(G25="","",TEXT(G25,"h:mm")&"〜") | L25: =$I$25
F26: 16 | G26: =IF(F26<=MIN('計算A'!$A$3,24),$B$3+(F26-1)*$B$5/1440,IF(F26<=$B$6,$B$4+(F26-'計算A'!$A$3-1)*$B$5/1440,"")) | I26: =IF(G26="","",TEXT(G26,"h:mm")&"〜") | L26: =$I$26
F27: 17 | G27: =IF(F27<=MIN('計算A'!$A$3,24),$B$3+(F27-1)*$B$5/1440,IF(F27<=$B$6,$B$4+(F27-'計算A'!$A$3-1)*$B$5/1440,"")) | I27: =IF(G27="","",TEXT(G27,"h:mm")&"〜") | L27: =$I$27
F28: 18 | G28: =IF(F28<=MIN('計算A'!$A$3,24),$B$3+(F28-1)*$B$5/1440,IF(F28<=$B$6,$B$4+(F28-'計算A'!$A$3-1)*$B$5/1440,"")) | I28: =IF(G28="","",TEXT(G28,"h:mm")&"〜") | L28: =$I$28
F29: 19 | G29: =IF(F29<=MIN('計算A'!$A$3,24),$B$3+(F29-1)*$B$5/1440,IF(F29<=$B$6,$B$4+(F29-'計算A'!$A$3-1)*$B$5/1440,"")) | I29: =IF(G29="","",TEXT(G29,"h:mm")&"〜") | L29: =$I$29
F30: 20 | G30: =IF(F30<=MIN('計算A'!$A$3,24),$B$3+(F30-1)*$B$5/1440,IF(F30<=$B$6,$B$4+(F30-'計算A'!$A$3-1)*$B$5/1440,"")) | I30: =IF(G30="","",TEXT(G30,"h:mm")&"〜") | L30: =$I$30
F31: 21 | G31: =IF(F31<=MIN('計算A'!$A$3,24),$B$3+(F31-1)*$B$5/1440,IF(F31<=$B$6,$B$4+(F31-'計算A'!$A$3-1)*$B$5/1440,"")) | I31: =IF(G31="","",TEXT(G31,"h:mm")&"〜") | L31: =$I$31
F32: 22 | G32: =IF(F32<=MIN('計算A'!$A$3,24),$B$3+(F32-1)*$B$5/1440,IF(F32<=$B$6,$B$4+(F32-'計算A'!$A$3-1)*$B$5/1440,"")) | I32: =IF(G32="","",TEXT(G32,"h:mm")&"〜") | L32: =$I$32
F33: 23 | G33: =IF(F33<=MIN('計算A'!$A$3,24),$B$3+(F33-1)*$B$5/1440,IF(F33<=$B$6,$B$4+(F33-'計算A'!$A$3-1)*$B$5/1440,"")) | I33: =IF(G33="","",TEXT(G33,"h:mm")&"〜") | L33: =$I$33
F34: 24 | G34: =IF(F34<=MIN('計算A'!$A$3,24),$B$3+(F34-1)*$B$5/1440,IF(F34<=$B$6,$B$4+(F34-'計算A'!$A$3-1)*$B$5/1440,"")) | I34: =IF(G34="","",TEXT(G34,"h:mm")&"〜") | L34: =$I$34

Sheet 名簿
A1: 名簿・結果 | E1: =HYPERLINK("#'ホーム'!A1","ホーム") | G1: =HYPERLINK("#'設定'!A1","① 設定") | H1: =HYPERLINK("#'名簿'!A1","② 名簿") | J1: =HYPERLINK("#'×入力'!A1","③ ×入力") | L1: =HYPERLINK("#'自動案'!A1","④ 自動案") | N1: =HYPERLINK("#'調整・決定'!A1","⑤ 調整・決定")
A2: 黄色の列（番号〜後ろを空ける）を入力します。Excelの名簿から番号と名前を「番号」の列のいちばん上に貼り付けてください（最大45人）。行の並べ替えはしないでください。
A3: 希望：早い時刻／遅い時刻／早い日／遅い日。後ろを空ける：必ず空けたい／出来れば空けたい（同じ日のすぐ次の枠を空けます）。
A4: 番号 | B4: 名前 | C4: 兄弟 | D4: 兄弟メモ | E4: 希望 | F4: 後ろを空ける | G4: 表示名 | H4: 状況 | I4: ×の数 | J4: 入れられる空き枠 | K4: 決める順 | L4: 日付 | M4: 時刻 | N4: 注意 | O4: 自動案
G5: =IF(B5="","",IF(A5="","",A5&" ")&B5) | H5: =IF(B5="","",IF('×入力'!F5="未提出","未提出",IF(I5>0,"入力済み",IF('×入力'!F5="×なし（どこでもOK）","×なし","未入力")))) | I5: =IF(B5="","",'計算A'!IN10) | J5: =IF(OR(H5="入力済み",H5="×なし"),'計算A'!IM10,"") | K5: =IF('計算A'!C10=1,COUNTIFS('計算A'!$C$10:$C$54,1,'計算A'!$IM$10:$IM$54,"<"&'計算A'!IM10)+1,"") | L5: =IF('計算A'!IO10=0,"",INDEX('設定'!$E$11:$E$20,INDEX('計算A'!$D$2:$II$2,'計算A'!IO10))) | M5: =IF('計算A'!IO10=0,"",INDEX('設定'!$I$11:$I$34,INDEX('計算A'!$D$3:$II$3,'計算A'!IO10))) | N5: =IF(G5="","",IF(COUNTIF('調整・決定'!$C$6:$L$29,G5)>1,"2か所以上に入っています",IF('計算A'!IO10>0,IF(INDEX('計算A'!$D$4:$II$4,'計算A'!IO10)=0,"使えない枠に入っています",IF(INDEX('計算A'!$D$10:$II$10,'計算A'!IO10)=1,"×の枠に入っています",IF(AND(F5<>"",INDEX('計算A'!$D$106:$II$106,'計算A'!IO10)=1,INDEX('計算A'!$D$109:$II$109,'計算A'!IO10+1)=1),IF(F5="必ず空けたい","後ろの枠が空いていません","（出来れば）後ろが空いていません"),""))),IF(OR(H5="入力済み",H5="×なし"),"未決定","")))) | O5: =IF('計算A'!IK10=0,IF('計算A'!IL10=1,"入る枠がありません",""),INDEX('計算A'!$D$8:$II$8,'計算A'!IK10)) | P5: =HYPERLINK("#'×入力'!B5","×入力へ")
G6: =IF(B6="","",IF(A6="","",A6&" ")&B6) | H6: =IF(B6="","",IF('×入力'!F33="未提出","未提出",IF(I6>0,"入力済み",IF('×入力'!F33="×なし（どこでもOK）","×なし","未入力")))) | I6: =IF(B6="","",'計算A'!IN11) | J6: =IF(OR(H6="入力済み",H6="×なし"),'計算A'!IM11,"") | K6: =IF('計算A'!C11=1,COUNTIFS('計算A'!$C$10:$C$54,1,'計算A'!$IM$10:$IM$54,"<"&'計算A'!IM11)+1,"") | L6: =IF('計算A'!IO11=0,"",INDEX('設定'!$E$11:$E$20,INDEX('計算A'!$D$2:$II$2,'計算A'!IO11))) | M6: =IF('計算A'!IO11=0,"",INDEX('設定'!$I$11:$I$34,INDEX('計算A'!$D$3:$II$3,'計算A'!IO11))) | N6: =IF(G6="","",IF(COUNTIF('調整・決定'!$C$6:$L$29,G6)>1,"2か所以上に入っています",IF('計算A'!IO11>0,IF(INDEX('計算A'!$D$4:$II$4,'計算A'!IO11)=0,"使えない枠に入っています",IF(INDEX('計算A'!$D$11:$II$11,'計算A'!IO11)=1,"×の枠に入っています",IF(AND(F6<>"",INDEX('計算A'!$D$106:$II$106,'計算A'!IO11)=1,INDEX('計算A'!$D$109:$II$109,'計算A'!IO11+1)=1),IF(F6="必ず空けたい","後ろの枠が空いていません","（出来れば）後ろが空いていません"),""))),IF(OR(H6="入力済み",H6="×なし"),"未決定","")))) | O6: =IF('計算A'!IK11=0,IF('計算A'!IL11=1,"入る枠がありません",""),INDEX('計算A'!$D$8:$II$8,'計算A'!IK11)) | P6: =HYPERLINK("#'×入力'!B33","×入力へ")
G7: =IF(B7="","",IF(A7="","",A7&" ")&B7) | H7: =IF(B7="","",IF('×入力'!F61="未提出","未提出",IF(I7>0,"入力済み",IF('×入力'!F61="×なし（どこでもOK）","×なし","未入力")))) | I7: =IF(B7="","",'計算A'!IN12) | J7: =IF(OR(H7="入力済み",H7="×なし"),'計算A'!IM12,"") | K7: =IF('計算A'!C12=1,COUNTIFS('計算A'!$C$10:$C$54,1,'計算A'!$IM$10:$IM$54,"<"&'計算A'!IM12)+1,"") | L7: =IF('計算A'!IO12=0,"",INDEX('設定'!$E$11:$E$20,INDEX('計算A'!$D$2:$II$2,'計算A'!IO12))) | M7: =IF('計算A'!IO12=0,"",INDEX('設定'!$I$11:$I$34,INDEX('計算A'!$D$3:$II$3,'計算A'!IO12))) | N7: =IF(G7="","",IF(COUNTIF('調整・決定'!$C$6:$L$29,G7)>1,"2か所以上に入っています",IF('計算A'!IO12>0,IF(INDEX('計算A'!$D$4:$II$4,'計算A'!IO12)=0,"使えない枠に入っています",IF(INDEX('計算A'!$D$12:$II$12,'計算A'!IO12)=1,"×の枠に入っています",IF(AND(F7<>"",INDEX('計算A'!$D$106:$II$106,'計算A'!IO12)=1,INDEX('計算A'!$D$109:$II$109,'計算A'!IO12+1)=1),IF(F7="必ず空けたい","後ろの枠が空いていません","（出来れば）後ろが空いていません"),""))),IF(OR(H7="入力済み",H7="×なし"),"未決定","")))) | O7: =IF('計算A'!IK12=0,IF('計算A'!IL12=1,"入る枠がありません",""),INDEX('計算A'!$D$8:$II$8,'計算A'!IK12)) | P7: =HYPERLINK("#'×入力'!B61","×入力へ")
G8: =IF(B8="","",IF(A8="","",A8&" ")&B8) | H8: =IF(B8="","",IF('×入力'!F89="未提出","未提出",IF(I8>0,"入力済み",IF('×入力'!F89="×なし（どこでもOK）","×なし","未入力")))) | I8: =IF(B8="","",'計算A'!IN13) | J8: =IF(OR(H8="入力済み",H8="×なし"),'計算A'!IM13,"") | K8: =IF('計算A'!C13=1,COUNTIFS('計算A'!$C$10:$C$54,1,'計算A'!$IM$10:$IM$54,"<"&'計算A'!IM13)+1,"") | L8: =IF('計算A'!IO13=0,"",INDEX('設定'!$E$11:$E$20,INDEX('計算A'!$D$2:$II$2,'計算A'!IO13))) | M8: =IF('計算A'!IO13=0,"",INDEX('設定'!$I$11:$I$34,INDEX('計算A'!$D$3:$II$3,'計算A'!IO13))) | N8: =IF(G8="","",IF(COUNTIF('調整・決定'!$C$6:$L$29,G8)>1,"2か所以上に入っています",IF('計算A'!IO13>0,IF(INDEX('計算A'!$D$4:$II$4,'計算A'!IO13)=0,"使えない枠に入っています",IF(INDEX('計算A'!$D$13:$II$13,'計算A'!IO13)=1,"×の枠に入っています",IF(AND(F8<>"",INDEX('計算A'!$D$106:$II$106,'計算A'!IO13)=1,INDEX('計算A'!$D$109:$II$109,'計算A'!IO13+1)=1),IF(F8="必ず空けたい","後ろの枠が空いていません","（出来れば）後ろが空いていません"),""))),IF(OR(H8="入力済み",H8="×なし"),"未決定","")))) | O8: =IF('計算A'!IK13=0,IF('計算A'!IL13=1,"入る枠がありません",""),INDEX('計算A'!$D$8:$II$8,'計算A'!IK13)) | P8: =HYPERLINK("#'×入力'!B89","×入力へ")
G9: =IF(B9="","",IF(A9="","",A9&" ")&B9) | H9: =IF(B9="","",IF('×入力'!F117="未提出","未提出",IF(I9>0,"入力済み",IF('×入力'!F117="×なし（どこでもOK）","×なし","未入力")))) | I9: =IF(B9="","",'計算A'!IN14) | J9: =IF(OR(H9="入力済み",H9="×なし"),'計算A'!IM14,"") | K9: =IF('計算A'!C14=1,COUNTIFS('計算A'!$C$10:$C$54,1,'計算A'!$IM$10:$IM$54,"<"&'計算A'!IM14)+1,"") | L9: =IF('計算A'!IO14=0,"",INDEX('設定'!$E$11:$E$20,INDEX('計算A'!$D$2:$II$2,'計算A'!IO14))) | M9: =IF('計算A'!IO14=0,"",INDEX('設定'!$I$11:$I$34,INDEX('計算A'!$D$3:$II$3,'計算A'!IO14))) | N9: =IF(G9="","",IF(COUNTIF('調整・決定'!$C$6:$L$29,G9)>1,"2か所以上に入っています",IF('計算A'!IO14>0,IF(INDEX('計算A'!$D$4:$II$4,'計算A'!IO14)=0,"使えない枠に入っています",IF(INDEX('計算A'!$D$14:$II$14,'計算A'!IO14)=1,"×の枠に入っています",IF(AND(F9<>"",INDEX('計算A'!$D$106:$II$106,'計算A'!IO14)=1,INDEX('計算A'!$D$109:$II$109,'計算A'!IO14+1)=1),IF(F9="必ず空けたい","後ろの枠が空いていません","（出来れば）後ろが空いていません"),""))),IF(OR(H9="入力済み",H9="×なし"),"未決定","")))) | O9: =IF('計算A'!IK14=0,IF('計算A'!IL14=1,"入る枠がありません",""),INDEX('計算A'!$D$8:$II$8,'計算A'!IK14)) | P9: =HYPERLINK("#'×入力'!B117","×入力へ")
G10: =IF(B10="","",IF(A10="","",A10&" ")&B10) | H10: =IF(B10="","",IF('×入力'!F145="未提出","未提出",IF(I10>0,"入力済み",IF('×入力'!F145="×なし（どこでもOK）","×なし","未入力")))) | I10: =IF(B10="","",'計算A'!IN15) | J10: =IF(OR(H10="入力済み",H10="×なし"),'計算A'!IM15,"") | K10: =IF('計算A'!C15=1,COUNTIFS('計算A'!$C$10:$C$54,1,'計算A'!$IM$10:$IM$54,"<"&'計算A'!IM15)+1,"") | L10: =IF('計算A'!IO15=0,"",INDEX('設定'!$E$11:$E$20,INDEX('計算A'!$D$2:$II$2,'計算A'!IO15))) | M10: =IF('計算A'!IO15=0,"",INDEX('設定'!$I$11:$I$34,INDEX('計算A'!$D$3:$II$3,'計算A'!IO15))) | N10: =IF(G10="","",IF(COUNTIF('調整・決定'!$C$6:$L$29,G10)>1,"2か所以上に入っています",IF('計算A'!IO15>0,IF(INDEX('計算A'!$D$4:$II$4,'計算A'!IO15)=0,"使えない枠に入っています",IF(INDEX('計算A'!$D$15:$II$15,'計算A'!IO15)=1,"×の枠に入っています",IF(AND(F10<>"",INDEX('計算A'!$D$106:$II$106,'計算A'!IO15)=1,INDEX('計算A'!$D$109:$II$109,'計算A'!IO15+1)=1),IF(F10="必ず空けたい","後ろの枠が空いていません","（出来れば）後ろが空いていません"),""))),IF(OR(H10="入力済み",H10="×なし"),"未決定","")))) | O10: =IF('計算A'!IK15=0,IF('計算A'!IL15=1,"入る枠がありません",""),INDEX('計算A'!$D$8:$II$8,'計算A'!IK15)) | P10: =HYPERLINK("#'×入力'!B145","×入力へ")
G11: =IF(B11="","",IF(A11="","",A11&" ")&B11) | H11: =IF(B11="","",IF('×入力'!F173="未提出","未提出",IF(I11>0,"入力済み",IF('×入力'!F173="×なし（どこでもOK）","×なし","未入力")))) | I11: =IF(B11="","",'計算A'!IN16) | J11: =IF(OR(H11="入力済み",H11="×なし"),'計算A'!IM16,"") | K11: =IF('計算A'!C16=1,COUNTIFS('計算A'!$C$10:$C$54,1,'計算A'!$IM$10:$IM$54,"<"&'計算A'!IM16)+1,"") | L11: =IF('計算A'!IO16=0,"",INDEX('設定'!$E$11:$E$20,INDEX('計算A'!$D$2:$II$2,'計算A'!IO16))) | M11: =IF('計算A'!IO16=0,"",INDEX('設定'!$I$11:$I$34,INDEX('計算A'!$D$3:$II$3,'計算A'!IO16))) | N11: =IF(G11="","",IF(COUNTIF('調整・決定'!$C$6:$L$29,G11)>1,"2か所以上に入っています",IF('計算A'!IO16>0,IF(INDEX('計算A'!$D$4:$II$4,'計算A'!IO16)=0,"使えない枠に入っています",IF(INDEX('計算A'!$D$16:$II$16,'計算A'!IO16)=1,"×の枠に入っています",IF(AND(F11<>"",INDEX('計算A'!$D$106:$II$106,'計算A'!IO16)=1,INDEX('計算A'!$D$109:$II$109,'計算A'!IO16+1)=1),IF(F11="必ず空けたい","後ろの枠が空いていません","（出来れば）後ろが空いていません"),""))),IF(OR(H11="入力済み",H11="×なし"),"未決定","")))) | O11: =IF('計算A'!IK16=0,IF('計算A'!IL16=1,"入る枠がありません",""),INDEX('計算A'!$D$8:$II$8,'計算A'!IK16)) | P11: =HYPERLINK("#'×入力'!B173","×入力へ")
G12: =IF(B12="","",IF(A12="","",A12&" ")&B12) | H12: =IF(B12="","",IF('×入力'!F201="未提出","未提出",IF(I12>0,"入力済み",IF('×入力'!F201="×なし（どこでもOK）","×なし","未入力")))) | I12: =IF(B12="","",'計算A'!IN17) | J12: =IF(OR(H12="入力済み",H12="×なし"),'計算A'!IM17,"") | K12: =IF('計算A'!C17=1,COUNTIFS('計算A'!$C$10:$C$54,1,'計算A'!$IM$10:$IM$54,"<"&'計算A'!IM17)+1,"") | L12: =IF('計算A'!IO17=0,"",INDEX('設定'!$E$11:$E$20,INDEX('計算A'!$D$2:$II$2,'計算A'!IO17))) | M12: =IF('計算A'!IO17=0,"",INDEX('設定'!$I$11:$I$34,INDEX('計算A'!$D$3:$II$3,'計算A'!IO17))) | N12: =IF(G12="","",IF(COUNTIF('調整・決定'!$C$6:$L$29,G12)>1,"2か所以上に入っています",IF('計算A'!IO17>0,IF(INDEX('計算A'!$D$4:$II$4,'計算A'!IO17)=0,"使えない枠に入っています",IF(INDEX('計算A'!$D$17:$II$17,'計算A'!IO17)=1,"×の枠に入っています",IF(AND(F12<>"",INDEX('計算A'!$D$106:$II$106,'計算A'!IO17)=1,INDEX('計算A'!$D$109:$II$109,'計算A'!IO17+1)=1),IF(F12="必ず空けたい","後ろの枠が空いていません","（出来れば）後ろが空いていません"),""))),IF(OR(H12="入力済み",H12="×なし"),"未決定","")))) | O12: =IF('計算A'!IK17=0,IF('計算A'!IL17=1,"入る枠がありません",""),INDEX('計算A'!$D$8:$II$8,'計算A'!IK17)) | P12: =HYPERLINK("#'×入力'!B201","×入力へ")
G13: =IF(B13="","",IF(A13="","",A13&" ")&B13) | H13: =IF(B13="","",IF('×入力'!F229="未提出","未提出",IF(I13>0,"入力済み",IF('×入力'!F229="×なし（どこでもOK）","×なし","未入力")))) | I13: =IF(B13="","",'計算A'!IN18) | J13: =IF(OR(H13="入力済み",H13="×なし"),'計算A'!IM18,"") | K13: =IF('計算A'!C18=1,COUNTIFS('計算A'!$C$10:$C$54,1,'計算A'!$IM$10:$IM$54,"<"&'計算A'!IM18)+1,"") | L13: =IF('計算A'!IO18=0,"",INDEX('設定'!$E$11:$E$20,INDEX('計算A'!$D$2:$II$2,'計算A'!IO18))) | M13: =IF('計算A'!IO18=0,"",INDEX('設定'!$I$11:$I$34,INDEX('計算A'!$D$3:$II$3,'計算A'!IO18))) | N13: =IF(G13="","",IF(COUNTIF('調整・決定'!$C$6:$L$29,G13)>1,"2か所以上に入っています",IF('計算A'!IO18>0,IF(INDEX('計算A'!$D$4:$II$4,'計算A'!IO18)=0,"使えない枠に入っています",IF(INDEX('計算A'!$D$18:$II$18,'計算A'!IO18)=1,"×の枠に入っています",IF(AND(F13<>"",INDEX('計算A'!$D$106:$II$106,'計算A'!IO18)=1,INDEX('計算A'!$D$109:$II$109,'計算A'!IO18+1)=1),IF(F13="必ず空けたい","後ろの枠が空いていません","（出来れば）後ろが空いていません"),""))),IF(OR(H13="入力済み",H13="×なし"),"未決定","")))) | O13: =IF('計算A'!IK18=0,IF('計算A'!IL18=1,"入る枠がありません",""),INDEX('計算A'!$D$8:$II$8,'計算A'!IK18)) | P13: =HYPERLINK("#'×入力'!B229","×入力へ")
G14: =IF(B14="","",IF(A14="","",A14&" ")&B14) | H14: =IF(B14="","",IF('×入力'!F257="未提出","未提出",IF(I14>0,"入力済み",IF('×入力'!F257="×なし（どこでもOK）","×なし","未入力")))) | I14: =IF(B14="","",'計算A'!IN19) | J14: =IF(OR(H14="入力済み",H14="×なし"),'計算A'!IM19,"") | K14: =IF('計算A'!C19=1,COUNTIFS('計算A'!$C$10:$C$54,1,'計算A'!$IM$10:$IM$54,"<"&'計算A'!IM19)+1,"") | L14: =IF('計算A'!IO19=0,"",INDEX('設定'!$E$11:$E$20,INDEX('計算A'!$D$2:$II$2,'計算A'!IO19))) | M14: =IF('計算A'!IO19=0,"",INDEX('設定'!$I$11:$I$34,INDEX('計算A'!$D$3:$II$3,'計算A'!IO19))) | N14: =IF(G14="","",IF(COUNTIF('調整・決定'!$C$6:$L$29,G14)>1,"2か所以上に入っています",IF('計算A'!IO19>0,IF(INDEX('計算A'!$D$4:$II$4,'計算A'!IO19)=0,"使えない枠に入っています",IF(INDEX('計算A'!$D$19:$II$19,'計算A'!IO19)=1,"×の枠に入っています",IF(AND(F14<>"",INDEX('計算A'!$D$106:$II$106,'計算A'!IO19)=1,INDEX('計算A'!$D$109:$II$109,'計算A'!IO19+1)=1),IF(F14="必ず空けたい","後ろの枠が空いていません","（出来れば）後ろが空いていません"),""))),IF(OR(H14="入力済み",H14="×なし"),"未決定","")))) | O14: =IF('計算A'!IK19=0,IF('計算A'!IL19=1,"入る枠がありません",""),INDEX('計算A'!$D$8:$II$8,'計算A'!IK19)) | P14: =HYPERLINK("#'×入力'!B257","×入力へ")
G15: =IF(B15="","",IF(A15="","",A15&" ")&B15) | H15: =IF(B15="","",IF('×入力'!F285="未提出","未提出",IF(I15>0,"入力済み",IF('×入力'!F285="×なし（どこでもOK）","×なし","未入力")))) | I15: =IF(B15="","",'計算A'!IN20) | J15: =IF(OR(H15="入力済み",H15="×なし"),'計算A'!IM20,"") | K15: =IF('計算A'!C20=1,COUNTIFS('計算A'!$C$10:$C$54,1,'計算A'!$IM$10:$IM$54,"<"&'計算A'!IM20)+1,"") | L15: =IF('計算A'!IO20=0,"",INDEX('設定'!$E$11:$E$20,INDEX('計算A'!$D$2:$II$2,'計算A'!IO20))) | M15: =IF('計算A'!IO20=0,"",INDEX('設定'!$I$11:$I$34,INDEX('計算A'!$D$3:$II$3,'計算A'!IO20))) | N15: =IF(G15="","",IF(COUNTIF('調整・決定'!$C$6:$L$29,G15)>1,"2か所以上に入っています",IF('計算A'!IO20>0,IF(INDEX('計算A'!$D$4:$II$4,'計算A'!IO20)=0,"使えない枠に入っています",IF(INDEX('計算A'!$D$20:$II$20,'計算A'!IO20)=1,"×の枠に入っています",IF(AND(F15<>"",INDEX('計算A'!$D$106:$II$106,'計算A'!IO20)=1,INDEX('計算A'!$D$109:$II$109,'計算A'!IO20+1)=1),IF(F15="必ず空けたい","後ろの枠が空いていません","（出来れば）後ろが空いていません"),""))),IF(OR(H15="入力済み",H15="×なし"),"未決定","")))) | O15: =IF('計算A'!IK20=0,IF('計算A'!IL20=1,"入る枠がありません",""),INDEX('計算A'!$D$8:$II$8,'計算A'!IK20)) | P15: =HYPERLINK("#'×入力'!B285","×入力へ")
G16: =IF(B16="","",IF(A16="","",A16&" ")&B16) | H16: =IF(B16="","",IF('×入力'!F313="未提出","未提出",IF(I16>0,"入力済み",IF('×入力'!F313="×なし（どこでもOK）","×なし","未入力")))) | I16: =IF(B16="","",'計算A'!IN21) | J16: =IF(OR(H16="入力済み",H16="×なし"),'計算A'!IM21,"") | K16: =IF('計算A'!C21=1,COUNTIFS('計算A'!$C$10:$C$54,1,'計算A'!$IM$10:$IM$54,"<"&'計算A'!IM21)+1,"") | L16: =IF('計算A'!IO21=0,"",INDEX('設定'!$E$11:$E$20,INDEX('計算A'!$D$2:$II$2,'計算A'!IO21))) | M16: =IF('計算A'!IO21=0,"",INDEX('設定'!$I$11:$I$34,INDEX('計算A'!$D$3:$II$3,'計算A'!IO21))) | N16: =IF(G16="","",IF(COUNTIF('調整・決定'!$C$6:$L$29,G16)>1,"2か所以上に入っています",IF('計算A'!IO21>0,IF(INDEX('計算A'!$D$4:$II$4,'計算A'!IO21)=0,"使えない枠に入っています",IF(INDEX('計算A'!$D$21:$II$21,'計算A'!IO21)=1,"×の枠に入っています",IF(AND(F16<>"",INDEX('計算A'!$D$106:$II$106,'計算A'!IO21)=1,INDEX('計算A'!$D$109:$II$109,'計算A'!IO21+1)=1),IF(F16="必ず空けたい","後ろの枠が空いていません","（出来れば）後ろが空いていません"),""))),IF(OR(H16="入力済み",H16="×なし"),"未決定","")))) | O16: =IF('計算A'!IK21=0,IF('計算A'!IL21=1,"入る枠がありません",""),INDEX('計算A'!$D$8:$II$8,'計算A'!IK21)) | P16: =HYPERLINK("#'×入力'!B313","×入力へ")
G17: =IF(B17="","",IF(A17="","",A17&" ")&B17) | H17: =IF(B17="","",IF('×入力'!F341="未提出","未提出",IF(I17>0,"入力済み",IF('×入力'!F341="×なし（どこでもOK）","×なし","未入力")))) | I17: =IF(B17="","",'計算A'!IN22) | J17: =IF(OR(H17="入力済み",H17="×なし"),'計算A'!IM22,"") | K17: =IF('計算A'!C22=1,COUNTIFS('計算A'!$C$10:$C$54,1,'計算A'!$IM$10:$IM$54,"<"&'計算A'!IM22)+1,"") | L17: =IF('計算A'!IO22=0,"",INDEX('設定'!$E$11:$E$20,INDEX('計算A'!$D$2:$II$2,'計算A'!IO22))) | M17: =IF('計算A'!IO22=0,"",INDEX('設定'!$I$11:$I$34,INDEX('計算A'!$D$3:$II$3,'計算A'!IO22))) | N17: =IF(G17="","",IF(COUNTIF('調整・決定'!$C$6:$L$29,G17)>1,"2か所以上に入っています",IF('計算A'!IO22>0,IF(INDEX('計算A'!$D$4:$II$4,'計算A'!IO22)=0,"使えない枠に入っています",IF(INDEX('計算A'!$D$22:$II$22,'計算A'!IO22)=1,"×の枠に入っています",IF(AND(F17<>"",INDEX('計算A'!$D$106:$II$106,'計算A'!IO22)=1,INDEX('計算A'!$D$109:$II$109,'計算A'!IO22+1)=1),IF(F17="必ず空けたい","後ろの枠が空いていません","（出来れば）後ろが空いていません"),""))),IF(OR(H17="入力済み",H17="×なし"),"未決定","")))) | O17: =IF('計算A'!IK22=0,IF('計算A'!IL22=1,"入る枠がありません",""),INDEX('計算A'!$D$8:$II$8,'計算A'!IK22)) | P17: =HYPERLINK("#'×入力'!B341","×入力へ")
G18: =IF(B18="","",IF(A18="","",A18&" ")&B18) | H18: =IF(B18="","",IF('×入力'!F369="未提出","未提出",IF(I18>0,"入力済み",IF('×入力'!F369="×なし（どこでもOK）","×なし","未入力")))) | I18: =IF(B18="","",'計算A'!IN23) | J18: =IF(OR(H18="入力済み",H18="×なし"),'計算A'!IM23,"") | K18: =IF('計算A'!C23=1,COUNTIFS('計算A'!$C$10:$C$54,1,'計算A'!$IM$10:$IM$54,"<"&'計算A'!IM23)+1,"") | L18: =IF('計算A'!IO23=0,"",INDEX('設定'!$E$11:$E$20,INDEX('計算A'!$D$2:$II$2,'計算A'!IO23))) | M18: =IF('計算A'!IO23=0,"",INDEX('設定'!$I$11:$I$34,INDEX('計算A'!$D$3:$II$3,'計算A'!IO23))) | N18: =IF(G18="","",IF(COUNTIF('調整・決定'!$C$6:$L$29,G18)>1,"2か所以上に入っています",IF('計算A'!IO23>0,IF(INDEX('計算A'!$D$4:$II$4,'計算A'!IO23)=0,"使えない枠に入っています",IF(INDEX('計算A'!$D$23:$II$23,'計算A'!IO23)=1,"×の枠に入っています",IF(AND(F18<>"",INDEX('計算A'!$D$106:$II$106,'計算A'!IO23)=1,INDEX('計算A'!$D$109:$II$109,'計算A'!IO23+1)=1),IF(F18="必ず空けたい","後ろの枠が空いていません","（出来れば）後ろが空いていません"),""))),IF(OR(H18="入力済み",H18="×なし"),"未決定","")))) | O18: =IF('計算A'!IK23=0,IF('計算A'!IL23=1,"入る枠がありません",""),INDEX('計算A'!$D$8:$II$8,'計算A'!IK23)) | P18: =HYPERLINK("#'×入力'!B369","×入力へ")
G19: =IF(B19="","",IF(A19="","",A19&" ")&B19) | H19: =IF(B19="","",IF('×入力'!F397="未提出","未提出",IF(I19>0,"入力済み",IF('×入力'!F397="×なし（どこでもOK）","×なし","未入力")))) | I19: =IF(B19="","",'計算A'!IN24) | J19: =IF(OR(H19="入力済み",H19="×なし"),'計算A'!IM24,"") | K19: =IF('計算A'!C24=1,COUNTIFS('計算A'!$C$10:$C$54,1,'計算A'!$IM$10:$IM$54,"<"&'計算A'!IM24)+1,"") | L19: =IF('計算A'!IO24=0,"",INDEX('設定'!$E$11:$E$20,INDEX('計算A'!$D$2:$II$2,'計算A'!IO24))) | M19: =IF('計算A'!IO24=0,"",INDEX('設定'!$I$11:$I$34,INDEX('計算A'!$D$3:$II$3,'計算A'!IO24))) | N19: =IF(G19="","",IF(COUNTIF('調整・決定'!$C$6:$L$29,G19)>1,"2か所以上に入っています",IF('計算A'!IO24>0,IF(INDEX('計算A'!$D$4:$II$4,'計算A'!IO24)=0,"使えない枠に入っています",IF(INDEX('計算A'!$D$24:$II$24,'計算A'!IO24)=1,"×の枠に入っています",IF(AND(F19<>"",INDEX('計算A'!$D$106:$II$106,'計算A'!IO24)=1,INDEX('計算A'!$D$109:$II$109,'計算A'!IO24+1)=1),IF(F19="必ず空けたい","後ろの枠が空いていません","（出来れば）後ろが空いていません"),""))),IF(OR(H19="入力済み",H19="×なし"),"未決定","")))) | O19: =IF('計算A'!IK24=0,IF('計算A'!IL24=1,"入る枠がありません",""),INDEX('計算A'!$D$8:$II$8,'計算A'!IK24)) | P19: =HYPERLINK("#'×入力'!B397","×入力へ")
G20: =IF(B20="","",IF(A20="","",A20&" ")&B20) | H20: =IF(B20="","",IF('×入力'!F425="未提出","未提出",IF(I20>0,"入力済み",IF('×入力'!F425="×なし（どこでもOK）","×なし","未入力")))) | I20: =IF(B20="","",'計算A'!IN25) | J20: =IF(OR(H20="入力済み",H20="×なし"),'計算A'!IM25,"") | K20: =IF('計算A'!C25=1,COUNTIFS('計算A'!$C$10:$C$54,1,'計算A'!$IM$10:$IM$54,"<"&'計算A'!IM25)+1,"") | L20: =IF('計算A'!IO25=0,"",INDEX('設定'!$E$11:$E$20,INDEX('計算A'!$D$2:$II$2,'計算A'!IO25))) | M20: =IF('計算A'!IO25=0,"",INDEX('設定'!$I$11:$I$34,INDEX('計算A'!$D$3:$II$3,'計算A'!IO25))) | N20: =IF(G20="","",IF(COUNTIF('調整・決定'!$C$6:$L$29,G20)>1,"2か所以上に入っています",IF('計算A'!IO25>0,IF(INDEX('計算A'!$D$4:$II$4,'計算A'!IO25)=0,"使えない枠に入っています",IF(INDEX('計算A'!$D$25:$II$25,'計算A'!IO25)=1,"×の枠に入っています",IF(AND(F20<>"",INDEX('計算A'!$D$106:$II$106,'計算A'!IO25)=1,INDEX('計算A'!$D$109:$II$109,'計算A'!IO25+1)=1),IF(F20="必ず空けたい","後ろの枠が空いていません","（出来れば）後ろが空いていません"),""))),IF(OR(H20="入力済み",H20="×なし"),"未決定","")))) | O20: =IF('計算A'!IK25=0,IF('計算A'!IL25=1,"入る枠がありません",""),INDEX('計算A'!$D$8:$II$8,'計算A'!IK25)) | P20: =HYPERLINK("#'×入力'!B425","×入力へ")
G21: =IF(B21="","",IF(A21="","",A21&" ")&B21) | H21: =IF(B21="","",IF('×入力'!F453="未提出","未提出",IF(I21>0,"入力済み",IF('×入力'!F453="×なし（どこでもOK）","×なし","未入力")))) | I21: =IF(B21="","",'計算A'!IN26) | J21: =IF(OR(H21="入力済み",H21="×なし"),'計算A'!IM26,"") | K21: =IF('計算A'!C26=1,COUNTIFS('計算A'!$C$10:$C$54,1,'計算A'!$IM$10:$IM$54,"<"&'計算A'!IM26)+1,"") | L21: =IF('計算A'!IO26=0,"",INDEX('設定'!$E$11:$E$20,INDEX('計算A'!$D$2:$II$2,'計算A'!IO26))) | M21: =IF('計算A'!IO26=0,"",INDEX('設定'!$I$11:$I$34,INDEX('計算A'!$D$3:$II$3,'計算A'!IO26))) | N21: =IF(G21="","",IF(COUNTIF('調整・決定'!$C$6:$L$29,G21)>1,"2か所以上に入っています",IF('計算A'!IO26>0,IF(INDEX('計算A'!$D$4:$II$4,'計算A'!IO26)=0,"使えない枠に入っています",IF(INDEX('計算A'!$D$26:$II$26,'計算A'!IO26)=1,"×の枠に入っています",IF(AND(F21<>"",INDEX('計算A'!$D$106:$II$106,'計算A'!IO26)=1,INDEX('計算A'!$D$109:$II$109,'計算A'!IO26+1)=1),IF(F21="必ず空けたい","後ろの枠が空いていません","（出来れば）後ろが空いていません"),""))),IF(OR(H21="入力済み",H21="×なし"),"未決定","")))) | O21: =IF('計算A'!IK26=0,IF('計算A'!IL26=1,"入る枠がありません",""),INDEX('計算A'!$D$8:$II$8,'計算A'!IK26)) | P21: =HYPERLINK("#'×入力'!B453","×入力へ")
G22: =IF(B22="","",IF(A22="","",A22&" ")&B22) | H22: =IF(B22="","",IF('×入力'!F481="未提出","未提出",IF(I22>0,"入力済み",IF('×入力'!F481="×なし（どこでもOK）","×なし","未入力")))) | I22: =IF(B22="","",'計算A'!IN27) | J22: =IF(OR(H22="入力済み",H22="×なし"),'計算A'!IM27,"") | K22: =IF('計算A'!C27=1,COUNTIFS('計算A'!$C$10:$C$54,1,'計算A'!$IM$10:$IM$54,"<"&'計算A'!IM27)+1,"") | L22: =IF('計算A'!IO27=0,"",INDEX('設定'!$E$11:$E$20,INDEX('計算A'!$D$2:$II$2,'計算A'!IO27))) | M22: =IF('計算A'!IO27=0,"",INDEX('設定'!$I$11:$I$34,INDEX('計算A'!$D$3:$II$3,'計算A'!IO27))) | N22: =IF(G22="","",IF(COUNTIF('調整・決定'!$C$6:$L$29,G22)>1,"2か所以上に入っています",IF('計算A'!IO27>0,IF(INDEX('計算A'!$D$4:$II$4,'計算A'!IO27)=0,"使えない枠に入っています",IF(INDEX('計算A'!$D$27:$II$27,'計算A'!IO27)=1,"×の枠に入っています",IF(AND(F22<>"",INDEX('計算A'!$D$106:$II$106,'計算A'!IO27)=1,INDEX('計算A'!$D$109:$II$109,'計算A'!IO27+1)=1),IF(F22="必ず空けたい","後ろの枠が空いていません","（出来れば）後ろが空いていません"),""))),IF(OR(H22="入力済み",H22="×なし"),"未決定","")))) | O22: =IF('計算A'!IK27=0,IF('計算A'!IL27=1,"入る枠がありません",""),INDEX('計算A'!$D$8:$II$8,'計算A'!IK27)) | P22: =HYPERLINK("#'×入力'!B481","×入力へ")
G23: =IF(B23="","",IF(A23="","",A23&" ")&B23) | H23: =IF(B23="","",IF('×入力'!F509="未提出","未提出",IF(I23>0,"入力済み",IF('×入力'!F509="×なし（どこでもOK）","×なし","未入力")))) | I23: =IF(B23="","",'計算A'!IN28) | J23: =IF(OR(H23="入力済み",H23="×なし"),'計算A'!IM28,"") | K23: =IF('計算A'!C28=1,COUNTIFS('計算A'!$C$10:$C$54,1,'計算A'!$IM$10:$IM$54,"<"&'計算A'!IM28)+1,"") | L23: =IF('計算A'!IO28=0,"",INDEX('設定'!$E$11:$E$20,INDEX('計算A'!$D$2:$II$2,'計算A'!IO28))) | M23: =IF('計算A'!IO28=0,"",INDEX('設定'!$I$11:$I$34,INDEX('計算A'!$D$3:$II$3,'計算A'!IO28))) | N23: =IF(G23="","",IF(COUNTIF('調整・決定'!$C$6:$L$29,G23)>1,"2か所以上に入っています",IF('計算A'!IO28>0,IF(INDEX('計算A'!$D$4:$II$4,'計算A'!IO28)=0,"使えない枠に入っています",IF(INDEX('計算A'!$D$28:$II$28,'計算A'!IO28)=1,"×の枠に入っています",IF(AND(F23<>"",INDEX('計算A'!$D$106:$II$106,'計算A'!IO28)=1,INDEX('計算A'!$D$109:$II$109,'計算A'!IO28+1)=1),IF(F23="必ず空けたい","後ろの枠が空いていません","（出来れば）後ろが空いていません"),""))),IF(OR(H23="入力済み",H23="×なし"),"未決定","")))) | O23: =IF('計算A'!IK28=0,IF('計算A'!IL28=1,"入る枠がありません",""),INDEX('計算A'!$D$8:$II$8,'計算A'!IK28)) | P23: =HYPERLINK("#'×入力'!B509","×入力へ")
G24: =IF(B24="","",IF(A24="","",A24&" ")&B24) | H24: =IF(B24="","",IF('×入力'!F537="未提出","未提出",IF(I24>0,"入力済み",IF('×入力'!F537="×なし（どこでもOK）","×なし","未入力")))) | I24: =IF(B24="","",'計算A'!IN29) | J24: =IF(OR(H24="入力済み",H24="×なし"),'計算A'!IM29,"") | K24: =IF('計算A'!C29=1,COUNTIFS('計算A'!$C$10:$C$54,1,'計算A'!$IM$10:$IM$54,"<"&'計算A'!IM29)+1,"") | L24: =IF('計算A'!IO29=0,"",INDEX('設定'!$E$11:$E$20,INDEX('計算A'!$D$2:$II$2,'計算A'!IO29))) | M24: =IF('計算A'!IO29=0,"",INDEX('設定'!$I$11:$I$34,INDEX('計算A'!$D$3:$II$3,'計算A'!IO29))) | N24: =IF(G24="","",IF(COUNTIF('調整・決定'!$C$6:$L$29,G24)>1,"2か所以上に入っています",IF('計算A'!IO29>0,IF(INDEX('計算A'!$D$4:$II$4,'計算A'!IO29)=0,"使えない枠に入っています",IF(INDEX('計算A'!$D$29:$II$29,'計算A'!IO29)=1,"×の枠に入っています",IF(AND(F24<>"",INDEX('計算A'!$D$106:$II$106,'計算A'!IO29)=1,INDEX('計算A'!$D$109:$II$109,'計算A'!IO29+1)=1),IF(F24="必ず空けたい","後ろの枠が空いていません","（出来れば）後ろが空いていません"),""))),IF(OR(H24="入力済み",H24="×なし"),"未決定","")))) | O24: =IF('計算A'!IK29=0,IF('計算A'!IL29=1,"入る枠がありません",""),INDEX('計算A'!$D$8:$II$8,'計算A'!IK29)) | P24: =HYPERLINK("#'×入力'!B537","×入力へ")
G25: =IF(B25="","",IF(A25="","",A25&" ")&B25) | H25: =IF(B25="","",IF('×入力'!F565="未提出","未提出",IF(I25>0,"入力済み",IF('×入力'!F565="×なし（どこでもOK）","×なし","未入力")))) | I25: =IF(B25="","",'計算A'!IN30) | J25: =IF(OR(H25="入力済み",H25="×なし"),'計算A'!IM30,"") | K25: =IF('計算A'!C30=1,COUNTIFS('計算A'!$C$10:$C$54,1,'計算A'!$IM$10:$IM$54,"<"&'計算A'!IM30)+1,"") | L25: =IF('計算A'!IO30=0,"",INDEX('設定'!$E$11:$E$20,INDEX('計算A'!$D$2:$II$2,'計算A'!IO30))) | M25: =IF('計算A'!IO30=0,"",INDEX('設定'!$I$11:$I$34,INDEX('計算A'!$D$3:$II$3,'計算A'!IO30))) | N25: =IF(G25="","",IF(COUNTIF('調整・決定'!$C$6:$L$29,G25)>1,"2か所以上に入っています",IF('計算A'!IO30>0,IF(INDEX('計算A'!$D$4:$II$4,'計算A'!IO30)=0,"使えない枠に入っています",IF(INDEX('計算A'!$D$30:$II$30,'計算A'!IO30)=1,"×の枠に入っています",IF(AND(F25<>"",INDEX('計算A'!$D$106:$II$106,'計算A'!IO30)=1,INDEX('計算A'!$D$109:$II$109,'計算A'!IO30+1)=1),IF(F25="必ず空けたい","後ろの枠が空いていません","（出来れば）後ろが空いていません"),""))),IF(OR(H25="入力済み",H25="×なし"),"未決定","")))) | O25: =IF('計算A'!IK30=0,IF('計算A'!IL30=1,"入る枠がありません",""),INDEX('計算A'!$D$8:$II$8,'計算A'!IK30)) | P25: =HYPERLINK("#'×入力'!B565","×入力へ")
G26: =IF(B26="","",IF(A26="","",A26&" ")&B26) | H26: =IF(B26="","",IF('×入力'!F593="未提出","未提出",IF(I26>0,"入力済み",IF('×入力'!F593="×なし（どこでもOK）","×なし","未入力")))) | I26: =IF(B26="","",'計算A'!IN31) | J26: =IF(OR(H26="入力済み",H26="×なし"),'計算A'!IM31,"") | K26: =IF('計算A'!C31=1,COUNTIFS('計算A'!$C$10:$C$54,1,'計算A'!$IM$10:$IM$54,"<"&'計算A'!IM31)+1,"") | L26: =IF('計算A'!IO31=0,"",INDEX('設定'!$E$11:$E$20,INDEX('計算A'!$D$2:$II$2,'計算A'!IO31))) | M26: =IF('計算A'!IO31=0,"",INDEX('設定'!$I$11:$I$34,INDEX('計算A'!$D$3:$II$3,'計算A'!IO31))) | N26: =IF(G26="","",IF(COUNTIF('調整・決定'!$C$6:$L$29,G26)>1,"2か所以上に入っています",IF('計算A'!IO31>0,IF(INDEX('計算A'!$D$4:$II$4,'計算A'!IO31)=0,"使えない枠に入っています",IF(INDEX('計算A'!$D$31:$II$31,'計算A'!IO31)=1,"×の枠に入っています",IF(AND(F26<>"",INDEX('計算A'!$D$106:$II$106,'計算A'!IO31)=1,INDEX('計算A'!$D$109:$II$109,'計算A'!IO31+1)=1),IF(F26="必ず空けたい","後ろの枠が空いていません","（出来れば）後ろが空いていません"),""))),IF(OR(H26="入力済み",H26="×なし"),"未決定","")))) | O26: =IF('計算A'!IK31=0,IF('計算A'!IL31=1,"入る枠がありません",""),INDEX('計算A'!$D$8:$II$8,'計算A'!IK31)) | P26: =HYPERLINK("#'×入力'!B593","×入力へ")
G27: =IF(B27="","",IF(A27="","",A27&" ")&B27) | H27: =IF(B27="","",IF('×入力'!F621="未提出","未提出",IF(I27>0,"入力済み",IF('×入力'!F621="×なし（どこでもOK）","×なし","未入力")))) | I27: =IF(B27="","",'計算A'!IN32) | J27: =IF(OR(H27="入力済み",H27="×なし"),'計算A'!IM32,"") | K27: =IF('計算A'!C32=1,COUNTIFS('計算A'!$C$10:$C$54,1,'計算A'!$IM$10:$IM$54,"<"&'計算A'!IM32)+1,"") | L27: =IF('計算A'!IO32=0,"",INDEX('設定'!$E$11:$E$20,INDEX('計算A'!$D$2:$II$2,'計算A'!IO32))) | M27: =IF('計算A'!IO32=0,"",INDEX('設定'!$I$11:$I$34,INDEX('計算A'!$D$3:$II$3,'計算A'!IO32))) | N27: =IF(G27="","",IF(COUNTIF('調整・決定'!$C$6:$L$29,G27)>1,"2か所以上に入っています",IF('計算A'!IO32>0,IF(INDEX('計算A'!$D$4:$II$4,'計算A'!IO32)=0,"使えない枠に入っています",IF(INDEX('計算A'!$D$32:$II$32,'計算A'!IO32)=1,"×の枠に入っています",IF(AND(F27<>"",INDEX('計算A'!$D$106:$II$106,'計算A'!IO32)=1,INDEX('計算A'!$D$109:$II$109,'計算A'!IO32+1)=1),IF(F27="必ず空けたい","後ろの枠が空いていません","（出来れば）後ろが空いていません"),""))),IF(OR(H27="入力済み",H27="×なし"),"未決定","")))) | O27: =IF('計算A'!IK32=0,IF('計算A'!IL32=1,"入る枠がありません",""),INDEX('計算A'!$D$8:$II$8,'計算A'!IK32)) | P27: =HYPERLINK("#'×入力'!B621","×入力へ")
G28: =IF(B28="","",IF(A28="","",A28&" ")&B28) | H28: =IF(B28="","",IF('×入力'!F649="未提出","未提出",IF(I28>0,"入力済み",IF('×入力'!F649="×なし（どこでもOK）","×なし","未入力")))) | I28: =IF(B28="","",'計算A'!IN33) | J28: =IF(OR(H28="入力済み",H28="×なし"),'計算A'!IM33,"") | K28: =IF('計算A'!C33=1,COUNTIFS('計算A'!$C$10:$C$54,1,'計算A'!$IM$10:$IM$54,"<"&'計算A'!IM33)+1,"") | L28: =IF('計算A'!IO33=0,"",INDEX('設定'!$E$11:$E$20,INDEX('計算A'!$D$2:$II$2,'計算A'!IO33))) | M28: =IF('計算A'!IO33=0,"",INDEX('設定'!$I$11:$I$34,INDEX('計算A'!$D$3:$II$3,'計算A'!IO33))) | N28: =IF(G28="","",IF(COUNTIF('調整・決定'!$C$6:$L$29,G28)>1,"2か所以上に入っています",IF('計算A'!IO33>0,IF(INDEX('計算A'!$D$4:$II$4,'計算A'!IO33)=0,"使えない枠に入っています",IF(INDEX('計算A'!$D$33:$II$33,'計算A'!IO33)=1,"×の枠に入っています",IF(AND(F28<>"",INDEX('計算A'!$D$106:$II$106,'計算A'!IO33)=1,INDEX('計算A'!$D$109:$II$109,'計算A'!IO33+1)=1),IF(F28="必ず空けたい","後ろの枠が空いていません","（出来れば）後ろが空いていません"),""))),IF(OR(H28="入力済み",H28="×なし"),"未決定","")))) | O28: =IF('計算A'!IK33=0,IF('計算A'!IL33=1,"入る枠がありません",""),INDEX('計算A'!$D$8:$II$8,'計算A'!IK33)) | P28: =HYPERLINK("#'×入力'!B649","×入力へ")
G29: =IF(B29="","",IF(A29="","",A29&" ")&B29) | H29: =IF(B29="","",IF('×入力'!F677="未提出","未提出",IF(I29>0,"入力済み",IF('×入力'!F677="×なし（どこでもOK）","×なし","未入力")))) | I29: =IF(B29="","",'計算A'!IN34) | J29: =IF(OR(H29="入力済み",H29="×なし"),'計算A'!IM34,"") | K29: =IF('計算A'!C34=1,COUNTIFS('計算A'!$C$10:$C$54,1,'計算A'!$IM$10:$IM$54,"<"&'計算A'!IM34)+1,"") | L29: =IF('計算A'!IO34=0,"",INDEX('設定'!$E$11:$E$20,INDEX('計算A'!$D$2:$II$2,'計算A'!IO34))) | M29: =IF('計算A'!IO34=0,"",INDEX('設定'!$I$11:$I$34,INDEX('計算A'!$D$3:$II$3,'計算A'!IO34))) | N29: =IF(G29="","",IF(COUNTIF('調整・決定'!$C$6:$L$29,G29)>1,"2か所以上に入っています",IF('計算A'!IO34>0,IF(INDEX('計算A'!$D$4:$II$4,'計算A'!IO34)=0,"使えない枠に入っています",IF(INDEX('計算A'!$D$34:$II$34,'計算A'!IO34)=1,"×の枠に入っています",IF(AND(F29<>"",INDEX('計算A'!$D$106:$II$106,'計算A'!IO34)=1,INDEX('計算A'!$D$109:$II$109,'計算A'!IO34+1)=1),IF(F29="必ず空けたい","後ろの枠が空いていません","（出来れば）後ろが空いていません"),""))),IF(OR(H29="入力済み",H29="×なし"),"未決定","")))) | O29: =IF('計算A'!IK34=0,IF('計算A'!IL34=1,"入る枠がありません",""),INDEX('計算A'!$D$8:$II$8,'計算A'!IK34)) | P29: =HYPERLINK("#'×入力'!B677","×入力へ")
G30: =IF(B30="","",IF(A30="","",A30&" ")&B30) | H30: =IF(B30="","",IF('×入力'!F705="未提出","未提出",IF(I30>0,"入力済み",IF('×入力'!F705="×なし（どこでもOK）","×なし","未入力")))) | I30: =IF(B30="","",'計算A'!IN35) | J30: =IF(OR(H30="入力済み",H30="×なし"),'計算A'!IM35,"") | K30: =IF('計算A'!C35=1,COUNTIFS('計算A'!$C$10:$C$54,1,'計算A'!$IM$10:$IM$54,"<"&'計算A'!IM35)+1,"") | L30: =IF('計算A'!IO35=0,"",INDEX('設定'!$E$11:$E$20,INDEX('計算A'!$D$2:$II$2,'計算A'!IO35))) | M30: =IF('計算A'!IO35=0,"",INDEX('設定'!$I$11:$I$34,INDEX('計算A'!$D$3:$II$3,'計算A'!IO35))) | N30: =IF(G30="","",IF(COUNTIF('調整・決定'!$C$6:$L$29,G30)>1,"2か所以上に入っています",IF('計算A'!IO35>0,IF(INDEX('計算A'!$D$4:$II$4,'計算A'!IO35)=0,"使えない枠に入っています",IF(INDEX('計算A'!$D$35:$II$35,'計算A'!IO35)=1,"×の枠に入っています",IF(AND(F30<>"",INDEX('計算A'!$D$106:$II$106,'計算A'!IO35)=1,INDEX('計算A'!$D$109:$II$109,'計算A'!IO35+1)=1),IF(F30="必ず空けたい","後ろの枠が空いていません","（出来れば）後ろが空いていません"),""))),IF(OR(H30="入力済み",H30="×なし"),"未決定","")))) | O30: =IF('計算A'!IK35=0,IF('計算A'!IL35=1,"入る枠がありません",""),INDEX('計算A'!$D$8:$II$8,'計算A'!IK35)) | P30: =HYPERLINK("#'×入力'!B705","×入力へ")
G31: =IF(B31="","",IF(A31="","",A31&" ")&B31) | H31: =IF(B31="","",IF('×入力'!F733="未提出","未提出",IF(I31>0,"入力済み",IF('×入力'!F733="×なし（どこでもOK）","×なし","未入力")))) | I31: =IF(B31="","",'計算A'!IN36) | J31: =IF(OR(H31="入力済み",H31="×なし"),'計算A'!IM36,"") | K31: =IF('計算A'!C36=1,COUNTIFS('計算A'!$C$10:$C$54,1,'計算A'!$IM$10:$IM$54,"<"&'計算A'!IM36)+1,"") | L31: =IF('計算A'!IO36=0,"",INDEX('設定'!$E$11:$E$20,INDEX('計算A'!$D$2:$II$2,'計算A'!IO36))) | M31: =IF('計算A'!IO36=0,"",INDEX('設定'!$I$11:$I$34,INDEX('計算A'!$D$3:$II$3,'計算A'!IO36))) | N31: =IF(G31="","",IF(COUNTIF('調整・決定'!$C$6:$L$29,G31)>1,"2か所以上に入っています",IF('計算A'!IO36>0,IF(INDEX('計算A'!$D$4:$II$4,'計算A'!IO36)=0,"使えない枠に入っています",IF(INDEX('計算A'!$D$36:$II$36,'計算A'!IO36)=1,"×の枠に入っています",IF(AND(F31<>"",INDEX('計算A'!$D$106:$II$106,'計算A'!IO36)=1,INDEX('計算A'!$D$109:$II$109,'計算A'!IO36+1)=1),IF(F31="必ず空けたい","後ろの枠が空いていません","（出来れば）後ろが空いていません"),""))),IF(OR(H31="入力済み",H31="×なし"),"未決定","")))) | O31: =IF('計算A'!IK36=0,IF('計算A'!IL36=1,"入る枠がありません",""),INDEX('計算A'!$D$8:$II$8,'計算A'!IK36)) | P31: =HYPERLINK("#'×入力'!B733","×入力へ")
G32: =IF(B32="","",IF(A32="","",A32&" ")&B32) | H32: =IF(B32="","",IF('×入力'!F761="未提出","未提出",IF(I32>0,"入力済み",IF('×入力'!F761="×なし（どこでもOK）","×なし","未入力")))) | I32: =IF(B32="","",'計算A'!IN37) | J32: =IF(OR(H32="入力済み",H32="×なし"),'計算A'!IM37,"") | K32: =IF('計算A'!C37=1,COUNTIFS('計算A'!$C$10:$C$54,1,'計算A'!$IM$10:$IM$54,"<"&'計算A'!IM37)+1,"") | L32: =IF('計算A'!IO37=0,"",INDEX('設定'!$E$11:$E$20,INDEX('計算A'!$D$2:$II$2,'計算A'!IO37))) | M32: =IF('計算A'!IO37=0,"",INDEX('設定'!$I$11:$I$34,INDEX('計算A'!$D$3:$II$3,'計算A'!IO37))) | N32: =IF(G32="","",IF(COUNTIF('調整・決定'!$C$6:$L$29,G32)>1,"2か所以上に入っています",IF('計算A'!IO37>0,IF(INDEX('計算A'!$D$4:$II$4,'計算A'!IO37)=0,"使えない枠に入っています",IF(INDEX('計算A'!$D$37:$II$37,'計算A'!IO37)=1,"×の枠に入っています",IF(AND(F32<>"",INDEX('計算A'!$D$106:$II$106,'計算A'!IO37)=1,INDEX('計算A'!$D$109:$II$109,'計算A'!IO37+1)=1),IF(F32="必ず空けたい","後ろの枠が空いていません","（出来れば）後ろが空いていません"),""))),IF(OR(H32="入力済み",H32="×なし"),"未決定","")))) | O32: =IF('計算A'!IK37=0,IF('計算A'!IL37=1,"入る枠がありません",""),INDEX('計算A'!$D$8:$II$8,'計算A'!IK37)) | P32: =HYPERLINK("#'×入力'!B761","×入力へ")
G33: =IF(B33="","",IF(A33="","",A33&" ")&B33) | H33: =IF(B33="","",IF('×入力'!F789="未提出","未提出",IF(I33>0,"入力済み",IF('×入力'!F789="×なし（どこでもOK）","×なし","未入力")))) | I33: =IF(B33="","",'計算A'!IN38) | J33: =IF(OR(H33="入力済み",H33="×なし"),'計算A'!IM38,"") | K33: =IF('計算A'!C38=1,COUNTIFS('計算A'!$C$10:$C$54,1,'計算A'!$IM$10:$IM$54,"<"&'計算A'!IM38)+1,"") | L33: =IF('計算A'!IO38=0,"",INDEX('設定'!$E$11:$E$20,INDEX('計算A'!$D$2:$II$2,'計算A'!IO38))) | M33: =IF('計算A'!IO38=0,"",INDEX('設定'!$I$11:$I$34,INDEX('計算A'!$D$3:$II$3,'計算A'!IO38))) | N33: =IF(G33="","",IF(COUNTIF('調整・決定'!$C$6:$L$29,G33)>1,"2か所以上に入っています",IF('計算A'!IO38>0,IF(INDEX('計算A'!$D$4:$II$4,'計算A'!IO38)=0,"使えない枠に入っています",IF(INDEX('計算A'!$D$38:$II$38,'計算A'!IO38)=1,"×の枠に入っています",IF(AND(F33<>"",INDEX('計算A'!$D$106:$II$106,'計算A'!IO38)=1,INDEX('計算A'!$D$109:$II$109,'計算A'!IO38+1)=1),IF(F33="必ず空けたい","後ろの枠が空いていません","（出来れば）後ろが空いていません"),""))),IF(OR(H33="入力済み",H33="×なし"),"未決定","")))) | O33: =IF('計算A'!IK38=0,IF('計算A'!IL38=1,"入る枠がありません",""),INDEX('計算A'!$D$8:$II$8,'計算A'!IK38)) | P33: =HYPERLINK("#'×入力'!B789","×入力へ")
G34: =IF(B34="","",IF(A34="","",A34&" ")&B34) | H34: =IF(B34="","",IF('×入力'!F817="未提出","未提出",IF(I34>0,"入力済み",IF('×入力'!F817="×なし（どこでもOK）","×なし","未入力")))) | I34: =IF(B34="","",'計算A'!IN39) | J34: =IF(OR(H34="入力済み",H34="×なし"),'計算A'!IM39,"") | K34: =IF('計算A'!C39=1,COUNTIFS('計算A'!$C$10:$C$54,1,'計算A'!$IM$10:$IM$54,"<"&'計算A'!IM39)+1,"") | L34: =IF('計算A'!IO39=0,"",INDEX('設定'!$E$11:$E$20,INDEX('計算A'!$D$2:$II$2,'計算A'!IO39))) | M34: =IF('計算A'!IO39=0,"",INDEX('設定'!$I$11:$I$34,INDEX('計算A'!$D$3:$II$3,'計算A'!IO39))) | N34: =IF(G34="","",IF(COUNTIF('調整・決定'!$C$6:$L$29,G34)>1,"2か所以上に入っています",IF('計算A'!IO39>0,IF(INDEX('計算A'!$D$4:$II$4,'計算A'!IO39)=0,"使えない枠に入っています",IF(INDEX('計算A'!$D$39:$II$39,'計算A'!IO39)=1,"×の枠に入っています",IF(AND(F34<>"",INDEX('計算A'!$D$106:$II$106,'計算A'!IO39)=1,INDEX('計算A'!$D$109:$II$109,'計算A'!IO39+1)=1),IF(F34="必ず空けたい","後ろの枠が空いていません","（出来れば）後ろが空いていません"),""))),IF(OR(H34="入力済み",H34="×なし"),"未決定","")))) | O34: =IF('計算A'!IK39=0,IF('計算A'!IL39=1,"入る枠がありません",""),INDEX('計算A'!$D$8:$II$8,'計算A'!IK39)) | P34: =HYPERLINK("#'×入力'!B817","×入力へ")
G35: =IF(B35="","",IF(A35="","",A35&" ")&B35) | H35: =IF(B35="","",IF('×入力'!F845="未提出","未提出",IF(I35>0,"入力済み",IF('×入力'!F845="×なし（どこでもOK）","×なし","未入力")))) | I35: =IF(B35="","",'計算A'!IN40) | J35: =IF(OR(H35="入力済み",H35="×なし"),'計算A'!IM40,"") | K35: =IF('計算A'!C40=1,COUNTIFS('計算A'!$C$10:$C$54,1,'計算A'!$IM$10:$IM$54,"<"&'計算A'!IM40)+1,"") | L35: =IF('計算A'!IO40=0,"",INDEX('設定'!$E$11:$E$20,INDEX('計算A'!$D$2:$II$2,'計算A'!IO40))) | M35: =IF('計算A'!IO40=0,"",INDEX('設定'!$I$11:$I$34,INDEX('計算A'!$D$3:$II$3,'計算A'!IO40))) | N35: =IF(G35="","",IF(COUNTIF('調整・決定'!$C$6:$L$29,G35)>1,"2か所以上に入っています",IF('計算A'!IO40>0,IF(INDEX('計算A'!$D$4:$II$4,'計算A'!IO40)=0,"使えない枠に入っています",IF(INDEX('計算A'!$D$40:$II$40,'計算A'!IO40)=1,"×の枠に入っています",IF(AND(F35<>"",INDEX('計算A'!$D$106:$II$106,'計算A'!IO40)=1,INDEX('計算A'!$D$109:$II$109,'計算A'!IO40+1)=1),IF(F35="必ず空けたい","後ろの枠が空いていません","（出来れば）後ろが空いていません"),""))),IF(OR(H35="入力済み",H35="×なし"),"未決定","")))) | O35: =IF('計算A'!IK40=0,IF('計算A'!IL40=1,"入る枠がありません",""),INDEX('計算A'!$D$8:$II$8,'計算A'!IK40)) | P35: =HYPERLINK("#'×入力'!B845","×入力へ")
G36: =IF(B36="","",IF(A36="","",A36&" ")&B36) | H36: =IF(B36="","",IF('×入力'!F873="未提出","未提出",IF(I36>0,"入力済み",IF('×入力'!F873="×なし（どこでもOK）","×なし","未入力")))) | I36: =IF(B36="","",'計算A'!IN41) | J36: =IF(OR(H36="入力済み",H36="×なし"),'計算A'!IM41,"") | K36: =IF('計算A'!C41=1,COUNTIFS('計算A'!$C$10:$C$54,1,'計算A'!$IM$10:$IM$54,"<"&'計算A'!IM41)+1,"") | L36: =IF('計算A'!IO41=0,"",INDEX('設定'!$E$11:$E$20,INDEX('計算A'!$D$2:$II$2,'計算A'!IO41))) | M36: =IF('計算A'!IO41=0,"",INDEX('設定'!$I$11:$I$34,INDEX('計算A'!$D$3:$II$3,'計算A'!IO41))) | N36: =IF(G36="","",IF(COUNTIF('調整・決定'!$C$6:$L$29,G36)>1,"2か所以上に入っています",IF('計算A'!IO41>0,IF(INDEX('計算A'!$D$4:$II$4,'計算A'!IO41)=0,"使えない枠に入っています",IF(INDEX('計算A'!$D$41:$II$41,'計算A'!IO41)=1,"×の枠に入っています",IF(AND(F36<>"",INDEX('計算A'!$D$106:$II$106,'計算A'!IO41)=1,INDEX('計算A'!$D$109:$II$109,'計算A'!IO41+1)=1),IF(F36="必ず空けたい","後ろの枠が空いていません","（出来れば）後ろが空いていません"),""))),IF(OR(H36="入力済み",H36="×なし"),"未決定","")))) | O36: =IF('計算A'!IK41=0,IF('計算A'!IL41=1,"入る枠がありません",""),INDEX('計算A'!$D$8:$II$8,'計算A'!IK41)) | P36: =HYPERLINK("#'×入力'!B873","×入力へ")
G37: =IF(B37="","",IF(A37="","",A37&" ")&B37) | H37: =IF(B37="","",IF('×入力'!F901="未提出","未提出",IF(I37>0,"入力済み",IF('×入力'!F901="×なし（どこでもOK）","×なし","未入力")))) | I37: =IF(B37="","",'計算A'!IN42) | J37: =IF(OR(H37="入力済み",H37="×なし"),'計算A'!IM42,"") | K37: =IF('計算A'!C42=1,COUNTIFS('計算A'!$C$10:$C$54,1,'計算A'!$IM$10:$IM$54,"<"&'計算A'!IM42)+1,"") | L37: =IF('計算A'!IO42=0,"",INDEX('設定'!$E$11:$E$20,INDEX('計算A'!$D$2:$II$2,'計算A'!IO42))) | M37: =IF('計算A'!IO42=0,"",INDEX('設定'!$I$11:$I$34,INDEX('計算A'!$D$3:$II$3,'計算A'!IO42))) | N37: =IF(G37="","",IF(COUNTIF('調整・決定'!$C$6:$L$29,G37)>1,"2か所以上に入っています",IF('計算A'!IO42>0,IF(INDEX('計算A'!$D$4:$II$4,'計算A'!IO42)=0,"使えない枠に入っています",IF(INDEX('計算A'!$D$42:$II$42,'計算A'!IO42)=1,"×の枠に入っています",IF(AND(F37<>"",INDEX('計算A'!$D$106:$II$106,'計算A'!IO42)=1,INDEX('計算A'!$D$109:$II$109,'計算A'!IO42+1)=1),IF(F37="必ず空けたい","後ろの枠が空いていません","（出来れば）後ろが空いていません"),""))),IF(OR(H37="入力済み",H37="×なし"),"未決定","")))) | O37: =IF('計算A'!IK42=0,IF('計算A'!IL42=1,"入る枠がありません",""),INDEX('計算A'!$D$8:$II$8,'計算A'!IK42)) | P37: =HYPERLINK("#'×入力'!B901","×入力へ")
G38: =IF(B38="","",IF(A38="","",A38&" ")&B38) | H38: =IF(B38="","",IF('×入力'!F929="未提出","未提出",IF(I38>0,"入力済み",IF('×入力'!F929="×なし（どこでもOK）","×なし","未入力")))) | I38: =IF(B38="","",'計算A'!IN43) | J38: =IF(OR(H38="入力済み",H38="×なし"),'計算A'!IM43,"") | K38: =IF('計算A'!C43=1,COUNTIFS('計算A'!$C$10:$C$54,1,'計算A'!$IM$10:$IM$54,"<"&'計算A'!IM43)+1,"") | L38: =IF('計算A'!IO43=0,"",INDEX('設定'!$E$11:$E$20,INDEX('計算A'!$D$2:$II$2,'計算A'!IO43))) | M38: =IF('計算A'!IO43=0,"",INDEX('設定'!$I$11:$I$34,INDEX('計算A'!$D$3:$II$3,'計算A'!IO43))) | N38: =IF(G38="","",IF(COUNTIF('調整・決定'!$C$6:$L$29,G38)>1,"2か所以上に入っています",IF('計算A'!IO43>0,IF(INDEX('計算A'!$D$4:$II$4,'計算A'!IO43)=0,"使えない枠に入っています",IF(INDEX('計算A'!$D$43:$II$43,'計算A'!IO43)=1,"×の枠に入っています",IF(AND(F38<>"",INDEX('計算A'!$D$106:$II$106,'計算A'!IO43)=1,INDEX('計算A'!$D$109:$II$109,'計算A'!IO43+1)=1),IF(F38="必ず空けたい","後ろの枠が空いていません","（出来れば）後ろが空いていません"),""))),IF(OR(H38="入力済み",H38="×なし"),"未決定","")))) | O38: =IF('計算A'!IK43=0,IF('計算A'!IL43=1,"入る枠がありません",""),INDEX('計算A'!$D$8:$II$8,'計算A'!IK43)) | P38: =HYPERLINK("#'×入力'!B929","×入力へ")
G39: =IF(B39="","",IF(A39="","",A39&" ")&B39) | H39: =IF(B39="","",IF('×入力'!F957="未提出","未提出",IF(I39>0,"入力済み",IF('×入力'!F957="×なし（どこでもOK）","×なし","未入力")))) | I39: =IF(B39="","",'計算A'!IN44) | J39: =IF(OR(H39="入力済み",H39="×なし"),'計算A'!IM44,"") | K39: =IF('計算A'!C44=1,COUNTIFS('計算A'!$C$10:$C$54,1,'計算A'!$IM$10:$IM$54,"<"&'計算A'!IM44)+1,"") | L39: =IF('計算A'!IO44=0,"",INDEX('設定'!$E$11:$E$20,INDEX('計算A'!$D$2:$II$2,'計算A'!IO44))) | M39: =IF('計算A'!IO44=0,"",INDEX('設定'!$I$11:$I$34,INDEX('計算A'!$D$3:$II$3,'計算A'!IO44))) | N39: =IF(G39="","",IF(COUNTIF('調整・決定'!$C$6:$L$29,G39)>1,"2か所以上に入っています",IF('計算A'!IO44>0,IF(INDEX('計算A'!$D$4:$II$4,'計算A'!IO44)=0,"使えない枠に入っています",IF(INDEX('計算A'!$D$44:$II$44,'計算A'!IO44)=1,"×の枠に入っています",IF(AND(F39<>"",INDEX('計算A'!$D$106:$II$106,'計算A'!IO44)=1,INDEX('計算A'!$D$109:$II$109,'計算A'!IO44+1)=1),IF(F39="必ず空けたい","後ろの枠が空いていません","（出来れば）後ろが空いていません"),""))),IF(OR(H39="入力済み",H39="×なし"),"未決定","")))) | O39: =IF('計算A'!IK44=0,IF('計算A'!IL44=1,"入る枠がありません",""),INDEX('計算A'!$D$8:$II$8,'計算A'!IK44)) | P39: =HYPERLINK("#'×入力'!B957","×入力へ")
G40: =IF(B40="","",IF(A40="","",A40&" ")&B40) | H40: =IF(B40="","",IF('×入力'!F985="未提出","未提出",IF(I40>0,"入力済み",IF('×入力'!F985="×なし（どこでもOK）","×なし","未入力")))) | I40: =IF(B40="","",'計算A'!IN45) | J40: =IF(OR(H40="入力済み",H40="×なし"),'計算A'!IM45,"") | K40: =IF('計算A'!C45=1,COUNTIFS('計算A'!$C$10:$C$54,1,'計算A'!$IM$10:$IM$54,"<"&'計算A'!IM45)+1,"") | L40: =IF('計算A'!IO45=0,"",INDEX('設定'!$E$11:$E$20,INDEX('計算A'!$D$2:$II$2,'計算A'!IO45))) | M40: =IF('計算A'!IO45=0,"",INDEX('設定'!$I$11:$I$34,INDEX('計算A'!$D$3:$II$3,'計算A'!IO45))) | N40: =IF(G40="","",IF(COUNTIF('調整・決定'!$C$6:$L$29,G40)>1,"2か所以上に入っています",IF('計算A'!IO45>0,IF(INDEX('計算A'!$D$4:$II$4,'計算A'!IO45)=0,"使えない枠に入っています",IF(INDEX('計算A'!$D$45:$II$45,'計算A'!IO45)=1,"×の枠に入っています",IF(AND(F40<>"",INDEX('計算A'!$D$106:$II$106,'計算A'!IO45)=1,INDEX('計算A'!$D$109:$II$109,'計算A'!IO45+1)=1),IF(F40="必ず空けたい","後ろの枠が空いていません","（出来れば）後ろが空いていません"),""))),IF(OR(H40="入力済み",H40="×なし"),"未決定","")))) | O40: =IF('計算A'!IK45=0,IF('計算A'!IL45=1,"入る枠がありません",""),INDEX('計算A'!$D$8:$II$8,'計算A'!IK45)) | P40: =HYPERLINK("#'×入力'!B985","×入力へ")
G41: =IF(B41="","",IF(A41="","",A41&" ")&B41) | H41: =IF(B41="","",IF('×入力'!F1013="未提出","未提出",IF(I41>0,"入力済み",IF('×入力'!F1013="×なし（どこでもOK）","×なし","未入力")))) | I41: =IF(B41="","",'計算A'!IN46) | J41: =IF(OR(H41="入力済み",H41="×なし"),'計算A'!IM46,"") | K41: =IF('計算A'!C46=1,COUNTIFS('計算A'!$C$10:$C$54,1,'計算A'!$IM$10:$IM$54,"<"&'計算A'!IM46)+1,"") | L41: =IF('計算A'!IO46=0,"",INDEX('設定'!$E$11:$E$20,INDEX('計算A'!$D$2:$II$2,'計算A'!IO46))) | M41: =IF('計算A'!IO46=0,"",INDEX('設定'!$I$11:$I$34,INDEX('計算A'!$D$3:$II$3,'計算A'!IO46))) | N41: =IF(G41="","",IF(COUNTIF('調整・決定'!$C$6:$L$29,G41)>1,"2か所以上に入っています",IF('計算A'!IO46>0,IF(INDEX('計算A'!$D$4:$II$4,'計算A'!IO46)=0,"使えない枠に入っています",IF(INDEX('計算A'!$D$46:$II$46,'計算A'!IO46)=1,"×の枠に入っています",IF(AND(F41<>"",INDEX('計算A'!$D$106:$II$106,'計算A'!IO46)=1,INDEX('計算A'!$D$109:$II$109,'計算A'!IO46+1)=1),IF(F41="必ず空けたい","後ろの枠が空いていません","（出来れば）後ろが空いていません"),""))),IF(OR(H41="入力済み",H41="×なし"),"未決定","")))) | O41: =IF('計算A'!IK46=0,IF('計算A'!IL46=1,"入る枠がありません",""),INDEX('計算A'!$D$8:$II$8,'計算A'!IK46)) | P41: =HYPERLINK("#'×入力'!B1013","×入力へ")
G42: =IF(B42="","",IF(A42="","",A42&" ")&B42) | H42: =IF(B42="","",IF('×入力'!F1041="未提出","未提出",IF(I42>0,"入力済み",IF('×入力'!F1041="×なし（どこでもOK）","×なし","未入力")))) | I42: =IF(B42="","",'計算A'!IN47) | J42: =IF(OR(H42="入力済み",H42="×なし"),'計算A'!IM47,"") | K42: =IF('計算A'!C47=1,COUNTIFS('計算A'!$C$10:$C$54,1,'計算A'!$IM$10:$IM$54,"<"&'計算A'!IM47)+1,"") | L42: =IF('計算A'!IO47=0,"",INDEX('設定'!$E$11:$E$20,INDEX('計算A'!$D$2:$II$2,'計算A'!IO47))) | M42: =IF('計算A'!IO47=0,"",INDEX('設定'!$I$11:$I$34,INDEX('計算A'!$D$3:$II$3,'計算A'!IO47))) | N42: =IF(G42="","",IF(COUNTIF('調整・決定'!$C$6:$L$29,G42)>1,"2か所以上に入っています",IF('計算A'!IO47>0,IF(INDEX('計算A'!$D$4:$II$4,'計算A'!IO47)=0,"使えない枠に入っています",IF(INDEX('計算A'!$D$47:$II$47,'計算A'!IO47)=1,"×の枠に入っています",IF(AND(F42<>"",INDEX('計算A'!$D$106:$II$106,'計算A'!IO47)=1,INDEX('計算A'!$D$109:$II$109,'計算A'!IO47+1)=1),IF(F42="必ず空けたい","後ろの枠が空いていません","（出来れば）後ろが空いていません"),""))),IF(OR(H42="入力済み",H42="×なし"),"未決定","")))) | O42: =IF('計算A'!IK47=0,IF('計算A'!IL47=1,"入る枠がありません",""),INDEX('計算A'!$D$8:$II$8,'計算A'!IK47)) | P42: =HYPERLINK("#'×入力'!B1041","×入力へ")
G43: =IF(B43="","",IF(A43="","",A43&" ")&B43) | H43: =IF(B43="","",IF('×入力'!F1069="未提出","未提出",IF(I43>0,"入力済み",IF('×入力'!F1069="×なし（どこでもOK）","×なし","未入力")))) | I43: =IF(B43="","",'計算A'!IN48) | J43: =IF(OR(H43="入力済み",H43="×なし"),'計算A'!IM48,"") | K43: =IF('計算A'!C48=1,COUNTIFS('計算A'!$C$10:$C$54,1,'計算A'!$IM$10:$IM$54,"<"&'計算A'!IM48)+1,"") | L43: =IF('計算A'!IO48=0,"",INDEX('設定'!$E$11:$E$20,INDEX('計算A'!$D$2:$II$2,'計算A'!IO48))) | M43: =IF('計算A'!IO48=0,"",INDEX('設定'!$I$11:$I$34,INDEX('計算A'!$D$3:$II$3,'計算A'!IO48))) | N43: =IF(G43="","",IF(COUNTIF('調整・決定'!$C$6:$L$29,G43)>1,"2か所以上に入っています",IF('計算A'!IO48>0,IF(INDEX('計算A'!$D$4:$II$4,'計算A'!IO48)=0,"使えない枠に入っています",IF(INDEX('計算A'!$D$48:$II$48,'計算A'!IO48)=1,"×の枠に入っています",IF(AND(F43<>"",INDEX('計算A'!$D$106:$II$106,'計算A'!IO48)=1,INDEX('計算A'!$D$109:$II$109,'計算A'!IO48+1)=1),IF(F43="必ず空けたい","後ろの枠が空いていません","（出来れば）後ろが空いていません"),""))),IF(OR(H43="入力済み",H43="×なし"),"未決定","")))) | O43: =IF('計算A'!IK48=0,IF('計算A'!IL48=1,"入る枠がありません",""),INDEX('計算A'!$D$8:$II$8,'計算A'!IK48)) | P43: =HYPERLINK("#'×入力'!B1069","×入力へ")
G44: =IF(B44="","",IF(A44="","",A44&" ")&B44) | H44: =IF(B44="","",IF('×入力'!F1097="未提出","未提出",IF(I44>0,"入力済み",IF('×入力'!F1097="×なし（どこでもOK）","×なし","未入力")))) | I44: =IF(B44="","",'計算A'!IN49) | J44: =IF(OR(H44="入力済み",H44="×なし"),'計算A'!IM49,"") | K44: =IF('計算A'!C49=1,COUNTIFS('計算A'!$C$10:$C$54,1,'計算A'!$IM$10:$IM$54,"<"&'計算A'!IM49)+1,"") | L44: =IF('計算A'!IO49=0,"",INDEX('設定'!$E$11:$E$20,INDEX('計算A'!$D$2:$II$2,'計算A'!IO49))) | M44: =IF('計算A'!IO49=0,"",INDEX('設定'!$I$11:$I$34,INDEX('計算A'!$D$3:$II$3,'計算A'!IO49))) | N44: =IF(G44="","",IF(COUNTIF('調整・決定'!$C$6:$L$29,G44)>1,"2か所以上に入っています",IF('計算A'!IO49>0,IF(INDEX('計算A'!$D$4:$II$4,'計算A'!IO49)=0,"使えない枠に入っています",IF(INDEX('計算A'!$D$49:$II$49,'計算A'!IO49)=1,"×の枠に入っています",IF(AND(F44<>"",INDEX('計算A'!$D$106:$II$106,'計算A'!IO49)=1,INDEX('計算A'!$D$109:$II$109,'計算A'!IO49+1)=1),IF(F44="必ず空けたい","後ろの枠が空いていません","（出来れば）後ろが空いていません"),""))),IF(OR(H44="入力済み",H44="×なし"),"未決定","")))) | O44: =IF('計算A'!IK49=0,IF('計算A'!IL49=1,"入る枠がありません",""),INDEX('計算A'!$D$8:$II$8,'計算A'!IK49)) | P44: =HYPERLINK("#'×入力'!B1097","×入力へ")
G45: =IF(B45="","",IF(A45="","",A45&" ")&B45) | H45: =IF(B45="","",IF('×入力'!F1125="未提出","未提出",IF(I45>0,"入力済み",IF('×入力'!F1125="×なし（どこでもOK）","×なし","未入力")))) | I45: =IF(B45="","",'計算A'!IN50) | J45: =IF(OR(H45="入力済み",H45="×なし"),'計算A'!IM50,"") | K45: =IF('計算A'!C50=1,COUNTIFS('計算A'!$C$10:$C$54,1,'計算A'!$IM$10:$IM$54,"<"&'計算A'!IM50)+1,"") | L45: =IF('計算A'!IO50=0,"",INDEX('設定'!$E$11:$E$20,INDEX('計算A'!$D$2:$II$2,'計算A'!IO50))) | M45: =IF('計算A'!IO50=0,"",INDEX('設定'!$I$11:$I$34,INDEX('計算A'!$D$3:$II$3,'計算A'!IO50))) | N45: =IF(G45="","",IF(COUNTIF('調整・決定'!$C$6:$L$29,G45)>1,"2か所以上に入っています",IF('計算A'!IO50>0,IF(INDEX('計算A'!$D$4:$II$4,'計算A'!IO50)=0,"使えない枠に入っています",IF(INDEX('計算A'!$D$50:$II$50,'計算A'!IO50)=1,"×の枠に入っています",IF(AND(F45<>"",INDEX('計算A'!$D$106:$II$106,'計算A'!IO50)=1,INDEX('計算A'!$D$109:$II$109,'計算A'!IO50+1)=1),IF(F45="必ず空けたい","後ろの枠が空いていません","（出来れば）後ろが空いていません"),""))),IF(OR(H45="入力済み",H45="×なし"),"未決定","")))) | O45: =IF('計算A'!IK50=0,IF('計算A'!IL50=1,"入る枠がありません",""),INDEX('計算A'!$D$8:$II$8,'計算A'!IK50)) | P45: =HYPERLINK("#'×入力'!B1125","×入力へ")
G46: =IF(B46="","",IF(A46="","",A46&" ")&B46) | H46: =IF(B46="","",IF('×入力'!F1153="未提出","未提出",IF(I46>0,"入力済み",IF('×入力'!F1153="×なし（どこでもOK）","×なし","未入力")))) | I46: =IF(B46="","",'計算A'!IN51) | J46: =IF(OR(H46="入力済み",H46="×なし"),'計算A'!IM51,"") | K46: =IF('計算A'!C51=1,COUNTIFS('計算A'!$C$10:$C$54,1,'計算A'!$IM$10:$IM$54,"<"&'計算A'!IM51)+1,"") | L46: =IF('計算A'!IO51=0,"",INDEX('設定'!$E$11:$E$20,INDEX('計算A'!$D$2:$II$2,'計算A'!IO51))) | M46: =IF('計算A'!IO51=0,"",INDEX('設定'!$I$11:$I$34,INDEX('計算A'!$D$3:$II$3,'計算A'!IO51))) | N46: =IF(G46="","",IF(COUNTIF('調整・決定'!$C$6:$L$29,G46)>1,"2か所以上に入っています",IF('計算A'!IO51>0,IF(INDEX('計算A'!$D$4:$II$4,'計算A'!IO51)=0,"使えない枠に入っています",IF(INDEX('計算A'!$D$51:$II$51,'計算A'!IO51)=1,"×の枠に入っています",IF(AND(F46<>"",INDEX('計算A'!$D$106:$II$106,'計算A'!IO51)=1,INDEX('計算A'!$D$109:$II$109,'計算A'!IO51+1)=1),IF(F46="必ず空けたい","後ろの枠が空いていません","（出来れば）後ろが空いていません"),""))),IF(OR(H46="入力済み",H46="×なし"),"未決定","")))) | O46: =IF('計算A'!IK51=0,IF('計算A'!IL51=1,"入る枠がありません",""),INDEX('計算A'!$D$8:$II$8,'計算A'!IK51)) | P46: =HYPERLINK("#'×入力'!B1153","×入力へ")
G47: =IF(B47="","",IF(A47="","",A47&" ")&B47) | H47: =IF(B47="","",IF('×入力'!F1181="未提出","未提出",IF(I47>0,"入力済み",IF('×入力'!F1181="×なし（どこでもOK）","×なし","未入力")))) | I47: =IF(B47="","",'計算A'!IN52) | J47: =IF(OR(H47="入力済み",H47="×なし"),'計算A'!IM52,"") | K47: =IF('計算A'!C52=1,COUNTIFS('計算A'!$C$10:$C$54,1,'計算A'!$IM$10:$IM$54,"<"&'計算A'!IM52)+1,"") | L47: =IF('計算A'!IO52=0,"",INDEX('設定'!$E$11:$E$20,INDEX('計算A'!$D$2:$II$2,'計算A'!IO52))) | M47: =IF('計算A'!IO52=0,"",INDEX('設定'!$I$11:$I$34,INDEX('計算A'!$D$3:$II$3,'計算A'!IO52))) | N47: =IF(G47="","",IF(COUNTIF('調整・決定'!$C$6:$L$29,G47)>1,"2か所以上に入っています",IF('計算A'!IO52>0,IF(INDEX('計算A'!$D$4:$II$4,'計算A'!IO52)=0,"使えない枠に入っています",IF(INDEX('計算A'!$D$52:$II$52,'計算A'!IO52)=1,"×の枠に入っています",IF(AND(F47<>"",INDEX('計算A'!$D$106:$II$106,'計算A'!IO52)=1,INDEX('計算A'!$D$109:$II$109,'計算A'!IO52+1)=1),IF(F47="必ず空けたい","後ろの枠が空いていません","（出来れば）後ろが空いていません"),""))),IF(OR(H47="入力済み",H47="×なし"),"未決定","")))) | O47: =IF('計算A'!IK52=0,IF('計算A'!IL52=1,"入る枠がありません",""),INDEX('計算A'!$D$8:$II$8,'計算A'!IK52)) | P47: =HYPERLINK("#'×入力'!B1181","×入力へ")
G48: =IF(B48="","",IF(A48="","",A48&" ")&B48) | H48: =IF(B48="","",IF('×入力'!F1209="未提出","未提出",IF(I48>0,"入力済み",IF('×入力'!F1209="×なし（どこでもOK）","×なし","未入力")))) | I48: =IF(B48="","",'計算A'!IN53) | J48: =IF(OR(H48="入力済み",H48="×なし"),'計算A'!IM53,"") | K48: =IF('計算A'!C53=1,COUNTIFS('計算A'!$C$10:$C$54,1,'計算A'!$IM$10:$IM$54,"<"&'計算A'!IM53)+1,"") | L48: =IF('計算A'!IO53=0,"",INDEX('設定'!$E$11:$E$20,INDEX('計算A'!$D$2:$II$2,'計算A'!IO53))) | M48: =IF('計算A'!IO53=0,"",INDEX('設定'!$I$11:$I$34,INDEX('計算A'!$D$3:$II$3,'計算A'!IO53))) | N48: =IF(G48="","",IF(COUNTIF('調整・決定'!$C$6:$L$29,G48)>1,"2か所以上に入っています",IF('計算A'!IO53>0,IF(INDEX('計算A'!$D$4:$II$4,'計算A'!IO53)=0,"使えない枠に入っています",IF(INDEX('計算A'!$D$53:$II$53,'計算A'!IO53)=1,"×の枠に入っています",IF(AND(F48<>"",INDEX('計算A'!$D$106:$II$106,'計算A'!IO53)=1,INDEX('計算A'!$D$109:$II$109,'計算A'!IO53+1)=1),IF(F48="必ず空けたい","後ろの枠が空いていません","（出来れば）後ろが空いていません"),""))),IF(OR(H48="入力済み",H48="×なし"),"未決定","")))) | O48: =IF('計算A'!IK53=0,IF('計算A'!IL53=1,"入る枠がありません",""),INDEX('計算A'!$D$8:$II$8,'計算A'!IK53)) | P48: =HYPERLINK("#'×入力'!B1209","×入力へ")
G49: =IF(B49="","",IF(A49="","",A49&" ")&B49) | H49: =IF(B49="","",IF('×入力'!F1237="未提出","未提出",IF(I49>0,"入力済み",IF('×入力'!F1237="×なし（どこでもOK）","×なし","未入力")))) | I49: =IF(B49="","",'計算A'!IN54) | J49: =IF(OR(H49="入力済み",H49="×なし"),'計算A'!IM54,"") | K49: =IF('計算A'!C54=1,COUNTIFS('計算A'!$C$10:$C$54,1,'計算A'!$IM$10:$IM$54,"<"&'計算A'!IM54)+1,"") | L49: =IF('計算A'!IO54=0,"",INDEX('設定'!$E$11:$E$20,INDEX('計算A'!$D$2:$II$2,'計算A'!IO54))) | M49: =IF('計算A'!IO54=0,"",INDEX('設定'!$I$11:$I$34,INDEX('計算A'!$D$3:$II$3,'計算A'!IO54))) | N49: =IF(G49="","",IF(COUNTIF('調整・決定'!$C$6:$L$29,G49)>1,"2か所以上に入っています",IF('計算A'!IO54>0,IF(INDEX('計算A'!$D$4:$II$4,'計算A'!IO54)=0,"使えない枠に入っています",IF(INDEX('計算A'!$D$54:$II$54,'計算A'!IO54)=1,"×の枠に入っています",IF(AND(F49<>"",INDEX('計算A'!$D$106:$II$106,'計算A'!IO54)=1,INDEX('計算A'!$D$109:$II$109,'計算A'!IO54+1)=1),IF(F49="必ず空けたい","後ろの枠が空いていません","（出来れば）後ろが空いていません"),""))),IF(OR(H49="入力済み",H49="×なし"),"未決定","")))) | O49: =IF('計算A'!IK54=0,IF('計算A'!IL54=1,"入る枠がありません",""),INDEX('計算A'!$D$8:$II$8,'計算A'!IK54)) | P49: =HYPERLINK("#'×入力'!B1237","×入力へ")

Sheet ×入力
B1: ×入力 | F1: =HYPERLINK("#'ホーム'!A1","ホーム") | G1: =HYPERLINK("#'設定'!A1","① 設定") | H1: =HYPERLINK("#'名簿'!A1","② 名簿") | I1: =HYPERLINK("#'×入力'!A1","③ ×入力") | J1: =HYPERLINK("#'自動案'!A1","④ 自動案") | K1: =HYPERLINK("#'調整・決定'!A1","⑤ 調整・決定")
B2: 都合の悪い枠に「×」。日付の上の欄で「×」→その日全部、時刻の左の欄で「×」→その時間全部が×になります。消すときは Delete。
B3: ×が1つもない家庭は「提出状況」で「×なし（どこでもOK）」、出していない家庭は「未提出」を選びます。右上の「次の人へ ▼」で次の児童に移れます。
B5: =IF('名簿'!B5="","（名簿 1行目：なし）",'名簿'!G5) | E5: 提出状況 ▶ | H5: 状況： | I5: ='名簿'!H5 | J5: ×の数： | K5: ='名簿'!I5 | L5: =HYPERLINK("#'×入力'!B33","次の人へ ▼")
A6: この日全部 ▶
A7: この時間 全部 ▼ | C7: ='設定'!$E$11 | D7: ='設定'!$E$12 | E7: ='設定'!$E$13 | F7: ='設定'!$E$14 | G7: ='設定'!$E$15 | H7: ='設定'!$E$16 | I7: ='設定'!$E$17 | J7: ='設定'!$E$18 | K7: ='設定'!$E$19 | L7: ='設定'!$E$20
B8: ='設定'!$I$11
B9: ='設定'!$I$12
B10: ='設定'!$I$13
B11: ='設定'!$I$14
B12: ='設定'!$I$15
B13: ='設定'!$I$16
B14: ='設定'!$I$17
B15: ='設定'!$I$18
B16: ='設定'!$I$19
B17: ='設定'!$I$20
B18: ='設定'!$I$21
B19: ='設定'!$I$22
B20: ='設定'!$I$23
B21: ='設定'!$I$24
B22: ='設定'!$I$25
B23: ='設定'!$I$26
B24: ='設定'!$I$27
B25: ='設定'!$I$28
B26: ='設定'!$I$29
B27: ='設定'!$I$30
B28: ='設定'!$I$31
B29: ='設定'!$I$32
B30: ='設定'!$I$33
B31: ='設定'!$I$34
B33: =IF('名簿'!B6="","（名簿 2行目：なし）",'名簿'!G6) | E33: 提出状況 ▶ | H33: 状況： | I33: ='名簿'!H6 | J33: ×の数： | K33: ='名簿'!I6 | L33: =HYPERLINK("#'×入力'!B61","次の人へ ▼")
A34: この日全部 ▶
A35: この時間 全部 ▼ | C35: ='設定'!$E$11 | D35: ='設定'!$E$12 | E35: ='設定'!$E$13 | F35: ='設定'!$E$14 | G35: ='設定'!$E$15 | H35: ='設定'!$E$16 | I35: ='設定'!$E$17 | J35: ='設定'!$E$18 | K35: ='設定'!$E$19 | L35: ='設定'!$E$20
B36: ='設定'!$I$11
B37: ='設定'!$I$12
B38: ='設定'!$I$13
B39: ='設定'!$I$14
B40: ='設定'!$I$15
B41: ='設定'!$I$16
B42: ='設定'!$I$17
B43: ='設定'!$I$18
B44: ='設定'!$I$19
B45: ='設定'!$I$20
B46: ='設定'!$I$21
B47: ='設定'!$I$22
B48: ='設定'!$I$23
B49: ='設定'!$I$24
B50: ='設定'!$I$25
B51: ='設定'!$I$26
B52: ='設定'!$I$27
B53: ='設定'!$I$28
B54: ='設定'!$I$29
B55: ='設定'!$I$30
B56: ='設定'!$I$31
B57: ='設定'!$I$32
B58: ='設定'!$I$33
B59: ='設定'!$I$34
B61: =IF('名簿'!B7="","（名簿 3行目：なし）",'名簿'!G7) | E61: 提出状況 ▶ | H61: 状況： | I61: ='名簿'!H7 | J61: ×の数： | K61: ='名簿'!I7 | L61: =HYPERLINK("#'×入力'!B89","次の人へ ▼")
A62: この日全部 ▶
A63: この時間 全部 ▼ | C63: ='設定'!$E$11 | D63: ='設定'!$E$12 | E63: ='設定'!$E$13 | F63: ='設定'!$E$14 | G63: ='設定'!$E$15 | H63: ='設定'!$E$16 | I63: ='設定'!$E$17 | J63: ='設定'!$E$18 | K63: ='設定'!$E$19 | L63: ='設定'!$E$20
B64: ='設定'!$I$11
B65: ='設定'!$I$12
B66: ='設定'!$I$13
B67: ='設定'!$I$14
B68: ='設定'!$I$15
B69: ='設定'!$I$16
B70: ='設定'!$I$17
B71: ='設定'!$I$18
B72: ='設定'!$I$19
B73: ='設定'!$I$20
B74: ='設定'!$I$21
B75: ='設定'!$I$22
B76: ='設定'!$I$23
B77: ='設定'!$I$24
B78: ='設定'!$I$25
B79: ='設定'!$I$26
B80: ='設定'!$I$27
B81: ='設定'!$I$28
B82: ='設定'!$I$29
B83: ='設定'!$I$30
B84: ='設定'!$I$31
B85: ='設定'!$I$32
B86: ='設定'!$I$33
B87: ='設定'!$I$34
B89: =IF('名簿'!B8="","（名簿 4行目：なし）",'名簿'!G8) | E89: 提出状況 ▶ | H89: 状況： | I89: ='名簿'!H8 | J89: ×の数： | K89: ='名簿'!I8 | L89: =HYPERLINK("#'×入力'!B117","次の人へ ▼")
A90: この日全部 ▶
A91: この時間 全部 ▼ | C91: ='設定'!$E$11 | D91: ='設定'!$E$12 | E91: ='設定'!$E$13 | F91: ='設定'!$E$14 | G91: ='設定'!$E$15 | H91: ='設定'!$E$16 | I91: ='設定'!$E$17 | J91: ='設定'!$E$18 | K91: ='設定'!$E$19 | L91: ='設定'!$E$20
B92: ='設定'!$I$11
B93: ='設定'!$I$12
B94: ='設定'!$I$13
B95: ='設定'!$I$14
B96: ='設定'!$I$15
B97: ='設定'!$I$16
B98: ='設定'!$I$17
B99: ='設定'!$I$18
B100: ='設定'!$I$19
B101: ='設定'!$I$20
B102: ='設定'!$I$21
B103: ='設定'!$I$22
B104: ='設定'!$I$23
...

Sheet 自動案
B1: 自動案 | F1: =HYPERLINK("#'ホーム'!A1","ホーム") | G1: =HYPERLINK("#'設定'!A1","① 設定") | H1: =HYPERLINK("#'名簿'!A1","② 名簿") | I1: =HYPERLINK("#'×入力'!A1","③ ×入力") | J1: =HYPERLINK("#'自動案'!A1","④ 自動案") | K1: =HYPERLINK("#'調整・決定'!A1","⑤ 調整・決定")
B2: 入れられる枠が少ない家庭から順に、自動で組んだ案です。緑が新しく入った人。よければ表をコピーし（名前ボックスで「自動案の表」を選ぶと全体を選べます）、「調整・決定」の表の左上に［値の貼り付け］をします。
C3: 新しく入った人 | D3: 後ろを空ける枠 | E3: なるべく空ける日・休憩 | F3: 先生の都合で使えない
C5: ='設定'!$E$11 | D5: ='設定'!$E$12 | E5: ='設定'!$E$13 | F5: ='設定'!$E$14 | G5: ='設定'!$E$15 | H5: ='設定'!$E$16 | I5: ='設定'!$E$17 | J5: ='設定'!$E$18 | K5: ='設定'!$E$19 | L5: ='設定'!$E$20 | N5: 決定済み（調整・決定シート） | O5: =SUMPRODUCT(('調整・決定'!$C$6:$L$29<>"")*1)&" 人"
B6: ='設定'!$I$11 | C6: =IF('計算A'!D$4=0,"",IF('調整・決定'!C6<>"",'調整・決定'!C6,IFERROR(INDEX('名簿'!$G$5:$G$49,INDEX('計算B'!$B$3:$B$47,MATCH(1,'計算B'!$C$3:$C$47,0))),""))) | D6: =IF('計算A'!AB$4=0,"",IF('調整・決定'!D6<>"",'調整・決定'!D6,IFERROR(INDEX('名簿'!$G$5:$G$49,INDEX('計算B'!$B$3:$B$47,MATCH(25,'計算B'!$C$3:$C$47,0))),""))) | E6: =IF('計算A'!AZ$4=0,"",IF('調整・決定'!E6<>"",'調整・決定'!E6,IFERROR(INDEX('名簿'!$G$5:$G$49,INDEX('計算B'!$B$3:$B$47,MATCH(49,'計算B'!$C$3:$C$47,0))),""))) | F6: =IF('計算A'!BX$4=0,"",IF('調整・決定'!F6<>"",'調整・決定'!F6,IFERROR(INDEX('名簿'!$G$5:$G$49,INDEX('計算B'!$B$3:$B$47,MATCH(73,'計算B'!$C$3:$C$47,0))),""))) | G6: =IF('計算A'!CV$4=0,"",IF('調整・決定'!G6<>"",'調整・決定'!G6,IFERROR(INDEX('名簿'!$G$5:$G$49,INDEX('計算B'!$B$3:$B$47,MATCH(97,'計算B'!$C$3:$C$47,0))),""))) | H6: =IF('計算A'!DT$4=0,"",IF('調整・決定'!H6<>"",'調整・決定'!H6,IFERROR(INDEX('名簿'!$G$5:$G$49,INDEX('計算B'!$B$3:$B$47,MATCH(121,'計算B'!$C$3:$C$47,0))),""))) | I6: =IF('計算A'!ER$4=0,"",IF('調整・決定'!I6<>"",'調整・決定'!I6,IFERROR(INDEX('名簿'!$G$5:$G$49,INDEX('計算B'!$B$3:$B$47,MATCH(145,'計算B'!$C$3:$C$47,0))),""))) | J6: =IF('計算A'!FP$4=0,"",IF('調整・決定'!J6<>"",'調整・決定'!J6,IFERROR(INDEX('名簿'!$G$5:$G$49,INDEX('計算B'!$B$3:$B$47,MATCH(169,'計算B'!$C$3:$C$47,0))),""))) | K6: =IF('計算A'!GN$4=0,"",IF('調整・決定'!K6<>"",'調整・決定'!K6,IFERROR(INDEX('名簿'!$G$5:$G$49,INDEX('計算B'!$B$3:$B$47,MATCH(193,'計算B'!$C$3:$C$47,0))),""))) | L6: =IF('計算A'!HL$4=0,"",IF('調整・決定'!L6<>"",'調整・決定'!L6,IFERROR(INDEX('名簿'!$G$5:$G$49,INDEX('計算B'!$B$3:$B$47,MATCH(217,'計算B'!$C$3:$C$47,0))),""))) | N6: 自動で新しく入った | O6: =SUMPRODUCT(('計算B'!$B$3:$B$47>0)*('計算B'!$C$3:$C$47>0))&" 人"
B7: ='設定'!$I$12 | C7: =IF('計算A'!E$4=0,"",IF('調整・決定'!C7<>"",'調整・決定'!C7,IFERROR(INDEX('名簿'!$G$5:$G$49,INDEX('計算B'!$B$3:$B$47,MATCH(2,'計算B'!$C$3:$C$47,0))),""))) | D7: =IF('計算A'!AC$4=0,"",IF('調整・決定'!D7<>"",'調整・決定'!D7,IFERROR(INDEX('名簿'!$G$5:$G$49,INDEX('計算B'!$B$3:$B$47,MATCH(26,'計算B'!$C$3:$C$47,0))),""))) | E7: =IF('計算A'!BA$4=0,"",IF('調整・決定'!E7<>"",'調整・決定'!E7,IFERROR(INDEX('名簿'!$G$5:$G$49,INDEX('計算B'!$B$3:$B$47,MATCH(50,'計算B'!$C$3:$C$47,0))),""))) | F7: =IF('計算A'!BY$4=0,"",IF('調整・決定'!F7<>"",'調整・決定'!F7,IFERROR(INDEX('名簿'!$G$5:$G$49,INDEX('計算B'!$B$3:$B$47,MATCH(74,'計算B'!$C$3:$C$47,0))),""))) | G7: =IF('計算A'!CW$4=0,"",IF('調整・決定'!G7<>"",'調整・決定'!G7,IFERROR(INDEX('名簿'!$G$5:$G$49,INDEX('計算B'!$B$3:$B$47,MATCH(98,'計算B'!$C$3:$C$47,0))),""))) | H7: =IF('計算A'!DU$4=0,"",IF('調整・決定'!H7<>"",'調整・決定'!H7,IFERROR(INDEX('名簿'!$G$5:$G$49,INDEX('計算B'!$B$3:$B$47,MATCH(122,'計算B'!$C$3:$C$47,0))),""))) | I7: =IF('計算A'!ES$4=0,"",IF('調整・決定'!I7<>"",'調整・決定'!I7,IFERROR(INDEX('名簿'!$G$5:$G$49,INDEX('計算B'!$B$3:$B$47,MATCH(146,'計算B'!$C$3:$C$47,0))),""))) | J7: =IF('計算A'!FQ$4=0,"",IF('調整・決定'!J7<>"",'調整・決定'!J7,IFERROR(INDEX('名簿'!$G$5:$G$49,INDEX('計算B'!$B$3:$B$47,MATCH(170,'計算B'!$C$3:$C$47,0))),""))) | K7: =IF('計算A'!GO$4=0,"",IF('調整・決定'!K7<>"",'調整・決定'!K7,IFERROR(INDEX('名簿'!$G$5:$G$49,INDEX('計算B'!$B$3:$B$47,MATCH(194,'計算B'!$C$3:$C$47,0))),""))) | L7: =IF('計算A'!HM$4=0,"",IF('調整・決定'!L7<>"",'調整・決定'!L7,IFERROR(INDEX('名簿'!$G$5:$G$49,INDEX('計算B'!$B$3:$B$47,MATCH(218,'計算B'!$C$3:$C$47,0))),"")))
B8: ='設定'!$I$13 | C8: =IF('計算A'!F$4=0,"",IF('調整・決定'!C8<>"",'調整・決定'!C8,IFERROR(INDEX('名簿'!$G$5:$G$49,INDEX('計算B'!$B$3:$B$47,MATCH(3,'計算B'!$C$3:$C$47,0))),""))) | D8: =IF('計算A'!AD$4=0,"",IF('調整・決定'!D8<>"",'調整・決定'!D8,IFERROR(INDEX('名簿'!$G$5:$G$49,INDEX('計算B'!$B$3:$B$47,MATCH(27,'計算B'!$C$3:$C$47,0))),""))) | E8: =IF('計算A'!BB$4=0,"",IF('調整・決定'!E8<>"",'調整・決定'!E8,IFERROR(INDEX('名簿'!$G$5:$G$49,INDEX('計算B'!$B$3:$B$47,MATCH(51,'計算B'!$C$3:$C$47,0))),""))) | F8: =IF('計算A'!BZ$4=0,"",IF('調整・決定'!F8<>"",'調整・決定'!F8,IFERROR(INDEX('名簿'!$G$5:$G$49,INDEX('計算B'!$B$3:$B$47,MATCH(75,'計算B'!$C$3:$C$47,0))),""))) | G8: =IF('計算A'!CX$4=0,"",IF('調整・決定'!G8<>"",'調整・決定'!G8,IFERROR(INDEX('名簿'!$G$5:$G$49,INDEX('計算B'!$B$3:$B$47,MATCH(99,'計算B'!$C$3:$C$47,0))),""))) | H8: =IF('計算A'!DV$4=0,"",IF('調整・決定'!H8<>"",'調整・決定'!H8,IFERROR(INDEX('名簿'!$G$5:$G$49,INDEX('計算B'!$B$3:$B$47,MATCH(123,'計算B'!$C$3:$C$47,0))),""))) | I8: =IF('計算A'!ET$4=0,"",IF('調整・決定'!I8<>"",'調整・決定'!I8,IFERROR(INDEX('名簿'!$G$5:$G$49,INDEX('計算B'!$B$3:$B$47,MATCH(147,'計算B'!$C$3:$C$47,0))),""))) | J8: =IF('計算A'!FR$4=0,"",IF('調整・決定'!J8<>"",'調整・決定'!J8,IFERROR(INDEX('名簿'!$G$5:$G$49,INDEX('計算B'!$B$3:$B$47,MATCH(171,'計算B'!$C$3:$C$47,0))),""))) | K8: =IF('計算A'!GP$4=0,"",IF('調整・決定'!K8<>"",'調整・決定'!K8,IFERROR(INDEX('名簿'!$G$5:$G$49,INDEX('計算B'!$B$3:$B$47,MATCH(195,'計算B'!$C$3:$C$47,0))),""))) | L8: =IF('計算A'!HN$4=0,"",IF('調整・決定'!L8<>"",'調整・決定'!L8,IFERROR(INDEX('名簿'!$G$5:$G$49,INDEX('計算B'!$B$3:$B$47,MATCH(219,'計算B'!$C$3:$C$47,0))),""))) | N8: 入る枠がない（×・必ず空けたい） | O8: {=_xlfn.TEXTJOIN("、",TRUE,IF('計算A'!$IL$10:$IL$54=1,'計算A'!$B$10:$B$54,""))}
B9: ='設定'!$I$14 | C9: =IF('計算A'!G$4=0,"",IF('調整・決定'!C9<>"",'調整・決定'!C9,IFERROR(INDEX('名簿'!$G$5:$G$49,INDEX('計算B'!$B$3:$B$47,MATCH(4,'計算B'!$C$3:$C$47,0))),""))) | D9: =IF('計算A'!AE$4=0,"",IF('調整・決定'!D9<>"",'調整・決定'!D9,IFERROR(INDEX('名簿'!$G$5:$G$49,INDEX('計算B'!$B$3:$B$47,MATCH(28,'計算B'!$C$3:$C$47,0))),""))) | E9: =IF('計算A'!BC$4=0,"",IF('調整・決定'!E9<>"",'調整・決定'!E9,IFERROR(INDEX('名簿'!$G$5:$G$49,INDEX('計算B'!$B$3:$B$47,MATCH(52,'計算B'!$C$3:$C$47,0))),""))) | F9: =IF('計算A'!CA$4=0,"",IF('調整・決定'!F9<>"",'調整・決定'!F9,IFERROR(INDEX('名簿'!$G$5:$G$49,INDEX('計算B'!$B$3:$B$47,MATCH(76,'計算B'!$C$3:$C$47,0))),""))) | G9: =IF('計算A'!CY$4=0,"",IF('調整・決定'!G9<>"",'調整・決定'!G9,IFERROR(INDEX('名簿'!$G$5:$G$49,INDEX('計算B'!$B$3:$B$47,MATCH(100,'計算B'!$C$3:$C$47,0))),""))) | H9: =IF('計算A'!DW$4=0,"",IF('調整・決定'!H9<>"",'調整・決定'!H9,IFERROR(INDEX('名簿'!$G$5:$G$49,INDEX('計算B'!$B$3:$B$47,MATCH(124,'計算B'!$C$3:$C$47,0))),""))) | I9: =IF('計算A'!EU$4=0,"",IF('調整・決定'!I9<>"",'調整・決定'!I9,IFERROR(INDEX('名簿'!$G$5:$G$49,INDEX('計算B'!$B$3:$B$47,MATCH(148,'計算B'!$C$3:$C$47,0))),""))) | J9: =IF('計算A'!FS$4=0,"",IF('調整・決定'!J9<>"",'調整・決定'!J9,IFERROR(INDEX('名簿'!$G$5:$G$49,INDEX('計算B'!$B$3:$B$47,MATCH(172,'計算B'!$C$3:$C$47,0))),""))) | K9: =IF('計算A'!GQ$4=0,"",IF('調整・決定'!K9<>"",'調整・決定'!K9,IFERROR(INDEX('名簿'!$G$5:$G$49,INDEX('計算B'!$B$3:$B$47,MATCH(196,'計算B'!$C$3:$C$47,0))),""))) | L9: =IF('計算A'!HO$4=0,"",IF('調整・決定'!L9<>"",'調整・決定'!L9,IFERROR(INDEX('名簿'!$G$5:$G$49,INDEX('計算B'!$B$3:$B$47,MATCH(220,'計算B'!$C$3:$C$47,0))),"")))
B10: ='設定'!$I$15 | C10: =IF('計算A'!H$4=0,"",IF('調整・決定'!C10<>"",'調整・決定'!C10,IFERROR(INDEX('名簿'!$G$5:$G$49,INDEX('計算B'!$B$3:$B$47,MATCH(5,'計算B'!$C$3:$C$47,0))),""))) | D10: =IF('計算A'!AF$4=0,"",IF('調整・決定'!D10<>"",'調整・決定'!D10,IFERROR(INDEX('名簿'!$G$5:$G$49,INDEX('計算B'!$B$3:$B$47,MATCH(29,'計算B'!$C$3:$C$47,0))),""))) | E10: =IF('計算A'!BD$4=0,"",IF('調整・決定'!E10<>"",'調整・決定'!E10,IFERROR(INDEX('名簿'!$G$5:$G$49,INDEX('計算B'!$B$3:$B$47,MATCH(53,'計算B'!$C$3:$C$47,0))),""))) | F10: =IF('計算A'!CB$4=0,"",IF('調整・決定'!F10<>"",'調整・決定'!F10,IFERROR(INDEX('名簿'!$G$5:$G$49,INDEX('計算B'!$B$3:$B$47,MATCH(77,'計算B'!$C$3:$C$47,0))),""))) | G10: =IF('計算A'!CZ$4=0,"",IF('調整・決定'!G10<>"",'調整・決定'!G10,IFERROR(INDEX('名簿'!$G$5:$G$49,INDEX('計算B'!$B$3:$B$47,MATCH(101,'計算B'!$C$3:$C$47,0))),""))) | H10: =IF('計算A'!DX$4=0,"",IF('調整・決定'!H10<>"",'調整・決定'!H10,IFERROR(INDEX('名簿'!$G$5:$G$49,INDEX('計算B'!$B$3:$B$47,MATCH(125,'計算B'!$C$3:$C$47,0))),""))) | I10: =IF('計算A'!EV$4=0,"",IF('調整・決定'!I10<>"",'調整・決定'!I10,IFERROR(INDEX('名簿'!$G$5:$G$49,INDEX('計算B'!$B$3:$B$47,MATCH(149,'計算B'!$C$3:$C$47,0))),""))) | J10: =IF('計算A'!FT$4=0,"",IF('調整・決定'!J10<>"",'調整・決定'!J10,IFERROR(INDEX('名簿'!$G$5:$G$49,INDEX('計算B'!$B$3:$B$47,MATCH(173,'計算B'!$C$3:$C$47,0))),""))) | K10: =IF('計算A'!GR$4=0,"",IF('調整・決定'!K10<>"",'調整・決定'!K10,IFERROR(INDEX('名簿'!$G$5:$G$49,INDEX('計算B'!$B$3:$B$47,MATCH(197,'計算B'!$C$3:$C$47,0))),""))) | L10: =IF('計算A'!HP$4=0,"",IF('調整・決定'!L10<>"",'調整・決定'!L10,IFERROR(INDEX('名簿'!$G$5:$G$49,INDEX('計算B'!$B$3:$B$47,MATCH(221,'計算B'!$C$3:$C$47,0))),""))) | N10: 未入力・未提出で外した | O10: {=_xlfn.TEXTJOIN("、",TRUE,IF((('名簿'!$H$5:$H$49="未入力")+('名簿'!$H$5:$H$49="未提出"))*('計算A'!$IO$10:$IO$54=0),'名簿'!$G$5:$G$49,""))}
B11: ='設定'!$I$16 | C11: =IF('計算A'!I$4=0,"",IF('調整・決定'!C11<>"",'調整・決定'!C11,IFERROR(INDEX('名簿'!$G$5:$G$49,INDEX('計算B'!$B$3:$B$47,MATCH(6,'計算B'!$C$3:$C$47,0))),""))) | D11: =IF('計算A'!AG$4=0,"",IF('調整・決定'!D11<>"",'調整・決定'!D11,IFERROR(INDEX('名簿'!$G$5:$G$49,INDEX('計算B'!$B$3:$B$47,MATCH(30,'計算B'!$C$3:$C$47,0))),""))) | E11: =IF('計算A'!BE$4=0,"",IF('調整・決定'!E11<>"",'調整・決定'!E11,IFERROR(INDEX('名簿'!$G$5:$G$49,INDEX('計算B'!$B$3:$B$47,MATCH(54,'計算B'!$C$3:$C$47,0))),""))) | F11: =IF('計算A'!CC$4=0,"",IF('調整・決定'!F11<>"",'調整・決定'!F11,IFERROR(INDEX('名簿'!$G$5:$G$49,INDEX('計算B'!$B$3:$B$47,MATCH(78,'計算B'!$C$3:$C$47,0))),""))) | G11: =IF('計算A'!DA$4=0,"",IF('調整・決定'!G11<>"",'調整・決定'!G11,IFERROR(INDEX('名簿'!$G$5:$G$49,INDEX('計算B'!$B$3:$B$47,MATCH(102,'計算B'!$C$3:$C$47,0))),""))) | H11: =IF('計算A'!DY$4=0,"",IF('調整・決定'!H11<>"",'調整・決定'!H11,IFERROR(INDEX('名簿'!$G$5:$G$49,INDEX('計算B'!$B$3:$B$47,MATCH(126,'計算B'!$C$3:$C$47,0))),""))) | I11: =IF('計算A'!EW$4=0,"",IF('調整・決定'!I11<>"",'調整・決定'!I11,IFERROR(INDEX('名簿'!$G$5:$G$49,INDEX('計算B'!$B$3:$B$47,MATCH(150,'計算B'!$C$3:$C$47,0))),""))) | J11: =IF('計算A'!FU$4=0,"",IF('調整・決定'!J11<>"",'調整・決定'!J11,IFERROR(INDEX('名簿'!$G$5:$G$49,INDEX('計算B'!$B$3:$B$47,MATCH(174,'計算B'!$C$3:$C$47,0))),""))) | K11: =IF('計算A'!GS$4=0,"",IF('調整・決定'!K11<>"",'調整・決定'!K11,IFERROR(INDEX('名簿'!$G$5:$G$49,INDEX('計算B'!$B$3:$B$47,MATCH(198,'計算B'!$C$3:$C$47,0))),""))) | L11: =IF('計算A'!HQ$4=0,"",IF('調整・決定'!L11<>"",'調整・決定'!L11,IFERROR(INDEX('名簿'!$G$5:$G$49,INDEX('計算B'!$B$3:$B$47,MATCH(222,'計算B'!$C$3:$C$47,0))),"")))
B12: ='設定'!$I$17 | C12: =IF('計算A'!J$4=0,"",IF('調整・決定'!C12<>"",'調整・決定'!C12,IFERROR(INDEX('名簿'!$G$5:$G$49,INDEX('計算B'!$B$3:$B$47,MATCH(7,'計算B'!$C$3:$C$47,0))),""))) | D12: =IF('計算A'!AH$4=0,"",IF('調整・決定'!D12<>"",'調整・決定'!D12,IFERROR(INDEX('名簿'!$G$5:$G$49,INDEX('計算B'!$B$3:$B$47,MATCH(31,'計算B'!$C$3:$C$47,0))),""))) | E12: =IF('計算A'!BF$4=0,"",IF('調整・決定'!E12<>"",'調整・決定'!E12,IFERROR(INDEX('名簿'!$G$5:$G$49,INDEX('計算B'!$B$3:$B$47,MATCH(55,'計算B'!$C$3:$C$47,0))),""))) | F12: =IF('計算A'!CD$4=0,"",IF('調整・決定'!F12<>"",'調整・決定'!F12,IFERROR(INDEX('名簿'!$G$5:$G$49,INDEX('計算B'!$B$3:$B$47,MATCH(79,'計算B'!$C$3:$C$47,0))),""))) | G12: =IF('計算A'!DB$4=0,"",IF('調整・決定'!G12<>"",'調整・決定'!G12,IFERROR(INDEX('名簿'!$G$5:$G$49,INDEX('計算B'!$B$3:$B$47,MATCH(103,'計算B'!$C$3:$C$47,0))),""))) | H12: =IF('計算A'!DZ$4=0,"",IF('調整・決定'!H12<>"",'調整・決定'!H12,IFERROR(INDEX('名簿'!$G$5:$G$49,INDEX('計算B'!$B$3:$B$47,MATCH(127,'計算B'!$C$3:$C$47,0))),""))) | I12: =IF('計算A'!EX$4=0,"",IF('調整・決定'!I12<>"",'調整・決定'!I12,IFERROR(INDEX('名簿'!$G$5:$G$49,INDEX('計算B'!$B$3:$B$47,MATCH(151,'計算B'!$C$3:$C$47,0))),""))) | J12: =IF('計算A'!FV$4=0,"",IF('調整・決定'!J12<>"",'調整・決定'!J12,IFERROR(INDEX('名簿'!$G$5:$G$49,INDEX('計算B'!$B$3:$B$47,MATCH(175,'計算B'!$C$3:$C$47,0))),""))) | K12: =IF('計算A'!GT$4=0,"",IF('調整・決定'!K12<>"",'調整・決定'!K12,IFERROR(INDEX('名簿'!$G$5:$G$49,INDEX('計算B'!$B$3:$B$47,MATCH(199,'計算B'!$C$3:$C$47,0))),""))) | L12: =IF('計算A'!HR$4=0,"",IF('調整・決定'!L12<>"",'調整・決定'!L12,IFERROR(INDEX('名簿'!$G$5:$G$49,INDEX('計算B'!$B$3:$B$47,MATCH(223,'計算B'!$C$3:$C$47,0))),""))) | N12: なるべく空けたい枠を使った | O12: =SUM('計算B'!$D$3:$D$47)&" 枠"
B13: ='設定'!$I$18 | C13: =IF('計算A'!K$4=0,"",IF('調整・決定'!C13<>"",'調整・決定'!C13,IFERROR(INDEX('名簿'!$G$5:$G$49,INDEX('計算B'!$B$3:$B$47,MATCH(8,'計算B'!$C$3:$C$47,0))),""))) | D13: =IF('計算A'!AI$4=0,"",IF('調整・決定'!D13<>"",'調整・決定'!D13,IFERROR(INDEX('名簿'!$G$5:$G$49,INDEX('計算B'!$B$3:$B$47,MATCH(32,'計算B'!$C$3:$C$47,0))),""))) | E13: =IF('計算A'!BG$4=0,"",IF('調整・決定'!E13<>"",'調整・決定'!E13,IFERROR(INDEX('名簿'!$G$5:$G$49,INDEX('計算B'!$B$3:$B$47,MATCH(56,'計算B'!$C$3:$C$47,0))),""))) | F13: =IF('計算A'!CE$4=0,"",IF('調整・決定'!F13<>"",'調整・決定'!F13,IFERROR(INDEX('名簿'!$G$5:$G$49,INDEX('計算B'!$B$3:$B$47,MATCH(80,'計算B'!$C$3:$C$47,0))),""))) | G13: =IF('計算A'!DC$4=0,"",IF('調整・決定'!G13<>"",'調整・決定'!G13,IFERROR(INDEX('名簿'!$G$5:$G$49,INDEX('計算B'!$B$3:$B$47,MATCH(104,'計算B'!$C$3:$C$47,0))),""))) | H13: =IF('計算A'!EA$4=0,"",IF('調整・決定'!H13<>"",'調整・決定'!H13,IFERROR(INDEX('名簿'!$G$5:$G$49,INDEX('計算B'!$B$3:$B$47,MATCH(128,'計算B'!$C$3:$C$47,0))),""))) | I13: =IF('計算A'!EY$4=0,"",IF('調整・決定'!I13<>"",'調整・決定'!I13,IFERROR(INDEX('名簿'!$G$5:$G$49,INDEX('計算B'!$B$3:$B$47,MATCH(152,'計算B'!$C$3:$C$47,0))),""))) | J13: =IF('計算A'!FW$4=0,"",IF('調整・決定'!J13<>"",'調整・決定'!J13,IFERROR(INDEX('名簿'!$G$5:$G$49,INDEX('計算B'!$B$3:$B$47,MATCH(176,'計算B'!$C$3:$C$47,0))),""))) | K13: =IF('計算A'!GU$4=0,"",IF('調整・決定'!K13<>"",'調整・決定'!K13,IFERROR(INDEX('名簿'!$G$5:$G$49,INDEX('計算B'!$B$3:$B$47,MATCH(200,'計算B'!$C$3:$C$47,0))),""))) | L13: =IF('計算A'!HS$4=0,"",IF('調整・決定'!L13<>"",'調整・決定'!L13,IFERROR(INDEX('名簿'!$G$5:$G$49,INDEX('計算B'!$B$3:$B$47,MATCH(224,'計算B'!$C$3:$C$47,0))),"")))
B14: ='設定'!$I$19 | C14: =IF('計算A'!L$4=0,"",IF('調整・決定'!C14<>"",'調整・決定'!C14,IFERROR(INDEX('名簿'!$G$5:$G$49,INDEX('計算B'!$B$3:$B$47,MATCH(9,'計算B'!$C$3:$C$47,0))),""))) | D14: =IF('計算A'!AJ$4=0,"",IF('調整・決定'!D14<>"",'調整・決定'!D14,IFERROR(INDEX('名簿'!$G$5:$G$49,INDEX('計算B'!$B$3:$B$47,MATCH(33,'計算B'!$C$3:$C$47,0))),""))) | E14: =IF('計算A'!BH$4=0,"",IF('調整・決定'!E14<>"",'調整・決定'!E14,IFERROR(INDEX('名簿'!$G$5:$G$49,INDEX('計算B'!$B$3:$B$47,MATCH(57,'計算B'!$C$3:$C$47,0))),""))) | F14: =IF('計算A'!CF$4=0,"",IF('調整・決定'!F14<>"",'調整・決定'!F14,IFERROR(INDEX('名簿'!$G$5:$G$49,INDEX('計算B'!$B$3:$B$47,MATCH(81,'計算B'!$C$3:$C$47,0))),""))) | G14: =IF('計算A'!DD$4=0,"",IF('調整・決定'!G14<>"",'調整・決定'!G14,IFERROR(INDEX('名簿'!$G$5:$G$49,INDEX('計算B'!$B$3:$B$47,MATCH(105,'計算B'!$C$3:$C$47,0))),""))) | H14: =IF('計算A'!EB$4=0,"",IF('調整・決定'!H14<>"",'調整・決定'!H14,IFERROR(INDEX('名簿'!$G$5:$G$49,INDEX('計算B'!$B$3:$B$47,MATCH(129,'計算B'!$C$3:$C$47,0))),""))) | I14: =IF('計算A'!EZ$4=0,"",IF('調整・決定'!I14<>"",'調整・決定'!I14,IFERROR(INDEX('名簿'!$G$5:$G$49,INDEX('計算B'!$B$3:$B$47,MATCH(153,'計算B'!$C$3:$C$47,0))),""))) | J14: =IF('計算A'!FX$4=0,"",IF('調整・決定'!J14<>"",'調整・決定'!J14,IFERROR(INDEX('名簿'!$G$5:$G$49,INDEX('計算B'!$B$3:$B$47,MATCH(177,'計算B'!$C$3:$C$47,0))),""))) | K14: =IF('計算A'!GV$4=0,"",IF('調整・決定'!K14<>"",'調整・決定'!K14,IFERROR(INDEX('名簿'!$G$5:$G$49,INDEX('計算B'!$B$3:$B$47,MATCH(201,'計算B'!$C$3:$C$47,0))),""))) | L14: =IF('計算A'!HT$4=0,"",IF('調整・決定'!L14<>"",'調整・決定'!L14,IFERROR(INDEX('名簿'!$G$5:$G$49,INDEX('計算B'!$B$3:$B$47,MATCH(225,'計算B'!$C$3:$C$47,0))),"")))
B15: ='設定'!$I$20 | C15: =IF('計算A'!M$4=0,"",IF('調整・決定'!C15<>"",'調整・決定'!C15,IFERROR(INDEX('名簿'!$G$5:$G$49,INDEX('計算B'!$B$3:$B$47,MATCH(10,'計算B'!$C$3:$C$47,0))),""))) | D15: =IF('計算A'!AK$4=0,"",IF('調整・決定'!D15<>"",'調整・決定'!D15,IFERROR(INDEX('名簿'!$G$5:$G$49,INDEX('計算B'!$B$3:$B$47,MATCH(34,'計算B'!$C$3:$C$47,0))),""))) | E15: =IF('計算A'!BI$4=0,"",IF('調整・決定'!E15<>"",'調整・決定'!E15,IFERROR(INDEX('名簿'!$G$5:$G$49,INDEX('計算B'!$B$3:$B$47,MATCH(58,'計算B'!$C$3:$C$47,0))),""))) | F15: =IF('計算A'!CG$4=0,"",IF('調整・決定'!F15<>"",'調整・決定'!F15,IFERROR(INDEX('名簿'!$G$5:$G$49,INDEX('計算B'!$B$3:$B$47,MATCH(82,'計算B'!$C$3:$C$47,0))),""))) | G15: =IF('計算A'!DE$4=0,"",IF('調整・決定'!G15<>"",'調整・決定'!G15,IFERROR(INDEX('名簿'!$G$5:$G$49,INDEX('計算B'!$B$3:$B$47,MATCH(106,'計算B'!$C$3:$C$47,0))),""))) | H15: =IF('計算A'!EC$4=0,"",IF('調整・決定'!H15<>"",'調整・決定'!H15,IFERROR(INDEX('名簿'!$G$5:$G$49,INDEX('計算B'!$B$3:$B$47,MATCH(130,'計算B'!$C$3:$C$47,0))),""))) | I15: =IF('計算A'!FA$4=0,"",IF('調整・決定'!I15<>"",'調整・決定'!I15,IFERROR(INDEX('名簿'!$G$5:$G$49,INDEX('計算B'!$B$3:$B$47,MATCH(154,'計算B'!$C$3:$C$47,0))),""))) | J15: =IF('計算A'!FY$4=0,"",IF('調整・決定'!J15<>"",'調整・決定'!J15,IFERROR(INDEX('名簿'!$G$5:$G$49,INDEX('計算B'!$B$3:$B$47,MATCH(178,'計算B'!$C$3:$C$47,0))),""))) | K15: =IF('計算A'!GW$4=0,"",IF('調整・決定'!K15<>"",'調整・決定'!K15,IFERROR(INDEX('名簿'!$G$5:$G$49,INDEX('計算B'!$B$3:$B$47,MATCH(202,'計算B'!$C$3:$C$47,0))),""))) | L15: =IF('計算A'!HU$4=0,"",IF('調整・決定'!L15<>"",'調整・決定'!L15,IFERROR(INDEX('名簿'!$G$5:$G$49,INDEX('計算B'!$B$3:$B$47,MATCH(226,'計算B'!$C$3:$C$47,0))),"")))
B16: ='設定'!$I$21 | C16: =IF('計算A'!N$4=0,"",IF('調整・決定'!C16<>"",'調整・決定'!C16,IFERROR(INDEX('名簿'!$G$5:$G$49,INDEX('計算B'!$B$3:$B$47,MATCH(11,'計算B'!$C$3:$C$47,0))),""))) | D16: =IF('計算A'!AL$4=0,"",IF('調整・決定'!D16<>"",'調整・決定'!D16,IFERROR(INDEX('名簿'!$G$5:$G$49,INDEX('計算B'!$B$3:$B$47,MATCH(35,'計算B'!$C$3:$C$47,0))),""))) | E16: =IF('計算A'!BJ$4=0,"",IF('調整・決定'!E16<>"",'調整・決定'!E16,IFERROR(INDEX('名簿'!$G$5:$G$49,INDEX('計算B'!$B$3:$B$47,MATCH(59,'計算B'!$C$3:$C$47,0))),""))) | F16: =IF('計算A'!CH$4=0,"",IF('調整・決定'!F16<>"",'調整・決定'!F16,IFERROR(INDEX('名簿'!$G$5:$G$49,INDEX('計算B'!$B$3:$B$47,MATCH(83,'計算B'!$C$3:$C$47,0))),""))) | G16: =IF('計算A'!DF$4=0,"",IF('調整・決定'!G16<>"",'調整・決定'!G16,IFERROR(INDEX('名簿'!$G$5:$G$49,INDEX('計算B'!$B$3:$B$47,MATCH(107,'計算B'!$C$3:$C$47,0))),""))) | H16: =IF('計算A'!ED$4=0,"",IF('調整・決定'!H16<>"",'調整・決定'!H16,IFERROR(INDEX('名簿'!$G$5:$G$49,INDEX('計算B'!$B$3:$B$47,MATCH(131,'計算B'!$C$3:$C$47,0))),""))) | I16: =IF('計算A'!FB$4=0,"",IF('調整・決定'!I16<>"",'調整・決定'!I16,IFERROR(INDEX('名簿'!$G$5:$G$49,INDEX('計算B'!$B$3:$B$47,MATCH(155,'計算B'!$C$3:$C$47,0))),""))) | J16: =IF('計算A'!FZ$4=0,"",IF('調整・決定'!J16<>"",'調整・決定'!J16,IFERROR(INDEX('名簿'!$G$5:$G$49,INDEX('計算B'!$B$3:$B$47,MATCH(179,'計算B'!$C$3:$C$47,0))),""))) | K16: =IF('計算A'!GX$4=0,"",IF('調整・決定'!K16<>"",'調整・決定'!K16,IFERROR(INDEX('名簿'!$G$5:$G$49,INDEX('計算B'!$B$3:$B$47,MATCH(203,'計算B'!$C$3:$C$47,0))),""))) | L16: =IF('計算A'!HV$4=0,"",IF('調整・決定'!L16<>"",'調整・決定'!L16,IFERROR(INDEX('名簿'!$G$5:$G$49,INDEX('計算B'!$B$3:$B$47,MATCH(227,'計算B'!$C$3:$C$47,0))),"")))
B17: ='設定'!$I$22 | C17: =IF('計算A'!O$4=0,"",IF('調整・決定'!C17<>"",'調整・決定'!C17,IFERROR(INDEX('名簿'!$G$5:$G$49,INDEX('計算B'!$B$3:$B$47,MATCH(12,'計算B'!$C$3:$C$47,0))),""))) | D17: =IF('計算A'!AM$4=0,"",IF('調整・決定'!D17<>"",'調整・決定'!D17,IFERROR(INDEX('名簿'!$G$5:$G$49,INDEX('計算B'!$B$3:$B$47,MATCH(36,'計算B'!$C$3:$C$47,0))),""))) | E17: =IF('計算A'!BK$4=0,"",IF('調整・決定'!E17<>"",'調整・決定'!E17,IFERROR(INDEX('名簿'!$G$5:$G$49,INDEX('計算B'!$B$3:$B$47,MATCH(60,'計算B'!$C$3:$C$47,0))),""))) | F17: =IF('計算A'!CI$4=0,"",IF('調整・決定'!F17<>"",'調整・決定'!F17,IFERROR(INDEX('名簿'!$G$5:$G$49,INDEX('計算B'!$B$3:$B$47,MATCH(84,'計算B'!$C$3:$C$47,0))),""))) | G17: =IF('計算A'!DG$4=0,"",IF('調整・決定'!G17<>"",'調整・決定'!G17,IFERROR(INDEX('名簿'!$G$5:$G$49,INDEX('計算B'!$B$3:$B$47,MATCH(108,'計算B'!$C$3:$C$47,0))),""))) | H17: =IF('計算A'!EE$4=0,"",IF('調整・決定'!H17<>"",'調整・決定'!H17,IFERROR(INDEX('名簿'!$G$5:$G$49,INDEX('計算B'!$B$3:$B$47,MATCH(132,'計算B'!$C$3:$C$47,0))),""))) | I17: =IF('計算A'!FC$4=0,"",IF('調整・決定'!I17<>"",'調整・決定'!I17,IFERROR(INDEX('名簿'!$G$5:$G$49,INDEX('計算B'!$B$3:$B$47,MATCH(156,'計算B'!$C$3:$C$47,0))),""))) | J17: =IF('計算A'!GA$4=0,"",IF('調整・決定'!J17<>"",'調整・決定'!J17,IFERROR(INDEX('名簿'!$G$5:$G$49,INDEX('計算B'!$B$3:$B$47,MATCH(180,'計算B'!$C$3:$C$47,0))),""))) | K17: =IF('計算A'!GY$4=0,"",IF('調整・決定'!K17<>"",'調整・決定'!K17,IFERROR(INDEX('名簿'!$G$5:$G$49,INDEX('計算B'!$B$3:$B$47,MATCH(204,'計算B'!$C$3:$C$47,0))),""))) | L17: =IF('計算A'!HW$4=0,"",IF('調整・決定'!L17<>"",'調整・決定'!L17,IFERROR(INDEX('名簿'!$G$5:$G$49,INDEX('計算B'!$B$3:$B$47,MATCH(228,'計算B'!$C$3:$C$47,0))),"")))
B18: ='設定'!$I$23 | C18: =IF('計算A'!P$4=0,"",IF('調整・決定'!C18<>"",'調整・決定'!C18,IFERROR(INDEX('名簿'!$G$5:$G$49,INDEX('計算B'!$B$3:$B$47,MATCH(13,'計算B'!$C$3:$C$47,0))),""))) | D18: =IF('計算A'!AN$4=0,"",IF('調整・決定'!D18<>"",'調整・決定'!D18,IFERROR(INDEX('名簿'!$G$5:$G$49,INDEX('計算B'!$B$3:$B$47,MATCH(37,'計算B'!$C$3:$C$47,0))),""))) | E18: =IF('計算A'!BL$4=0,"",IF('調整・決定'!E18<>"",'調整・決定'!E18,IFERROR(INDEX('名簿'!$G$5:$G$49,INDEX('計算B'!$B$3:$B$47,MATCH(61,'計算B'!$C$3:$C$47,0))),""))) | F18: =IF('計算A'!CJ$4=0,"",IF('調整・決定'!F18<>"",'調整・決定'!F18,IFERROR(INDEX('名簿'!$G$5:$G$49,INDEX('計算B'!$B$3:$B$47,MATCH(85,'計算B'!$C$3:$C$47,0))),""))) | G18: =IF('計算A'!DH$4=0,"",IF('調整・決定'!G18<>"",'調整・決定'!G18,IFERROR(INDEX('名簿'!$G$5:$G$49,INDEX('計算B'!$B$3:$B$47,MATCH(109,'計算B'!$C$3:$C$47,0))),""))) | H18: =IF('計算A'!EF$4=0,"",IF('調整・決定'!H18<>"",'調整・決定'!H18,IFERROR(INDEX('名簿'!$G$5:$G$49,INDEX('計算B'!$B$3:$B$47,MATCH(133,'計算B'!$C$3:$C$47,0))),""))) | I18: =IF('計算A'!FD$4=0,"",IF('調整・決定'!I18<>"",'調整・決定'!I18,IFERROR(INDEX('名簿'!$G$5:$G$49,INDEX('計算B'!$B$3:$B$47,MATCH(157,'計算B'!$C$3:$C$47,0))),""))) | J18: =IF('計算A'!GB$4=0,"",IF('調整・決定'!J18<>"",'調整・決定'!J18,IFERROR(INDEX('名簿'!$G$5:$G$49,INDEX('計算B'!$B$3:$B$47,MATCH(181,'計算B'!$C$3:$C$47,0))),""))) | K18: =IF('計算A'!GZ$4=0,"",IF('調整・決定'!K18<>"",'調整・決定'!K18,IFERROR(INDEX('名簿'!$G$5:$G$49,INDEX('計算B'!$B$3:$B$47,MATCH(205,'計算B'!$C$3:$C$47,0))),""))) | L18: =IF('計算A'!HX$4=0,"",IF('調整・決定'!L18<>"",'調整・決定'!L18,IFERROR(INDEX('名簿'!$G$5:$G$49,INDEX('計算B'!$B$3:$B$47,MATCH(229,'計算B'!$C$3:$C$47,0))),"")))
B19: ='設定'!$I$24 | C19: =IF('計算A'!Q$4=0,"",IF('調整・決定'!C19<>"",'調整・決定'!C19,IFERROR(INDEX('名簿'!$G$5:$G$49,INDEX('計算B'!$B$3:$B$47,MATCH(14,'計算B'!$C$3:$C$47,0))),""))) | D19: =IF('計算A'!AO$4=0,"",IF('調整・決定'!D19<>"",'調整・決定'!D19,IFERROR(INDEX('名簿'!$G$5:$G$49,INDEX('計算B'!$B$3:$B$47,MATCH(38,'計算B'!$C$3:$C$47,0))),""))) | E19: =IF('計算A'!BM$4=0,"",IF('調整・決定'!E19<>"",'調整・決定'!E19,IFERROR(INDEX('名簿'!$G$5:$G$49,INDEX('計算B'!$B$3:$B$47,MATCH(62,'計算B'!$C$3:$C$47,0))),""))) | F19: =IF('計算A'!CK$4=0,"",IF('調整・決定'!F19<>"",'調整・決定'!F19,IFERROR(INDEX('名簿'!$G$5:$G$49,INDEX('計算B'!$B$3:$B$47,MATCH(86,'計算B'!$C$3:$C$47,0))),""))) | G19: =IF('計算A'!DI$4=0,"",IF('調整・決定'!G19<>"",'調整・決定'!G19,IFERROR(INDEX('名簿'!$G$5:$G$49,INDEX('計算B'!$B$3:$B$47,MATCH(110,'計算B'!$C$3:$C$47,0))),""))) | H19: =IF('計算A'!EG$4=0,"",IF('調整・決定'!H19<>"",'調整・決定'!H19,IFERROR(INDEX('名簿'!$G$5:$G$49,INDEX('計算B'!$B$3:$B$47,MATCH(134,'計算B'!$C$3:$C$47,0))),""))) | I19: =IF('計算A'!FE$4=0,"",IF('調整・決定'!I19<>"",'調整・決定'!I19,IFERROR(INDEX('名簿'!$G$5:$G$49,INDEX('計算B'!$B$3:$B$47,MATCH(158,'計算B'!$C$3:$C$47,0))),""))) | J19: =IF('計算A'!GC$4=0,"",IF('調整・決定'!J19<>"",'調整・決定'!J19,IFERROR(INDEX('名簿'!$G$5:$G$49,INDEX('計算B'!$B$3:$B$47,MATCH(182,'計算B'!$C$3:$C$47,0))),""))) | K19: =IF('計算A'!HA$4=0,"",IF('調整・決定'!K19<>"",'調整・決定'!K19,IFERROR(INDEX('名簿'!$G$5:$G$49,INDEX('計算B'!$B$3:$B$47,MATCH(206,'計算B'!$C$3:$C$47,0))),""))) | L19: =IF('計算A'!HY$4=0,"",IF('調整・決定'!L19<>"",'調整・決定'!L19,IFERROR(INDEX('名簿'!$G$5:$G$49,INDEX('計算B'!$B$3:$B$47,MATCH(230,'計算B'!$C$3:$C$47,0))),"")))
B20: ='設定'!$I$25 | C20: =IF('計算A'!R$4=0,"",IF('調整・決定'!C20<>"",'調整・決定'!C20,IFERROR(INDEX('名簿'!$G$5:$G$49,INDEX('計算B'!$B$3:$B$47,MATCH(15,'計算B'!$C$3:$C$47,0))),""))) | D20: =IF('計算A'!AP$4=0,"",IF('調整・決定'!D20<>"",'調整・決定'!D20,IFERROR(INDEX('名簿'!$G$5:$G$49,INDEX('計算B'!$B$3:$B$47,MATCH(39,'計算B'!$C$3:$C$47,0))),""))) | E20: =IF('計算A'!BN$4=0,"",IF('調整・決定'!E20<>"",'調整・決定'!E20,IFERROR(INDEX('名簿'!$G$5:$G$49,INDEX('計算B'!$B$3:$B$47,MATCH(63,'計算B'!$C$3:$C$47,0))),""))) | F20: =IF('計算A'!CL$4=0,"",IF('調整・決定'!F20<>"",'調整・決定'!F20,IFERROR(INDEX('名簿'!$G$5:$G$49,INDEX('計算B'!$B$3:$B$47,MATCH(87,'計算B'!$C$3:$C$47,0))),""))) | G20: =IF('計算A'!DJ$4=0,"",IF('調整・決定'!G20<>"",'調整・決定'!G20,IFERROR(INDEX('名簿'!$G$5:$G$49,INDEX('計算B'!$B$3:$B$47,MATCH(111,'計算B'!$C$3:$C$47,0))),""))) | H20: =IF('計算A'!EH$4=0,"",IF('調整・決定'!H20<>"",'調整・決定'!H20,IFERROR(INDEX('名簿'!$G$5:$G$49,INDEX('計算B'!$B$3:$B$47,MATCH(135,'計算B'!$C$3:$C$47,0))),""))) | I20: =IF('計算A'!FF$4=0,"",IF('調整・決定'!I20<>"",'調整・決定'!I20,IFERROR(INDEX('名簿'!$G$5:$G$49,INDEX('計算B'!$B$3:$B$47,MATCH(159,'計算B'!$C$3:$C$47,0))),""))) | J20: =IF('計算A'!GD$4=0,"",IF('調整・決定'!J20<>"",'調整・決定'!J20,IFERROR(INDEX('名簿'!$G$5:$G$49,INDEX('計算B'!$B$3:$B$47,MATCH(183,'計算B'!$C$3:$C$47,0))),""))) | K20: =IF('計算A'!HB$4=0,"",IF('調整・決定'!K20<>"",'調整・決定'!K20,IFERROR(INDEX('名簿'!$G$5:$G$49,INDEX('計算B'!$B$3:$B$47,MATCH(207,'計算B'!$C$3:$C$47,0))),""))) | L20: =IF('計算A'!HZ$4=0,"",IF('調整・決定'!L20<>"",'調整・決定'!L20,IFERROR(INDEX('名簿'!$G$5:$G$49,INDEX('計算B'!$B$3:$B$47,MATCH(231,'計算B'!$C$3:$C$47,0))),"")))
B21: ='設定'!$I$26 | C21: =IF('計算A'!S$4=0,"",IF('調整・決定'!C21<>"",'調整・決定'!C21,IFERROR(INDEX('名簿'!$G$5:$G$49,INDEX('計算B'!$B$3:$B$47,MATCH(16,'計算B'!$C$3:$C$47,0))),""))) | D21: =IF('計算A'!AQ$4=0,"",IF('調整・決定'!D21<>"",'調整・決定'!D21,IFERROR(INDEX('名簿'!$G$5:$G$49,INDEX('計算B'!$B$3:$B$47,MATCH(40,'計算B'!$C$3:$C$47,0))),""))) | E21: =IF('計算A'!BO$4=0,"",IF('調整・決定'!E21<>"",'調整・決定'!E21,IFERROR(INDEX('名簿'!$G$5:$G$49,INDEX('計算B'!$B$3:$B$47,MATCH(64,'計算B'!$C$3:$C$47,0))),""))) | F21: =IF('計算A'!CM$4=0,"",IF('調整・決定'!F21<>"",'調整・決定'!F21,IFERROR(INDEX('名簿'!$G$5:$G$49,INDEX('計算B'!$B$3:$B$47,MATCH(88,'計算B'!$C$3:$C$47,0))),""))) | G21: =IF('計算A'!DK$4=0,"",IF('調整・決定'!G21<>"",'調整・決定'!G21,IFERROR(INDEX('名簿'!$G$5:$G$49,INDEX('計算B'!$B$3:$B$47,MATCH(112,'計算B'!$C$3:$C$47,0))),""))) | H21: =IF('計算A'!EI$4=0,"",IF('調整・決定'!H21<>"",'調整・決定'!H21,IFERROR(INDEX('名簿'!$G$5:$G$49,INDEX('計算B'!$B$3:$B$47,MATCH(136,'計算B'!$C$3:$C$47,0))),""))) | I21: =IF('計算A'!FG$4=0,"",IF('調整・決定'!I21<>"",'調整・決定'!I21,IFERROR(INDEX('名簿'!$G$5:$G$49,INDEX('計算B'!$B$3:$B$47,MATCH(160,'計算B'!$C$3:$C$47,0))),""))) | J21: =IF('計算A'!GE$4=0,"",IF('調整・決定'!J21<>"",'調整・決定'!J21,IFERROR(INDEX('名簿'!$G$5:$G$49,INDEX('計算B'!$B$3:$B$47,MATCH(184,'計算B'!$C$3:$C$47,0))),""))) | K21: =IF('計算A'!HC$4=0,"",IF('調整・決定'!K21<>"",'調整・決定'!K21,IFERROR(INDEX('名簿'!$G$5:$G$49,INDEX('計算B'!$B$3:$B$47,MATCH(208,'計算B'!$C$3:$C$47,0))),""))) | L21: =IF('計算A'!IA$4=0,"",IF('調整・決定'!L21<>"",'調整・決定'!L21,IFERROR(INDEX('名簿'!$G$5:$G$49,INDEX('計算B'!$B$3:$B$47,MATCH(232,'計算B'!$C$3:$C$47,0))),"")))
B22: ='設定'!$I$27 | C22: =IF('計算A'!T$4=0,"",IF('調整・決定'!C22<>"",'調整・決定'!C22,IFERROR(INDEX('名簿'!$G$5:$G$49,INDEX('計算B'!$B$3:$B$47,MATCH(17,'計算B'!$C$3:$C$47,0))),""))) | D22: =IF('計算A'!AR$4=0,"",IF('調整・決定'!D22<>"",'調整・決定'!D22,IFERROR(INDEX('名簿'!$G$5:$G$49,INDEX('計算B'!$B$3:$B$47,MATCH(41,'計算B'!$C$3:$C$47,0))),""))) | E22: =IF('計算A'!BP$4=0,"",IF('調整・決定'!E22<>"",'調整・決定'!E22,IFERROR(INDEX('名簿'!$G$5:$G$49,INDEX('計算B'!$B$3:$B$47,MATCH(65,'計算B'!$C$3:$C$47,0))),""))) | F22: =IF('計算A'!CN$4=0,"",IF('調整・決定'!F22<>"",'調整・決定'!F22,IFERROR(INDEX('名簿'!$G$5:$G$49,INDEX('計算B'!$B$3:$B$47,MATCH(89,'計算B'!$C$3:$C$47,0))),""))) | G22: =IF('計算A'!DL$4=0,"",IF('調整・決定'!G22<>"",'調整・決定'!G22,IFERROR(INDEX('名簿'!$G$5:$G$49,INDEX('計算B'!$B$3:$B$47,MATCH(113,'計算B'!$C$3:$C$47,0))),""))) | H22: =IF('計算A'!EJ$4=0,"",IF('調整・決定'!H22<>"",'調整・決定'!H22,IFERROR(INDEX('名簿'!$G$5:$G$49,INDEX('計算B'!$B$3:$B$47,MATCH(137,'計算B'!$C$3:$C$47,0))),""))) | I22: =IF('計算A'!FH$4=0,"",IF('調整・決定'!I22<>"",'調整・決定'!I22,IFERROR(INDEX('名簿'!$G$5:$G$49,INDEX('計算B'!$B$3:$B$47,MATCH(161,'計算B'!$C$3:$C$47,0))),""))) | J22: =IF('計算A'!GF$4=0,"",IF('調整・決定'!J22<>"",'調整・決定'!J22,IFERROR(INDEX('名簿'!$G$5:$G$49,INDEX('計算B'!$B$3:$B$47,MATCH(185,'計算B'!$C$3:$C$47,0))),""))) | K22: =IF('計算A'!HD$4=0,"",IF('調整・決定'!K22<>"",'調整・決定'!K22,IFERROR(INDEX('名簿'!$G$5:$G$49,INDEX('計算B'!$B$3:$B$47,MATCH(209,'計算B'!$C$3:$C$47,0))),""))) | L22: =IF('計算A'!IB$4=0,"",IF('調整・決定'!L22<>"",'調整・決定'!L22,IFERROR(INDEX('名簿'!$G$5:$G$49,INDEX('計算B'!$B$3:$B$47,MATCH(233,'計算B'!$C$3:$C$47,0))),"")))
B23: ='設定'!$I$28 | C23: =IF('計算A'!U$4=0,"",IF('調整・決定'!C23<>"",'調整・決定'!C23,IFERROR(INDEX('名簿'!$G$5:$G$49,INDEX('計算B'!$B$3:$B$47,MATCH(18,'計算B'!$C$3:$C$47,0))),""))) | D23: =IF('計算A'!AS$4=0,"",IF('調整・決定'!D23<>"",'調整・決定'!D23,IFERROR(INDEX('名簿'!$G$5:$G$49,INDEX('計算B'!$B$3:$B$47,MATCH(42,'計算B'!$C$3:$C$47,0))),""))) | E23: =IF('計算A'!BQ$4=0,"",IF('調整・決定'!E23<>"",'調整・決定'!E23,IFERROR(INDEX('名簿'!$G$5:$G$49,INDEX('計算B'!$B$3:$B$47,MATCH(66,'計算B'!$C$3:$C$47,0))),""))) | F23: =IF('計算A'!CO$4=0,"",IF('調整・決定'!F23<>"",'調整・決定'!F23,IFERROR(INDEX('名簿'!$G$5:$G$49,INDEX('計算B'!$B$3:$B$47,MATCH(90,'計算B'!$C$3:$C$47,0))),""))) | G23: =IF('計算A'!DM$4=0,"",IF('調整・決定'!G23<>"",'調整・決定'!G23,IFERROR(INDEX('名簿'!$G$5:$G$49,INDEX('計算B'!$B$3:$B$47,MATCH(114,'計算B'!$C$3:$C$47,0))),""))) | H23: =IF('計算A'!EK$4=0,"",IF('調整・決定'!H23<>"",'調整・決定'!H23,IFERROR(INDEX('名簿'!$G$5:$G$49,INDEX('計算B'!$B$3:$B$47,MATCH(138,'計算B'!$C$3:$C$47,0))),""))) | I23: =IF('計算A'!FI$4=0,"",IF('調整・決定'!I23<>"",'調整・決定'!I23,IFERROR(INDEX('名簿'!$G$5:$G$49,INDEX('計算B'!$B$3:$B$47,MATCH(162,'計算B'!$C$3:$C$47,0))),""))) | J23: =IF('計算A'!GG$4=0,"",IF('調整・決定'!J23<>"",'調整・決定'!J23,IFERROR(INDEX('名簿'!$G$5:$G$49,INDEX('計算B'!$B$3:$B$47,MATCH(186,'計算B'!$C$3:$C$47,0))),""))) | K23: =IF('計算A'!HE$4=0,"",IF('調整・決定'!K23<>"",'調整・決定'!K23,IFERROR(INDEX('名簿'!$G$5:$G$49,INDEX('計算B'!$B$3:$B$47,MATCH(210,'計算B'!$C$3:$C$47,0))),""))) | L23: =IF('計算A'!IC$4=0,"",IF('調整・決定'!L23<>"",'調整・決定'!L23,IFERROR(INDEX('名簿'!$G$5:$G$49,INDEX('計算B'!$B$3:$B$47,MATCH(234,'計算B'!$C$3:$C$47,0))),"")))
B24: ='設定'!$I$29 | C24: =IF('計算A'!V$4=0,"",IF('調整・決定'!C24<>"",'調整・決定'!C24,IFERROR(INDEX('名簿'!$G$5:$G$49,INDEX('計算B'!$B$3:$B$47,MATCH(19,'計算B'!$C$3:$C$47,0))),""))) | D24: =IF('計算A'!AT$4=0,"",IF('調整・決定'!D24<>"",'調整・決定'!D24,IFERROR(INDEX('名簿'!$G$5:$G$49,INDEX('計算B'!$B$3:$B$47,MATCH(43,'計算B'!$C$3:$C$47,0))),""))) | E24: =IF('計算A'!BR$4=0,"",IF('調整・決定'!E24<>"",'調整・決定'!E24,IFERROR(INDEX('名簿'!$G$5:$G$49,INDEX('計算B'!$B$3:$B$47,MATCH(67,'計算B'!$C$3:$C$47,0))),""))) | F24: =IF('計算A'!CP$4=0,"",IF('調整・決定'!F24<>"",'調整・決定'!F24,IFERROR(INDEX('名簿'!$G$5:$G$49,INDEX('計算B'!$B$3:$B$47,MATCH(91,'計算B'!$C$3:$C$47,0))),""))) | G24: =IF('計算A'!DN$4=0,"",IF('調整・決定'!G24<>"",'調整・決定'!G24,IFERROR(INDEX('名簿'!$G$5:$G$49,INDEX('計算B'!$B$3:$B$47,MATCH(115,'計算B'!$C$3:$C$47,0))),""))) | H24: =IF('計算A'!EL$4=0,"",IF('調整・決定'!H24<>"",'調整・決定'!H24,IFERROR(INDEX('名簿'!$G$5:$G$49,INDEX('計算B'!$B$3:$B$47,MATCH(139,'計算B'!$C$3:$C$47,0))),""))) | I24: =IF('計算A'!FJ$4=0,"",IF('調整・決定'!I24<>"",'調整・決定'!I24,IFERROR(INDEX('名簿'!$G$5:$G$49,INDEX('計算B'!$B$3:$B$47,MATCH(163,'計算B'!$C$3:$C$47,0))),""))) | J24: =IF('計算A'!GH$4=0,"",IF('調整・決定'!J24<>"",'調整・決定'!J24,IFERROR(INDEX('名簿'!$G$5:$G$49,INDEX('計算B'!$B$3:$B$47,MATCH(187,'計算B'!$C$3:$C$47,0))),""))) | K24: =IF('計算A'!HF$4=0,"",IF('調整・決定'!K24<>"",'調整・決定'!K24,IFERROR(INDEX('名簿'!$G$5:$G$49,INDEX('計算B'!$B$3:$B$47,MATCH(211,'計算B'!$C$3:$C$47,0))),""))) | L24: =IF('計算A'!ID$4=0,"",IF('調整・決定'!L24<>"",'調整・決定'!L24,IFERROR(INDEX('名簿'!$G$5:$G$49,INDEX('計算B'!$B$3:$B$47,MATCH(235,'計算B'!$C$3:$C$47,0))),"")))
B25: ='設定'!$I$30 | C25: =IF('計算A'!W$4=0,"",IF('調整・決定'!C25<>"",'調整・決定'!C25,IFERROR(INDEX('名簿'!$G$5:$G$49,INDEX('計算B'!$B$3:$B$47,MATCH(20,'計算B'!$C$3:$C$47,0))),""))) | D25: =IF('計算A'!AU$4=0,"",IF('調整・決定'!D25<>"",'調整・決定'!D25,IFERROR(INDEX('名簿'!$G$5:$G$49,INDEX('計算B'!$B$3:$B$47,MATCH(44,'計算B'!$C$3:$C$47,0))),""))) | E25: =IF('計算A'!BS$4=0,"",IF('調整・決定'!E25<>"",'調整・決定'!E25,IFERROR(INDEX('名簿'!$G$5:$G$49,INDEX('計算B'!$B$3:$B$47,MATCH(68,'計算B'!$C$3:$C$47,0))),""))) | F25: =IF('計算A'!CQ$4=0,"",IF('調整・決定'!F25<>"",'調整・決定'!F25,IFERROR(INDEX('名簿'!$G$5:$G$49,INDEX('計算B'!$B$3:$B$47,MATCH(92,'計算B'!$C$3:$C$47,0))),""))) | G25: =IF('計算A'!DO$4=0,"",IF('調整・決定'!G25<>"",'調整・決定'!G25,IFERROR(INDEX('名簿'!$G$5:$G$49,INDEX('計算B'!$B$3:$B$47,MATCH(116,'計算B'!$C$3:$C$47,0))),""))) | H25: =IF('計算A'!EM$4=0,"",IF('調整・決定'!H25<>"",'調整・決定'!H25,IFERROR(INDEX('名簿'!$G$5:$G$49,INDEX('計算B'!$B$3:$B$47,MATCH(140,'計算B'!$C$3:$C$47,0))),""))) | I25: =IF('計算A'!FK$4=0,"",IF('調整・決定'!I25<>"",'調整・決定'!I25,IFERROR(INDEX('名簿'!$G$5:$G$49,INDEX('計算B'!$B$3:$B$47,MATCH(164,'計算B'!$C$3:$C$47,0))),""))) | J25: =IF('計算A'!GI$4=0,"",IF('調整・決定'!J25<>"",'調整・決定'!J25,IFERROR(INDEX('名簿'!$G$5:$G$49,INDEX('計算B'!$B$3:$B$47,MATCH(188,'計算B'!$C$3:$C$47,0))),""))) | K25: =IF('計算A'!HG$4=0,"",IF('調整・決定'!K25<>"",'調整・決定'!K25,IFERROR(INDEX('名簿'!$G$5:$G$49,INDEX('計算B'!$B$3:$B$47,MATCH(212,'計算B'!$C$3:$C$47,0))),""))) | L25: =IF('計算A'!IE$4=0,"",IF('調整・決定'!L25<>"",'調整・決定'!L25,IFERROR(INDEX('名簿'!$G$5:$G$49,INDEX('計算B'!$B$3:$B$47,MATCH(236,'計算B'!$C$3:$C$47,0))),"")))
B26: ='設定'!$I$31 | C26: =IF('計算A'!X$4=0,"",IF('調整・決定'!C26<>"",'調整・決定'!C26,IFERROR(INDEX('名簿'!$G$5:$G$49,INDEX('計算B'!$B$3:$B$47,MATCH(21,'計算B'!$C$3:$C$47,0))),""))) | D26: =IF('計算A'!AV$4=0,"",IF('調整・決定'!D26<>"",'調整・決定'!D26,IFERROR(INDEX('名簿'!$G$5:$G$49,INDEX('計算B'!$B$3:$B$47,MATCH(45,'計算B'!$C$3:$C$47,0))),""))) | E26: =IF('計算A'!BT$4=0,"",IF('調整・決定'!E26<>"",'調整・決定'!E26,IFERROR(INDEX('名簿'!$G$5:$G$49,INDEX('計算B'!$B$3:$B$47,MATCH(69,'計算B'!$C$3:$C$47,0))),""))) | F26: =IF('計算A'!CR$4=0,"",IF('調整・決定'!F26<>"",'調整・決定'!F26,IFERROR(INDEX('名簿'!$G$5:$G$49,INDEX('計算B'!$B$3:$B$47,MATCH(93,'計算B'!$C$3:$C$47,0))),""))) | G26: =IF('計算A'!DP$4=0,"",IF('調整・決定'!G26<>"",'調整・決定'!G26,IFERROR(INDEX('名簿'!$G$5:$G$49,INDEX('計算B'!$B$3:$B$47,MATCH(117,'計算B'!$C$3:$C$47,0))),""))) | H26: =IF('計算A'!EN$4=0,"",IF('調整・決定'!H26<>"",'調整・決定'!H26,IFERROR(INDEX('名簿'!$G$5:$G$49,INDEX('計算B'!$B$3:$B$47,MATCH(141,'計算B'!$C$3:$C$47,0))),""))) | I26: =IF('計算A'!FL$4=0,"",IF('調整・決定'!I26<>"",'調整・決定'!I26,IFERROR(INDEX('名簿'!$G$5:$G$49,INDEX('計算B'!$B$3:$B$47,MATCH(165,'計算B'!$C$3:$C$47,0))),""))) | J26: =IF('計算A'!GJ$4=0,"",IF('調整・決定'!J26<>"",'調整・決定'!J26,IFERROR(INDEX('名簿'!$G$5:$G$49,INDEX('計算B'!$B$3:$B$47,MATCH(189,'計算B'!$C$3:$C$47,0))),""))) | K26: =IF('計算A'!HH$4=0,"",IF('調整・決定'!K26<>"",'調整・決定'!K26,IFERROR(INDEX('名簿'!$G$5:$G$49,INDEX('計算B'!$B$3:$B$47,MATCH(213,'計算B'!$C$3:$C$47,0))),""))) | L26: =IF('計算A'!IF$4=0,"",IF('調整・決定'!L26<>"",'調整・決定'!L26,IFERROR(INDEX('名簿'!$G$5:$G$49,INDEX('計算B'!$B$3:$B$47,MATCH(237,'計算B'!$C$3:$C$47,0))),"")))
B27: ='設定'!$I$32 | C27: =IF('計算A'!Y$4=0,"",IF('調整・決定'!C27<>"",'調整・決定'!C27,IFERROR(INDEX('名簿'!$G$5:$G$49,INDEX('計算B'!$B$3:$B$47,MATCH(22,'計算B'!$C$3:$C$47,0))),""))) | D27: =IF('計算A'!AW$4=0,"",IF('調整・決定'!D27<>"",'調整・決定'!D27,IFERROR(INDEX('名簿'!$G$5:$G$49,INDEX('計算B'!$B$3:$B$47,MATCH(46,'計算B'!$C$3:$C$47,0))),""))) | E27: =IF('計算A'!BU$4=0,"",IF('調整・決定'!E27<>"",'調整・決定'!E27,IFERROR(INDEX('名簿'!$G$5:$G$49,INDEX('計算B'!$B$3:$B$47,MATCH(70,'計算B'!$C$3:$C$47,0))),""))) | F27: =IF('計算A'!CS$4=0,"",IF('調整・決定'!F27<>"",'調整・決定'!F27,IFERROR(INDEX('名簿'!$G$5:$G$49,INDEX('計算B'!$B$3:$B$47,MATCH(94,'計算B'!$C$3:$C$47,0))),""))) | G27: =IF('計算A'!DQ$4=0,"",IF('調整・決定'!G27<>"",'調整・決定'!G27,IFERROR(INDEX('名簿'!$G$5:$G$49,INDEX('計算B'!$B$3:$B$47,MATCH(118,'計算B'!$C$3:$C$47,0))),""))) | H27: =IF('計算A'!EO$4=0,"",IF('調整・決定'!H27<>"",'調整・決定'!H27,IFERROR(INDEX('名簿'!$G$5:$G$49,INDEX('計算B'!$B$3:$B$47,MATCH(142,'計算B'!$C$3:$C$47,0))),""))) | I27: =IF('計算A'!FM$4=0,"",IF('調整・決定'!I27<>"",'調整・決定'!I27,IFERROR(INDEX('名簿'!$G$5:$G$49,INDEX('計算B'!$B$3:$B$47,MATCH(166,'計算B'!$C$3:$C$47,0))),""))) | J27: =IF('計算A'!GK$4=0,"",IF('調整・決定'!J27<>"",'調整・決定'!J27,IFERROR(INDEX('名簿'!$G$5:$G$49,INDEX('計算B'!$B$3:$B$47,MATCH(190,'計算B'!$C$3:$C$47,0))),""))) | K27: =IF('計算A'!HI$4=0,"",IF('調整・決定'!K27<>"",'調整・決定'!K27,IFERROR(INDEX('名簿'!$G$5:$G$49,INDEX('計算B'!$B$3:$B$47,MATCH(214,'計算B'!$C$3:$C$47,0))),""))) | L27: =IF('計算A'!IG$4=0,"",IF('調整・決定'!L27<>"",'調整・決定'!L27,IFERROR(INDEX('名簿'!$G$5:$G$49,INDEX('計算B'!$B$3:$B$47,MATCH(238,'計算B'!$C$3:$C$47,0))),"")))
B28: ='設定'!$I$33 | C28: =IF('計算A'!Z$4=0,"",IF('調整・決定'!C28<>"",'調整・決定'!C28,IFERROR(INDEX('名簿'!$G$5:$G$49,INDEX('計算B'!$B$3:$B$47,MATCH(23,'計算B'!$C$3:$C$47,0))),""))) | D28: =IF('計算A'!AX$4=0,"",IF('調整・決定'!D28<>"",'調整・決定'!D28,IFERROR(INDEX('名簿'!$G$5:$G$49,INDEX('計算B'!$B$3:$B$47,MATCH(47,'計算B'!$C$3:$C$47,0))),""))) | E28: =IF('計算A'!BV$4=0,"",IF('調整・決定'!E28<>"",'調整・決定'!E28,IFERROR(INDEX('名簿'!$G$5:$G$49,INDEX('計算B'!$B$3:$B$47,MATCH(71,'計算B'!$C$3:$C$47,0))),""))) | F28: =IF('計算A'!CT$4=0,"",IF('調整・決定'!F28<>"",'調整・決定'!F28,IFERROR(INDEX('名簿'!$G$5:$G$49,INDEX('計算B'!$B$3:$B$47,MATCH(95,'計算B'!$C$3:$C$47,0))),""))) | G28: =IF('計算A'!DR$4=0,"",IF('調整・決定'!G28<>"",'調整・決定'!G28,IFERROR(INDEX('名簿'!$G$5:$G$49,INDEX('計算B'!$B$3:$B$47,MATCH(119,'計算B'!$C$3:$C$47,0))),""))) | H28: =IF('計算A'!EP$4=0,"",IF('調整・決定'!H28<>"",'調整・決定'!H28,IFERROR(INDEX('名簿'!$G$5:$G$49,INDEX('計算B'!$B$3:$B$47,MATCH(143,'計算B'!$C$3:$C$47,0))),""))) | I28: =IF('計算A'!FN$4=0,"",IF('調整・決定'!I28<>"",'調整・決定'!I28,IFERROR(INDEX('名簿'!$G$5:$G$49,INDEX('計算B'!$B$3:$B$47,MATCH(167,'計算B'!$C$3:$C$47,0))),""))) | J28: =IF('計算A'!GL$4=0,"",IF('調整・決定'!J28<>"",'調整・決定'!J28,IFERROR(INDEX('名簿'!$G$5:$G$49,INDEX('計算B'!$B$3:$B$47,MATCH(191,'計算B'!$C$3:$C$47,0))),""))) | K28: =IF('計算A'!HJ$4=0,"",IF('調整・決定'!K28<>"",'調整・決定'!K28,IFERROR(INDEX('名簿'!$G$5:$G$49,INDEX('計算B'!$B$3:$B$47,MATCH(215,'計算B'!$C$3:$C$47,0))),""))) | L28: =IF('計算A'!IH$4=0,"",IF('調整・決定'!L28<>"",'調整・決定'!L28,IFERROR(INDEX('名簿'!$G$5:$G$49,INDEX('計算B'!$B$3:$B$47,MATCH(239,'計算B'!$C$3:$C$47,0))),"")))
B29: ='設定'!$I$34 | C29: =IF('計算A'!AA$4=0,"",IF('調整・決定'!C29<>"",'調整・決定'!C29,IFERROR(INDEX('名簿'!$G$5:$G$49,INDEX('計算B'!$B$3:$B$47,MATCH(24,'計算B'!$C$3:$C$47,0))),""))) | D29: =IF('計算A'!AY$4=0,"",IF('調整・決定'!D29<>"",'調整・決定'!D29,IFERROR(INDEX('名簿'!$G$5:$G$49,INDEX('計算B'!$B$3:$B$47,MATCH(48,'計算B'!$C$3:$C$47,0))),""))) | E29: =IF('計算A'!BW$4=0,"",IF('調整・決定'!E29<>"",'調整・決定'!E29,IFERROR(INDEX('名簿'!$G$5:$G$49,INDEX('計算B'!$B$3:$B$47,MATCH(72,'計算B'!$C$3:$C$47,0))),""))) | F29: =IF('計算A'!CU$4=0,"",IF('調整・決定'!F29<>"",'調整・決定'!F29,IFERROR(INDEX('名簿'!$G$5:$G$49,INDEX('計算B'!$B$3:$B$47,MATCH(96,'計算B'!$C$3:$C$47,0))),""))) | G29: =IF('計算A'!DS$4=0,"",IF('調整・決定'!G29<>"",'調整・決定'!G29,IFERROR(INDEX('名簿'!$G$5:$G$49,INDEX('計算B'!$B$3:$B$47,MATCH(120,'計算B'!$C$3:$C$47,0))),""))) | H29: =IF('計算A'!EQ$4=0,"",IF('調整・決定'!H29<>"",'調整・決定'!H29,IFERROR(INDEX('名簿'!$G$5:$G$49,INDEX('計算B'!$B$3:$B$47,MATCH(144,'計算B'!$C$3:$C$47,0))),""))) | I29: =IF('計算A'!FO$4=0,"",IF('調整・決定'!I29<>"",'調整・決定'!I29,IFERROR(INDEX('名簿'!$G$5:$G$49,INDEX('計算B'!$B$3:$B$47,MATCH(168,'計算B'!$C$3:$C$47,0))),""))) | J29: =IF('計算A'!GM$4=0,"",IF('調整・決定'!J29<>"",'調整・決定'!J29,IFERROR(INDEX('名簿'!$G$5:$G$49,INDEX('計算B'!$B$3:$B$47,MATCH(192,'計算B'!$C$3:$C$47,0))),""))) | K29: =IF('計算A'!HK$4=0,"",IF('調整・決定'!K29<>"",'調整・決定'!K29,IFERROR(INDEX('名簿'!$G$5:$G$49,INDEX('計算B'!$B$3:$B$47,MATCH(216,'計算B'!$C$3:$C$47,0))),""))) | L29: =IF('計算A'!II$4=0,"",IF('調整・決定'!L29<>"",'調整・決定'!L29,IFERROR(INDEX('名簿'!$G$5:$G$49,INDEX('計算B'!$B$3:$B$47,MATCH(240,'計算B'!$C$3:$C$47,0))),"")))

Sheet 調整・決定
B1: 調整・決定 | F1: =HYPERLINK("#'ホーム'!A1","ホーム") | G1: =HYPERLINK("#'設定'!A1","① 設定") | H1: =HYPERLINK("#'名簿'!A1","② 名簿") | I1: =HYPERLINK("#'×入力'!A1","③ ×入力") | J1: =HYPERLINK("#'自動案'!A1","④ 自動案") | K1: =HYPERLINK("#'調整・決定'!A1","⑤ 調整・決定")
B2: 自動案を貼り付けたあと、プルダウンで手直しして日程を決めます。右の「児童を選ぶ」で選んだ児童の入れられる枠に色がつきます。
C3: 選んだ児童 | D3: 入れられる | E3: 入れられる（他の人あり） | F3: ×の枠 | G3: ×・使えない枠に入れた！ | H3: 2か所に入っている | I3: 空けるはずの枠に人がいる | J3: 後ろを空ける枠 | K3: 先生の都合で使えない
N4: 児童を選ぶ ▼
C5: ='設定'!$E$11 | D5: ='設定'!$E$12 | E5: ='設定'!$E$13 | F5: ='設定'!$E$14 | G5: ='設定'!$E$15 | H5: ='設定'!$E$16 | I5: ='設定'!$E$17 | J5: ='設定'!$E$18 | K5: ='設定'!$E$19 | L5: ='設定'!$E$20
B6: ='設定'!$I$11
B7: ='設定'!$I$12 | N7: 状況 | O7: =IF('計算A'!$B$8=0,"",INDEX('名簿'!$H$5:$H$49,'計算A'!$B$8))
B8: ='設定'!$I$13 | N8: ×の数 | O8: =IF('計算A'!$B$8=0,"",INDEX('名簿'!$I$5:$I$49,'計算A'!$B$8))
B9: ='設定'!$I$14 | N9: 今の枠 | O9: =IF('計算A'!$B$8=0,"",INDEX('名簿'!$L$5:$L$49,'計算A'!$B$8)&" "&INDEX('名簿'!$M$5:$M$49,'計算A'!$B$8))
B10: ='設定'!$I$15 | N10: 兄弟 | O10: =IF('計算A'!$B$8=0,"",IF(INDEX('名簿'!$C$5:$C$49,'計算A'!$B$8)="","",INDEX('名簿'!$C$5:$C$49,'計算A'!$B$8)&" "&INDEX('名簿'!$D$5:$D$49,'計算A'!$B$8)))
B11: ='設定'!$I$16 | N11: 入れられる空き枠 | O11: {=IFERROR(IF('計算A'!$B$8=0,"",_xlfn.TEXTJOIN("、",TRUE,IF((INDEX('計算A'!$D$60:$II$104,'計算A'!$B$8,0)=1)*('計算A'!$D$7:$II$7=0),'計算A'!$D$8:$II$8,""))),"")}
B12: ='設定'!$I$17
B13: ='設定'!$I$18
B14: ='設定'!$I$19
B15: ='設定'!$I$20
B16: ='設定'!$I$21
B17: ='設定'!$I$22
B18: ='設定'!$I$23
B19: ='設定'!$I$24
B20: ='設定'!$I$25
B21: ='設定'!$I$26
B22: ='設定'!$I$27
B23: ='設定'!$I$28
B24: ='設定'!$I$29
B25: ='設定'!$I$30
B26: ='設定'!$I$31
B27: ='設定'!$I$32
B28: ='設定'!$I$33
B29: ='設定'!$I$34
B32: 候補（その枠に入れられる、まだ決まっていない児童）
B33: 未入力・未提出の家庭は含みません。0人の枠は赤、1人の枠はオレンジです。
C34: ='設定'!$E$11 | D34: ='設定'!$E$12 | E34: ='設定'!$E$13 | F34: ='設定'!$E$14 | G34: ='設定'!$E$15 | H34: ='設定'!$E$16 | I34: ='設定'!$E$17 | J34: ='設定'!$E$18 | K34: ='設定'!$E$19 | L34: ='設定'!$E$20
B35: ='設定'!$I$11 | C35: {=IF('計算A'!D$4=0,"",IF(C6<>"","（決定）",IF('計算A'!D$108=1,"（空ける）",SUMPRODUCT(('計算A'!D$60:D$104=1)*('計算A'!$C$10:$C$54=1))&"人："&_xlfn.TEXTJOIN("、",TRUE,IF(('計算A'!D$60:D$104=1)*('計算A'!$C$10:$C$54=1),'計算A'!$B$10:$B$54,"")))))} | D35: {=IF('計算A'!AB$4=0,"",IF(D6<>"","（決定）",IF('計算A'!AB$108=1,"（空ける）",SUMPRODUCT(('計算A'!AB$60:AB$104=1)*('計算A'!$C$10:$C$54=1))&"人："&_xlfn.TEXTJOIN("、",TRUE,IF(('計算A'!AB$60:AB$104=1)*('計算A'!$C$10:$C$54=1),'計算A'!$B$10:$B$54,"")))))} | E35: {=IF('計算A'!AZ$4=0,"",IF(E6<>"","（決定）",IF('計算A'!AZ$108=1,"（空ける）",SUMPRODUCT(('計算A'!AZ$60:AZ$104=1)*('計算A'!$C$10:$C$54=1))&"人："&_xlfn.TEXTJOIN("、",TRUE,IF(('計算A'!AZ$60:AZ$104=1)*('計算A'!$C$10:$C$54=1),'計算A'!$B$10:$B$54,"")))))} | F35: {=IF('計算A'!BX$4=0,"",IF(F6<>"","（決定）",IF('計算A'!BX$108=1,"（空ける）",SUMPRODUCT(('計算A'!BX$60:BX$104=1)*('計算A'!$C$10:$C$54=1))&"人："&_xlfn.TEXTJOIN("、",TRUE,IF(('計算A'!BX$60:BX$104=1)*('計算A'!$C$10:$C$54=1),'計算A'!$B$10:$B$54,"")))))} | G35: {=IF('計算A'!CV$4=0,"",IF(G6<>"","（決定）",IF('計算A'!CV$108=1,"（空ける）",SUMPRODUCT(('計算A'!CV$60:CV$104=1)*('計算A'!$C$10:$C$54=1))&"人："&_xlfn.TEXTJOIN("、",TRUE,IF(('計算A'!CV$60:CV$104=1)*('計算A'!$C$10:$C$54=1),'計算A'!$B$10:$B$54,"")))))} | H35: {=IF('計算A'!DT$4=0,"",IF(H6<>"","（決定）",IF('計算A'!DT$108=1,"（空ける）",SUMPRODUCT(('計算A'!DT$60:DT$104=1)*('計算A'!$C$10:$C$54=1))&"人："&_xlfn.TEXTJOIN("、",TRUE,IF(('計算A'!DT$60:DT$104=1)*('計算A'!$C$10:$C$54=1),'計算A'!$B$10:$B$54,"")))))} | I35: {=IF('計算A'!ER$4=0,"",IF(I6<>"","（決定）",IF('計算A'!ER$108=1,"（空ける）",SUMPRODUCT(('計算A'!ER$60:ER$104=1)*('計算A'!$C$10:$C$54=1))&"人："&_xlfn.TEXTJOIN("、",TRUE,IF(('計算A'!ER$60:ER$104=1)*('計算A'!$C$10:$C$54=1),'計算A'!$B$10:$B$54,"")))))} | J35: {=IF('計算A'!FP$4=0,"",IF(J6<>"","（決定）",IF('計算A'!FP$108=1,"（空ける）",SUMPRODUCT(('計算A'!FP$60:FP$104=1)*('計算A'!$C$10:$C$54=1))&"人："&_xlfn.TEXTJOIN("、",TRUE,IF(('計算A'!FP$60:FP$104=1)*('計算A'!$C$10:$C$54=1),'計算A'!$B$10:$B$54,"")))))} | K35: {=IF('計算A'!GN$4=0,"",IF(K6<>"","（決定）",IF('計算A'!GN$108=1,"（空ける）",SUMPRODUCT(('計算A'!GN$60:GN$104=1)*('計算A'!$C$10:$C$54=1))&"人："&_xlfn.TEXTJOIN("、",TRUE,IF(('計算A'!GN$60:GN$104=1)*('計算A'!$C$10:$C$54=1),'計算A'!$B$10:$B$54,"")))))} | L35: {=IF('計算A'!HL$4=0,"",IF(L6<>"","（決定）",IF('計算A'!HL$108=1,"（空ける）",SUMPRODUCT(('計算A'!HL$60:HL$104=1)*('計算A'!$C$10:$C$54=1))&"人："&_xlfn.TEXTJOIN("、",TRUE,IF(('計算A'!HL$60:HL$104=1)*('計算A'!$C$10:$C$54=1),'計算A'!$B$10:$B$54,"")))))}
B36: ='設定'!$I$12 | C36: {=IF('計算A'!E$4=0,"",IF(C7<>"","（決定）",IF('計算A'!E$108=1,"（空ける）",SUMPRODUCT(('計算A'!E$60:E$104=1)*('計算A'!$C$10:$C$54=1))&"人："&_xlfn.TEXTJOIN("、",TRUE,IF(('計算A'!E$60:E$104=1)*('計算A'!$C$10:$C$54=1),'計算A'!$B$10:$B$54,"")))))} | D36: {=IF('計算A'!AC$4=0,"",IF(D7<>"","（決定）",IF('計算A'!AC$108=1,"（空ける）",SUMPRODUCT(('計算A'!AC$60:AC$104=1)*('計算A'!$C$10:$C$54=1))&"人："&_xlfn.TEXTJOIN("、",TRUE,IF(('計算A'!AC$60:AC$104=1)*('計算A'!$C$10:$C$54=1),'計算A'!$B$10:$B$54,"")))))} | E36: {=IF('計算A'!BA$4=0,"",IF(E7<>"","（決定）",IF('計算A'!BA$108=1,"（空ける）",SUMPRODUCT(('計算A'!BA$60:BA$104=1)*('計算A'!$C$10:$C$54=1))&"人："&_xlfn.TEXTJOIN("、",TRUE,IF(('計算A'!BA$60:BA$104=1)*('計算A'!$C$10:$C$54=1),'計算A'!$B$10:$B$54,"")))))} | F36: {=IF('計算A'!BY$4=0,"",IF(F7<>"","（決定）",IF('計算A'!BY$108=1,"（空ける）",SUMPRODUCT(('計算A'!BY$60:BY$104=1)*('計算A'!$C$10:$C$54=1))&"人："&_xlfn.TEXTJOIN("、",TRUE,IF(('計算A'!BY$60:BY$104=1)*('計算A'!$C$10:$C$54=1),'計算A'!$B$10:$B$54,"")))))} | G36: {=IF('計算A'!CW$4=0,"",IF(G7<>"","（決定）",IF('計算A'!CW$108=1,"（空ける）",SUMPRODUCT(('計算A'!CW$60:CW$104=1)*('計算A'!$C$10:$C$54=1))&"人："&_xlfn.TEXTJOIN("、",TRUE,IF(('計算A'!CW$60:CW$104=1)*('計算A'!$C$10:$C$54=1),'計算A'!$B$10:$B$54,"")))))} | H36: {=IF('計算A'!DU$4=0,"",IF(H7<>"","（決定）",IF('計算A'!DU$108=1,"（空ける）",SUMPRODUCT(('計算A'!DU$60:DU$104=1)*('計算A'!$C$10:$C$54=1))&"人："&_xlfn.TEXTJOIN("、",TRUE,IF(('計算A'!DU$60:DU$104=1)*('計算A'!$C$10:$C$54=1),'計算A'!$B$10:$B$54,"")))))} | I36: {=IF('計算A'!ES$4=0,"",IF(I7<>"","（決定）",IF('計算A'!ES$108=1,"（空ける）",SUMPRODUCT(('計算A'!ES$60:ES$104=1)*('計算A'!$C$10:$C$54=1))&"人："&_xlfn.TEXTJOIN("、",TRUE,IF(('計算A'!ES$60:ES$104=1)*('計算A'!$C$10:$C$54=1),'計算A'!$B$10:$B$54,"")))))} | J36: {=IF('計算A'!FQ$4=0,"",IF(J7<>"","（決定）",IF('計算A'!FQ$108=1,"（空ける）",SUMPRODUCT(('計算A'!FQ$60:FQ$104=1)*('計算A'!$C$10:$C$54=1))&"人："&_xlfn.TEXTJOIN("、",TRUE,IF(('計算A'!FQ$60:FQ$104=1)*('計算A'!$C$10:$C$54=1),'計算A'!$B$10:$B$54,"")))))} | K36: {=IF('計算A'!GO$4=0,"",IF(K7<>"","（決定）",IF('計算A'!GO$108=1,"（空ける）",SUMPRODUCT(('計算A'!GO$60:GO$104=1)*('計算A'!$C$10:$C$54=1))&"人："&_xlfn.TEXTJOIN("、",TRUE,IF(('計算A'!GO$60:GO$104=1)*('計算A'!$C$10:$C$54=1),'計算A'!$B$10:$B$54,"")))))} | L36: {=IF('計算A'!HM$4=0,"",IF(L7<>"","（決定）",IF('計算A'!HM$108=1,"（空ける）",SUMPRODUCT(('計算A'!HM$60:HM$104=1)*('計算A'!$C$10:$C$54=1))&"人："&_xlfn.TEXTJOIN("、",TRUE,IF(('計算A'!HM$60:HM$104=1)*('計算A'!$C$10:$C$54=1),'計算A'!$B$10:$B$54,"")))))}
B37: ='設定'!$I$13 | C37: {=IF('計算A'!F$4=0,"",IF(C8<>"","（決定）",IF('計算A'!F$108=1,"（空ける）",SUMPRODUCT(('計算A'!F$60:F$104=1)*('計算A'!$C$10:$C$54=1))&"人："&_xlfn.TEXTJOIN("、",TRUE,IF(('計算A'!F$60:F$104=1)*('計算A'!$C$10:$C$54=1),'計算A'!$B$10:$B$54,"")))))} | D37: {=IF('計算A'!AD$4=0,"",IF(D8<>"","（決定）",IF('計算A'!AD$108=1,"（空ける）",SUMPRODUCT(('計算A'!AD$60:AD$104=1)*('計算A'!$C$10:$C$54=1))&"人："&_xlfn.TEXTJOIN("、",TRUE,IF(('計算A'!AD$60:AD$104=1)*('計算A'!$C$10:$C$54=1),'計算A'!$B$10:$B$54,"")))))} | E37: {=IF('計算A'!BB$4=0,"",IF(E8<>"","（決定）",IF('計算A'!BB$108=1,"（空ける）",SUMPRODUCT(('計算A'!BB$60:BB$104=1)*('計算A'!$C$10:$C$54=1))&"人："&_xlfn.TEXTJOIN("、",TRUE,IF(('計算A'!BB$60:BB$104=1)*('計算A'!$C$10:$C$54=1),'計算A'!$B$10:$B$54,"")))))} | F37: {=IF('計算A'!BZ$4=0,"",IF(F8<>"","（決定）",IF('計算A'!BZ$108=1,"（空ける）",SUMPRODUCT(('計算A'!BZ$60:BZ$104=1)*('計算A'!$C$10:$C$54=1))&"人："&_xlfn.TEXTJOIN("、",TRUE,IF(('計算A'!BZ$60:BZ$104=1)*('計算A'!$C$10:$C$54=1),'計算A'!$B$10:$B$54,"")))))} | G37: {=IF('計算A'!CX$4=0,"",IF(G8<>"","（決定）",IF('計算A'!CX$108=1,"（空ける）",SUMPRODUCT(('計算A'!CX$60:CX$104=1)*('計算A'!$C$10:$C$54=1))&"人："&_xlfn.TEXTJOIN("、",TRUE,IF(('計算A'!CX$60:CX$104=1)*('計算A'!$C$10:$C$54=1),'計算A'!$B$10:$B$54,"")))))} | H37: {=IF('計算A'!DV$4=0,"",IF(H8<>"","（決定）",IF('計算A'!DV$108=1,"（空ける）",SUMPRODUCT(('計算A'!DV$60:DV$104=1)*('計算A'!$C$10:$C$54=1))&"人："&_xlfn.TEXTJOIN("、",TRUE,IF(('計算A'!DV$60:DV$104=1)*('計算A'!$C$10:$C$54=1),'計算A'!$B$10:$B$54,"")))))} | I37: {=IF('計算A'!ET$4=0,"",IF(I8<>"","（決定）",IF('計算A'!ET$108=1,"（空ける）",SUMPRODUCT(('計算A'!ET$60:ET$104=1)*('計算A'!$C$10:$C$54=1))&"人："&_xlfn.TEXTJOIN("、",TRUE,IF(('計算A'!ET$60:ET$104=1)*('計算A'!$C$10:$C$54=1),'計算A'!$B$10:$B$54,"")))))} | J37: {=IF('計算A'!FR$4=0,"",IF(J8<>"","（決定）",IF('計算A'!FR$108=1,"（空ける）",SUMPRODUCT(('計算A'!FR$60:FR$104=1)*('計算A'!$C$10:$C$54=1))&"人："&_xlfn.TEXTJOIN("、",TRUE,IF(('計算A'!FR$60:FR$104=1)*('計算A'!$C$10:$C$54=1),'計算A'!$B$10:$B$54,"")))))} | K37: {=IF('計算A'!GP$4=0,"",IF(K8<>"","（決定）",IF('計算A'!GP$108=1,"（空ける）",SUMPRODUCT(('計算A'!GP$60:GP$104=1)*('計算A'!$C$10:$C$54=1))&"人："&_xlfn.TEXTJOIN("、",TRUE,IF(('計算A'!GP$60:GP$104=1)*('計算A'!$C$10:$C$54=1),'計算A'!$B$10:$B$54,"")))))} | L37: {=IF('計算A'!HN$4=0,"",IF(L8<>"","（決定）",IF('計算A'!HN$108=1,"（空ける）",SUMPRODUCT(('計算A'!HN$60:HN$104=1)*('計算A'!$C$10:$C$54=1))&"人："&_xlfn.TEXTJOIN("、",TRUE,IF(('計算A'!HN$60:HN$104=1)*('計算A'!$C$10:$C$54=1),'計算A'!$B$10:$B$54,"")))))}
B38: ='設定'!$I$14 | C38: {=IF('計算A'!G$4=0,"",IF(C9<>"","（決定）",IF('計算A'!G$108=1,"（空ける）",SUMPRODUCT(('計算A'!G$60:G$104=1)*('計算A'!$C$10:$C$54=1))&"人："&_xlfn.TEXTJOIN("、",TRUE,IF(('計算A'!G$60:G$104=1)*('計算A'!$C$10:$C$54=1),'計算A'!$B$10:$B$54,"")))))} | D38: {=IF('計算A'!AE$4=0,"",IF(D9<>"","（決定）",IF('計算A'!AE$108=1,"（空ける）",SUMPRODUCT(('計算A'!AE$60:AE$104=1)*('計算A'!$C$10:$C$54=1))&"人："&_xlfn.TEXTJOIN("、",TRUE,IF(('計算A'!AE$60:AE$104=1)*('計算A'!$C$10:$C$54=1),'計算A'!$B$10:$B$54,"")))))} | E38: {=IF('計算A'!BC$4=0,"",IF(E9<>"","（決定）",IF('計算A'!BC$108=1,"（空ける）",SUMPRODUCT(('計算A'!BC$60:BC$104=1)*('計算A'!$C$10:$C$54=1))&"人："&_xlfn.TEXTJOIN("、",TRUE,IF(('計算A'!BC$60:BC$104=1)*('計算A'!$C$10:$C$54=1),'計算A'!$B$10:$B$54,"")))))} | F38: {=IF('計算A'!CA$4=0,"",IF(F9<>"","（決定）",IF('計算A'!CA$108=1,"（空ける）",SUMPRODUCT(('計算A'!CA$60:CA$104=1)*('計算A'!$C$10:$C$54=1))&"人："&_xlfn.TEXTJOIN("、",TRUE,IF(('計算A'!CA$60:CA$104=1)*('計算A'!$C$10:$C$54=1),'計算A'!$B$10:$B$54,"")))))} | G38: {=IF('計算A'!CY$4=0,"",IF(G9<>"","（決定）",IF('計算A'!CY$108=1,"（空ける）",SUMPRODUCT(('計算A'!CY$60:CY$104=1)*('計算A'!$C$10:$C$54=1))&"人："&_xlfn.TEXTJOIN("、",TRUE,IF(('計算A'!CY$60:CY$104=1)*('計算A'!$C$10:$C$54=1),'計算A'!$B$10:$B$54,"")))))} | H38: {=IF('計算A'!DW$4=0,"",IF(H9<>"","（決定）",IF('計算A'!DW$108=1,"（空ける）",SUMPRODUCT(('計算A'!DW$60:DW$104=1)*('計算A'!$C$10:$C$54=1))&"人："&_xlfn.TEXTJOIN("、",TRUE,IF(('計算A'!DW$60:DW$104=1)*('計算A'!$C$10:$C$54=1),'計算A'!$B$10:$B$54,"")))))} | I38: {=IF('計算A'!EU$4=0,"",IF(I9<>"","（決定）",IF('計算A'!EU$108=1,"（空ける）",SUMPRODUCT(('計算A'!EU$60:EU$104=1)*('計算A'!$C$10:$C$54=1))&"人："&_xlfn.TEXTJOIN("、",TRUE,IF(('計算A'!EU$60:EU$104=1)*('計算A'!$C$10:$C$54=1),'計算A'!$B$10:$B$54,"")))))} | J38: {=IF('計算A'!FS$4=0,"",IF(J9<>"","（決定）",IF('計算A'!FS$108=1,"（空ける）",SUMPRODUCT(('計算A'!FS$60:FS$104=1)*('計算A'!$C$10:$C$54=1))&"人："&_xlfn.TEXTJOIN("、",TRUE,IF(('計算A'!FS$60:FS$104=1)*('計算A'!$C$10:$C$54=1),'計算A'!$B$10:$B$54,"")))))} | K38: {=IF('計算A'!GQ$4=0,"",IF(K9<>"","（決定）",IF('計算A'!GQ$108=1,"（空ける）",SUMPRODUCT(('計算A'!GQ$60:GQ$104=1)*('計算A'!$C$10:$C$54=1))&"人："&_xlfn.TEXTJOIN("、",TRUE,IF(('計算A'!GQ$60:GQ$104=1)*('計算A'!$C$10:$C$54=1),'計算A'!$B$10:$B$54,"")))))} | L38: {=IF('計算A'!HO$4=0,"",IF(L9<>"","（決定）",IF('計算A'!HO$108=1,"（空ける）",SUMPRODUCT(('計算A'!HO$60:HO$104=1)*('計算A'!$C$10:$C$54=1))&"人："&_xlfn.TEXTJOIN("、",TRUE,IF(('計算A'!HO$60:HO$104=1)*('計算A'!$C$10:$C$54=1),'計算A'!$B$10:$B$54,"")))))}
B39: ='設定'!$I$15 | C39: {=IF('計算A'!H$4=0,"",IF(C10<>"","（決定）",IF('計算A'!H$108=1,"（空ける）",SUMPRODUCT(('計算A'!H$60:H$104=1)*('計算A'!$C$10:$C$54=1))&"人："&_xlfn.TEXTJOIN("、",TRUE,IF(('計算A'!H$60:H$104=1)*('計算A'!$C$10:$C$54=1),'計算A'!$B$10:$B$54,"")))))} | D39: {=IF('計算A'!AF$4=0,"",IF(D10<>"","（決定）",IF('計算A'!AF$108=1,"（空ける）",SUMPRODUCT(('計算A'!AF$60:AF$104=1)*('計算A'!$C$10:$C$54=1))&"人："&_xlfn.TEXTJOIN("、",TRUE,IF(('計算A'!AF$60:AF$104=1)*('計算A'!$C$10:$C$54=1),'計算A'!$B$10:$B$54,"")))))} | E39: {=IF('計算A'!BD$4=0,"",IF(E10<>"","（決定）",IF('計算A'!BD$108=1,"（空ける）",SUMPRODUCT(('計算A'!BD$60:BD$104=1)*('計算A'!$C$10:$C$54=1))&"人："&_xlfn.TEXTJOIN("、",TRUE,IF(('計算A'!BD$60:BD$104=1)*('計算A'!$C$10:$C$54=1),'計算A'!$B$10:$B$54,"")))))} | F39: {=IF('計算A'!CB$4=0,"",IF(F10<>"","（決定）",IF('計算A'!CB$108=1,"（空ける）",SUMPRODUCT(('計算A'!CB$60:CB$104=1)*('計算A'!$C$10:$C$54=1))&"人："&_xlfn.TEXTJOIN("、",TRUE,IF(('計算A'!CB$60:CB$104=1)*('計算A'!$C$10:$C$54=1),'計算A'!$B$10:$B$54,"")))))} | G39: {=IF('計算A'!CZ$4=0,"",IF(G10<>"","（決定）",IF('計算A'!CZ$108=1,"（空ける）",SUMPRODUCT(('計算A'!CZ$60:CZ$104=1)*('計算A'!$C$10:$C$54=1))&"人："&_xlfn.TEXTJOIN("、",TRUE,IF(('計算A'!CZ$60:CZ$104=1)*('計算A'!$C$10:$C$54=1),'計算A'!$B$10:$B$54,"")))))} | H39: {=IF('計算A'!DX$4=0,"",IF(H10<>"","（決定）",IF('計算A'!DX$108=1,"（空ける）",SUMPRODUCT(('計算A'!DX$60:DX$104=1)*('計算A'!$C$10:$C$54=1))&"人："&_xlfn.TEXTJOIN("、",TRUE,IF(('計算A'!DX$60:DX$104=1)*('計算A'!$C$10:$C$54=1),'計算A'!$B$10:$B$54,"")))))} | I39: {=IF('計算A'!EV$4=0,"",IF(I10<>"","（決定）",IF('計算A'!EV$108=1,"（空ける）",SUMPRODUCT(('計算A'!EV$60:EV$104=1)*('計算A'!$C$10:$C$54=1))&"人："&_xlfn.TEXTJOIN("、",TRUE,IF(('計算A'!EV$60:EV$104=1)*('計算A'!$C$10:$C$54=1),'計算A'!$B$10:$B$54,"")))))} | J39: {=IF('計算A'!FT$4=0,"",IF(J10<>"","（決定）",IF('計算A'!FT$108=1,"（空ける）",SUMPRODUCT(('計算A'!FT$60:FT$104=1)*('計算A'!$C$10:$C$54=1))&"人："&_xlfn.TEXTJOIN("、",TRUE,IF(('計算A'!FT$60:FT$104=1)*('計算A'!$C$10:$C$54=1),'計算A'!$B$10:$B$54,"")))))} | K39: {=IF('計算A'!GR$4=0,"",IF(K10<>"","（決定）",IF('計算A'!GR$108=1,"（空ける）",SUMPRODUCT(('計算A'!GR$60:GR$104=1)*('計算A'!$C$10:$C$54=1))&"人："&_xlfn.TEXTJOIN("、",TRUE,IF(('計算A'!GR$60:GR$104=1)*('計算A'!$C$10:$C$54=1),'計算A'!$B$10:$B$54,"")))))} | L39: {=IF('計算A'!HP$4=0,"",IF(L10<>"","（決定）",IF('計算A'!HP$108=1,"（空ける）",SUMPRODUCT(('計算A'!HP$60:HP$104=1)*('計算A'!$C$10:$C$54=1))&"人："&_xlfn.TEXTJOIN("、",TRUE,IF(('計算A'!HP$60:HP$104=1)*('計算A'!$C$10:$C$54=1),'計算A'!$B$10:$B$54,"")))))}
B40: ='設定'!$I$16 | C40: {=IF('計算A'!I$4=0,"",IF(C11<>"","（決定）",IF('計算A'!I$108=1,"（空ける）",SUMPRODUCT(('計算A'!I$60:I$104=1)*('計算A'!$C$10:$C$54=1))&"人："&_xlfn.TEXTJOIN("、",TRUE,IF(('計算A'!I$60:I$104=1)*('計算A'!$C$10:$C$54=1),'計算A'!$B$10:$B$54,"")))))} | D40: {=IF('計算A'!AG$4=0,"",IF(D11<>"","（決定）",IF('計算A'!AG$108=1,"（空ける）",SUMPRODUCT(('計算A'!AG$60:AG$104=1)*('計算A'!$C$10:$C$54=1))&"人："&_xlfn.TEXTJOIN("、",TRUE,IF(('計算A'!AG$60:AG$104=1)*('計算A'!$C$10:$C$54=1),'計算A'!$B$10:$B$54,"")))))} | E40: {=IF('計算A'!BE$4=0,"",IF(E11<>"","（決定）",IF('計算A'!BE$108=1,"（空ける）",SUMPRODUCT(('計算A'!BE$60:BE$104=1)*('計算A'!$C$10:$C$54=1))&"人："&_xlfn.TEXTJOIN("、",TRUE,IF(('計算A'!BE$60:BE$104=1)*('計算A'!$C$10:$C$54=1),'計算A'!$B$10:$B$54,"")))))} | F40: {=IF('計算A'!CC$4=0,"",IF(F11<>"","（決定）",IF('計算A'!CC$108=1,"（空ける）",SUMPRODUCT(('計算A'!CC$60:CC$104=1)*('計算A'!$C$10:$C$54=1))&"人："&_xlfn.TEXTJOIN("、",TRUE,IF(('計算A'!CC$60:CC$104=1)*('計算A'!$C$10:$C$54=1),'計算A'!$B$10:$B$54,"")))))} | G40: {=IF('計算A'!DA$4=0,"",IF(G11<>"","（決定）",IF('計算A'!DA$108=1,"（空ける）",SUMPRODUCT(('計算A'!DA$60:DA$104=1)*('計算A'!$C$10:$C$54=1))&"人："&_xlfn.TEXTJOIN("、",TRUE,IF(('計算A'!DA$60:DA$104=1)*('計算A'!$C$10:$C$54=1),'計算A'!$B$10:$B$54,"")))))} | H40: {=IF('計算A'!DY$4=0,"",IF(H11<>"","（決定）",IF('計算A'!DY$108=1,"（空ける）",SUMPRODUCT(('計算A'!DY$60:DY$104=1)*('計算A'!$C$10:$C$54=1))&"人："&_xlfn.TEXTJOIN("、",TRUE,IF(('計算A'!DY$60:DY$104=1)*('計算A'!$C$10:$C$54=1),'計算A'!$B$10:$B$54,"")))))} | I40: {=IF('計算A'!EW$4=0,"",IF(I11<>"","（決定）",IF('計算A'!EW$108=1,"（空ける）",SUMPRODUCT(('計算A'!EW$60:EW$104=1)*('計算A'!$C$10:$C$54=1))&"人："&_xlfn.TEXTJOIN("、",TRUE,IF(('計算A'!EW$60:EW$104=1)*('計算A'!$C$10:$C$54=1),'計算A'!$B$10:$B$54,"")))))} | J40: {=IF('計算A'!FU$4=0,"",IF(J11<>"","（決定）",IF('計算A'!FU$108=1,"（空ける）",SUMPRODUCT(('計算A'!FU$60:FU$104=1)*('計算A'!$C$10:$C$54=1))&"人："&_xlfn.TEXTJOIN("、",TRUE,IF(('計算A'!FU$60:FU$104=1)*('計算A'!$C$10:$C$54=1),'計算A'!$B$10:$B$54,"")))))} | K40: {=IF('計算A'!GS$4=0,"",IF(K11<>"","（決定）",IF('計算A'!GS$108=1,"（空ける）",SUMPRODUCT(('計算A'!GS$60:GS$104=1)*('計算A'!$C$10:$C$54=1))&"人："&_xlfn.TEXTJOIN("、",TRUE,IF(('計算A'!GS$60:GS$104=1)*('計算A'!$C$10:$C$54=1),'計算A'!$B$10:$B$54,"")))))} | L40: {=IF('計算A'!HQ$4=0,"",IF(L11<>"","（決定）",IF('計算A'!HQ$108=1,"（空ける）",SUMPRODUCT(('計算A'!HQ$60:HQ$104=1)*('計算A'!$C$10:$C$54=1))&"人："&_xlfn.TEXTJOIN("、",TRUE,IF(('計算A'!HQ$60:HQ$104=1)*('計算A'!$C$10:$C$54=1),'計算A'!$B$10:$B$54,"")))))}
B41: ='設定'!$I$17 | C41: {=IF('計算A'!J$4=0,"",IF(C12<>"","（決定）",IF('計算A'!J$108=1,"（空ける）",SUMPRODUCT(('計算A'!J$60:J$104=1)*('計算A'!$C$10:$C$54=1))&"人："&_xlfn.TEXTJOIN("、",TRUE,IF(('計算A'!J$60:J$104=1)*('計算A'!$C$10:$C$54=1),'計算A'!$B$10:$B$54,"")))))} | D41: {=IF('計算A'!AH$4=0,"",IF(D12<>"","（決定）",IF('計算A'!AH$108=1,"（空ける）",SUMPRODUCT(('計算A'!AH$60:AH$104=1)*('計算A'!$C$10:$C$54=1))&"人："&_xlfn.TEXTJOIN("、",TRUE,IF(('計算A'!AH$60:AH$104=1)*('計算A'!$C$10:$C$54=1),'計算A'!$B$10:$B$54,"")))))} | E41: {=IF('計算A'!BF$4=0,"",IF(E12<>"","（決定）",IF('計算A'!BF$108=1,"（空ける）",SUMPRODUCT(('計算A'!BF$60:BF$104=1)*('計算A'!$C$10:$C$54=1))&"人："&_xlfn.TEXTJOIN("、",TRUE,IF(('計算A'!BF$60:BF$104=1)*('計算A'!$C$10:$C$54=1),'計算A'!$B$10:$B$54,"")))))} | F41: {=IF('計算A'!CD$4=0,"",IF(F12<>"","（決定）",IF('計算A'!CD$108=1,"（空ける）",SUMPRODUCT(('計算A'!CD$60:CD$104=1)*('計算A'!$C$10:$C$54=1))&"人："&_xlfn.TEXTJOIN("、",TRUE,IF(('計算A'!CD$60:CD$104=1)*('計算A'!$C$10:$C$54=1),'計算A'!$B$10:$B$54,"")))))} | G41: {=IF('計算A'!DB$4=0,"",IF(G12<>"","（決定）",IF('計算A'!DB$108=1,"（空ける）",SUMPRODUCT(('計算A'!DB$60:DB$104=1)*('計算A'!$C$10:$C$54=1))&"人："&_xlfn.TEXTJOIN("、",TRUE,IF(('計算A'!DB$60:DB$104=1)*('計算A'!$C$10:$C$54=1),'計算A'!$B$10:$B$54,"")))))} | H41: {=IF('計算A'!DZ$4=0,"",IF(H12<>"","（決定）",IF('計算A'!DZ$108=1,"（空ける）",SUMPRODUCT(('計算A'!DZ$60:DZ$104=1)*('計算A'!$C$10:$C$54=1))&"人："&_xlfn.TEXTJOIN("、",TRUE,IF(('計算A'!DZ$60:DZ$104=1)*('計算A'!$C$10:$C$54=1),'計算A'!$B$10:$B$54,"")))))} | I41: {=IF('計算A'!EX$4=0,"",IF(I12<>"","（決定）",IF('計算A'!EX$108=1,"（空ける）",SUMPRODUCT(('計算A'!EX$60:EX$104=1)*('計算A'!$C$10:$C$54=1))&"人："&_xlfn.TEXTJOIN("、",TRUE,IF(('計算A'!EX$60:EX$104=1)*('計算A'!$C$10:$C$54=1),'計算A'!$B$10:$B$54,"")))))} | J41: {=IF('計算A'!FV$4=0,"",IF(J12<>"","（決定）",IF('計算A'!FV$108=1,"（空ける）",SUMPRODUCT(('計算A'!FV$60:FV$104=1)*('計算A'!$C$10:$C$54=1))&"人："&_xlfn.TEXTJOIN("、",TRUE,IF(('計算A'!FV$60:FV$104=1)*('計算A'!$C$10:$C$54=1),'計算A'!$B$10:$B$54,"")))))} | K41: {=IF('計算A'!GT$4=0,"",IF(K12<>"","（決定）",IF('計算A'!GT$108=1,"（空ける）",SUMPRODUCT(('計算A'!GT$60:GT$104=1)*('計算A'!$C$10:$C$54=1))&"人："&_xlfn.TEXTJOIN("、",TRUE,IF(('計算A'!GT$60:GT$104=1)*('計算A'!$C$10:$C$54=1),'計算A'!$B$10:$B$54,"")))))} | L41: {=IF('計算A'!HR$4=0,"",IF(L12<>"","（決定）",IF('計算A'!HR$108=1,"（空ける）",SUMPRODUCT(('計算A'!HR$60:HR$104=1)*('計算A'!$C$10:$C$54=1))&"人："&_xlfn.TEXTJOIN("、",TRUE,IF(('計算A'!HR$60:HR$104=1)*('計算A'!$C$10:$C$54=1),'計算A'!$B$10:$B$54,"")))))}
B42: ='設定'!$I$18 | C42: {=IF('計算A'!K$4=0,"",IF(C13<>"","（決定）",IF('計算A'!K$108=1,"（空ける）",SUMPRODUCT(('計算A'!K$60:K$104=1)*('計算A'!$C$10:$C$54=1))&"人："&_xlfn.TEXTJOIN("、",TRUE,IF(('計算A'!K$60:K$104=1)*('計算A'!$C$10:$C$54=1),'計算A'!$B$10:$B$54,"")))))} | D42: {=IF('計算A'!AI$4=0,"",IF(D13<>"","（決定）",IF('計算A'!AI$108=1,"（空ける）",SUMPRODUCT(('計算A'!AI$60:AI$104=1)*('計算A'!$C$10:$C$54=1))&"人："&_xlfn.TEXTJOIN("、",TRUE,IF(('計算A'!AI$60:AI$104=1)*('計算A'!$C$10:$C$54=1),'計算A'!$B$10:$B$54,"")))))} | E42: {=IF('計算A'!BG$4=0,"",IF(E13<>"","（決定）",IF('計算A'!BG$108=1,"（空ける）",SUMPRODUCT(('計算A'!BG$60:BG$104=1)*('計算A'!$C$10:$C$54=1))&"人："&_xlfn.TEXTJOIN("、",TRUE,IF(('計算A'!BG$60:BG$104=1)*('計算A'!$C$10:$C$54=1),'計算A'!$B$10:$B$54,"")))))} | F42: {=IF('計算A'!CE$4=0,"",IF(F13<>"","（決定）",IF('計算A'!CE$108=1,"（空ける）",SUMPRODUCT(('計算A'!CE$60:CE$104=1)*('計算A'!$C$10:$C$54=1))&"人："&_xlfn.TEXTJOIN("、",TRUE,IF(('計算A'!CE$60:CE$104=1)*('計算A'!$C$10:$C$54=1),'計算A'!$B$10:$B$54,"")))))} | G42: {=IF('計算A'!DC$4=0,"",IF(G13<>"","（決定）",IF('計算A'!DC$108=1,"（空ける）",SUMPRODUCT(('計算A'!DC$60:DC$104=1)*('計算A'!$C$10:$C$54=1))&"人："&_xlfn.TEXTJOIN("、",TRUE,IF(('計算A'!DC$60:DC$104=1)*('計算A'!$C$10:$C$54=1),'計算A'!$B$10:$B$54,"")))))} | H42: {=IF('計算A'!EA$4=0,"",IF(H13<>"","（決定）",IF('計算A'!EA$108=1,"（空ける）",SUMPRODUCT(('計算A'!EA$60:EA$104=1)*('計算A'!$C$10:$C$54=1))&"人："&_xlfn.TEXTJOIN("、",TRUE,IF(('計算A'!EA$60:EA$104=1)*('計算A'!$C$10:$C$54=1),'計算A'!$B$10:$B$54,"")))))} | I42: {=IF('計算A'!EY$4=0,"",IF(I13<>"","（決定）",IF('計算A'!EY$108=1,"（空ける）",SUMPRODUCT(('計算A'!EY$60:EY$104=1)*('計算A'!$C$10:$C$54=1))&"人："&_xlfn.TEXTJOIN("、",TRUE,IF(('計算A'!EY$60:EY$104=1)*('計算A'!$C$10:$C$54=1),'計算A'!$B$10:$B$54,"")))))} | J42: {=IF('計算A'!FW$4=0,"",IF(J13<>"","（決定）",IF('計算A'!FW$108=1,"（空ける）",SUMPRODUCT(('計算A'!FW$60:FW$104=1)*('計算A'!$C$10:$C$54=1))&"人："&_xlfn.TEXTJOIN("、",TRUE,IF(('計算A'!FW$60:FW$104=1)*('計算A'!$C$10:$C$54=1),'計算A'!$B$10:$B$54,"")))))} | K42: {=IF('計算A'!GU$4=0,"",IF(K13<>"","（決定）",IF('計算A'!GU$108=1,"（空ける）",SUMPRODUCT(('計算A'!GU$60:GU$104=1)*('計算A'!$C$10:$C$54=1))&"人："&_xlfn.TEXTJOIN("、",TRUE,IF(('計算A'!GU$60:GU$104=1)*('計算A'!$C$10:$C$54=1),'計算A'!$B$10:$B$54,"")))))} | L42: {=IF('計算A'!HS$4=0,"",IF(L13<>"","（決定）",IF('計算A'!HS$108=1,"（空ける）",SUMPRODUCT(('計算A'!HS$60:HS$104=1)*('計算A'!$C$10:$C$54=1))&"人："&_xlfn.TEXTJOIN("、",TRUE,IF(('計算A'!HS$60:HS$104=1)*('計算A'!$C$10:$C$54=1),'計算A'!$B$10:$B$54,"")))))}
B43: ='設定'!$I$19 | C43: {=IF('計算A'!L$4=0,"",IF(C14<>"","（決定）",IF('計算A'!L$108=1,"（空ける）",SUMPRODUCT(('計算A'!L$60:L$104=1)*('計算A'!$C$10:$C$54=1))&"人："&_xlfn.TEXTJOIN("、",TRUE,IF(('計算A'!L$60:L$104=1)*('計算A'!$C$10:$C$54=1),'計算A'!$B$10:$B$54,"")))))} | D43: {=IF('計算A'!AJ$4=0,"",IF(D14<>"","（決定）",IF('計算A'!AJ$108=1,"（空ける）",SUMPRODUCT(('計算A'!AJ$60:AJ$104=1)*('計算A'!$C$10:$C$54=1))&"人："&_xlfn.TEXTJOIN("、",TRUE,IF(('計算A'!AJ$60:AJ$104=1)*('計算A'!$C$10:$C$54=1),'計算A'!$B$10:$B$54,"")))))} | E43: {=IF('計算A'!BH$4=0,"",IF(E14<>"","（決定）",IF('計算A'!BH$108=1,"（空ける）",SUMPRODUCT(('計算A'!BH$60:BH$104=1)*('計算A'!$C$10:$C$54=1))&"人："&_xlfn.TEXTJOIN("、",TRUE,IF(('計算A'!BH$60:BH$104=1)*('計算A'!$C$10:$C$54=1),'計算A'!$B$10:$B$54,"")))))} | F43: {=IF('計算A'!CF$4=0,"",IF(F14<>"","（決定）",IF('計算A'!CF$108=1,"（空ける）",SUMPRODUCT(('計算A'!CF$60:CF$104=1)*('計算A'!$C$10:$C$54=1))&"人："&_xlfn.TEXTJOIN("、",TRUE,IF(('計算A'!CF$60:CF$104=1)*('計算A'!$C$10:$C$54=1),'計算A'!$B$10:$B$54,"")))))} | G43: {=IF('計算A'!DD$4=0,"",IF(G14<>"","（決定）",IF('計算A'!DD$108=1,"（空ける）",SUMPRODUCT(('計算A'!DD$60:DD$104=1)*('計算A'!$C$10:$C$54=1))&"人："&_xlfn.TEXTJOIN("、",TRUE,IF(('計算A'!DD$60:DD$104=1)*('計算A'!$C$10:$C$54=1),'計算A'!$B$10:$B$54,"")))))} | H43: {=IF('計算A'!EB$4=0,"",IF(H14<>"","（決定）",IF('計算A'!EB$108=1,"（空ける）",SUMPRODUCT(('計算A'!EB$60:EB$104=1)*('計算A'!$C$10:$C$54=1))&"人："&_xlfn.TEXTJOIN("、",TRUE,IF(('計算A'!EB$60:EB$104=1)*('計算A'!$C$10:$C$54=1),'計算A'!$B$10:$B$54,"")))))} | I43: {=IF('計算A'!EZ$4=0,"",IF(I14<>"","（決定）",IF('計算A'!EZ$108=1,"（空ける）",SUMPRODUCT(('計算A'!EZ$60:EZ$104=1)*('計算A'!$C$10:$C$54=1))&"人："&_xlfn.TEXTJOIN("、",TRUE,IF(('計算A'!EZ$60:EZ$104=1)*('計算A'!$C$10:$C$54=1),'計算A'!$B$10:$B$54,"")))))} | J43: {=IF('計算A'!FX$4=0,"",IF(J14<>"","（決定）",IF('計算A'!FX$108=1,"（空ける）",SUMPRODUCT(('計算A'!FX$60:FX$104=1)*('計算A'!$C$10:$C$54=1))&"人："&_xlfn.TEXTJOIN("、",TRUE,IF(('計算A'!FX$60:FX$104=1)*('計算A'!$C$10:$C$54=1),'計算A'!$B$10:$B$54,"")))))} | K43: {=IF('計算A'!GV$4=0,"",IF(K14<>"","（決定）",IF('計算A'!GV$108=1,"（空ける）",SUMPRODUCT(('計算A'!GV$60:GV$104=1)*('計算A'!$C$10:$C$54=1))&"人："&_xlfn.TEXTJOIN("、",TRUE,IF(('計算A'!GV$60:GV$104=1)*('計算A'!$C$10:$C$54=1),'計算A'!$B$10:$B$54,"")))))} | L43: {=IF('計算A'!HT$4=0,"",IF(L14<>"","（決定）",IF('計算A'!HT$108=1,"（空ける）",SUMPRODUCT(('計算A'!HT$60:HT$104=1)*('計算A'!$C$10:$C$54=1))&"人："&_xlfn.TEXTJOIN("、",TRUE,IF(('計算A'!HT$60:HT$104=1)*('計算A'!$C$10:$C$54=1),'計算A'!$B$10:$B$54,"")))))}
B44: ='設定'!$I$20 | C44: {=IF('計算A'!M$4=0,"",IF(C15<>"","（決定）",IF('計算A'!M$108=1,"（空ける）",SUMPRODUCT(('計算A'!M$60:M$104=1)*('計算A'!$C$10:$C$54=1))&"人："&_xlfn.TEXTJOIN("、",TRUE,IF(('計算A'!M$60:M$104=1)*('計算A'!$C$10:$C$54=1),'計算A'!$B$10:$B$54,"")))))} | D44: {=IF('計算A'!AK$4=0,"",IF(D15<>"","（決定）",IF('計算A'!AK$108=1,"（空ける）",SUMPRODUCT(('計算A'!AK$60:AK$104=1)*('計算A'!$C$10:$C$54=1))&"人："&_xlfn.TEXTJOIN("、",TRUE,IF(('計算A'!AK$60:AK$104=1)*('計算A'!$C$10:$C$54=1),'計算A'!$B$10:$B$54,"")))))} | E44: {=IF('計算A'!BI$4=0,"",IF(E15<>"","（決定）",IF('計算A'!BI$108=1,"（空ける）",SUMPRODUCT(('計算A'!BI$60:BI$104=1)*('計算A'!$C$10:$C$54=1))&"人："&_xlfn.TEXTJOIN("、",TRUE,IF(('計算A'!BI$60:BI$104=1)*('計算A'!$C$10:$C$54=1),'計算A'!$B$10:$B$54,"")))))} | F44: {=IF('計算A'!CG$4=0,"",IF(F15<>"","（決定）",IF('計算A'!CG$108=1,"（空ける）",SUMPRODUCT(('計算A'!CG$60:CG$104=1)*('計算A'!$C$10:$C$54=1))&"人："&_xlfn.TEXTJOIN("、",TRUE,IF(('計算A'!CG$60:CG$104=1)*('計算A'!$C$10:$C$54=1),'計算A'!$B$10:$B$54,"")))))} | G44: {=IF('計算A'!DE$4=0,"",IF(G15<>"","（決定）",IF('計算A'!DE$108=1,"（空ける）",SUMPRODUCT(('計算A'!DE$60:DE$104=1)*('計算A'!$C$10:$C$54=1))&"人："&_xlfn.TEXTJOIN("、",TRUE,IF(('計算A'!DE$60:DE$104=1)*('計算A'!$C$10:$C$54=1),'計算A'!$B$10:$B$54,"")))))} | H44: {=IF('計算A'!EC$4=0,"",IF(H15<>"","（決定）",IF('計算A'!EC$108=1,"（空ける）",SUMPRODUCT(('計算A'!EC$60:EC$104=1)*('計算A'!$C$10:$C$54=1))&"人："&_xlfn.TEXTJOIN("、",TRUE,IF(('計算A'!EC$60:EC$104=1)*('計算A'!$C$10:$C$54=1),'計算A'!$B$10:$B$54,"")))))} | I44: {=IF('計算A'!FA$4=0,"",IF(I15<>"","（決定）",IF('計算A'!FA$108=1,"（空ける）",SUMPRODUCT(('計算A'!FA$60:FA$104=1)*('計算A'!$C$10:$C$54=1))&"人："&_xlfn.TEXTJOIN("、",TRUE,IF(('計算A'!FA$60:FA$104=1)*('計算A'!$C$10:$C$54=1),'計算A'!$B$10:$B$54,"")))))} | J44: {=IF('計算A'!FY$4=0,"",IF(J15<>"","（決定）",IF('計算A'!FY$108=1,"（空ける）",SUMPRODUCT(('計算A'!FY$60:FY$104=1)*('計算A'!$C$10:$C$54=1))&"人："&_xlfn.TEXTJOIN("、",TRUE,IF(('計算A'!FY$60:FY$104=1)*('計算A'!$C$10:$C$54=1),'計算A'!$B$10:$B$54,"")))))} | K44: {=IF('計算A'!GW$4=0,"",IF(K15<>"","（決定）",IF('計算A'!GW$108=1,"（空ける）",SUMPRODUCT(('計算A'!GW$60:GW$104=1)*('計算A'!$C$10:$C$54=1))&"人："&_xlfn.TEXTJOIN("、",TRUE,IF(('計算A'!GW$60:GW$104=1)*('計算A'!$C$10:$C$54=1),'計算A'!$B$10:$B$54,"")))))} | L44: {=IF('計算A'!HU$4=0,"",IF(L15<>"","（決定）",IF('計算A'!HU$108=1,"（空ける）",SUMPRODUCT(('計算A'!HU$60:HU$104=1)*('計算A'!$C$10:$C$54=1))&"人："&_xlfn.TEXTJOIN("、",TRUE,IF(('計算A'!HU$60:HU$104=1)*('計算A'!$C$10:$C$54=1),'計算A'!$B$10:$B$54,"")))))}
B45: ='設定'!$I$21 | C45: {=IF('計算A'!N$4=0,"",IF(C16<>"","（決定）",IF('計算A'!N$108=1,"（空ける）",SUMPRODUCT(('計算A'!N$60:N$104=1)*('計算A'!$C$10:$C$54=1))&"人："&_xlfn.TEXTJOIN("、",TRUE,IF(('計算A'!N$60:N$104=1)*('計算A'!$C$10:$C$54=1),'計算A'!$B$10:$B$54,"")))))} | D45: {=IF('計算A'!AL$4=0,"",IF(D16<>"","（決定）",IF('計算A'!AL$108=1,"（空ける）",SUMPRODUCT(('計算A'!AL$60:AL$104=1)*('計算A'!$C$10:$C$54=1))&"人："&_xlfn.TEXTJOIN("、",TRUE,IF(('計算A'!AL$60:AL$104=1)*('計算A'!$C$10:$C$54=1),'計算A'!$B$10:$B$54,"")))))} | E45: {=IF('計算A'!BJ$4=0,"",IF(E16<>"","（決定）",IF('計算A'!BJ$108=1,"（空ける）",SUMPRODUCT(('計算A'!BJ$60:BJ$104=1)*('計算A'!$C$10:$C$54=1))&"人："&_xlfn.TEXTJOIN("、",TRUE,IF(('計算A'!BJ$60:BJ$104=1)*('計算A'!$C$10:$C$54=1),'計算A'!$B$10:$B$54,"")))))} | F45: {=IF('計算A'!CH$4=0,"",IF(F16<>"","（決定）",IF('計算A'!CH$108=1,"（空ける）",SUMPRODUCT(('計算A'!CH$60:CH$104=1)*('計算A'!$C$10:$C$54=1))&"人："&_xlfn.TEXTJOIN("、",TRUE,IF(('計算A'!CH$60:CH$104=1)*('計算A'!$C$10:$C$54=1),'計算A'!$B$10:$B$54,"")))))} | G45: {=IF('計算A'!DF$4=0,"",IF(G16<>"","（決定）",IF('計算A'!DF$108=1,"（空ける）",SUMPRODUCT(('計算A'!DF$60:DF$104=1)*('計算A'!$C$10:$C$54=1))&"人："&_xlfn.TEXTJOIN("、",TRUE,IF(('計算A'!DF$60:DF$104=1)*('計算A'!$C$10:$C$54=1),'計算A'!$B$10:$B$54,"")))))} | H45: {=IF('計算A'!ED$4=0,"",IF(H16<>"","（決定）",IF('計算A'!ED$108=1,"（空ける）",SUMPRODUCT(('計算A'!ED$60:ED$104=1)*('計算A'!$C$10:$C$54=1))&"人："&_xlfn.TEXTJOIN("、",TRUE,IF(('計算A'!ED$60:ED$104=1)*('計算A'!$C$10:$C$54=1),'計算A'!$B$10:$B$54,"")))))} | I45: {=IF('計算A'!FB$4=0,"",IF(I16<>"","（決定）",IF('計算A'!FB$108=1,"（空ける）",SUMPRODUCT(('計算A'!FB$60:FB$104=1)*('計算A'!$C$10:$C$54=1))&"人："&_xlfn.TEXTJOIN("、",TRUE,IF(('計算A'!FB$60:FB$104=1)*('計算A'!$C$10:$C$54=1),'計算A'!$B$10:$B$54,"")))))} | J45: {=IF('計算A'!FZ$4=0,"",IF(J16<>"","（決定）",IF('計算A'!FZ$108=1,"（空ける）",SUMPRODUCT(('計算A'!FZ$60:FZ$104=1)*('計算A'!$C$10:$C$54=1))&"人："&_xlfn.TEXTJOIN("、",TRUE,IF(('計算A'!FZ$60:FZ$104=1)*('計算A'!$C$10:$C$54=1),'計算A'!$B$10:$B$54,"")))))} | K45: {=IF('計算A'!GX$4=0,"",IF(K16<>"","（決定）",IF('計算A'!GX$108=1,"（空ける）",SUMPRODUCT(('計算A'!GX$60:GX$104=1)*('計算A'!$C$10:$C$54=1))&"人："&_xlfn.TEXTJOIN("、",TRUE,IF(('計算A'!GX$60:GX$104=1)*('計算A'!$C$10:$C$54=1),'計算A'!$B$10:$B$54,"")))))} | L45: {=IF('計算A'!HV$4=0,"",IF(L16<>"","（決定）",IF('計算A'!HV$108=1,"（空ける）",SUMPRODUCT(('計算A'!HV$60:HV$104=1)*('計算A'!$C$10:$C$54=1))&"人："&_xlfn.TEXTJOIN("、",TRUE,IF(('計算A'!HV$60:HV$104=1)*('計算A'!$C$10:$C$54=1),'計算A'!$B$10:$B$54,"")))))}
B46: ='設定'!$I$22 | C46: {=IF('計算A'!O$4=0,"",IF(C17<>"","（決定）",IF('計算A'!O$108=1,"（空ける）",SUMPRODUCT(('計算A'!O$60:O$104=1)*('計算A'!$C$10:$C$54=1))&"人："&_xlfn.TEXTJOIN("、",TRUE,IF(('計算A'!O$60:O$104=1)*('計算A'!$C$10:$C$54=1),'計算A'!$B$10:$B$54,"")))))} | D46: {=IF('計算A'!AM$4=0,"",IF(D17<>"","（決定）",IF('計算A'!AM$108=1,"（空ける）",SUMPRODUCT(('計算A'!AM$60:AM$104=1)*('計算A'!$C$10:$C$54=1))&"人："&_xlfn.TEXTJOIN("、",TRUE,IF(('計算A'!AM$60:AM$104=1)*('計算A'!$C$10:$C$54=1),'計算A'!$B$10:$B$54,"")))))} | E46: {=IF('計算A'!BK$4=0,"",IF(E17<>"","（決定）",IF('計算A'!BK$108=1,"（空ける）",SUMPRODUCT(('計算A'!BK$60:BK$104=1)*('計算A'!$C$10:$C$54=1))&"人："&_xlfn.TEXTJOIN("、",TRUE,IF(('計算A'!BK$60:BK$104=1)*('計算A'!$C$10:$C$54=1),'計算A'!$B$10:$B$54,"")))))} | F46: {=IF('計算A'!CI$4=0,"",IF(F17<>"","（決定）",IF('計算A'!CI$108=1,"（空ける）",SUMPRODUCT(('計算A'!CI$60:CI$104=1)*('計算A'!$C$10:$C$54=1))&"人："&_xlfn.TEXTJOIN("、",TRUE,IF(('計算A'!CI$60:CI$104=1)*('計算A'!$C$10:$C$54=1),'計算A'!$B$10:$B$54,"")))))} | G46: {=IF('計算A'!DG$4=0,"",IF(G17<>"","（決定）",IF('計算A'!DG$108=1,"（空ける）",SUMPRODUCT(('計算A'!DG$60:DG$104=1)*('計算A'!$C$10:$C$54=1))&"人："&_xlfn.TEXTJOIN("、",TRUE,IF(('計算A'!DG$60:DG$104=1)*('計算A'!$C$10:$C$54=1),'計算A'!$B$10:$B$54,"")))))} | H46: {=IF('計算A'!EE$4=0,"",IF(H17<>"","（決定）",IF('計算A'!EE$108=1,"（空ける）",SUMPRODUCT(('計算A'!EE$60:EE$104=1)*('計算A'!$C$10:$C$54=1))&"人："&_xlfn.TEXTJOIN("、",TRUE,IF(('計算A'!EE$60:EE$104=1)*('計算A'!$C$10:$C$54=1),'計算A'!$B$10:$B$54,"")))))} | I46: {=IF('計算A'!FC$4=0,"",IF(I17<>"","（決定）",IF('計算A'!FC$108=1,"（空ける）",SUMPRODUCT(('計算A'!FC$60:FC$104=1)*('計算A'!$C$10:$C$54=1))&"人："&_xlfn.TEXTJOIN("、",TRUE,IF(('計算A'!FC$60:FC$104=1)*('計算A'!$C$10:$C$54=1),'計算A'!$B$10:$B$54,"")))))} | J46: {=IF('計算A'!GA$4=0,"",IF(J17<>"","（決定）",IF('計算A'!GA$108=1,"（空ける）",SUMPRODUCT(('計算A'!GA$60:GA$104=1)*('計算A'!$C$10:$C$54=1))&"人："&_xlfn.TEXTJOIN("、",TRUE,IF(('計算A'!GA$60:GA$104=1)*('計算A'!$C$10:$C$54=1),'計算A'!$B$10:$B$54,"")))))} | K46: {=IF('計算A'!GY$4=0,"",IF(K17<>"","（決定）",IF('計算A'!GY$108=1,"（空ける）",SUMPRODUCT(('計算A'!GY$60:GY$104=1)*('計算A'!$C$10:$C$54=1))&"人："&_xlfn.TEXTJOIN("、",TRUE,IF(('計算A'!GY$60:GY$104=1)*('計算A'!$C$10:$C$54=1),'計算A'!$B$10:$B$54,"")))))} | L46: {=IF('計算A'!HW$4=0,"",IF(L17<>"","（決定）",IF('計算A'!HW$108=1,"（空ける）",SUMPRODUCT(('計算A'!HW$60:HW$104=1)*('計算A'!$C$10:$C$54=1))&"人："&_xlfn.TEXTJOIN("、",TRUE,IF(('計算A'!HW$60:HW$104=1)*('計算A'!$C$10:$C$54=1),'計算A'!$B$10:$B$54,"")))))}
B47: ='設定'!$I$23 | C47: {=IF('計算A'!P$4=0,"",IF(C18<>"","（決定）",IF('計算A'!P$108=1,"（空ける）",SUMPRODUCT(('計算A'!P$60:P$104=1)*('計算A'!$C$10:$C$54=1))&"人："&_xlfn.TEXTJOIN("、",TRUE,IF(('計算A'!P$60:P$104=1)*('計算A'!$C$10:$C$54=1),'計算A'!$B$10:$B$54,"")))))} | D47: {=IF('計算A'!AN$4=0,"",IF(D18<>"","（決定）",IF('計算A'!AN$108=1,"（空ける）",SUMPRODUCT(('計算A'!AN$60:AN$104=1)*('計算A'!$C$10:$C$54=1))&"人："&_xlfn.TEXTJOIN("、",TRUE,IF(('計算A'!AN$60:AN$104=1)*('計算A'!$C$10:$C$54=1),'計算A'!$B$10:$B$54,"")))))} | E47: {=IF('計算A'!BL$4=0,"",IF(E18<>"","（決定）",IF('計算A'!BL$108=1,"（空ける）",SUMPRODUCT(('計算A'!BL$60:BL$104=1)*('計算A'!$C$10:$C$54=1))&"人："&_xlfn.TEXTJOIN("、",TRUE,IF(('計算A'!BL$60:BL$104=1)*('計算A'!$C$10:$C$54=1),'計算A'!$B$10:$B$54,"")))))} | F47: {=IF('計算A'!CJ$4=0,"",IF(F18<>"","（決定）",IF('計算A'!CJ$108=1,"（空ける）",SUMPRODUCT(('計算A'!CJ$60:CJ$104=1)*('計算A'!$C$10:$C$54=1))&"人："&_xlfn.TEXTJOIN("、",TRUE,IF(('計算A'!CJ$60:CJ$104=1)*('計算A'!$C$10:$C$54=1),'計算A'!$B$10:$B$54,"")))))} | G47: {=IF('計算A'!DH$4=0,"",IF(G18<>"","（決定）",IF('計算A'!DH$108=1,"（空ける）",SUMPRODUCT(('計算A'!DH$60:DH$104=1)*('計算A'!$C$10:$C$54=1))&"人："&_xlfn.TEXTJOIN("、",TRUE,IF(('計算A'!DH$60:DH$104=1)*('計算A'!$C$10:$C$54=1),'計算A'!$B$10:$B$54,"")))))} | H47: {=IF('計算A'!EF$4=0,"",IF(H18<>"","（決定）",IF('計算A'!EF$108=1,"（空ける）",SUMPRODUCT(('計算A'!EF$60:EF$104=1)*('計算A'!$C$10:$C$54=1))&"人："&_xlfn.TEXTJOIN("、",TRUE,IF(('計算A'!EF$60:EF$104=1)*('計算A'!$C$10:$C$54=1),'計算A'!$B$10:$B$54,"")))))} | I47: {=IF('計算A'!FD$4=0,"",IF(I18<>"","（決定）",IF('計算A'!FD$108=1,"（空ける）",SUMPRODUCT(('計算A'!FD$60:FD$104=1)*('計算A'!$C$10:$C$54=1))&"人："&_xlfn.TEXTJOIN("、",TRUE,IF(('計算A'!FD$60:FD$104=1)*('計算A'!$C$10:$C$54=1),'計算A'!$B$10:$B$54,"")))))} | J47: {=IF('計算A'!GB$4=0,"",IF(J18<>"","（決定）",IF('計算A'!GB$108=1,"（空ける）",SUMPRODUCT(('計算A'!GB$60:GB$104=1)*('計算A'!$C$10:$C$54=1))&"人："&_xlfn.TEXTJOIN("、",TRUE,IF(('計算A'!GB$60:GB$104=1)*('計算A'!$C$10:$C$54=1),'計算A'!$B$10:$B$54,"")))))} | K47: {=IF('計算A'!GZ$4=0,"",IF(K18<>"","（決定）",IF('計算A'!GZ$108=1,"（空ける）",SUMPRODUCT(('計算A'!GZ$60:GZ$104=1)*('計算A'!$C$10:$C$54=1))&"人："&_xlfn.TEXTJOIN("、",TRUE,IF(('計算A'!GZ$60:GZ$104=1)*('計算A'!$C$10:$C$54=1),'計算A'!$B$10:$B$54,"")))))} | L47: {=IF('計算A'!HX$4=0,"",IF(L18<>"","（決定）",IF('計算A'!HX$108=1,"（空ける）",SUMPRODUCT(('計算A'!HX$60:HX$104=1)*('計算A'!$C$10:$C$54=1))&"人："&_xlfn.TEXTJOIN("、",TRUE,IF(('計算A'!HX$60:HX$104=1)*('計算A'!$C$10:$C$54=1),'計算A'!$B$10:$B$54,"")))))}
B48: ='設定'!$I$24 | C48: {=IF('計算A'!Q$4=0,"",IF(C19<>"","（決定）",IF('計算A'!Q$108=1,"（空ける）",SUMPRODUCT(('計算A'!Q$60:Q$104=1)*('計算A'!$C$10:$C$54=1))&"人："&_xlfn.TEXTJOIN("、",TRUE,IF(('計算A'!Q$60:Q$104=1)*('計算A'!$C$10:$C$54=1),'計算A'!$B$10:$B$54,"")))))} | D48: {=IF('計算A'!AO$4=0,"",IF(D19<>"","（決定）",IF('計算A'!AO$108=1,"（空ける）",SUMPRODUCT(('計算A'!AO$60:AO$104=1)*('計算A'!$C$10:$C$54=1))&"人："&_xlfn.TEXTJOIN("、",TRUE,IF(('計算A'!AO$60:AO$104=1)*('計算A'!$C$10:$C$54=1),'計算A'!$B$10:$B$54,"")))))} | E48: {=IF('計算A'!BM$4=0,"",IF(E19<>"","（決定）",IF('計算A'!BM$108=1,"（空ける）",SUMPRODUCT(('計算A'!BM$60:BM$104=1)*('計算A'!$C$10:$C$54=1))&"人："&_xlfn.TEXTJOIN("、",TRUE,IF(('計算A'!BM$60:BM$104=1)*('計算A'!$C$10:$C$54=1),'計算A'!$B$10:$B$54,"")))))} | F48: {=IF('計算A'!CK$4=0,"",IF(F19<>"","（決定）",IF('計算A'!CK$108=1,"（空ける）",SUMPRODUCT(('計算A'!CK$60:CK$104=1)*('計算A'!$C$10:$C$54=1))&"人："&_xlfn.TEXTJOIN("、",TRUE,IF(('計算A'!CK$60:CK$104=1)*('計算A'!$C$10:$C$54=1),'計算A'!$B$10:$B$54,"")))))} | G48: {=IF('計算A'!DI$4=0,"",IF(G19<>"","（決定）",IF('計算A'!DI$108=1,"（空ける）",SUMPRODUCT(('計算A'!DI$60:DI$104=1)*('計算A'!$C$10:$C$54=1))&"人："&_xlfn.TEXTJOIN("、",TRUE,IF(('計算A'!DI$60:DI$104=1)*('計算A'!$C$10:$C$54=1),'計算A'!$B$10:$B$54,"")))))} | H48: {=IF('計算A'!EG$4=0,"",IF(H19<>"","（決定）",IF('計算A'!EG$108=1,"（空ける）",SUMPRODUCT(('計算A'!EG$60:EG$104=1)*('計算A'!$C$10:$C$54=1))&"人："&_xlfn.TEXTJOIN("、",TRUE,IF(('計算A'!EG$60:EG$104=1)*('計算A'!$C$10:$C$54=1),'計算A'!$B$10:$B$54,"")))))} | I48: {=IF('計算A'!FE$4=0,"",IF(I19<>"","（決定）",IF('計算A'!FE$108=1,"（空ける）",SUMPRODUCT(('計算A'!FE$60:FE$104=1)*('計算A'!$C$10:$C$54=1))&"人："&_xlfn.TEXTJOIN("、",TRUE,IF(('計算A'!FE$60:FE$104=1)*('計算A'!$C$10:$C$54=1),'計算A'!$B$10:$B$54,"")))))} | J48: {=IF('計算A'!GC$4=0,"",IF(J19<>"","（決定）",IF('計算A'!GC$108=1,"（空ける）",SUMPRODUCT(('計算A'!GC$60:GC$104=1)*('計算A'!$C$10:$C$54=1))&"人："&_xlfn.TEXTJOIN("、",TRUE,IF(('計算A'!GC$60:GC$104=1)*('計算A'!$C$10:$C$54=1),'計算A'!$B$10:$B$54,"")))))} | K48: {=IF('計算A'!HA$4=0,"",IF(K19<>"","（決定）",IF('計算A'!HA$108=1,"（空ける）",SUMPRODUCT(('計算A'!HA$60:HA$104=1)*('計算A'!$C$10:$C$54=1))&"人："&_xlfn.TEXTJOIN("、",TRUE,IF(('計算A'!HA$60:HA$104=1)*('計算A'!$C$10:$C$54=1),'計算A'!$B$10:$B$54,"")))))} | L48: {=IF('計算A'!HY$4=0,"",IF(L19<>"","（決定）",IF('計算A'!HY$108=1,"（空ける）",SUMPRODUCT(('計算A'!HY$60:HY$104=1)*('計算A'!$C$10:$C$54=1))&"人："&_xlfn.TEXTJOIN("、",TRUE,IF(('計算A'!HY$60:HY$104=1)*('計算A'!$C$10:$C$54=1),'計算A'!$B$10:$B$54,"")))))}
B49: ='設定'!$I$25 | C49: {=IF('計算A'!R$4=0,"",IF(C20<>"","（決定）",IF('計算A'!R$108=1,"（空ける）",SUMPRODUCT(('計算A'!R$60:R$104=1)*('計算A'!$C$10:$C$54=1))&"人："&_xlfn.TEXTJOIN("、",TRUE,IF(('計算A'!R$60:R$104=1)*('計算A'!$C$10:$C$54=1),'計算A'!$B$10:$B$54,"")))))} | D49: {=IF('計算A'!AP$4=0,"",IF(D20<>"","（決定）",IF('計算A'!AP$108=1,"（空ける）",SUMPRODUCT(('計算A'!AP$60:AP$104=1)*('計算A'!$C$10:$C$54=1))&"人："&_xlfn.TEXTJOIN("、",TRUE,IF(('計算A'!AP$60:AP$104=1)*('計算A'!$C$10:$C$54=1),'計算A'!$B$10:$B$54,"")))))} | E49: {=IF('計算A'!BN$4=0,"",IF(E20<>"","（決定）",IF('計算A'!BN$108=1,"（空ける）",SUMPRODUCT(('計算A'!BN$60:BN$104=1)*('計算A'!$C$10:$C$54=1))&"人："&_xlfn.TEXTJOIN("、",TRUE,IF(('計算A'!BN$60:BN$104=1)*('計算A'!$C$10:$C$54=1),'計算A'!$B$10:$B$54,"")))))} | F49: {=IF('計算A'!CL$4=0,"",IF(F20<>"","（決定）",IF('計算A'!CL$108=1,"（空ける）",SUMPRODUCT(('計算A'!CL$60:CL$104=1)*('計算A'!$C$10:$C$54=1))&"人："&_xlfn.TEXTJOIN("、",TRUE,IF(('計算A'!CL$60:CL$104=1)*('計算A'!$C$10:$C$54=1),'計算A'!$B$10:$B$54,"")))))} | G49: {=IF('計算A'!DJ$4=0,"",IF(G20<>"","（決定）",IF('計算A'!DJ$108=1,"（空ける）",SUMPRODUCT(('計算A'!DJ$60:DJ$104=1)*('計算A'!$C$10:$C$54=1))&"人："&_xlfn.TEXTJOIN("、",TRUE,IF(('計算A'!DJ$60:DJ$104=1)*('計算A'!$C$10:$C$54=1),'計算A'!$B$10:$B$54,"")))))} | H49: {=IF('計算A'!EH$4=0,"",IF(H20<>"","（決定）",IF('計算A'!EH$108=1,"（空ける）",SUMPRODUCT(('計算A'!EH$60:EH$104=1)*('計算A'!$C$10:$C$54=1))&"人："&_xlfn.TEXTJOIN("、",TRUE,IF(('計算A'!EH$60:EH$104=1)*('計算A'!$C$10:$C$54=1),'計算A'!$B$10:$B$54,"")))))} | I49: {=IF('計算A'!FF$4=0,"",IF(I20<>"","（決定）",IF('計算A'!FF$108=1,"（空ける）",SUMPRODUCT(('計算A'!FF$60:FF$104=1)*('計算A'!$C$10:$C$54=1))&"人："&_xlfn.TEXTJOIN("、",TRUE,IF(('計算A'!FF$60:FF$104=1)*('計算A'!$C$10:$C$54=1),'計算A'!$B$10:$B$54,"")))))} | J49: {=IF('計算A'!GD$4=0,"",IF(J20<>"","（決定）",IF('計算A'!GD$108=1,"（空ける）",SUMPRODUCT(('計算A'!GD$60:GD$104=1)*('計算A'!$C$10:$C$54=1))&"人："&_xlfn.TEXTJOIN("、",TRUE,IF(('計算A'!GD$60:GD$104=1)*('計算A'!$C$10:$C$54=1),'計算A'!$B$10:$B$54,"")))))} | K49: {=IF('計算A'!HB$4=0,"",IF(K20<>"","（決定）",IF('計算A'!HB$108=1,"（空ける）",SUMPRODUCT(('計算A'!HB$60:HB$104=1)*('計算A'!$C$10:$C$54=1))&"人："&_xlfn.TEXTJOIN("、",TRUE,IF(('計算A'!HB$60:HB$104=1)*('計算A'!$C$10:$C$54=1),'計算A'!$B$10:$B$54,"")))))} | L49: {=IF('計算A'!HZ$4=0,"",IF(L20<>"","（決定）",IF('計算A'!HZ$108=1,"（空ける）",SUMPRODUCT(('計算A'!HZ$60:HZ$104=1)*('計算A'!$C$10:$C$54=1))&"人："&_xlfn.TEXTJOIN("、",TRUE,IF(('計算A'!HZ$60:HZ$104=1)*('計算A'!$C$10:$C$54=1),'計算A'!$B$10:$B$54,"")))))}
B50: ='設定'!$I$26 | C50: {=IF('計算A'!S$4=0,"",IF(C21<>"","（決定）",IF('計算A'!S$108=1,"（空ける）",SUMPRODUCT(('計算A'!S$60:S$104=1)*('計算A'!$C$10:$C$54=1))&"人："&_xlfn.TEXTJOIN("、",TRUE,IF(('計算A'!S$60:S$104=1)*('計算A'!$C$10:$C$54=1),'計算A'!$B$10:$B$54,"")))))} | D50: {=IF('計算A'!AQ$4=0,"",IF(D21<>"","（決定）",IF('計算A'!AQ$108=1,"（空ける）",SUMPRODUCT(('計算A'!AQ$60:AQ$104=1)*('計算A'!$C$10:$C$54=1))&"人："&_xlfn.TEXTJOIN("、",TRUE,IF(('計算A'!AQ$60:AQ$104=1)*('計算A'!$C$10:$C$54=1),'計算A'!$B$10:$B$54,"")))))} | E50: {=IF('計算A'!BO$4=0,"",IF(E21<>"","（決定）",IF('計算A'!BO$108=1,"（空ける）",SUMPRODUCT(('計算A'!BO$60:BO$104=1)*('計算A'!$C$10:$C$54=1))&"人："&_xlfn.TEXTJOIN("、",TRUE,IF(('計算A'!BO$60:BO$104=1)*('計算A'!$C$10:$C$54=1),'計算A'!$B$10:$B$54,"")))))} | F50: {=IF('計算A'!CM$4=0,"",IF(F21<>"","（決定）",IF('計算A'!CM$108=1,"（空ける）",SUMPRODUCT(('計算A'!CM$60:CM$104=1)*('計算A'!$C$10:$C$54=1))&"人："&_xlfn.TEXTJOIN("、",TRUE,IF(('計算A'!CM$60:CM$104=1)*('計算A'!$C$10:$C$54=1),'計算A'!$B$10:$B$54,"")))))} | G50: {=IF('計算A'!DK$4=0,"",IF(G21<>"","（決定）",IF('計算A'!DK$108=1,"（空ける）",SUMPRODUCT(('計算A'!DK$60:DK$104=1)*('計算A'!$C$10:$C$54=1))&"人："&_xlfn.TEXTJOIN("、",TRUE,IF(('計算A'!DK$60:DK$104=1)*('計算A'!$C$10:$C$54=1),'計算A'!$B$10:$B$54,"")))))} | H50: {=IF('計算A'!EI$4=0,"",IF(H21<>"","（決定）",IF('計算A'!EI$108=1,"（空ける）",SUMPRODUCT(('計算A'!EI$60:EI$104=1)*('計算A'!$C$10:$C$54=1))&"人："&_xlfn.TEXTJOIN("、",TRUE,IF(('計算A'!EI$60:EI$104=1)*('計算A'!$C$10:$C$54=1),'計算A'!$B$10:$B$54,"")))))} | I50: {=IF('計算A'!FG$4=0,"",IF(I21<>"","（決定）",IF('計算A'!FG$108=1,"（空ける）",SUMPRODUCT(('計算A'!FG$60:FG$104=1)*('計算A'!$C$10:$C$54=1))&"人："&_xlfn.TEXTJOIN("、",TRUE,IF(('計算A'!FG$60:FG$104=1)*('計算A'!$C$10:$C$54=1),'計算A'!$B$10:$B$54,"")))))} | J50: {=IF('計算A'!GE$4=0,"",IF(J21<>"","（決定）",IF('計算A'!GE$108=1,"（空ける）",SUMPRODUCT(('計算A'!GE$60:GE$104=1)*('計算A'!$C$10:$C$54=1))&"人："&_xlfn.TEXTJOIN("、",TRUE,IF(('計算A'!GE$60:GE$104=1)*('計算A'!$C$10:$C$54=1),'計算A'!$B$10:$B$54,"")))))} | K50: {=IF('計算A'!HC$4=0,"",IF(K21<>"","（決定）",IF('計算A'!HC$108=1,"（空ける）",SUMPRODUCT(('計算A'!HC$60:HC$104=1)*('計算A'!$C$10:$C$54=1))&"人："&_xlfn.TEXTJOIN("、",TRUE,IF(('計算A'!HC$60:HC$104=1)*('計算A'!$C$10:$C$54=1),'計算A'!$B$10:$B$54,"")))))} | L50: {=IF('計算A'!IA$4=0,"",IF(L21<>"","（決定）",IF('計算A'!IA$108=1,"（空ける）",SUMPRODUCT(('計算A'!IA$60:IA$104=1)*('計算A'!$C$10:$C$54=1))&"人："&_xlfn.TEXTJOIN("、",TRUE,IF(('計算A'!IA$60:IA$104=1)*('計算A'!$C$10:$C$54=1),'計算A'!$B$10:$B$54,"")))))}
B51: ='設定'!$I$27 | C51: {=IF('計算A'!T$4=0,"",IF(C22<>"","（決定）",IF('計算A'!T$108=1,"（空ける）",SUMPRODUCT(('計算A'!T$60:T$104=1)*('計算A'!$C$10:$C$54=1))&"人："&_xlfn.TEXTJOIN("、",TRUE,IF(('計算A'!T$60:T$104=1)*('計算A'!$C$10:$C$54=1),'計算A'!$B$10:$B$54,"")))))} | D51: {=IF('計算A'!AR$4=0,"",IF(D22<>"","（決定）",IF('計算A'!AR$108=1,"（空ける）",SUMPRODUCT(('計算A'!AR$60:AR$104=1)*('計算A'!$C$10:$C$54=1))&"人："&_xlfn.TEXTJOIN("、",TRUE,IF(('計算A'!AR$60:AR$104=1)*('計算A'!$C$10:$C$54=1),'計算A'!$B$10:$B$54,"")))))} | E51: {=IF('計算A'!BP$4=0,"",IF(E22<>"","（決定）",IF('計算A'!BP$108=1,"（空ける）",SUMPRODUCT(('計算A'!BP$60:BP$104=1)*('計算A'!$C$10:$C$54=1))&"人："&_xlfn.TEXTJOIN("、",TRUE,IF(('計算A'!BP$60:BP$104=1)*('計算A'!$C$10:$C$54=1),'計算A'!$B$10:$B$54,"")))))} | F51: {=IF('計算A'!CN$4=0,"",IF(F22<>"","（決定）",IF('計算A'!CN$108=1,"（空ける）",SUMPRODUCT(('計算A'!CN$60:CN$104=1)*('計算A'!$C$10:$C$54=1))&"人："&_xlfn.TEXTJOIN("、",TRUE,IF(('計算A'!CN$60:CN$104=1)*('計算A'!$C$10:$C$54=1),'計算A'!$B$10:$B$54,"")))))} | G51: {=IF('計算A'!DL$4=0,"",IF(G22<>"","（決定）",IF('計算A'!DL$108=1,"（空ける）",SUMPRODUCT(('計算A'!DL$60:DL$104=1)*('計算A'!$C$10:$C$54=1))&"人："&_xlfn.TEXTJOIN("、",TRUE,IF(('計算A'!DL$60:DL$104=1)*('計算A'!$C$10:$C$54=1),'計算A'!$B$10:$B$54,"")))))} | H51: {=IF('計算A'!EJ$4=0,"",IF(H22<>"","（決定）",IF('計算A'!EJ$108=1,"（空ける）",SUMPRODUCT(('計算A'!EJ$60:EJ$104=1)*('計算A'!$C$10:$C$54=1))&"人："&_xlfn.TEXTJOIN("、",TRUE,IF(('計算A'!EJ$60:EJ$104=1)*('計算A'!$C$10:$C$54=1),'計算A'!$B$10:$B$54,"")))))} | I51: {=IF('計算A'!FH$4=0,"",IF(I22<>"","（決定）",IF('計算A'!FH$108=1,"（空ける）",SUMPRODUCT(('計算A'!FH$60:FH$104=1)*('計算A'!$C$10:$C$54=1))&"人："&_xlfn.TEXTJOIN("、",TRUE,IF(('計算A'!FH$60:FH$104=1)*('計算A'!$C$10:$C$54=1),'計算A'!$B$10:$B$54,"")))))} | J51: {=IF('計算A'!GF$4=0,"",IF(J22<>"","（決定）",IF('計算A'!GF$108=1,"（空ける）",SUMPRODUCT(('計算A'!GF$60:GF$104=1)*('計算A'!$C$10:$C$54=1))&"人："&_xlfn.TEXTJOIN("、",TRUE,IF(('計算A'!GF$60:GF$104=1)*('計算A'!$C$10:$C$54=1),'計算A'!$B$10:$B$54,"")))))} | K51: {=IF('計算A'!HD$4=0,"",IF(K22<>"","（決定）",IF('計算A'!HD$108=1,"（空ける）",SUMPRODUCT(('計算A'!HD$60:HD$104=1)*('計算A'!$C$10:$C$54=1))&"人："&_xlfn.TEXTJOIN("、",TRUE,IF(('計算A'!HD$60:HD$104=1)*('計算A'!$C$10:$C$54=1),'計算A'!$B$10:$B$54,"")))))} | L51: {=IF('計算A'!IB$4=0,"",IF(L22<>"","（決定）",IF('計算A'!IB$108=1,"（空ける）",SUMPRODUCT(('計算A'!IB$60:IB$104=1)*('計算A'!$C$10:$C$54=1))&"人："&_xlfn.TEXTJOIN("、",TRUE,IF(('計算A'!IB$60:IB$104=1)*('計算A'!$C$10:$C$54=1),'計算A'!$B$10:$B$54,"")))))}
B52: ='設定'!$I$28 | C52: {=IF('計算A'!U$4=0,"",IF(C23<>"","（決定）",IF('計算A'!U$108=1,"（空ける）",SUMPRODUCT(('計算A'!U$60:U$104=1)*('計算A'!$C$10:$C$54=1))&"人："&_xlfn.TEXTJOIN("、",TRUE,IF(('計算A'!U$60:U$104=1)*('計算A'!$C$10:$C$54=1),'計算A'!$B$10:$B$54,"")))))} | D52: {=IF('計算A'!AS$4=0,"",IF(D23<>"","（決定）",IF('計算A'!AS$108=1,"（空ける）",SUMPRODUCT(('計算A'!AS$60:AS$104=1)*('計算A'!$C$10:$C$54=1))&"人："&_xlfn.TEXTJOIN("、",TRUE,IF(('計算A'!AS$60:AS$104=1)*('計算A'!$C$10:$C$54=1),'計算A'!$B$10:$B$54,"")))))} | E52: {=IF('計算A'!BQ$4=0,"",IF(E23<>"","（決定）",IF('計算A'!BQ$108=1,"（空ける）",SUMPRODUCT(('計算A'!BQ$60:BQ$104=1)*('計算A'!$C$10:$C$54=1))&"人："&_xlfn.TEXTJOIN("、",TRUE,IF(('計算A'!BQ$60:BQ$104=1)*('計算A'!$C$10:$C$54=1),'計算A'!$B$10:$B$54,"")))))} | F52: {=IF('計算A'!CO$4=0,"",IF(F23<>"","（決定）",IF('計算A'!CO$108=1,"（空ける）",SUMPRODUCT(('計算A'!CO$60:CO$104=1)*('計算A'!$C$10:$C$54=1))&"人："&_xlfn.TEXTJOIN("、",TRUE,IF(('計算A'!CO$60:CO$104=1)*('計算A'!$C$10:$C$54=1),'計算A'!$B$10:$B$54,"")))))} | G52: {=IF('計算A'!DM$4=0,"",IF(G23<>"","（決定）",IF('計算A'!DM$108=1,"（空ける）",SUMPRODUCT(('計算A'!DM$60:DM$104=1)*('計算A'!$C$10:$C$54=1))&"人："&_xlfn.TEXTJOIN("、",TRUE,IF(('計算A'!DM$60:DM$104=1)*('計算A'!$C$10:$C$54=1),'計算A'!$B$10:$B$54,"")))))} | H52: {=IF('計算A'!EK$4=0,"",IF(H23<>"","（決定）",IF('計算A'!EK$108=1,"（空ける）",SUMPRODUCT(('計算A'!EK$60:EK$104=1)*('計算A'!$C$10:$C$54=1))&"人："&_xlfn.TEXTJOIN("、",TRUE,IF(('計算A'!EK$60:EK$104=1)*('計算A'!$C$10:$C$54=1),'計算A'!$B$10:$B$54,"")))))} | I52: {=IF('計算A'!FI$4=0,"",IF(I23<>"","（決定）",IF('計算A'!FI$108=1,"（空ける）",SUMPRODUCT(('計算A'!FI$60:FI$104=1)*('計算A'!$C$10:$C$54=1))&"人："&_xlfn.TEXTJOIN("、",TRUE,IF(('計算A'!FI$60:FI$104=1)*('計算A'!$C$10:$C$54=1),'計算A'!$B$10:$B$54,"")))))} | J52: {=IF('計算A'!GG$4=0,"",IF(J23<>"","（決定）",IF('計算A'!GG$108=1,"（空ける）",SUMPRODUCT(('計算A'!GG$60:GG$104=1)*('計算A'!$C$10:$C$54=1))&"人："&_xlfn.TEXTJOIN("、",TRUE,IF(('計算A'!GG$60:GG$104=1)*('計算A'!$C$10:$C$54=1),'計算A'!$B$10:$B$54,"")))))} | K52: {=IF('計算A'!HE$4=0,"",IF(K23<>"","（決定）",IF('計算A'!HE$108=1,"（空ける）",SUMPRODUCT(('計算A'!HE$60:HE$104=1)*('計算A'!$C$10:$C$54=1))&"人："&_xlfn.TEXTJOIN("、",TRUE,IF(('計算A'!HE$60:HE$104=1)*('計算A'!$C$10:$C$54=1),'計算A'!$B$10:$B$54,"")))))} | L52: {=IF('計算A'!IC$4=0,"",IF(L23<>"","（決定）",IF('計算A'!IC$108=1,"（空ける）",SUMPRODUCT(('計算A'!IC$60:IC$104=1)*('計算A'!$C$10:$C$54=1))&"人："&_xlfn.TEXTJOIN("、",TRUE,IF(('計算A'!IC$60:IC$104=1)*('計算A'!$C$10:$C$54=1),'計算A'!$B$10:$B$54,"")))))}
B53: ='設定'!$I$29 | C53: {=IF('計算A'!V$4=0,"",IF(C24<>"","（決定）",IF('計算A'!V$108=1,"（空ける）",SUMPRODUCT(('計算A'!V$60:V$104=1)*('計算A'!$C$10:$C$54=1))&"人："&_xlfn.TEXTJOIN("、",TRUE,IF(('計算A'!V$60:V$104=1)*('計算A'!$C$10:$C$54=1),'計算A'!$B$10:$B$54,"")))))} | D53: {=IF('計算A'!AT$4=0,"",IF(D24<>"","（決定）",IF('計算A'!AT$108=1,"（空ける）",SUMPRODUCT(('計算A'!AT$60:AT$104=1)*('計算A'!$C$10:$C$54=1))&"人："&_xlfn.TEXTJOIN("、",TRUE,IF(('計算A'!AT$60:AT$104=1)*('計算A'!$C$10:$C$54=1),'計算A'!$B$10:$B$54,"")))))} | E53: {=IF('計算A'!BR$4=0,"",IF(E24<>"","（決定）",IF('計算A'!BR$108=1,"（空ける）",SUMPRODUCT(('計算A'!BR$60:BR$104=1)*('計算A'!$C$10:$C$54=1))&"人："&_xlfn.TEXTJOIN("、",TRUE,IF(('計算A'!BR$60:BR$104=1)*('計算A'!$C$10:$C$54=1),'計算A'!$B$10:$B$54,"")))))} | F53: {=IF('計算A'!CP$4=0,"",IF(F24<>"","（決定）",IF('計算A'!CP$108=1,"（空ける）",SUMPRODUCT(('計算A'!CP$60:CP$104=1)*('計算A'!$C$10:$C$54=1))&"人："&_xlfn.TEXTJOIN("、",TRUE,IF(('計算A'!CP$60:CP$104=1)*('計算A'!$C$10:$C$54=1),'計算A'!$B$10:$B$54,"")))))} | G53: {=IF('計算A'!DN$4=0,"",IF(G24<>"","（決定）",IF('計算A'!DN$108=1,"（空ける）",SUMPRODUCT(('計算A'!DN$60:DN$104=1)*('計算A'!$C$10:$C$54=1))&"人："&_xlfn.TEXTJOIN("、",TRUE,IF(('計算A'!DN$60:DN$104=1)*('計算A'!$C$10:$C$54=1),'計算A'!$B$10:$B$54,"")))))} | H53: {=IF('計算A'!EL$4=0,"",IF(H24<>"","（決定）",IF('計算A'!EL$108=1,"（空ける）",SUMPRODUCT(('計算A'!EL$60:EL$104=1)*('計算A'!$C$10:$C$54=1))&"人："&_xlfn.TEXTJOIN("、",TRUE,IF(('計算A'!EL$60:EL$104=1)*('計算A'!$C$10:$C$54=1),'計算A'!$B$10:$B$54,"")))))} | I53: {=IF('計算A'!FJ$4=0,"",IF(I24<>"","（決定）",IF('計算A'!FJ$108=1,"（空ける）",SUMPRODUCT(('計算A'!FJ$60:FJ$104=1)*('計算A'!$C$10:$C$54=1))&"人："&_xlfn.TEXTJOIN("、",TRUE,IF(('計算A'!FJ$60:FJ$104=1)*('計算A'!$C$10:$C$54=1),'計算A'!$B$10:$B$54,"")))))} | J53: {=IF('計算A'!GH$4=0,"",IF(J24<>"","（決定）",IF('計算A'!GH$108=1,"（空ける）",SUMPRODUCT(('計算A'!GH$60:GH$104=1)*('計算A'!$C$10:$C$54=1))&"人："&_xlfn.TEXTJOIN("、",TRUE,IF(('計算A'!GH$60:GH$104=1)*('計算A'!$C$10:$C$54=1),'計算A'!$B$10:$B$54,"")))))} | K53: {=IF('計算A'!HF$4=0,"",IF(K24<>"","（決定）",IF('計算A'!HF$108=1,"（空ける）",SUMPRODUCT(('計算A'!HF$60:HF$104=1)*('計算A'!$C$10:$C$54=1))&"人："&_xlfn.TEXTJOIN("、",TRUE,IF(('計算A'!HF$60:HF$104=1)*('計算A'!$C$10:$C$54=1),'計算A'!$B$10:$B$54,"")))))} | L53: {=IF('計算A'!ID$4=0,"",IF(L24<>"","（決定）",IF('計算A'!ID$108=1,"（空ける）",SUMPRODUCT(('計算A'!ID$60:ID$104=1)*('計算A'!$C$10:$C$54=1))&"人："&_xlfn.TEXTJOIN("、",TRUE,IF(('計算A'!ID$60:ID$104=1)*('計算A'!$C$10:$C$54=1),'計算A'!$B$10:$B$54,"")))))}
B54: ='設定'!$I$30 | C54: {=IF('計算A'!W$4=0,"",IF(C25<>"","（決定）",IF('計算A'!W$108=1,"（空ける）",SUMPRODUCT(('計算A'!W$60:W$104=1)*('計算A'!$C$10:$C$54=1))&"人："&_xlfn.TEXTJOIN("、",TRUE,IF(('計算A'!W$60:W$104=1)*('計算A'!$C$10:$C$54=1),'計算A'!$B$10:$B$54,"")))))} | D54: {=IF('計算A'!AU$4=0,"",IF(D25<>"","（決定）",IF('計算A'!AU$108=1,"（空ける）",SUMPRODUCT(('計算A'!AU$60:AU$104=1)*('計算A'!$C$10:$C$54=1))&"人："&_xlfn.TEXTJOIN("、",TRUE,IF(('計算A'!AU$60:AU$104=1)*('計算A'!$C$10:$C$54=1),'計算A'!$B$10:$B$54,"")))))} | E54: {=IF('計算A'!BS$4=0,"",IF(E25<>"","（決定）",IF('計算A'!BS$108=1,"（空ける）",SUMPRODUCT(('計算A'!BS$60:BS$104=1)*('計算A'!$C$10:$C$54=1))&"人："&_xlfn.TEXTJOIN("、",TRUE,IF(('計算A'!BS$60:BS$104=1)*('計算A'!$C$10:$C$54=1),'計算A'!$B$10:$B$54,"")))))} | F54: {=IF('計算A'!CQ$4=0,"",IF(F25<>"","（決定）",IF('計算A'!CQ$108=1,"（空ける）",SUMPRODUCT(('計算A'!CQ$60:CQ$104=1)*('計算A'!$C$10:$C$54=1))&"人："&_xlfn.TEXTJOIN("、",TRUE,IF(('計算A'!CQ$60:CQ$104=1)*('計算A'!$C$10:$C$54=1),'計算A'!$B$10:$B$54,"")))))} | G54: {=IF('計算A'!DO$4=0,"",IF(G25<>"","（決定）",IF('計算A'!DO$108=1,"（空ける）",SUMPRODUCT(('計算A'!DO$60:DO$104=1)*('計算A'!$C$10:$C$54=1))&"人："&_xlfn.TEXTJOIN("、",TRUE,IF(('計算A'!DO$60:DO$104=1)*('計算A'!$C$10:$C$54=1),'計算A'!$B$10:$B$54,"")))))} | H54: {=IF('計算A'!EM$4=0,"",IF(H25<>"","（決定）",IF('計算A'!EM$108=1,"（空ける）",SUMPRODUCT(('計算A'!EM$60:EM$104=1)*('計算A'!$C$10:$C$54=1))&"人："&_xlfn.TEXTJOIN("、",TRUE,IF(('計算A'!EM$60:EM$104=1)*('計算A'!$C$10:$C$54=1),'計算A'!$B$10:$B$54,"")))))} | I54: {=IF('計算A'!FK$4=0,"",IF(I25<>"","（決定）",IF('計算A'!FK$108=1,"（空ける）",SUMPRODUCT(('計算A'!FK$60:FK$104=1)*('計算A'!$C$10:$C$54=1))&"人："&_xlfn.TEXTJOIN("、",TRUE,IF(('計算A'!FK$60:FK$104=1)*('計算A'!$C$10:$C$54=1),'計算A'!$B$10:$B$54,"")))))} | J54: {=IF('計算A'!GI$4=0,"",IF(J25<>"","（決定）",IF('計算A'!GI$108=1,"（空ける）",SUMPRODUCT(('計算A'!GI$60:GI$104=1)*('計算A'!$C$10:$C$54=1))&"人："&_xlfn.TEXTJOIN("、",TRUE,IF(('計算A'!GI$60:GI$104=1)*('計算A'!$C$10:$C$54=1),'計算A'!$B$10:$B$54,"")))))} | K54: {=IF('計算A'!HG$4=0,"",IF(K25<>"","（決定）",IF('計算A'!HG$108=1,"（空ける）",SUMPRODUCT(('計算A'!HG$60:HG$104=1)*('計算A'!$C$10:$C$54=1))&"人："&_xlfn.TEXTJOIN("、",TRUE,IF(('計算A'!HG$60:HG$104=1)*('計算A'!$C$10:$C$54=1),'計算A'!$B$10:$B$54,"")))))} | L54: {=IF('計算A'!IE$4=0,"",IF(L25<>"","（決定）",IF('計算A'!IE$108=1,"（空ける）",SUMPRODUCT(('計算A'!IE$60:IE$104=1)*('計算A'!$C$10:$C$54=1))&"人："&_xlfn.TEXTJOIN("、",TRUE,IF(('計算A'!IE$60:IE$104=1)*('計算A'!$C$10:$C$54=1),'計算A'!$B$10:$B$54,"")))))}
B55: ='設定'!$I$31 | C55: {=IF('計算A'!X$4=0,"",IF(C26<>"","（決定）",IF('計算A'!X$108=1,"（空ける）",SUMPRODUCT(('計算A'!X$60:X$104=1)*('計算A'!$C$10:$C$54=1))&"人："&_xlfn.TEXTJOIN("、",TRUE,IF(('計算A'!X$60:X$104=1)*('計算A'!$C$10:$C$54=1),'計算A'!$B$10:$B$54,"")))))} | D55: {=IF('計算A'!AV$4=0,"",IF(D26<>"","（決定）",IF('計算A'!AV$108=1,"（空ける）",SUMPRODUCT(('計算A'!AV$60:AV$104=1)*('計算A'!$C$10:$C$54=1))&"人："&_xlfn.TEXTJOIN("、",TRUE,IF(('計算A'!AV$60:AV$104=1)*('計算A'!$C$10:$C$54=1),'計算A'!$B$10:$B$54,"")))))} | E55: {=IF('計算A'!BT$4=0,"",IF(E26<>"","（決定）",IF('計算A'!BT$108=1,"（空ける）",SUMPRODUCT(('計算A'!BT$60:BT$104=1)*('計算A'!$C$10:$C$54=1))&"人："&_xlfn.TEXTJOIN("、",TRUE,IF(('計算A'!BT$60:BT$104=1)*('計算A'!$C$10:$C$54=1),'計算A'!$B$10:$B$54,"")))))} | F55: {=IF('計算A'!CR$4=0,"",IF(F26<>"","（決定）",IF('計算A'!CR$108=1,"（空ける）",SUMPRODUCT(('計算A'!CR$60:CR$104=1)*('計算A'!$C$10:$C$54=1))&"人："&_xlfn.TEXTJOIN("、",TRUE,IF(('計算A'!CR$60:CR$104=1)*('計算A'!$C$10:$C$54=1),'計算A'!$B$10:$B$54,"")))))} | G55: {=IF('計算A'!DP$4=0,"",IF(G26<>"","（決定）",IF('計算A'!DP$108=1,"（空ける）",SUMPRODUCT(('計算A'!DP$60:DP$104=1)*('計算A'!$C$10:$C$54=1))&"人："&_xlfn.TEXTJOIN("、",TRUE,IF(('計算A'!DP$60:DP$104=1)*('計算A'!$C$10:$C$54=1),'計算A'!$B$10:$B$54,"")))))} | H55: {=IF('計算A'!EN$4=0,"",IF(H26<>"","（決定）",IF('計算A'!EN$108=1,"（空ける）",SUMPRODUCT(('計算A'!EN$60:EN$104=1)*('計算A'!$C$10:$C$54=1))&"人："&_xlfn.TEXTJOIN("、",TRUE,IF(('計算A'!EN$60:EN$104=1)*('計算A'!$C$10:$C$54=1),'計算A'!$B$10:$B$54,"")))))} | I55: {=IF('計算A'!FL$4=0,"",IF(I26<>"","（決定）",IF('計算A'!FL$108=1,"（空ける）",SUMPRODUCT(('計算A'!FL$60:FL$104=1)*('計算A'!$C$10:$C$54=1))&"人："&_xlfn.TEXTJOIN("、",TRUE,IF(('計算A'!FL$60:FL$104=1)*('計算A'!$C$10:$C$54=1),'計算A'!$B$10:$B$54,"")))))} | J55: {=IF('計算A'!GJ$4=0,"",IF(J26<>"","（決定）",IF('計算A'!GJ$108=1,"（空ける）",SUMPRODUCT(('計算A'!GJ$60:GJ$104=1)*('計算A'!$C$10:$C$54=1))&"人："&_xlfn.TEXTJOIN("、",TRUE,IF(('計算A'!GJ$60:GJ$104=1)*('計算A'!$C$10:$C$54=1),'計算A'!$B$10:$B$54,"")))))} | K55: {=IF('計算A'!HH$4=0,"",IF(K26<>"","（決定）",IF('計算A'!HH$108=1,"（空ける）",SUMPRODUCT(('計算A'!HH$60:HH$104=1)*('計算A'!$C$10:$C$54=1))&"人："&_xlfn.TEXTJOIN("、",TRUE,IF(('計算A'!HH$60:HH$104=1)*('計算A'!$C$10:$C$54=1),'計算A'!$B$10:$B$54,"")))))} | L55: {=IF('計算A'!IF$4=0,"",IF(L26<>"","（決定）",IF('計算A'!IF$108=1,"（空ける）",SUMPRODUCT(('計算A'!IF$60:IF$104=1)*('計算A'!$C$10:$C$54=1))&"人："&_xlfn.TEXTJOIN("、",TRUE,IF(('計算A'!IF$60:IF$104=1)*('計算A'!$C$10:$C$54=1),'計算A'!$B$10:$B$54,"")))))}
B56: ='設定'!$I$32 | C56: {=IF('計算A'!Y$4=0,"",IF(C27<>"","（決定）",IF('計算A'!Y$108=1,"（空ける）",SUMPRODUCT(('計算A'!Y$60:Y$104=1)*('計算A'!$C$10:$C$54=1))&"人："&_xlfn.TEXTJOIN("、",TRUE,IF(('計算A'!Y$60:Y$104=1)*('計算A'!$C$10:$C$54=1),'計算A'!$B$10:$B$54,"")))))} | D56: {=IF('計算A'!AW$4=0,"",IF(D27<>"","（決定）",IF('計算A'!AW$108=1,"（空ける）",SUMPRODUCT(('計算A'!AW$60:AW$104=1)*('計算A'!$C$10:$C$54=1))&"人："&_xlfn.TEXTJOIN("、",TRUE,IF(('計算A'!AW$60:AW$104=1)*('計算A'!$C$10:$C$54=1),'計算A'!$B$10:$B$54,"")))))} | E56: {=IF('計算A'!BU$4=0,"",IF(E27<>"","（決定）",IF('計算A'!BU$108=1,"（空ける）",SUMPRODUCT(('計算A'!BU$60:BU$104=1)*('計算A'!$C$10:$C$54=1))&"人："&_xlfn.TEXTJOIN("、",TRUE,IF(('計算A'!BU$60:BU$104=1)*('計算A'!$C$10:$C$54=1),'計算A'!$B$10:$B$54,"")))))} | F56: {=IF('計算A'!CS$4=0,"",IF(F27<>"","（決定）",IF('計算A'!CS$108=1,"（空ける）",SUMPRODUCT(('計算A'!CS$60:CS$104=1)*('計算A'!$C$10:$C$54=1))&"人："&_xlfn.TEXTJOIN("、",TRUE,IF(('計算A'!CS$60:CS$104=1)*('計算A'!$C$10:$C$54=1),'計算A'!$B$10:$B$54,"")))))} | G56: {=IF('計算A'!DQ$4=0,"",IF(G27<>"","（決定）",IF('計算A'!DQ$108=1,"（空ける）",SUMPRODUCT(('計算A'!DQ$60:DQ$104=1)*('計算A'!$C$10:$C$54=1))&"人："&_xlfn.TEXTJOIN("、",TRUE,IF(('計算A'!DQ$60:DQ$104=1)*('計算A'!$C$10:$C$54=1),'計算A'!$B$10:$B$54,"")))))} | H56: {=IF('計算A'!EO$4=0,"",IF(H27<>"","（決定）",IF('計算A'!EO$108=1,"（空ける）",SUMPRODUCT(('計算A'!EO$60:EO$104=1)*('計算A'!$C$10:$C$54=1))&"人："&_xlfn.TEXTJOIN("、",TRUE,IF(('計算A'!EO$60:EO$104=1)*('計算A'!$C$10:$C$54=1),'計算A'!$B$10:$B$54,"")))))} | I56: {=IF('計算A'!FM$4=0,"",IF(I27<>"","（決定）",IF('計算A'!FM$108=1,"（空ける）",SUMPRODUCT(('計算A'!FM$60:FM$104=1)*('計算A'!$C$10:$C$54=1))&"人："&_xlfn.TEXTJOIN("、",TRUE,IF(('計算A'!FM$60:FM$104=1)*('計算A'!$C$10:$C$54=1),'計算A'!$B$10:$B$54,"")))))} | J56: {=IF('計算A'!GK$4=0,"",IF(J27<>"","（決定）",IF('計算A'!GK$108=1,"（空ける）",SUMPRODUCT(('計算A'!GK$60:GK$104=1)*('計算A'!$C$10:$C$54=1))&"人："&_xlfn.TEXTJOIN("、",TRUE,IF(('計算A'!GK$60:GK$104=1)*('計算A'!$C$10:$C$54=1),'計算A'!$B$10:$B$54,"")))))} | K56: {=IF('計算A'!HI$4=0,"",IF(K27<>"","（決定）",IF('計算A'!HI$108=1,"（空ける）",SUMPRODUCT(('計算A'!HI$60:HI$104=1)*('計算A'!$C$10:$C$54=1))&"人："&_xlfn.TEXTJOIN("、",TRUE,IF(('計算A'!HI$60:HI$104=1)*('計算A'!$C$10:$C$54=1),'計算A'!$B$10:$B$54,"")))))} | L56: {=IF('計算A'!IG$4=0,"",IF(L27<>"","（決定）",IF('計算A'!IG$108=1,"（空ける）",SUMPRODUCT(('計算A'!IG$60:IG$104=1)*('計算A'!$C$10:$C$54=1))&"人："&_xlfn.TEXTJOIN("、",TRUE,IF(('計算A'!IG$60:IG$104=1)*('計算A'!$C$10:$C$54=1),'計算A'!$B$10:$B$54,"")))))}
B57: ='設定'!$I$33 | C57: {=IF('計算A'!Z$4=0,"",IF(C28<>"","（決定）",IF('計算A'!Z$108=1,"（空ける）",SUMPRODUCT(('計算A'!Z$60:Z$104=1)*('計算A'!$C$10:$C$54=1))&"人："&_xlfn.TEXTJOIN("、",TRUE,IF(('計算A'!Z$60:Z$104=1)*('計算A'!$C$10:$C$54=1),'計算A'!$B$10:$B$54,"")))))} | D57: {=IF('計算A'!AX$4=0,"",IF(D28<>"","（決定）",IF('計算A'!AX$108=1,"（空ける）",SUMPRODUCT(('計算A'!AX$60:AX$104=1)*('計算A'!$C$10:$C$54=1))&"人："&_xlfn.TEXTJOIN("、",TRUE,IF(('計算A'!AX$60:AX$104=1)*('計算A'!$C$10:$C$54=1),'計算A'!$B$10:$B$54,"")))))} | E57: {=IF('計算A'!BV$4=0,"",IF(E28<>"","（決定）",IF('計算A'!BV$108=1,"（空ける）",SUMPRODUCT(('計算A'!BV$60:BV$104=1)*('計算A'!$C$10:$C$54=1))&"人："&_xlfn.TEXTJOIN("、",TRUE,IF(('計算A'!BV$60:BV$104=1)*('計算A'!$C$10:$C$54=1),'計算A'!$B$10:$B$54,"")))))} | F57: {=IF('計算A'!CT$4=0,"",IF(F28<>"","（決定）",IF('計算A'!CT$108=1,"（空ける）",SUMPRODUCT(('計算A'!CT$60:CT$104=1)*('計算A'!$C$10:$C$54=1))&"人："&_xlfn.TEXTJOIN("、",TRUE,IF(('計算A'!CT$60:CT$104=1)*('計算A'!$C$10:$C$54=1),'計算A'!$B$10:$B$54,"")))))} | G57: {=IF('計算A'!DR$4=0,"",IF(G28<>"","（決定）",IF('計算A'!DR$108=1,"（空ける）",SUMPRODUCT(('計算A'!DR$60:DR$104=1)*('計算A'!$C$10:$C$54=1))&"人："&_xlfn.TEXTJOIN("、",TRUE,IF(('計算A'!DR$60:DR$104=1)*('計算A'!$C$10:$C$54=1),'計算A'!$B$10:$B$54,"")))))} | H57: {=IF('計算A'!EP$4=0,"",IF(H28<>"","（決定）",IF('計算A'!EP$108=1,"（空ける）",SUMPRODUCT(('計算A'!EP$60:EP$104=1)*('計算A'!$C$10:$C$54=1))&"人："&_xlfn.TEXTJOIN("、",TRUE,IF(('計算A'!EP$60:EP$104=1)*('計算A'!$C$10:$C$54=1),'計算A'!$B$10:$B$54,"")))))} | I57: {=IF('計算A'!FN$4=0,"",IF(I28<>"","（決定）",IF('計算A'!FN$108=1,"（空ける）",SUMPRODUCT(('計算A'!FN$60:FN$104=1)*('計算A'!$C$10:$C$54=1))&"人："&_xlfn.TEXTJOIN("、",TRUE,IF(('計算A'!FN$60:FN$104=1)*('計算A'!$C$10:$C$54=1),'計算A'!$B$10:$B$54,"")))))} | J57: {=IF('計算A'!GL$4=0,"",IF(J28<>"","（決定）",IF('計算A'!GL$108=1,"（空ける）",SUMPRODUCT(('計算A'!GL$60:GL$104=1)*('計算A'!$C$10:$C$54=1))&"人："&_xlfn.TEXTJOIN("、",TRUE,IF(('計算A'!GL$60:GL$104=1)*('計算A'!$C$10:$C$54=1),'計算A'!$B$10:$B$54,"")))))} | K57: {=IF('計算A'!HJ$4=0,"",IF(K28<>"","（決定）",IF('計算A'!HJ$108=1,"（空ける）",SUMPRODUCT(('計算A'!HJ$60:HJ$104=1)*('計算A'!$C$10:$C$54=1))&"人："&_xlfn.TEXTJOIN("、",TRUE,IF(('計算A'!HJ$60:HJ$104=1)*('計算A'!$C$10:$C$54=1),'計算A'!$B$10:$B$54,"")))))} | L57: {=IF('計算A'!IH$4=0,"",IF(L28<>"","（決定）",IF('計算A'!IH$108=1,"（空ける）",SUMPRODUCT(('計算A'!IH$60:IH$104=1)*('計算A'!$C$10:$C$54=1))&"人："&_xlfn.TEXTJOIN("、",TRUE,IF(('計算A'!IH$60:IH$104=1)*('計算A'!$C$10:$C$54=1),'計算A'!$B$10:$B$54,"")))))}
B58: ='設定'!$I$34 | C58: {=IF('計算A'!AA$4=0,"",IF(C29<>"","（決定）",IF('計算A'!AA$108=1,"（空ける）",SUMPRODUCT(('計算A'!AA$60:AA$104=1)*('計算A'!$C$10:$C$54=1))&"人："&_xlfn.TEXTJOIN("、",TRUE,IF(('計算A'!AA$60:AA$104=1)*('計算A'!$C$10:$C$54=1),'計算A'!$B$10:$B$54,"")))))} | D58: {=IF('計算A'!AY$4=0,"",IF(D29<>"","（決定）",IF('計算A'!AY$108=1,"（空ける）",SUMPRODUCT(('計算A'!AY$60:AY$104=1)*('計算A'!$C$10:$C$54=1))&"人："&_xlfn.TEXTJOIN("、",TRUE,IF(('計算A'!AY$60:AY$104=1)*('計算A'!$C$10:$C$54=1),'計算A'!$B$10:$B$54,"")))))} | E58: {=IF('計算A'!BW$4=0,"",IF(E29<>"","（決定）",IF('計算A'!BW$108=1,"（空ける）",SUMPRODUCT(('計算A'!BW$60:BW$104=1)*('計算A'!$C$10:$C$54=1))&"人："&_xlfn.TEXTJOIN("、",TRUE,IF(('計算A'!BW$60:BW$104=1)*('計算A'!$C$10:$C$54=1),'計算A'!$B$10:$B$54,"")))))} | F58: {=IF('計算A'!CU$4=0,"",IF(F29<>"","（決定）",IF('計算A'!CU$108=1,"（空ける）",SUMPRODUCT(('計算A'!CU$60:CU$104=1)*('計算A'!$C$10:$C$54=1))&"人："&_xlfn.TEXTJOIN("、",TRUE,IF(('計算A'!CU$60:CU$104=1)*('計算A'!$C$10:$C$54=1),'計算A'!$B$10:$B$54,"")))))} | G58: {=IF('計算A'!DS$4=0,"",IF(G29<>"","（決定）",IF('計算A'!DS$108=1,"（空ける）",SUMPRODUCT(('計算A'!DS$60:DS$104=1)*('計算A'!$C$10:$C$54=1))&"人："&_xlfn.TEXTJOIN("、",TRUE,IF(('計算A'!DS$60:DS$104=1)*('計算A'!$C$10:$C$54=1),'計算A'!$B$10:$B$54,"")))))} | H58: {=IF('計算A'!EQ$4=0,"",IF(H29<>"","（決定）",IF('計算A'!EQ$108=1,"（空ける）",SUMPRODUCT(('計算A'!EQ$60:EQ$104=1)*('計算A'!$C$10:$C$54=1))&"人："&_xlfn.TEXTJOIN("、",TRUE,IF(('計算A'!EQ$60:EQ$104=1)*('計算A'!$C$10:$C$54=1),'計算A'!$B$10:$B$54,"")))))} | I58: {=IF('計算A'!FO$4=0,"",IF(I29<>"","（決定）",IF('計算A'!FO$108=1,"（空ける）",SUMPRODUCT(('計算A'!FO$60:FO$104=1)*('計算A'!$C$10:$C$54=1))&"人："&_xlfn.TEXTJOIN("、",TRUE,IF(('計算A'!FO$60:FO$104=1)*('計算A'!$C$10:$C$54=1),'計算A'!$B$10:$B$54,"")))))} | J58: {=IF('計算A'!GM$4=0,"",IF(J29<>"","（決定）",IF('計算A'!GM$108=1,"（空ける）",SUMPRODUCT(('計算A'!GM$60:GM$104=1)*('計算A'!$C$10:$C$54=1))&"人："&_xlfn.TEXTJOIN("、",TRUE,IF(('計算A'!GM$60:GM$104=1)*('計算A'!$C$10:$C$54=1),'計算A'!$B$10:$B$54,"")))))} | K58: {=IF('計算A'!HK$4=0,"",IF(K29<>"","（決定）",IF('計算A'!HK$108=1,"（空ける）",SUMPRODUCT(('計算A'!HK$60:HK$104=1)*('計算A'!$C$10:$C$54=1))&"人："&_xlfn.TEXTJOIN("、",TRUE,IF(('計算A'!HK$60:HK$104=1)*('計算A'!$C$10:$C$54=1),'計算A'!$B$10:$B$54,"")))))} | L58: {=IF('計算A'!II$4=0,"",IF(L29<>"","（決定）",IF('計算A'!II$108=1,"（空ける）",SUMPRODUCT(('計算A'!II$60:II$104=1)*('計算A'!$C$10:$C$54=1))&"人："&_xlfn.TEXTJOIN("、",TRUE,IF(('計算A'!II$60:II$104=1)*('計算A'!$C$10:$C$54=1),'計算A'!$B$10:$B$54,"")))))}

Sheet 計算A
A1: 計算用（さわらないでください） | C1: 枠番号 | D1: 1 | E1: 2 | F1: 3 | G1: 4 | H1: 5 | I1: 6 | J1: 7 | K1: 8 | L1: 9 | M1: 10 | N1: 11 | O1: 12 | P1: 13 | Q1: 14 | R1: 15 | S1: 16 | T1: 17 | U1: 18 | V1: 19 | W1: 20 | X1: 21 | Y1: 22 | Z1: 23 | AA1: 24 | AB1: 25 | AC1: 26 | AD1: 27 | AE1: 28 | AF1: 29 | AG1: 30 | AH1: 31 | AI1: 32 | AJ1: 33 | AK1: 34 | AL1: 35 | AM1: 36 | AN1: 37 | AO1: 38 | AP1: 39 | AQ1: 40 | AR1: 41 | AS1: 42 | AT1: 43 | AU1: 44 | AV1: 45 | AW1: 46 | AX1: 47 | AY1: 48 | AZ1: 49 | BA1: 50 | BB1: 51 | BC1: 52 | BD1: 53 | BE1: 54 | BF1: 55 | BG1: 56 | BH1: 57 | BI1: 58 | BJ1: 59 | BK1: 60 | BL1: 61 | BM1: 62 | BN1: 63 | BO1: 64 | BP1: 65 | BQ1: 66 | BR1: 67 | BS1: 68 | BT1: 69 | BU1: 70 | BV1: 71 | BW1: 72 | BX1: 73 | BY1: 74 | BZ1: 75 | CA1: 76 | CB1: 77 | CC1: 78 | CD1: 79 | CE1: 80 | CF1: 81 | CG1: 82 | CH1: 83 | CI1: 84 | CJ1: 85 | CK1: 86 | CL1: 87 | CM1: 88 | CN1: 89 | CO1: 90 | CP1: 91 | CQ1: 92 | CR1: 93 | CS1: 94 | CT1: 95 | CU1: 96 | CV1: 97 | CW1: 98 | CX1: 99 | CY1: 100 | CZ1: 101 | DA1: 102 | DB1: 103 | DC1: 104 | DD1: 105 | DE1: 106 | DF1: 107 | DG1: 108 | DH1: 109 | DI1: 110 | DJ1: 111 | DK1: 112 | DL1: 113 | DM1: 114 | DN1: 115 | DO1: 116 | DP1: 117 | DQ1: 118 | DR1: 119 | DS1: 120 | DT1: 121 | DU1: 122 | DV1: 123 | DW1: 124 | DX1: 125 | DY1: 126 | DZ1: 127 | EA1: 128 | EB1: 129 | EC1: 130 | ED1: 131 | EE1: 132 | EF1: 133 | EG1: 134 | EH1: 135 | EI1: 136 | EJ1: 137 | EK1: 138 | EL1: 139 | EM1: 140 | EN1: 141 | EO1: 142 | EP1: 143 | EQ1: 144 | ER1: 145 | ES1: 146 | ET1: 147 | EU1: 148 | EV1: 149 | EW1: 150 | EX1: 151 | EY1: 152 | EZ1: 153 | FA1: 154 | FB1: 155 | FC1: 156 | FD1: 157 | FE1: 158 | FF1: 159 | FG1: 160 | FH1: 161 | FI1: 162 | FJ1: 163 | FK1: 164 | FL1: 165 | FM1: 166 | FN1: 167 | FO1: 168 | FP1: 169 | FQ1: 170 | FR1: 171 | FS1: 172 | FT1: 173 | FU1: 174 | FV1: 175 | FW1: 176 | FX1: 177 | FY1: 178 | FZ1: 179 | GA1: 180 | GB1: 181 | GC1: 182 | GD1: 183 | GE1: 184 | GF1: 185 | GG1: 186 | GH1: 187 | GI1: 188 | GJ1: 189 | GK1: 190 | GL1: 191 | GM1: 192 | GN1: 193 | GO1: 194 | GP1: 195 | GQ1: 196 | GR1: 197 | GS1: 198 | GT1: 199 | GU1: 200 | GV1: 201 | GW1: 202 | GX1: 203 | GY1: 204 | GZ1: 205 | HA1: 206 | HB1: 207 | HC1: 208 | HD1: 209 | HE1: 210 | HF1: 211 | HG1: 212 | HH1: 213 | HI1: 214 | HJ1: 215 | HK1: 216 | HL1: 217 | HM1: 218 | HN1: 219 | HO1: 220 | HP1: 221 | HQ1: 222 | HR1: 223 | HS1: 224 | HT1: 225 | HU1: 226 | HV1: 227 | HW1: 228 | HX1: 229 | HY1: 230 | HZ1: 231 | IA1: 232 | IB1: 233 | IC1: 234 | ID1: 235 | IE1: 236 | IF1: 237 | IG1: 238 | IH1: 239 | II1: 240
A2: 時間帯の枠数 | C2: 日 | D2: 1 | E2: 1 | F2: 1 | G2: 1 | H2: 1 | I2: 1 | J2: 1 | K2: 1 | L2: 1 | M2: 1 | N2: 1 | O2: 1 | P2: 1 | Q2: 1 | R2: 1 | S2: 1 | T2: 1 | U2: 1 | V2: 1 | W2: 1 | X2: 1 | Y2: 1 | Z2: 1 | AA2: 1 | AB2: 2 | AC2: 2 | AD2: 2 | AE2: 2 | AF2: 2 | AG2: 2 | AH2: 2 | AI2: 2 | AJ2: 2 | AK2: 2 | AL2: 2 | AM2: 2 | AN2: 2 | AO2: 2 | AP2: 2 | AQ2: 2 | AR2: 2 | AS2: 2 | AT2: 2 | AU2: 2 | AV2: 2 | AW2: 2 | AX2: 2 | AY2: 2 | AZ2: 3 | BA2: 3 | BB2: 3 | BC2: 3 | BD2: 3 | BE2: 3 | BF2: 3 | BG2: 3 | BH2: 3 | BI2: 3 | BJ2: 3 | BK2: 3 | BL2: 3 | BM2: 3 | BN2: 3 | BO2: 3 | BP2: 3 | BQ2: 3 | BR2: 3 | BS2: 3 | BT2: 3 | BU2: 3 | BV2: 3 | BW2: 3 | BX2: 4 | BY2: 4 | BZ2: 4 | CA2: 4 | CB2: 4 | CC2: 4 | CD2: 4 | CE2: 4 | CF2: 4 | CG2: 4 | CH2: 4 | CI2: 4 | CJ2: 4 | CK2: 4 | CL2: 4 | CM2: 4 | CN2: 4 | CO2: 4 | CP2: 4 | CQ2: 4 | CR2: 4 | CS2: 4 | CT2: 4 | CU2: 4 | CV2: 5 | CW2: 5 | CX2: 5 | CY2: 5 | CZ2: 5 | DA2: 5 | DB2: 5 | DC2: 5 | DD2: 5 | DE2: 5 | DF2: 5 | DG2: 5 | DH2: 5 | DI2: 5 | DJ2: 5 | DK2: 5 | DL2: 5 | DM2: 5 | DN2: 5 | DO2: 5 | DP2: 5 | DQ2: 5 | DR2: 5 | DS2: 5 | DT2: 6 | DU2: 6 | DV2: 6 | DW2: 6 | DX2: 6 | DY2: 6 | DZ2: 6 | EA2: 6 | EB2: 6 | EC2: 6 | ED2: 6 | EE2: 6 | EF2: 6 | EG2: 6 | EH2: 6 | EI2: 6 | EJ2: 6 | EK2: 6 | EL2: 6 | EM2: 6 | EN2: 6 | EO2: 6 | EP2: 6 | EQ2: 6 | ER2: 7 | ES2: 7 | ET2: 7 | EU2: 7 | EV2: 7 | EW2: 7 | EX2: 7 | EY2: 7 | EZ2: 7 | FA2: 7 | FB2: 7 | FC2: 7 | FD2: 7 | FE2: 7 | FF2: 7 | FG2: 7 | FH2: 7 | FI2: 7 | FJ2: 7 | FK2: 7 | FL2: 7 | FM2: 7 | FN2: 7 | FO2: 7 | FP2: 8 | FQ2: 8 | FR2: 8 | FS2: 8 | FT2: 8 | FU2: 8 | FV2: 8 | FW2: 8 | FX2: 8 | FY2: 8 | FZ2: 8 | GA2: 8 | GB2: 8 | GC2: 8 | GD2: 8 | GE2: 8 | GF2: 8 | GG2: 8 | GH2: 8 | GI2: 8 | GJ2: 8 | GK2: 8 | GL2: 8 | GM2: 8 | GN2: 9 | GO2: 9 | GP2: 9 | GQ2: 9 | GR2: 9 | GS2: 9 | GT2: 9 | GU2: 9 | GV2: 9 | GW2: 9 | GX2: 9 | GY2: 9 | GZ2: 9 | HA2: 9 | HB2: 9 | HC2: 9 | HD2: 9 | HE2: 9 | HF2: 9 | HG2: 9 | HH2: 9 | HI2: 9 | HJ2: 9 | HK2: 9 | HL2: 10 | HM2: 10 | HN2: 10 | HO2: 10 | HP2: 10 | HQ2: 10 | HR2: 10 | HS2: 10 | HT2: 10 | HU2: 10 | HV2: 10 | HW2: 10 | HX2: 10 | HY2: 10 | HZ2: 10 | IA2: 10 | IB2: 10 | IC2: 10 | ID2: 10 | IE2: 10 | IF2: 10 | IG2: 10 | IH2: 10 | II2: 10
A3: =IF(AND(ISNUMBER('設定'!$B$3),ISNUMBER('設定'!$D$3),ISNUMBER('設定'!$B$5)),IF(AND('設定'!$B$5>0,'設定'!$D$3>='設定'!$B$3),ROUND(('設定'!$D$3-'設定'!$B$3)*1440/'設定'!$B$5,0)+1,0),0) | B3: ←時間帯1 | C3: 時 | D3: 1 | E3: 2 | F3: 3 | G3: 4 | H3: 5 | I3: 6 | J3: 7 | K3: 8 | L3: 9 | M3: 10 | N3: 11 | O3: 12 | P3: 13 | Q3: 14 | R3: 15 | S3: 16 | T3: 17 | U3: 18 | V3: 19 | W3: 20 | X3: 21 | Y3: 22 | Z3: 23 | AA3: 24 | AB3: 1 | AC3: 2 | AD3: 3 | AE3: 4 | AF3: 5 | AG3: 6 | AH3: 7 | AI3: 8 | AJ3: 9 | AK3: 10 | AL3: 11 | AM3: 12 | AN3: 13 | AO3: 14 | AP3: 15 | AQ3: 16 | AR3: 17 | AS3: 18 | AT3: 19 | AU3: 20 | AV3: 21 | AW3: 22 | AX3: 23 | AY3: 24 | AZ3: 1 | BA3: 2 | BB3: 3 | BC3: 4 | BD3: 5 | BE3: 6 | BF3: 7 | BG3: 8 | BH3: 9 | BI3: 10 | BJ3: 11 | BK3: 12 | BL3: 13 | BM3: 14 | BN3: 15 | BO3: 16 | BP3: 17 | BQ3: 18 | BR3: 19 | BS3: 20 | BT3: 21 | BU3: 22 | BV3: 23 | BW3: 24 | BX3: 1 | BY3: 2 | BZ3: 3 | CA3: 4 | CB3: 5 | CC3: 6 | CD3: 7 | CE3: 8 | CF3: 9 | CG3: 10 | CH3: 11 | CI3: 12 | CJ3: 13 | CK3: 14 | CL3: 15 | CM3: 16 | CN3: 17 | CO3: 18 | CP3: 19 | CQ3: 20 | CR3: 21 | CS3: 22 | CT3: 23 | CU3: 24 | CV3: 1 | CW3: 2 | CX3: 3 | CY3: 4 | CZ3: 5 | DA3: 6 | DB3: 7 | DC3: 8 | DD3: 9 | DE3: 10 | DF3: 11 | DG3: 12 | DH3: 13 | DI3: 14 | DJ3: 15 | DK3: 16 | DL3: 17 | DM3: 18 | DN3: 19 | DO3: 20 | DP3: 21 | DQ3: 22 | DR3: 23 | DS3: 24 | DT3: 1 | DU3: 2 | DV3: 3 | DW3: 4 | DX3: 5 | DY3: 6 | DZ3: 7 | EA3: 8 | EB3: 9 | EC3: 10 | ED3: 11 | EE3: 12 | EF3: 13 | EG3: 14 | EH3: 15 | EI3: 16 | EJ3: 17 | EK3: 18 | EL3: 19 | EM3: 20 | EN3: 21 | EO3: 22 | EP3: 23 | EQ3: 24 | ER3: 1 | ES3: 2 | ET3: 3 | EU3: 4 | EV3: 5 | EW3: 6 | EX3: 7 | EY3: 8 | EZ3: 9 | FA3: 10 | FB3: 11 | FC3: 12 | FD3: 13 | FE3: 14 | FF3: 15 | FG3: 16 | FH3: 17 | FI3: 18 | FJ3: 19 | FK3: 20 | FL3: 21 | FM3: 22 | FN3: 23 | FO3: 24 | FP3: 1 | FQ3: 2 | FR3: 3 | FS3: 4 | FT3: 5 | FU3: 6 | FV3: 7 | FW3: 8 | FX3: 9 | FY3: 10 | FZ3: 11 | GA3: 12 | GB3: 13 | GC3: 14 | GD3: 15 | GE3: 16 | GF3: 17 | GG3: 18 | GH3: 19 | GI3: 20 | GJ3: 21 | GK3: 22 | GL3: 23 | GM3: 24 | GN3: 1 | GO3: 2 | GP3: 3 | GQ3: 4 | GR3: 5 | GS3: 6 | GT3: 7 | GU3: 8 | GV3: 9 | GW3: 10 | GX3: 11 | GY3: 12 | GZ3: 13 | HA3: 14 | HB3: 15 | HC3: 16 | HD3: 17 | HE3: 18 | HF3: 19 | HG3: 20 | HH3: 21 | HI3: 22 | HJ3: 23 | HK3: 24 | HL3: 1 | HM3: 2 | HN3: 3 | HO3: 4 | HP3: 5 | HQ3: 6 | HR3: 7 | HS3: 8 | HT3: 9 | HU3: 10 | HV3: 11 | HW3: 12 | HX3: 13 | HY3: 14 | HZ3: 15 | IA3: 16 | IB3: 17 | IC3: 18 | ID3: 19 | IE3: 20 | IF3: 21 | IG3: 22 | IH3: 23 | II3: 24
A4: =IF(AND(A3>0,ISNUMBER('設定'!$B$4),ISNUMBER('設定'!$D$4)),IF(AND('設定'!$D$4>='設定'!$B$4,'設定'!$B$4>'設定'!$D$3),ROUND(('設定'!$D$4-'設定'!$B$4)*1440/'設定'!$B$5,0)+1,0),0) | B4: ←時間帯2 | C4: 使える | D4: =IF(AND(D115=1,INDEX('設定'!$M$9:$V$9,D2)="",INDEX('設定'!$K$11:$K$34,D3)="",INDEX('設定'!$M$11:$V$34,D3,D2)=""),1,0) | E4: =IF(AND(E115=1,INDEX('設定'!$M$9:$V$9,E2)="",INDEX('設定'!$K$11:$K$34,E3)="",INDEX('設定'!$M$11:$V$34,E3,E2)=""),1,0) | F4: =IF(AND(F115=1,INDEX('設定'!$M$9:$V$9,F2)="",INDEX('設定'!$K$11:$K$34,F3)="",INDEX('設定'!$M$11:$V$34,F3,F2)=""),1,0) | G4: =IF(AND(G115=1,INDEX('設定'!$M$9:$V$9,G2)="",INDEX('設定'!$K$11:$K$34,G3)="",INDEX('設定'!$M$11:$V$34,G3,G2)=""),1,0) | H4: =IF(AND(H115=1,INDEX('設定'!$M$9:$V$9,H2)="",INDEX('設定'!$K$11:$K$34,H3)="",INDEX('設定'!$M$11:$V$34,H3,H2)=""),1,0) | I4: =IF(AND(I115=1,INDEX('設定'!$M$9:$V$9,I2)="",INDEX('設定'!$K$11:$K$34,I3)="",INDEX('設定'!$M$11:$V$34,I3,I2)=""),1,0) | J4: =IF(AND(J115=1,INDEX('設定'!$M$9:$V$9,J2)="",INDEX('設定'!$K$11:$K$34,J3)="",INDEX('設定'!$M$11:$V$34,J3,J2)=""),1,0) | K4: =IF(AND(K115=1,INDEX('設定'!$M$9:$V$9,K2)="",INDEX('設定'!$K$11:$K$34,K3)="",INDEX('設定'!$M$11:$V$34,K3,K2)=""),1,0) | ... II4: =IF(AND(II115=1,INDEX('設定'!$M$9:$V$9,II2)="",INDEX('設定'!$K$11:$K$34,II3)="",INDEX('設定'!$M$11:$V$34,II3,II2)=""),1,0)
C5: 空けたい | D5: =IF(OR(INDEX('設定'!$D$11:$D$20,D2)<>"",INDEX('設定'!$H$11:$H$34,D3)<>""),1,0) | E5: =IF(OR(INDEX('設定'!$D$11:$D$20,E2)<>"",INDEX('設定'!$H$11:$H$34,E3)<>""),1,0) | F5: =IF(OR(INDEX('設定'!$D$11:$D$20,F2)<>"",INDEX('設定'!$H$11:$H$34,F3)<>""),1,0) | G5: =IF(OR(INDEX('設定'!$D$11:$D$20,G2)<>"",INDEX('設定'!$H$11:$H$34,G3)<>""),1,0) | H5: =IF(OR(INDEX('設定'!$D$11:$D$20,H2)<>"",INDEX('設定'!$H$11:$H$34,H3)<>""),1,0) | I5: =IF(OR(INDEX('設定'!$D$11:$D$20,I2)<>"",INDEX('設定'!$H$11:$H$34,I3)<>""),1,0) | J5: =IF(OR(INDEX('設定'!$D$11:$D$20,J2)<>"",INDEX('設定'!$H$11:$H$34,J3)<>""),1,0) | K5: =IF(OR(INDEX('設定'!$D$11:$D$20,K2)<>"",INDEX('設定'!$H$11:$H$34,K3)<>""),1,0) | ... II5: =IF(OR(INDEX('設定'!$D$11:$D$20,II2)<>"",INDEX('設定'!$H$11:$H$34,II3)<>""),1,0)
C6: 優先順 | D6: =IF(LEFT('設定'!$B$8,3)="日付順",(D2-1)*24+D3,(D3-1)*10+D2)+D5*10000 | E6: =IF(LEFT('設定'!$B$8,3)="日付順",(E2-1)*24+E3,(E3-1)*10+E2)+E5*10000 | F6: =IF(LEFT('設定'!$B$8,3)="日付順",(F2-1)*24+F3,(F3-1)*10+F2)+F5*10000 | G6: =IF(LEFT('設定'!$B$8,3)="日付順",(G2-1)*24+G3,(G3-1)*10+G2)+G5*10000 | H6: =IF(LEFT('設定'!$B$8,3)="日付順",(H2-1)*24+H3,(H3-1)*10+H2)+H5*10000 | I6: =IF(LEFT('設定'!$B$8,3)="日付順",(I2-1)*24+I3,(I3-1)*10+I2)+I5*10000 | J6: =IF(LEFT('設定'!$B$8,3)="日付順",(J2-1)*24+J3,(J3-1)*10+J2)+J5*10000 | K6: =IF(LEFT('設定'!$B$8,3)="日付順",(K2-1)*24+K3,(K3-1)*10+K2)+K5*10000 | ... II6: =IF(LEFT('設定'!$B$8,3)="日付順",(II2-1)*24+II3,(II3-1)*10+II2)+II5*10000
C7: 決定済み | D7: =MAX(D109,D108) | E7: =MAX(E109,E108) | F7: =MAX(F109,F108) | G7: =MAX(G109,G108) | H7: =MAX(H109,H108) | I7: =MAX(I109,I108) | J7: =MAX(J109,J108) | K7: =MAX(K109,K108) | ... II7: =MAX(II109,II108)
A8: 選択中→ | B8: =IF('調整・決定'!$N$5="",0,IFERROR(MATCH('調整・決定'!$N$5,$B$10:$B$54,0),0)) | C8: 表示 | D8: =IF(D4=1,INDEX('設定'!$E$11:$E$20,D2)&" "&INDEX('設定'!$I$11:$I$34,D3),"") | E8: =IF(E4=1,INDEX('設定'!$E$11:$E$20,E2)&" "&INDEX('設定'!$I$11:$I$34,E3),"") | F8: =IF(F4=1,INDEX('設定'!$E$11:$E$20,F2)&" "&INDEX('設定'!$I$11:$I$34,F3),"") | G8: =IF(G4=1,INDEX('設定'!$E$11:$E$20,G2)&" "&INDEX('設定'!$I$11:$I$34,G3),"") | H8: =IF(H4=1,INDEX('設定'!$E$11:$E$20,H2)&" "&INDEX('設定'!$I$11:$I$34,H3),"") | I8: =IF(I4=1,INDEX('設定'!$E$11:$E$20,I2)&" "&INDEX('設定'!$I$11:$I$34,I3),"") | J8: =IF(J4=1,INDEX('設定'!$E$11:$E$20,J2)&" "&INDEX('設定'!$I$11:$I$34,J3),"") | K8: =IF(K4=1,INDEX('設定'!$E$11:$E$20,K2)&" "&INDEX('設定'!$I$11:$I$34,K3),"") | ... II8: =IF(II4=1,INDEX('設定'!$E$11:$E$20,II2)&" "&INDEX('設定'!$I$11:$I$34,II3),"")
A9: i | B9: 表示名 | C9: 自動の対象 | IK9: 自動案の枠 | IL9: 入らない | IM9: 空き枠数 | IN9: ×の数 | IO9: 決定した枠 | IP9: 希望 | IQ9: 後ろ空け
A10: 1 | B10: ='名簿'!G5 | C10: =IF(AND(B10<>"",OR('名簿'!H5="入力済み",'名簿'!H5="×なし"),IO10=0,COUNTIF('調整・決定'!$C$6:$L$29,B10)=0),1,0) | D10: =IF(D$4=1,IF(OR(INDEX('×入力'!$A$1:$L$1300,7+D$3,2+D$2)<>"",INDEX('×入力'!$A$1:$L$1300,6,2+D$2)<>"",INDEX('×入力'!$A$1:$L$1300,7+D$3,1)<>""),1,0),0) | E10: =IF(E$4=1,IF(OR(INDEX('×入力'!$A$1:$L$1300,7+E$3,2+E$2)<>"",INDEX('×入力'!$A$1:$L$1300,6,2+E$2)<>"",INDEX('×入力'!$A$1:$L$1300,7+E$3,1)<>""),1,0),0) | F10: =IF(F$4=1,IF(OR(INDEX('×入力'!$A$1:$L$1300,7+F$3,2+F$2)<>"",INDEX('×入力'!$A$1:$L$1300,6,2+F$2)<>"",INDEX('×入力'!$A$1:$L$1300,7+F$3,1)<>""),1,0),0) | G10: =IF(G$4=1,IF(OR(INDEX('×入力'!$A$1:$L$1300,7+G$3,2+G$2)<>"",INDEX('×入力'!$A$1:$L$1300,6,2+G$2)<>"",INDEX('×入力'!$A$1:$L$1300,7+G$3,1)<>""),1,0),0) | H10: =IF(H$4=1,IF(OR(INDEX('×入力'!$A$1:$L$1300,7+H$3,2+H$2)<>"",INDEX('×入力'!$A$1:$L$1300,6,2+H$2)<>"",INDEX('×入力'!$A$1:$L$1300,7+H$3,1)<>""),1,0),0) | I10: =IF(I$4=1,IF(OR(INDEX('×入力'!$A$1:$L$1300,7+I$3,2+I$2)<>"",INDEX('×入力'!$A$1:$L$1300,6,2+I$2)<>"",INDEX('×入力'!$A$1:$L$1300,7+I$3,1)<>""),1,0),0) | J10: =IF(J$4=1,IF(OR(INDEX('×入力'!$A$1:$L$1300,7+J$3,2+J$2)<>"",INDEX('×入力'!$A$1:$L$1300,6,2+J$2)<>"",INDEX('×入力'!$A$1:$L$1300,7+J$3,1)<>""),1,0),0) | K10: =IF(K$4=1,IF(OR(INDEX('×入力'!$A$1:$L$1300,7+K$3,2+K$2)<>"",INDEX('×入力'!$A$1:$L$1300,6,2+K$2)<>"",INDEX('×入力'!$A$1:$L$1300,7+K$3,1)<>""),1,0),0) | ... II10: =IF(II$4=1,IF(OR(INDEX('×入力'!$A$1:$L$1300,7+II$3,2+II$2)<>"",INDEX('×入力'!$A$1:$L$1300,6,2+II$2)<>"",INDEX('×入力'!$A$1:$L$1300,7+II$3,1)<>""),1,0),0) | IK10: =IFERROR(INDEX('計算B'!$C$3:$C$47,MATCH(A10,'計算B'!$B$3:$B$47,0)),0) | IL10: =IF(AND(C10=1,IK10=0),1,0) | IM10: =SUMPRODUCT(D60:II60*(1-$D$7:$II$7)) | IN10: =SUM(D10:II10) | IO10: =IF(B10="",0,IF(COUNTIF('調整・決定'!$C$6:$L$29,B10)=1,SUMPRODUCT(('調整・決定'!$C$6:$L$29=B10)*((COLUMN('調整・決定'!$C$6:$L$29)-3)*24+ROW('調整・決定'!$C$6:$L$29)-5)),0)) | IP10: =IFERROR(MATCH('名簿'!E5,{"早い時刻","遅い時刻","早い日","遅い日"},0),0) | IQ10: =IF('名簿'!F5="必ず空けたい",2,IF('名簿'!F5="出来れば空けたい",1,0))
A11: 2 | B11: ='名簿'!G6 | C11: =IF(AND(B11<>"",OR('名簿'!H6="入力済み",'名簿'!H6="×なし"),IO11=0,COUNTIF('調整・決定'!$C$6:$L$29,B11)=0),1,0) | D11: =IF(D$4=1,IF(OR(INDEX('×入力'!$A$1:$L$1300,35+D$3,2+D$2)<>"",INDEX('×入力'!$A$1:$L$1300,34,2+D$2)<>"",INDEX('×入力'!$A$1:$L$1300,35+D$3,1)<>""),1,0),0) | E11: =IF(E$4=1,IF(OR(INDEX('×入力'!$A$1:$L$1300,35+E$3,2+E$2)<>"",INDEX('×入力'!$A$1:$L$1300,34,2+E$2)<>"",INDEX('×入力'!$A$1:$L$1300,35+E$3,1)<>""),1,0),0) | F11: =IF(F$4=1,IF(OR(INDEX('×入力'!$A$1:$L$1300,35+F$3,2+F$2)<>"",INDEX('×入力'!$A$1:$L$1300,34,2+F$2)<>"",INDEX('×入力'!$A$1:$L$1300,35+F$3,1)<>""),1,0),0) | G11: =IF(G$4=1,IF(OR(INDEX('×入力'!$A$1:$L$1300,35+G$3,2+G$2)<>"",INDEX('×入力'!$A$1:$L$1300,34,2+G$2)<>"",INDEX('×入力'!$A$1:$L$1300,35+G$3,1)<>""),1,0),0) | H11: =IF(H$4=1,IF(OR(INDEX('×入力'!$A$1:$L$1300,35+H$3,2+H$2)<>"",INDEX('×入力'!$A$1:$L$1300,34,2+H$2)<>"",INDEX('×入力'!$A$1:$L$1300,35+H$3,1)<>""),1,0),0) | I11: =IF(I$4=1,IF(OR(INDEX('×入力'!$A$1:$L$1300,35+I$3,2+I$2)<>"",INDEX('×入力'!$A$1:$L$1300,34,2+I$2)<>"",INDEX('×入力'!$A$1:$L$1300,35+I$3,1)<>""),1,0),0) | J11: =IF(J$4=1,IF(OR(INDEX('×入力'!$A$1:$L$1300,35+J$3,2+J$2)<>"",INDEX('×入力'!$A$1:$L$1300,34,2+J$2)<>"",INDEX('×入力'!$A$1:$L$1300,35+J$3,1)<>""),1,0),0) | K11: =IF(K$4=1,IF(OR(INDEX('×入力'!$A$1:$L$1300,35+K$3,2+K$2)<>"",INDEX('×入力'!$A$1:$L$1300,34,2+K$2)<>"",INDEX('×入力'!$A$1:$L$1300,35+K$3,1)<>""),1,0),0) | ... II11: =IF(II$4=1,IF(OR(INDEX('×入力'!$A$1:$L$1300,35+II$3,2+II$2)<>"",INDEX('×入力'!$A$1:$L$1300,34,2+II$2)<>"",INDEX('×入力'!$A$1:$L$1300,35+II$3,1)<>""),1,0),0) | IK11: =IFERROR(INDEX('計算B'!$C$3:$C$47,MATCH(A11,'計算B'!$B$3:$B$47,0)),0) | IL11: =IF(AND(C11=1,IK11=0),1,0) | IM11: =SUMPRODUCT(D61:II61*(1-$D$7:$II$7)) | IN11: =SUM(D11:II11) | IO11: =IF(B11="",0,IF(COUNTIF('調整・決定'!$C$6:$L$29,B11)=1,SUMPRODUCT(('調整・決定'!$C$6:$L$29=B11)*((COLUMN('調整・決定'!$C$6:$L$29)-3)*24+ROW('調整・決定'!$C$6:$L$29)-5)),0)) | IP11: =IFERROR(MATCH('名簿'!E6,{"早い時刻","遅い時刻","早い日","遅い日"},0),0) | IQ11: =IF('名簿'!F6="必ず空けたい",2,IF('名簿'!F6="出来れば空けたい",1,0))
A12: 3 | B12: ='名簿'!G7 | C12: =IF(AND(B12<>"",OR('名簿'!H7="入力済み",'名簿'!H7="×なし"),IO12=0,COUNTIF('調整・決定'!$C$6:$L$29,B12)=0),1,0) | D12: =IF(D$4=1,IF(OR(INDEX('×入力'!$A$1:$L$1300,63+D$3,2+D$2)<>"",INDEX('×入力'!$A$1:$L$1300,62,2+D$2)<>"",INDEX('×入力'!$A$1:$L$1300,63+D$3,1)<>""),1,0),0) | E12: =IF(E$4=1,IF(OR(INDEX('×入力'!$A$1:$L$1300,63+E$3,2+E$2)<>"",INDEX('×入力'!$A$1:$L$1300,62,2+E$2)<>"",INDEX('×入力'!$A$1:$L$1300,63+E$3,1)<>""),1,0),0) | F12: =IF(F$4=1,IF(OR(INDEX('×入力'!$A$1:$L$1300,63+F$3,2+F$2)<>"",INDEX('×入力'!$A$1:$L$1300,62,2+F$2)<>"",INDEX('×入力'!$A$1:$L$1300,63+F$3,1)<>""),1,0),0) | G12: =IF(G$4=1,IF(OR(INDEX('×入力'!$A$1:$L$1300,63+G$3,2+G$2)<>"",INDEX('×入力'!$A$1:$L$1300,62,2+G$2)<>"",INDEX('×入力'!$A$1:$L$1300,63+G$3,1)<>""),1,0),0) | H12: =IF(H$4=1,IF(OR(INDEX('×入力'!$A$1:$L$1300,63+H$3,2+H$2)<>"",INDEX('×入力'!$A$1:$L$1300,62,2+H$2)<>"",INDEX('×入力'!$A$1:$L$1300,63+H$3,1)<>""),1,0),0) | I12: =IF(I$4=1,IF(OR(INDEX('×入力'!$A$1:$L$1300,63+I$3,2+I$2)<>"",INDEX('×入力'!$A$1:$L$1300,62,2+I$2)<>"",INDEX('×入力'!$A$1:$L$1300,63+I$3,1)<>""),1,0),0) | J12: =IF(J$4=1,IF(OR(INDEX('×入力'!$A$1:$L$1300,63+J$3,2+J$2)<>"",INDEX('×入力'!$A$1:$L$1300,62,2+J$2)<>"",INDEX('×入力'!$A$1:$L$1300,63+J$3,1)<>""),1,0),0) | K12: =IF(K$4=1,IF(OR(INDEX('×入力'!$A$1:$L$1300,63+K$3,2+K$2)<>"",INDEX('×入力'!$A$1:$L$1300,62,2+K$2)<>"",INDEX('×入力'!$A$1:$L$1300,63+K$3,1)<>""),1,0),0) | ... II12: =IF(II$4=1,IF(OR(INDEX('×入力'!$A$1:$L$1300,63+II$3,2+II$2)<>"",INDEX('×入力'!$A$1:$L$1300,62,2+II$2)<>"",INDEX('×入力'!$A$1:$L$1300,63+II$3,1)<>""),1,0),0) | IK12: =IFERROR(INDEX('計算B'!$C$3:$C$47,MATCH(A12,'計算B'!$B$3:$B$47,0)),0) | IL12: =IF(AND(C12=1,IK12=0),1,0) | IM12: =SUMPRODUCT(D62:II62*(1-$D$7:$II$7)) | IN12: =SUM(D12:II12) | IO12: =IF(B12="",0,IF(COUNTIF('調整・決定'!$C$6:$L$29,B12)=1,SUMPRODUCT(('調整・決定'!$C$6:$L$29=B12)*((COLUMN('調整・決定'!$C$6:$L$29)-3)*24+ROW('調整・決定'!$C$6:$L$29)-5)),0)) | IP12: =IFERROR(MATCH('名簿'!E7,{"早い時刻","遅い時刻","早い日","遅い日"},0),0) | IQ12: =IF('名簿'!F7="必ず空けたい",2,IF('名簿'!F7="出来れば空けたい",1,0))
A13: 4 | B13: ='名簿'!G8 | C13: =IF(AND(B13<>"",OR('名簿'!H8="入力済み",'名簿'!H8="×なし"),IO13=0,COUNTIF('調整・決定'!$C$6:$L$29,B13)=0),1,0) | D13: =IF(D$4=1,IF(OR(INDEX('×入力'!$A$1:$L$1300,91+D$3,2+D$2)<>"",INDEX('×入力'!$A$1:$L$1300,90,2+D$2)<>"",INDEX('×入力'!$A$1:$L$1300,91+D$3,1)<>""),1,0),0) | E13: =IF(E$4=1,IF(OR(INDEX('×入力'!$A$1:$L$1300,91+E$3,2+E$2)<>"",INDEX('×入力'!$A$1:$L$1300,90,2+E$2)<>"",INDEX('×入力'!$A$1:$L$1300,91+E$3,1)<>""),1,0),0) | F13: =IF(F$4=1,IF(OR(INDEX('×入力'!$A$1:$L$1300,91+F$3,2+F$2)<>"",INDEX('×入力'!$A$1:$L$1300,90,2+F$2)<>"",INDEX('×入力'!$A$1:$L$1300,91+F$3,1)<>""),1,0),0) | G13: =IF(G$4=1,IF(OR(INDEX('×入力'!$A$1:$L$1300,91+G$3,2+G$2)<>"",INDEX('×入力'!$A$1:$L$1300,90,2+G$2)<>"",INDEX('×入力'!$A$1:$L$1300,91+G$3,1)<>""),1,0),0) | H13: =IF(H$4=1,IF(OR(INDEX('×入力'!$A$1:$L$1300,91+H$3,2+H$2)<>"",INDEX('×入力'!$A$1:$L$1300,90,2+H$2)<>"",INDEX('×入力'!$A$1:$L$1300,91+H$3,1)<>""),1,0),0) | I13: =IF(I$4=1,IF(OR(INDEX('×入力'!$A$1:$L$1300,91+I$3,2+I$2)<>"",INDEX('×入力'!$A$1:$L$1300,90,2+I$2)<>"",INDEX('×入力'!$A$1:$L$1300,91+I$3,1)<>""),1,0),0) | J13: =IF(J$4=1,IF(OR(INDEX('×入力'!$A$1:$L$1300,91+J$3,2+J$2)<>"",INDEX('×入力'!$A$1:$L$1300,90,2+J$2)<>"",INDEX('×入力'!$A$1:$L$1300,91+J$3,1)<>""),1,0),0) | K13: =IF(K$4=1,IF(OR(INDEX('×入力'!$A$1:$L$1300,91+K$3,2+K$2)<>"",INDEX('×入力'!$A$1:$L$1300,90,2+K$2)<>"",INDEX('×入力'!$A$1:$L$1300,91+K$3,1)<>""),1,0),0) | ... II13: =IF(II$4=1,IF(OR(INDEX('×入力'!$A$1:$L$1300,91+II$3,2+II$2)<>"",INDEX('×入力'!$A$1:$L$1300,90,2+II$2)<>"",INDEX('×入力'!$A$1:$L$1300,91+II$3,1)<>""),1,0),0) | IK13: =IFERROR(INDEX('計算B'!$C$3:$C$47,MATCH(A13,'計算B'!$B$3:$B$47,0)),0) | IL13: =IF(AND(C13=1,IK13=0),1,0) | IM13: =SUMPRODUCT(D63:II63*(1-$D$7:$II$7)) | IN13: =SUM(D13:II13) | IO13: =IF(B13="",0,IF(COUNTIF('調整・決定'!$C$6:$L$29,B13)=1,SUMPRODUCT(('調整・決定'!$C$6:$L$29=B13)*((COLUMN('調整・決定'!$C$6:$L$29)-3)*24+ROW('調整・決定'!$C$6:$L$29)-5)),0)) | IP13: =IFERROR(MATCH('名簿'!E8,{"早い時刻","遅い時刻","早い日","遅い日"},0),0) | IQ13: =IF('名簿'!F8="必ず空けたい",2,IF('名簿'!F8="出来れば空けたい",1,0))
A14: 5 | B14: ='名簿'!G9 | C14: =IF(AND(B14<>"",OR('名簿'!H9="入力済み",'名簿'!H9="×なし"),IO14=0,COUNTIF('調整・決定'!$C$6:$L$29,B14)=0),1,0) | D14: =IF(D$4=1,IF(OR(INDEX('×入力'!$A$1:$L$1300,119+D$3,2+D$2)<>"",INDEX('×入力'!$A$1:$L$1300,118,2+D$2)<>"",INDEX('×入力'!$A$1:$L$1300,119+D$3,1)<>""),1,0),0) | E14: =IF(E$4=1,IF(OR(INDEX('×入力'!$A$1:$L$1300,119+E$3,2+E$2)<>"",INDEX('×入力'!$A$1:$L$1300,118,2+E$2)<>"",INDEX('×入力'!$A$1:$L$1300,119+E$3,1)<>""),1,0),0) | F14: =IF(F$4=1,IF(OR(INDEX('×入力'!$A$1:$L$1300,119+F$3,2+F$2)<>"",INDEX('×入力'!$A$1:$L$1300,118,2+F$2)<>"",INDEX('×入力'!$A$1:$L$1300,119+F$3,1)<>""),1,0),0) | G14: =IF(G$4=1,IF(OR(INDEX('×入力'!$A$1:$L$1300,119+G$3,2+G$2)<>"",INDEX('×入力'!$A$1:$L$1300,118,2+G$2)<>"",INDEX('×入力'!$A$1:$L$1300,119+G$3,1)<>""),1,0),0) | H14: =IF(H$4=1,IF(OR(INDEX('×入力'!$A$1:$L$1300,119+H$3,2+H$2)<>"",INDEX('×入力'!$A$1:$L$1300,118,2+H$2)<>"",INDEX('×入力'!$A$1:$L$1300,119+H$3,1)<>""),1,0),0) | I14: =IF(I$4=1,IF(OR(INDEX('×入力'!$A$1:$L$1300,119+I$3,2+I$2)<>"",INDEX('×入力'!$A$1:$L$1300,118,2+I$2)<>"",INDEX('×入力'!$A$1:$L$1300,119+I$3,1)<>""),1,0),0) | J14: =IF(J$4=1,IF(OR(INDEX('×入力'!$A$1:$L$1300,119+J$3,2+J$2)<>"",INDEX('×入力'!$A$1:$L$1300,118,2+J$2)<>"",INDEX('×入力'!$A$1:$L$1300,119+J$3,1)<>""),1,0),0) | K14: =IF(K$4=1,IF(OR(INDEX('×入力'!$A$1:$L$1300,119+K$3,2+K$2)<>"",INDEX('×入力'!$A$1:$L$1300,118,2+K$2)<>"",INDEX('×入力'!$A$1:$L$1300,119+K$3,1)<>""),1,0),0) | ... II14: =IF(II$4=1,IF(OR(INDEX('×入力'!$A$1:$L$1300,119+II$3,2+II$2)<>"",INDEX('×入力'!$A$1:$L$1300,118,2+II$2)<>"",INDEX('×入力'!$A$1:$L$1300,119+II$3,1)<>""),1,0),0) | IK14: =IFERROR(INDEX('計算B'!$C$3:$C$47,MATCH(A14,'計算B'!$B$3:$B$47,0)),0) | IL14: =IF(AND(C14=1,IK14=0),1,0) | IM14: =SUMPRODUCT(D64:II64*(1-$D$7:$II$7)) | IN14: =SUM(D14:II14) | IO14: =IF(B14="",0,IF(COUNTIF('調整・決定'!$C$6:$L$29,B14)=1,SUMPRODUCT(('調整・決定'!$C$6:$L$29=B14)*((COLUMN('調整・決定'!$C$6:$L$29)-3)*24+ROW('調整・決定'!$C$6:$L$29)-5)),0)) | IP14: =IFERROR(MATCH('名簿'!E9,{"早い時刻","遅い時刻","早い日","遅い日"},0),0) | IQ14: =IF('名簿'!F9="必ず空けたい",2,IF('名簿'!F9="出来れば空けたい",1,0))
A15: 6 | B15: ='名簿'!G10 | C15: =IF(AND(B15<>"",OR('名簿'!H10="入力済み",'名簿'!H10="×なし"),IO15=0,COUNTIF('調整・決定'!$C$6:$L$29,B15)=0),1,0) | D15: =IF(D$4=1,IF(OR(INDEX('×入力'!$A$1:$L$1300,147+D$3,2+D$2)<>"",INDEX('×入力'!$A$1:$L$1300,146,2+D$2)<>"",INDEX('×入力'!$A$1:$L$1300,147+D$3,1)<>""),1,0),0) | E15: =IF(E$4=1,IF(OR(INDEX('×入力'!$A$1:$L$1300,147+E$3,2+E$2)<>"",INDEX('×入力'!$A$1:$L$1300,146,2+E$2)<>"",INDEX('×入力'!$A$1:$L$1300,147+E$3,1)<>""),1,0),0) | F15: =IF(F$4=1,IF(OR(INDEX('×入力'!$A$1:$L$1300,147+F$3,2+F$2)<>"",INDEX('×入力'!$A$1:$L$1300,146,2+F$2)<>"",INDEX('×入力'!$A$1:$L$1300,147+F$3,1)<>""),1,0),0) | G15: =IF(G$4=1,IF(OR(INDEX('×入力'!$A$1:$L$1300,147+G$3,2+G$2)<>"",INDEX('×入力'!$A$1:$L$1300,146,2+G$2)<>"",INDEX('×入力'!$A$1:$L$1300,147+G$3,1)<>""),1,0),0) | H15: =IF(H$4=1,IF(OR(INDEX('×入力'!$A$1:$L$1300,147+H$3,2+H$2)<>"",INDEX('×入力'!$A$1:$L$1300,146,2+H$2)<>"",INDEX('×入力'!$A$1:$L$1300,147+H$3,1)<>""),1,0),0) | I15: =IF(I$4=1,IF(OR(INDEX('×入力'!$A$1:$L$1300,147+I$3,2+I$2)<>"",INDEX('×入力'!$A$1:$L$1300,146,2+I$2)<>"",INDEX('×入力'!$A$1:$L$1300,147+I$3,1)<>""),1,0),0) | J15: =IF(J$4=1,IF(OR(INDEX('×入力'!$A$1:$L$1300,147+J$3,2+J$2)<>"",INDEX('×入力'!$A$1:$L$1300,146,2+J$2)<>"",INDEX('×入力'!$A$1:$L$1300,147+J$3,1)<>""),1,0),0) | K15: =IF(K$4=1,IF(OR(INDEX('×入力'!$A$1:$L$1300,147+K$3,2+K$2)<>"",INDEX('×入力'!$A$1:$L$1300,146,2+K$2)<>"",INDEX('×入力'!$A$1:$L$1300,147+K$3,1)<>""),1,0),0) | ... II15: =IF(II$4=1,IF(OR(INDEX('×入力'!$A$1:$L$1300,147+II$3,2+II$2)<>"",INDEX('×入力'!$A$1:$L$1300,146,2+II$2)<>"",INDEX('×入力'!$A$1:$L$1300,147+II$3,1)<>""),1,0),0) | IK15: =IFERROR(INDEX('計算B'!$C$3:$C$47,MATCH(A15,'計算B'!$B$3:$B$47,0)),0) | IL15: =IF(AND(C15=1,IK15=0),1,0) | IM15: =SUMPRODUCT(D65:II65*(1-$D$7:$II$7)) | IN15: =SUM(D15:II15) | IO15: =IF(B15="",0,IF(COUNTIF('調整・決定'!$C$6:$L$29,B15)=1,SUMPRODUCT(('調整・決定'!$C$6:$L$29=B15)*((COLUMN('調整・決定'!$C$6:$L$29)-3)*24+ROW('調整・決定'!$C$6:$L$29)-5)),0)) | IP15: =IFERROR(MATCH('名簿'!E10,{"早い時刻","遅い時刻","早い日","遅い日"},0),0) | IQ15: =IF('名簿'!F10="必ず空けたい",2,IF('名簿'!F10="出来れば空けたい",1,0))
A16: 7 | B16: ='名簿'!G11 | C16: =IF(AND(B16<>"",OR('名簿'!H11="入力済み",'名簿'!H11="×なし"),IO16=0,COUNTIF('調整・決定'!$C$6:$L$29,B16)=0),1,0) | D16: =IF(D$4=1,IF(OR(INDEX('×入力'!$A$1:$L$1300,175+D$3,2+D$2)<>"",INDEX('×入力'!$A$1:$L$1300,174,2+D$2)<>"",INDEX('×入力'!$A$1:$L$1300,175+D$3,1)<>""),1,0),0) | E16: =IF(E$4=1,IF(OR(INDEX('×入力'!$A$1:$L$1300,175+E$3,2+E$2)<>"",INDEX('×入力'!$A$1:$L$1300,174,2+E$2)<>"",INDEX('×入力'!$A$1:$L$1300,175+E$3,1)<>""),1,0),0) | F16: =IF(F$4=1,IF(OR(INDEX('×入力'!$A$1:$L$1300,175+F$3,2+F$2)<>"",INDEX('×入力'!$A$1:$L$1300,174,2+F$2)<>"",INDEX('×入力'!$A$1:$L$1300,175+F$3,1)<>""),1,0),0) | G16: =IF(G$4=1,IF(OR(INDEX('×入力'!$A$1:$L$1300,175+G$3,2+G$2)<>"",INDEX('×入力'!$A$1:$L$1300,174,2+G$2)<>"",INDEX('×入力'!$A$1:$L$1300,175+G$3,1)<>""),1,0),0) | H16: =IF(H$4=1,IF(OR(INDEX('×入力'!$A$1:$L$1300,175+H$3,2+H$2)<>"",INDEX('×入力'!$A$1:$L$1300,174,2+H$2)<>"",INDEX('×入力'!$A$1:$L$1300,175+H$3,1)<>""),1,0),0) | I16: =IF(I$4=1,IF(OR(INDEX('×入力'!$A$1:$L$1300,175+I$3,2+I$2)<>"",INDEX('×入力'!$A$1:$L$1300,174,2+I$2)<>"",INDEX('×入力'!$A$1:$L$1300,175+I$3,1)<>""),1,0),0) | J16: =IF(J$4=1,IF(OR(INDEX('×入力'!$A$1:$L$1300,175+J$3,2+J$2)<>"",INDEX('×入力'!$A$1:$L$1300,174,2+J$2)<>"",INDEX('×入力'!$A$1:$L$1300,175+J$3,1)<>""),1,0),0) | K16: =IF(K$4=1,IF(OR(INDEX('×入力'!$A$1:$L$1300,175+K$3,2+K$2)<>"",INDEX('×入力'!$A$1:$L$1300,174,2+K$2)<>"",INDEX('×入力'!$A$1:$L$1300,175+K$3,1)<>""),1,0),0) | ... II16: =IF(II$4=1,IF(OR(INDEX('×入力'!$A$1:$L$1300,175+II$3,2+II$2)<>"",INDEX('×入力'!$A$1:$L$1300,174,2+II$2)<>"",INDEX('×入力'!$A$1:$L$1300,175+II$3,1)<>""),1,0),0) | IK16: =IFERROR(INDEX('計算B'!$C$3:$C$47,MATCH(A16,'計算B'!$B$3:$B$47,0)),0) | IL16: =IF(AND(C16=1,IK16=0),1,0) | IM16: =SUMPRODUCT(D66:II66*(1-$D$7:$II$7)) | IN16: =SUM(D16:II16) | IO16: =IF(B16="",0,IF(COUNTIF('調整・決定'!$C$6:$L$29,B16)=1,SUMPRODUCT(('調整・決定'!$C$6:$L$29=B16)*((COLUMN('調整・決定'!$C$6:$L$29)-3)*24+ROW('調整・決定'!$C$6:$L$29)-5)),0)) | IP16: =IFERROR(MATCH('名簿'!E11,{"早い時刻","遅い時刻","早い日","遅い日"},0),0) | IQ16: =IF('名簿'!F11="必ず空けたい",2,IF('名簿'!F11="出来れば空けたい",1,0))
A17: 8 | B17: ='名簿'!G12 | C17: =IF(AND(B17<>"",OR('名簿'!H12="入力済み",'名簿'!H12="×なし"),IO17=0,COUNTIF('調整・決定'!$C$6:$L$29,B17)=0),1,0) | D17: =IF(D$4=1,IF(OR(INDEX('×入力'!$A$1:$L$1300,203+D$3,2+D$2)<>"",INDEX('×入力'!$A$1:$L$1300,202,2+D$2)<>"",INDEX('×入力'!$A$1:$L$1300,203+D$3,1)<>""),1,0),0) | E17: =IF(E$4=1,IF(OR(INDEX('×入力'!$A$1:$L$1300,203+E$3,2+E$2)<>"",INDEX('×入力'!$A$1:$L$1300,202,2+E$2)<>"",INDEX('×入力'!$A$1:$L$1300,203+E$3,1)<>""),1,0),0) | F17: =IF(F$4=1,IF(OR(INDEX('×入力'!$A$1:$L$1300,203+F$3,2+F$2)<>"",INDEX('×入力'!$A$1:$L$1300,202,2+F$2)<>"",INDEX('×入力'!$A$1:$L$1300,203+F$3,1)<>""),1,0),0) | G17: =IF(G$4=1,IF(OR(INDEX('×入力'!$A$1:$L$1300,203+G$3,2+G$2)<>"",INDEX('×入力'!$A$1:$L$1300,202,2+G$2)<>"",INDEX('×入力'!$A$1:$L$1300,203+G$3,1)<>""),1,0),0) | H17: =IF(H$4=1,IF(OR(INDEX('×入力'!$A$1:$L$1300,203+H$3,2+H$2)<>"",INDEX('×入力'!$A$1:$L$1300,202,2+H$2)<>"",INDEX('×入力'!$A$1:$L$1300,203+H$3,1)<>""),1,0),0) | I17: =IF(I$4=1,IF(OR(INDEX('×入力'!$A$1:$L$1300,203+I$3,2+I$2)<>"",INDEX('×入力'!$A$1:$L$1300,202,2+I$2)<>"",INDEX('×入力'!$A$1:$L$1300,203+I$3,1)<>""),1,0),0) | J17: =IF(J$4=1,IF(OR(INDEX('×入力'!$A$1:$L$1300,203+J$3,2+J$2)<>"",INDEX('×入力'!$A$1:$L$1300,202,2+J$2)<>"",INDEX('×入力'!$A$1:$L$1300,203+J$3,1)<>""),1,0),0) | K17: =IF(K$4=1,IF(OR(INDEX('×入力'!$A$1:$L$1300,203+K$3,2+K$2)<>"",INDEX('×入力'!$A$1:$L$1300,202,2+K$2)<>"",INDEX('×入力'!$A$1:$L$1300,203+K$3,1)<>""),1,0),0) | ... II17: =IF(II$4=1,IF(OR(INDEX('×入力'!$A$1:$L$1300,203+II$3,2+II$2)<>"",INDEX('×入力'!$A$1:$L$1300,202,2+II$2)<>"",INDEX('×入力'!$A$1:$L$1300,203+II$3,1)<>""),1,0),0) | IK17: =IFERROR(INDEX('計算B'!$C$3:$C$47,MATCH(A17,'計算B'!$B$3:$B$47,0)),0) | IL17: =IF(AND(C17=1,IK17=0),1,0) | IM17: =SUMPRODUCT(D67:II67*(1-$D$7:$II$7)) | IN17: =SUM(D17:II17) | IO17: =IF(B17="",0,IF(COUNTIF('調整・決定'!$C$6:$L$29,B17)=1,SUMPRODUCT(('調整・決定'!$C$6:$L$29=B17)*((COLUMN('調整・決定'!$C$6:$L$29)-3)*24+ROW('調整・決定'!$C$6:$L$29)-5)),0)) | IP17: =IFERROR(MATCH('名簿'!E12,{"早い時刻","遅い時刻","早い日","遅い日"},0),0) | IQ17: =IF('名簿'!F12="必ず空けたい",2,IF('名簿'!F12="出来れば空けたい",1,0))
A18: 9 | B18: ='名簿'!G13 | C18: =IF(AND(B18<>"",OR('名簿'!H13="入力済み",'名簿'!H13="×なし"),IO18=0,COUNTIF('調整・決定'!$C$6:$L$29,B18)=0),1,0) | D18: =IF(D$4=1,IF(OR(INDEX('×入力'!$A$1:$L$1300,231+D$3,2+D$2)<>"",INDEX('×入力'!$A$1:$L$1300,230,2+D$2)<>"",INDEX('×入力'!$A$1:$L$1300,231+D$3,1)<>""),1,0),0) | E18: =IF(E$4=1,IF(OR(INDEX('×入力'!$A$1:$L$1300,231+E$3,2+E$2)<>"",INDEX('×入力'!$A$1:$L$1300,230,2+E$2)<>"",INDEX('×入力'!$A$1:$L$1300,231+E$3,1)<>""),1,0),0) | F18: =IF(F$4=1,IF(OR(INDEX('×入力'!$A$1:$L$1300,231+F$3,2+F$2)<>"",INDEX('×入力'!$A$1:$L$1300,230,2+F$2)<>"",INDEX('×入力'!$A$1:$L$1300,231+F$3,1)<>""),1,0),0) | G18: =IF(G$4=1,IF(OR(INDEX('×入力'!$A$1:$L$1300,231+G$3,2+G$2)<>"",INDEX('×入力'!$A$1:$L$1300,230,2+G$2)<>"",INDEX('×入力'!$A$1:$L$1300,231+G$3,1)<>""),1,0),0) | H18: =IF(H$4=1,IF(OR(INDEX('×入力'!$A$1:$L$1300,231+H$3,2+H$2)<>"",INDEX('×入力'!$A$1:$L$1300,230,2+H$2)<>"",INDEX('×入力'!$A$1:$L$1300,231+H$3,1)<>""),1,0),0) | I18: =IF(I$4=1,IF(OR(INDEX('×入力'!$A$1:$L$1300,231+I$3,2+I$2)<>"",INDEX('×入力'!$A$1:$L$1300,230,2+I$2)<>"",INDEX('×入力'!$A$1:$L$1300,231+I$3,1)<>""),1,0),0) | J18: =IF(J$4=1,IF(OR(INDEX('×入力'!$A$1:$L$1300,231+J$3,2+J$2)<>"",INDEX('×入力'!$A$1:$L$1300,230,2+J$2)<>"",INDEX('×入力'!$A$1:$L$1300,231+J$3,1)<>""),1,0),0) | K18: =IF(K$4=1,IF(OR(INDEX('×入力'!$A$1:$L$1300,231+K$3,2+K$2)<>"",INDEX('×入力'!$A$1:$L$1300,230,2+K$2)<>"",INDEX('×入力'!$A$1:$L$1300,231+K$3,1)<>""),1,0),0) | ... II18: =IF(II$4=1,IF(OR(INDEX('×入力'!$A$1:$L$1300,231+II$3,2+II$2)<>"",INDEX('×入力'!$A$1:$L$1300,230,2+II$2)<>"",INDEX('×入力'!$A$1:$L$1300,231+II$3,1)<>""),1,0),0) | IK18: =IFERROR(INDEX('計算B'!$C$3:$C$47,MATCH(A18,'計算B'!$B$3:$B$47,0)),0) | IL18: =IF(AND(C18=1,IK18=0),1,0) | IM18: =SUMPRODUCT(D68:II68*(1-$D$7:$II$7)) | IN18: =SUM(D18:II18) | IO18: =IF(B18="",0,IF(COUNTIF('調整・決定'!$C$6:$L$29,B18)=1,SUMPRODUCT(('調整・決定'!$C$6:$L$29=B18)*((COLUMN('調整・決定'!$C$6:$L$29)-3)*24+ROW('調整・決定'!$C$6:$L$29)-5)),0)) | IP18: =IFERROR(MATCH('名簿'!E13,{"早い時刻","遅い時刻","早い日","遅い日"},0),0) | IQ18: =IF('名簿'!F13="必ず空けたい",2,IF('名簿'!F13="出来れば空けたい",1,0))
A19: 10 | B19: ='名簿'!G14 | C19: =IF(AND(B19<>"",OR('名簿'!H14="入力済み",'名簿'!H14="×なし"),IO19=0,COUNTIF('調整・決定'!$C$6:$L$29,B19)=0),1,0) | D19: =IF(D$4=1,IF(OR(INDEX('×入力'!$A$1:$L$1300,259+D$3,2+D$2)<>"",INDEX('×入力'!$A$1:$L$1300,258,2+D$2)<>"",INDEX('×入力'!$A$1:$L$1300,259+D$3,1)<>""),1,0),0) | E19: =IF(E$4=1,IF(OR(INDEX('×入力'!$A$1:$L$1300,259+E$3,2+E$2)<>"",INDEX('×入力'!$A$1:$L$1300,258,2+E$2)<>"",INDEX('×入力'!$A$1:$L$1300,259+E$3,1)<>""),1,0),0) | F19: =IF(F$4=1,IF(OR(INDEX('×入力'!$A$1:$L$1300,259+F$3,2+F$2)<>"",INDEX('×入力'!$A$1:$L$1300,258,2+F$2)<>"",INDEX('×入力'!$A$1:$L$1300,259+F$3,1)<>""),1,0),0) | G19: =IF(G$4=1,IF(OR(INDEX('×入力'!$A$1:$L$1300,259+G$3,2+G$2)<>"",INDEX('×入力'!$A$1:$L$1300,258,2+G$2)<>"",INDEX('×入力'!$A$1:$L$1300,259+G$3,1)<>""),1,0),0) | H19: =IF(H$4=1,IF(OR(INDEX('×入力'!$A$1:$L$1300,259+H$3,2+H$2)<>"",INDEX('×入力'!$A$1:$L$1300,258,2+H$2)<>"",INDEX('×入力'!$A$1:$L$1300,259+H$3,1)<>""),1,0),0) | I19: =IF(I$4=1,IF(OR(INDEX('×入力'!$A$1:$L$1300,259+I$3,2+I$2)<>"",INDEX('×入力'!$A$1:$L$1300,258,2+I$2)<>"",INDEX('×入力'!$A$1:$L$1300,259+I$3,1)<>""),1,0),0) | J19: =IF(J$4=1,IF(OR(INDEX('×入力'!$A$1:$L$1300,259+J$3,2+J$2)<>"",INDEX('×入力'!$A$1:$L$1300,258,2+J$2)<>"",INDEX('×入力'!$A$1:$L$1300,259+J$3,1)<>""),1,0),0) | K19: =IF(K$4=1,IF(OR(INDEX('×入力'!$A$1:$L$1300,259+K$3,2+K$2)<>"",INDEX('×入力'!$A$1:$L$1300,258,2+K$2)<>"",INDEX('×入力'!$A$1:$L$1300,259+K$3,1)<>""),1,0),0) | ... II19: =IF(II$4=1,IF(OR(INDEX('×入力'!$A$1:$L$1300,259+II$3,2+II$2)<>"",INDEX('×入力'!$A$1:$L$1300,258,2+II$2)<>"",INDEX('×入力'!$A$1:$L$1300,259+II$3,1)<>""),1,0),0) | IK19: =IFERROR(INDEX('計算B'!$C$3:$C$47,MATCH(A19,'計算B'!$B$3:$B$47,0)),0) | IL19: =IF(AND(C19=1,IK19=0),1,0) | IM19: =SUMPRODUCT(D69:II69*(1-$D$7:$II$7)) | IN19: =SUM(D19:II19) | IO19: =IF(B19="",0,IF(COUNTIF('調整・決定'!$C$6:$L$29,B19)=1,SUMPRODUCT(('調整・決定'!$C$6:$L$29=B19)*((COLUMN('調整・決定'!$C$6:$L$29)-3)*24+ROW('調整・決定'!$C$6:$L$29)-5)),0)) | IP19: =IFERROR(MATCH('名簿'!E14,{"早い時刻","遅い時刻","早い日","遅い日"},0),0) | IQ19: =IF('名簿'!F14="必ず空けたい",2,IF('名簿'!F14="出来れば空けたい",1,0))
A20: 11 | B20: ='名簿'!G15 | C20: =IF(AND(B20<>"",OR('名簿'!H15="入力済み",'名簿'!H15="×なし"),IO20=0,COUNTIF('調整・決定'!$C$6:$L$29,B20)=0),1,0) | D20: =IF(D$4=1,IF(OR(INDEX('×入力'!$A$1:$L$1300,287+D$3,2+D$2)<>"",INDEX('×入力'!$A$1:$L$1300,286,2+D$2)<>"",INDEX('×入力'!$A$1:$L$1300,287+D$3,1)<>""),1,0),0) | E20: =IF(E$4=1,IF(OR(INDEX('×入力'!$A$1:$L$1300,287+E$3,2+E$2)<>"",INDEX('×入力'!$A$1:$L$1300,286,2+E$2)<>"",INDEX('×入力'!$A$1:$L$1300,287+E$3,1)<>""),1,0),0) | F20: =IF(F$4=1,IF(OR(INDEX('×入力'!$A$1:$L$1300,287+F$3,2+F$2)<>"",INDEX('×入力'!$A$1:$L$1300,286,2+F$2)<>"",INDEX('×入力'!$A$1:$L$1300,287+F$3,1)<>""),1,0),0) | G20: =IF(G$4=1,IF(OR(INDEX('×入力'!$A$1:$L$1300,287+G$3,2+G$2)<>"",INDEX('×入力'!$A$1:$L$1300,286,2+G$2)<>"",INDEX('×入力'!$A$1:$L$1300,287+G$3,1)<>""),1,0),0) | H20: =IF(H$4=1,IF(OR(INDEX('×入力'!$A$1:$L$1300,287+H$3,2+H$2)<>"",INDEX('×入力'!$A$1:$L$1300,286,2+H$2)<>"",INDEX('×入力'!$A$1:$L$1300,287+H$3,1)<>""),1,0),0) | I20: =IF(I$4=1,IF(OR(INDEX('×入力'!$A$1:$L$1300,287+I$3,2+I$2)<>"",INDEX('×入力'!$A$1:$L$1300,286,2+I$2)<>"",INDEX('×入力'!$A$1:$L$1300,287+I$3,1)<>""),1,0),0) | J20: =IF(J$4=1,IF(OR(INDEX('×入力'!$A$1:$L$1300,287+J$3,2+J$2)<>"",INDEX('×入力'!$A$1:$L$1300,286,2+J$2)<>"",INDEX('×入力'!$A$1:$L$1300,287+J$3,1)<>""),1,0),0) | K20: =IF(K$4=1,IF(OR(INDEX('×入力'!$A$1:$L$1300,287+K$3,2+K$2)<>"",INDEX('×入力'!$A$1:$L$1300,286,2+K$2)<>"",INDEX('×入力'!$A$1:$L$1300,287+K$3,1)<>""),1,0),0) | ... II20: =IF(II$4=1,IF(OR(INDEX('×入力'!$A$1:$L$1300,287+II$3,2+II$2)<>"",INDEX('×入力'!$A$1:$L$1300,286,2+II$2)<>"",INDEX('×入力'!$A$1:$L$1300,287+II$3,1)<>""),1,0),0) | IK20: =IFERROR(INDEX('計算B'!$C$3:$C$47,MATCH(A20,'計算B'!$B$3:$B$47,0)),0) | IL20: =IF(AND(C20=1,IK20=0),1,0) | IM20: =SUMPRODUCT(D70:II70*(1-$D$7:$II$7)) | IN20: =SUM(D20:II20) | IO20: =IF(B20="",0,IF(COUNTIF('調整・決定'!$C$6:$L$29,B20)=1,SUMPRODUCT(('調整・決定'!$C$6:$L$29=B20)*((COLUMN('調整・決定'!$C$6:$L$29)-3)*24+ROW('調整・決定'!$C$6:$L$29)-5)),0)) | IP20: =IFERROR(MATCH('名簿'!E15,{"早い時刻","遅い時刻","早い日","遅い日"},0),0) | IQ20: =IF('名簿'!F15="必ず空けたい",2,IF('名簿'!F15="出来れば空けたい",1,0))
A21: 12 | B21: ='名簿'!G16 | C21: =IF(AND(B21<>"",OR('名簿'!H16="入力済み",'名簿'!H16="×なし"),IO21=0,COUNTIF('調整・決定'!$C$6:$L$29,B21)=0),1,0) | D21: =IF(D$4=1,IF(OR(INDEX('×入力'!$A$1:$L$1300,315+D$3,2+D$2)<>"",INDEX('×入力'!$A$1:$L$1300,314,2+D$2)<>"",INDEX('×入力'!$A$1:$L$1300,315+D$3,1)<>""),1,0),0) | E21: =IF(E$4=1,IF(OR(INDEX('×入力'!$A$1:$L$1300,315+E$3,2+E$2)<>"",INDEX('×入力'!$A$1:$L$1300,314,2+E$2)<>"",INDEX('×入力'!$A$1:$L$1300,315+E$3,1)<>""),1,0),0) | F21: =IF(F$4=1,IF(OR(INDEX('×入力'!$A$1:$L$1300,315+F$3,2+F$2)<>"",INDEX('×入力'!$A$1:$L$1300,314,2+F$2)<>"",INDEX('×入力'!$A$1:$L$1300,315+F$3,1)<>""),1,0),0) | G21: =IF(G$4=1,IF(OR(INDEX('×入力'!$A$1:$L$1300,315+G$3,2+G$2)<>"",INDEX('×入力'!$A$1:$L$1300,314,2+G$2)<>"",INDEX('×入力'!$A$1:$L$1300,315+G$3,1)<>""),1,0),0) | H21: =IF(H$4=1,IF(OR(INDEX('×入力'!$A$1:$L$1300,315+H$3,2+H$2)<>"",INDEX('×入力'!$A$1:$L$1300,314,2+H$2)<>"",INDEX('×入力'!$A$1:$L$1300,315+H$3,1)<>""),1,0),0) | I21: =IF(I$4=1,IF(OR(INDEX('×入力'!$A$1:$L$1300,315+I$3,2+I$2)<>"",INDEX('×入力'!$A$1:$L$1300,314,2+I$2)<>"",INDEX('×入力'!$A$1:$L$1300,315+I$3,1)<>""),1,0),0) | J21: =IF(J$4=1,IF(OR(INDEX('×入力'!$A$1:$L$1300,315+J$3,2+J$2)<>"",INDEX('×入力'!$A$1:$L$1300,314,2+J$2)<>"",INDEX('×入力'!$A$1:$L$1300,315+J$3,1)<>""),1,0),0) | K21: =IF(K$4=1,IF(OR(INDEX('×入力'!$A$1:$L$1300,315+K$3,2+K$2)<>"",INDEX('×入力'!$A$1:$L$1300,314,2+K$2)<>"",INDEX('×入力'!$A$1:$L$1300,315+K$3,1)<>""),1,0),0) | ... II21: =IF(II$4=1,IF(OR(INDEX('×入力'!$A$1:$L$1300,315+II$3,2+II$2)<>"",INDEX('×入力'!$A$1:$L$1300,314,2+II$2)<>"",INDEX('×入力'!$A$1:$L$1300,315+II$3,1)<>""),1,0),0) | IK21: =IFERROR(INDEX('計算B'!$C$3:$C$47,MATCH(A21,'計算B'!$B$3:$B$47,0)),0) | IL21: =IF(AND(C21=1,IK21=0),1,0) | IM21: =SUMPRODUCT(D71:II71*(1-$D$7:$II$7)) | IN21: =SUM(D21:II21) | IO21: =IF(B21="",0,IF(COUNTIF('調整・決定'!$C$6:$L$29,B21)=1,SUMPRODUCT(('調整・決定'!$C$6:$L$29=B21)*((COLUMN('調整・決定'!$C$6:$L$29)-3)*24+ROW('調整・決定'!$C$6:$L$29)-5)),0)) | IP21: =IFERROR(MATCH('名簿'!E16,{"早い時刻","遅い時刻","早い日","遅い日"},0),0) | IQ21: =IF('名簿'!F16="必ず空けたい",2,IF('名簿'!F16="出来れば空けたい",1,0))
A22: 13 | B22: ='名簿'!G17 | C22: =IF(AND(B22<>"",OR('名簿'!H17="入力済み",'名簿'!H17="×なし"),IO22=0,COUNTIF('調整・決定'!$C$6:$L$29,B22)=0),1,0) | D22: =IF(D$4=1,IF(OR(INDEX('×入力'!$A$1:$L$1300,343+D$3,2+D$2)<>"",INDEX('×入力'!$A$1:$L$1300,342,2+D$2)<>"",INDEX('×入力'!$A$1:$L$1300,343+D$3,1)<>""),1,0),0) | E22: =IF(E$4=1,IF(OR(INDEX('×入力'!$A$1:$L$1300,343+E$3,2+E$2)<>"",INDEX('×入力'!$A$1:$L$1300,342,2+E$2)<>"",INDEX('×入力'!$A$1:$L$1300,343+E$3,1)<>""),1,0),0) | F22: =IF(F$4=1,IF(OR(INDEX('×入力'!$A$1:$L$1300,343+F$3,2+F$2)<>"",INDEX('×入力'!$A$1:$L$1300,342,2+F$2)<>"",INDEX('×入力'!$A$1:$L$1300,343+F$3,1)<>""),1,0),0) | G22: =IF(G$4=1,IF(OR(INDEX('×入力'!$A$1:$L$1300,343+G$3,2+G$2)<>"",INDEX('×入力'!$A$1:$L$1300,342,2+G$2)<>"",INDEX('×入力'!$A$1:$L$1300,343+G$3,1)<>""),1,0),0) | H22: =IF(H$4=1,IF(OR(INDEX('×入力'!$A$1:$L$1300,343+H$3,2+H$2)<>"",INDEX('×入力'!$A$1:$L$1300,342,2+H$2)<>"",INDEX('×入力'!$A$1:$L$1300,343+H$3,1)<>""),1,0),0) | I22: =IF(I$4=1,IF(OR(INDEX('×入力'!$A$1:$L$1300,343+I$3,2+I$2)<>"",INDEX('×入力'!$A$1:$L$1300,342,2+I$2)<>"",INDEX('×入力'!$A$1:$L$1300,343+I$3,1)<>""),1,0),0) | J22: =IF(J$4=1,IF(OR(INDEX('×入力'!$A$1:$L$1300,343+J$3,2+J$2)<>"",INDEX('×入力'!$A$1:$L$1300,342,2+J$2)<>"",INDEX('×入力'!$A$1:$L$1300,343+J$3,1)<>""),1,0),0) | K22: =IF(K$4=1,IF(OR(INDEX('×入力'!$A$1:$L$1300,343+K$3,2+K$2)<>"",INDEX('×入力'!$A$1:$L$1300,342,2+K$2)<>"",INDEX('×入力'!$A$1:$L$1300,343+K$3,1)<>""),1,0),0) | ... II22: =IF(II$4=1,IF(OR(INDEX('×入力'!$A$1:$L$1300,343+II$3,2+II$2)<>"",INDEX('×入力'!$A$1:$L$1300,342,2+II$2)<>"",INDEX('×入力'!$A$1:$L$1300,343+II$3,1)<>""),1,0),0) | IK22: =IFERROR(INDEX('計算B'!$C$3:$C$47,MATCH(A22,'計算B'!$B$3:$B$47,0)),0) | IL22: =IF(AND(C22=1,IK22=0),1,0) | IM22: =SUMPRODUCT(D72:II72*(1-$D$7:$II$7)) | IN22: =SUM(D22:II22) | IO22: =IF(B22="",0,IF(COUNTIF('調整・決定'!$C$6:$L$29,B22)=1,SUMPRODUCT(('調整・決定'!$C$6:$L$29=B22)*((COLUMN('調整・決定'!$C$6:$L$29)-3)*24+ROW('調整・決定'!$C$6:$L$29)-5)),0)) | IP22: =IFERROR(MATCH('名簿'!E17,{"早い時刻","遅い時刻","早い日","遅い日"},0),0) | IQ22: =IF('名簿'!F17="必ず空けたい",2,IF('名簿'!F17="出来れば空けたい",1,0))
A23: 14 | B23: ='名簿'!G18 | C23: =IF(AND(B23<>"",OR('名簿'!H18="入力済み",'名簿'!H18="×なし"),IO23=0,COUNTIF('調整・決定'!$C$6:$L$29,B23)=0),1,0) | D23: =IF(D$4=1,IF(OR(INDEX('×入力'!$A$1:$L$1300,371+D$3,2+D$2)<>"",INDEX('×入力'!$A$1:$L$1300,370,2+D$2)<>"",INDEX('×入力'!$A$1:$L$1300,371+D$3,1)<>""),1,0),0) | E23: =IF(E$4=1,IF(OR(INDEX('×入力'!$A$1:$L$1300,371+E$3,2+E$2)<>"",INDEX('×入力'!$A$1:$L$1300,370,2+E$2)<>"",INDEX('×入力'!$A$1:$L$1300,371+E$3,1)<>""),1,0),0) | F23: =IF(F$4=1,IF(OR(INDEX('×入力'!$A$1:$L$1300,371+F$3,2+F$2)<>"",INDEX('×入力'!$A$1:$L$1300,370,2+F$2)<>"",INDEX('×入力'!$A$1:$L$1300,371+F$3,1)<>""),1,0),0) | G23: =IF(G$4=1,IF(OR(INDEX('×入力'!$A$1:$L$1300,371+G$3,2+G$2)<>"",INDEX('×入力'!$A$1:$L$1300,370,2+G$2)<>"",INDEX('×入力'!$A$1:$L$1300,371+G$3,1)<>""),1,0),0) | H23: =IF(H$4=1,IF(OR(INDEX('×入力'!$A$1:$L$1300,371+H$3,2+H$2)<>"",INDEX('×入力'!$A$1:$L$1300,370,2+H$2)<>"",INDEX('×入力'!$A$1:$L$1300,371+H$3,1)<>""),1,0),0) | I23: =IF(I$4=1,IF(OR(INDEX('×入力'!$A$1:$L$1300,371+I$3,2+I$2)<>"",INDEX('×入力'!$A$1:$L$1300,370,2+I$2)<>"",INDEX('×入力'!$A$1:$L$1300,371+I$3,1)<>""),1,0),0) | J23: =IF(J$4=1,IF(OR(INDEX('×入力'!$A$1:$L$1300,371+J$3,2+J$2)<>"",INDEX('×入力'!$A$1:$L$1300,370,2+J$2)<>"",INDEX('×入力'!$A$1:$L$1300,371+J$3,1)<>""),1,0),0) | K23: =IF(K$4=1,IF(OR(INDEX('×入力'!$A$1:$L$1300,371+K$3,2+K$2)<>"",INDEX('×入力'!$A$1:$L$1300,370,2+K$2)<>"",INDEX('×入力'!$A$1:$L$1300,371+K$3,1)<>""),1,0),0) | ... II23: =IF(II$4=1,IF(OR(INDEX('×入力'!$A$1:$L$1300,371+II$3,2+II$2)<>"",INDEX('×入力'!$A$1:$L$1300,370,2+II$2)<>"",INDEX('×入力'!$A$1:$L$1300,371+II$3,1)<>""),1,0),0) | IK23: =IFERROR(INDEX('計算B'!$C$3:$C$47,MATCH(A23,'計算B'!$B$3:$B$47,0)),0) | IL23: =IF(AND(C23=1,IK23=0),1,0) | IM23: =SUMPRODUCT(D73:II73*(1-$D$7:$II$7)) | IN23: =SUM(D23:II23) | IO23: =IF(B23="",0,IF(COUNTIF('調整・決定'!$C$6:$L$29,B23)=1,SUMPRODUCT(('調整・決定'!$C$6:$L$29=B23)*((COLUMN('調整・決定'!$C$6:$L$29)-3)*24+ROW('調整・決定'!$C$6:$L$29)-5)),0)) | IP23: =IFERROR(MATCH('名簿'!E18,{"早い時刻","遅い時刻","早い日","遅い日"},0),0) | IQ23: =IF('名簿'!F18="必ず空けたい",2,IF('名簿'!F18="出来れば空けたい",1,0))
A24: 15 | B24: ='名簿'!G19 | C24: =IF(AND(B24<>"",OR('名簿'!H19="入力済み",'名簿'!H19="×なし"),IO24=0,COUNTIF('調整・決定'!$C$6:$L$29,B24)=0),1,0) | D24: =IF(D$4=1,IF(OR(INDEX('×入力'!$A$1:$L$1300,399+D$3,2+D$2)<>"",INDEX('×入力'!$A$1:$L$1300,398,2+D$2)<>"",INDEX('×入力'!$A$1:$L$1300,399+D$3,1)<>""),1,0),0) | E24: =IF(E$4=1,IF(OR(INDEX('×入力'!$A$1:$L$1300,399+E$3,2+E$2)<>"",INDEX('×入力'!$A$1:$L$1300,398,2+E$2)<>"",INDEX('×入力'!$A$1:$L$1300,399+E$3,1)<>""),1,0),0) | F24: =IF(F$4=1,IF(OR(INDEX('×入力'!$A$1:$L$1300,399+F$3,2+F$2)<>"",INDEX('×入力'!$A$1:$L$1300,398,2+F$2)<>"",INDEX('×入力'!$A$1:$L$1300,399+F$3,1)<>""),1,0),0) | G24: =IF(G$4=1,IF(OR(INDEX('×入力'!$A$1:$L$1300,399+G$3,2+G$2)<>"",INDEX('×入力'!$A$1:$L$1300,398,2+G$2)<>"",INDEX('×入力'!$A$1:$L$1300,399+G$3,1)<>""),1,0),0) | H24: =IF(H$4=1,IF(OR(INDEX('×入力'!$A$1:$L$1300,399+H$3,2+H$2)<>"",INDEX('×入力'!$A$1:$L$1300,398,2+H$2)<>"",INDEX('×入力'!$A$1:$L$1300,399+H$3,1)<>""),1,0),0) | I24: =IF(I$4=1,IF(OR(INDEX('×入力'!$A$1:$L$1300,399+I$3,2+I$2)<>"",INDEX('×入力'!$A$1:$L$1300,398,2+I$2)<>"",INDEX('×入力'!$A$1:$L$1300,399+I$3,1)<>""),1,0),0) | J24: =IF(J$4=1,IF(OR(INDEX('×入力'!$A$1:$L$1300,399+J$3,2+J$2)<>"",INDEX('×入力'!$A$1:$L$1300,398,2+J$2)<>"",INDEX('×入力'!$A$1:$L$1300,399+J$3,1)<>""),1,0),0) | K24: =IF(K$4=1,IF(OR(INDEX('×入力'!$A$1:$L$1300,399+K$3,2+K$2)<>"",INDEX('×入力'!$A$1:$L$1300,398,2+K$2)<>"",INDEX('×入力'!$A$1:$L$1300,399+K$3,1)<>""),1,0),0) | ... II24: =IF(II$4=1,IF(OR(INDEX('×入力'!$A$1:$L$1300,399+II$3,2+II$2)<>"",INDEX('×入力'!$A$1:$L$1300,398,2+II$2)<>"",INDEX('×入力'!$A$1:$L$1300,399+II$3,1)<>""),1,0),0) | IK24: =IFERROR(INDEX('計算B'!$C$3:$C$47,MATCH(A24,'計算B'!$B$3:$B$47,0)),0) | IL24: =IF(AND(C24=1,IK24=0),1,0) | IM24: =SUMPRODUCT(D74:II74*(1-$D$7:$II$7)) | IN24: =SUM(D24:II24) | IO24: =IF(B24="",0,IF(COUNTIF('調整・決定'!$C$6:$L$29,B24)=1,SUMPRODUCT(('調整・決定'!$C$6:$L$29=B24)*((COLUMN('調整・決定'!$C$6:$L$29)-3)*24+ROW('調整・決定'!$C$6:$L$29)-5)),0)) | IP24: =IFERROR(MATCH('名簿'!E19,{"早い時刻","遅い時刻","早い日","遅い日"},0),0) | IQ24: =IF('名簿'!F19="必ず空けたい",2,IF('名簿'!F19="出来れば空けたい",1,0))
A25: 16 | B25: ='名簿'!G20 | C25: =IF(AND(B25<>"",OR('名簿'!H20="入力済み",'名簿'!H20="×なし"),IO25=0,COUNTIF('調整・決定'!$C$6:$L$29,B25)=0),1,0) | D25: =IF(D$4=1,IF(OR(INDEX('×入力'!$A$1:$L$1300,427+D$3,2+D$2)<>"",INDEX('×入力'!$A$1:$L$1300,426,2+D$2)<>"",INDEX('×入力'!$A$1:$L$1300,427+D$3,1)<>""),1,0),0) | E25: =IF(E$4=1,IF(OR(INDEX('×入力'!$A$1:$L$1300,427+E$3,2+E$2)<>"",INDEX('×入力'!$A$1:$L$1300,426,2+E$2)<>"",INDEX('×入力'!$A$1:$L$1300,427+E$3,1)<>""),1,0),0) | F25: =IF(F$4=1,IF(OR(INDEX('×入力'!$A$1:$L$1300,427+F$3,2+F$2)<>"",INDEX('×入力'!$A$1:$L$1300,426,2+F$2)<>"",INDEX('×入力'!$A$1:$L$1300,427+F$3,1)<>""),1,0),0) | G25: =IF(G$4=1,IF(OR(INDEX('×入力'!$A$1:$L$1300,427+G$3,2+G$2)<>"",INDEX('×入力'!$A$1:$L$1300,426,2+G$2)<>"",INDEX('×入力'!$A$1:$L$1300,427+G$3,1)<>""),1,0),0) | H25: =IF(H$4=1,IF(OR(INDEX('×入力'!$A$1:$L$1300,427+H$3,2+H$2)<>"",INDEX('×入力'!$A$1:$L$1300,426,2+H$2)<>"",INDEX('×入力'!$A$1:$L$1300,427+H$3,1)<>""),1,0),0) | I25: =IF(I$4=1,IF(OR(INDEX('×入力'!$A$1:$L$1300,427+I$3,2+I$2)<>"",INDEX('×入力'!$A$1:$L$1300,426,2+I$2)<>"",INDEX('×入力'!$A$1:$L$1300,427+I$3,1)<>""),1,0),0) | J25: =IF(J$4=1,IF(OR(INDEX('×入力'!$A$1:$L$1300,427+J$3,2+J$2)<>"",INDEX('×入力'!$A$1:$L$1300,426,2+J$2)<>"",INDEX('×入力'!$A$1:$L$1300,427+J$3,1)<>""),1,0),0) | K25: =IF(K$4=1,IF(OR(INDEX('×入力'!$A$1:$L$1300,427+K$3,2+K$2)<>"",INDEX('×入力'!$A$1:$L$1300,426,2+K$2)<>"",INDEX('×入力'!$A$1:$L$1300,427+K$3,1)<>""),1,0),0) | ... II25: =IF(II$4=1,IF(OR(INDEX('×入力'!$A$1:$L$1300,427+II$3,2+II$2)<>"",INDEX('×入力'!$A$1:$L$1300,426,2+II$2)<>"",INDEX('×入力'!$A$1:$L$1300,427+II$3,1)<>""),1,0),0) | IK25: =IFERROR(INDEX('計算B'!$C$3:$C$47,MATCH(A25,'計算B'!$B$3:$B$47,0)),0) | IL25: =IF(AND(C25=1,IK25=0),1,0) | IM25: =SUMPRODUCT(D75:II75*(1-$D$7:$II$7)) | IN25: =SUM(D25:II25) | IO25: =IF(B25="",0,IF(COUNTIF('調整・決定'!$C$6:$L$29,B25)=1,SUMPRODUCT(('調整・決定'!$C$6:$L$29=B25)*((COLUMN('調整・決定'!$C$6:$L$29)-3)*24+ROW('調整・決定'!$C$6:$L$29)-5)),0)) | IP25: =IFERROR(MATCH('名簿'!E20,{"早い時刻","遅い時刻","早い日","遅い日"},0),0) | IQ25: =IF('名簿'!F20="必ず空けたい",2,IF('名簿'!F20="出来れば空けたい",1,0))
A26: 17 | B26: ='名簿'!G21 | C26: =IF(AND(B26<>"",OR('名簿'!H21="入力済み",'名簿'!H21="×なし"),IO26=0,COUNTIF('調整・決定'!$C$6:$L$29,B26)=0),1,0) | D26: =IF(D$4=1,IF(OR(INDEX('×入力'!$A$1:$L$1300,455+D$3,2+D$2)<>"",INDEX('×入力'!$A$1:$L$1300,454,2+D$2)<>"",INDEX('×入力'!$A$1:$L$1300,455+D$3,1)<>""),1,0),0) | E26: =IF(E$4=1,IF(OR(INDEX('×入力'!$A$1:$L$1300,455+E$3,2+E$2)<>"",INDEX('×入力'!$A$1:$L$1300,454,2+E$2)<>"",INDEX('×入力'!$A$1:$L$1300,455+E$3,1)<>""),1,0),0) | F26: =IF(F$4=1,IF(OR(INDEX('×入力'!$A$1:$L$1300,455+F$3,2+F$2)<>"",INDEX('×入力'!$A$1:$L$1300,454,2+F$2)<>"",INDEX('×入力'!$A$1:$L$1300,455+F$3,1)<>""),1,0),0) | G26: =IF(G$4=1,IF(OR(INDEX('×入力'!$A$1:$L$1300,455+G$3,2+G$2)<>"",INDEX('×入力'!$A$1:$L$1300,454,2+G$2)<>"",INDEX('×入力'!$A$1:$L$1300,455+G$3,1)<>""),1,0),0) | H26: =IF(H$4=1,IF(OR(INDEX('×入力'!$A$1:$L$1300,455+H$3,2+H$2)<>"",INDEX('×入力'!$A$1:$L$1300,454,2+H$2)<>"",INDEX('×入力'!$A$1:$L$1300,455+H$3,1)<>""),1,0),0) | I26: =IF(I$4=1,IF(OR(INDEX('×入力'!$A$1:$L$1300,455+I$3,2+I$2)<>"",INDEX('×入力'!$A$1:$L$1300,454,2+I$2)<>"",INDEX('×入力'!$A$1:$L$1300,455+I$3,1)<>""),1,0),0) | J26: =IF(J$4=1,IF(OR(INDEX('×入力'!$A$1:$L$1300,455+J$3,2+J$2)<>"",INDEX('×入力'!$A$1:$L$1300,454,2+J$2)<>"",INDEX('×入力'!$A$1:$L$1300,455+J$3,1)<>""),1,0),0) | K26: =IF(K$4=1,IF(OR(INDEX('×入力'!$A$1:$L$1300,455+K$3,2+K$2)<>"",INDEX('×入力'!$A$1:$L$1300,454,2+K$2)<>"",INDEX('×入力'!$A$1:$L$1300,455+K$3,1)<>""),1,0),0) | ... II26: =IF(II$4=1,IF(OR(INDEX('×入力'!$A$1:$L$1300,455+II$3,2+II$2)<>"",INDEX('×入力'!$A$1:$L$1300,454,2+II$2)<>"",INDEX('×入力'!$A$1:$L$1300,455+II$3,1)<>""),1,0),0) | IK26: =IFERROR(INDEX('計算B'!$C$3:$C$47,MATCH(A26,'計算B'!$B$3:$B$47,0)),0) | IL26: =IF(AND(C26=1,IK26=0),1,0) | IM26: =SUMPRODUCT(D76:II76*(1-$D$7:$II$7)) | IN26: =SUM(D26:II26) | IO26: =IF(B26="",0,IF(COUNTIF('調整・決定'!$C$6:$L$29,B26)=1,SUMPRODUCT(('調整・決定'!$C$6:$L$29=B26)*((COLUMN('調整・決定'!$C$6:$L$29)-3)*24+ROW('調整・決定'!$C$6:$L$29)-5)),0)) | IP26: =IFERROR(MATCH('名簿'!E21,{"早い時刻","遅い時刻","早い日","遅い日"},0),0) | IQ26: =IF('名簿'!F21="必ず空けたい",2,IF('名簿'!F21="出来れば空けたい",1,0))
