Workbook
Name 自動案Aの表: '自動案A'!$C$6:$H$29
Name 自動案Bの表: '自動案B'!$C$6:$H$29
Name 決定の表: '調整・決定'!$C$6:$H$29

Sheet ホーム
A1: 面談日程ツール | K1: Ver.2.3
A2: ×のついた予定表から、個人面談の日程を組むツールです（マクロなし）。黄色のマスが入力する場所です。
B4: いまの状況
B5: 名簿の人数 | D5: ×入力済み | F5: 未入力 | H5: 未提出 | J5: 決定済み | L5: 未決定
B6: =COUNTIF('名簿'!$B$5:$B$49,"?*") | D6: =COUNTIF('名簿'!$Q$5:$Q$49,"入力済み")+COUNTIF('名簿'!$Q$5:$Q$49,"×なし") | F6: =COUNTIF('名簿'!$Q$5:$Q$49,"未入力") | H6: =COUNTIF('名簿'!$Q$5:$Q$49,"未提出") | J6: =SUMPRODUCT(('名簿'!$U$5:$U$49<>"")*1) | L6: =COUNTIF('名簿'!$W$5:$W$49,"未決定")
B8: 使う順番
B9: 1 | C9: 日付と時間枠を決める | K9: =HYPERLINK("#'設定'!A1","開く ▶")
C10: 面談する日付、時間帯（2つまで）、1枠の長さ。出張などで組まない日・時間もここで止めます。
B12: 2 | C12: 名簿を貼り付ける | K12: =HYPERLINK("#'名簿'!A1","開く ▶")
C13: 番号と名前を貼り付けます。兄弟・希望の時間・後ろを空けるもここで選びます。
B15: 3 | C15: ×を入力する | K15: =HYPERLINK("#'×入力'!A1","開く ▶")
C16: 予定表と同じ形の表に「×」。日付の上・時刻の左の欄で、1日全部・その時間全部も一度に×にできます。
B18: 4 | C18: 自動案を見る（A：詰める／B：散らす） | K18: =HYPERLINK("#'自動案A'!A1","案A ▶") | L18: =HYPERLINK("#'自動案B'!A1","案B ▶")
C19: 集まった分で作るときは、自動案Aのシートの右上を「自動案を出す」に。入れられる枠が少ない家庭から順に組んだ案が2つ出ます。よいほうを調整・決定に貼り付けます。
B21: 5 | C21: 調整して決定する | K21: =HYPERLINK("#'調整・決定'!A1","開く ▶")
C22: プルダウンで手直しして日程を決めます。児童を選ぶと、入れられる枠に色がつきます。
B24: 6 | C24: 印刷して兄弟を確認する | K24: =HYPERLINK("#'兄弟確認用'!A1","開く ▶")
C25: 決めた日程を予定表の形で印刷。兄弟がいる子は色付きで、兄弟のクラスも出ます。
B27: 7 | C27: お手紙を印刷する | K27: =HYPERLINK("#'お手紙（夏）'!A1","夏 ▶") | L27: =HYPERLINK("#'お手紙（秋）'!A1","秋 ▶")
C28: 保護者へのお知らせ（夏用・秋用）。宛名・日付・学校名・担任名・本文は設定で決めます。6年は「進路面談」になります。
B32: くわしい使い方
B33: 1. 「設定」シート
B34: ・面談の日付（上から順に、最大6日）、時間帯（午前と午後に分けるときは2つ）と1枠の長さを入れます（1日最大24枠）。
B35: ・空けたい日や休憩の時刻には「〇」を選びます。自動案では、ほかに入る枠がないときだけ使われます。
B36: ・出張や会議などで面談を組まない日・時間・枠は、右の「先生の都合で使えない枠」で「×」を選びます。止めた枠は、×入力・自動案・調整・決定で灰色になり、使われません。
B37: 2. 「名簿」シート
B38: ・Excelの名簿から「出席番号」と「名前」をコピーして、「番号」の列のいちばん上のマスに貼り付けます（最大45人）。
B39: ・他のクラスに兄弟がいる家庭は、「兄弟」の列で「〇」を選び、「兄弟メモ」に兄弟のクラスなどをメモします。
B40: ・「希望」：早い時刻／遅い時刻／早い日／遅い日 から選べます。自動案で、×のない枠の中からできるだけ希望に合う枠を選びます（希望なので、合わないこともあります）。
B41: ・「後ろを空ける」：話が長引きそうな家庭は、同じ日のすぐ次の枠を空けます。「必ず空けたい」「出来れば空けたい」から選びます（出来れば空けたいは、空けられないときは詰めて入れます）。日の最後の枠なら空ける必要はありません。
B42: ・名簿の行は並べ替えないでください（×入力の内容とずれてしまいます）。絞り込み（フィルター）は使えます。
B43: ・自動案や調整・決定には名前だけが出ます。同じ名前の児童がいるときだけ、「番号 名前」で区別して表示します。
... B73: ※ 「計算A」「計算B」「計算C」は計算用の隠しシートです。さわらないでください。

Sheet 設定
A1: 設定 | E1: =HYPERLINK("#'ホーム'!A1","ホーム") | F1: =HYPERLINK("#'設定'!A1","① 設定") | H1: =HYPERLINK("#'名簿'!A1","② 名簿") | I1: =HYPERLINK("#'×入力'!A1","③ ×入力") | K1: =HYPERLINK("#'自動案A'!A1","④ 自動案A") | M1: =HYPERLINK("#'自動案B'!A1","④ 自動案B") | N1: =HYPERLINK("#'調整・決定'!A1","⑤ 調整・決定") | O1: =HYPERLINK("#'兄弟確認用'!A1","⑥ 兄弟確認") | P1: =HYPERLINK("#'お手紙（夏）'!A1","⑦ お手紙 夏") | Q1: =HYPERLINK("#'お手紙（秋）'!A1","⑧ お手紙 秋")
A2: 面談の日付と時間枠を決めます。黄色のマスを入力してください。
A3: 時間帯1 | B3: 0.5625 | C3: 〜 | D3: 0.64583333 | E3: =IF(OR(NOT(ISNUMBER(B3)),NOT(ISNUMBER(D3))),"← 始まりと終わりの時刻を入れてください",IF(D3<B3,"← 終わりは始まりより後の時刻にしてください",""))
A4: 時間帯2（なければ空欄） | C4: 〜 | E4: =IF(AND(B4="",D4=""),"",IF(OR(NOT(ISNUMBER(B4)),NOT(ISNUMBER(D4))),"← 始まりと終わりの両方を入れてください",IF(D4<B4,"← 終わりは始まりより後の時刻にしてください",IF(AND(ISNUMBER(D3),B4<=D3),"← 時間帯1より後の時刻にしてください",""))))
A5: 1枠の長さ（分） | B5: 15 | E5: =IF(AND(ISNUMBER(B5),B5>0),"","← 5〜120の数字を入れてください")
A6: 1日の枠の数 | B6: =MIN(24,'計算A'!$A$3+'計算A'!$A$4) | D6: （最大24枠） | E6: =IF('計算A'!$A$3+'計算A'!$A$4>24,"← 枠が24をこえています。こえた分は使いません","")
K7: 先生の都合で使えない枠（出張・会議など）
A8: 自動案の詰め方 | B8: 早い時間から（各日の最後を空ける） | K8: 「×」を選んだ日・時間・枠は、自動案にも調整・決定にも使いません。
K9: この日は組まない ▶
B10: 日付 | C10: 曜日 | D10: なるべく空ける | E10: 表示 | G10: 時刻 | H10: 休憩（なるべく空ける） | I10: 表示 | K10: この時間は 組まない ▼ | M10: ='設定'!$E$11 | N10: ='設定'!$E$12 | O10: ='設定'!$E$13 | P10: ='設定'!$E$14 | Q10: ='設定'!$E$15 | R10: ='設定'!$E$16
A11: 1日目 | B11: 46350 | C11: =IF(B11="","",CHOOSE(WEEKDAY(B11),"日","月","火","水","木","金","土")) | E11: =IF(B11="","",MONTH(B11)&"月"&DAY(B11)&"日（"&C11&"）") | F11: 1 | G11: =IF(F11<=MIN('計算A'!$A$3,24),$B$3+(F11-1)*$B$5/1440,IF(F11<=$B$6,$B$4+(F11-'計算A'!$A$3-1)*$B$5/1440,"")) | I11: =IF(G11="","",TEXT(G11,"h:mm")&"〜") | L11: =$I$11
A12: 2日目 | B12: 46351 | C12: =IF(B12="","",CHOOSE(WEEKDAY(B12),"日","月","火","水","木","金","土")) | E12: =IF(B12="","",MONTH(B12)&"月"&DAY(B12)&"日（"&C12&"）") | F12: 2 | G12: =IF(F12<=MIN('計算A'!$A$3,24),$B$3+(F12-1)*$B$5/1440,IF(F12<=$B$6,$B$4+(F12-'計算A'!$A$3-1)*$B$5/1440,"")) | I12: =IF(G12="","",TEXT(G12,"h:mm")&"〜") | L12: =$I$12
A13: 3日目 | B13: 46352 | C13: =IF(B13="","",CHOOSE(WEEKDAY(B13),"日","月","火","水","木","金","土")) | E13: =IF(B13="","",MONTH(B13)&"月"&DAY(B13)&"日（"&C13&"）") | F13: 3 | G13: =IF(F13<=MIN('計算A'!$A$3,24),$B$3+(F13-1)*$B$5/1440,IF(F13<=$B$6,$B$4+(F13-'計算A'!$A$3-1)*$B$5/1440,"")) | I13: =IF(G13="","",TEXT(G13,"h:mm")&"〜") | L13: =$I$13
A14: 4日目 | B14: 46353 | C14: =IF(B14="","",CHOOSE(WEEKDAY(B14),"日","月","火","水","木","金","土")) | E14: =IF(B14="","",MONTH(B14)&"月"&DAY(B14)&"日（"&C14&"）") | F14: 4 | G14: =IF(F14<=MIN('計算A'!$A$3,24),$B$3+(F14-1)*$B$5/1440,IF(F14<=$B$6,$B$4+(F14-'計算A'!$A$3-1)*$B$5/1440,"")) | I14: =IF(G14="","",TEXT(G14,"h:mm")&"〜") | L14: =$I$14
A15: 5日目 | B15: 46356 | C15: =IF(B15="","",CHOOSE(WEEKDAY(B15),"日","月","火","水","木","金","土")) | E15: =IF(B15="","",MONTH(B15)&"月"&DAY(B15)&"日（"&C15&"）") | F15: 5 | G15: =IF(F15<=MIN('計算A'!$A$3,24),$B$3+(F15-1)*$B$5/1440,IF(F15<=$B$6,$B$4+(F15-'計算A'!$A$3-1)*$B$5/1440,"")) | I15: =IF(G15="","",TEXT(G15,"h:mm")&"〜") | L15: =$I$15
A16: 6日目 | C16: =IF(B16="","",CHOOSE(WEEKDAY(B16),"日","月","火","水","木","金","土")) | E16: =IF(B16="","",MONTH(B16)&"月"&DAY(B16)&"日（"&C16&"）") | F16: 6 | G16: =IF(F16<=MIN('計算A'!$A$3,24),$B$3+(F16-1)*$B$5/1440,IF(F16<=$B$6,$B$4+(F16-'計算A'!$A$3-1)*$B$5/1440,"")) | I16: =IF(G16="","",TEXT(G16,"h:mm")&"〜") | L16: =$I$16
F17: 7 | G17: =IF(F17<=MIN('計算A'!$A$3,24),$B$3+(F17-1)*$B$5/1440,IF(F17<=$B$6,$B$4+(F17-'計算A'!$A$3-1)*$B$5/1440,"")) | I17: =IF(G17="","",TEXT(G17,"h:mm")&"〜") | L17: =$I$17
F18: 8 | G18: =IF(F18<=MIN('計算A'!$A$3,24),$B$3+(F18-1)*$B$5/1440,IF(F18<=$B$6,$B$4+(F18-'計算A'!$A$3-1)*$B$5/1440,"")) | I18: =IF(G18="","",TEXT(G18,"h:mm")&"〜") | L18: =$I$18
F19: 9 | G19: =IF(F19<=MIN('計算A'!$A$3,24),$B$3+(F19-1)*$B$5/1440,IF(F19<=$B$6,$B$4+(F19-'計算A'!$A$3-1)*$B$5/1440,"")) | I19: =IF(G19="","",TEXT(G19,"h:mm")&"〜") | L19: =$I$19
F20: 10 | G20: =IF(F20<=MIN('計算A'!$A$3,24),$B$3+(F20-1)*$B$5/1440,IF(F20<=$B$6,$B$4+(F20-'計算A'!$A$3-1)*$B$5/1440,"")) | I20: =IF(G20="","",TEXT(G20,"h:mm")&"〜") | L20: =$I$20
F21: 11 | G21: =IF(F21<=MIN('計算A'!$A$3,24),$B$3+(F21-1)*$B$5/1440,IF(F21<=$B$6,$B$4+(F21-'計算A'!$A$3-1)*$B$5/1440,"")) | I21: =IF(G21="","",TEXT(G21,"h:mm")&"〜") | L21: =$I$21
A22: ※ 日付は上から詰めて入れてください。曜日・表示・時刻は自動で出ます。午前と午後に分けるときは、時間帯2も入れます（昼休みは表に出ません）。 | F22: 12 | G22: =IF(F22<=MIN('計算A'!$A$3,24),$B$3+(F22-1)*$B$5/1440,IF(F22<=$B$6,$B$4+(F22-'計算A'!$A$3-1)*$B$5/1440,"")) | I22: =IF(G22="","",TEXT(G22,"h:mm")&"〜") | L22: =$I$22
F23: 13 | G23: =IF(F23<=MIN('計算A'!$A$3,24),$B$3+(F23-1)*$B$5/1440,IF(F23<=$B$6,$B$4+(F23-'計算A'!$A$3-1)*$B$5/1440,"")) | I23: =IF(G23="","",TEXT(G23,"h:mm")&"〜") | L23: =$I$23
F24: 14 | G24: =IF(F24<=MIN('計算A'!$A$3,24),$B$3+(F24-1)*$B$5/1440,IF(F24<=$B$6,$B$4+(F24-'計算A'!$A$3-1)*$B$5/1440,"")) | I24: =IF(G24="","",TEXT(G24,"h:mm")&"〜") | L24: =$I$24
A25: ※「なるべく空ける」「休憩」は、ほかに入る枠がないときだけ使います。必ず使わない枠は、右の「先生の都合で使えない枠」で止めてください。 | F25: 15 | G25: =IF(F25<=MIN('計算A'!$A$3,24),$B$3+(F25-1)*$B$5/1440,IF(F25<=$B$6,$B$4+(F25-'計算A'!$A$3-1)*$B$5/1440,"")) | I25: =IF(G25="","",TEXT(G25,"h:mm")&"〜") | L25: =$I$25
F26: 16 | G26: =IF(F26<=MIN('計算A'!$A$3,24),$B$3+(F26-1)*$B$5/1440,IF(F26<=$B$6,$B$4+(F26-'計算A'!$A$3-1)*$B$5/1440,"")) | I26: =IF(G26="","",TEXT(G26,"h:mm")&"〜") | L26: =$I$26
F27: 17 | G27: =IF(F27<=MIN('計算A'!$A$3,24),$B$3+(F27-1)*$B$5/1440,IF(F27<=$B$6,$B$4+(F27-'計算A'!$A$3-1)*$B$5/1440,"")) | I27: =IF(G27="","",TEXT(G27,"h:mm")&"〜") | L27: =$I$27
F28: 18 | G28: =IF(F28<=MIN('計算A'!$A$3,24),$B$3+(F28-1)*$B$5/1440,IF(F28<=$B$6,$B$4+(F28-'計算A'!$A$3-1)*$B$5/1440,"")) | I28: =IF(G28="","",TEXT(G28,"h:mm")&"〜") | L28: =$I$28
F29: 19 | G29: =IF(F29<=MIN('計算A'!$A$3,24),$B$3+(F29-1)*$B$5/1440,IF(F29<=$B$6,$B$4+(F29-'計算A'!$A$3-1)*$B$5/1440,"")) | I29: =IF(G29="","",TEXT(G29,"h:mm")&"〜") | L29: =$I$29
A30: お手紙（お知らせ） | B30: 「お手紙（夏）」「お手紙（秋）」シートに出ます。 | F30: 20 | G30: =IF(F30<=MIN('計算A'!$A$3,24),$B$3+(F30-1)*$B$5/1440,IF(F30<=$B$6,$B$4+(F30-'計算A'!$A$3-1)*$B$5/1440,"")) | I30: =IF(G30="","",TEXT(G30,"h:mm")&"〜") | L30: =$I$30
A31: 学年 | B31: 6 | C31: =IF(B36="学年に合わせる（6年は進路面談）","→ "&IF(B31=6,"進路面談","個人面談")&"のお知らせになります","") | F31: 21 | G31: =IF(F31<=MIN('計算A'!$A$3,24),$B$3+(F31-1)*$B$5/1440,IF(F31<=$B$6,$B$4+(F31-'計算A'!$A$3-1)*$B$5/1440,"")) | I31: =IF(G31="","",TEXT(G31,"h:mm")&"〜") | L31: =$I$31
A32: 組 | B32: 1 | C32: ← 数字だけ（例：1）。「組」は自動 | F32: 22 | G32: =IF(F32<=MIN('計算A'!$A$3,24),$B$3+(F32-1)*$B$5/1440,IF(F32<=$B$6,$B$4+(F32-'計算A'!$A$3-1)*$B$5/1440,"")) | I32: =IF(G32="","",TEXT(G32,"h:mm")&"〜") | L32: =$I$32
A33: 担任名 | F33: 23 | G33: =IF(F33<=MIN('計算A'!$A$3,24),$B$3+(F33-1)*$B$5/1440,IF(F33<=$B$6,$B$4+(F33-'計算A'!$A$3-1)*$B$5/1440,"")) | I33: =IF(G33="","",TEXT(G33,"h:mm")&"〜") | L33: =$I$33
A34: 学校名 | F34: 24 | G34: =IF(F34<=MIN('計算A'!$A$3,24),$B$3+(F34-1)*$B$5/1440,IF(F34<=$B$6,$B$4+(F34-'計算A'!$A$3-1)*$B$5/1440,"")) | I34: =IF(G34="","",TEXT(G34,"h:mm")&"〜") | L34: =$I$34
A35: お手紙の日付 | B35: 46325
A36: 面談の種類 | B36: 学年に合わせる（6年は進路面談）
A37: 秋の本文 | B37: 【面談】の希望調査へのご協力ありがとうございました。下記の日程で予定を組ませていただきました。短い時間ですが、有意義な話し合いとし、日々の学級生活に生かしたいと思います。どうぞ、よろしくお願いいたします。
A40: 秋の注意（表の下・3行） | B40: 〇来校の際には、名札・上履きをお持ちください。
A43: 夏の本文 | B43: 下記の日程で予定を組ませていただきました。どうぞ、よろしくお願いいたします。
A45: 夏の注意（表の上・3行） | B45: 〇来校の際には、名札・上履きをお持ちください。
A48: ※ 本文の「【面談】」のところは、「個人面談」か「進路面談」に自動で変わります。
A49: ※ 本文は、秋は4行（140字）、夏は2行（82字）まで印刷されます。

Sheet 名簿
A1: 名簿・結果 | D1: =HYPERLINK("#'ホーム'!A1","ホーム") | F1: ▲ 上の「＋」で 兄弟の列を開く | P1: =HYPERLINK("#'設定'!A1","① 設定") | Q1: =HYPERLINK("#'名簿'!A1","② 名簿") | S1: =HYPERLINK("#'×入力'!A1","③ ×入力") | U1: =HYPERLINK("#'自動案A'!A1","④ 自動案A") | X1: =HYPERLINK("#'自動案B'!A1","④ 自動案B") | Y1: =HYPERLINK("#'調整・決定'!A1","⑤ 調整・決定") | Z1: =HYPERLINK("#'兄弟確認用'!A1","⑥ 兄弟確認") | AB1: =HYPERLINK("#'お手紙（夏）'!A1","⑦ お手紙 夏") | AD1: =HYPERLINK("#'お手紙（秋）'!A1","⑧ お手紙 秋")
A2: 黄色の列（番号〜兄弟③との順番）を入力します。Excelの名簿から番号と名前を「番号」の列のいちばん上に貼り付けてください（最大45人）。行の並べ替えはしないでください。
A3: 兄弟クラス：書き方は自由です（例：2年1組、2-1、兄 5年 など）。10字くらいまでが見やすいです。灰色の欄は、兄弟が〇の子だけ入力します。 | P3: ◀ 兄弟①〜③の列（兄弟の担任から聞いた面談の日時と順番）は、左上の「＋」で開き、「−」でたためます。
A4: 番号 | B4: 名前 | C4: 希望 | D4: 後ろを空ける | E4: 兄弟 | F4: 兄弟クラス 日時は上の＋を押す | G4: 兄弟① 日付 | H4: 兄弟① 時刻 | I4: 兄弟① との順番 | J4: 兄弟② 日付 | K4: 兄弟② 時刻 | L4: 兄弟② との順番 | M4: 兄弟③ 日付 | N4: 兄弟③ 時刻 | O4: 兄弟③ との順番 | P4: 表示名 | Q4: 状況 | R4: ×の数 | S4: 入れられる空き枠 | T4: 決める順 | U4: 日付 | V4: 時刻 | W4: 注意 | X4: 自動案A（詰める） | Y4: 自動案B（散らす）
P5: =IF(B5="","",IF(COUNTIF($B$5:$B$49,B5)>1,IF(A5="","",A5&" ")&B5,B5)) | Q5: =IF(B5="","",IF('×入力'!F5="未提出","未提出",IF(R5>0,"入力済み",IF('×入力'!F5="×なし（どこでもOK）","×なし","未入力")))) | R5: =IF(B5="","",'計算A'!IN10) | S5: =IF(OR(Q5="入力済み",Q5="×なし"),'計算A'!IM10,"") | T5: =IF('計算A'!C10=1,COUNTIFS('計算A'!$C$10:$C$54,1,'計算A'!$IM$10:$IM$54,"<"&'計算A'!IM10)+1,"") | U5: =IF('計算A'!IO10=0,"",INDEX('設定'!$E$11:$E$16,INDEX('計算A'!$D$2:$EQ$2,'計算A'!IO10))) | V5: =IF('計算A'!IO10=0,"",INDEX('設定'!$I$11:$I$34,INDEX('計算A'!$D$3:$EQ$3,'計算A'!IO10))) | W5: =IF(P5="","",IF('計算A'!JG10=1,"兄弟の日付・時刻が表にありません",IF(COUNTIF('調整・決定'!$C$6:$H$29,P5)>1,"2か所以上に入っています",IF('計算A'!IO10>0,IF(INDEX('計算A'!$D$4:$EQ$4,'計算A'!IO10)=0,"使えない枠に入っています",IF(INDEX('計算A'!$D$10:$EQ$10,'計算A'!IO10)=1,"×の枠に入っています",IF('計算A'!IV10=0,"（出来れば）兄弟の前後ではありません",IF(AND(RIGHT(D5,4)="空けたい",INDEX('計算A'!$D$106:$EQ$106,'計算A'!IO10)=1,INDEX('計算A'!$D$109:$EQ$109,'計算A'!IO10+1)=1),IF(D5="必ず空けたい","後ろの枠が空いていません","（出来れば）後ろが空いていません"),IF(AND(D5="空けない",INDEX('計算A'!$D$106:$EQ$106,'計算A'!IO10)=1,INDEX('計算A'!$D$109:$EQ$109,'計算A'!IO10+1)=0),"（出来れば）すぐ後が空いています",""))))),IF(OR(Q5="入力済み",Q5="×なし"),"未決定",""))))) | X5: =IF('計算A'!IK10=0,IF('計算A'!IL10=1,"入る枠がありません",""),INDEX('計算A'!$D$8:$EQ$8,'計算A'!IK10)) | Y5: =IF('計算A'!IR10=0,IF('計算A'!IS10=1,"入る枠がありません",""),INDEX('計算A'!$D$8:$EQ$8,'計算A'!IR10)) | Z5: =HYPERLINK("#'×入力'!B5","×入力へ")
P6: =IF(B6="","",IF(COUNTIF($B$5:$B$49,B6)>1,IF(A6="","",A6&" ")&B6,B6)) | Q6: =IF(B6="","",IF('×入力'!F33="未提出","未提出",IF(R6>0,"入力済み",IF('×入力'!F33="×なし（どこでもOK）","×なし","未入力")))) | R6: =IF(B6="","",'計算A'!IN11) | S6: =IF(OR(Q6="入力済み",Q6="×なし"),'計算A'!IM11,"") | T6: =IF('計算A'!C11=1,COUNTIFS('計算A'!$C$10:$C$54,1,'計算A'!$IM$10:$IM$54,"<"&'計算A'!IM11)+1,"") | U6: =IF('計算A'!IO11=0,"",INDEX('設定'!$E$11:$E$16,INDEX('計算A'!$D$2:$EQ$2,'計算A'!IO11))) | V6: =IF('計算A'!IO11=0,"",INDEX('設定'!$I$11:$I$34,INDEX('計算A'!$D$3:$EQ$3,'計算A'!IO11))) | W6: =IF(P6="","",IF('計算A'!JG11=1,"兄弟の日付・時刻が表にありません",IF(COUNTIF('調整・決定'!$C$6:$H$29,P6)>1,"2か所以上に入っています",IF('計算A'!IO11>0,IF(INDEX('計算A'!$D$4:$EQ$4,'計算A'!IO11)=0,"使えない枠に入っています",IF(INDEX('計算A'!$D$11:$EQ$11,'計算A'!IO11)=1,"×の枠に入っています",IF('計算A'!IV11=0,"（出来れば）兄弟の前後ではありません",IF(AND(RIGHT(D6,4)="空けたい",INDEX('計算A'!$D$106:$EQ$106,'計算A'!IO11)=1,INDEX('計算A'!$D$109:$EQ$109,'計算A'!IO11+1)=1),IF(D6="必ず空けたい","後ろの枠が空いていません","（出来れば）後ろが空いていません"),IF(AND(D6="空けない",INDEX('計算A'!$D$106:$EQ$106,'計算A'!IO11)=1,INDEX('計算A'!$D$109:$EQ$109,'計算A'!IO11+1)=0),"（出来れば）すぐ後が空いています",""))))),IF(OR(Q6="入力済み",Q6="×なし"),"未決定",""))))) | X6: =IF('計算A'!IK11=0,IF('計算A'!IL11=1,"入る枠がありません",""),INDEX('計算A'!$D$8:$EQ$8,'計算A'!IK11)) | Y6: =IF('計算A'!IR11=0,IF('計算A'!IS11=1,"入る枠がありません",""),INDEX('計算A'!$D$8:$EQ$8,'計算A'!IR11)) | Z6: =HYPERLINK("#'×入力'!B33","×入力へ")
P7: =IF(B7="","",IF(COUNTIF($B$5:$B$49,B7)>1,IF(A7="","",A7&" ")&B7,B7)) | Q7: =IF(B7="","",IF('×入力'!F61="未提出","未提出",IF(R7>0,"入力済み",IF('×入力'!F61="×なし（どこでもOK）","×なし","未入力")))) | R7: =IF(B7="","",'計算A'!IN12) | S7: =IF(OR(Q7="入力済み",Q7="×なし"),'計算A'!IM12,"") | T7: =IF('計算A'!C12=1,COUNTIFS('計算A'!$C$10:$C$54,1,'計算A'!$IM$10:$IM$54,"<"&'計算A'!IM12)+1,"") | U7: =IF('計算A'!IO12=0,"",INDEX('設定'!$E$11:$E$16,INDEX('計算A'!$D$2:$EQ$2,'計算A'!IO12))) | V7: =IF('計算A'!IO12=0,"",INDEX('設定'!$I$11:$I$34,INDEX('計算A'!$D$3:$EQ$3,'計算A'!IO12))) | W7: =IF(P7="","",IF('計算A'!JG12=1,"兄弟の日付・時刻が表にありません",IF(COUNTIF('調整・決定'!$C$6:$H$29,P7)>1,"2か所以上に入っています",IF('計算A'!IO12>0,IF(INDEX('計算A'!$D$4:$EQ$4,'計算A'!IO12)=0,"使えない枠に入っています",IF(INDEX('計算A'!$D$12:$EQ$12,'計算A'!IO12)=1,"×の枠に入っています",IF('計算A'!IV12=0,"（出来れば）兄弟の前後ではありません",IF(AND(RIGHT(D7,4)="空けたい",INDEX('計算A'!$D$106:$EQ$106,'計算A'!IO12)=1,INDEX('計算A'!$D$109:$EQ$109,'計算A'!IO12+1)=1),IF(D7="必ず空けたい","後ろの枠が空いていません","（出来れば）後ろが空いていません"),IF(AND(D7="空けない",INDEX('計算A'!$D$106:$EQ$106,'計算A'!IO12)=1,INDEX('計算A'!$D$109:$EQ$109,'計算A'!IO12+1)=0),"（出来れば）すぐ後が空いています",""))))),IF(OR(Q7="入力済み",Q7="×なし"),"未決定",""))))) | X7: =IF('計算A'!IK12=0,IF('計算A'!IL12=1,"入る枠がありません",""),INDEX('計算A'!$D$8:$EQ$8,'計算A'!IK12)) | Y7: =IF('計算A'!IR12=0,IF('計算A'!IS12=1,"入る枠がありません",""),INDEX('計算A'!$D$8:$EQ$8,'計算A'!IR12)) | Z7: =HYPERLINK("#'×入力'!B61","×入力へ")
P8: =IF(B8="","",IF(COUNTIF($B$5:$B$49,B8)>1,IF(A8="","",A8&" ")&B8,B8)) | Q8: =IF(B8="","",IF('×入力'!F89="未提出","未提出",IF(R8>0,"入力済み",IF('×入力'!F89="×なし（どこでもOK）","×なし","未入力")))) | R8: =IF(B8="","",'計算A'!IN13) | S8: =IF(OR(Q8="入力済み",Q8="×なし"),'計算A'!IM13,"") | T8: =IF('計算A'!C13=1,COUNTIFS('計算A'!$C$10:$C$54,1,'計算A'!$IM$10:$IM$54,"<"&'計算A'!IM13)+1,"") | U8: =IF('計算A'!IO13=0,"",INDEX('設定'!$E$11:$E$16,INDEX('計算A'!$D$2:$EQ$2,'計算A'!IO13))) | V8: =IF('計算A'!IO13=0,"",INDEX('設定'!$I$11:$I$34,INDEX('計算A'!$D$3:$EQ$3,'計算A'!IO13))) | W8: =IF(P8="","",IF('計算A'!JG13=1,"兄弟の日付・時刻が表にありません",IF(COUNTIF('調整・決定'!$C$6:$H$29,P8)>1,"2か所以上に入っています",IF('計算A'!IO13>0,IF(INDEX('計算A'!$D$4:$EQ$4,'計算A'!IO13)=0,"使えない枠に入っています",IF(INDEX('計算A'!$D$13:$EQ$13,'計算A'!IO13)=1,"×の枠に入っています",IF('計算A'!IV13=0,"（出来れば）兄弟の前後ではありません",IF(AND(RIGHT(D8,4)="空けたい",INDEX('計算A'!$D$106:$EQ$106,'計算A'!IO13)=1,INDEX('計算A'!$D$109:$EQ$109,'計算A'!IO13+1)=1),IF(D8="必ず空けたい","後ろの枠が空いていません","（出来れば）後ろが空いていません"),IF(AND(D8="空けない",INDEX('計算A'!$D$106:$EQ$106,'計算A'!IO13)=1,INDEX('計算A'!$D$109:$EQ$109,'計算A'!IO13+1)=0),"（出来れば）すぐ後が空いています",""))))),IF(OR(Q8="入力済み",Q8="×なし"),"未決定",""))))) | X8: =IF('計算A'!IK13=0,IF('計算A'!IL13=1,"入る枠がありません",""),INDEX('計算A'!$D$8:$EQ$8,'計算A'!IK13)) | Y8: =IF('計算A'!IR13=0,IF('計算A'!IS13=1,"入る枠がありません",""),INDEX('計算A'!$D$8:$EQ$8,'計算A'!IR13)) | Z8: =HYPERLINK("#'×入力'!B89","×入力へ")
P9: =IF(B9="","",IF(COUNTIF($B$5:$B$49,B9)>1,IF(A9="","",A9&" ")&B9,B9)) | Q9: =IF(B9="","",IF('×入力'!F117="未提出","未提出",IF(R9>0,"入力済み",IF('×入力'!F117="×なし（どこでもOK）","×なし","未入力")))) | R9: =IF(B9="","",'計算A'!IN14) | S9: =IF(OR(Q9="入力済み",Q9="×なし"),'計算A'!IM14,"") | T9: =IF('計算A'!C14=1,COUNTIFS('計算A'!$C$10:$C$54,1,'計算A'!$IM$10:$IM$54,"<"&'計算A'!IM14)+1,"") | U9: =IF('計算A'!IO14=0,"",INDEX('設定'!$E$11:$E$16,INDEX('計算A'!$D$2:$EQ$2,'計算A'!IO14))) | V9: =IF('計算A'!IO14=0,"",INDEX('設定'!$I$11:$I$34,INDEX('計算A'!$D$3:$EQ$3,'計算A'!IO14))) | W9: =IF(P9="","",IF('計算A'!JG14=1,"兄弟の日付・時刻が表にありません",IF(COUNTIF('調整・決定'!$C$6:$H$29,P9)>1,"2か所以上に入っています",IF('計算A'!IO14>0,IF(INDEX('計算A'!$D$4:$EQ$4,'計算A'!IO14)=0,"使えない枠に入っています",IF(INDEX('計算A'!$D$14:$EQ$14,'計算A'!IO14)=1,"×の枠に入っています",IF('計算A'!IV14=0,"（出来れば）兄弟の前後ではありません",IF(AND(RIGHT(D9,4)="空けたい",INDEX('計算A'!$D$106:$EQ$106,'計算A'!IO14)=1,INDEX('計算A'!$D$109:$EQ$109,'計算A'!IO14+1)=1),IF(D9="必ず空けたい","後ろの枠が空いていません","（出来れば）後ろが空いていません"),IF(AND(D9="空けない",INDEX('計算A'!$D$106:$EQ$106,'計算A'!IO14)=1,INDEX('計算A'!$D$109:$EQ$109,'計算A'!IO14+1)=0),"（出来れば）すぐ後が空いています",""))))),IF(OR(Q9="入力済み",Q9="×なし"),"未決定",""))))) | X9: =IF('計算A'!IK14=0,IF('計算A'!IL14=1,"入る枠がありません",""),INDEX('計算A'!$D$8:$EQ$8,'計算A'!IK14)) | Y9: =IF('計算A'!IR14=0,IF('計算A'!IS14=1,"入る枠がありません",""),INDEX('計算A'!$D$8:$EQ$8,'計算A'!IR14)) | Z9: =HYPERLINK("#'×入力'!B117","×入力へ")
P10: =IF(B10="","",IF(COUNTIF($B$5:$B$49,B10)>1,IF(A10="","",A10&" ")&B10,B10)) | Q10: =IF(B10="","",IF('×入力'!F145="未提出","未提出",IF(R10>0,"入力済み",IF('×入力'!F145="×なし（どこでもOK）","×なし","未入力")))) | R10: =IF(B10="","",'計算A'!IN15) | S10: =IF(OR(Q10="入力済み",Q10="×なし"),'計算A'!IM15,"") | T10: =IF('計算A'!C15=1,COUNTIFS('計算A'!$C$10:$C$54,1,'計算A'!$IM$10:$IM$54,"<"&'計算A'!IM15)+1,"") | U10: =IF('計算A'!IO15=0,"",INDEX('設定'!$E$11:$E$16,INDEX('計算A'!$D$2:$EQ$2,'計算A'!IO15))) | V10: =IF('計算A'!IO15=0,"",INDEX('設定'!$I$11:$I$34,INDEX('計算A'!$D$3:$EQ$3,'計算A'!IO15))) | W10: =IF(P10="","",IF('計算A'!JG15=1,"兄弟の日付・時刻が表にありません",IF(COUNTIF('調整・決定'!$C$6:$H$29,P10)>1,"2か所以上に入っています",IF('計算A'!IO15>0,IF(INDEX('計算A'!$D$4:$EQ$4,'計算A'!IO15)=0,"使えない枠に入っています",IF(INDEX('計算A'!$D$15:$EQ$15,'計算A'!IO15)=1,"×の枠に入っています",IF('計算A'!IV15=0,"（出来れば）兄弟の前後ではありません",IF(AND(RIGHT(D10,4)="空けたい",INDEX('計算A'!$D$106:$EQ$106,'計算A'!IO15)=1,INDEX('計算A'!$D$109:$EQ$109,'計算A'!IO15+1)=1),IF(D10="必ず空けたい","後ろの枠が空いていません","（出来れば）後ろが空いていません"),IF(AND(D10="空けない",INDEX('計算A'!$D$106:$EQ$106,'計算A'!IO15)=1,INDEX('計算A'!$D$109:$EQ$109,'計算A'!IO15+1)=0),"（出来れば）すぐ後が空いています",""))))),IF(OR(Q10="入力済み",Q10="×なし"),"未決定",""))))) | X10: =IF('計算A'!IK15=0,IF('計算A'!IL15=1,"入る枠がありません",""),INDEX('計算A'!$D$8:$EQ$8,'計算A'!IK15)) | Y10: =IF('計算A'!IR15=0,IF('計算A'!IS15=1,"入る枠がありません",""),INDEX('計算A'!$D$8:$EQ$8,'計算A'!IR15)) | Z10: =HYPERLINK("#'×入力'!B145","×入力へ")
P11: =IF(B11="","",IF(COUNTIF($B$5:$B$49,B11)>1,IF(A11="","",A11&" ")&B11,B11)) | Q11: =IF(B11="","",IF('×入力'!F173="未提出","未提出",IF(R11>0,"入力済み",IF('×入力'!F173="×なし（どこでもOK）","×なし","未入力")))) | R11: =IF(B11="","",'計算A'!IN16) | S11: =IF(OR(Q11="入力済み",Q11="×なし"),'計算A'!IM16,"") | T11: =IF('計算A'!C16=1,COUNTIFS('計算A'!$C$10:$C$54,1,'計算A'!$IM$10:$IM$54,"<"&'計算A'!IM16)+1,"") | U11: =IF('計算A'!IO16=0,"",INDEX('設定'!$E$11:$E$16,INDEX('計算A'!$D$2:$EQ$2,'計算A'!IO16))) | V11: =IF('計算A'!IO16=0,"",INDEX('設定'!$I$11:$I$34,INDEX('計算A'!$D$3:$EQ$3,'計算A'!IO16))) | W11: =IF(P11="","",IF('計算A'!JG16=1,"兄弟の日付・時刻が表にありません",IF(COUNTIF('調整・決定'!$C$6:$H$29,P11)>1,"2か所以上に入っています",IF('計算A'!IO16>0,IF(INDEX('計算A'!$D$4:$EQ$4,'計算A'!IO16)=0,"使えない枠に入っています",IF(INDEX('計算A'!$D$16:$EQ$16,'計算A'!IO16)=1,"×の枠に入っています",IF('計算A'!IV16=0,"（出来れば）兄弟の前後ではありません",IF(AND(RIGHT(D11,4)="空けたい",INDEX('計算A'!$D$106:$EQ$106,'計算A'!IO16)=1,INDEX('計算A'!$D$109:$EQ$109,'計算A'!IO16+1)=1),IF(D11="必ず空けたい","後ろの枠が空いていません","（出来れば）後ろが空いていません"),IF(AND(D11="空けない",INDEX('計算A'!$D$106:$EQ$106,'計算A'!IO16)=1,INDEX('計算A'!$D$109:$EQ$109,'計算A'!IO16+1)=0),"（出来れば）すぐ後が空いています",""))))),IF(OR(Q11="入力済み",Q11="×なし"),"未決定",""))))) | X11: =IF('計算A'!IK16=0,IF('計算A'!IL16=1,"入る枠がありません",""),INDEX('計算A'!$D$8:$EQ$8,'計算A'!IK16)) | Y11: =IF('計算A'!IR16=0,IF('計算A'!IS16=1,"入る枠がありません",""),INDEX('計算A'!$D$8:$EQ$8,'計算A'!IR16)) | Z11: =HYPERLINK("#'×入力'!B173","×入力へ")
P12: =IF(B12="","",IF(COUNTIF($B$5:$B$49,B12)>1,IF(A12="","",A12&" ")&B12,B12)) | Q12: =IF(B12="","",IF('×入力'!F201="未提出","未提出",IF(R12>0,"入力済み",IF('×入力'!F201="×なし（どこでもOK）","×なし","未入力")))) | R12: =IF(B12="","",'計算A'!IN17) | S12: =IF(OR(Q12="入力済み",Q12="×なし"),'計算A'!IM17,"") | T12: =IF('計算A'!C17=1,COUNTIFS('計算A'!$C$10:$C$54,1,'計算A'!$IM$10:$IM$54,"<"&'計算A'!IM17)+1,"") | U12: =IF('計算A'!IO17=0,"",INDEX('設定'!$E$11:$E$16,INDEX('計算A'!$D$2:$EQ$2,'計算A'!IO17))) | V12: =IF('計算A'!IO17=0,"",INDEX('設定'!$I$11:$I$34,INDEX('計算A'!$D$3:$EQ$3,'計算A'!IO17))) | W12: =IF(P12="","",IF('計算A'!JG17=1,"兄弟の日付・時刻が表にありません",IF(COUNTIF('調整・決定'!$C$6:$H$29,P12)>1,"2か所以上に入っています",IF('計算A'!IO17>0,IF(INDEX('計算A'!$D$4:$EQ$4,'計算A'!IO17)=0,"使えない枠に入っています",IF(INDEX('計算A'!$D$17:$EQ$17,'計算A'!IO17)=1,"×の枠に入っています",IF('計算A'!IV17=0,"（出来れば）兄弟の前後ではありません",IF(AND(RIGHT(D12,4)="空けたい",INDEX('計算A'!$D$106:$EQ$106,'計算A'!IO17)=1,INDEX('計算A'!$D$109:$EQ$109,'計算A'!IO17+1)=1),IF(D12="必ず空けたい","後ろの枠が空いていません","（出来れば）後ろが空いていません"),IF(AND(D12="空けない",INDEX('計算A'!$D$106:$EQ$106,'計算A'!IO17)=1,INDEX('計算A'!$D$109:$EQ$109,'計算A'!IO17+1)=0),"（出来れば）すぐ後が空いています",""))))),IF(OR(Q12="入力済み",Q12="×なし"),"未決定",""))))) | X12: =IF('計算A'!IK17=0,IF('計算A'!IL17=1,"入る枠がありません",""),INDEX('計算A'!$D$8:$EQ$8,'計算A'!IK17)) | Y12: =IF('計算A'!IR17=0,IF('計算A'!IS17=1,"入る枠がありません",""),INDEX('計算A'!$D$8:$EQ$8,'計算A'!IR17)) | Z12: =HYPERLINK("#'×入力'!B201","×入力へ")
P13: =IF(B13="","",IF(COUNTIF($B$5:$B$49,B13)>1,IF(A13="","",A13&" ")&B13,B13)) | Q13: =IF(B13="","",IF('×入力'!F229="未提出","未提出",IF(R13>0,"入力済み",IF('×入力'!F229="×なし（どこでもOK）","×なし","未入力")))) | R13: =IF(B13="","",'計算A'!IN18) | S13: =IF(OR(Q13="入力済み",Q13="×なし"),'計算A'!IM18,"") | T13: =IF('計算A'!C18=1,COUNTIFS('計算A'!$C$10:$C$54,1,'計算A'!$IM$10:$IM$54,"<"&'計算A'!IM18)+1,"") | U13: =IF('計算A'!IO18=0,"",INDEX('設定'!$E$11:$E$16,INDEX('計算A'!$D$2:$EQ$2,'計算A'!IO18))) | V13: =IF('計算A'!IO18=0,"",INDEX('設定'!$I$11:$I$34,INDEX('計算A'!$D$3:$EQ$3,'計算A'!IO18))) | W13: =IF(P13="","",IF('計算A'!JG18=1,"兄弟の日付・時刻が表にありません",IF(COUNTIF('調整・決定'!$C$6:$H$29,P13)>1,"2か所以上に入っています",IF('計算A'!IO18>0,IF(INDEX('計算A'!$D$4:$EQ$4,'計算A'!IO18)=0,"使えない枠に入っています",IF(INDEX('計算A'!$D$18:$EQ$18,'計算A'!IO18)=1,"×の枠に入っています",IF('計算A'!IV18=0,"（出来れば）兄弟の前後ではありません",IF(AND(RIGHT(D13,4)="空けたい",INDEX('計算A'!$D$106:$EQ$106,'計算A'!IO18)=1,INDEX('計算A'!$D$109:$EQ$109,'計算A'!IO18+1)=1),IF(D13="必ず空けたい","後ろの枠が空いていません","（出来れば）後ろが空いていません"),IF(AND(D13="空けない",INDEX('計算A'!$D$106:$EQ$106,'計算A'!IO18)=1,INDEX('計算A'!$D$109:$EQ$109,'計算A'!IO18+1)=0),"（出来れば）すぐ後が空いています",""))))),IF(OR(Q13="入力済み",Q13="×なし"),"未決定",""))))) | X13: =IF('計算A'!IK18=0,IF('計算A'!IL18=1,"入る枠がありません",""),INDEX('計算A'!$D$8:$EQ$8,'計算A'!IK18)) | Y13: =IF('計算A'!IR18=0,IF('計算A'!IS18=1,"入る枠がありません",""),INDEX('計算A'!$D$8:$EQ$8,'計算A'!IR18)) | Z13: =HYPERLINK("#'×入力'!B229","×入力へ")
P14: =IF(B14="","",IF(COUNTIF($B$5:$B$49,B14)>1,IF(A14="","",A14&" ")&B14,B14)) | Q14: =IF(B14="","",IF('×入力'!F257="未提出","未提出",IF(R14>0,"入力済み",IF('×入力'!F257="×なし（どこでもOK）","×なし","未入力")))) | R14: =IF(B14="","",'計算A'!IN19) | S14: =IF(OR(Q14="入力済み",Q14="×なし"),'計算A'!IM19,"") | T14: =IF('計算A'!C19=1,COUNTIFS('計算A'!$C$10:$C$54,1,'計算A'!$IM$10:$IM$54,"<"&'計算A'!IM19)+1,"") | U14: =IF('計算A'!IO19=0,"",INDEX('設定'!$E$11:$E$16,INDEX('計算A'!$D$2:$EQ$2,'計算A'!IO19))) | V14: =IF('計算A'!IO19=0,"",INDEX('設定'!$I$11:$I$34,INDEX('計算A'!$D$3:$EQ$3,'計算A'!IO19))) | W14: =IF(P14="","",IF('計算A'!JG19=1,"兄弟の日付・時刻が表にありません",IF(COUNTIF('調整・決定'!$C$6:$H$29,P14)>1,"2か所以上に入っています",IF('計算A'!IO19>0,IF(INDEX('計算A'!$D$4:$EQ$4,'計算A'!IO19)=0,"使えない枠に入っています",IF(INDEX('計算A'!$D$19:$EQ$19,'計算A'!IO19)=1,"×の枠に入っています",IF('計算A'!IV19=0,"（出来れば）兄弟の前後ではありません",IF(AND(RIGHT(D14,4)="空けたい",INDEX('計算A'!$D$106:$EQ$106,'計算A'!IO19)=1,INDEX('計算A'!$D$109:$EQ$109,'計算A'!IO19+1)=1),IF(D14="必ず空けたい","後ろの枠が空いていません","（出来れば）後ろが空いていません"),IF(AND(D14="空けない",INDEX('計算A'!$D$106:$EQ$106,'計算A'!IO19)=1,INDEX('計算A'!$D$109:$EQ$109,'計算A'!IO19+1)=0),"（出来れば）すぐ後が空いています",""))))),IF(OR(Q14="入力済み",Q14="×なし"),"未決定",""))))) | X14: =IF('計算A'!IK19=0,IF('計算A'!IL19=1,"入る枠がありません",""),INDEX('計算A'!$D$8:$EQ$8,'計算A'!IK19)) | Y14: =IF('計算A'!IR19=0,IF('計算A'!IS19=1,"入る枠がありません",""),INDEX('計算A'!$D$8:$EQ$8,'計算A'!IR19)) | Z14: =HYPERLINK("#'×入力'!B257","×入力へ")
P15: =IF(B15="","",IF(COUNTIF($B$5:$B$49,B15)>1,IF(A15="","",A15&" ")&B15,B15)) | Q15: =IF(B15="","",IF('×入力'!F285="未提出","未提出",IF(R15>0,"入力済み",IF('×入力'!F285="×なし（どこでもOK）","×なし","未入力")))) | R15: =IF(B15="","",'計算A'!IN20) | S15: =IF(OR(Q15="入力済み",Q15="×なし"),'計算A'!IM20,"") | T15: =IF('計算A'!C20=1,COUNTIFS('計算A'!$C$10:$C$54,1,'計算A'!$IM$10:$IM$54,"<"&'計算A'!IM20)+1,"") | U15: =IF('計算A'!IO20=0,"",INDEX('設定'!$E$11:$E$16,INDEX('計算A'!$D$2:$EQ$2,'計算A'!IO20))) | V15: =IF('計算A'!IO20=0,"",INDEX('設定'!$I$11:$I$34,INDEX('計算A'!$D$3:$EQ$3,'計算A'!IO20))) | W15: =IF(P15="","",IF('計算A'!JG20=1,"兄弟の日付・時刻が表にありません",IF(COUNTIF('調整・決定'!$C$6:$H$29,P15)>1,"2か所以上に入っています",IF('計算A'!IO20>0,IF(INDEX('計算A'!$D$4:$EQ$4,'計算A'!IO20)=0,"使えない枠に入っています",IF(INDEX('計算A'!$D$20:$EQ$20,'計算A'!IO20)=1,"×の枠に入っています",IF('計算A'!IV20=0,"（出来れば）兄弟の前後ではありません",IF(AND(RIGHT(D15,4)="空けたい",INDEX('計算A'!$D$106:$EQ$106,'計算A'!IO20)=1,INDEX('計算A'!$D$109:$EQ$109,'計算A'!IO20+1)=1),IF(D15="必ず空けたい","後ろの枠が空いていません","（出来れば）後ろが空いていません"),IF(AND(D15="空けない",INDEX('計算A'!$D$106:$EQ$106,'計算A'!IO20)=1,INDEX('計算A'!$D$109:$EQ$109,'計算A'!IO20+1)=0),"（出来れば）すぐ後が空いています",""))))),IF(OR(Q15="入力済み",Q15="×なし"),"未決定",""))))) | X15: =IF('計算A'!IK20=0,IF('計算A'!IL20=1,"入る枠がありません",""),INDEX('計算A'!$D$8:$EQ$8,'計算A'!IK20)) | Y15: =IF('計算A'!IR20=0,IF('計算A'!IS20=1,"入る枠がありません",""),INDEX('計算A'!$D$8:$EQ$8,'計算A'!IR20)) | Z15: =HYPERLINK("#'×入力'!B285","×入力へ")
P16: =IF(B16="","",IF(COUNTIF($B$5:$B$49,B16)>1,IF(A16="","",A16&" ")&B16,B16)) | Q16: =IF(B16="","",IF('×入力'!F313="未提出","未提出",IF(R16>0,"入力済み",IF('×入力'!F313="×なし（どこでもOK）","×なし","未入力")))) | R16: =IF(B16="","",'計算A'!IN21) | S16: =IF(OR(Q16="入力済み",Q16="×なし"),'計算A'!IM21,"") | T16: =IF('計算A'!C21=1,COUNTIFS('計算A'!$C$10:$C$54,1,'計算A'!$IM$10:$IM$54,"<"&'計算A'!IM21)+1,"") | U16: =IF('計算A'!IO21=0,"",INDEX('設定'!$E$11:$E$16,INDEX('計算A'!$D$2:$EQ$2,'計算A'!IO21))) | V16: =IF('計算A'!IO21=0,"",INDEX('設定'!$I$11:$I$34,INDEX('計算A'!$D$3:$EQ$3,'計算A'!IO21))) | W16: =IF(P16="","",IF('計算A'!JG21=1,"兄弟の日付・時刻が表にありません",IF(COUNTIF('調整・決定'!$C$6:$H$29,P16)>1,"2か所以上に入っています",IF('計算A'!IO21>0,IF(INDEX('計算A'!$D$4:$EQ$4,'計算A'!IO21)=0,"使えない枠に入っています",IF(INDEX('計算A'!$D$21:$EQ$21,'計算A'!IO21)=1,"×の枠に入っています",IF('計算A'!IV21=0,"（出来れば）兄弟の前後ではありません",IF(AND(RIGHT(D16,4)="空けたい",INDEX('計算A'!$D$106:$EQ$106,'計算A'!IO21)=1,INDEX('計算A'!$D$109:$EQ$109,'計算A'!IO21+1)=1),IF(D16="必ず空けたい","後ろの枠が空いていません","（出来れば）後ろが空いていません"),IF(AND(D16="空けない",INDEX('計算A'!$D$106:$EQ$106,'計算A'!IO21)=1,INDEX('計算A'!$D$109:$EQ$109,'計算A'!IO21+1)=0),"（出来れば）すぐ後が空いています",""))))),IF(OR(Q16="入力済み",Q16="×なし"),"未決定",""))))) | X16: =IF('計算A'!IK21=0,IF('計算A'!IL21=1,"入る枠がありません",""),INDEX('計算A'!$D$8:$EQ$8,'計算A'!IK21)) | Y16: =IF('計算A'!IR21=0,IF('計算A'!IS21=1,"入る枠がありません",""),INDEX('計算A'!$D$8:$EQ$8,'計算A'!IR21)) | Z16: =HYPERLINK("#'×入力'!B313","×入力へ")
P17: =IF(B17="","",IF(COUNTIF($B$5:$B$49,B17)>1,IF(A17="","",A17&" ")&B17,B17)) | Q17: =IF(B17="","",IF('×入力'!F341="未提出","未提出",IF(R17>0,"入力済み",IF('×入力'!F341="×なし（どこでもOK）","×なし","未入力")))) | R17: =IF(B17="","",'計算A'!IN22) | S17: =IF(OR(Q17="入力済み",Q17="×なし"),'計算A'!IM22,"") | T17: =IF('計算A'!C22=1,COUNTIFS('計算A'!$C$10:$C$54,1,'計算A'!$IM$10:$IM$54,"<"&'計算A'!IM22)+1,"") | U17: =IF('計算A'!IO22=0,"",INDEX('設定'!$E$11:$E$16,INDEX('計算A'!$D$2:$EQ$2,'計算A'!IO22))) | V17: =IF('計算A'!IO22=0,"",INDEX('設定'!$I$11:$I$34,INDEX('計算A'!$D$3:$EQ$3,'計算A'!IO22))) | W17: =IF(P17="","",IF('計算A'!JG22=1,"兄弟の日付・時刻が表にありません",IF(COUNTIF('調整・決定'!$C$6:$H$29,P17)>1,"2か所以上に入っています",IF('計算A'!IO22>0,IF(INDEX('計算A'!$D$4:$EQ$4,'計算A'!IO22)=0,"使えない枠に入っています",IF(INDEX('計算A'!$D$22:$EQ$22,'計算A'!IO22)=1,"×の枠に入っています",IF('計算A'!IV22=0,"（出来れば）兄弟の前後ではありません",IF(AND(RIGHT(D17,4)="空けたい",INDEX('計算A'!$D$106:$EQ$106,'計算A'!IO22)=1,INDEX('計算A'!$D$109:$EQ$109,'計算A'!IO22+1)=1),IF(D17="必ず空けたい","後ろの枠が空いていません","（出来れば）後ろが空いていません"),IF(AND(D17="空けない",INDEX('計算A'!$D$106:$EQ$106,'計算A'!IO22)=1,INDEX('計算A'!$D$109:$EQ$109,'計算A'!IO22+1)=0),"（出来れば）すぐ後が空いています",""))))),IF(OR(Q17="入力済み",Q17="×なし"),"未決定",""))))) | X17: =IF('計算A'!IK22=0,IF('計算A'!IL22=1,"入る枠がありません",""),INDEX('計算A'!$D$8:$EQ$8,'計算A'!IK22)) | Y17: =IF('計算A'!IR22=0,IF('計算A'!IS22=1,"入る枠がありません",""),INDEX('計算A'!$D$8:$EQ$8,'計算A'!IR22)) | Z17: =HYPERLINK("#'×入力'!B341","×入力へ")
P18: =IF(B18="","",IF(COUNTIF($B$5:$B$49,B18)>1,IF(A18="","",A18&" ")&B18,B18)) | Q18: =IF(B18="","",IF('×入力'!F369="未提出","未提出",IF(R18>0,"入力済み",IF('×入力'!F369="×なし（どこでもOK）","×なし","未入力")))) | R18: =IF(B18="","",'計算A'!IN23) | S18: =IF(OR(Q18="入力済み",Q18="×なし"),'計算A'!IM23,"") | T18: =IF('計算A'!C23=1,COUNTIFS('計算A'!$C$10:$C$54,1,'計算A'!$IM$10:$IM$54,"<"&'計算A'!IM23)+1,"") | U18: =IF('計算A'!IO23=0,"",INDEX('設定'!$E$11:$E$16,INDEX('計算A'!$D$2:$EQ$2,'計算A'!IO23))) | V18: =IF('計算A'!IO23=0,"",INDEX('設定'!$I$11:$I$34,INDEX('計算A'!$D$3:$EQ$3,'計算A'!IO23))) | W18: =IF(P18="","",IF('計算A'!JG23=1,"兄弟の日付・時刻が表にありません",IF(COUNTIF('調整・決定'!$C$6:$H$29,P18)>1,"2か所以上に入っています",IF('計算A'!IO23>0,IF(INDEX('計算A'!$D$4:$EQ$4,'計算A'!IO23)=0,"使えない枠に入っています",IF(INDEX('計算A'!$D$23:$EQ$23,'計算A'!IO23)=1,"×の枠に入っています",IF('計算A'!IV23=0,"（出来れば）兄弟の前後ではありません",IF(AND(RIGHT(D18,4)="空けたい",INDEX('計算A'!$D$106:$EQ$106,'計算A'!IO23)=1,INDEX('計算A'!$D$109:$EQ$109,'計算A'!IO23+1)=1),IF(D18="必ず空けたい","後ろの枠が空いていません","（出来れば）後ろが空いていません"),IF(AND(D18="空けない",INDEX('計算A'!$D$106:$EQ$106,'計算A'!IO23)=1,INDEX('計算A'!$D$109:$EQ$109,'計算A'!IO23+1)=0),"（出来れば）すぐ後が空いています",""))))),IF(OR(Q18="入力済み",Q18="×なし"),"未決定",""))))) | X18: =IF('計算A'!IK23=0,IF('計算A'!IL23=1,"入る枠がありません",""),INDEX('計算A'!$D$8:$EQ$8,'計算A'!IK23)) | Y18: =IF('計算A'!IR23=0,IF('計算A'!IS23=1,"入る枠がありません",""),INDEX('計算A'!$D$8:$EQ$8,'計算A'!IR23)) | Z18: =HYPERLINK("#'×入力'!B369","×入力へ")
P19: =IF(B19="","",IF(COUNTIF($B$5:$B$49,B19)>1,IF(A19="","",A19&" ")&B19,B19)) | Q19: =IF(B19="","",IF('×入力'!F397="未提出","未提出",IF(R19>0,"入力済み",IF('×入力'!F397="×なし（どこでもOK）","×なし","未入力")))) | R19: =IF(B19="","",'計算A'!IN24) | S19: =IF(OR(Q19="入力済み",Q19="×なし"),'計算A'!IM24,"") | T19: =IF('計算A'!C24=1,COUNTIFS('計算A'!$C$10:$C$54,1,'計算A'!$IM$10:$IM$54,"<"&'計算A'!IM24)+1,"") | U19: =IF('計算A'!IO24=0,"",INDEX('設定'!$E$11:$E$16,INDEX('計算A'!$D$2:$EQ$2,'計算A'!IO24))) | V19: =IF('計算A'!IO24=0,"",INDEX('設定'!$I$11:$I$34,INDEX('計算A'!$D$3:$EQ$3,'計算A'!IO24))) | W19: =IF(P19="","",IF('計算A'!JG24=1,"兄弟の日付・時刻が表にありません",IF(COUNTIF('調整・決定'!$C$6:$H$29,P19)>1,"2か所以上に入っています",IF('計算A'!IO24>0,IF(INDEX('計算A'!$D$4:$EQ$4,'計算A'!IO24)=0,"使えない枠に入っています",IF(INDEX('計算A'!$D$24:$EQ$24,'計算A'!IO24)=1,"×の枠に入っています",IF('計算A'!IV24=0,"（出来れば）兄弟の前後ではありません",IF(AND(RIGHT(D19,4)="空けたい",INDEX('計算A'!$D$106:$EQ$106,'計算A'!IO24)=1,INDEX('計算A'!$D$109:$EQ$109,'計算A'!IO24+1)=1),IF(D19="必ず空けたい","後ろの枠が空いていません","（出来れば）後ろが空いていません"),IF(AND(D19="空けない",INDEX('計算A'!$D$106:$EQ$106,'計算A'!IO24)=1,INDEX('計算A'!$D$109:$EQ$109,'計算A'!IO24+1)=0),"（出来れば）すぐ後が空いています",""))))),IF(OR(Q19="入力済み",Q19="×なし"),"未決定",""))))) | X19: =IF('計算A'!IK24=0,IF('計算A'!IL24=1,"入る枠がありません",""),INDEX('計算A'!$D$8:$EQ$8,'計算A'!IK24)) | Y19: =IF('計算A'!IR24=0,IF('計算A'!IS24=1,"入る枠がありません",""),INDEX('計算A'!$D$8:$EQ$8,'計算A'!IR24)) | Z19: =HYPERLINK("#'×入力'!B397","×入力へ")
P20: =IF(B20="","",IF(COUNTIF($B$5:$B$49,B20)>1,IF(A20="","",A20&" ")&B20,B20)) | Q20: =IF(B20="","",IF('×入力'!F425="未提出","未提出",IF(R20>0,"入力済み",IF('×入力'!F425="×なし（どこでもOK）","×なし","未入力")))) | R20: =IF(B20="","",'計算A'!IN25) | S20: =IF(OR(Q20="入力済み",Q20="×なし"),'計算A'!IM25,"") | T20: =IF('計算A'!C25=1,COUNTIFS('計算A'!$C$10:$C$54,1,'計算A'!$IM$10:$IM$54,"<"&'計算A'!IM25)+1,"") | U20: =IF('計算A'!IO25=0,"",INDEX('設定'!$E$11:$E$16,INDEX('計算A'!$D$2:$EQ$2,'計算A'!IO25))) | V20: =IF('計算A'!IO25=0,"",INDEX('設定'!$I$11:$I$34,INDEX('計算A'!$D$3:$EQ$3,'計算A'!IO25))) | W20: =IF(P20="","",IF('計算A'!JG25=1,"兄弟の日付・時刻が表にありません",IF(COUNTIF('調整・決定'!$C$6:$H$29,P20)>1,"2か所以上に入っています",IF('計算A'!IO25>0,IF(INDEX('計算A'!$D$4:$EQ$4,'計算A'!IO25)=0,"使えない枠に入っています",IF(INDEX('計算A'!$D$25:$EQ$25,'計算A'!IO25)=1,"×の枠に入っています",IF('計算A'!IV25=0,"（出来れば）兄弟の前後ではありません",IF(AND(RIGHT(D20,4)="空けたい",INDEX('計算A'!$D$106:$EQ$106,'計算A'!IO25)=1,INDEX('計算A'!$D$109:$EQ$109,'計算A'!IO25+1)=1),IF(D20="必ず空けたい","後ろの枠が空いていません","（出来れば）後ろが空いていません"),IF(AND(D20="空けない",INDEX('計算A'!$D$106:$EQ$106,'計算A'!IO25)=1,INDEX('計算A'!$D$109:$EQ$109,'計算A'!IO25+1)=0),"（出来れば）すぐ後が空いています",""))))),IF(OR(Q20="入力済み",Q20="×なし"),"未決定",""))))) | X20: =IF('計算A'!IK25=0,IF('計算A'!IL25=1,"入る枠がありません",""),INDEX('計算A'!$D$8:$EQ$8,'計算A'!IK25)) | Y20: =IF('計算A'!IR25=0,IF('計算A'!IS25=1,"入る枠がありません",""),INDEX('計算A'!$D$8:$EQ$8,'計算A'!IR25)) | Z20: =HYPERLINK("#'×入力'!B425","×入力へ")
P21: =IF(B21="","",IF(COUNTIF($B$5:$B$49,B21)>1,IF(A21="","",A21&" ")&B21,B21)) | Q21: =IF(B21="","",IF('×入力'!F453="未提出","未提出",IF(R21>0,"入力済み",IF('×入力'!F453="×なし（どこでもOK）","×なし","未入力")))) | R21: =IF(B21="","",'計算A'!IN26) | S21: =IF(OR(Q21="入力済み",Q21="×なし"),'計算A'!IM26,"") | T21: =IF('計算A'!C26=1,COUNTIFS('計算A'!$C$10:$C$54,1,'計算A'!$IM$10:$IM$54,"<"&'計算A'!IM26)+1,"") | U21: =IF('計算A'!IO26=0,"",INDEX('設定'!$E$11:$E$16,INDEX('計算A'!$D$2:$EQ$2,'計算A'!IO26))) | V21: =IF('計算A'!IO26=0,"",INDEX('設定'!$I$11:$I$34,INDEX('計算A'!$D$3:$EQ$3,'計算A'!IO26))) | W21: =IF(P21="","",IF('計算A'!JG26=1,"兄弟の日付・時刻が表にありません",IF(COUNTIF('調整・決定'!$C$6:$H$29,P21)>1,"2か所以上に入っています",IF('計算A'!IO26>0,IF(INDEX('計算A'!$D$4:$EQ$4,'計算A'!IO26)=0,"使えない枠に入っています",IF(INDEX('計算A'!$D$26:$EQ$26,'計算A'!IO26)=1,"×の枠に入っています",IF('計算A'!IV26=0,"（出来れば）兄弟の前後ではありません",IF(AND(RIGHT(D21,4)="空けたい",INDEX('計算A'!$D$106:$EQ$106,'計算A'!IO26)=1,INDEX('計算A'!$D$109:$EQ$109,'計算A'!IO26+1)=1),IF(D21="必ず空けたい","後ろの枠が空いていません","（出来れば）後ろが空いていません"),IF(AND(D21="空けない",INDEX('計算A'!$D$106:$EQ$106,'計算A'!IO26)=1,INDEX('計算A'!$D$109:$EQ$109,'計算A'!IO26+1)=0),"（出来れば）すぐ後が空いています",""))))),IF(OR(Q21="入力済み",Q21="×なし"),"未決定",""))))) | X21: =IF('計算A'!IK26=0,IF('計算A'!IL26=1,"入る枠がありません",""),INDEX('計算A'!$D$8:$EQ$8,'計算A'!IK26)) | Y21: =IF('計算A'!IR26=0,IF('計算A'!IS26=1,"入る枠がありません",""),INDEX('計算A'!$D$8:$EQ$8,'計算A'!IR26)) | Z21: =HYPERLINK("#'×入力'!B453","×入力へ")
P22: =IF(B22="","",IF(COUNTIF($B$5:$B$49,B22)>1,IF(A22="","",A22&" ")&B22,B22)) | Q22: =IF(B22="","",IF('×入力'!F481="未提出","未提出",IF(R22>0,"入力済み",IF('×入力'!F481="×なし（どこでもOK）","×なし","未入力")))) | R22: =IF(B22="","",'計算A'!IN27) | S22: =IF(OR(Q22="入力済み",Q22="×なし"),'計算A'!IM27,"") | T22: =IF('計算A'!C27=1,COUNTIFS('計算A'!$C$10:$C$54,1,'計算A'!$IM$10:$IM$54,"<"&'計算A'!IM27)+1,"") | U22: =IF('計算A'!IO27=0,"",INDEX('設定'!$E$11:$E$16,INDEX('計算A'!$D$2:$EQ$2,'計算A'!IO27))) | V22: =IF('計算A'!IO27=0,"",INDEX('設定'!$I$11:$I$34,INDEX('計算A'!$D$3:$EQ$3,'計算A'!IO27))) | W22: =IF(P22="","",IF('計算A'!JG27=1,"兄弟の日付・時刻が表にありません",IF(COUNTIF('調整・決定'!$C$6:$H$29,P22)>1,"2か所以上に入っています",IF('計算A'!IO27>0,IF(INDEX('計算A'!$D$4:$EQ$4,'計算A'!IO27)=0,"使えない枠に入っています",IF(INDEX('計算A'!$D$27:$EQ$27,'計算A'!IO27)=1,"×の枠に入っています",IF('計算A'!IV27=0,"（出来れば）兄弟の前後ではありません",IF(AND(RIGHT(D22,4)="空けたい",INDEX('計算A'!$D$106:$EQ$106,'計算A'!IO27)=1,INDEX('計算A'!$D$109:$EQ$109,'計算A'!IO27+1)=1),IF(D22="必ず空けたい","後ろの枠が空いていません","（出来れば）後ろが空いていません"),IF(AND(D22="空けない",INDEX('計算A'!$D$106:$EQ$106,'計算A'!IO27)=1,INDEX('計算A'!$D$109:$EQ$109,'計算A'!IO27+1)=0),"（出来れば）すぐ後が空いています",""))))),IF(OR(Q22="入力済み",Q22="×なし"),"未決定",""))))) | X22: =IF('計算A'!IK27=0,IF('計算A'!IL27=1,"入る枠がありません",""),INDEX('計算A'!$D$8:$EQ$8,'計算A'!IK27)) | Y22: =IF('計算A'!IR27=0,IF('計算A'!IS27=1,"入る枠がありません",""),INDEX('計算A'!$D$8:$EQ$8,'計算A'!IR27)) | Z22: =HYPERLINK("#'×入力'!B481","×入力へ")
P23: =IF(B23="","",IF(COUNTIF($B$5:$B$49,B23)>1,IF(A23="","",A23&" ")&B23,B23)) | Q23: =IF(B23="","",IF('×入力'!F509="未提出","未提出",IF(R23>0,"入力済み",IF('×入力'!F509="×なし（どこでもOK）","×なし","未入力")))) | R23: =IF(B23="","",'計算A'!IN28) | S23: =IF(OR(Q23="入力済み",Q23="×なし"),'計算A'!IM28,"") | T23: =IF('計算A'!C28=1,COUNTIFS('計算A'!$C$10:$C$54,1,'計算A'!$IM$10:$IM$54,"<"&'計算A'!IM28)+1,"") | U23: =IF('計算A'!IO28=0,"",INDEX('設定'!$E$11:$E$16,INDEX('計算A'!$D$2:$EQ$2,'計算A'!IO28))) | V23: =IF('計算A'!IO28=0,"",INDEX('設定'!$I$11:$I$34,INDEX('計算A'!$D$3:$EQ$3,'計算A'!IO28))) | W23: =IF(P23="","",IF('計算A'!JG28=1,"兄弟の日付・時刻が表にありません",IF(COUNTIF('調整・決定'!$C$6:$H$29,P23)>1,"2か所以上に入っています",IF('計算A'!IO28>0,IF(INDEX('計算A'!$D$4:$EQ$4,'計算A'!IO28)=0,"使えない枠に入っています",IF(INDEX('計算A'!$D$28:$EQ$28,'計算A'!IO28)=1,"×の枠に入っています",IF('計算A'!IV28=0,"（出来れば）兄弟の前後ではありません",IF(AND(RIGHT(D23,4)="空けたい",INDEX('計算A'!$D$106:$EQ$106,'計算A'!IO28)=1,INDEX('計算A'!$D$109:$EQ$109,'計算A'!IO28+1)=1),IF(D23="必ず空けたい","後ろの枠が空いていません","（出来れば）後ろが空いていません"),IF(AND(D23="空けない",INDEX('計算A'!$D$106:$EQ$106,'計算A'!IO28)=1,INDEX('計算A'!$D$109:$EQ$109,'計算A'!IO28+1)=0),"（出来れば）すぐ後が空いています",""))))),IF(OR(Q23="入力済み",Q23="×なし"),"未決定",""))))) | X23: =IF('計算A'!IK28=0,IF('計算A'!IL28=1,"入る枠がありません",""),INDEX('計算A'!$D$8:$EQ$8,'計算A'!IK28)) | Y23: =IF('計算A'!IR28=0,IF('計算A'!IS28=1,"入る枠がありません",""),INDEX('計算A'!$D$8:$EQ$8,'計算A'!IR28)) | Z23: =HYPERLINK("#'×入力'!B509","×入力へ")
P24: =IF(B24="","",IF(COUNTIF($B$5:$B$49,B24)>1,IF(A24="","",A24&" ")&B24,B24)) | Q24: =IF(B24="","",IF('×入力'!F537="未提出","未提出",IF(R24>0,"入力済み",IF('×入力'!F537="×なし（どこでもOK）","×なし","未入力")))) | R24: =IF(B24="","",'計算A'!IN29) | S24: =IF(OR(Q24="入力済み",Q24="×なし"),'計算A'!IM29,"") | T24: =IF('計算A'!C29=1,COUNTIFS('計算A'!$C$10:$C$54,1,'計算A'!$IM$10:$IM$54,"<"&'計算A'!IM29)+1,"") | U24: =IF('計算A'!IO29=0,"",INDEX('設定'!$E$11:$E$16,INDEX('計算A'!$D$2:$EQ$2,'計算A'!IO29))) | V24: =IF('計算A'!IO29=0,"",INDEX('設定'!$I$11:$I$34,INDEX('計算A'!$D$3:$EQ$3,'計算A'!IO29))) | W24: =IF(P24="","",IF('計算A'!JG29=1,"兄弟の日付・時刻が表にありません",IF(COUNTIF('調整・決定'!$C$6:$H$29,P24)>1,"2か所以上に入っています",IF('計算A'!IO29>0,IF(INDEX('計算A'!$D$4:$EQ$4,'計算A'!IO29)=0,"使えない枠に入っています",IF(INDEX('計算A'!$D$29:$EQ$29,'計算A'!IO29)=1,"×の枠に入っています",IF('計算A'!IV29=0,"（出来れば）兄弟の前後ではありません",IF(AND(RIGHT(D24,4)="空けたい",INDEX('計算A'!$D$106:$EQ$106,'計算A'!IO29)=1,INDEX('計算A'!$D$109:$EQ$109,'計算A'!IO29+1)=1),IF(D24="必ず空けたい","後ろの枠が空いていません","（出来れば）後ろが空いていません"),IF(AND(D24="空けない",INDEX('計算A'!$D$106:$EQ$106,'計算A'!IO29)=1,INDEX('計算A'!$D$109:$EQ$109,'計算A'!IO29+1)=0),"（出来れば）すぐ後が空いています",""))))),IF(OR(Q24="入力済み",Q24="×なし"),"未決定",""))))) | X24: =IF('計算A'!IK29=0,IF('計算A'!IL29=1,"入る枠がありません",""),INDEX('計算A'!$D$8:$EQ$8,'計算A'!IK29)) | Y24: =IF('計算A'!IR29=0,IF('計算A'!IS29=1,"入る枠がありません",""),INDEX('計算A'!$D$8:$EQ$8,'計算A'!IR29)) | Z24: =HYPERLINK("#'×入力'!B537","×入力へ")
P25: =IF(B25="","",IF(COUNTIF($B$5:$B$49,B25)>1,IF(A25="","",A25&" ")&B25,B25)) | Q25: =IF(B25="","",IF('×入力'!F565="未提出","未提出",IF(R25>0,"入力済み",IF('×入力'!F565="×なし（どこでもOK）","×なし","未入力")))) | R25: =IF(B25="","",'計算A'!IN30) | S25: =IF(OR(Q25="入力済み",Q25="×なし"),'計算A'!IM30,"") | T25: =IF('計算A'!C30=1,COUNTIFS('計算A'!$C$10:$C$54,1,'計算A'!$IM$10:$IM$54,"<"&'計算A'!IM30)+1,"") | U25: =IF('計算A'!IO30=0,"",INDEX('設定'!$E$11:$E$16,INDEX('計算A'!$D$2:$EQ$2,'計算A'!IO30))) | V25: =IF('計算A'!IO30=0,"",INDEX('設定'!$I$11:$I$34,INDEX('計算A'!$D$3:$EQ$3,'計算A'!IO30))) | W25: =IF(P25="","",IF('計算A'!JG30=1,"兄弟の日付・時刻が表にありません",IF(COUNTIF('調整・決定'!$C$6:$H$29,P25)>1,"2か所以上に入っています",IF('計算A'!IO30>0,IF(INDEX('計算A'!$D$4:$EQ$4,'計算A'!IO30)=0,"使えない枠に入っています",IF(INDEX('計算A'!$D$30:$EQ$30,'計算A'!IO30)=1,"×の枠に入っています",IF('計算A'!IV30=0,"（出来れば）兄弟の前後ではありません",IF(AND(RIGHT(D25,4)="空けたい",INDEX('計算A'!$D$106:$EQ$106,'計算A'!IO30)=1,INDEX('計算A'!$D$109:$EQ$109,'計算A'!IO30+1)=1),IF(D25="必ず空けたい","後ろの枠が空いていません","（出来れば）後ろが空いていません"),IF(AND(D25="空けない",INDEX('計算A'!$D$106:$EQ$106,'計算A'!IO30)=1,INDEX('計算A'!$D$109:$EQ$109,'計算A'!IO30+1)=0),"（出来れば）すぐ後が空いています",""))))),IF(OR(Q25="入力済み",Q25="×なし"),"未決定",""))))) | X25: =IF('計算A'!IK30=0,IF('計算A'!IL30=1,"入る枠がありません",""),INDEX('計算A'!$D$8:$EQ$8,'計算A'!IK30)) | Y25: =IF('計算A'!IR30=0,IF('計算A'!IS30=1,"入る枠がありません",""),INDEX('計算A'!$D$8:$EQ$8,'計算A'!IR30)) | Z25: =HYPERLINK("#'×入力'!B565","×入力へ")
P26: =IF(B26="","",IF(COUNTIF($B$5:$B$49,B26)>1,IF(A26="","",A26&" ")&B26,B26)) | Q26: =IF(B26="","",IF('×入力'!F593="未提出","未提出",IF(R26>0,"入力済み",IF('×入力'!F593="×なし（どこでもOK）","×なし","未入力")))) | R26: =IF(B26="","",'計算A'!IN31) | S26: =IF(OR(Q26="入力済み",Q26="×なし"),'計算A'!IM31,"") | T26: =IF('計算A'!C31=1,COUNTIFS('計算A'!$C$10:$C$54,1,'計算A'!$IM$10:$IM$54,"<"&'計算A'!IM31)+1,"") | U26: =IF('計算A'!IO31=0,"",INDEX('設定'!$E$11:$E$16,INDEX('計算A'!$D$2:$EQ$2,'計算A'!IO31))) | V26: =IF('計算A'!IO31=0,"",INDEX('設定'!$I$11:$I$34,INDEX('計算A'!$D$3:$EQ$3,'計算A'!IO31))) | W26: =IF(P26="","",IF('計算A'!JG31=1,"兄弟の日付・時刻が表にありません",IF(COUNTIF('調整・決定'!$C$6:$H$29,P26)>1,"2か所以上に入っています",IF('計算A'!IO31>0,IF(INDEX('計算A'!$D$4:$EQ$4,'計算A'!IO31)=0,"使えない枠に入っています",IF(INDEX('計算A'!$D$31:$EQ$31,'計算A'!IO31)=1,"×の枠に入っています",IF('計算A'!IV31=0,"（出来れば）兄弟の前後ではありません",IF(AND(RIGHT(D26,4)="空けたい",INDEX('計算A'!$D$106:$EQ$106,'計算A'!IO31)=1,INDEX('計算A'!$D$109:$EQ$109,'計算A'!IO31+1)=1),IF(D26="必ず空けたい","後ろの枠が空いていません","（出来れば）後ろが空いていません"),IF(AND(D26="空けない",INDEX('計算A'!$D$106:$EQ$106,'計算A'!IO31)=1,INDEX('計算A'!$D$109:$EQ$109,'計算A'!IO31+1)=0),"（出来れば）すぐ後が空いています",""))))),IF(OR(Q26="入力済み",Q26="×なし"),"未決定",""))))) | X26: =IF('計算A'!IK31=0,IF('計算A'!IL31=1,"入る枠がありません",""),INDEX('計算A'!$D$8:$EQ$8,'計算A'!IK31)) | Y26: =IF('計算A'!IR31=0,IF('計算A'!IS31=1,"入る枠がありません",""),INDEX('計算A'!$D$8:$EQ$8,'計算A'!IR31)) | Z26: =HYPERLINK("#'×入力'!B593","×入力へ")
P27: =IF(B27="","",IF(COUNTIF($B$5:$B$49,B27)>1,IF(A27="","",A27&" ")&B27,B27)) | Q27: =IF(B27="","",IF('×入力'!F621="未提出","未提出",IF(R27>0,"入力済み",IF('×入力'!F621="×なし（どこでもOK）","×なし","未入力")))) | R27: =IF(B27="","",'計算A'!IN32) | S27: =IF(OR(Q27="入力済み",Q27="×なし"),'計算A'!IM32,"") | T27: =IF('計算A'!C32=1,COUNTIFS('計算A'!$C$10:$C$54,1,'計算A'!$IM$10:$IM$54,"<"&'計算A'!IM32)+1,"") | U27: =IF('計算A'!IO32=0,"",INDEX('設定'!$E$11:$E$16,INDEX('計算A'!$D$2:$EQ$2,'計算A'!IO32))) | V27: =IF('計算A'!IO32=0,"",INDEX('設定'!$I$11:$I$34,INDEX('計算A'!$D$3:$EQ$3,'計算A'!IO32))) | W27: =IF(P27="","",IF('計算A'!JG32=1,"兄弟の日付・時刻が表にありません",IF(COUNTIF('調整・決定'!$C$6:$H$29,P27)>1,"2か所以上に入っています",IF('計算A'!IO32>0,IF(INDEX('計算A'!$D$4:$EQ$4,'計算A'!IO32)=0,"使えない枠に入っています",IF(INDEX('計算A'!$D$32:$EQ$32,'計算A'!IO32)=1,"×の枠に入っています",IF('計算A'!IV32=0,"（出来れば）兄弟の前後ではありません",IF(AND(RIGHT(D27,4)="空けたい",INDEX('計算A'!$D$106:$EQ$106,'計算A'!IO32)=1,INDEX('計算A'!$D$109:$EQ$109,'計算A'!IO32+1)=1),IF(D27="必ず空けたい","後ろの枠が空いていません","（出来れば）後ろが空いていません"),IF(AND(D27="空けない",INDEX('計算A'!$D$106:$EQ$106,'計算A'!IO32)=1,INDEX('計算A'!$D$109:$EQ$109,'計算A'!IO32+1)=0),"（出来れば）すぐ後が空いています",""))))),IF(OR(Q27="入力済み",Q27="×なし"),"未決定",""))))) | X27: =IF('計算A'!IK32=0,IF('計算A'!IL32=1,"入る枠がありません",""),INDEX('計算A'!$D$8:$EQ$8,'計算A'!IK32)) | Y27: =IF('計算A'!IR32=0,IF('計算A'!IS32=1,"入る枠がありません",""),INDEX('計算A'!$D$8:$EQ$8,'計算A'!IR32)) | Z27: =HYPERLINK("#'×入力'!B621","×入力へ")
P28: =IF(B28="","",IF(COUNTIF($B$5:$B$49,B28)>1,IF(A28="","",A28&" ")&B28,B28)) | Q28: =IF(B28="","",IF('×入力'!F649="未提出","未提出",IF(R28>0,"入力済み",IF('×入力'!F649="×なし（どこでもOK）","×なし","未入力")))) | R28: =IF(B28="","",'計算A'!IN33) | S28: =IF(OR(Q28="入力済み",Q28="×なし"),'計算A'!IM33,"") | T28: =IF('計算A'!C33=1,COUNTIFS('計算A'!$C$10:$C$54,1,'計算A'!$IM$10:$IM$54,"<"&'計算A'!IM33)+1,"") | U28: =IF('計算A'!IO33=0,"",INDEX('設定'!$E$11:$E$16,INDEX('計算A'!$D$2:$EQ$2,'計算A'!IO33))) | V28: =IF('計算A'!IO33=0,"",INDEX('設定'!$I$11:$I$34,INDEX('計算A'!$D$3:$EQ$3,'計算A'!IO33))) | W28: =IF(P28="","",IF('計算A'!JG33=1,"兄弟の日付・時刻が表にありません",IF(COUNTIF('調整・決定'!$C$6:$H$29,P28)>1,"2か所以上に入っています",IF('計算A'!IO33>0,IF(INDEX('計算A'!$D$4:$EQ$4,'計算A'!IO33)=0,"使えない枠に入っています",IF(INDEX('計算A'!$D$33:$EQ$33,'計算A'!IO33)=1,"×の枠に入っています",IF('計算A'!IV33=0,"（出来れば）兄弟の前後ではありません",IF(AND(RIGHT(D28,4)="空けたい",INDEX('計算A'!$D$106:$EQ$106,'計算A'!IO33)=1,INDEX('計算A'!$D$109:$EQ$109,'計算A'!IO33+1)=1),IF(D28="必ず空けたい","後ろの枠が空いていません","（出来れば）後ろが空いていません"),IF(AND(D28="空けない",INDEX('計算A'!$D$106:$EQ$106,'計算A'!IO33)=1,INDEX('計算A'!$D$109:$EQ$109,'計算A'!IO33+1)=0),"（出来れば）すぐ後が空いています",""))))),IF(OR(Q28="入力済み",Q28="×なし"),"未決定",""))))) | X28: =IF('計算A'!IK33=0,IF('計算A'!IL33=1,"入る枠がありません",""),INDEX('計算A'!$D$8:$EQ$8,'計算A'!IK33)) | Y28: =IF('計算A'!IR33=0,IF('計算A'!IS33=1,"入る枠がありません",""),INDEX('計算A'!$D$8:$EQ$8,'計算A'!IR33)) | Z28: =HYPERLINK("#'×入力'!B649","×入力へ")
P29: =IF(B29="","",IF(COUNTIF($B$5:$B$49,B29)>1,IF(A29="","",A29&" ")&B29,B29)) | Q29: =IF(B29="","",IF('×入力'!F677="未提出","未提出",IF(R29>0,"入力済み",IF('×入力'!F677="×なし（どこでもOK）","×なし","未入力")))) | R29: =IF(B29="","",'計算A'!IN34) | S29: =IF(OR(Q29="入力済み",Q29="×なし"),'計算A'!IM34,"") | T29: =IF('計算A'!C34=1,COUNTIFS('計算A'!$C$10:$C$54,1,'計算A'!$IM$10:$IM$54,"<"&'計算A'!IM34)+1,"") | U29: =IF('計算A'!IO34=0,"",INDEX('設定'!$E$11:$E$16,INDEX('計算A'!$D$2:$EQ$2,'計算A'!IO34))) | V29: =IF('計算A'!IO34=0,"",INDEX('設定'!$I$11:$I$34,INDEX('計算A'!$D$3:$EQ$3,'計算A'!IO34))) | W29: =IF(P29="","",IF('計算A'!JG34=1,"兄弟の日付・時刻が表にありません",IF(COUNTIF('調整・決定'!$C$6:$H$29,P29)>1,"2か所以上に入っています",IF('計算A'!IO34>0,IF(INDEX('計算A'!$D$4:$EQ$4,'計算A'!IO34)=0,"使えない枠に入っています",IF(INDEX('計算A'!$D$34:$EQ$34,'計算A'!IO34)=1,"×の枠に入っています",IF('計算A'!IV34=0,"（出来れば）兄弟の前後ではありません",IF(AND(RIGHT(D29,4)="空けたい",INDEX('計算A'!$D$106:$EQ$106,'計算A'!IO34)=1,INDEX('計算A'!$D$109:$EQ$109,'計算A'!IO34+1)=1),IF(D29="必ず空けたい","後ろの枠が空いていません","（出来れば）後ろが空いていません"),IF(AND(D29="空けない",INDEX('計算A'!$D$106:$EQ$106,'計算A'!IO34)=1,INDEX('計算A'!$D$109:$EQ$109,'計算A'!IO34+1)=0),"（出来れば）すぐ後が空いています",""))))),IF(OR(Q29="入力済み",Q29="×なし"),"未決定",""))))) | X29: =IF('計算A'!IK34=0,IF('計算A'!IL34=1,"入る枠がありません",""),INDEX('計算A'!$D$8:$EQ$8,'計算A'!IK34)) | Y29: =IF('計算A'!IR34=0,IF('計算A'!IS34=1,"入る枠がありません",""),INDEX('計算A'!$D$8:$EQ$8,'計算A'!IR34)) | Z29: =HYPERLINK("#'×入力'!B677","×入力へ")
P30: =IF(B30="","",IF(COUNTIF($B$5:$B$49,B30)>1,IF(A30="","",A30&" ")&B30,B30)) | Q30: =IF(B30="","",IF('×入力'!F705="未提出","未提出",IF(R30>0,"入力済み",IF('×入力'!F705="×なし（どこでもOK）","×なし","未入力")))) | R30: =IF(B30="","",'計算A'!IN35) | S30: =IF(OR(Q30="入力済み",Q30="×なし"),'計算A'!IM35,"") | T30: =IF('計算A'!C35=1,COUNTIFS('計算A'!$C$10:$C$54,1,'計算A'!$IM$10:$IM$54,"<"&'計算A'!IM35)+1,"") | U30: =IF('計算A'!IO35=0,"",INDEX('設定'!$E$11:$E$16,INDEX('計算A'!$D$2:$EQ$2,'計算A'!IO35))) | V30: =IF('計算A'!IO35=0,"",INDEX('設定'!$I$11:$I$34,INDEX('計算A'!$D$3:$EQ$3,'計算A'!IO35))) | W30: =IF(P30="","",IF('計算A'!JG35=1,"兄弟の日付・時刻が表にありません",IF(COUNTIF('調整・決定'!$C$6:$H$29,P30)>1,"2か所以上に入っています",IF('計算A'!IO35>0,IF(INDEX('計算A'!$D$4:$EQ$4,'計算A'!IO35)=0,"使えない枠に入っています",IF(INDEX('計算A'!$D$35:$EQ$35,'計算A'!IO35)=1,"×の枠に入っています",IF('計算A'!IV35=0,"（出来れば）兄弟の前後ではありません",IF(AND(RIGHT(D30,4)="空けたい",INDEX('計算A'!$D$106:$EQ$106,'計算A'!IO35)=1,INDEX('計算A'!$D$109:$EQ$109,'計算A'!IO35+1)=1),IF(D30="必ず空けたい","後ろの枠が空いていません","（出来れば）後ろが空いていません"),IF(AND(D30="空けない",INDEX('計算A'!$D$106:$EQ$106,'計算A'!IO35)=1,INDEX('計算A'!$D$109:$EQ$109,'計算A'!IO35+1)=0),"（出来れば）すぐ後が空いています",""))))),IF(OR(Q30="入力済み",Q30="×なし"),"未決定",""))))) | X30: =IF('計算A'!IK35=0,IF('計算A'!IL35=1,"入る枠がありません",""),INDEX('計算A'!$D$8:$EQ$8,'計算A'!IK35)) | Y30: =IF('計算A'!IR35=0,IF('計算A'!IS35=1,"入る枠がありません",""),INDEX('計算A'!$D$8:$EQ$8,'計算A'!IR35)) | Z30: =HYPERLINK("#'×入力'!B705","×入力へ")
P31: =IF(B31="","",IF(COUNTIF($B$5:$B$49,B31)>1,IF(A31="","",A31&" ")&B31,B31)) | Q31: =IF(B31="","",IF('×入力'!F733="未提出","未提出",IF(R31>0,"入力済み",IF('×入力'!F733="×なし（どこでもOK）","×なし","未入力")))) | R31: =IF(B31="","",'計算A'!IN36) | S31: =IF(OR(Q31="入力済み",Q31="×なし"),'計算A'!IM36,"") | T31: =IF('計算A'!C36=1,COUNTIFS('計算A'!$C$10:$C$54,1,'計算A'!$IM$10:$IM$54,"<"&'計算A'!IM36)+1,"") | U31: =IF('計算A'!IO36=0,"",INDEX('設定'!$E$11:$E$16,INDEX('計算A'!$D$2:$EQ$2,'計算A'!IO36))) | V31: =IF('計算A'!IO36=0,"",INDEX('設定'!$I$11:$I$34,INDEX('計算A'!$D$3:$EQ$3,'計算A'!IO36))) | W31: =IF(P31="","",IF('計算A'!JG36=1,"兄弟の日付・時刻が表にありません",IF(COUNTIF('調整・決定'!$C$6:$H$29,P31)>1,"2か所以上に入っています",IF('計算A'!IO36>0,IF(INDEX('計算A'!$D$4:$EQ$4,'計算A'!IO36)=0,"使えない枠に入っています",IF(INDEX('計算A'!$D$36:$EQ$36,'計算A'!IO36)=1,"×の枠に入っています",IF('計算A'!IV36=0,"（出来れば）兄弟の前後ではありません",IF(AND(RIGHT(D31,4)="空けたい",INDEX('計算A'!$D$106:$EQ$106,'計算A'!IO36)=1,INDEX('計算A'!$D$109:$EQ$109,'計算A'!IO36+1)=1),IF(D31="必ず空けたい","後ろの枠が空いていません","（出来れば）後ろが空いていません"),IF(AND(D31="空けない",INDEX('計算A'!$D$106:$EQ$106,'計算A'!IO36)=1,INDEX('計算A'!$D$109:$EQ$109,'計算A'!IO36+1)=0),"（出来れば）すぐ後が空いています",""))))),IF(OR(Q31="入力済み",Q31="×なし"),"未決定",""))))) | X31: =IF('計算A'!IK36=0,IF('計算A'!IL36=1,"入る枠がありません",""),INDEX('計算A'!$D$8:$EQ$8,'計算A'!IK36)) | Y31: =IF('計算A'!IR36=0,IF('計算A'!IS36=1,"入る枠がありません",""),INDEX('計算A'!$D$8:$EQ$8,'計算A'!IR36)) | Z31: =HYPERLINK("#'×入力'!B733","×入力へ")
P32: =IF(B32="","",IF(COUNTIF($B$5:$B$49,B32)>1,IF(A32="","",A32&" ")&B32,B32)) | Q32: =IF(B32="","",IF('×入力'!F761="未提出","未提出",IF(R32>0,"入力済み",IF('×入力'!F761="×なし（どこでもOK）","×なし","未入力")))) | R32: =IF(B32="","",'計算A'!IN37) | S32: =IF(OR(Q32="入力済み",Q32="×なし"),'計算A'!IM37,"") | T32: =IF('計算A'!C37=1,COUNTIFS('計算A'!$C$10:$C$54,1,'計算A'!$IM$10:$IM$54,"<"&'計算A'!IM37)+1,"") | U32: =IF('計算A'!IO37=0,"",INDEX('設定'!$E$11:$E$16,INDEX('計算A'!$D$2:$EQ$2,'計算A'!IO37))) | V32: =IF('計算A'!IO37=0,"",INDEX('設定'!$I$11:$I$34,INDEX('計算A'!$D$3:$EQ$3,'計算A'!IO37))) | W32: =IF(P32="","",IF('計算A'!JG37=1,"兄弟の日付・時刻が表にありません",IF(COUNTIF('調整・決定'!$C$6:$H$29,P32)>1,"2か所以上に入っています",IF('計算A'!IO37>0,IF(INDEX('計算A'!$D$4:$EQ$4,'計算A'!IO37)=0,"使えない枠に入っています",IF(INDEX('計算A'!$D$37:$EQ$37,'計算A'!IO37)=1,"×の枠に入っています",IF('計算A'!IV37=0,"（出来れば）兄弟の前後ではありません",IF(AND(RIGHT(D32,4)="空けたい",INDEX('計算A'!$D$106:$EQ$106,'計算A'!IO37)=1,INDEX('計算A'!$D$109:$EQ$109,'計算A'!IO37+1)=1),IF(D32="必ず空けたい","後ろの枠が空いていません","（出来れば）後ろが空いていません"),IF(AND(D32="空けない",INDEX('計算A'!$D$106:$EQ$106,'計算A'!IO37)=1,INDEX('計算A'!$D$109:$EQ$109,'計算A'!IO37+1)=0),"（出来れば）すぐ後が空いています",""))))),IF(OR(Q32="入力済み",Q32="×なし"),"未決定",""))))) | X32: =IF('計算A'!IK37=0,IF('計算A'!IL37=1,"入る枠がありません",""),INDEX('計算A'!$D$8:$EQ$8,'計算A'!IK37)) | Y32: =IF('計算A'!IR37=0,IF('計算A'!IS37=1,"入る枠がありません",""),INDEX('計算A'!$D$8:$EQ$8,'計算A'!IR37)) | Z32: =HYPERLINK("#'×入力'!B761","×入力へ")
P33: =IF(B33="","",IF(COUNTIF($B$5:$B$49,B33)>1,IF(A33="","",A33&" ")&B33,B33)) | Q33: =IF(B33="","",IF('×入力'!F789="未提出","未提出",IF(R33>0,"入力済み",IF('×入力'!F789="×なし（どこでもOK）","×なし","未入力")))) | R33: =IF(B33="","",'計算A'!IN38) | S33: =IF(OR(Q33="入力済み",Q33="×なし"),'計算A'!IM38,"") | T33: =IF('計算A'!C38=1,COUNTIFS('計算A'!$C$10:$C$54,1,'計算A'!$IM$10:$IM$54,"<"&'計算A'!IM38)+1,"") | U33: =IF('計算A'!IO38=0,"",INDEX('設定'!$E$11:$E$16,INDEX('計算A'!$D$2:$EQ$2,'計算A'!IO38))) | V33: =IF('計算A'!IO38=0,"",INDEX('設定'!$I$11:$I$34,INDEX('計算A'!$D$3:$EQ$3,'計算A'!IO38))) | W33: =IF(P33="","",IF('計算A'!JG38=1,"兄弟の日付・時刻が表にありません",IF(COUNTIF('調整・決定'!$C$6:$H$29,P33)>1,"2か所以上に入っています",IF('計算A'!IO38>0,IF(INDEX('計算A'!$D$4:$EQ$4,'計算A'!IO38)=0,"使えない枠に入っています",IF(INDEX('計算A'!$D$38:$EQ$38,'計算A'!IO38)=1,"×の枠に入っています",IF('計算A'!IV38=0,"（出来れば）兄弟の前後ではありません",IF(AND(RIGHT(D33,4)="空けたい",INDEX('計算A'!$D$106:$EQ$106,'計算A'!IO38)=1,INDEX('計算A'!$D$109:$EQ$109,'計算A'!IO38+1)=1),IF(D33="必ず空けたい","後ろの枠が空いていません","（出来れば）後ろが空いていません"),IF(AND(D33="空けない",INDEX('計算A'!$D$106:$EQ$106,'計算A'!IO38)=1,INDEX('計算A'!$D$109:$EQ$109,'計算A'!IO38+1)=0),"（出来れば）すぐ後が空いています",""))))),IF(OR(Q33="入力済み",Q33="×なし"),"未決定",""))))) | X33: =IF('計算A'!IK38=0,IF('計算A'!IL38=1,"入る枠がありません",""),INDEX('計算A'!$D$8:$EQ$8,'計算A'!IK38)) | Y33: =IF('計算A'!IR38=0,IF('計算A'!IS38=1,"入る枠がありません",""),INDEX('計算A'!$D$8:$EQ$8,'計算A'!IR38)) | Z33: =HYPERLINK("#'×入力'!B789","×入力へ")
P34: =IF(B34="","",IF(COUNTIF($B$5:$B$49,B34)>1,IF(A34="","",A34&" ")&B34,B34)) | Q34: =IF(B34="","",IF('×入力'!F817="未提出","未提出",IF(R34>0,"入力済み",IF('×入力'!F817="×なし（どこでもOK）","×なし","未入力")))) | R34: =IF(B34="","",'計算A'!IN39) | S34: =IF(OR(Q34="入力済み",Q34="×なし"),'計算A'!IM39,"") | T34: =IF('計算A'!C39=1,COUNTIFS('計算A'!$C$10:$C$54,1,'計算A'!$IM$10:$IM$54,"<"&'計算A'!IM39)+1,"") | U34: =IF('計算A'!IO39=0,"",INDEX('設定'!$E$11:$E$16,INDEX('計算A'!$D$2:$EQ$2,'計算A'!IO39))) | V34: =IF('計算A'!IO39=0,"",INDEX('設定'!$I$11:$I$34,INDEX('計算A'!$D$3:$EQ$3,'計算A'!IO39))) | W34: =IF(P34="","",IF('計算A'!JG39=1,"兄弟の日付・時刻が表にありません",IF(COUNTIF('調整・決定'!$C$6:$H$29,P34)>1,"2か所以上に入っています",IF('計算A'!IO39>0,IF(INDEX('計算A'!$D$4:$EQ$4,'計算A'!IO39)=0,"使えない枠に入っています",IF(INDEX('計算A'!$D$39:$EQ$39,'計算A'!IO39)=1,"×の枠に入っています",IF('計算A'!IV39=0,"（出来れば）兄弟の前後ではありません",IF(AND(RIGHT(D34,4)="空けたい",INDEX('計算A'!$D$106:$EQ$106,'計算A'!IO39)=1,INDEX('計算A'!$D$109:$EQ$109,'計算A'!IO39+1)=1),IF(D34="必ず空けたい","後ろの枠が空いていません","（出来れば）後ろが空いていません"),IF(AND(D34="空けない",INDEX('計算A'!$D$106:$EQ$106,'計算A'!IO39)=1,INDEX('計算A'!$D$109:$EQ$109,'計算A'!IO39+1)=0),"（出来れば）すぐ後が空いています",""))))),IF(OR(Q34="入力済み",Q34="×なし"),"未決定",""))))) | X34: =IF('計算A'!IK39=0,IF('計算A'!IL39=1,"入る枠がありません",""),INDEX('計算A'!$D$8:$EQ$8,'計算A'!IK39)) | Y34: =IF('計算A'!IR39=0,IF('計算A'!IS39=1,"入る枠がありません",""),INDEX('計算A'!$D$8:$EQ$8,'計算A'!IR39)) | Z34: =HYPERLINK("#'×入力'!B817","×入力へ")
P35: =IF(B35="","",IF(COUNTIF($B$5:$B$49,B35)>1,IF(A35="","",A35&" ")&B35,B35)) | Q35: =IF(B35="","",IF('×入力'!F845="未提出","未提出",IF(R35>0,"入力済み",IF('×入力'!F845="×なし（どこでもOK）","×なし","未入力")))) | R35: =IF(B35="","",'計算A'!IN40) | S35: =IF(OR(Q35="入力済み",Q35="×なし"),'計算A'!IM40,"") | T35: =IF('計算A'!C40=1,COUNTIFS('計算A'!$C$10:$C$54,1,'計算A'!$IM$10:$IM$54,"<"&'計算A'!IM40)+1,"") | U35: =IF('計算A'!IO40=0,"",INDEX('設定'!$E$11:$E$16,INDEX('計算A'!$D$2:$EQ$2,'計算A'!IO40))) | V35: =IF('計算A'!IO40=0,"",INDEX('設定'!$I$11:$I$34,INDEX('計算A'!$D$3:$EQ$3,'計算A'!IO40))) | W35: =IF(P35="","",IF('計算A'!JG40=1,"兄弟の日付・時刻が表にありません",IF(COUNTIF('調整・決定'!$C$6:$H$29,P35)>1,"2か所以上に入っています",IF('計算A'!IO40>0,IF(INDEX('計算A'!$D$4:$EQ$4,'計算A'!IO40)=0,"使えない枠に入っています",IF(INDEX('計算A'!$D$40:$EQ$40,'計算A'!IO40)=1,"×の枠に入っています",IF('計算A'!IV40=0,"（出来れば）兄弟の前後ではありません",IF(AND(RIGHT(D35,4)="空けたい",INDEX('計算A'!$D$106:$EQ$106,'計算A'!IO40)=1,INDEX('計算A'!$D$109:$EQ$109,'計算A'!IO40+1)=1),IF(D35="必ず空けたい","後ろの枠が空いていません","（出来れば）後ろが空いていません"),IF(AND(D35="空けない",INDEX('計算A'!$D$106:$EQ$106,'計算A'!IO40)=1,INDEX('計算A'!$D$109:$EQ$109,'計算A'!IO40+1)=0),"（出来れば）すぐ後が空いています",""))))),IF(OR(Q35="入力済み",Q35="×なし"),"未決定",""))))) | X35: =IF('計算A'!IK40=0,IF('計算A'!IL40=1,"入る枠がありません",""),INDEX('計算A'!$D$8:$EQ$8,'計算A'!IK40)) | Y35: =IF('計算A'!IR40=0,IF('計算A'!IS40=1,"入る枠がありません",""),INDEX('計算A'!$D$8:$EQ$8,'計算A'!IR40)) | Z35: =HYPERLINK("#'×入力'!B845","×入力へ")
P36: =IF(B36="","",IF(COUNTIF($B$5:$B$49,B36)>1,IF(A36="","",A36&" ")&B36,B36)) | Q36: =IF(B36="","",IF('×入力'!F873="未提出","未提出",IF(R36>0,"入力済み",IF('×入力'!F873="×なし（どこでもOK）","×なし","未入力")))) | R36: =IF(B36="","",'計算A'!IN41) | S36: =IF(OR(Q36="入力済み",Q36="×なし"),'計算A'!IM41,"") | T36: =IF('計算A'!C41=1,COUNTIFS('計算A'!$C$10:$C$54,1,'計算A'!$IM$10:$IM$54,"<"&'計算A'!IM41)+1,"") | U36: =IF('計算A'!IO41=0,"",INDEX('設定'!$E$11:$E$16,INDEX('計算A'!$D$2:$EQ$2,'計算A'!IO41))) | V36: =IF('計算A'!IO41=0,"",INDEX('設定'!$I$11:$I$34,INDEX('計算A'!$D$3:$EQ$3,'計算A'!IO41))) | W36: =IF(P36="","",IF('計算A'!JG41=1,"兄弟の日付・時刻が表にありません",IF(COUNTIF('調整・決定'!$C$6:$H$29,P36)>1,"2か所以上に入っています",IF('計算A'!IO41>0,IF(INDEX('計算A'!$D$4:$EQ$4,'計算A'!IO41)=0,"使えない枠に入っています",IF(INDEX('計算A'!$D$41:$EQ$41,'計算A'!IO41)=1,"×の枠に入っています",IF('計算A'!IV41=0,"（出来れば）兄弟の前後ではありません",IF(AND(RIGHT(D36,4)="空けたい",INDEX('計算A'!$D$106:$EQ$106,'計算A'!IO41)=1,INDEX('計算A'!$D$109:$EQ$109,'計算A'!IO41+1)=1),IF(D36="必ず空けたい","後ろの枠が空いていません","（出来れば）後ろが空いていません"),IF(AND(D36="空けない",INDEX('計算A'!$D$106:$EQ$106,'計算A'!IO41)=1,INDEX('計算A'!$D$109:$EQ$109,'計算A'!IO41+1)=0),"（出来れば）すぐ後が空いています",""))))),IF(OR(Q36="入力済み",Q36="×なし"),"未決定",""))))) | X36: =IF('計算A'!IK41=0,IF('計算A'!IL41=1,"入る枠がありません",""),INDEX('計算A'!$D$8:$EQ$8,'計算A'!IK41)) | Y36: =IF('計算A'!IR41=0,IF('計算A'!IS41=1,"入る枠がありません",""),INDEX('計算A'!$D$8:$EQ$8,'計算A'!IR41)) | Z36: =HYPERLINK("#'×入力'!B873","×入力へ")
P37: =IF(B37="","",IF(COUNTIF($B$5:$B$49,B37)>1,IF(A37="","",A37&" ")&B37,B37)) | Q37: =IF(B37="","",IF('×入力'!F901="未提出","未提出",IF(R37>0,"入力済み",IF('×入力'!F901="×なし（どこでもOK）","×なし","未入力")))) | R37: =IF(B37="","",'計算A'!IN42) | S37: =IF(OR(Q37="入力済み",Q37="×なし"),'計算A'!IM42,"") | T37: =IF('計算A'!C42=1,COUNTIFS('計算A'!$C$10:$C$54,1,'計算A'!$IM$10:$IM$54,"<"&'計算A'!IM42)+1,"") | U37: =IF('計算A'!IO42=0,"",INDEX('設定'!$E$11:$E$16,INDEX('計算A'!$D$2:$EQ$2,'計算A'!IO42))) | V37: =IF('計算A'!IO42=0,"",INDEX('設定'!$I$11:$I$34,INDEX('計算A'!$D$3:$EQ$3,'計算A'!IO42))) | W37: =IF(P37="","",IF('計算A'!JG42=1,"兄弟の日付・時刻が表にありません",IF(COUNTIF('調整・決定'!$C$6:$H$29,P37)>1,"2か所以上に入っています",IF('計算A'!IO42>0,IF(INDEX('計算A'!$D$4:$EQ$4,'計算A'!IO42)=0,"使えない枠に入っています",IF(INDEX('計算A'!$D$42:$EQ$42,'計算A'!IO42)=1,"×の枠に入っています",IF('計算A'!IV42=0,"（出来れば）兄弟の前後ではありません",IF(AND(RIGHT(D37,4)="空けたい",INDEX('計算A'!$D$106:$EQ$106,'計算A'!IO42)=1,INDEX('計算A'!$D$109:$EQ$109,'計算A'!IO42+1)=1),IF(D37="必ず空けたい","後ろの枠が空いていません","（出来れば）後ろが空いていません"),IF(AND(D37="空けない",INDEX('計算A'!$D$106:$EQ$106,'計算A'!IO42)=1,INDEX('計算A'!$D$109:$EQ$109,'計算A'!IO42+1)=0),"（出来れば）すぐ後が空いています",""))))),IF(OR(Q37="入力済み",Q37="×なし"),"未決定",""))))) | X37: =IF('計算A'!IK42=0,IF('計算A'!IL42=1,"入る枠がありません",""),INDEX('計算A'!$D$8:$EQ$8,'計算A'!IK42)) | Y37: =IF('計算A'!IR42=0,IF('計算A'!IS42=1,"入る枠がありません",""),INDEX('計算A'!$D$8:$EQ$8,'計算A'!IR42)) | Z37: =HYPERLINK("#'×入力'!B901","×入力へ")
P38: =IF(B38="","",IF(COUNTIF($B$5:$B$49,B38)>1,IF(A38="","",A38&" ")&B38,B38)) | Q38: =IF(B38="","",IF('×入力'!F929="未提出","未提出",IF(R38>0,"入力済み",IF('×入力'!F929="×なし（どこでもOK）","×なし","未入力")))) | R38: =IF(B38="","",'計算A'!IN43) | S38: =IF(OR(Q38="入力済み",Q38="×なし"),'計算A'!IM43,"") | T38: =IF('計算A'!C43=1,COUNTIFS('計算A'!$C$10:$C$54,1,'計算A'!$IM$10:$IM$54,"<"&'計算A'!IM43)+1,"") | U38: =IF('計算A'!IO43=0,"",INDEX('設定'!$E$11:$E$16,INDEX('計算A'!$D$2:$EQ$2,'計算A'!IO43))) | V38: =IF('計算A'!IO43=0,"",INDEX('設定'!$I$11:$I$34,INDEX('計算A'!$D$3:$EQ$3,'計算A'!IO43))) | W38: =IF(P38="","",IF('計算A'!JG43=1,"兄弟の日付・時刻が表にありません",IF(COUNTIF('調整・決定'!$C$6:$H$29,P38)>1,"2か所以上に入っています",IF('計算A'!IO43>0,IF(INDEX('計算A'!$D$4:$EQ$4,'計算A'!IO43)=0,"使えない枠に入っています",IF(INDEX('計算A'!$D$43:$EQ$43,'計算A'!IO43)=1,"×の枠に入っています",IF('計算A'!IV43=0,"（出来れば）兄弟の前後ではありません",IF(AND(RIGHT(D38,4)="空けたい",INDEX('計算A'!$D$106:$EQ$106,'計算A'!IO43)=1,INDEX('計算A'!$D$109:$EQ$109,'計算A'!IO43+1)=1),IF(D38="必ず空けたい","後ろの枠が空いていません","（出来れば）後ろが空いていません"),IF(AND(D38="空けない",INDEX('計算A'!$D$106:$EQ$106,'計算A'!IO43)=1,INDEX('計算A'!$D$109:$EQ$109,'計算A'!IO43+1)=0),"（出来れば）すぐ後が空いています",""))))),IF(OR(Q38="入力済み",Q38="×なし"),"未決定",""))))) | X38: =IF('計算A'!IK43=0,IF('計算A'!IL43=1,"入る枠がありません",""),INDEX('計算A'!$D$8:$EQ$8,'計算A'!IK43)) | Y38: =IF('計算A'!IR43=0,IF('計算A'!IS43=1,"入る枠がありません",""),INDEX('計算A'!$D$8:$EQ$8,'計算A'!IR43)) | Z38: =HYPERLINK("#'×入力'!B929","×入力へ")
P39: =IF(B39="","",IF(COUNTIF($B$5:$B$49,B39)>1,IF(A39="","",A39&" ")&B39,B39)) | Q39: =IF(B39="","",IF('×入力'!F957="未提出","未提出",IF(R39>0,"入力済み",IF('×入力'!F957="×なし（どこでもOK）","×なし","未入力")))) | R39: =IF(B39="","",'計算A'!IN44) | S39: =IF(OR(Q39="入力済み",Q39="×なし"),'計算A'!IM44,"") | T39: =IF('計算A'!C44=1,COUNTIFS('計算A'!$C$10:$C$54,1,'計算A'!$IM$10:$IM$54,"<"&'計算A'!IM44)+1,"") | U39: =IF('計算A'!IO44=0,"",INDEX('設定'!$E$11:$E$16,INDEX('計算A'!$D$2:$EQ$2,'計算A'!IO44))) | V39: =IF('計算A'!IO44=0,"",INDEX('設定'!$I$11:$I$34,INDEX('計算A'!$D$3:$EQ$3,'計算A'!IO44))) | W39: =IF(P39="","",IF('計算A'!JG44=1,"兄弟の日付・時刻が表にありません",IF(COUNTIF('調整・決定'!$C$6:$H$29,P39)>1,"2か所以上に入っています",IF('計算A'!IO44>0,IF(INDEX('計算A'!$D$4:$EQ$4,'計算A'!IO44)=0,"使えない枠に入っています",IF(INDEX('計算A'!$D$44:$EQ$44,'計算A'!IO44)=1,"×の枠に入っています",IF('計算A'!IV44=0,"（出来れば）兄弟の前後ではありません",IF(AND(RIGHT(D39,4)="空けたい",INDEX('計算A'!$D$106:$EQ$106,'計算A'!IO44)=1,INDEX('計算A'!$D$109:$EQ$109,'計算A'!IO44+1)=1),IF(D39="必ず空けたい","後ろの枠が空いていません","（出来れば）後ろが空いていません"),IF(AND(D39="空けない",INDEX('計算A'!$D$106:$EQ$106,'計算A'!IO44)=1,INDEX('計算A'!$D$109:$EQ$109,'計算A'!IO44+1)=0),"（出来れば）すぐ後が空いています",""))))),IF(OR(Q39="入力済み",Q39="×なし"),"未決定",""))))) | X39: =IF('計算A'!IK44=0,IF('計算A'!IL44=1,"入る枠がありません",""),INDEX('計算A'!$D$8:$EQ$8,'計算A'!IK44)) | Y39: =IF('計算A'!IR44=0,IF('計算A'!IS44=1,"入る枠がありません",""),INDEX('計算A'!$D$8:$EQ$8,'計算A'!IR44)) | Z39: =HYPERLINK("#'×入力'!B957","×入力へ")
P40: =IF(B40="","",IF(COUNTIF($B$5:$B$49,B40)>1,IF(A40="","",A40&" ")&B40,B40)) | Q40: =IF(B40="","",IF('×入力'!F985="未提出","未提出",IF(R40>0,"入力済み",IF('×入力'!F985="×なし（どこでもOK）","×なし","未入力")))) | R40: =IF(B40="","",'計算A'!IN45) | S40: =IF(OR(Q40="入力済み",Q40="×なし"),'計算A'!IM45,"") | T40: =IF('計算A'!C45=1,COUNTIFS('計算A'!$C$10:$C$54,1,'計算A'!$IM$10:$IM$54,"<"&'計算A'!IM45)+1,"") | U40: =IF('計算A'!IO45=0,"",INDEX('設定'!$E$11:$E$16,INDEX('計算A'!$D$2:$EQ$2,'計算A'!IO45))) | V40: =IF('計算A'!IO45=0,"",INDEX('設定'!$I$11:$I$34,INDEX('計算A'!$D$3:$EQ$3,'計算A'!IO45))) | W40: =IF(P40="","",IF('計算A'!JG45=1,"兄弟の日付・時刻が表にありません",IF(COUNTIF('調整・決定'!$C$6:$H$29,P40)>1,"2か所以上に入っています",IF('計算A'!IO45>0,IF(INDEX('計算A'!$D$4:$EQ$4,'計算A'!IO45)=0,"使えない枠に入っています",IF(INDEX('計算A'!$D$45:$EQ$45,'計算A'!IO45)=1,"×の枠に入っています",IF('計算A'!IV45=0,"（出来れば）兄弟の前後ではありません",IF(AND(RIGHT(D40,4)="空けたい",INDEX('計算A'!$D$106:$EQ$106,'計算A'!IO45)=1,INDEX('計算A'!$D$109:$EQ$109,'計算A'!IO45+1)=1),IF(D40="必ず空けたい","後ろの枠が空いていません","（出来れば）後ろが空いていません"),IF(AND(D40="空けない",INDEX('計算A'!$D$106:$EQ$106,'計算A'!IO45)=1,INDEX('計算A'!$D$109:$EQ$109,'計算A'!IO45+1)=0),"（出来れば）すぐ後が空いています",""))))),IF(OR(Q40="入力済み",Q40="×なし"),"未決定",""))))) | X40: =IF('計算A'!IK45=0,IF('計算A'!IL45=1,"入る枠がありません",""),INDEX('計算A'!$D$8:$EQ$8,'計算A'!IK45)) | Y40: =IF('計算A'!IR45=0,IF('計算A'!IS45=1,"入る枠がありません",""),INDEX('計算A'!$D$8:$EQ$8,'計算A'!IR45)) | Z40: =HYPERLINK("#'×入力'!B985","×入力へ")
P41: =IF(B41="","",IF(COUNTIF($B$5:$B$49,B41)>1,IF(A41="","",A41&" ")&B41,B41)) | Q41: =IF(B41="","",IF('×入力'!F1013="未提出","未提出",IF(R41>0,"入力済み",IF('×入力'!F1013="×なし（どこでもOK）","×なし","未入力")))) | R41: =IF(B41="","",'計算A'!IN46) | S41: =IF(OR(Q41="入力済み",Q41="×なし"),'計算A'!IM46,"") | T41: =IF('計算A'!C46=1,COUNTIFS('計算A'!$C$10:$C$54,1,'計算A'!$IM$10:$IM$54,"<"&'計算A'!IM46)+1,"") | U41: =IF('計算A'!IO46=0,"",INDEX('設定'!$E$11:$E$16,INDEX('計算A'!$D$2:$EQ$2,'計算A'!IO46))) | V41: =IF('計算A'!IO46=0,"",INDEX('設定'!$I$11:$I$34,INDEX('計算A'!$D$3:$EQ$3,'計算A'!IO46))) | W41: =IF(P41="","",IF('計算A'!JG46=1,"兄弟の日付・時刻が表にありません",IF(COUNTIF('調整・決定'!$C$6:$H$29,P41)>1,"2か所以上に入っています",IF('計算A'!IO46>0,IF(INDEX('計算A'!$D$4:$EQ$4,'計算A'!IO46)=0,"使えない枠に入っています",IF(INDEX('計算A'!$D$46:$EQ$46,'計算A'!IO46)=1,"×の枠に入っています",IF('計算A'!IV46=0,"（出来れば）兄弟の前後ではありません",IF(AND(RIGHT(D41,4)="空けたい",INDEX('計算A'!$D$106:$EQ$106,'計算A'!IO46)=1,INDEX('計算A'!$D$109:$EQ$109,'計算A'!IO46+1)=1),IF(D41="必ず空けたい","後ろの枠が空いていません","（出来れば）後ろが空いていません"),IF(AND(D41="空けない",INDEX('計算A'!$D$106:$EQ$106,'計算A'!IO46)=1,INDEX('計算A'!$D$109:$EQ$109,'計算A'!IO46+1)=0),"（出来れば）すぐ後が空いています",""))))),IF(OR(Q41="入力済み",Q41="×なし"),"未決定",""))))) | X41: =IF('計算A'!IK46=0,IF('計算A'!IL46=1,"入る枠がありません",""),INDEX('計算A'!$D$8:$EQ$8,'計算A'!IK46)) | Y41: =IF('計算A'!IR46=0,IF('計算A'!IS46=1,"入る枠がありません",""),INDEX('計算A'!$D$8:$EQ$8,'計算A'!IR46)) | Z41: =HYPERLINK("#'×入力'!B1013","×入力へ")
P42: =IF(B42="","",IF(COUNTIF($B$5:$B$49,B42)>1,IF(A42="","",A42&" ")&B42,B42)) | Q42: =IF(B42="","",IF('×入力'!F1041="未提出","未提出",IF(R42>0,"入力済み",IF('×入力'!F1041="×なし（どこでもOK）","×なし","未入力")))) | R42: =IF(B42="","",'計算A'!IN47) | S42: =IF(OR(Q42="入力済み",Q42="×なし"),'計算A'!IM47,"") | T42: =IF('計算A'!C47=1,COUNTIFS('計算A'!$C$10:$C$54,1,'計算A'!$IM$10:$IM$54,"<"&'計算A'!IM47)+1,"") | U42: =IF('計算A'!IO47=0,"",INDEX('設定'!$E$11:$E$16,INDEX('計算A'!$D$2:$EQ$2,'計算A'!IO47))) | V42: =IF('計算A'!IO47=0,"",INDEX('設定'!$I$11:$I$34,INDEX('計算A'!$D$3:$EQ$3,'計算A'!IO47))) | W42: =IF(P42="","",IF('計算A'!JG47=1,"兄弟の日付・時刻が表にありません",IF(COUNTIF('調整・決定'!$C$6:$H$29,P42)>1,"2か所以上に入っています",IF('計算A'!IO47>0,IF(INDEX('計算A'!$D$4:$EQ$4,'計算A'!IO47)=0,"使えない枠に入っています",IF(INDEX('計算A'!$D$47:$EQ$47,'計算A'!IO47)=1,"×の枠に入っています",IF('計算A'!IV47=0,"（出来れば）兄弟の前後ではありません",IF(AND(RIGHT(D42,4)="空けたい",INDEX('計算A'!$D$106:$EQ$106,'計算A'!IO47)=1,INDEX('計算A'!$D$109:$EQ$109,'計算A'!IO47+1)=1),IF(D42="必ず空けたい","後ろの枠が空いていません","（出来れば）後ろが空いていません"),IF(AND(D42="空けない",INDEX('計算A'!$D$106:$EQ$106,'計算A'!IO47)=1,INDEX('計算A'!$D$109:$EQ$109,'計算A'!IO47+1)=0),"（出来れば）すぐ後が空いています",""))))),IF(OR(Q42="入力済み",Q42="×なし"),"未決定",""))))) | X42: =IF('計算A'!IK47=0,IF('計算A'!IL47=1,"入る枠がありません",""),INDEX('計算A'!$D$8:$EQ$8,'計算A'!IK47)) | Y42: =IF('計算A'!IR47=0,IF('計算A'!IS47=1,"入る枠がありません",""),INDEX('計算A'!$D$8:$EQ$8,'計算A'!IR47)) | Z42: =HYPERLINK("#'×入力'!B1041","×入力へ")
P43: =IF(B43="","",IF(COUNTIF($B$5:$B$49,B43)>1,IF(A43="","",A43&" ")&B43,B43)) | Q43: =IF(B43="","",IF('×入力'!F1069="未提出","未提出",IF(R43>0,"入力済み",IF('×入力'!F1069="×なし（どこでもOK）","×なし","未入力")))) | R43: =IF(B43="","",'計算A'!IN48) | S43: =IF(OR(Q43="入力済み",Q43="×なし"),'計算A'!IM48,"") | T43: =IF('計算A'!C48=1,COUNTIFS('計算A'!$C$10:$C$54,1,'計算A'!$IM$10:$IM$54,"<"&'計算A'!IM48)+1,"") | U43: =IF('計算A'!IO48=0,"",INDEX('設定'!$E$11:$E$16,INDEX('計算A'!$D$2:$EQ$2,'計算A'!IO48))) | V43: =IF('計算A'!IO48=0,"",INDEX('設定'!$I$11:$I$34,INDEX('計算A'!$D$3:$EQ$3,'計算A'!IO48))) | W43: =IF(P43="","",IF('計算A'!JG48=1,"兄弟の日付・時刻が表にありません",IF(COUNTIF('調整・決定'!$C$6:$H$29,P43)>1,"2か所以上に入っています",IF('計算A'!IO48>0,IF(INDEX('計算A'!$D$4:$EQ$4,'計算A'!IO48)=0,"使えない枠に入っています",IF(INDEX('計算A'!$D$48:$EQ$48,'計算A'!IO48)=1,"×の枠に入っています",IF('計算A'!IV48=0,"（出来れば）兄弟の前後ではありません",IF(AND(RIGHT(D43,4)="空けたい",INDEX('計算A'!$D$106:$EQ$106,'計算A'!IO48)=1,INDEX('計算A'!$D$109:$EQ$109,'計算A'!IO48+1)=1),IF(D43="必ず空けたい","後ろの枠が空いていません","（出来れば）後ろが空いていません"),IF(AND(D43="空けない",INDEX('計算A'!$D$106:$EQ$106,'計算A'!IO48)=1,INDEX('計算A'!$D$109:$EQ$109,'計算A'!IO48+1)=0),"（出来れば）すぐ後が空いています",""))))),IF(OR(Q43="入力済み",Q43="×なし"),"未決定",""))))) | X43: =IF('計算A'!IK48=0,IF('計算A'!IL48=1,"入る枠がありません",""),INDEX('計算A'!$D$8:$EQ$8,'計算A'!IK48)) | Y43: =IF('計算A'!IR48=0,IF('計算A'!IS48=1,"入る枠がありません",""),INDEX('計算A'!$D$8:$EQ$8,'計算A'!IR48)) | Z43: =HYPERLINK("#'×入力'!B1069","×入力へ")
P44: =IF(B44="","",IF(COUNTIF($B$5:$B$49,B44)>1,IF(A44="","",A44&" ")&B44,B44)) | Q44: =IF(B44="","",IF('×入力'!F1097="未提出","未提出",IF(R44>0,"入力済み",IF('×入力'!F1097="×なし（どこでもOK）","×なし","未入力")))) | R44: =IF(B44="","",'計算A'!IN49) | S44: =IF(OR(Q44="入力済み",Q44="×なし"),'計算A'!IM49,"") | T44: =IF('計算A'!C49=1,COUNTIFS('計算A'!$C$10:$C$54,1,'計算A'!$IM$10:$IM$54,"<"&'計算A'!IM49)+1,"") | U44: =IF('計算A'!IO49=0,"",INDEX('設定'!$E$11:$E$16,INDEX('計算A'!$D$2:$EQ$2,'計算A'!IO49))) | V44: =IF('計算A'!IO49=0,"",INDEX('設定'!$I$11:$I$34,INDEX('計算A'!$D$3:$EQ$3,'計算A'!IO49))) | W44: =IF(P44="","",IF('計算A'!JG49=1,"兄弟の日付・時刻が表にありません",IF(COUNTIF('調整・決定'!$C$6:$H$29,P44)>1,"2か所以上に入っています",IF('計算A'!IO49>0,IF(INDEX('計算A'!$D$4:$EQ$4,'計算A'!IO49)=0,"使えない枠に入っています",IF(INDEX('計算A'!$D$49:$EQ$49,'計算A'!IO49)=1,"×の枠に入っています",IF('計算A'!IV49=0,"（出来れば）兄弟の前後ではありません",IF(AND(RIGHT(D44,4)="空けたい",INDEX('計算A'!$D$106:$EQ$106,'計算A'!IO49)=1,INDEX('計算A'!$D$109:$EQ$109,'計算A'!IO49+1)=1),IF(D44="必ず空けたい","後ろの枠が空いていません","（出来れば）後ろが空いていません"),IF(AND(D44="空けない",INDEX('計算A'!$D$106:$EQ$106,'計算A'!IO49)=1,INDEX('計算A'!$D$109:$EQ$109,'計算A'!IO49+1)=0),"（出来れば）すぐ後が空いています",""))))),IF(OR(Q44="入力済み",Q44="×なし"),"未決定",""))))) | X44: =IF('計算A'!IK49=0,IF('計算A'!IL49=1,"入る枠がありません",""),INDEX('計算A'!$D$8:$EQ$8,'計算A'!IK49)) | Y44: =IF('計算A'!IR49=0,IF('計算A'!IS49=1,"入る枠がありません",""),INDEX('計算A'!$D$8:$EQ$8,'計算A'!IR49)) | Z44: =HYPERLINK("#'×入力'!B1097","×入力へ")
P45: =IF(B45="","",IF(COUNTIF($B$5:$B$49,B45)>1,IF(A45="","",A45&" ")&B45,B45)) | Q45: =IF(B45="","",IF('×入力'!F1125="未提出","未提出",IF(R45>0,"入力済み",IF('×入力'!F1125="×なし（どこでもOK）","×なし","未入力")))) | R45: =IF(B45="","",'計算A'!IN50) | S45: =IF(OR(Q45="入力済み",Q45="×なし"),'計算A'!IM50,"") | T45: =IF('計算A'!C50=1,COUNTIFS('計算A'!$C$10:$C$54,1,'計算A'!$IM$10:$IM$54,"<"&'計算A'!IM50)+1,"") | U45: =IF('計算A'!IO50=0,"",INDEX('設定'!$E$11:$E$16,INDEX('計算A'!$D$2:$EQ$2,'計算A'!IO50))) | V45: =IF('計算A'!IO50=0,"",INDEX('設定'!$I$11:$I$34,INDEX('計算A'!$D$3:$EQ$3,'計算A'!IO50))) | W45: =IF(P45="","",IF('計算A'!JG50=1,"兄弟の日付・時刻が表にありません",IF(COUNTIF('調整・決定'!$C$6:$H$29,P45)>1,"2か所以上に入っています",IF('計算A'!IO50>0,IF(INDEX('計算A'!$D$4:$EQ$4,'計算A'!IO50)=0,"使えない枠に入っています",IF(INDEX('計算A'!$D$50:$EQ$50,'計算A'!IO50)=1,"×の枠に入っています",IF('計算A'!IV50=0,"（出来れば）兄弟の前後ではありません",IF(AND(RIGHT(D45,4)="空けたい",INDEX('計算A'!$D$106:$EQ$106,'計算A'!IO50)=1,INDEX('計算A'!$D$109:$EQ$109,'計算A'!IO50+1)=1),IF(D45="必ず空けたい","後ろの枠が空いていません","（出来れば）後ろが空いていません"),IF(AND(D45="空けない",INDEX('計算A'!$D$106:$EQ$106,'計算A'!IO50)=1,INDEX('計算A'!$D$109:$EQ$109,'計算A'!IO50+1)=0),"（出来れば）すぐ後が空いています",""))))),IF(OR(Q45="入力済み",Q45="×なし"),"未決定",""))))) | X45: =IF('計算A'!IK50=0,IF('計算A'!IL50=1,"入る枠がありません",""),INDEX('計算A'!$D$8:$EQ$8,'計算A'!IK50)) | Y45: =IF('計算A'!IR50=0,IF('計算A'!IS50=1,"入る枠がありません",""),INDEX('計算A'!$D$8:$EQ$8,'計算A'!IR50)) | Z45: =HYPERLINK("#'×入力'!B1125","×入力へ")
P46: =IF(B46="","",IF(COUNTIF($B$5:$B$49,B46)>1,IF(A46="","",A46&" ")&B46,B46)) | Q46: =IF(B46="","",IF('×入力'!F1153="未提出","未提出",IF(R46>0,"入力済み",IF('×入力'!F1153="×なし（どこでもOK）","×なし","未入力")))) | R46: =IF(B46="","",'計算A'!IN51) | S46: =IF(OR(Q46="入力済み",Q46="×なし"),'計算A'!IM51,"") | T46: =IF('計算A'!C51=1,COUNTIFS('計算A'!$C$10:$C$54,1,'計算A'!$IM$10:$IM$54,"<"&'計算A'!IM51)+1,"") | U46: =IF('計算A'!IO51=0,"",INDEX('設定'!$E$11:$E$16,INDEX('計算A'!$D$2:$EQ$2,'計算A'!IO51))) | V46: =IF('計算A'!IO51=0,"",INDEX('設定'!$I$11:$I$34,INDEX('計算A'!$D$3:$EQ$3,'計算A'!IO51))) | W46: =IF(P46="","",IF('計算A'!JG51=1,"兄弟の日付・時刻が表にありません",IF(COUNTIF('調整・決定'!$C$6:$H$29,P46)>1,"2か所以上に入っています",IF('計算A'!IO51>0,IF(INDEX('計算A'!$D$4:$EQ$4,'計算A'!IO51)=0,"使えない枠に入っています",IF(INDEX('計算A'!$D$51:$EQ$51,'計算A'!IO51)=1,"×の枠に入っています",IF('計算A'!IV51=0,"（出来れば）兄弟の前後ではありません",IF(AND(RIGHT(D46,4)="空けたい",INDEX('計算A'!$D$106:$EQ$106,'計算A'!IO51)=1,INDEX('計算A'!$D$109:$EQ$109,'計算A'!IO51+1)=1),IF(D46="必ず空けたい","後ろの枠が空いていません","（出来れば）後ろが空いていません"),IF(AND(D46="空けない",INDEX('計算A'!$D$106:$EQ$106,'計算A'!IO51)=1,INDEX('計算A'!$D$109:$EQ$109,'計算A'!IO51+1)=0),"（出来れば）すぐ後が空いています",""))))),IF(OR(Q46="入力済み",Q46="×なし"),"未決定",""))))) | X46: =IF('計算A'!IK51=0,IF('計算A'!IL51=1,"入る枠がありません",""),INDEX('計算A'!$D$8:$EQ$8,'計算A'!IK51)) | Y46: =IF('計算A'!IR51=0,IF('計算A'!IS51=1,"入る枠がありません",""),INDEX('計算A'!$D$8:$EQ$8,'計算A'!IR51)) | Z46: =HYPERLINK("#'×入力'!B1153","×入力へ")
P47: =IF(B47="","",IF(COUNTIF($B$5:$B$49,B47)>1,IF(A47="","",A47&" ")&B47,B47)) | Q47: =IF(B47="","",IF('×入力'!F1181="未提出","未提出",IF(R47>0,"入力済み",IF('×入力'!F1181="×なし（どこでもOK）","×なし","未入力")))) | R47: =IF(B47="","",'計算A'!IN52) | S47: =IF(OR(Q47="入力済み",Q47="×なし"),'計算A'!IM52,"") | T47: =IF('計算A'!C52=1,COUNTIFS('計算A'!$C$10:$C$54,1,'計算A'!$IM$10:$IM$54,"<"&'計算A'!IM52)+1,"") | U47: =IF('計算A'!IO52=0,"",INDEX('設定'!$E$11:$E$16,INDEX('計算A'!$D$2:$EQ$2,'計算A'!IO52))) | V47: =IF('計算A'!IO52=0,"",INDEX('設定'!$I$11:$I$34,INDEX('計算A'!$D$3:$EQ$3,'計算A'!IO52))) | W47: =IF(P47="","",IF('計算A'!JG52=1,"兄弟の日付・時刻が表にありません",IF(COUNTIF('調整・決定'!$C$6:$H$29,P47)>1,"2か所以上に入っています",IF('計算A'!IO52>0,IF(INDEX('計算A'!$D$4:$EQ$4,'計算A'!IO52)=0,"使えない枠に入っています",IF(INDEX('計算A'!$D$52:$EQ$52,'計算A'!IO52)=1,"×の枠に入っています",IF('計算A'!IV52=0,"（出来れば）兄弟の前後ではありません",IF(AND(RIGHT(D47,4)="空けたい",INDEX('計算A'!$D$106:$EQ$106,'計算A'!IO52)=1,INDEX('計算A'!$D$109:$EQ$109,'計算A'!IO52+1)=1),IF(D47="必ず空けたい","後ろの枠が空いていません","（出来れば）後ろが空いていません"),IF(AND(D47="空けない",INDEX('計算A'!$D$106:$EQ$106,'計算A'!IO52)=1,INDEX('計算A'!$D$109:$EQ$109,'計算A'!IO52+1)=0),"（出来れば）すぐ後が空いています",""))))),IF(OR(Q47="入力済み",Q47="×なし"),"未決定",""))))) | X47: =IF('計算A'!IK52=0,IF('計算A'!IL52=1,"入る枠がありません",""),INDEX('計算A'!$D$8:$EQ$8,'計算A'!IK52)) | Y47: =IF('計算A'!IR52=0,IF('計算A'!IS52=1,"入る枠がありません",""),INDEX('計算A'!$D$8:$EQ$8,'計算A'!IR52)) | Z47: =HYPERLINK("#'×入力'!B1181","×入力へ")
P48: =IF(B48="","",IF(COUNTIF($B$5:$B$49,B48)>1,IF(A48="","",A48&" ")&B48,B48)) | Q48: =IF(B48="","",IF('×入力'!F1209="未提出","未提出",IF(R48>0,"入力済み",IF('×入力'!F1209="×なし（どこでもOK）","×なし","未入力")))) | R48: =IF(B48="","",'計算A'!IN53) | S48: =IF(OR(Q48="入力済み",Q48="×なし"),'計算A'!IM53,"") | T48: =IF('計算A'!C53=1,COUNTIFS('計算A'!$C$10:$C$54,1,'計算A'!$IM$10:$IM$54,"<"&'計算A'!IM53)+1,"") | U48: =IF('計算A'!IO53=0,"",INDEX('設定'!$E$11:$E$16,INDEX('計算A'!$D$2:$EQ$2,'計算A'!IO53))) | V48: =IF('計算A'!IO53=0,"",INDEX('設定'!$I$11:$I$34,INDEX('計算A'!$D$3:$EQ$3,'計算A'!IO53))) | W48: =IF(P48="","",IF('計算A'!JG53=1,"兄弟の日付・時刻が表にありません",IF(COUNTIF('調整・決定'!$C$6:$H$29,P48)>1,"2か所以上に入っています",IF('計算A'!IO53>0,IF(INDEX('計算A'!$D$4:$EQ$4,'計算A'!IO53)=0,"使えない枠に入っています",IF(INDEX('計算A'!$D$53:$EQ$53,'計算A'!IO53)=1,"×の枠に入っています",IF('計算A'!IV53=0,"（出来れば）兄弟の前後ではありません",IF(AND(RIGHT(D48,4)="空けたい",INDEX('計算A'!$D$106:$EQ$106,'計算A'!IO53)=1,INDEX('計算A'!$D$109:$EQ$109,'計算A'!IO53+1)=1),IF(D48="必ず空けたい","後ろの枠が空いていません","（出来れば）後ろが空いていません"),IF(AND(D48="空けない",INDEX('計算A'!$D$106:$EQ$106,'計算A'!IO53)=1,INDEX('計算A'!$D$109:$EQ$109,'計算A'!IO53+1)=0),"（出来れば）すぐ後が空いています",""))))),IF(OR(Q48="入力済み",Q48="×なし"),"未決定",""))))) | X48: =IF('計算A'!IK53=0,IF('計算A'!IL53=1,"入る枠がありません",""),INDEX('計算A'!$D$8:$EQ$8,'計算A'!IK53)) | Y48: =IF('計算A'!IR53=0,IF('計算A'!IS53=1,"入る枠がありません",""),INDEX('計算A'!$D$8:$EQ$8,'計算A'!IR53)) | Z48: =HYPERLINK("#'×入力'!B1209","×入力へ")
P49: =IF(B49="","",IF(COUNTIF($B$5:$B$49,B49)>1,IF(A49="","",A49&" ")&B49,B49)) | Q49: =IF(B49="","",IF('×入力'!F1237="未提出","未提出",IF(R49>0,"入力済み",IF('×入力'!F1237="×なし（どこでもOK）","×なし","未入力")))) | R49: =IF(B49="","",'計算A'!IN54) | S49: =IF(OR(Q49="入力済み",Q49="×なし"),'計算A'!IM54,"") | T49: =IF('計算A'!C54=1,COUNTIFS('計算A'!$C$10:$C$54,1,'計算A'!$IM$10:$IM$54,"<"&'計算A'!IM54)+1,"") | U49: =IF('計算A'!IO54=0,"",INDEX('設定'!$E$11:$E$16,INDEX('計算A'!$D$2:$EQ$2,'計算A'!IO54))) | V49: =IF('計算A'!IO54=0,"",INDEX('設定'!$I$11:$I$34,INDEX('計算A'!$D$3:$EQ$3,'計算A'!IO54))) | W49: =IF(P49="","",IF('計算A'!JG54=1,"兄弟の日付・時刻が表にありません",IF(COUNTIF('調整・決定'!$C$6:$H$29,P49)>1,"2か所以上に入っています",IF('計算A'!IO54>0,IF(INDEX('計算A'!$D$4:$EQ$4,'計算A'!IO54)=0,"使えない枠に入っています",IF(INDEX('計算A'!$D$54:$EQ$54,'計算A'!IO54)=1,"×の枠に入っています",IF('計算A'!IV54=0,"（出来れば）兄弟の前後ではありません",IF(AND(RIGHT(D49,4)="空けたい",INDEX('計算A'!$D$106:$EQ$106,'計算A'!IO54)=1,INDEX('計算A'!$D$109:$EQ$109,'計算A'!IO54+1)=1),IF(D49="必ず空けたい","後ろの枠が空いていません","（出来れば）後ろが空いていません"),IF(AND(D49="空けない",INDEX('計算A'!$D$106:$EQ$106,'計算A'!IO54)=1,INDEX('計算A'!$D$109:$EQ$109,'計算A'!IO54+1)=0),"（出来れば）すぐ後が空いています",""))))),IF(OR(Q49="入力済み",Q49="×なし"),"未決定",""))))) | X49: =IF('計算A'!IK54=0,IF('計算A'!IL54=1,"入る枠がありません",""),INDEX('計算A'!$D$8:$EQ$8,'計算A'!IK54)) | Y49: =IF('計算A'!IR54=0,IF('計算A'!IS54=1,"入る枠がありません",""),INDEX('計算A'!$D$8:$EQ$8,'計算A'!IR54)) | Z49: =HYPERLINK("#'×入力'!B1237","×入力へ")

Sheet ×入力
B1: ×入力 | F1: =HYPERLINK("#'ホーム'!A1","ホーム") | G1: =HYPERLINK("#'設定'!A1","① 設定") | H1: =HYPERLINK("#'名簿'!A1","② 名簿") | I1: =HYPERLINK("#'×入力'!A1","③ ×入力") | J1: =HYPERLINK("#'自動案A'!A1","④ 自動案A") | K1: =HYPERLINK("#'自動案B'!A1","④ 自動案B") | L1: =HYPERLINK("#'調整・決定'!A1","⑤ 調整・決定") | M1: =HYPERLINK("#'兄弟確認用'!A1","⑥ 兄弟確認") | N1: =HYPERLINK("#'お手紙（夏）'!A1","⑦ お手紙 夏") | O1: =HYPERLINK("#'お手紙（秋）'!A1","⑧ お手紙 秋")
B2: 都合の悪い枠に「×」。日付の上の欄で「×」→その日全部、時刻の左の欄で「×」→その時間全部が×になります。消すときは Delete。
B3: ×が1つもない家庭は「提出状況」で「×なし（どこでもOK）」、出していない家庭は「未提出」を選びます。右上の「次の人へ ▼」で次の児童に移れます。
B4: =IF(SUBTOTAL(103,S5:S1264)<>COUNTIF(S5:S1264,"表示"),"⚠ 設定で枠の数が変わりました。このシートで Ctrl＋Alt＋L を押してください（押すと時刻の行が合います）","") | S4: 表示
B5: =IF('名簿'!B5="","（名簿 1行目：なし）",'名簿'!P5) | E5: 提出状況 ▶ | H5: 状況： | I5: ='名簿'!Q5 | J5: ×の数： | K5: ='名簿'!R5 | L5: =HYPERLINK("#'×入力'!B33","次の人へ ▼") | S5: 表示
A6: この日全部 ▶ | S6: 表示
A7: この時間 全部 ▼ | C7: ='設定'!$E$11 | D7: ='設定'!$E$12 | E7: ='設定'!$E$13 | F7: ='設定'!$E$14 | G7: ='設定'!$E$15 | H7: ='設定'!$E$16 | S7: 表示
B8: ='設定'!$I$11 | S8: =IF(1<='設定'!$B$6,"表示","隠す")
B9: ='設定'!$I$12 | S9: =IF(2<='設定'!$B$6,"表示","隠す")
B10: ='設定'!$I$13 | S10: =IF(3<='設定'!$B$6,"表示","隠す")
B11: ='設定'!$I$14 | S11: =IF(4<='設定'!$B$6,"表示","隠す")
B12: ='設定'!$I$15 | S12: =IF(5<='設定'!$B$6,"表示","隠す")
B13: ='設定'!$I$16 | S13: =IF(6<='設定'!$B$6,"表示","隠す")
B14: ='設定'!$I$17 | S14: =IF(7<='設定'!$B$6,"表示","隠す")
B15: ='設定'!$I$18 | S15: =IF(8<='設定'!$B$6,"表示","隠す")
B16: ='設定'!$I$19 | S16: =IF(9<='設定'!$B$6,"表示","隠す")
B17: ='設定'!$I$20 | S17: =IF(10<='設定'!$B$6,"表示","隠す")
B18: ='設定'!$I$21 | S18: =IF(11<='設定'!$B$6,"表示","隠す")
B19: ='設定'!$I$22 | S19: =IF(12<='設定'!$B$6,"表示","隠す")
B20: ='設定'!$I$23 | S20: =IF(13<='設定'!$B$6,"表示","隠す")
B21: ='設定'!$I$24 | S21: =IF(14<='設定'!$B$6,"表示","隠す")
B22: ='設定'!$I$25 | S22: =IF(15<='設定'!$B$6,"表示","隠す")
B23: ='設定'!$I$26 | S23: =IF(16<='設定'!$B$6,"表示","隠す")
B24: ='設定'!$I$27 | S24: =IF(17<='設定'!$B$6,"表示","隠す")
B25: ='設定'!$I$28 | S25: =IF(18<='設定'!$B$6,"表示","隠す")
B26: ='設定'!$I$29 | S26: =IF(19<='設定'!$B$6,"表示","隠す")
B27: ='設定'!$I$30 | S27: =IF(20<='設定'!$B$6,"表示","隠す")
B28: ='設定'!$I$31 | S28: =IF(21<='設定'!$B$6,"表示","隠す")
B29: ='設定'!$I$32 | S29: =IF(22<='設定'!$B$6,"表示","隠す")
B30: ='設定'!$I$33 | S30: =IF(23<='設定'!$B$6,"表示","隠す")
B31: ='設定'!$I$34 | S31: =IF(24<='設定'!$B$6,"表示","隠す")
S32: 表示
B33: =IF('名簿'!B6="","（名簿 2行目：なし）",'名簿'!P6) | E33: 提出状況 ▶ | H33: 状況： | I33: ='名簿'!Q6 | J33: ×の数： | K33: ='名簿'!R6 | L33: =HYPERLINK("#'×入力'!B61","次の人へ ▼") | S33: 表示
A34: この日全部 ▶ | S34: 表示
A35: この時間 全部 ▼ | C35: ='設定'!$E$11 | D35: ='設定'!$E$12 | E35: ='設定'!$E$13 | F35: ='設定'!$E$14 | G35: ='設定'!$E$15 | H35: ='設定'!$E$16 | S35: 表示
B36: ='設定'!$I$11 | S36: =IF(1<='設定'!$B$6,"表示","隠す")
B37: ='設定'!$I$12 | S37: =IF(2<='設定'!$B$6,"表示","隠す")
B38: ='設定'!$I$13 | S38: =IF(3<='設定'!$B$6,"表示","隠す")
B39: ='設定'!$I$14 | S39: =IF(4<='設定'!$B$6,"表示","隠す")
B40: ='設定'!$I$15 | S40: =IF(5<='設定'!$B$6,"表示","隠す")
B41: ='設定'!$I$16 | S41: =IF(6<='設定'!$B$6,"表示","隠す")
B42: ='設定'!$I$17 | S42: =IF(7<='設定'!$B$6,"表示","隠す")
B43: ='設定'!$I$18 | S43: =IF(8<='設定'!$B$6,"表示","隠す")
B44: ='設定'!$I$19 | S44: =IF(9<='設定'!$B$6,"表示","隠す")
B45: ='設定'!$I$20 | S45: =IF(10<='設定'!$B$6,"表示","隠す")
B46: ='設定'!$I$21 | S46: =IF(11<='設定'!$B$6,"表示","隠す")
B47: ='設定'!$I$22 | S47: =IF(12<='設定'!$B$6,"表示","隠す")
B48: ='設定'!$I$23 | S48: =IF(13<='設定'!$B$6,"表示","隠す")
B49: ='設定'!$I$24 | S49: =IF(14<='設定'!$B$6,"表示","隠す")
B50: ='設定'!$I$25 | S50: =IF(15<='設定'!$B$6,"表示","隠す")
B51: ='設定'!$I$26 | S51: =IF(16<='設定'!$B$6,"表示","隠す")
B52: ='設定'!$I$27 | S52: =IF(17<='設定'!$B$6,"表示","隠す")
B53: ='設定'!$I$28 | S53: =IF(18<='設定'!$B$6,"表示","隠す")
B54: ='設定'!$I$29 | S54: =IF(19<='設定'!$B$6,"表示","隠す")
B55: ='設定'!$I$30 | S55: =IF(20<='設定'!$B$6,"表示","隠す")
B56: ='設定'!$I$31 | S56: =IF(21<='設定'!$B$6,"表示","隠す")
B57: ='設定'!$I$32 | S57: =IF(22<='設定'!$B$6,"表示","隠す")
B58: ='設定'!$I$33 | S58: =IF(23<='設定'!$B$6,"表示","隠す")
B59: ='設定'!$I$34 | S59: =IF(24<='設定'!$B$6,"表示","隠す")
S60: 表示
B61: =IF('名簿'!B7="","（名簿 3行目：なし）",'名簿'!P7) | E61: 提出状況 ▶ | H61: 状況： | I61: ='名簿'!Q7 | J61: ×の数： | K61: ='名簿'!R7 | L61: =HYPERLINK("#'×入力'!B89","次の人へ ▼") | S61: 表示
A62: この日全部 ▶ | S62: 表示
A63: この時間 全部 ▼ | C63: ='設定'!$E$11 | D63: ='設定'!$E$12 | E63: ='設定'!$E$13 | F63: ='設定'!$E$14 | G63: ='設定'!$E$15 | H63: ='設定'!$E$16 | S63: 表示
B64: ='設定'!$I$11 | S64: =IF(1<='設定'!$B$6,"表示","隠す")
B65: ='設定'!$I$12 | S65: =IF(2<='設定'!$B$6,"表示","隠す")
B66: ='設定'!$I$13 | S66: =IF(3<='設定'!$B$6,"表示","隠す")
B67: ='設定'!$I$14 | S67: =IF(4<='設定'!$B$6,"表示","隠す")
B68: ='設定'!$I$15 | S68: =IF(5<='設定'!$B$6,"表示","隠す")
B69: ='設定'!$I$16 | S69: =IF(6<='設定'!$B$6,"表示","隠す")
B70: ='設定'!$I$17 | S70: =IF(7<='設定'!$B$6,"表示","隠す")
B71: ='設定'!$I$18 | S71: =IF(8<='設定'!$B$6,"表示","隠す")
B72: ='設定'!$I$19 | S72: =IF(9<='設定'!$B$6,"表示","隠す")
B73: ='設定'!$I$20 | S73: =IF(10<='設定'!$B$6,"表示","隠す")
B74: ='設定'!$I$21 | S74: =IF(11<='設定'!$B$6,"表示","隠す")
B75: ='設定'!$I$22 | S75: =IF(12<='設定'!$B$6,"表示","隠す")
B76: ='設定'!$I$23 | S76: =IF(13<='設定'!$B$6,"表示","隠す")
B77: ='設定'!$I$24 | S77: =IF(14<='設定'!$B$6,"表示","隠す")
B78: ='設定'!$I$25 | S78: =IF(15<='設定'!$B$6,"表示","隠す")
B79: ='設定'!$I$26 | S79: =IF(16<='設定'!$B$6,"表示","隠す")
B80: ='設定'!$I$27 | S80: =IF(17<='設定'!$B$6,"表示","隠す")
B81: ='設定'!$I$28 | S81: =IF(18<='設定'!$B$6,"表示","隠す")
B82: ='設定'!$I$29 | S82: =IF(19<='設定'!$B$6,"表示","隠す")
B83: ='設定'!$I$30 | S83: =IF(20<='設定'!$B$6,"表示","隠す")
B84: ='設定'!$I$31 | S84: =IF(21<='設定'!$B$6,"表示","隠す")
B85: ='設定'!$I$32 | S85: =IF(22<='設定'!$B$6,"表示","隠す")
B86: ='設定'!$I$33 | S86: =IF(23<='設定'!$B$6,"表示","隠す")
B87: ='設定'!$I$34 | S87: =IF(24<='設定'!$B$6,"表示","隠す")
S88: 表示
B89: =IF('名簿'!B8="","（名簿 4行目：なし）",'名簿'!P8) | E89: 提出状況 ▶ | H89: 状況： | I89: ='名簿'!Q8 | J89: ×の数： | K89: ='名簿'!R8 | L89: =HYPERLINK("#'×入力'!B117","次の人へ ▼") | S89: 表示
A90: この日全部 ▶ | S90: 表示
A91: この時間 全部 ▼ | C91: ='設定'!$E$11 | D91: ='設定'!$E$12 | E91: ='設定'!$E$13 | F91: ='設定'!$E$14 | G91: ='設定'!$E$15 | H91: ='設定'!$E$16 | S91: 表示
B92: ='設定'!$I$11 | S92: =IF(1<='設定'!$B$6,"表示","隠す")
B93: ='設定'!$I$12 | S93: =IF(2<='設定'!$B$6,"表示","隠す")
B94: ='設定'!$I$13 | S94: =IF(3<='設定'!$B$6,"表示","隠す")
B95: ='設定'!$I$14 | S95: =IF(4<='設定'!$B$6,"表示","隠す")
B96: ='設定'!$I$15 | S96: =IF(5<='設定'!$B$6,"表示","隠す")
B97: ='設定'!$I$16 | S97: =IF(6<='設定'!$B$6,"表示","隠す")
B98: ='設定'!$I$17 | S98: =IF(7<='設定'!$B$6,"表示","隠す")
B99: ='設定'!$I$18 | S99: =IF(8<='設定'!$B$6,"表示","隠す")
B100: ='設定'!$I$19 | S100: =IF(9<='設定'!$B$6,"表示","隠す")
...

Sheet 自動案A
B1: 自動案A（詰める） | E1: =HYPERLINK("#'ホーム'!A1","ホーム") | F1: =HYPERLINK("#'設定'!A1","① 設定") | G1: =HYPERLINK("#'名簿'!A1","② 名簿") | H1: =HYPERLINK("#'×入力'!A1","③ ×入力") | L1: =HYPERLINK("#'自動案A'!A1","④ 自動案A") | M1: =HYPERLINK("#'自動案B'!A1","④ 自動案B") | N1: =HYPERLINK("#'調整・決定'!A1","⑤ 調整・決定") | O1: =HYPERLINK("#'兄弟確認用'!A1","⑥ 兄弟確認") | P1: =HYPERLINK("#'お手紙（夏）'!A1","⑦ お手紙 夏") | Q1: =HYPERLINK("#'お手紙（秋）'!A1","⑧ お手紙 秋")
B2: 入れられる枠が少ない家庭から順に、設定の「詰め方」で詰めて組んだ案です。緑が新しく入った人。よければ表をコピーし（名前ボックスで「自動案Aの表」）、「調整・決定」の表の左上に［値の貼り付け］をします。
C3: 新しく入った人 | D3: 後ろを空ける枠 | E3: なるべく空ける日・休憩 | F3: 先生の都合で使えない | J3: 集まった分で自動案を作るときは ▶ ここを「自動案を出す」に | K3: 止める（×の入力中）
C4: =IF('自動案A'!$K$3="自動案を出す","⚠ 「調整・決定」に入れた人は、自動案では動きません（その枠に固定されます）。自動案は、まだ入れていない人だけで作り直されます。全部作り直したいときは、「調整・決定」の表の名前を消してください。","⏸ いまは自動案を止めています（×の入力が軽くなります）。集まっている分で自動案を作るときは、右上の黄色い欄を「自動案を出す」に変えてください。あとから届いた分も、×を入れれば作り直されます。")
C5: ='設定'!$E$11 | D5: ='設定'!$E$12 | E5: ='設定'!$E$13 | F5: ='設定'!$E$14 | G5: ='設定'!$E$15 | H5: ='設定'!$E$16 | J5: 決定済み（調整・決定シート） | K5: =SUMPRODUCT(('調整・決定'!$C$6:$H$29<>"")*1)&" 人"
B6: ='設定'!$I$11 | C6: =IF('計算A'!D$4=0,"",IF('調整・決定'!C6<>"",'調整・決定'!C6,IFERROR(INDEX('名簿'!$P$5:$P$49,INDEX('計算B'!$B$3:$B$47,MATCH(1,'計算B'!$C$3:$C$47,0))),""))) | D6: =IF('計算A'!AB$4=0,"",IF('調整・決定'!D6<>"",'調整・決定'!D6,IFERROR(INDEX('名簿'!$P$5:$P$49,INDEX('計算B'!$B$3:$B$47,MATCH(25,'計算B'!$C$3:$C$47,0))),""))) | E6: =IF('計算A'!AZ$4=0,"",IF('調整・決定'!E6<>"",'調整・決定'!E6,IFERROR(INDEX('名簿'!$P$5:$P$49,INDEX('計算B'!$B$3:$B$47,MATCH(49,'計算B'!$C$3:$C$47,0))),""))) | F6: =IF('計算A'!BX$4=0,"",IF('調整・決定'!F6<>"",'調整・決定'!F6,IFERROR(INDEX('名簿'!$P$5:$P$49,INDEX('計算B'!$B$3:$B$47,MATCH(73,'計算B'!$C$3:$C$47,0))),""))) | G6: =IF('計算A'!CV$4=0,"",IF('調整・決定'!G6<>"",'調整・決定'!G6,IFERROR(INDEX('名簿'!$P$5:$P$49,INDEX('計算B'!$B$3:$B$47,MATCH(97,'計算B'!$C$3:$C$47,0))),""))) | H6: =IF('計算A'!DT$4=0,"",IF('調整・決定'!H6<>"",'調整・決定'!H6,IFERROR(INDEX('名簿'!$P$5:$P$49,INDEX('計算B'!$B$3:$B$47,MATCH(121,'計算B'!$C$3:$C$47,0))),""))) | J6: 自動で新しく入った | K6: =SUMPRODUCT(('計算B'!$B$3:$B$47>0)*('計算B'!$C$3:$C$47>0))&" 人"
B7: ='設定'!$I$12 | C7: =IF('計算A'!E$4=0,"",IF('調整・決定'!C7<>"",'調整・決定'!C7,IFERROR(INDEX('名簿'!$P$5:$P$49,INDEX('計算B'!$B$3:$B$47,MATCH(2,'計算B'!$C$3:$C$47,0))),""))) | D7: =IF('計算A'!AC$4=0,"",IF('調整・決定'!D7<>"",'調整・決定'!D7,IFERROR(INDEX('名簿'!$P$5:$P$49,INDEX('計算B'!$B$3:$B$47,MATCH(26,'計算B'!$C$3:$C$47,0))),""))) | E7: =IF('計算A'!BA$4=0,"",IF('調整・決定'!E7<>"",'調整・決定'!E7,IFERROR(INDEX('名簿'!$P$5:$P$49,INDEX('計算B'!$B$3:$B$47,MATCH(50,'計算B'!$C$3:$C$47,0))),""))) | F7: =IF('計算A'!BY$4=0,"",IF('調整・決定'!F7<>"",'調整・決定'!F7,IFERROR(INDEX('名簿'!$P$5:$P$49,INDEX('計算B'!$B$3:$B$47,MATCH(74,'計算B'!$C$3:$C$47,0))),""))) | G7: =IF('計算A'!CW$4=0,"",IF('調整・決定'!G7<>"",'調整・決定'!G7,IFERROR(INDEX('名簿'!$P$5:$P$49,INDEX('計算B'!$B$3:$B$47,MATCH(98,'計算B'!$C$3:$C$47,0))),""))) | H7: =IF('計算A'!DU$4=0,"",IF('調整・決定'!H7<>"",'調整・決定'!H7,IFERROR(INDEX('名簿'!$P$5:$P$49,INDEX('計算B'!$B$3:$B$47,MATCH(122,'計算B'!$C$3:$C$47,0))),"")))
B8: ='設定'!$I$13 | C8: =IF('計算A'!F$4=0,"",IF('調整・決定'!C8<>"",'調整・決定'!C8,IFERROR(INDEX('名簿'!$P$5:$P$49,INDEX('計算B'!$B$3:$B$47,MATCH(3,'計算B'!$C$3:$C$47,0))),""))) | D8: =IF('計算A'!AD$4=0,"",IF('調整・決定'!D8<>"",'調整・決定'!D8,IFERROR(INDEX('名簿'!$P$5:$P$49,INDEX('計算B'!$B$3:$B$47,MATCH(27,'計算B'!$C$3:$C$47,0))),""))) | E8: =IF('計算A'!BB$4=0,"",IF('調整・決定'!E8<>"",'調整・決定'!E8,IFERROR(INDEX('名簿'!$P$5:$P$49,INDEX('計算B'!$B$3:$B$47,MATCH(51,'計算B'!$C$3:$C$47,0))),""))) | F8: =IF('計算A'!BZ$4=0,"",IF('調整・決定'!F8<>"",'調整・決定'!F8,IFERROR(INDEX('名簿'!$P$5:$P$49,INDEX('計算B'!$B$3:$B$47,MATCH(75,'計算B'!$C$3:$C$47,0))),""))) | G8: =IF('計算A'!CX$4=0,"",IF('調整・決定'!G8<>"",'調整・決定'!G8,IFERROR(INDEX('名簿'!$P$5:$P$49,INDEX('計算B'!$B$3:$B$47,MATCH(99,'計算B'!$C$3:$C$47,0))),""))) | H8: =IF('計算A'!DV$4=0,"",IF('調整・決定'!H8<>"",'調整・決定'!H8,IFERROR(INDEX('名簿'!$P$5:$P$49,INDEX('計算B'!$B$3:$B$47,MATCH(123,'計算B'!$C$3:$C$47,0))),""))) | J8: 入る枠がない（×・必ず空けたい） | K8: {=_xlfn.TEXTJOIN("、",TRUE,IF('計算A'!$IL$10:$IL$54=1,'計算A'!$B$10:$B$54,""))}
B9: ='設定'!$I$14 | C9: =IF('計算A'!G$4=0,"",IF('調整・決定'!C9<>"",'調整・決定'!C9,IFERROR(INDEX('名簿'!$P$5:$P$49,INDEX('計算B'!$B$3:$B$47,MATCH(4,'計算B'!$C$3:$C$47,0))),""))) | D9: =IF('計算A'!AE$4=0,"",IF('調整・決定'!D9<>"",'調整・決定'!D9,IFERROR(INDEX('名簿'!$P$5:$P$49,INDEX('計算B'!$B$3:$B$47,MATCH(28,'計算B'!$C$3:$C$47,0))),""))) | E9: =IF('計算A'!BC$4=0,"",IF('調整・決定'!E9<>"",'調整・決定'!E9,IFERROR(INDEX('名簿'!$P$5:$P$49,INDEX('計算B'!$B$3:$B$47,MATCH(52,'計算B'!$C$3:$C$47,0))),""))) | F9: =IF('計算A'!CA$4=0,"",IF('調整・決定'!F9<>"",'調整・決定'!F9,IFERROR(INDEX('名簿'!$P$5:$P$49,INDEX('計算B'!$B$3:$B$47,MATCH(76,'計算B'!$C$3:$C$47,0))),""))) | G9: =IF('計算A'!CY$4=0,"",IF('調整・決定'!G9<>"",'調整・決定'!G9,IFERROR(INDEX('名簿'!$P$5:$P$49,INDEX('計算B'!$B$3:$B$47,MATCH(100,'計算B'!$C$3:$C$47,0))),""))) | H9: =IF('計算A'!DW$4=0,"",IF('調整・決定'!H9<>"",'調整・決定'!H9,IFERROR(INDEX('名簿'!$P$5:$P$49,INDEX('計算B'!$B$3:$B$47,MATCH(124,'計算B'!$C$3:$C$47,0))),"")))
B10: ='設定'!$I$15 | C10: =IF('計算A'!H$4=0,"",IF('調整・決定'!C10<>"",'調整・決定'!C10,IFERROR(INDEX('名簿'!$P$5:$P$49,INDEX('計算B'!$B$3:$B$47,MATCH(5,'計算B'!$C$3:$C$47,0))),""))) | D10: =IF('計算A'!AF$4=0,"",IF('調整・決定'!D10<>"",'調整・決定'!D10,IFERROR(INDEX('名簿'!$P$5:$P$49,INDEX('計算B'!$B$3:$B$47,MATCH(29,'計算B'!$C$3:$C$47,0))),""))) | E10: =IF('計算A'!BD$4=0,"",IF('調整・決定'!E10<>"",'調整・決定'!E10,IFERROR(INDEX('名簿'!$P$5:$P$49,INDEX('計算B'!$B$3:$B$47,MATCH(53,'計算B'!$C$3:$C$47,0))),""))) | F10: =IF('計算A'!CB$4=0,"",IF('調整・決定'!F10<>"",'調整・決定'!F10,IFERROR(INDEX('名簿'!$P$5:$P$49,INDEX('計算B'!$B$3:$B$47,MATCH(77,'計算B'!$C$3:$C$47,0))),""))) | G10: =IF('計算A'!CZ$4=0,"",IF('調整・決定'!G10<>"",'調整・決定'!G10,IFERROR(INDEX('名簿'!$P$5:$P$49,INDEX('計算B'!$B$3:$B$47,MATCH(101,'計算B'!$C$3:$C$47,0))),""))) | H10: =IF('計算A'!DX$4=0,"",IF('調整・決定'!H10<>"",'調整・決定'!H10,IFERROR(INDEX('名簿'!$P$5:$P$49,INDEX('計算B'!$B$3:$B$47,MATCH(125,'計算B'!$C$3:$C$47,0))),""))) | J10: 未入力・未提出で外した | K10: {=_xlfn.TEXTJOIN("、",TRUE,IF((('名簿'!$Q$5:$Q$49="未入力")+('名簿'!$Q$5:$Q$49="未提出"))*('計算A'!$IO$10:$IO$54=0),'名簿'!$P$5:$P$49,""))}
B11: ='設定'!$I$16 | C11: =IF('計算A'!I$4=0,"",IF('調整・決定'!C11<>"",'調整・決定'!C11,IFERROR(INDEX('名簿'!$P$5:$P$49,INDEX('計算B'!$B$3:$B$47,MATCH(6,'計算B'!$C$3:$C$47,0))),""))) | D11: =IF('計算A'!AG$4=0,"",IF('調整・決定'!D11<>"",'調整・決定'!D11,IFERROR(INDEX('名簿'!$P$5:$P$49,INDEX('計算B'!$B$3:$B$47,MATCH(30,'計算B'!$C$3:$C$47,0))),""))) | E11: =IF('計算A'!BE$4=0,"",IF('調整・決定'!E11<>"",'調整・決定'!E11,IFERROR(INDEX('名簿'!$P$5:$P$49,INDEX('計算B'!$B$3:$B$47,MATCH(54,'計算B'!$C$3:$C$47,0))),""))) | F11: =IF('計算A'!CC$4=0,"",IF('調整・決定'!F11<>"",'調整・決定'!F11,IFERROR(INDEX('名簿'!$P$5:$P$49,INDEX('計算B'!$B$3:$B$47,MATCH(78,'計算B'!$C$3:$C$47,0))),""))) | G11: =IF('計算A'!DA$4=0,"",IF('調整・決定'!G11<>"",'調整・決定'!G11,IFERROR(INDEX('名簿'!$P$5:$P$49,INDEX('計算B'!$B$3:$B$47,MATCH(102,'計算B'!$C$3:$C$47,0))),""))) | H11: =IF('計算A'!DY$4=0,"",IF('調整・決定'!H11<>"",'調整・決定'!H11,IFERROR(INDEX('名簿'!$P$5:$P$49,INDEX('計算B'!$B$3:$B$47,MATCH(126,'計算B'!$C$3:$C$47,0))),"")))
B12: ='設定'!$I$17 | C12: =IF('計算A'!J$4=0,"",IF('調整・決定'!C12<>"",'調整・決定'!C12,IFERROR(INDEX('名簿'!$P$5:$P$49,INDEX('計算B'!$B$3:$B$47,MATCH(7,'計算B'!$C$3:$C$47,0))),""))) | D12: =IF('計算A'!AH$4=0,"",IF('調整・決定'!D12<>"",'調整・決定'!D12,IFERROR(INDEX('名簿'!$P$5:$P$49,INDEX('計算B'!$B$3:$B$47,MATCH(31,'計算B'!$C$3:$C$47,0))),""))) | E12: =IF('計算A'!BF$4=0,"",IF('調整・決定'!E12<>"",'調整・決定'!E12,IFERROR(INDEX('名簿'!$P$5:$P$49,INDEX('計算B'!$B$3:$B$47,MATCH(55,'計算B'!$C$3:$C$47,0))),""))) | F12: =IF('計算A'!CD$4=0,"",IF('調整・決定'!F12<>"",'調整・決定'!F12,IFERROR(INDEX('名簿'!$P$5:$P$49,INDEX('計算B'!$B$3:$B$47,MATCH(79,'計算B'!$C$3:$C$47,0))),""))) | G12: =IF('計算A'!DB$4=0,"",IF('調整・決定'!G12<>"",'調整・決定'!G12,IFERROR(INDEX('名簿'!$P$5:$P$49,INDEX('計算B'!$B$3:$B$47,MATCH(103,'計算B'!$C$3:$C$47,0))),""))) | H12: =IF('計算A'!DZ$4=0,"",IF('調整・決定'!H12<>"",'調整・決定'!H12,IFERROR(INDEX('名簿'!$P$5:$P$49,INDEX('計算B'!$B$3:$B$47,MATCH(127,'計算B'!$C$3:$C$47,0))),""))) | J12: なるべく空けたい枠を使った | K12: =SUM('計算B'!$D$3:$D$47)&" 枠"
B13: ='設定'!$I$18 | C13: =IF('計算A'!K$4=0,"",IF('調整・決定'!C13<>"",'調整・決定'!C13,IFERROR(INDEX('名簿'!$P$5:$P$49,INDEX('計算B'!$B$3:$B$47,MATCH(8,'計算B'!$C$3:$C$47,0))),""))) | D13: =IF('計算A'!AI$4=0,"",IF('調整・決定'!D13<>"",'調整・決定'!D13,IFERROR(INDEX('名簿'!$P$5:$P$49,INDEX('計算B'!$B$3:$B$47,MATCH(32,'計算B'!$C$3:$C$47,0))),""))) | E13: =IF('計算A'!BG$4=0,"",IF('調整・決定'!E13<>"",'調整・決定'!E13,IFERROR(INDEX('名簿'!$P$5:$P$49,INDEX('計算B'!$B$3:$B$47,MATCH(56,'計算B'!$C$3:$C$47,0))),""))) | F13: =IF('計算A'!CE$4=0,"",IF('調整・決定'!F13<>"",'調整・決定'!F13,IFERROR(INDEX('名簿'!$P$5:$P$49,INDEX('計算B'!$B$3:$B$47,MATCH(80,'計算B'!$C$3:$C$47,0))),""))) | G13: =IF('計算A'!DC$4=0,"",IF('調整・決定'!G13<>"",'調整・決定'!G13,IFERROR(INDEX('名簿'!$P$5:$P$49,INDEX('計算B'!$B$3:$B$47,MATCH(104,'計算B'!$C$3:$C$47,0))),""))) | H13: =IF('計算A'!EA$4=0,"",IF('調整・決定'!H13<>"",'調整・決定'!H13,IFERROR(INDEX('名簿'!$P$5:$P$49,INDEX('計算B'!$B$3:$B$47,MATCH(128,'計算B'!$C$3:$C$47,0))),""))) | J13: 日ごとの人数
B14: ='設定'!$I$19 | C14: =IF('計算A'!L$4=0,"",IF('調整・決定'!C14<>"",'調整・決定'!C14,IFERROR(INDEX('名簿'!$P$5:$P$49,INDEX('計算B'!$B$3:$B$47,MATCH(9,'計算B'!$C$3:$C$47,0))),""))) | D14: =IF('計算A'!AJ$4=0,"",IF('調整・決定'!D14<>"",'調整・決定'!D14,IFERROR(INDEX('名簿'!$P$5:$P$49,INDEX('計算B'!$B$3:$B$47,MATCH(33,'計算B'!$C$3:$C$47,0))),""))) | E14: =IF('計算A'!BH$4=0,"",IF('調整・決定'!E14<>"",'調整・決定'!E14,IFERROR(INDEX('名簿'!$P$5:$P$49,INDEX('計算B'!$B$3:$B$47,MATCH(57,'計算B'!$C$3:$C$47,0))),""))) | F14: =IF('計算A'!CF$4=0,"",IF('調整・決定'!F14<>"",'調整・決定'!F14,IFERROR(INDEX('名簿'!$P$5:$P$49,INDEX('計算B'!$B$3:$B$47,MATCH(81,'計算B'!$C$3:$C$47,0))),""))) | G14: =IF('計算A'!DD$4=0,"",IF('調整・決定'!G14<>"",'調整・決定'!G14,IFERROR(INDEX('名簿'!$P$5:$P$49,INDEX('計算B'!$B$3:$B$47,MATCH(105,'計算B'!$C$3:$C$47,0))),""))) | H14: =IF('計算A'!EB$4=0,"",IF('調整・決定'!H14<>"",'調整・決定'!H14,IFERROR(INDEX('名簿'!$P$5:$P$49,INDEX('計算B'!$B$3:$B$47,MATCH(129,'計算B'!$C$3:$C$47,0))),""))) | J14: =IF('設定'!$E$11="","",'設定'!$E$11) | K14: =IF(J14="","",COUNTIF(C6:C29,"?*")&" 人")
B15: ='設定'!$I$20 | C15: =IF('計算A'!M$4=0,"",IF('調整・決定'!C15<>"",'調整・決定'!C15,IFERROR(INDEX('名簿'!$P$5:$P$49,INDEX('計算B'!$B$3:$B$47,MATCH(10,'計算B'!$C$3:$C$47,0))),""))) | D15: =IF('計算A'!AK$4=0,"",IF('調整・決定'!D15<>"",'調整・決定'!D15,IFERROR(INDEX('名簿'!$P$5:$P$49,INDEX('計算B'!$B$3:$B$47,MATCH(34,'計算B'!$C$3:$C$47,0))),""))) | E15: =IF('計算A'!BI$4=0,"",IF('調整・決定'!E15<>"",'調整・決定'!E15,IFERROR(INDEX('名簿'!$P$5:$P$49,INDEX('計算B'!$B$3:$B$47,MATCH(58,'計算B'!$C$3:$C$47,0))),""))) | F15: =IF('計算A'!CG$4=0,"",IF('調整・決定'!F15<>"",'調整・決定'!F15,IFERROR(INDEX('名簿'!$P$5:$P$49,INDEX('計算B'!$B$3:$B$47,MATCH(82,'計算B'!$C$3:$C$47,0))),""))) | G15: =IF('計算A'!DE$4=0,"",IF('調整・決定'!G15<>"",'調整・決定'!G15,IFERROR(INDEX('名簿'!$P$5:$P$49,INDEX('計算B'!$B$3:$B$47,MATCH(106,'計算B'!$C$3:$C$47,0))),""))) | H15: =IF('計算A'!EC$4=0,"",IF('調整・決定'!H15<>"",'調整・決定'!H15,IFERROR(INDEX('名簿'!$P$5:$P$49,INDEX('計算B'!$B$3:$B$47,MATCH(130,'計算B'!$C$3:$C$47,0))),""))) | J15: =IF('設定'!$E$12="","",'設定'!$E$12) | K15: =IF(J15="","",COUNTIF(D6:D29,"?*")&" 人")
B16: ='設定'!$I$21 | C16: =IF('計算A'!N$4=0,"",IF('調整・決定'!C16<>"",'調整・決定'!C16,IFERROR(INDEX('名簿'!$P$5:$P$49,INDEX('計算B'!$B$3:$B$47,MATCH(11,'計算B'!$C$3:$C$47,0))),""))) | D16: =IF('計算A'!AL$4=0,"",IF('調整・決定'!D16<>"",'調整・決定'!D16,IFERROR(INDEX('名簿'!$P$5:$P$49,INDEX('計算B'!$B$3:$B$47,MATCH(35,'計算B'!$C$3:$C$47,0))),""))) | E16: =IF('計算A'!BJ$4=0,"",IF('調整・決定'!E16<>"",'調整・決定'!E16,IFERROR(INDEX('名簿'!$P$5:$P$49,INDEX('計算B'!$B$3:$B$47,MATCH(59,'計算B'!$C$3:$C$47,0))),""))) | F16: =IF('計算A'!CH$4=0,"",IF('調整・決定'!F16<>"",'調整・決定'!F16,IFERROR(INDEX('名簿'!$P$5:$P$49,INDEX('計算B'!$B$3:$B$47,MATCH(83,'計算B'!$C$3:$C$47,0))),""))) | G16: =IF('計算A'!DF$4=0,"",IF('調整・決定'!G16<>"",'調整・決定'!G16,IFERROR(INDEX('名簿'!$P$5:$P$49,INDEX('計算B'!$B$3:$B$47,MATCH(107,'計算B'!$C$3:$C$47,0))),""))) | H16: =IF('計算A'!ED$4=0,"",IF('調整・決定'!H16<>"",'調整・決定'!H16,IFERROR(INDEX('名簿'!$P$5:$P$49,INDEX('計算B'!$B$3:$B$47,MATCH(131,'計算B'!$C$3:$C$47,0))),""))) | J16: =IF('設定'!$E$13="","",'設定'!$E$13) | K16: =IF(J16="","",COUNTIF(E6:E29,"?*")&" 人")
B17: ='設定'!$I$22 | C17: =IF('計算A'!O$4=0,"",IF('調整・決定'!C17<>"",'調整・決定'!C17,IFERROR(INDEX('名簿'!$P$5:$P$49,INDEX('計算B'!$B$3:$B$47,MATCH(12,'計算B'!$C$3:$C$47,0))),""))) | D17: =IF('計算A'!AM$4=0,"",IF('調整・決定'!D17<>"",'調整・決定'!D17,IFERROR(INDEX('名簿'!$P$5:$P$49,INDEX('計算B'!$B$3:$B$47,MATCH(36,'計算B'!$C$3:$C$47,0))),""))) | E17: =IF('計算A'!BK$4=0,"",IF('調整・決定'!E17<>"",'調整・決定'!E17,IFERROR(INDEX('名簿'!$P$5:$P$49,INDEX('計算B'!$B$3:$B$47,MATCH(60,'計算B'!$C$3:$C$47,0))),""))) | F17: =IF('計算A'!CI$4=0,"",IF('調整・決定'!F17<>"",'調整・決定'!F17,IFERROR(INDEX('名簿'!$P$5:$P$49,INDEX('計算B'!$B$3:$B$47,MATCH(84,'計算B'!$C$3:$C$47,0))),""))) | G17: =IF('計算A'!DG$4=0,"",IF('調整・決定'!G17<>"",'調整・決定'!G17,IFERROR(INDEX('名簿'!$P$5:$P$49,INDEX('計算B'!$B$3:$B$47,MATCH(108,'計算B'!$C$3:$C$47,0))),""))) | H17: =IF('計算A'!EE$4=0,"",IF('調整・決定'!H17<>"",'調整・決定'!H17,IFERROR(INDEX('名簿'!$P$5:$P$49,INDEX('計算B'!$B$3:$B$47,MATCH(132,'計算B'!$C$3:$C$47,0))),""))) | J17: =IF('設定'!$E$14="","",'設定'!$E$14) | K17: =IF(J17="","",COUNTIF(F6:F29,"?*")&" 人")
B18: ='設定'!$I$23 | C18: =IF('計算A'!P$4=0,"",IF('調整・決定'!C18<>"",'調整・決定'!C18,IFERROR(INDEX('名簿'!$P$5:$P$49,INDEX('計算B'!$B$3:$B$47,MATCH(13,'計算B'!$C$3:$C$47,0))),""))) | D18: =IF('計算A'!AN$4=0,"",IF('調整・決定'!D18<>"",'調整・決定'!D18,IFERROR(INDEX('名簿'!$P$5:$P$49,INDEX('計算B'!$B$3:$B$47,MATCH(37,'計算B'!$C$3:$C$47,0))),""))) | E18: =IF('計算A'!BL$4=0,"",IF('調整・決定'!E18<>"",'調整・決定'!E18,IFERROR(INDEX('名簿'!$P$5:$P$49,INDEX('計算B'!$B$3:$B$47,MATCH(61,'計算B'!$C$3:$C$47,0))),""))) | F18: =IF('計算A'!CJ$4=0,"",IF('調整・決定'!F18<>"",'調整・決定'!F18,IFERROR(INDEX('名簿'!$P$5:$P$49,INDEX('計算B'!$B$3:$B$47,MATCH(85,'計算B'!$C$3:$C$47,0))),""))) | G18: =IF('計算A'!DH$4=0,"",IF('調整・決定'!G18<>"",'調整・決定'!G18,IFERROR(INDEX('名簿'!$P$5:$P$49,INDEX('計算B'!$B$3:$B$47,MATCH(109,'計算B'!$C$3:$C$47,0))),""))) | H18: =IF('計算A'!EF$4=0,"",IF('調整・決定'!H18<>"",'調整・決定'!H18,IFERROR(INDEX('名簿'!$P$5:$P$49,INDEX('計算B'!$B$3:$B$47,MATCH(133,'計算B'!$C$3:$C$47,0))),""))) | J18: =IF('設定'!$E$15="","",'設定'!$E$15) | K18: =IF(J18="","",COUNTIF(G6:G29,"?*")&" 人")
B19: ='設定'!$I$24 | C19: =IF('計算A'!Q$4=0,"",IF('調整・決定'!C19<>"",'調整・決定'!C19,IFERROR(INDEX('名簿'!$P$5:$P$49,INDEX('計算B'!$B$3:$B$47,MATCH(14,'計算B'!$C$3:$C$47,0))),""))) | D19: =IF('計算A'!AO$4=0,"",IF('調整・決定'!D19<>"",'調整・決定'!D19,IFERROR(INDEX('名簿'!$P$5:$P$49,INDEX('計算B'!$B$3:$B$47,MATCH(38,'計算B'!$C$3:$C$47,0))),""))) | E19: =IF('計算A'!BM$4=0,"",IF('調整・決定'!E19<>"",'調整・決定'!E19,IFERROR(INDEX('名簿'!$P$5:$P$49,INDEX('計算B'!$B$3:$B$47,MATCH(62,'計算B'!$C$3:$C$47,0))),""))) | F19: =IF('計算A'!CK$4=0,"",IF('調整・決定'!F19<>"",'調整・決定'!F19,IFERROR(INDEX('名簿'!$P$5:$P$49,INDEX('計算B'!$B$3:$B$47,MATCH(86,'計算B'!$C$3:$C$47,0))),""))) | G19: =IF('計算A'!DI$4=0,"",IF('調整・決定'!G19<>"",'調整・決定'!G19,IFERROR(INDEX('名簿'!$P$5:$P$49,INDEX('計算B'!$B$3:$B$47,MATCH(110,'計算B'!$C$3:$C$47,0))),""))) | H19: =IF('計算A'!EG$4=0,"",IF('調整・決定'!H19<>"",'調整・決定'!H19,IFERROR(INDEX('名簿'!$P$5:$P$49,INDEX('計算B'!$B$3:$B$47,MATCH(134,'計算B'!$C$3:$C$47,0))),""))) | J19: =IF('設定'!$E$16="","",'設定'!$E$16) | K19: =IF(J19="","",COUNTIF(H6:H29,"?*")&" 人")
B20: ='設定'!$I$25 | C20: =IF('計算A'!R$4=0,"",IF('調整・決定'!C20<>"",'調整・決定'!C20,IFERROR(INDEX('名簿'!$P$5:$P$49,INDEX('計算B'!$B$3:$B$47,MATCH(15,'計算B'!$C$3:$C$47,0))),""))) | D20: =IF('計算A'!AP$4=0,"",IF('調整・決定'!D20<>"",'調整・決定'!D20,IFERROR(INDEX('名簿'!$P$5:$P$49,INDEX('計算B'!$B$3:$B$47,MATCH(39,'計算B'!$C$3:$C$47,0))),""))) | E20: =IF('計算A'!BN$4=0,"",IF('調整・決定'!E20<>"",'調整・決定'!E20,IFERROR(INDEX('名簿'!$P$5:$P$49,INDEX('計算B'!$B$3:$B$47,MATCH(63,'計算B'!$C$3:$C$47,0))),""))) | F20: =IF('計算A'!CL$4=0,"",IF('調整・決定'!F20<>"",'調整・決定'!F20,IFERROR(INDEX('名簿'!$P$5:$P$49,INDEX('計算B'!$B$3:$B$47,MATCH(87,'計算B'!$C$3:$C$47,0))),""))) | G20: =IF('計算A'!DJ$4=0,"",IF('調整・決定'!G20<>"",'調整・決定'!G20,IFERROR(INDEX('名簿'!$P$5:$P$49,INDEX('計算B'!$B$3:$B$47,MATCH(111,'計算B'!$C$3:$C$47,0))),""))) | H20: =IF('計算A'!EH$4=0,"",IF('調整・決定'!H20<>"",'調整・決定'!H20,IFERROR(INDEX('名簿'!$P$5:$P$49,INDEX('計算B'!$B$3:$B$47,MATCH(135,'計算B'!$C$3:$C$47,0))),"")))
B21: ='設定'!$I$26 | C21: =IF('計算A'!S$4=0,"",IF('調整・決定'!C21<>"",'調整・決定'!C21,IFERROR(INDEX('名簿'!$P$5:$P$49,INDEX('計算B'!$B$3:$B$47,MATCH(16,'計算B'!$C$3:$C$47,0))),""))) | D21: =IF('計算A'!AQ$4=0,"",IF('調整・決定'!D21<>"",'調整・決定'!D21,IFERROR(INDEX('名簿'!$P$5:$P$49,INDEX('計算B'!$B$3:$B$47,MATCH(40,'計算B'!$C$3:$C$47,0))),""))) | E21: =IF('計算A'!BO$4=0,"",IF('調整・決定'!E21<>"",'調整・決定'!E21,IFERROR(INDEX('名簿'!$P$5:$P$49,INDEX('計算B'!$B$3:$B$47,MATCH(64,'計算B'!$C$3:$C$47,0))),""))) | F21: =IF('計算A'!CM$4=0,"",IF('調整・決定'!F21<>"",'調整・決定'!F21,IFERROR(INDEX('名簿'!$P$5:$P$49,INDEX('計算B'!$B$3:$B$47,MATCH(88,'計算B'!$C$3:$C$47,0))),""))) | G21: =IF('計算A'!DK$4=0,"",IF('調整・決定'!G21<>"",'調整・決定'!G21,IFERROR(INDEX('名簿'!$P$5:$P$49,INDEX('計算B'!$B$3:$B$47,MATCH(112,'計算B'!$C$3:$C$47,0))),""))) | H21: =IF('計算A'!EI$4=0,"",IF('調整・決定'!H21<>"",'調整・決定'!H21,IFERROR(INDEX('名簿'!$P$5:$P$49,INDEX('計算B'!$B$3:$B$47,MATCH(136,'計算B'!$C$3:$C$47,0))),""))) | J21: 「調整・決定」への貼り付けかた
B22: ='設定'!$I$27 | C22: =IF('計算A'!T$4=0,"",IF('調整・決定'!C22<>"",'調整・決定'!C22,IFERROR(INDEX('名簿'!$P$5:$P$49,INDEX('計算B'!$B$3:$B$47,MATCH(17,'計算B'!$C$3:$C$47,0))),""))) | D22: =IF('計算A'!AR$4=0,"",IF('調整・決定'!D22<>"",'調整・決定'!D22,IFERROR(INDEX('名簿'!$P$5:$P$49,INDEX('計算B'!$B$3:$B$47,MATCH(41,'計算B'!$C$3:$C$47,0))),""))) | E22: =IF('計算A'!BP$4=0,"",IF('調整・決定'!E22<>"",'調整・決定'!E22,IFERROR(INDEX('名簿'!$P$5:$P$49,INDEX('計算B'!$B$3:$B$47,MATCH(65,'計算B'!$C$3:$C$47,0))),""))) | F22: =IF('計算A'!CN$4=0,"",IF('調整・決定'!F22<>"",'調整・決定'!F22,IFERROR(INDEX('名簿'!$P$5:$P$49,INDEX('計算B'!$B$3:$B$47,MATCH(89,'計算B'!$C$3:$C$47,0))),""))) | G22: =IF('計算A'!DL$4=0,"",IF('調整・決定'!G22<>"",'調整・決定'!G22,IFERROR(INDEX('名簿'!$P$5:$P$49,INDEX('計算B'!$B$3:$B$47,MATCH(113,'計算B'!$C$3:$C$47,0))),""))) | H22: =IF('計算A'!EJ$4=0,"",IF('調整・決定'!H22<>"",'調整・決定'!H22,IFERROR(INDEX('名簿'!$P$5:$P$49,INDEX('計算B'!$B$3:$B$47,MATCH(137,'計算B'!$C$3:$C$47,0))),""))) | J22: ① 自動案の表を選んで Ctrl + C（名前ボックスで「自動案Aの表」などを選ぶと全体を選べます）
B23: ='設定'!$I$28 | C23: =IF('計算A'!U$4=0,"",IF('調整・決定'!C23<>"",'調整・決定'!C23,IFERROR(INDEX('名簿'!$P$5:$P$49,INDEX('計算B'!$B$3:$B$47,MATCH(18,'計算B'!$C$3:$C$47,0))),""))) | D23: =IF('計算A'!AS$4=0,"",IF('調整・決定'!D23<>"",'調整・決定'!D23,IFERROR(INDEX('名簿'!$P$5:$P$49,INDEX('計算B'!$B$3:$B$47,MATCH(42,'計算B'!$C$3:$C$47,0))),""))) | E23: =IF('計算A'!BQ$4=0,"",IF('調整・決定'!E23<>"",'調整・決定'!E23,IFERROR(INDEX('名簿'!$P$5:$P$49,INDEX('計算B'!$B$3:$B$47,MATCH(66,'計算B'!$C$3:$C$47,0))),""))) | F23: =IF('計算A'!CO$4=0,"",IF('調整・決定'!F23<>"",'調整・決定'!F23,IFERROR(INDEX('名簿'!$P$5:$P$49,INDEX('計算B'!$B$3:$B$47,MATCH(90,'計算B'!$C$3:$C$47,0))),""))) | G23: =IF('計算A'!DM$4=0,"",IF('調整・決定'!G23<>"",'調整・決定'!G23,IFERROR(INDEX('名簿'!$P$5:$P$49,INDEX('計算B'!$B$3:$B$47,MATCH(114,'計算B'!$C$3:$C$47,0))),""))) | H23: =IF('計算A'!EK$4=0,"",IF('調整・決定'!H23<>"",'調整・決定'!H23,IFERROR(INDEX('名簿'!$P$5:$P$49,INDEX('計算B'!$B$3:$B$47,MATCH(138,'計算B'!$C$3:$C$47,0))),""))) | J23: ② 「調整・決定」の表の左上（いちばん早い日・時刻のマス）をクリック
B24: ='設定'!$I$29 | C24: =IF('計算A'!V$4=0,"",IF('調整・決定'!C24<>"",'調整・決定'!C24,IFERROR(INDEX('名簿'!$P$5:$P$49,INDEX('計算B'!$B$3:$B$47,MATCH(19,'計算B'!$C$3:$C$47,0))),""))) | D24: =IF('計算A'!AT$4=0,"",IF('調整・決定'!D24<>"",'調整・決定'!D24,IFERROR(INDEX('名簿'!$P$5:$P$49,INDEX('計算B'!$B$3:$B$47,MATCH(43,'計算B'!$C$3:$C$47,0))),""))) | E24: =IF('計算A'!BR$4=0,"",IF('調整・決定'!E24<>"",'調整・決定'!E24,IFERROR(INDEX('名簿'!$P$5:$P$49,INDEX('計算B'!$B$3:$B$47,MATCH(67,'計算B'!$C$3:$C$47,0))),""))) | F24: =IF('計算A'!CP$4=0,"",IF('調整・決定'!F24<>"",'調整・決定'!F24,IFERROR(INDEX('名簿'!$P$5:$P$49,INDEX('計算B'!$B$3:$B$47,MATCH(91,'計算B'!$C$3:$C$47,0))),""))) | G24: =IF('計算A'!DN$4=0,"",IF('調整・決定'!G24<>"",'調整・決定'!G24,IFERROR(INDEX('名簿'!$P$5:$P$49,INDEX('計算B'!$B$3:$B$47,MATCH(115,'計算B'!$C$3:$C$47,0))),""))) | H24: =IF('計算A'!EL$4=0,"",IF('調整・決定'!H24<>"",'調整・決定'!H24,IFERROR(INDEX('名簿'!$P$5:$P$49,INDEX('計算B'!$B$3:$B$47,MATCH(139,'計算B'!$C$3:$C$47,0))),""))) | J24: ③ 右クリック →［貼り付けのオプション］の「値」（123 の絵）。または Ctrl + Shift + V
B25: ='設定'!$I$30 | C25: =IF('計算A'!W$4=0,"",IF('調整・決定'!C25<>"",'調整・決定'!C25,IFERROR(INDEX('名簿'!$P$5:$P$49,INDEX('計算B'!$B$3:$B$47,MATCH(20,'計算B'!$C$3:$C$47,0))),""))) | D25: =IF('計算A'!AU$4=0,"",IF('調整・決定'!D25<>"",'調整・決定'!D25,IFERROR(INDEX('名簿'!$P$5:$P$49,INDEX('計算B'!$B$3:$B$47,MATCH(44,'計算B'!$C$3:$C$47,0))),""))) | E25: =IF('計算A'!BS$4=0,"",IF('調整・決定'!E25<>"",'調整・決定'!E25,IFERROR(INDEX('名簿'!$P$5:$P$49,INDEX('計算B'!$B$3:$B$47,MATCH(68,'計算B'!$C$3:$C$47,0))),""))) | F25: =IF('計算A'!CQ$4=0,"",IF('調整・決定'!F25<>"",'調整・決定'!F25,IFERROR(INDEX('名簿'!$P$5:$P$49,INDEX('計算B'!$B$3:$B$47,MATCH(92,'計算B'!$C$3:$C$47,0))),""))) | G25: =IF('計算A'!DO$4=0,"",IF('調整・決定'!G25<>"",'調整・決定'!G25,IFERROR(INDEX('名簿'!$P$5:$P$49,INDEX('計算B'!$B$3:$B$47,MATCH(116,'計算B'!$C$3:$C$47,0))),""))) | H25: =IF('計算A'!EM$4=0,"",IF('調整・決定'!H25<>"",'調整・決定'!H25,IFERROR(INDEX('名簿'!$P$5:$P$49,INDEX('計算B'!$B$3:$B$47,MATCH(140,'計算B'!$C$3:$C$47,0))),""))) | J25: ※ ふつうの貼り付け（Ctrl + V）は×。「循環参照」の注意が出たら、すぐ Ctrl + Z で元に戻します。
B26: ='設定'!$I$31 | C26: =IF('計算A'!X$4=0,"",IF('調整・決定'!C26<>"",'調整・決定'!C26,IFERROR(INDEX('名簿'!$P$5:$P$49,INDEX('計算B'!$B$3:$B$47,MATCH(21,'計算B'!$C$3:$C$47,0))),""))) | D26: =IF('計算A'!AV$4=0,"",IF('調整・決定'!D26<>"",'調整・決定'!D26,IFERROR(INDEX('名簿'!$P$5:$P$49,INDEX('計算B'!$B$3:$B$47,MATCH(45,'計算B'!$C$3:$C$47,0))),""))) | E26: =IF('計算A'!BT$4=0,"",IF('調整・決定'!E26<>"",'調整・決定'!E26,IFERROR(INDEX('名簿'!$P$5:$P$49,INDEX('計算B'!$B$3:$B$47,MATCH(69,'計算B'!$C$3:$C$47,0))),""))) | F26: =IF('計算A'!CR$4=0,"",IF('調整・決定'!F26<>"",'調整・決定'!F26,IFERROR(INDEX('名簿'!$P$5:$P$49,INDEX('計算B'!$B$3:$B$47,MATCH(93,'計算B'!$C$3:$C$47,0))),""))) | G26: =IF('計算A'!DP$4=0,"",IF('調整・決定'!G26<>"",'調整・決定'!G26,IFERROR(INDEX('名簿'!$P$5:$P$49,INDEX('計算B'!$B$3:$B$47,MATCH(117,'計算B'!$C$3:$C$47,0))),""))) | H26: =IF('計算A'!EN$4=0,"",IF('調整・決定'!H26<>"",'調整・決定'!H26,IFERROR(INDEX('名簿'!$P$5:$P$49,INDEX('計算B'!$B$3:$B$47,MATCH(141,'計算B'!$C$3:$C$47,0))),"")))
B27: ='設定'!$I$32 | C27: =IF('計算A'!Y$4=0,"",IF('調整・決定'!C27<>"",'調整・決定'!C27,IFERROR(INDEX('名簿'!$P$5:$P$49,INDEX('計算B'!$B$3:$B$47,MATCH(22,'計算B'!$C$3:$C$47,0))),""))) | D27: =IF('計算A'!AW$4=0,"",IF('調整・決定'!D27<>"",'調整・決定'!D27,IFERROR(INDEX('名簿'!$P$5:$P$49,INDEX('計算B'!$B$3:$B$47,MATCH(46,'計算B'!$C$3:$C$47,0))),""))) | E27: =IF('計算A'!BU$4=0,"",IF('調整・決定'!E27<>"",'調整・決定'!E27,IFERROR(INDEX('名簿'!$P$5:$P$49,INDEX('計算B'!$B$3:$B$47,MATCH(70,'計算B'!$C$3:$C$47,0))),""))) | F27: =IF('計算A'!CS$4=0,"",IF('調整・決定'!F27<>"",'調整・決定'!F27,IFERROR(INDEX('名簿'!$P$5:$P$49,INDEX('計算B'!$B$3:$B$47,MATCH(94,'計算B'!$C$3:$C$47,0))),""))) | G27: =IF('計算A'!DQ$4=0,"",IF('調整・決定'!G27<>"",'調整・決定'!G27,IFERROR(INDEX('名簿'!$P$5:$P$49,INDEX('計算B'!$B$3:$B$47,MATCH(118,'計算B'!$C$3:$C$47,0))),""))) | H27: =IF('計算A'!EO$4=0,"",IF('調整・決定'!H27<>"",'調整・決定'!H27,IFERROR(INDEX('名簿'!$P$5:$P$49,INDEX('計算B'!$B$3:$B$47,MATCH(142,'計算B'!$C$3:$C$47,0))),"")))
B28: ='設定'!$I$33 | C28: =IF('計算A'!Z$4=0,"",IF('調整・決定'!C28<>"",'調整・決定'!C28,IFERROR(INDEX('名簿'!$P$5:$P$49,INDEX('計算B'!$B$3:$B$47,MATCH(23,'計算B'!$C$3:$C$47,0))),""))) | D28: =IF('計算A'!AX$4=0,"",IF('調整・決定'!D28<>"",'調整・決定'!D28,IFERROR(INDEX('名簿'!$P$5:$P$49,INDEX('計算B'!$B$3:$B$47,MATCH(47,'計算B'!$C$3:$C$47,0))),""))) | E28: =IF('計算A'!BV$4=0,"",IF('調整・決定'!E28<>"",'調整・決定'!E28,IFERROR(INDEX('名簿'!$P$5:$P$49,INDEX('計算B'!$B$3:$B$47,MATCH(71,'計算B'!$C$3:$C$47,0))),""))) | F28: =IF('計算A'!CT$4=0,"",IF('調整・決定'!F28<>"",'調整・決定'!F28,IFERROR(INDEX('名簿'!$P$5:$P$49,INDEX('計算B'!$B$3:$B$47,MATCH(95,'計算B'!$C$3:$C$47,0))),""))) | G28: =IF('計算A'!DR$4=0,"",IF('調整・決定'!G28<>"",'調整・決定'!G28,IFERROR(INDEX('名簿'!$P$5:$P$49,INDEX('計算B'!$B$3:$B$47,MATCH(119,'計算B'!$C$3:$C$47,0))),""))) | H28: =IF('計算A'!EP$4=0,"",IF('調整・決定'!H28<>"",'調整・決定'!H28,IFERROR(INDEX('名簿'!$P$5:$P$49,INDEX('計算B'!$B$3:$B$47,MATCH(143,'計算B'!$C$3:$C$47,0))),"")))
B29: ='設定'!$I$34 | C29: =IF('計算A'!AA$4=0,"",IF('調整・決定'!C29<>"",'調整・決定'!C29,IFERROR(INDEX('名簿'!$P$5:$P$49,INDEX('計算B'!$B$3:$B$47,MATCH(24,'計算B'!$C$3:$C$47,0))),""))) | D29: =IF('計算A'!AY$4=0,"",IF('調整・決定'!D29<>"",'調整・決定'!D29,IFERROR(INDEX('名簿'!$P$5:$P$49,INDEX('計算B'!$B$3:$B$47,MATCH(48,'計算B'!$C$3:$C$47,0))),""))) | E29: =IF('計算A'!BW$4=0,"",IF('調整・決定'!E29<>"",'調整・決定'!E29,IFERROR(INDEX('名簿'!$P$5:$P$49,INDEX('計算B'!$B$3:$B$47,MATCH(72,'計算B'!$C$3:$C$47,0))),""))) | F29: =IF('計算A'!CU$4=0,"",IF('調整・決定'!F29<>"",'調整・決定'!F29,IFERROR(INDEX('名簿'!$P$5:$P$49,INDEX('計算B'!$B$3:$B$47,MATCH(96,'計算B'!$C$3:$C$47,0))),""))) | G29: =IF('計算A'!DS$4=0,"",IF('調整・決定'!G29<>"",'調整・決定'!G29,IFERROR(INDEX('名簿'!$P$5:$P$49,INDEX('計算B'!$B$3:$B$47,MATCH(120,'計算B'!$C$3:$C$47,0))),""))) | H29: =IF('計算A'!EQ$4=0,"",IF('調整・決定'!H29<>"",'調整・決定'!H29,IFERROR(INDEX('名簿'!$P$5:$P$49,INDEX('計算B'!$B$3:$B$47,MATCH(144,'計算B'!$C$3:$C$47,0))),"")))

Sheet 自動案B
B1: 自動案B（散らす） | E1: =HYPERLINK("#'ホーム'!A1","ホーム") | F1: =HYPERLINK("#'設定'!A1","① 設定") | G1: =HYPERLINK("#'名簿'!A1","② 名簿") | H1: =HYPERLINK("#'×入力'!A1","③ ×入力") | L1: =HYPERLINK("#'自動案A'!A1","④ 自動案A") | M1: =HYPERLINK("#'自動案B'!A1","④ 自動案B") | N1: =HYPERLINK("#'調整・決定'!A1","⑤ 調整・決定") | O1: =HYPERLINK("#'兄弟確認用'!A1","⑥ 兄弟確認") | P1: =HYPERLINK("#'お手紙（夏）'!A1","⑦ お手紙 夏") | Q1: =HYPERLINK("#'お手紙（秋）'!A1","⑧ お手紙 秋")
B2: 日ごとの人数がそろい、面談と面談のあいだがなるべく空くように組んだ案です（希望がある家庭は希望を優先）。よければ表をコピーし（名前ボックスで「自動案Bの表」）、「調整・決定」の表の左上に［値の貼り付け］をします。
C3: 新しく入った人 | D3: 後ろを空ける枠 | E3: なるべく空ける日・休憩 | F3: 先生の都合で使えない | J3: =HYPERLINK("#'自動案A'!K3","自動案を出す・止めるの切り替えは「自動案A」のシートの右上です ▶")
C4: =IF('自動案A'!$K$3="自動案を出す","⚠ 「調整・決定」に入れた人は、自動案では動きません（その枠に固定されます）。自動案は、まだ入れていない人だけで作り直されます。全部作り直したいときは、「調整・決定」の表の名前を消してください。","⏸ いまは自動案を止めています（×の入力が軽くなります）。集まっている分で自動案を作るときは、「自動案A」のシートの右上の黄色い欄を「自動案を出す」に変えてください。あとから届いた分も、×を入れれば作り直されます。")
C5: ='設定'!$E$11 | D5: ='設定'!$E$12 | E5: ='設定'!$E$13 | F5: ='設定'!$E$14 | G5: ='設定'!$E$15 | H5: ='設定'!$E$16 | J5: 決定済み（調整・決定シート） | K5: =SUMPRODUCT(('調整・決定'!$C$6:$H$29<>"")*1)&" 人"
B6: ='設定'!$I$11 | C6: =IF('計算A'!D$4=0,"",IF('調整・決定'!C6<>"",'調整・決定'!C6,IFERROR(INDEX('名簿'!$P$5:$P$49,INDEX('計算C'!$B$3:$B$47,MATCH(1,'計算C'!$C$3:$C$47,0))),""))) | D6: =IF('計算A'!AB$4=0,"",IF('調整・決定'!D6<>"",'調整・決定'!D6,IFERROR(INDEX('名簿'!$P$5:$P$49,INDEX('計算C'!$B$3:$B$47,MATCH(25,'計算C'!$C$3:$C$47,0))),""))) | E6: =IF('計算A'!AZ$4=0,"",IF('調整・決定'!E6<>"",'調整・決定'!E6,IFERROR(INDEX('名簿'!$P$5:$P$49,INDEX('計算C'!$B$3:$B$47,MATCH(49,'計算C'!$C$3:$C$47,0))),""))) | F6: =IF('計算A'!BX$4=0,"",IF('調整・決定'!F6<>"",'調整・決定'!F6,IFERROR(INDEX('名簿'!$P$5:$P$49,INDEX('計算C'!$B$3:$B$47,MATCH(73,'計算C'!$C$3:$C$47,0))),""))) | G6: =IF('計算A'!CV$4=0,"",IF('調整・決定'!G6<>"",'調整・決定'!G6,IFERROR(INDEX('名簿'!$P$5:$P$49,INDEX('計算C'!$B$3:$B$47,MATCH(97,'計算C'!$C$3:$C$47,0))),""))) | H6: =IF('計算A'!DT$4=0,"",IF('調整・決定'!H6<>"",'調整・決定'!H6,IFERROR(INDEX('名簿'!$P$5:$P$49,INDEX('計算C'!$B$3:$B$47,MATCH(121,'計算C'!$C$3:$C$47,0))),""))) | J6: 自動で新しく入った | K6: =SUMPRODUCT(('計算C'!$B$3:$B$47>0)*('計算C'!$C$3:$C$47>0))&" 人"
B7: ='設定'!$I$12 | C7: =IF('計算A'!E$4=0,"",IF('調整・決定'!C7<>"",'調整・決定'!C7,IFERROR(INDEX('名簿'!$P$5:$P$49,INDEX('計算C'!$B$3:$B$47,MATCH(2,'計算C'!$C$3:$C$47,0))),""))) | D7: =IF('計算A'!AC$4=0,"",IF('調整・決定'!D7<>"",'調整・決定'!D7,IFERROR(INDEX('名簿'!$P$5:$P$49,INDEX('計算C'!$B$3:$B$47,MATCH(26,'計算C'!$C$3:$C$47,0))),""))) | E7: =IF('計算A'!BA$4=0,"",IF('調整・決定'!E7<>"",'調整・決定'!E7,IFERROR(INDEX('名簿'!$P$5:$P$49,INDEX('計算C'!$B$3:$B$47,MATCH(50,'計算C'!$C$3:$C$47,0))),""))) | F7: =IF('計算A'!BY$4=0,"",IF('調整・決定'!F7<>"",'調整・決定'!F7,IFERROR(INDEX('名簿'!$P$5:$P$49,INDEX('計算C'!$B$3:$B$47,MATCH(74,'計算C'!$C$3:$C$47,0))),""))) | G7: =IF('計算A'!CW$4=0,"",IF('調整・決定'!G7<>"",'調整・決定'!G7,IFERROR(INDEX('名簿'!$P$5:$P$49,INDEX('計算C'!$B$3:$B$47,MATCH(98,'計算C'!$C$3:$C$47,0))),""))) | H7: =IF('計算A'!DU$4=0,"",IF('調整・決定'!H7<>"",'調整・決定'!H7,IFERROR(INDEX('名簿'!$P$5:$P$49,INDEX('計算C'!$B$3:$B$47,MATCH(122,'計算C'!$C$3:$C$47,0))),"")))
B8: ='設定'!$I$13 | C8: =IF('計算A'!F$4=0,"",IF('調整・決定'!C8<>"",'調整・決定'!C8,IFERROR(INDEX('名簿'!$P$5:$P$49,INDEX('計算C'!$B$3:$B$47,MATCH(3,'計算C'!$C$3:$C$47,0))),""))) | D8: =IF('計算A'!AD$4=0,"",IF('調整・決定'!D8<>"",'調整・決定'!D8,IFERROR(INDEX('名簿'!$P$5:$P$49,INDEX('計算C'!$B$3:$B$47,MATCH(27,'計算C'!$C$3:$C$47,0))),""))) | E8: =IF('計算A'!BB$4=0,"",IF('調整・決定'!E8<>"",'調整・決定'!E8,IFERROR(INDEX('名簿'!$P$5:$P$49,INDEX('計算C'!$B$3:$B$47,MATCH(51,'計算C'!$C$3:$C$47,0))),""))) | F8: =IF('計算A'!BZ$4=0,"",IF('調整・決定'!F8<>"",'調整・決定'!F8,IFERROR(INDEX('名簿'!$P$5:$P$49,INDEX('計算C'!$B$3:$B$47,MATCH(75,'計算C'!$C$3:$C$47,0))),""))) | G8: =IF('計算A'!CX$4=0,"",IF('調整・決定'!G8<>"",'調整・決定'!G8,IFERROR(INDEX('名簿'!$P$5:$P$49,INDEX('計算C'!$B$3:$B$47,MATCH(99,'計算C'!$C$3:$C$47,0))),""))) | H8: =IF('計算A'!DV$4=0,"",IF('調整・決定'!H8<>"",'調整・決定'!H8,IFERROR(INDEX('名簿'!$P$5:$P$49,INDEX('計算C'!$B$3:$B$47,MATCH(123,'計算C'!$C$3:$C$47,0))),""))) | J8: 入る枠がない（×・必ず空けたい） | K8: {=_xlfn.TEXTJOIN("、",TRUE,IF('計算A'!$IS$10:$IS$54=1,'計算A'!$B$10:$B$54,""))}
B9: ='設定'!$I$14 | C9: =IF('計算A'!G$4=0,"",IF('調整・決定'!C9<>"",'調整・決定'!C9,IFERROR(INDEX('名簿'!$P$5:$P$49,INDEX('計算C'!$B$3:$B$47,MATCH(4,'計算C'!$C$3:$C$47,0))),""))) | D9: =IF('計算A'!AE$4=0,"",IF('調整・決定'!D9<>"",'調整・決定'!D9,IFERROR(INDEX('名簿'!$P$5:$P$49,INDEX('計算C'!$B$3:$B$47,MATCH(28,'計算C'!$C$3:$C$47,0))),""))) | E9: =IF('計算A'!BC$4=0,"",IF('調整・決定'!E9<>"",'調整・決定'!E9,IFERROR(INDEX('名簿'!$P$5:$P$49,INDEX('計算C'!$B$3:$B$47,MATCH(52,'計算C'!$C$3:$C$47,0))),""))) | F9: =IF('計算A'!CA$4=0,"",IF('調整・決定'!F9<>"",'調整・決定'!F9,IFERROR(INDEX('名簿'!$P$5:$P$49,INDEX('計算C'!$B$3:$B$47,MATCH(76,'計算C'!$C$3:$C$47,0))),""))) | G9: =IF('計算A'!CY$4=0,"",IF('調整・決定'!G9<>"",'調整・決定'!G9,IFERROR(INDEX('名簿'!$P$5:$P$49,INDEX('計算C'!$B$3:$B$47,MATCH(100,'計算C'!$C$3:$C$47,0))),""))) | H9: =IF('計算A'!DW$4=0,"",IF('調整・決定'!H9<>"",'調整・決定'!H9,IFERROR(INDEX('名簿'!$P$5:$P$49,INDEX('計算C'!$B$3:$B$47,MATCH(124,'計算C'!$C$3:$C$47,0))),"")))
B10: ='設定'!$I$15 | C10: =IF('計算A'!H$4=0,"",IF('調整・決定'!C10<>"",'調整・決定'!C10,IFERROR(INDEX('名簿'!$P$5:$P$49,INDEX('計算C'!$B$3:$B$47,MATCH(5,'計算C'!$C$3:$C$47,0))),""))) | D10: =IF('計算A'!AF$4=0,"",IF('調整・決定'!D10<>"",'調整・決定'!D10,IFERROR(INDEX('名簿'!$P$5:$P$49,INDEX('計算C'!$B$3:$B$47,MATCH(29,'計算C'!$C$3:$C$47,0))),""))) | E10: =IF('計算A'!BD$4=0,"",IF('調整・決定'!E10<>"",'調整・決定'!E10,IFERROR(INDEX('名簿'!$P$5:$P$49,INDEX('計算C'!$B$3:$B$47,MATCH(53,'計算C'!$C$3:$C$47,0))),""))) | F10: =IF('計算A'!CB$4=0,"",IF('調整・決定'!F10<>"",'調整・決定'!F10,IFERROR(INDEX('名簿'!$P$5:$P$49,INDEX('計算C'!$B$3:$B$47,MATCH(77,'計算C'!$C$3:$C$47,0))),""))) | G10: =IF('計算A'!CZ$4=0,"",IF('調整・決定'!G10<>"",'調整・決定'!G10,IFERROR(INDEX('名簿'!$P$5:$P$49,INDEX('計算C'!$B$3:$B$47,MATCH(101,'計算C'!$C$3:$C$47,0))),""))) | H10: =IF('計算A'!DX$4=0,"",IF('調整・決定'!H10<>"",'調整・決定'!H10,IFERROR(INDEX('名簿'!$P$5:$P$49,INDEX('計算C'!$B$3:$B$47,MATCH(125,'計算C'!$C$3:$C$47,0))),""))) | J10: 未入力・未提出で外した | K10: {=_xlfn.TEXTJOIN("、",TRUE,IF((('名簿'!$Q$5:$Q$49="未入力")+('名簿'!$Q$5:$Q$49="未提出"))*('計算A'!$IO$10:$IO$54=0),'名簿'!$P$5:$P$49,""))}
B11: ='設定'!$I$16 | C11: =IF('計算A'!I$4=0,"",IF('調整・決定'!C11<>"",'調整・決定'!C11,IFERROR(INDEX('名簿'!$P$5:$P$49,INDEX('計算C'!$B$3:$B$47,MATCH(6,'計算C'!$C$3:$C$47,0))),""))) | D11: =IF('計算A'!AG$4=0,"",IF('調整・決定'!D11<>"",'調整・決定'!D11,IFERROR(INDEX('名簿'!$P$5:$P$49,INDEX('計算C'!$B$3:$B$47,MATCH(30,'計算C'!$C$3:$C$47,0))),""))) | E11: =IF('計算A'!BE$4=0,"",IF('調整・決定'!E11<>"",'調整・決定'!E11,IFERROR(INDEX('名簿'!$P$5:$P$49,INDEX('計算C'!$B$3:$B$47,MATCH(54,'計算C'!$C$3:$C$47,0))),""))) | F11: =IF('計算A'!CC$4=0,"",IF('調整・決定'!F11<>"",'調整・決定'!F11,IFERROR(INDEX('名簿'!$P$5:$P$49,INDEX('計算C'!$B$3:$B$47,MATCH(78,'計算C'!$C$3:$C$47,0))),""))) | G11: =IF('計算A'!DA$4=0,"",IF('調整・決定'!G11<>"",'調整・決定'!G11,IFERROR(INDEX('名簿'!$P$5:$P$49,INDEX('計算C'!$B$3:$B$47,MATCH(102,'計算C'!$C$3:$C$47,0))),""))) | H11: =IF('計算A'!DY$4=0,"",IF('調整・決定'!H11<>"",'調整・決定'!H11,IFERROR(INDEX('名簿'!$P$5:$P$49,INDEX('計算C'!$B$3:$B$47,MATCH(126,'計算C'!$C$3:$C$47,0))),"")))
B12: ='設定'!$I$17 | C12: =IF('計算A'!J$4=0,"",IF('調整・決定'!C12<>"",'調整・決定'!C12,IFERROR(INDEX('名簿'!$P$5:$P$49,INDEX('計算C'!$B$3:$B$47,MATCH(7,'計算C'!$C$3:$C$47,0))),""))) | D12: =IF('計算A'!AH$4=0,"",IF('調整・決定'!D12<>"",'調整・決定'!D12,IFERROR(INDEX('名簿'!$P$5:$P$49,INDEX('計算C'!$B$3:$B$47,MATCH(31,'計算C'!$C$3:$C$47,0))),""))) | E12: =IF('計算A'!BF$4=0,"",IF('調整・決定'!E12<>"",'調整・決定'!E12,IFERROR(INDEX('名簿'!$P$5:$P$49,INDEX('計算C'!$B$3:$B$47,MATCH(55,'計算C'!$C$3:$C$47,0))),""))) | F12: =IF('計算A'!CD$4=0,"",IF('調整・決定'!F12<>"",'調整・決定'!F12,IFERROR(INDEX('名簿'!$P$5:$P$49,INDEX('計算C'!$B$3:$B$47,MATCH(79,'計算C'!$C$3:$C$47,0))),""))) | G12: =IF('計算A'!DB$4=0,"",IF('調整・決定'!G12<>"",'調整・決定'!G12,IFERROR(INDEX('名簿'!$P$5:$P$49,INDEX('計算C'!$B$3:$B$47,MATCH(103,'計算C'!$C$3:$C$47,0))),""))) | H12: =IF('計算A'!DZ$4=0,"",IF('調整・決定'!H12<>"",'調整・決定'!H12,IFERROR(INDEX('名簿'!$P$5:$P$49,INDEX('計算C'!$B$3:$B$47,MATCH(127,'計算C'!$C$3:$C$47,0))),""))) | J12: なるべく空けたい枠を使った | K12: =SUM('計算C'!$D$3:$D$47)&" 枠"
B13: ='設定'!$I$18 | C13: =IF('計算A'!K$4=0,"",IF('調整・決定'!C13<>"",'調整・決定'!C13,IFERROR(INDEX('名簿'!$P$5:$P$49,INDEX('計算C'!$B$3:$B$47,MATCH(8,'計算C'!$C$3:$C$47,0))),""))) | D13: =IF('計算A'!AI$4=0,"",IF('調整・決定'!D13<>"",'調整・決定'!D13,IFERROR(INDEX('名簿'!$P$5:$P$49,INDEX('計算C'!$B$3:$B$47,MATCH(32,'計算C'!$C$3:$C$47,0))),""))) | E13: =IF('計算A'!BG$4=0,"",IF('調整・決定'!E13<>"",'調整・決定'!E13,IFERROR(INDEX('名簿'!$P$5:$P$49,INDEX('計算C'!$B$3:$B$47,MATCH(56,'計算C'!$C$3:$C$47,0))),""))) | F13: =IF('計算A'!CE$4=0,"",IF('調整・決定'!F13<>"",'調整・決定'!F13,IFERROR(INDEX('名簿'!$P$5:$P$49,INDEX('計算C'!$B$3:$B$47,MATCH(80,'計算C'!$C$3:$C$47,0))),""))) | G13: =IF('計算A'!DC$4=0,"",IF('調整・決定'!G13<>"",'調整・決定'!G13,IFERROR(INDEX('名簿'!$P$5:$P$49,INDEX('計算C'!$B$3:$B$47,MATCH(104,'計算C'!$C$3:$C$47,0))),""))) | H13: =IF('計算A'!EA$4=0,"",IF('調整・決定'!H13<>"",'調整・決定'!H13,IFERROR(INDEX('名簿'!$P$5:$P$49,INDEX('計算C'!$B$3:$B$47,MATCH(128,'計算C'!$C$3:$C$47,0))),""))) | J13: 日ごとの人数
B14: ='設定'!$I$19 | C14: =IF('計算A'!L$4=0,"",IF('調整・決定'!C14<>"",'調整・決定'!C14,IFERROR(INDEX('名簿'!$P$5:$P$49,INDEX('計算C'!$B$3:$B$47,MATCH(9,'計算C'!$C$3:$C$47,0))),""))) | D14: =IF('計算A'!AJ$4=0,"",IF('調整・決定'!D14<>"",'調整・決定'!D14,IFERROR(INDEX('名簿'!$P$5:$P$49,INDEX('計算C'!$B$3:$B$47,MATCH(33,'計算C'!$C$3:$C$47,0))),""))) | E14: =IF('計算A'!BH$4=0,"",IF('調整・決定'!E14<>"",'調整・決定'!E14,IFERROR(INDEX('名簿'!$P$5:$P$49,INDEX('計算C'!$B$3:$B$47,MATCH(57,'計算C'!$C$3:$C$47,0))),""))) | F14: =IF('計算A'!CF$4=0,"",IF('調整・決定'!F14<>"",'調整・決定'!F14,IFERROR(INDEX('名簿'!$P$5:$P$49,INDEX('計算C'!$B$3:$B$47,MATCH(81,'計算C'!$C$3:$C$47,0))),""))) | G14: =IF('計算A'!DD$4=0,"",IF('調整・決定'!G14<>"",'調整・決定'!G14,IFERROR(INDEX('名簿'!$P$5:$P$49,INDEX('計算C'!$B$3:$B$47,MATCH(105,'計算C'!$C$3:$C$47,0))),""))) | H14: =IF('計算A'!EB$4=0,"",IF('調整・決定'!H14<>"",'調整・決定'!H14,IFERROR(INDEX('名簿'!$P$5:$P$49,INDEX('計算C'!$B$3:$B$47,MATCH(129,'計算C'!$C$3:$C$47,0))),""))) | J14: =IF('設定'!$E$11="","",'設定'!$E$11) | K14: =IF(J14="","",COUNTIF(C6:C29,"?*")&" 人")
B15: ='設定'!$I$20 | C15: =IF('計算A'!M$4=0,"",IF('調整・決定'!C15<>"",'調整・決定'!C15,IFERROR(INDEX('名簿'!$P$5:$P$49,INDEX('計算C'!$B$3:$B$47,MATCH(10,'計算C'!$C$3:$C$47,0))),""))) | D15: =IF('計算A'!AK$4=0,"",IF('調整・決定'!D15<>"",'調整・決定'!D15,IFERROR(INDEX('名簿'!$P$5:$P$49,INDEX('計算C'!$B$3:$B$47,MATCH(34,'計算C'!$C$3:$C$47,0))),""))) | E15: =IF('計算A'!BI$4=0,"",IF('調整・決定'!E15<>"",'調整・決定'!E15,IFERROR(INDEX('名簿'!$P$5:$P$49,INDEX('計算C'!$B$3:$B$47,MATCH(58,'計算C'!$C$3:$C$47,0))),""))) | F15: =IF('計算A'!CG$4=0,"",IF('調整・決定'!F15<>"",'調整・決定'!F15,IFERROR(INDEX('名簿'!$P$5:$P$49,INDEX('計算C'!$B$3:$B$47,MATCH(82,'計算C'!$C$3:$C$47,0))),""))) | G15: =IF('計算A'!DE$4=0,"",IF('調整・決定'!G15<>"",'調整・決定'!G15,IFERROR(INDEX('名簿'!$P$5:$P$49,INDEX('計算C'!$B$3:$B$47,MATCH(106,'計算C'!$C$3:$C$47,0))),""))) | H15: =IF('計算A'!EC$4=0,"",IF('調整・決定'!H15<>"",'調整・決定'!H15,IFERROR(INDEX('名簿'!$P$5:$P$49,INDEX('計算C'!$B$3:$B$47,MATCH(130,'計算C'!$C$3:$C$47,0))),""))) | J15: =IF('設定'!$E$12="","",'設定'!$E$12) | K15: =IF(J15="","",COUNTIF(D6:D29,"?*")&" 人")
B16: ='設定'!$I$21 | C16: =IF('計算A'!N$4=0,"",IF('調整・決定'!C16<>"",'調整・決定'!C16,IFERROR(INDEX('名簿'!$P$5:$P$49,INDEX('計算C'!$B$3:$B$47,MATCH(11,'計算C'!$C$3:$C$47,0))),""))) | D16: =IF('計算A'!AL$4=0,"",IF('調整・決定'!D16<>"",'調整・決定'!D16,IFERROR(INDEX('名簿'!$P$5:$P$49,INDEX('計算C'!$B$3:$B$47,MATCH(35,'計算C'!$C$3:$C$47,0))),""))) | E16: =IF('計算A'!BJ$4=0,"",IF('調整・決定'!E16<>"",'調整・決定'!E16,IFERROR(INDEX('名簿'!$P$5:$P$49,INDEX('計算C'!$B$3:$B$47,MATCH(59,'計算C'!$C$3:$C$47,0))),""))) | F16: =IF('計算A'!CH$4=0,"",IF('調整・決定'!F16<>"",'調整・決定'!F16,IFERROR(INDEX('名簿'!$P$5:$P$49,INDEX('計算C'!$B$3:$B$47,MATCH(83,'計算C'!$C$3:$C$47,0))),""))) | G16: =IF('計算A'!DF$4=0,"",IF('調整・決定'!G16<>"",'調整・決定'!G16,IFERROR(INDEX('名簿'!$P$5:$P$49,INDEX('計算C'!$B$3:$B$47,MATCH(107,'計算C'!$C$3:$C$47,0))),""))) | H16: =IF('計算A'!ED$4=0,"",IF('調整・決定'!H16<>"",'調整・決定'!H16,IFERROR(INDEX('名簿'!$P$5:$P$49,INDEX('計算C'!$B$3:$B$47,MATCH(131,'計算C'!$C$3:$C$47,0))),""))) | J16: =IF('設定'!$E$13="","",'設定'!$E$13) | K16: =IF(J16="","",COUNTIF(E6:E29,"?*")&" 人")
B17: ='設定'!$I$22 | C17: =IF('計算A'!O$4=0,"",IF('調整・決定'!C17<>"",'調整・決定'!C17,IFERROR(INDEX('名簿'!$P$5:$P$49,INDEX('計算C'!$B$3:$B$47,MATCH(12,'計算C'!$C$3:$C$47,0))),""))) | D17: =IF('計算A'!AM$4=0,"",IF('調整・決定'!D17<>"",'調整・決定'!D17,IFERROR(INDEX('名簿'!$P$5:$P$49,INDEX('計算C'!$B$3:$B$47,MATCH(36,'計算C'!$C$3:$C$47,0))),""))) | E17: =IF('計算A'!BK$4=0,"",IF('調整・決定'!E17<>"",'調整・決定'!E17,IFERROR(INDEX('名簿'!$P$5:$P$49,INDEX('計算C'!$B$3:$B$47,MATCH(60,'計算C'!$C$3:$C$47,0))),""))) | F17: =IF('計算A'!CI$4=0,"",IF('調整・決定'!F17<>"",'調整・決定'!F17,IFERROR(INDEX('名簿'!$P$5:$P$49,INDEX('計算C'!$B$3:$B$47,MATCH(84,'計算C'!$C$3:$C$47,0))),""))) | G17: =IF('計算A'!DG$4=0,"",IF('調整・決定'!G17<>"",'調整・決定'!G17,IFERROR(INDEX('名簿'!$P$5:$P$49,INDEX('計算C'!$B$3:$B$47,MATCH(108,'計算C'!$C$3:$C$47,0))),""))) | H17: =IF('計算A'!EE$4=0,"",IF('調整・決定'!H17<>"",'調整・決定'!H17,IFERROR(INDEX('名簿'!$P$5:$P$49,INDEX('計算C'!$B$3:$B$47,MATCH(132,'計算C'!$C$3:$C$47,0))),""))) | J17: =IF('設定'!$E$14="","",'設定'!$E$14) | K17: =IF(J17="","",COUNTIF(F6:F29,"?*")&" 人")
B18: ='設定'!$I$23 | C18: =IF('計算A'!P$4=0,"",IF('調整・決定'!C18<>"",'調整・決定'!C18,IFERROR(INDEX('名簿'!$P$5:$P$49,INDEX('計算C'!$B$3:$B$47,MATCH(13,'計算C'!$C$3:$C$47,0))),""))) | D18: =IF('計算A'!AN$4=0,"",IF('調整・決定'!D18<>"",'調整・決定'!D18,IFERROR(INDEX('名簿'!$P$5:$P$49,INDEX('計算C'!$B$3:$B$47,MATCH(37,'計算C'!$C$3:$C$47,0))),""))) | E18: =IF('計算A'!BL$4=0,"",IF('調整・決定'!E18<>"",'調整・決定'!E18,IFERROR(INDEX('名簿'!$P$5:$P$49,INDEX('計算C'!$B$3:$B$47,MATCH(61,'計算C'!$C$3:$C$47,0))),""))) | F18: =IF('計算A'!CJ$4=0,"",IF('調整・決定'!F18<>"",'調整・決定'!F18,IFERROR(INDEX('名簿'!$P$5:$P$49,INDEX('計算C'!$B$3:$B$47,MATCH(85,'計算C'!$C$3:$C$47,0))),""))) | G18: =IF('計算A'!DH$4=0,"",IF('調整・決定'!G18<>"",'調整・決定'!G18,IFERROR(INDEX('名簿'!$P$5:$P$49,INDEX('計算C'!$B$3:$B$47,MATCH(109,'計算C'!$C$3:$C$47,0))),""))) | H18: =IF('計算A'!EF$4=0,"",IF('調整・決定'!H18<>"",'調整・決定'!H18,IFERROR(INDEX('名簿'!$P$5:$P$49,INDEX('計算C'!$B$3:$B$47,MATCH(133,'計算C'!$C$3:$C$47,0))),""))) | J18: =IF('設定'!$E$15="","",'設定'!$E$15) | K18: =IF(J18="","",COUNTIF(G6:G29,"?*")&" 人")
B19: ='設定'!$I$24 | C19: =IF('計算A'!Q$4=0,"",IF('調整・決定'!C19<>"",'調整・決定'!C19,IFERROR(INDEX('名簿'!$P$5:$P$49,INDEX('計算C'!$B$3:$B$47,MATCH(14,'計算C'!$C$3:$C$47,0))),""))) | D19: =IF('計算A'!AO$4=0,"",IF('調整・決定'!D19<>"",'調整・決定'!D19,IFERROR(INDEX('名簿'!$P$5:$P$49,INDEX('計算C'!$B$3:$B$47,MATCH(38,'計算C'!$C$3:$C$47,0))),""))) | E19: =IF('計算A'!BM$4=0,"",IF('調整・決定'!E19<>"",'調整・決定'!E19,IFERROR(INDEX('名簿'!$P$5:$P$49,INDEX('計算C'!$B$3:$B$47,MATCH(62,'計算C'!$C$3:$C$47,0))),""))) | F19: =IF('計算A'!CK$4=0,"",IF('調整・決定'!F19<>"",'調整・決定'!F19,IFERROR(INDEX('名簿'!$P$5:$P$49,INDEX('計算C'!$B$3:$B$47,MATCH(86,'計算C'!$C$3:$C$47,0))),""))) | G19: =IF('計算A'!DI$4=0,"",IF('調整・決定'!G19<>"",'調整・決定'!G19,IFERROR(INDEX('名簿'!$P$5:$P$49,INDEX('計算C'!$B$3:$B$47,MATCH(110,'計算C'!$C$3:$C$47,0))),""))) | H19: =IF('計算A'!EG$4=0,"",IF('調整・決定'!H19<>"",'調整・決定'!H19,IFERROR(INDEX('名簿'!$P$5:$P$49,INDEX('計算C'!$B$3:$B$47,MATCH(134,'計算C'!$C$3:$C$47,0))),""))) | J19: =IF('設定'!$E$16="","",'設定'!$E$16) | K19: =IF(J19="","",COUNTIF(H6:H29,"?*")&" 人")
B20: ='設定'!$I$25 | C20: =IF('計算A'!R$4=0,"",IF('調整・決定'!C20<>"",'調整・決定'!C20,IFERROR(INDEX('名簿'!$P$5:$P$49,INDEX('計算C'!$B$3:$B$47,MATCH(15,'計算C'!$C$3:$C$47,0))),""))) | D20: =IF('計算A'!AP$4=0,"",IF('調整・決定'!D20<>"",'調整・決定'!D20,IFERROR(INDEX('名簿'!$P$5:$P$49,INDEX('計算C'!$B$3:$B$47,MATCH(39,'計算C'!$C$3:$C$47,0))),""))) | E20: =IF('計算A'!BN$4=0,"",IF('調整・決定'!E20<>"",'調整・決定'!E20,IFERROR(INDEX('名簿'!$P$5:$P$49,INDEX('計算C'!$B$3:$B$47,MATCH(63,'計算C'!$C$3:$C$47,0))),""))) | F20: =IF('計算A'!CL$4=0,"",IF('調整・決定'!F20<>"",'調整・決定'!F20,IFERROR(INDEX('名簿'!$P$5:$P$49,INDEX('計算C'!$B$3:$B$47,MATCH(87,'計算C'!$C$3:$C$47,0))),""))) | G20: =IF('計算A'!DJ$4=0,"",IF('調整・決定'!G20<>"",'調整・決定'!G20,IFERROR(INDEX('名簿'!$P$5:$P$49,INDEX('計算C'!$B$3:$B$47,MATCH(111,'計算C'!$C$3:$C$47,0))),""))) | H20: =IF('計算A'!EH$4=0,"",IF('調整・決定'!H20<>"",'調整・決定'!H20,IFERROR(INDEX('名簿'!$P$5:$P$49,INDEX('計算C'!$B$3:$B$47,MATCH(135,'計算C'!$C$3:$C$47,0))),"")))
B21: ='設定'!$I$26 | C21: =IF('計算A'!S$4=0,"",IF('調整・決定'!C21<>"",'調整・決定'!C21,IFERROR(INDEX('名簿'!$P$5:$P$49,INDEX('計算C'!$B$3:$B$47,MATCH(16,'計算C'!$C$3:$C$47,0))),""))) | D21: =IF('計算A'!AQ$4=0,"",IF('調整・決定'!D21<>"",'調整・決定'!D21,IFERROR(INDEX('名簿'!$P$5:$P$49,INDEX('計算C'!$B$3:$B$47,MATCH(40,'計算C'!$C$3:$C$47,0))),""))) | E21: =IF('計算A'!BO$4=0,"",IF('調整・決定'!E21<>"",'調整・決定'!E21,IFERROR(INDEX('名簿'!$P$5:$P$49,INDEX('計算C'!$B$3:$B$47,MATCH(64,'計算C'!$C$3:$C$47,0))),""))) | F21: =IF('計算A'!CM$4=0,"",IF('調整・決定'!F21<>"",'調整・決定'!F21,IFERROR(INDEX('名簿'!$P$5:$P$49,INDEX('計算C'!$B$3:$B$47,MATCH(88,'計算C'!$C$3:$C$47,0))),""))) | G21: =IF('計算A'!DK$4=0,"",IF('調整・決定'!G21<>"",'調整・決定'!G21,IFERROR(INDEX('名簿'!$P$5:$P$49,INDEX('計算C'!$B$3:$B$47,MATCH(112,'計算C'!$C$3:$C$47,0))),""))) | H21: =IF('計算A'!EI$4=0,"",IF('調整・決定'!H21<>"",'調整・決定'!H21,IFERROR(INDEX('名簿'!$P$5:$P$49,INDEX('計算C'!$B$3:$B$47,MATCH(136,'計算C'!$C$3:$C$47,0))),""))) | J21: 「調整・決定」への貼り付けかた
B22: ='設定'!$I$27 | C22: =IF('計算A'!T$4=0,"",IF('調整・決定'!C22<>"",'調整・決定'!C22,IFERROR(INDEX('名簿'!$P$5:$P$49,INDEX('計算C'!$B$3:$B$47,MATCH(17,'計算C'!$C$3:$C$47,0))),""))) | D22: =IF('計算A'!AR$4=0,"",IF('調整・決定'!D22<>"",'調整・決定'!D22,IFERROR(INDEX('名簿'!$P$5:$P$49,INDEX('計算C'!$B$3:$B$47,MATCH(41,'計算C'!$C$3:$C$47,0))),""))) | E22: =IF('計算A'!BP$4=0,"",IF('調整・決定'!E22<>"",'調整・決定'!E22,IFERROR(INDEX('名簿'!$P$5:$P$49,INDEX('計算C'!$B$3:$B$47,MATCH(65,'計算C'!$C$3:$C$47,0))),""))) | F22: =IF('計算A'!CN$4=0,"",IF('調整・決定'!F22<>"",'調整・決定'!F22,IFERROR(INDEX('名簿'!$P$5:$P$49,INDEX('計算C'!$B$3:$B$47,MATCH(89,'計算C'!$C$3:$C$47,0))),""))) | G22: =IF('計算A'!DL$4=0,"",IF('調整・決定'!G22<>"",'調整・決定'!G22,IFERROR(INDEX('名簿'!$P$5:$P$49,INDEX('計算C'!$B$3:$B$47,MATCH(113,'計算C'!$C$3:$C$47,0))),""))) | H22: =IF('計算A'!EJ$4=0,"",IF('調整・決定'!H22<>"",'調整・決定'!H22,IFERROR(INDEX('名簿'!$P$5:$P$49,INDEX('計算C'!$B$3:$B$47,MATCH(137,'計算C'!$C$3:$C$47,0))),""))) | J22: ① 自動案の表を選んで Ctrl + C（名前ボックスで「自動案Aの表」などを選ぶと全体を選べます）
B23: ='設定'!$I$28 | C23: =IF('計算A'!U$4=0,"",IF('調整・決定'!C23<>"",'調整・決定'!C23,IFERROR(INDEX('名簿'!$P$5:$P$49,INDEX('計算C'!$B$3:$B$47,MATCH(18,'計算C'!$C$3:$C$47,0))),""))) | D23: =IF('計算A'!AS$4=0,"",IF('調整・決定'!D23<>"",'調整・決定'!D23,IFERROR(INDEX('名簿'!$P$5:$P$49,INDEX('計算C'!$B$3:$B$47,MATCH(42,'計算C'!$C$3:$C$47,0))),""))) | E23: =IF('計算A'!BQ$4=0,"",IF('調整・決定'!E23<>"",'調整・決定'!E23,IFERROR(INDEX('名簿'!$P$5:$P$49,INDEX('計算C'!$B$3:$B$47,MATCH(66,'計算C'!$C$3:$C$47,0))),""))) | F23: =IF('計算A'!CO$4=0,"",IF('調整・決定'!F23<>"",'調整・決定'!F23,IFERROR(INDEX('名簿'!$P$5:$P$49,INDEX('計算C'!$B$3:$B$47,MATCH(90,'計算C'!$C$3:$C$47,0))),""))) | G23: =IF('計算A'!DM$4=0,"",IF('調整・決定'!G23<>"",'調整・決定'!G23,IFERROR(INDEX('名簿'!$P$5:$P$49,INDEX('計算C'!$B$3:$B$47,MATCH(114,'計算C'!$C$3:$C$47,0))),""))) | H23: =IF('計算A'!EK$4=0,"",IF('調整・決定'!H23<>"",'調整・決定'!H23,IFERROR(INDEX('名簿'!$P$5:$P$49,INDEX('計算C'!$B$3:$B$47,MATCH(138,'計算C'!$C$3:$C$47,0))),""))) | J23: ② 「調整・決定」の表の左上（いちばん早い日・時刻のマス）をクリック
B24: ='設定'!$I$29 | C24: =IF('計算A'!V$4=0,"",IF('調整・決定'!C24<>"",'調整・決定'!C24,IFERROR(INDEX('名簿'!$P$5:$P$49,INDEX('計算C'!$B$3:$B$47,MATCH(19,'計算C'!$C$3:$C$47,0))),""))) | D24: =IF('計算A'!AT$4=0,"",IF('調整・決定'!D24<>"",'調整・決定'!D24,IFERROR(INDEX('名簿'!$P$5:$P$49,INDEX('計算C'!$B$3:$B$47,MATCH(43,'計算C'!$C$3:$C$47,0))),""))) | E24: =IF('計算A'!BR$4=0,"",IF('調整・決定'!E24<>"",'調整・決定'!E24,IFERROR(INDEX('名簿'!$P$5:$P$49,INDEX('計算C'!$B$3:$B$47,MATCH(67,'計算C'!$C$3:$C$47,0))),""))) | F24: =IF('計算A'!CP$4=0,"",IF('調整・決定'!F24<>"",'調整・決定'!F24,IFERROR(INDEX('名簿'!$P$5:$P$49,INDEX('計算C'!$B$3:$B$47,MATCH(91,'計算C'!$C$3:$C$47,0))),""))) | G24: =IF('計算A'!DN$4=0,"",IF('調整・決定'!G24<>"",'調整・決定'!G24,IFERROR(INDEX('名簿'!$P$5:$P$49,INDEX('計算C'!$B$3:$B$47,MATCH(115,'計算C'!$C$3:$C$47,0))),""))) | H24: =IF('計算A'!EL$4=0,"",IF('調整・決定'!H24<>"",'調整・決定'!H24,IFERROR(INDEX('名簿'!$P$5:$P$49,INDEX('計算C'!$B$3:$B$47,MATCH(139,'計算C'!$C$3:$C$47,0))),""))) | J24: ③ 右クリック →［貼り付けのオプション］の「値」（123 の絵）。または Ctrl + Shift + V
B25: ='設定'!$I$30 | C25: =IF('計算A'!W$4=0,"",IF('調整・決定'!C25<>"",'調整・決定'!C25,IFERROR(INDEX('名簿'!$P$5:$P$49,INDEX('計算C'!$B$3:$B$47,MATCH(20,'計算C'!$C$3:$C$47,0))),""))) | D25: =IF('計算A'!AU$4=0,"",IF('調整・決定'!D25<>"",'調整・決定'!D25,IFERROR(INDEX('名簿'!$P$5:$P$49,INDEX('計算C'!$B$3:$B$47,MATCH(44,'計算C'!$C$3:$C$47,0))),""))) | E25: =IF('計算A'!BS$4=0,"",IF('調整・決定'!E25<>"",'調整・決定'!E25,IFERROR(INDEX('名簿'!$P$5:$P$49,INDEX('計算C'!$B$3:$B$47,MATCH(68,'計算C'!$C$3:$C$47,0))),""))) | F25: =IF('計算A'!CQ$4=0,"",IF('調整・決定'!F25<>"",'調整・決定'!F25,IFERROR(INDEX('名簿'!$P$5:$P$49,INDEX('計算C'!$B$3:$B$47,MATCH(92,'計算C'!$C$3:$C$47,0))),""))) | G25: =IF('計算A'!DO$4=0,"",IF('調整・決定'!G25<>"",'調整・決定'!G25,IFERROR(INDEX('名簿'!$P$5:$P$49,INDEX('計算C'!$B$3:$B$47,MATCH(116,'計算C'!$C$3:$C$47,0))),""))) | H25: =IF('計算A'!EM$4=0,"",IF('調整・決定'!H25<>"",'調整・決定'!H25,IFERROR(INDEX('名簿'!$P$5:$P$49,INDEX('計算C'!$B$3:$B$47,MATCH(140,'計算C'!$C$3:$C$47,0))),""))) | J25: ※ ふつうの貼り付け（Ctrl + V）は×。「循環参照」の注意が出たら、すぐ Ctrl + Z で元に戻します。
B26: ='設定'!$I$31 | C26: =IF('計算A'!X$4=0,"",IF('調整・決定'!C26<>"",'調整・決定'!C26,IFERROR(INDEX('名簿'!$P$5:$P$49,INDEX('計算C'!$B$3:$B$47,MATCH(21,'計算C'!$C$3:$C$47,0))),""))) | D26: =IF('計算A'!AV$4=0,"",IF('調整・決定'!D26<>"",'調整・決定'!D26,IFERROR(INDEX('名簿'!$P$5:$P$49,INDEX('計算C'!$B$3:$B$47,MATCH(45,'計算C'!$C$3:$C$47,0))),""))) | E26: =IF('計算A'!BT$4=0,"",IF('調整・決定'!E26<>"",'調整・決定'!E26,IFERROR(INDEX('名簿'!$P$5:$P$49,INDEX('計算C'!$B$3:$B$47,MATCH(69,'計算C'!$C$3:$C$47,0))),""))) | F26: =IF('計算A'!CR$4=0,"",IF('調整・決定'!F26<>"",'調整・決定'!F26,IFERROR(INDEX('名簿'!$P$5:$P$49,INDEX('計算C'!$B$3:$B$47,MATCH(93,'計算C'!$C$3:$C$47,0))),""))) | G26: =IF('計算A'!DP$4=0,"",IF('調整・決定'!G26<>"",'調整・決定'!G26,IFERROR(INDEX('名簿'!$P$5:$P$49,INDEX('計算C'!$B$3:$B$47,MATCH(117,'計算C'!$C$3:$C$47,0))),""))) | H26: =IF('計算A'!EN$4=0,"",IF('調整・決定'!H26<>"",'調整・決定'!H26,IFERROR(INDEX('名簿'!$P$5:$P$49,INDEX('計算C'!$B$3:$B$47,MATCH(141,'計算C'!$C$3:$C$47,0))),"")))
B27: ='設定'!$I$32 | C27: =IF('計算A'!Y$4=0,"",IF('調整・決定'!C27<>"",'調整・決定'!C27,IFERROR(INDEX('名簿'!$P$5:$P$49,INDEX('計算C'!$B$3:$B$47,MATCH(22,'計算C'!$C$3:$C$47,0))),""))) | D27: =IF('計算A'!AW$4=0,"",IF('調整・決定'!D27<>"",'調整・決定'!D27,IFERROR(INDEX('名簿'!$P$5:$P$49,INDEX('計算C'!$B$3:$B$47,MATCH(46,'計算C'!$C$3:$C$47,0))),""))) | E27: =IF('計算A'!BU$4=0,"",IF('調整・決定'!E27<>"",'調整・決定'!E27,IFERROR(INDEX('名簿'!$P$5:$P$49,INDEX('計算C'!$B$3:$B$47,MATCH(70,'計算C'!$C$3:$C$47,0))),""))) | F27: =IF('計算A'!CS$4=0,"",IF('調整・決定'!F27<>"",'調整・決定'!F27,IFERROR(INDEX('名簿'!$P$5:$P$49,INDEX('計算C'!$B$3:$B$47,MATCH(94,'計算C'!$C$3:$C$47,0))),""))) | G27: =IF('計算A'!DQ$4=0,"",IF('調整・決定'!G27<>"",'調整・決定'!G27,IFERROR(INDEX('名簿'!$P$5:$P$49,INDEX('計算C'!$B$3:$B$47,MATCH(118,'計算C'!$C$3:$C$47,0))),""))) | H27: =IF('計算A'!EO$4=0,"",IF('調整・決定'!H27<>"",'調整・決定'!H27,IFERROR(INDEX('名簿'!$P$5:$P$49,INDEX('計算C'!$B$3:$B$47,MATCH(142,'計算C'!$C$3:$C$47,0))),"")))
B28: ='設定'!$I$33 | C28: =IF('計算A'!Z$4=0,"",IF('調整・決定'!C28<>"",'調整・決定'!C28,IFERROR(INDEX('名簿'!$P$5:$P$49,INDEX('計算C'!$B$3:$B$47,MATCH(23,'計算C'!$C$3:$C$47,0))),""))) | D28: =IF('計算A'!AX$4=0,"",IF('調整・決定'!D28<>"",'調整・決定'!D28,IFERROR(INDEX('名簿'!$P$5:$P$49,INDEX('計算C'!$B$3:$B$47,MATCH(47,'計算C'!$C$3:$C$47,0))),""))) | E28: =IF('計算A'!BV$4=0,"",IF('調整・決定'!E28<>"",'調整・決定'!E28,IFERROR(INDEX('名簿'!$P$5:$P$49,INDEX('計算C'!$B$3:$B$47,MATCH(71,'計算C'!$C$3:$C$47,0))),""))) | F28: =IF('計算A'!CT$4=0,"",IF('調整・決定'!F28<>"",'調整・決定'!F28,IFERROR(INDEX('名簿'!$P$5:$P$49,INDEX('計算C'!$B$3:$B$47,MATCH(95,'計算C'!$C$3:$C$47,0))),""))) | G28: =IF('計算A'!DR$4=0,"",IF('調整・決定'!G28<>"",'調整・決定'!G28,IFERROR(INDEX('名簿'!$P$5:$P$49,INDEX('計算C'!$B$3:$B$47,MATCH(119,'計算C'!$C$3:$C$47,0))),""))) | H28: =IF('計算A'!EP$4=0,"",IF('調整・決定'!H28<>"",'調整・決定'!H28,IFERROR(INDEX('名簿'!$P$5:$P$49,INDEX('計算C'!$B$3:$B$47,MATCH(143,'計算C'!$C$3:$C$47,0))),"")))
B29: ='設定'!$I$34 | C29: =IF('計算A'!AA$4=0,"",IF('調整・決定'!C29<>"",'調整・決定'!C29,IFERROR(INDEX('名簿'!$P$5:$P$49,INDEX('計算C'!$B$3:$B$47,MATCH(24,'計算C'!$C$3:$C$47,0))),""))) | D29: =IF('計算A'!AY$4=0,"",IF('調整・決定'!D29<>"",'調整・決定'!D29,IFERROR(INDEX('名簿'!$P$5:$P$49,INDEX('計算C'!$B$3:$B$47,MATCH(48,'計算C'!$C$3:$C$47,0))),""))) | E29: =IF('計算A'!BW$4=0,"",IF('調整・決定'!E29<>"",'調整・決定'!E29,IFERROR(INDEX('名簿'!$P$5:$P$49,INDEX('計算C'!$B$3:$B$47,MATCH(72,'計算C'!$C$3:$C$47,0))),""))) | F29: =IF('計算A'!CU$4=0,"",IF('調整・決定'!F29<>"",'調整・決定'!F29,IFERROR(INDEX('名簿'!$P$5:$P$49,INDEX('計算C'!$B$3:$B$47,MATCH(96,'計算C'!$C$3:$C$47,0))),""))) | G29: =IF('計算A'!DS$4=0,"",IF('調整・決定'!G29<>"",'調整・決定'!G29,IFERROR(INDEX('名簿'!$P$5:$P$49,INDEX('計算C'!$B$3:$B$47,MATCH(120,'計算C'!$C$3:$C$47,0))),""))) | H29: =IF('計算A'!EQ$4=0,"",IF('調整・決定'!H29<>"",'調整・決定'!H29,IFERROR(INDEX('名簿'!$P$5:$P$49,INDEX('計算C'!$B$3:$B$47,MATCH(144,'計算C'!$C$3:$C$47,0))),"")))

Sheet 調整・決定
B1: 調整・決定 | E1: =HYPERLINK("#'ホーム'!A1","ホーム") | F1: =HYPERLINK("#'設定'!A1","① 設定") | G1: =HYPERLINK("#'名簿'!A1","② 名簿") | H1: =HYPERLINK("#'×入力'!A1","③ ×入力") | L1: =HYPERLINK("#'自動案A'!A1","④ 自動案A") | M1: =HYPERLINK("#'自動案B'!A1","④ 自動案B") | N1: =HYPERLINK("#'調整・決定'!A1","⑤ 調整・決定") | O1: =HYPERLINK("#'兄弟確認用'!A1","⑥ 兄弟確認") | P1: =HYPERLINK("#'お手紙（夏）'!A1","⑦ お手紙 夏") | Q1: =HYPERLINK("#'お手紙（秋）'!A1","⑧ お手紙 秋")
B2: ここに入れた人は、自動案では動きません（固定）。自動案を貼り付けたあと、プルダウンで手直しして日程を決めます。右の「児童を選ぶ」で選んだ児童の入れられる枠に色がつきます。
C4: {=IF(SUMPRODUCT(_xlfn.ISFORMULA(C6:H29)*1)>0,"⚠ ふつうの貼り付けになっています。すぐ Ctrl + Z で元に戻して、［値の貼り付け］（右クリック →「値」）をしてください。","")} | J4: 児童を選ぶ ▼
C5: ='設定'!$E$11 | D5: ='設定'!$E$12 | E5: ='設定'!$E$13 | F5: ='設定'!$E$14 | G5: ='設定'!$E$15 | H5: ='設定'!$E$16
B6: ='設定'!$I$11 | AA6: =IF(AND(C6="",'計算A'!D$115=0),0,IF(AND(C6<>"",'計算A'!D$4=0),1,IF(IF(C6="",0,IFERROR(INDEX('計算A'!D$10:D$54,MATCH(C6,'計算A'!$B$10:$B$54,0)),0))=1,2,IF(AND(C6<>"",COUNTIF($C$6:$H$29,C6)>1),3,IF('計算A'!D$4=0,4,IF(AND(C6<>"",'計算A'!D$108=1),5,IF(AND(C6="",'計算A'!D$108=1),6,IF(AND(C6<>"",C6=$J$5),7,IF(IF('計算A'!$B$8>0,INDEX('計算A'!D$10:D$54,'計算A'!$B$8),0)=1,8,IF(AND(C6="",IF('計算A'!$B$8>0,INDEX('計算A'!D$60:D$104,'計算A'!$B$8),0)=1),9,IF(AND(C6<>"",IF('計算A'!$B$8>0,INDEX('計算A'!D$60:D$104,'計算A'!$B$8),0)=1),10,IF(AND(C6="",'計算A'!D$5=1),11,12)))))))))))) | AB6: =IF(AND(D6="",'計算A'!AB$115=0),0,IF(AND(D6<>"",'計算A'!AB$4=0),1,IF(IF(D6="",0,IFERROR(INDEX('計算A'!AB$10:AB$54,MATCH(D6,'計算A'!$B$10:$B$54,0)),0))=1,2,IF(AND(D6<>"",COUNTIF($C$6:$H$29,D6)>1),3,IF('計算A'!AB$4=0,4,IF(AND(D6<>"",'計算A'!AB$108=1),5,IF(AND(D6="",'計算A'!AB$108=1),6,IF(AND(D6<>"",D6=$J$5),7,IF(IF('計算A'!$B$8>0,INDEX('計算A'!AB$10:AB$54,'計算A'!$B$8),0)=1,8,IF(AND(D6="",IF('計算A'!$B$8>0,INDEX('計算A'!AB$60:AB$104,'計算A'!$B$8),0)=1),9,IF(AND(D6<>"",IF('計算A'!$B$8>0,INDEX('計算A'!AB$60:AB$104,'計算A'!$B$8),0)=1),10,IF(AND(D6="",'計算A'!AB$5=1),11,12)))))))))))) | AC6: =IF(AND(E6="",'計算A'!AZ$115=0),0,IF(AND(E6<>"",'計算A'!AZ$4=0),1,IF(IF(E6="",0,IFERROR(INDEX('計算A'!AZ$10:AZ$54,MATCH(E6,'計算A'!$B$10:$B$54,0)),0))=1,2,IF(AND(E6<>"",COUNTIF($C$6:$H$29,E6)>1),3,IF('計算A'!AZ$4=0,4,IF(AND(E6<>"",'計算A'!AZ$108=1),5,IF(AND(E6="",'計算A'!AZ$108=1),6,IF(AND(E6<>"",E6=$J$5),7,IF(IF('計算A'!$B$8>0,INDEX('計算A'!AZ$10:AZ$54,'計算A'!$B$8),0)=1,8,IF(AND(E6="",IF('計算A'!$B$8>0,INDEX('計算A'!AZ$60:AZ$104,'計算A'!$B$8),0)=1),9,IF(AND(E6<>"",IF('計算A'!$B$8>0,INDEX('計算A'!AZ$60:AZ$104,'計算A'!$B$8),0)=1),10,IF(AND(E6="",'計算A'!AZ$5=1),11,12)))))))))))) | AD6: =IF(AND(F6="",'計算A'!BX$115=0),0,IF(AND(F6<>"",'計算A'!BX$4=0),1,IF(IF(F6="",0,IFERROR(INDEX('計算A'!BX$10:BX$54,MATCH(F6,'計算A'!$B$10:$B$54,0)),0))=1,2,IF(AND(F6<>"",COUNTIF($C$6:$H$29,F6)>1),3,IF('計算A'!BX$4=0,4,IF(AND(F6<>"",'計算A'!BX$108=1),5,IF(AND(F6="",'計算A'!BX$108=1),6,IF(AND(F6<>"",F6=$J$5),7,IF(IF('計算A'!$B$8>0,INDEX('計算A'!BX$10:BX$54,'計算A'!$B$8),0)=1,8,IF(AND(F6="",IF('計算A'!$B$8>0,INDEX('計算A'!BX$60:BX$104,'計算A'!$B$8),0)=1),9,IF(AND(F6<>"",IF('計算A'!$B$8>0,INDEX('計算A'!BX$60:BX$104,'計算A'!$B$8),0)=1),10,IF(AND(F6="",'計算A'!BX$5=1),11,12)))))))))))) | AE6: =IF(AND(G6="",'計算A'!CV$115=0),0,IF(AND(G6<>"",'計算A'!CV$4=0),1,IF(IF(G6="",0,IFERROR(INDEX('計算A'!CV$10:CV$54,MATCH(G6,'計算A'!$B$10:$B$54,0)),0))=1,2,IF(AND(G6<>"",COUNTIF($C$6:$H$29,G6)>1),3,IF('計算A'!CV$4=0,4,IF(AND(G6<>"",'計算A'!CV$108=1),5,IF(AND(G6="",'計算A'!CV$108=1),6,IF(AND(G6<>"",G6=$J$5),7,IF(IF('計算A'!$B$8>0,INDEX('計算A'!CV$10:CV$54,'計算A'!$B$8),0)=1,8,IF(AND(G6="",IF('計算A'!$B$8>0,INDEX('計算A'!CV$60:CV$104,'計算A'!$B$8),0)=1),9,IF(AND(G6<>"",IF('計算A'!$B$8>0,INDEX('計算A'!CV$60:CV$104,'計算A'!$B$8),0)=1),10,IF(AND(G6="",'計算A'!CV$5=1),11,12)))))))))))) | AF6: =IF(AND(H6="",'計算A'!DT$115=0),0,IF(AND(H6<>"",'計算A'!DT$4=0),1,IF(IF(H6="",0,IFERROR(INDEX('計算A'!DT$10:DT$54,MATCH(H6,'計算A'!$B$10:$B$54,0)),0))=1,2,IF(AND(H6<>"",COUNTIF($C$6:$H$29,H6)>1),3,IF('計算A'!DT$4=0,4,IF(AND(H6<>"",'計算A'!DT$108=1),5,IF(AND(H6="",'計算A'!DT$108=1),6,IF(AND(H6<>"",H6=$J$5),7,IF(IF('計算A'!$B$8>0,INDEX('計算A'!DT$10:DT$54,'計算A'!$B$8),0)=1,8,IF(AND(H6="",IF('計算A'!$B$8>0,INDEX('計算A'!DT$60:DT$104,'計算A'!$B$8),0)=1),9,IF(AND(H6<>"",IF('計算A'!$B$8>0,INDEX('計算A'!DT$60:DT$104,'計算A'!$B$8),0)=1),10,IF(AND(H6="",'計算A'!DT$5=1),11,12))))))))))))
B7: ='設定'!$I$12 | J7: 状況 | K7: =IF('計算A'!$B$8=0,"",INDEX('名簿'!$Q$5:$Q$49,'計算A'!$B$8)) | AA7: =IF(AND(C7="",'計算A'!E$115=0),0,IF(AND(C7<>"",'計算A'!E$4=0),1,IF(IF(C7="",0,IFERROR(INDEX('計算A'!E$10:E$54,MATCH(C7,'計算A'!$B$10:$B$54,0)),0))=1,2,IF(AND(C7<>"",COUNTIF($C$6:$H$29,C7)>1),3,IF('計算A'!E$4=0,4,IF(AND(C7<>"",'計算A'!E$108=1),5,IF(AND(C7="",'計算A'!E$108=1),6,IF(AND(C7<>"",C7=$J$5),7,IF(IF('計算A'!$B$8>0,INDEX('計算A'!E$10:E$54,'計算A'!$B$8),0)=1,8,IF(AND(C7="",IF('計算A'!$B$8>0,INDEX('計算A'!E$60:E$104,'計算A'!$B$8),0)=1),9,IF(AND(C7<>"",IF('計算A'!$B$8>0,INDEX('計算A'!E$60:E$104,'計算A'!$B$8),0)=1),10,IF(AND(C7="",'計算A'!E$5=1),11,12)))))))))))) | AB7: =IF(AND(D7="",'計算A'!AC$115=0),0,IF(AND(D7<>"",'計算A'!AC$4=0),1,IF(IF(D7="",0,IFERROR(INDEX('計算A'!AC$10:AC$54,MATCH(D7,'計算A'!$B$10:$B$54,0)),0))=1,2,IF(AND(D7<>"",COUNTIF($C$6:$H$29,D7)>1),3,IF('計算A'!AC$4=0,4,IF(AND(D7<>"",'計算A'!AC$108=1),5,IF(AND(D7="",'計算A'!AC$108=1),6,IF(AND(D7<>"",D7=$J$5),7,IF(IF('計算A'!$B$8>0,INDEX('計算A'!AC$10:AC$54,'計算A'!$B$8),0)=1,8,IF(AND(D7="",IF('計算A'!$B$8>0,INDEX('計算A'!AC$60:AC$104,'計算A'!$B$8),0)=1),9,IF(AND(D7<>"",IF('計算A'!$B$8>0,INDEX('計算A'!AC$60:AC$104,'計算A'!$B$8),0)=1),10,IF(AND(D7="",'計算A'!AC$5=1),11,12)))))))))))) | AC7: =IF(AND(E7="",'計算A'!BA$115=0),0,IF(AND(E7<>"",'計算A'!BA$4=0),1,IF(IF(E7="",0,IFERROR(INDEX('計算A'!BA$10:BA$54,MATCH(E7,'計算A'!$B$10:$B$54,0)),0))=1,2,IF(AND(E7<>"",COUNTIF($C$6:$H$29,E7)>1),3,IF('計算A'!BA$4=0,4,IF(AND(E7<>"",'計算A'!BA$108=1),5,IF(AND(E7="",'計算A'!BA$108=1),6,IF(AND(E7<>"",E7=$J$5),7,IF(IF('計算A'!$B$8>0,INDEX('計算A'!BA$10:BA$54,'計算A'!$B$8),0)=1,8,IF(AND(E7="",IF('計算A'!$B$8>0,INDEX('計算A'!BA$60:BA$104,'計算A'!$B$8),0)=1),9,IF(AND(E7<>"",IF('計算A'!$B$8>0,INDEX('計算A'!BA$60:BA$104,'計算A'!$B$8),0)=1),10,IF(AND(E7="",'計算A'!BA$5=1),11,12)))))))))))) | AD7: =IF(AND(F7="",'計算A'!BY$115=0),0,IF(AND(F7<>"",'計算A'!BY$4=0),1,IF(IF(F7="",0,IFERROR(INDEX('計算A'!BY$10:BY$54,MATCH(F7,'計算A'!$B$10:$B$54,0)),0))=1,2,IF(AND(F7<>"",COUNTIF($C$6:$H$29,F7)>1),3,IF('計算A'!BY$4=0,4,IF(AND(F7<>"",'計算A'!BY$108=1),5,IF(AND(F7="",'計算A'!BY$108=1),6,IF(AND(F7<>"",F7=$J$5),7,IF(IF('計算A'!$B$8>0,INDEX('計算A'!BY$10:BY$54,'計算A'!$B$8),0)=1,8,IF(AND(F7="",IF('計算A'!$B$8>0,INDEX('計算A'!BY$60:BY$104,'計算A'!$B$8),0)=1),9,IF(AND(F7<>"",IF('計算A'!$B$8>0,INDEX('計算A'!BY$60:BY$104,'計算A'!$B$8),0)=1),10,IF(AND(F7="",'計算A'!BY$5=1),11,12)))))))))))) | AE7: =IF(AND(G7="",'計算A'!CW$115=0),0,IF(AND(G7<>"",'計算A'!CW$4=0),1,IF(IF(G7="",0,IFERROR(INDEX('計算A'!CW$10:CW$54,MATCH(G7,'計算A'!$B$10:$B$54,0)),0))=1,2,IF(AND(G7<>"",COUNTIF($C$6:$H$29,G7)>1),3,IF('計算A'!CW$4=0,4,IF(AND(G7<>"",'計算A'!CW$108=1),5,IF(AND(G7="",'計算A'!CW$108=1),6,IF(AND(G7<>"",G7=$J$5),7,IF(IF('計算A'!$B$8>0,INDEX('計算A'!CW$10:CW$54,'計算A'!$B$8),0)=1,8,IF(AND(G7="",IF('計算A'!$B$8>0,INDEX('計算A'!CW$60:CW$104,'計算A'!$B$8),0)=1),9,IF(AND(G7<>"",IF('計算A'!$B$8>0,INDEX('計算A'!CW$60:CW$104,'計算A'!$B$8),0)=1),10,IF(AND(G7="",'計算A'!CW$5=1),11,12)))))))))))) | AF7: =IF(AND(H7="",'計算A'!DU$115=0),0,IF(AND(H7<>"",'計算A'!DU$4=0),1,IF(IF(H7="",0,IFERROR(INDEX('計算A'!DU$10:DU$54,MATCH(H7,'計算A'!$B$10:$B$54,0)),0))=1,2,IF(AND(H7<>"",COUNTIF($C$6:$H$29,H7)>1),3,IF('計算A'!DU$4=0,4,IF(AND(H7<>"",'計算A'!DU$108=1),5,IF(AND(H7="",'計算A'!DU$108=1),6,IF(AND(H7<>"",H7=$J$5),7,IF(IF('計算A'!$B$8>0,INDEX('計算A'!DU$10:DU$54,'計算A'!$B$8),0)=1,8,IF(AND(H7="",IF('計算A'!$B$8>0,INDEX('計算A'!DU$60:DU$104,'計算A'!$B$8),0)=1),9,IF(AND(H7<>"",IF('計算A'!$B$8>0,INDEX('計算A'!DU$60:DU$104,'計算A'!$B$8),0)=1),10,IF(AND(H7="",'計算A'!DU$5=1),11,12))))))))))))
B8: ='設定'!$I$13 | J8: ×の数 | K8: =IF('計算A'!$B$8=0,"",INDEX('名簿'!$R$5:$R$49,'計算A'!$B$8)) | AA8: =IF(AND(C8="",'計算A'!F$115=0),0,IF(AND(C8<>"",'計算A'!F$4=0),1,IF(IF(C8="",0,IFERROR(INDEX('計算A'!F$10:F$54,MATCH(C8,'計算A'!$B$10:$B$54,0)),0))=1,2,IF(AND(C8<>"",COUNTIF($C$6:$H$29,C8)>1),3,IF('計算A'!F$4=0,4,IF(AND(C8<>"",'計算A'!F$108=1),5,IF(AND(C8="",'計算A'!F$108=1),6,IF(AND(C8<>"",C8=$J$5),7,IF(IF('計算A'!$B$8>0,INDEX('計算A'!F$10:F$54,'計算A'!$B$8),0)=1,8,IF(AND(C8="",IF('計算A'!$B$8>0,INDEX('計算A'!F$60:F$104,'計算A'!$B$8),0)=1),9,IF(AND(C8<>"",IF('計算A'!$B$8>0,INDEX('計算A'!F$60:F$104,'計算A'!$B$8),0)=1),10,IF(AND(C8="",'計算A'!F$5=1),11,12)))))))))))) | AB8: =IF(AND(D8="",'計算A'!AD$115=0),0,IF(AND(D8<>"",'計算A'!AD$4=0),1,IF(IF(D8="",0,IFERROR(INDEX('計算A'!AD$10:AD$54,MATCH(D8,'計算A'!$B$10:$B$54,0)),0))=1,2,IF(AND(D8<>"",COUNTIF($C$6:$H$29,D8)>1),3,IF('計算A'!AD$4=0,4,IF(AND(D8<>"",'計算A'!AD$108=1),5,IF(AND(D8="",'計算A'!AD$108=1),6,IF(AND(D8<>"",D8=$J$5),7,IF(IF('計算A'!$B$8>0,INDEX('計算A'!AD$10:AD$54,'計算A'!$B$8),0)=1,8,IF(AND(D8="",IF('計算A'!$B$8>0,INDEX('計算A'!AD$60:AD$104,'計算A'!$B$8),0)=1),9,IF(AND(D8<>"",IF('計算A'!$B$8>0,INDEX('計算A'!AD$60:AD$104,'計算A'!$B$8),0)=1),10,IF(AND(D8="",'計算A'!AD$5=1),11,12)))))))))))) | AC8: =IF(AND(E8="",'計算A'!BB$115=0),0,IF(AND(E8<>"",'計算A'!BB$4=0),1,IF(IF(E8="",0,IFERROR(INDEX('計算A'!BB$10:BB$54,MATCH(E8,'計算A'!$B$10:$B$54,0)),0))=1,2,IF(AND(E8<>"",COUNTIF($C$6:$H$29,E8)>1),3,IF('計算A'!BB$4=0,4,IF(AND(E8<>"",'計算A'!BB$108=1),5,IF(AND(E8="",'計算A'!BB$108=1),6,IF(AND(E8<>"",E8=$J$5),7,IF(IF('計算A'!$B$8>0,INDEX('計算A'!BB$10:BB$54,'計算A'!$B$8),0)=1,8,IF(AND(E8="",IF('計算A'!$B$8>0,INDEX('計算A'!BB$60:BB$104,'計算A'!$B$8),0)=1),9,IF(AND(E8<>"",IF('計算A'!$B$8>0,INDEX('計算A'!BB$60:BB$104,'計算A'!$B$8),0)=1),10,IF(AND(E8="",'計算A'!BB$5=1),11,12)))))))))))) | AD8: =IF(AND(F8="",'計算A'!BZ$115=0),0,IF(AND(F8<>"",'計算A'!BZ$4=0),1,IF(IF(F8="",0,IFERROR(INDEX('計算A'!BZ$10:BZ$54,MATCH(F8,'計算A'!$B$10:$B$54,0)),0))=1,2,IF(AND(F8<>"",COUNTIF($C$6:$H$29,F8)>1),3,IF('計算A'!BZ$4=0,4,IF(AND(F8<>"",'計算A'!BZ$108=1),5,IF(AND(F8="",'計算A'!BZ$108=1),6,IF(AND(F8<>"",F8=$J$5),7,IF(IF('計算A'!$B$8>0,INDEX('計算A'!BZ$10:BZ$54,'計算A'!$B$8),0)=1,8,IF(AND(F8="",IF('計算A'!$B$8>0,INDEX('計算A'!BZ$60:BZ$104,'計算A'!$B$8),0)=1),9,IF(AND(F8<>"",IF('計算A'!$B$8>0,INDEX('計算A'!BZ$60:BZ$104,'計算A'!$B$8),0)=1),10,IF(AND(F8="",'計算A'!BZ$5=1),11,12)))))))))))) | AE8: =IF(AND(G8="",'計算A'!CX$115=0),0,IF(AND(G8<>"",'計算A'!CX$4=0),1,IF(IF(G8="",0,IFERROR(INDEX('計算A'!CX$10:CX$54,MATCH(G8,'計算A'!$B$10:$B$54,0)),0))=1,2,IF(AND(G8<>"",COUNTIF($C$6:$H$29,G8)>1),3,IF('計算A'!CX$4=0,4,IF(AND(G8<>"",'計算A'!CX$108=1),5,IF(AND(G8="",'計算A'!CX$108=1),6,IF(AND(G8<>"",G8=$J$5),7,IF(IF('計算A'!$B$8>0,INDEX('計算A'!CX$10:CX$54,'計算A'!$B$8),0)=1,8,IF(AND(G8="",IF('計算A'!$B$8>0,INDEX('計算A'!CX$60:CX$104,'計算A'!$B$8),0)=1),9,IF(AND(G8<>"",IF('計算A'!$B$8>0,INDEX('計算A'!CX$60:CX$104,'計算A'!$B$8),0)=1),10,IF(AND(G8="",'計算A'!CX$5=1),11,12)))))))))))) | AF8: =IF(AND(H8="",'計算A'!DV$115=0),0,IF(AND(H8<>"",'計算A'!DV$4=0),1,IF(IF(H8="",0,IFERROR(INDEX('計算A'!DV$10:DV$54,MATCH(H8,'計算A'!$B$10:$B$54,0)),0))=1,2,IF(AND(H8<>"",COUNTIF($C$6:$H$29,H8)>1),3,IF('計算A'!DV$4=0,4,IF(AND(H8<>"",'計算A'!DV$108=1),5,IF(AND(H8="",'計算A'!DV$108=1),6,IF(AND(H8<>"",H8=$J$5),7,IF(IF('計算A'!$B$8>0,INDEX('計算A'!DV$10:DV$54,'計算A'!$B$8),0)=1,8,IF(AND(H8="",IF('計算A'!$B$8>0,INDEX('計算A'!DV$60:DV$104,'計算A'!$B$8),0)=1),9,IF(AND(H8<>"",IF('計算A'!$B$8>0,INDEX('計算A'!DV$60:DV$104,'計算A'!$B$8),0)=1),10,IF(AND(H8="",'計算A'!DV$5=1),11,12))))))))))))
B9: ='設定'!$I$14 | J9: 今の枠 | K9: =IF('計算A'!$B$8=0,"",INDEX('名簿'!$U$5:$U$49,'計算A'!$B$8)&" "&INDEX('名簿'!$V$5:$V$49,'計算A'!$B$8)) | AA9: =IF(AND(C9="",'計算A'!G$115=0),0,IF(AND(C9<>"",'計算A'!G$4=0),1,IF(IF(C9="",0,IFERROR(INDEX('計算A'!G$10:G$54,MATCH(C9,'計算A'!$B$10:$B$54,0)),0))=1,2,IF(AND(C9<>"",COUNTIF($C$6:$H$29,C9)>1),3,IF('計算A'!G$4=0,4,IF(AND(C9<>"",'計算A'!G$108=1),5,IF(AND(C9="",'計算A'!G$108=1),6,IF(AND(C9<>"",C9=$J$5),7,IF(IF('計算A'!$B$8>0,INDEX('計算A'!G$10:G$54,'計算A'!$B$8),0)=1,8,IF(AND(C9="",IF('計算A'!$B$8>0,INDEX('計算A'!G$60:G$104,'計算A'!$B$8),0)=1),9,IF(AND(C9<>"",IF('計算A'!$B$8>0,INDEX('計算A'!G$60:G$104,'計算A'!$B$8),0)=1),10,IF(AND(C9="",'計算A'!G$5=1),11,12)))))))))))) | AB9: =IF(AND(D9="",'計算A'!AE$115=0),0,IF(AND(D9<>"",'計算A'!AE$4=0),1,IF(IF(D9="",0,IFERROR(INDEX('計算A'!AE$10:AE$54,MATCH(D9,'計算A'!$B$10:$B$54,0)),0))=1,2,IF(AND(D9<>"",COUNTIF($C$6:$H$29,D9)>1),3,IF('計算A'!AE$4=0,4,IF(AND(D9<>"",'計算A'!AE$108=1),5,IF(AND(D9="",'計算A'!AE$108=1),6,IF(AND(D9<>"",D9=$J$5),7,IF(IF('計算A'!$B$8>0,INDEX('計算A'!AE$10:AE$54,'計算A'!$B$8),0)=1,8,IF(AND(D9="",IF('計算A'!$B$8>0,INDEX('計算A'!AE$60:AE$104,'計算A'!$B$8),0)=1),9,IF(AND(D9<>"",IF('計算A'!$B$8>0,INDEX('計算A'!AE$60:AE$104,'計算A'!$B$8),0)=1),10,IF(AND(D9="",'計算A'!AE$5=1),11,12)))))))))))) | AC9: =IF(AND(E9="",'計算A'!BC$115=0),0,IF(AND(E9<>"",'計算A'!BC$4=0),1,IF(IF(E9="",0,IFERROR(INDEX('計算A'!BC$10:BC$54,MATCH(E9,'計算A'!$B$10:$B$54,0)),0))=1,2,IF(AND(E9<>"",COUNTIF($C$6:$H$29,E9)>1),3,IF('計算A'!BC$4=0,4,IF(AND(E9<>"",'計算A'!BC$108=1),5,IF(AND(E9="",'計算A'!BC$108=1),6,IF(AND(E9<>"",E9=$J$5),7,IF(IF('計算A'!$B$8>0,INDEX('計算A'!BC$10:BC$54,'計算A'!$B$8),0)=1,8,IF(AND(E9="",IF('計算A'!$B$8>0,INDEX('計算A'!BC$60:BC$104,'計算A'!$B$8),0)=1),9,IF(AND(E9<>"",IF('計算A'!$B$8>0,INDEX('計算A'!BC$60:BC$104,'計算A'!$B$8),0)=1),10,IF(AND(E9="",'計算A'!BC$5=1),11,12)))))))))))) | AD9: =IF(AND(F9="",'計算A'!CA$115=0),0,IF(AND(F9<>"",'計算A'!CA$4=0),1,IF(IF(F9="",0,IFERROR(INDEX('計算A'!CA$10:CA$54,MATCH(F9,'計算A'!$B$10:$B$54,0)),0))=1,2,IF(AND(F9<>"",COUNTIF($C$6:$H$29,F9)>1),3,IF('計算A'!CA$4=0,4,IF(AND(F9<>"",'計算A'!CA$108=1),5,IF(AND(F9="",'計算A'!CA$108=1),6,IF(AND(F9<>"",F9=$J$5),7,IF(IF('計算A'!$B$8>0,INDEX('計算A'!CA$10:CA$54,'計算A'!$B$8),0)=1,8,IF(AND(F9="",IF('計算A'!$B$8>0,INDEX('計算A'!CA$60:CA$104,'計算A'!$B$8),0)=1),9,IF(AND(F9<>"",IF('計算A'!$B$8>0,INDEX('計算A'!CA$60:CA$104,'計算A'!$B$8),0)=1),10,IF(AND(F9="",'計算A'!CA$5=1),11,12)))))))))))) | AE9: =IF(AND(G9="",'計算A'!CY$115=0),0,IF(AND(G9<>"",'計算A'!CY$4=0),1,IF(IF(G9="",0,IFERROR(INDEX('計算A'!CY$10:CY$54,MATCH(G9,'計算A'!$B$10:$B$54,0)),0))=1,2,IF(AND(G9<>"",COUNTIF($C$6:$H$29,G9)>1),3,IF('計算A'!CY$4=0,4,IF(AND(G9<>"",'計算A'!CY$108=1),5,IF(AND(G9="",'計算A'!CY$108=1),6,IF(AND(G9<>"",G9=$J$5),7,IF(IF('計算A'!$B$8>0,INDEX('計算A'!CY$10:CY$54,'計算A'!$B$8),0)=1,8,IF(AND(G9="",IF('計算A'!$B$8>0,INDEX('計算A'!CY$60:CY$104,'計算A'!$B$8),0)=1),9,IF(AND(G9<>"",IF('計算A'!$B$8>0,INDEX('計算A'!CY$60:CY$104,'計算A'!$B$8),0)=1),10,IF(AND(G9="",'計算A'!CY$5=1),11,12)))))))))))) | AF9: =IF(AND(H9="",'計算A'!DW$115=0),0,IF(AND(H9<>"",'計算A'!DW$4=0),1,IF(IF(H9="",0,IFERROR(INDEX('計算A'!DW$10:DW$54,MATCH(H9,'計算A'!$B$10:$B$54,0)),0))=1,2,IF(AND(H9<>"",COUNTIF($C$6:$H$29,H9)>1),3,IF('計算A'!DW$4=0,4,IF(AND(H9<>"",'計算A'!DW$108=1),5,IF(AND(H9="",'計算A'!DW$108=1),6,IF(AND(H9<>"",H9=$J$5),7,IF(IF('計算A'!$B$8>0,INDEX('計算A'!DW$10:DW$54,'計算A'!$B$8),0)=1,8,IF(AND(H9="",IF('計算A'!$B$8>0,INDEX('計算A'!DW$60:DW$104,'計算A'!$B$8),0)=1),9,IF(AND(H9<>"",IF('計算A'!$B$8>0,INDEX('計算A'!DW$60:DW$104,'計算A'!$B$8),0)=1),10,IF(AND(H9="",'計算A'!DW$5=1),11,12))))))))))))
B10: ='設定'!$I$15 | J10: 兄弟 | K10: =IF('計算A'!$B$8=0,"",IF(INDEX('名簿'!$E$5:$E$49,'計算A'!$B$8)="","",INDEX('名簿'!$F$5:$F$49,'計算A'!$B$8)&" "&INDEX('名簿'!$G$5:$G$49,'計算A'!$B$8)&" "&INDEX('名簿'!$H$5:$H$49,'計算A'!$B$8))) | AA10: =IF(AND(C10="",'計算A'!H$115=0),0,IF(AND(C10<>"",'計算A'!H$4=0),1,IF(IF(C10="",0,IFERROR(INDEX('計算A'!H$10:H$54,MATCH(C10,'計算A'!$B$10:$B$54,0)),0))=1,2,IF(AND(C10<>"",COUNTIF($C$6:$H$29,C10)>1),3,IF('計算A'!H$4=0,4,IF(AND(C10<>"",'計算A'!H$108=1),5,IF(AND(C10="",'計算A'!H$108=1),6,IF(AND(C10<>"",C10=$J$5),7,IF(IF('計算A'!$B$8>0,INDEX('計算A'!H$10:H$54,'計算A'!$B$8),0)=1,8,IF(AND(C10="",IF('計算A'!$B$8>0,INDEX('計算A'!H$60:H$104,'計算A'!$B$8),0)=1),9,IF(AND(C10<>"",IF('計算A'!$B$8>0,INDEX('計算A'!H$60:H$104,'計算A'!$B$8),0)=1),10,IF(AND(C10="",'計算A'!H$5=1),11,12)))))))))))) | AB10: =IF(AND(D10="",'計算A'!AF$115=0),0,IF(AND(D10<>"",'計算A'!AF$4=0),1,IF(IF(D10="",0,IFERROR(INDEX('計算A'!AF$10:AF$54,MATCH(D10,'計算A'!$B$10:$B$54,0)),0))=1,2,IF(AND(D10<>"",COUNTIF($C$6:$H$29,D10)>1),3,IF('計算A'!AF$4=0,4,IF(AND(D10<>"",'計算A'!AF$108=1),5,IF(AND(D10="",'計算A'!AF$108=1),6,IF(AND(D10<>"",D10=$J$5),7,IF(IF('計算A'!$B$8>0,INDEX('計算A'!AF$10:AF$54,'計算A'!$B$8),0)=1,8,IF(AND(D10="",IF('計算A'!$B$8>0,INDEX('計算A'!AF$60:AF$104,'計算A'!$B$8),0)=1),9,IF(AND(D10<>"",IF('計算A'!$B$8>0,INDEX('計算A'!AF$60:AF$104,'計算A'!$B$8),0)=1),10,IF(AND(D10="",'計算A'!AF$5=1),11,12)))))))))))) | AC10: =IF(AND(E10="",'計算A'!BD$115=0),0,IF(AND(E10<>"",'計算A'!BD$4=0),1,IF(IF(E10="",0,IFERROR(INDEX('計算A'!BD$10:BD$54,MATCH(E10,'計算A'!$B$10:$B$54,0)),0))=1,2,IF(AND(E10<>"",COUNTIF($C$6:$H$29,E10)>1),3,IF('計算A'!BD$4=0,4,IF(AND(E10<>"",'計算A'!BD$108=1),5,IF(AND(E10="",'計算A'!BD$108=1),6,IF(AND(E10<>"",E10=$J$5),7,IF(IF('計算A'!$B$8>0,INDEX('計算A'!BD$10:BD$54,'計算A'!$B$8),0)=1,8,IF(AND(E10="",IF('計算A'!$B$8>0,INDEX('計算A'!BD$60:BD$104,'計算A'!$B$8),0)=1),9,IF(AND(E10<>"",IF('計算A'!$B$8>0,INDEX('計算A'!BD$60:BD$104,'計算A'!$B$8),0)=1),10,IF(AND(E10="",'計算A'!BD$5=1),11,12)))))))))))) | AD10: =IF(AND(F10="",'計算A'!CB$115=0),0,IF(AND(F10<>"",'計算A'!CB$4=0),1,IF(IF(F10="",0,IFERROR(INDEX('計算A'!CB$10:CB$54,MATCH(F10,'計算A'!$B$10:$B$54,0)),0))=1,2,IF(AND(F10<>"",COUNTIF($C$6:$H$29,F10)>1),3,IF('計算A'!CB$4=0,4,IF(AND(F10<>"",'計算A'!CB$108=1),5,IF(AND(F10="",'計算A'!CB$108=1),6,IF(AND(F10<>"",F10=$J$5),7,IF(IF('計算A'!$B$8>0,INDEX('計算A'!CB$10:CB$54,'計算A'!$B$8),0)=1,8,IF(AND(F10="",IF('計算A'!$B$8>0,INDEX('計算A'!CB$60:CB$104,'計算A'!$B$8),0)=1),9,IF(AND(F10<>"",IF('計算A'!$B$8>0,INDEX('計算A'!CB$60:CB$104,'計算A'!$B$8),0)=1),10,IF(AND(F10="",'計算A'!CB$5=1),11,12)))))))))))) | AE10: =IF(AND(G10="",'計算A'!CZ$115=0),0,IF(AND(G10<>"",'計算A'!CZ$4=0),1,IF(IF(G10="",0,IFERROR(INDEX('計算A'!CZ$10:CZ$54,MATCH(G10,'計算A'!$B$10:$B$54,0)),0))=1,2,IF(AND(G10<>"",COUNTIF($C$6:$H$29,G10)>1),3,IF('計算A'!CZ$4=0,4,IF(AND(G10<>"",'計算A'!CZ$108=1),5,IF(AND(G10="",'計算A'!CZ$108=1),6,IF(AND(G10<>"",G10=$J$5),7,IF(IF('計算A'!$B$8>0,INDEX('計算A'!CZ$10:CZ$54,'計算A'!$B$8),0)=1,8,IF(AND(G10="",IF('計算A'!$B$8>0,INDEX('計算A'!CZ$60:CZ$104,'計算A'!$B$8),0)=1),9,IF(AND(G10<>"",IF('計算A'!$B$8>0,INDEX('計算A'!CZ$60:CZ$104,'計算A'!$B$8),0)=1),10,IF(AND(G10="",'計算A'!CZ$5=1),11,12)))))))))))) | AF10: =IF(AND(H10="",'計算A'!DX$115=0),0,IF(AND(H10<>"",'計算A'!DX$4=0),1,IF(IF(H10="",0,IFERROR(INDEX('計算A'!DX$10:DX$54,MATCH(H10,'計算A'!$B$10:$B$54,0)),0))=1,2,IF(AND(H10<>"",COUNTIF($C$6:$H$29,H10)>1),3,IF('計算A'!DX$4=0,4,IF(AND(H10<>"",'計算A'!DX$108=1),5,IF(AND(H10="",'計算A'!DX$108=1),6,IF(AND(H10<>"",H10=$J$5),7,IF(IF('計算A'!$B$8>0,INDEX('計算A'!DX$10:DX$54,'計算A'!$B$8),0)=1,8,IF(AND(H10="",IF('計算A'!$B$8>0,INDEX('計算A'!DX$60:DX$104,'計算A'!$B$8),0)=1),9,IF(AND(H10<>"",IF('計算A'!$B$8>0,INDEX('計算A'!DX$60:DX$104,'計算A'!$B$8),0)=1),10,IF(AND(H10="",'計算A'!DX$5=1),11,12))))))))))))
B11: ='設定'!$I$16 | J11: 入れられる空き枠 | K11: {=IFERROR(IF('計算A'!$B$8=0,"",_xlfn.TEXTJOIN("、",TRUE,IF((INDEX('計算A'!$D$60:$EQ$104,'計算A'!$B$8,0)=1)*('計算A'!$D$7:$EQ$7=0),'計算A'!$D$8:$EQ$8,""))),"")} | AA11: =IF(AND(C11="",'計算A'!I$115=0),0,IF(AND(C11<>"",'計算A'!I$4=0),1,IF(IF(C11="",0,IFERROR(INDEX('計算A'!I$10:I$54,MATCH(C11,'計算A'!$B$10:$B$54,0)),0))=1,2,IF(AND(C11<>"",COUNTIF($C$6:$H$29,C11)>1),3,IF('計算A'!I$4=0,4,IF(AND(C11<>"",'計算A'!I$108=1),5,IF(AND(C11="",'計算A'!I$108=1),6,IF(AND(C11<>"",C11=$J$5),7,IF(IF('計算A'!$B$8>0,INDEX('計算A'!I$10:I$54,'計算A'!$B$8),0)=1,8,IF(AND(C11="",IF('計算A'!$B$8>0,INDEX('計算A'!I$60:I$104,'計算A'!$B$8),0)=1),9,IF(AND(C11<>"",IF('計算A'!$B$8>0,INDEX('計算A'!I$60:I$104,'計算A'!$B$8),0)=1),10,IF(AND(C11="",'計算A'!I$5=1),11,12)))))))))))) | AB11: =IF(AND(D11="",'計算A'!AG$115=0),0,IF(AND(D11<>"",'計算A'!AG$4=0),1,IF(IF(D11="",0,IFERROR(INDEX('計算A'!AG$10:AG$54,MATCH(D11,'計算A'!$B$10:$B$54,0)),0))=1,2,IF(AND(D11<>"",COUNTIF($C$6:$H$29,D11)>1),3,IF('計算A'!AG$4=0,4,IF(AND(D11<>"",'計算A'!AG$108=1),5,IF(AND(D11="",'計算A'!AG$108=1),6,IF(AND(D11<>"",D11=$J$5),7,IF(IF('計算A'!$B$8>0,INDEX('計算A'!AG$10:AG$54,'計算A'!$B$8),0)=1,8,IF(AND(D11="",IF('計算A'!$B$8>0,INDEX('計算A'!AG$60:AG$104,'計算A'!$B$8),0)=1),9,IF(AND(D11<>"",IF('計算A'!$B$8>0,INDEX('計算A'!AG$60:AG$104,'計算A'!$B$8),0)=1),10,IF(AND(D11="",'計算A'!AG$5=1),11,12)))))))))))) | AC11: =IF(AND(E11="",'計算A'!BE$115=0),0,IF(AND(E11<>"",'計算A'!BE$4=0),1,IF(IF(E11="",0,IFERROR(INDEX('計算A'!BE$10:BE$54,MATCH(E11,'計算A'!$B$10:$B$54,0)),0))=1,2,IF(AND(E11<>"",COUNTIF($C$6:$H$29,E11)>1),3,IF('計算A'!BE$4=0,4,IF(AND(E11<>"",'計算A'!BE$108=1),5,IF(AND(E11="",'計算A'!BE$108=1),6,IF(AND(E11<>"",E11=$J$5),7,IF(IF('計算A'!$B$8>0,INDEX('計算A'!BE$10:BE$54,'計算A'!$B$8),0)=1,8,IF(AND(E11="",IF('計算A'!$B$8>0,INDEX('計算A'!BE$60:BE$104,'計算A'!$B$8),0)=1),9,IF(AND(E11<>"",IF('計算A'!$B$8>0,INDEX('計算A'!BE$60:BE$104,'計算A'!$B$8),0)=1),10,IF(AND(E11="",'計算A'!BE$5=1),11,12)))))))))))) | AD11: =IF(AND(F11="",'計算A'!CC$115=0),0,IF(AND(F11<>"",'計算A'!CC$4=0),1,IF(IF(F11="",0,IFERROR(INDEX('計算A'!CC$10:CC$54,MATCH(F11,'計算A'!$B$10:$B$54,0)),0))=1,2,IF(AND(F11<>"",COUNTIF($C$6:$H$29,F11)>1),3,IF('計算A'!CC$4=0,4,IF(AND(F11<>"",'計算A'!CC$108=1),5,IF(AND(F11="",'計算A'!CC$108=1),6,IF(AND(F11<>"",F11=$J$5),7,IF(IF('計算A'!$B$8>0,INDEX('計算A'!CC$10:CC$54,'計算A'!$B$8),0)=1,8,IF(AND(F11="",IF('計算A'!$B$8>0,INDEX('計算A'!CC$60:CC$104,'計算A'!$B$8),0)=1),9,IF(AND(F11<>"",IF('計算A'!$B$8>0,INDEX('計算A'!CC$60:CC$104,'計算A'!$B$8),0)=1),10,IF(AND(F11="",'計算A'!CC$5=1),11,12)))))))))))) | AE11: =IF(AND(G11="",'計算A'!DA$115=0),0,IF(AND(G11<>"",'計算A'!DA$4=0),1,IF(IF(G11="",0,IFERROR(INDEX('計算A'!DA$10:DA$54,MATCH(G11,'計算A'!$B$10:$B$54,0)),0))=1,2,IF(AND(G11<>"",COUNTIF($C$6:$H$29,G11)>1),3,IF('計算A'!DA$4=0,4,IF(AND(G11<>"",'計算A'!DA$108=1),5,IF(AND(G11="",'計算A'!DA$108=1),6,IF(AND(G11<>"",G11=$J$5),7,IF(IF('計算A'!$B$8>0,INDEX('計算A'!DA$10:DA$54,'計算A'!$B$8),0)=1,8,IF(AND(G11="",IF('計算A'!$B$8>0,INDEX('計算A'!DA$60:DA$104,'計算A'!$B$8),0)=1),9,IF(AND(G11<>"",IF('計算A'!$B$8>0,INDEX('計算A'!DA$60:DA$104,'計算A'!$B$8),0)=1),10,IF(AND(G11="",'計算A'!DA$5=1),11,12)))))))))))) | AF11: =IF(AND(H11="",'計算A'!DY$115=0),0,IF(AND(H11<>"",'計算A'!DY$4=0),1,IF(IF(H11="",0,IFERROR(INDEX('計算A'!DY$10:DY$54,MATCH(H11,'計算A'!$B$10:$B$54,0)),0))=1,2,IF(AND(H11<>"",COUNTIF($C$6:$H$29,H11)>1),3,IF('計算A'!DY$4=0,4,IF(AND(H11<>"",'計算A'!DY$108=1),5,IF(AND(H11="",'計算A'!DY$108=1),6,IF(AND(H11<>"",H11=$J$5),7,IF(IF('計算A'!$B$8>0,INDEX('計算A'!DY$10:DY$54,'計算A'!$B$8),0)=1,8,IF(AND(H11="",IF('計算A'!$B$8>0,INDEX('計算A'!DY$60:DY$104,'計算A'!$B$8),0)=1),9,IF(AND(H11<>"",IF('計算A'!$B$8>0,INDEX('計算A'!DY$60:DY$104,'計算A'!$B$8),0)=1),10,IF(AND(H11="",'計算A'!DY$5=1),11,12))))))))))))
B12: ='設定'!$I$17 | AA12: =IF(AND(C12="",'計算A'!J$115=0),0,IF(AND(C12<>"",'計算A'!J$4=0),1,IF(IF(C12="",0,IFERROR(INDEX('計算A'!J$10:J$54,MATCH(C12,'計算A'!$B$10:$B$54,0)),0))=1,2,IF(AND(C12<>"",COUNTIF($C$6:$H$29,C12)>1),3,IF('計算A'!J$4=0,4,IF(AND(C12<>"",'計算A'!J$108=1),5,IF(AND(C12="",'計算A'!J$108=1),6,IF(AND(C12<>"",C12=$J$5),7,IF(IF('計算A'!$B$8>0,INDEX('計算A'!J$10:J$54,'計算A'!$B$8),0)=1,8,IF(AND(C12="",IF('計算A'!$B$8>0,INDEX('計算A'!J$60:J$104,'計算A'!$B$8),0)=1),9,IF(AND(C12<>"",IF('計算A'!$B$8>0,INDEX('計算A'!J$60:J$104,'計算A'!$B$8),0)=1),10,IF(AND(C12="",'計算A'!J$5=1),11,12)))))))))))) | AB12: =IF(AND(D12="",'計算A'!AH$115=0),0,IF(AND(D12<>"",'計算A'!AH$4=0),1,IF(IF(D12="",0,IFERROR(INDEX('計算A'!AH$10:AH$54,MATCH(D12,'計算A'!$B$10:$B$54,0)),0))=1,2,IF(AND(D12<>"",COUNTIF($C$6:$H$29,D12)>1),3,IF('計算A'!AH$4=0,4,IF(AND(D12<>"",'計算A'!AH$108=1),5,IF(AND(D12="",'計算A'!AH$108=1),6,IF(AND(D12<>"",D12=$J$5),7,IF(IF('計算A'!$B$8>0,INDEX('計算A'!AH$10:AH$54,'計算A'!$B$8),0)=1,8,IF(AND(D12="",IF('計算A'!$B$8>0,INDEX('計算A'!AH$60:AH$104,'計算A'!$B$8),0)=1),9,IF(AND(D12<>"",IF('計算A'!$B$8>0,INDEX('計算A'!AH$60:AH$104,'計算A'!$B$8),0)=1),10,IF(AND(D12="",'計算A'!AH$5=1),11,12)))))))))))) | AC12: =IF(AND(E12="",'計算A'!BF$115=0),0,IF(AND(E12<>"",'計算A'!BF$4=0),1,IF(IF(E12="",0,IFERROR(INDEX('計算A'!BF$10:BF$54,MATCH(E12,'計算A'!$B$10:$B$54,0)),0))=1,2,IF(AND(E12<>"",COUNTIF($C$6:$H$29,E12)>1),3,IF('計算A'!BF$4=0,4,IF(AND(E12<>"",'計算A'!BF$108=1),5,IF(AND(E12="",'計算A'!BF$108=1),6,IF(AND(E12<>"",E12=$J$5),7,IF(IF('計算A'!$B$8>0,INDEX('計算A'!BF$10:BF$54,'計算A'!$B$8),0)=1,8,IF(AND(E12="",IF('計算A'!$B$8>0,INDEX('計算A'!BF$60:BF$104,'計算A'!$B$8),0)=1),9,IF(AND(E12<>"",IF('計算A'!$B$8>0,INDEX('計算A'!BF$60:BF$104,'計算A'!$B$8),0)=1),10,IF(AND(E12="",'計算A'!BF$5=1),11,12)))))))))))) | AD12: =IF(AND(F12="",'計算A'!CD$115=0),0,IF(AND(F12<>"",'計算A'!CD$4=0),1,IF(IF(F12="",0,IFERROR(INDEX('計算A'!CD$10:CD$54,MATCH(F12,'計算A'!$B$10:$B$54,0)),0))=1,2,IF(AND(F12<>"",COUNTIF($C$6:$H$29,F12)>1),3,IF('計算A'!CD$4=0,4,IF(AND(F12<>"",'計算A'!CD$108=1),5,IF(AND(F12="",'計算A'!CD$108=1),6,IF(AND(F12<>"",F12=$J$5),7,IF(IF('計算A'!$B$8>0,INDEX('計算A'!CD$10:CD$54,'計算A'!$B$8),0)=1,8,IF(AND(F12="",IF('計算A'!$B$8>0,INDEX('計算A'!CD$60:CD$104,'計算A'!$B$8),0)=1),9,IF(AND(F12<>"",IF('計算A'!$B$8>0,INDEX('計算A'!CD$60:CD$104,'計算A'!$B$8),0)=1),10,IF(AND(F12="",'計算A'!CD$5=1),11,12)))))))))))) | AE12: =IF(AND(G12="",'計算A'!DB$115=0),0,IF(AND(G12<>"",'計算A'!DB$4=0),1,IF(IF(G12="",0,IFERROR(INDEX('計算A'!DB$10:DB$54,MATCH(G12,'計算A'!$B$10:$B$54,0)),0))=1,2,IF(AND(G12<>"",COUNTIF($C$6:$H$29,G12)>1),3,IF('計算A'!DB$4=0,4,IF(AND(G12<>"",'計算A'!DB$108=1),5,IF(AND(G12="",'計算A'!DB$108=1),6,IF(AND(G12<>"",G12=$J$5),7,IF(IF('計算A'!$B$8>0,INDEX('計算A'!DB$10:DB$54,'計算A'!$B$8),0)=1,8,IF(AND(G12="",IF('計算A'!$B$8>0,INDEX('計算A'!DB$60:DB$104,'計算A'!$B$8),0)=1),9,IF(AND(G12<>"",IF('計算A'!$B$8>0,INDEX('計算A'!DB$60:DB$104,'計算A'!$B$8),0)=1),10,IF(AND(G12="",'計算A'!DB$5=1),11,12)))))))))))) | AF12: =IF(AND(H12="",'計算A'!DZ$115=0),0,IF(AND(H12<>"",'計算A'!DZ$4=0),1,IF(IF(H12="",0,IFERROR(INDEX('計算A'!DZ$10:DZ$54,MATCH(H12,'計算A'!$B$10:$B$54,0)),0))=1,2,IF(AND(H12<>"",COUNTIF($C$6:$H$29,H12)>1),3,IF('計算A'!DZ$4=0,4,IF(AND(H12<>"",'計算A'!DZ$108=1),5,IF(AND(H12="",'計算A'!DZ$108=1),6,IF(AND(H12<>"",H12=$J$5),7,IF(IF('計算A'!$B$8>0,INDEX('計算A'!DZ$10:DZ$54,'計算A'!$B$8),0)=1,8,IF(AND(H12="",IF('計算A'!$B$8>0,INDEX('計算A'!DZ$60:DZ$104,'計算A'!$B$8),0)=1),9,IF(AND(H12<>"",IF('計算A'!$B$8>0,INDEX('計算A'!DZ$60:DZ$104,'計算A'!$B$8),0)=1),10,IF(AND(H12="",'計算A'!DZ$5=1),11,12))))))))))))
B13: ='設定'!$I$18 | AA13: =IF(AND(C13="",'計算A'!K$115=0),0,IF(AND(C13<>"",'計算A'!K$4=0),1,IF(IF(C13="",0,IFERROR(INDEX('計算A'!K$10:K$54,MATCH(C13,'計算A'!$B$10:$B$54,0)),0))=1,2,IF(AND(C13<>"",COUNTIF($C$6:$H$29,C13)>1),3,IF('計算A'!K$4=0,4,IF(AND(C13<>"",'計算A'!K$108=1),5,IF(AND(C13="",'計算A'!K$108=1),6,IF(AND(C13<>"",C13=$J$5),7,IF(IF('計算A'!$B$8>0,INDEX('計算A'!K$10:K$54,'計算A'!$B$8),0)=1,8,IF(AND(C13="",IF('計算A'!$B$8>0,INDEX('計算A'!K$60:K$104,'計算A'!$B$8),0)=1),9,IF(AND(C13<>"",IF('計算A'!$B$8>0,INDEX('計算A'!K$60:K$104,'計算A'!$B$8),0)=1),10,IF(AND(C13="",'計算A'!K$5=1),11,12)))))))))))) | AB13: =IF(AND(D13="",'計算A'!AI$115=0),0,IF(AND(D13<>"",'計算A'!AI$4=0),1,IF(IF(D13="",0,IFERROR(INDEX('計算A'!AI$10:AI$54,MATCH(D13,'計算A'!$B$10:$B$54,0)),0))=1,2,IF(AND(D13<>"",COUNTIF($C$6:$H$29,D13)>1),3,IF('計算A'!AI$4=0,4,IF(AND(D13<>"",'計算A'!AI$108=1),5,IF(AND(D13="",'計算A'!AI$108=1),6,IF(AND(D13<>"",D13=$J$5),7,IF(IF('計算A'!$B$8>0,INDEX('計算A'!AI$10:AI$54,'計算A'!$B$8),0)=1,8,IF(AND(D13="",IF('計算A'!$B$8>0,INDEX('計算A'!AI$60:AI$104,'計算A'!$B$8),0)=1),9,IF(AND(D13<>"",IF('計算A'!$B$8>0,INDEX('計算A'!AI$60:AI$104,'計算A'!$B$8),0)=1),10,IF(AND(D13="",'計算A'!AI$5=1),11,12)))))))))))) | AC13: =IF(AND(E13="",'計算A'!BG$115=0),0,IF(AND(E13<>"",'計算A'!BG$4=0),1,IF(IF(E13="",0,IFERROR(INDEX('計算A'!BG$10:BG$54,MATCH(E13,'計算A'!$B$10:$B$54,0)),0))=1,2,IF(AND(E13<>"",COUNTIF($C$6:$H$29,E13)>1),3,IF('計算A'!BG$4=0,4,IF(AND(E13<>"",'計算A'!BG$108=1),5,IF(AND(E13="",'計算A'!BG$108=1),6,IF(AND(E13<>"",E13=$J$5),7,IF(IF('計算A'!$B$8>0,INDEX('計算A'!BG$10:BG$54,'計算A'!$B$8),0)=1,8,IF(AND(E13="",IF('計算A'!$B$8>0,INDEX('計算A'!BG$60:BG$104,'計算A'!$B$8),0)=1),9,IF(AND(E13<>"",IF('計算A'!$B$8>0,INDEX('計算A'!BG$60:BG$104,'計算A'!$B$8),0)=1),10,IF(AND(E13="",'計算A'!BG$5=1),11,12)))))))))))) | AD13: =IF(AND(F13="",'計算A'!CE$115=0),0,IF(AND(F13<>"",'計算A'!CE$4=0),1,IF(IF(F13="",0,IFERROR(INDEX('計算A'!CE$10:CE$54,MATCH(F13,'計算A'!$B$10:$B$54,0)),0))=1,2,IF(AND(F13<>"",COUNTIF($C$6:$H$29,F13)>1),3,IF('計算A'!CE$4=0,4,IF(AND(F13<>"",'計算A'!CE$108=1),5,IF(AND(F13="",'計算A'!CE$108=1),6,IF(AND(F13<>"",F13=$J$5),7,IF(IF('計算A'!$B$8>0,INDEX('計算A'!CE$10:CE$54,'計算A'!$B$8),0)=1,8,IF(AND(F13="",IF('計算A'!$B$8>0,INDEX('計算A'!CE$60:CE$104,'計算A'!$B$8),0)=1),9,IF(AND(F13<>"",IF('計算A'!$B$8>0,INDEX('計算A'!CE$60:CE$104,'計算A'!$B$8),0)=1),10,IF(AND(F13="",'計算A'!CE$5=1),11,12)))))))))))) | AE13: =IF(AND(G13="",'計算A'!DC$115=0),0,IF(AND(G13<>"",'計算A'!DC$4=0),1,IF(IF(G13="",0,IFERROR(INDEX('計算A'!DC$10:DC$54,MATCH(G13,'計算A'!$B$10:$B$54,0)),0))=1,2,IF(AND(G13<>"",COUNTIF($C$6:$H$29,G13)>1),3,IF('計算A'!DC$4=0,4,IF(AND(G13<>"",'計算A'!DC$108=1),5,IF(AND(G13="",'計算A'!DC$108=1),6,IF(AND(G13<>"",G13=$J$5),7,IF(IF('計算A'!$B$8>0,INDEX('計算A'!DC$10:DC$54,'計算A'!$B$8),0)=1,8,IF(AND(G13="",IF('計算A'!$B$8>0,INDEX('計算A'!DC$60:DC$104,'計算A'!$B$8),0)=1),9,IF(AND(G13<>"",IF('計算A'!$B$8>0,INDEX('計算A'!DC$60:DC$104,'計算A'!$B$8),0)=1),10,IF(AND(G13="",'計算A'!DC$5=1),11,12)))))))))))) | AF13: =IF(AND(H13="",'計算A'!EA$115=0),0,IF(AND(H13<>"",'計算A'!EA$4=0),1,IF(IF(H13="",0,IFERROR(INDEX('計算A'!EA$10:EA$54,MATCH(H13,'計算A'!$B$10:$B$54,0)),0))=1,2,IF(AND(H13<>"",COUNTIF($C$6:$H$29,H13)>1),3,IF('計算A'!EA$4=0,4,IF(AND(H13<>"",'計算A'!EA$108=1),5,IF(AND(H13="",'計算A'!EA$108=1),6,IF(AND(H13<>"",H13=$J$5),7,IF(IF('計算A'!$B$8>0,INDEX('計算A'!EA$10:EA$54,'計算A'!$B$8),0)=1,8,IF(AND(H13="",IF('計算A'!$B$8>0,INDEX('計算A'!EA$60:EA$104,'計算A'!$B$8),0)=1),9,IF(AND(H13<>"",IF('計算A'!$B$8>0,INDEX('計算A'!EA$60:EA$104,'計算A'!$B$8),0)=1),10,IF(AND(H13="",'計算A'!EA$5=1),11,12))))))))))))
B14: ='設定'!$I$19 | AA14: =IF(AND(C14="",'計算A'!L$115=0),0,IF(AND(C14<>"",'計算A'!L$4=0),1,IF(IF(C14="",0,IFERROR(INDEX('計算A'!L$10:L$54,MATCH(C14,'計算A'!$B$10:$B$54,0)),0))=1,2,IF(AND(C14<>"",COUNTIF($C$6:$H$29,C14)>1),3,IF('計算A'!L$4=0,4,IF(AND(C14<>"",'計算A'!L$108=1),5,IF(AND(C14="",'計算A'!L$108=1),6,IF(AND(C14<>"",C14=$J$5),7,IF(IF('計算A'!$B$8>0,INDEX('計算A'!L$10:L$54,'計算A'!$B$8),0)=1,8,IF(AND(C14="",IF('計算A'!$B$8>0,INDEX('計算A'!L$60:L$104,'計算A'!$B$8),0)=1),9,IF(AND(C14<>"",IF('計算A'!$B$8>0,INDEX('計算A'!L$60:L$104,'計算A'!$B$8),0)=1),10,IF(AND(C14="",'計算A'!L$5=1),11,12)))))))))))) | AB14: =IF(AND(D14="",'計算A'!AJ$115=0),0,IF(AND(D14<>"",'計算A'!AJ$4=0),1,IF(IF(D14="",0,IFERROR(INDEX('計算A'!AJ$10:AJ$54,MATCH(D14,'計算A'!$B$10:$B$54,0)),0))=1,2,IF(AND(D14<>"",COUNTIF($C$6:$H$29,D14)>1),3,IF('計算A'!AJ$4=0,4,IF(AND(D14<>"",'計算A'!AJ$108=1),5,IF(AND(D14="",'計算A'!AJ$108=1),6,IF(AND(D14<>"",D14=$J$5),7,IF(IF('計算A'!$B$8>0,INDEX('計算A'!AJ$10:AJ$54,'計算A'!$B$8),0)=1,8,IF(AND(D14="",IF('計算A'!$B$8>0,INDEX('計算A'!AJ$60:AJ$104,'計算A'!$B$8),0)=1),9,IF(AND(D14<>"",IF('計算A'!$B$8>0,INDEX('計算A'!AJ$60:AJ$104,'計算A'!$B$8),0)=1),10,IF(AND(D14="",'計算A'!AJ$5=1),11,12)))))))))))) | AC14: =IF(AND(E14="",'計算A'!BH$115=0),0,IF(AND(E14<>"",'計算A'!BH$4=0),1,IF(IF(E14="",0,IFERROR(INDEX('計算A'!BH$10:BH$54,MATCH(E14,'計算A'!$B$10:$B$54,0)),0))=1,2,IF(AND(E14<>"",COUNTIF($C$6:$H$29,E14)>1),3,IF('計算A'!BH$4=0,4,IF(AND(E14<>"",'計算A'!BH$108=1),5,IF(AND(E14="",'計算A'!BH$108=1),6,IF(AND(E14<>"",E14=$J$5),7,IF(IF('計算A'!$B$8>0,INDEX('計算A'!BH$10:BH$54,'計算A'!$B$8),0)=1,8,IF(AND(E14="",IF('計算A'!$B$8>0,INDEX('計算A'!BH$60:BH$104,'計算A'!$B$8),0)=1),9,IF(AND(E14<>"",IF('計算A'!$B$8>0,INDEX('計算A'!BH$60:BH$104,'計算A'!$B$8),0)=1),10,IF(AND(E14="",'計算A'!BH$5=1),11,12)))))))))))) | AD14: =IF(AND(F14="",'計算A'!CF$115=0),0,IF(AND(F14<>"",'計算A'!CF$4=0),1,IF(IF(F14="",0,IFERROR(INDEX('計算A'!CF$10:CF$54,MATCH(F14,'計算A'!$B$10:$B$54,0)),0))=1,2,IF(AND(F14<>"",COUNTIF($C$6:$H$29,F14)>1),3,IF('計算A'!CF$4=0,4,IF(AND(F14<>"",'計算A'!CF$108=1),5,IF(AND(F14="",'計算A'!CF$108=1),6,IF(AND(F14<>"",F14=$J$5),7,IF(IF('計算A'!$B$8>0,INDEX('計算A'!CF$10:CF$54,'計算A'!$B$8),0)=1,8,IF(AND(F14="",IF('計算A'!$B$8>0,INDEX('計算A'!CF$60:CF$104,'計算A'!$B$8),0)=1),9,IF(AND(F14<>"",IF('計算A'!$B$8>0,INDEX('計算A'!CF$60:CF$104,'計算A'!$B$8),0)=1),10,IF(AND(F14="",'計算A'!CF$5=1),11,12)))))))))))) | AE14: =IF(AND(G14="",'計算A'!DD$115=0),0,IF(AND(G14<>"",'計算A'!DD$4=0),1,IF(IF(G14="",0,IFERROR(INDEX('計算A'!DD$10:DD$54,MATCH(G14,'計算A'!$B$10:$B$54,0)),0))=1,2,IF(AND(G14<>"",COUNTIF($C$6:$H$29,G14)>1),3,IF('計算A'!DD$4=0,4,IF(AND(G14<>"",'計算A'!DD$108=1),5,IF(AND(G14="",'計算A'!DD$108=1),6,IF(AND(G14<>"",G14=$J$5),7,IF(IF('計算A'!$B$8>0,INDEX('計算A'!DD$10:DD$54,'計算A'!$B$8),0)=1,8,IF(AND(G14="",IF('計算A'!$B$8>0,INDEX('計算A'!DD$60:DD$104,'計算A'!$B$8),0)=1),9,IF(AND(G14<>"",IF('計算A'!$B$8>0,INDEX('計算A'!DD$60:DD$104,'計算A'!$B$8),0)=1),10,IF(AND(G14="",'計算A'!DD$5=1),11,12)))))))))))) | AF14: =IF(AND(H14="",'計算A'!EB$115=0),0,IF(AND(H14<>"",'計算A'!EB$4=0),1,IF(IF(H14="",0,IFERROR(INDEX('計算A'!EB$10:EB$54,MATCH(H14,'計算A'!$B$10:$B$54,0)),0))=1,2,IF(AND(H14<>"",COUNTIF($C$6:$H$29,H14)>1),3,IF('計算A'!EB$4=0,4,IF(AND(H14<>"",'計算A'!EB$108=1),5,IF(AND(H14="",'計算A'!EB$108=1),6,IF(AND(H14<>"",H14=$J$5),7,IF(IF('計算A'!$B$8>0,INDEX('計算A'!EB$10:EB$54,'計算A'!$B$8),0)=1,8,IF(AND(H14="",IF('計算A'!$B$8>0,INDEX('計算A'!EB$60:EB$104,'計算A'!$B$8),0)=1),9,IF(AND(H14<>"",IF('計算A'!$B$8>0,INDEX('計算A'!EB$60:EB$104,'計算A'!$B$8),0)=1),10,IF(AND(H14="",'計算A'!EB$5=1),11,12))))))))))))
B15: ='設定'!$I$20 | AA15: =IF(AND(C15="",'計算A'!M$115=0),0,IF(AND(C15<>"",'計算A'!M$4=0),1,IF(IF(C15="",0,IFERROR(INDEX('計算A'!M$10:M$54,MATCH(C15,'計算A'!$B$10:$B$54,0)),0))=1,2,IF(AND(C15<>"",COUNTIF($C$6:$H$29,C15)>1),3,IF('計算A'!M$4=0,4,IF(AND(C15<>"",'計算A'!M$108=1),5,IF(AND(C15="",'計算A'!M$108=1),6,IF(AND(C15<>"",C15=$J$5),7,IF(IF('計算A'!$B$8>0,INDEX('計算A'!M$10:M$54,'計算A'!$B$8),0)=1,8,IF(AND(C15="",IF('計算A'!$B$8>0,INDEX('計算A'!M$60:M$104,'計算A'!$B$8),0)=1),9,IF(AND(C15<>"",IF('計算A'!$B$8>0,INDEX('計算A'!M$60:M$104,'計算A'!$B$8),0)=1),10,IF(AND(C15="",'計算A'!M$5=1),11,12)))))))))))) | AB15: =IF(AND(D15="",'計算A'!AK$115=0),0,IF(AND(D15<>"",'計算A'!AK$4=0),1,IF(IF(D15="",0,IFERROR(INDEX('計算A'!AK$10:AK$54,MATCH(D15,'計算A'!$B$10:$B$54,0)),0))=1,2,IF(AND(D15<>"",COUNTIF($C$6:$H$29,D15)>1),3,IF('計算A'!AK$4=0,4,IF(AND(D15<>"",'計算A'!AK$108=1),5,IF(AND(D15="",'計算A'!AK$108=1),6,IF(AND(D15<>"",D15=$J$5),7,IF(IF('計算A'!$B$8>0,INDEX('計算A'!AK$10:AK$54,'計算A'!$B$8),0)=1,8,IF(AND(D15="",IF('計算A'!$B$8>0,INDEX('計算A'!AK$60:AK$104,'計算A'!$B$8),0)=1),9,IF(AND(D15<>"",IF('計算A'!$B$8>0,INDEX('計算A'!AK$60:AK$104,'計算A'!$B$8),0)=1),10,IF(AND(D15="",'計算A'!AK$5=1),11,12)))))))))))) | AC15: =IF(AND(E15="",'計算A'!BI$115=0),0,IF(AND(E15<>"",'計算A'!BI$4=0),1,IF(IF(E15="",0,IFERROR(INDEX('計算A'!BI$10:BI$54,MATCH(E15,'計算A'!$B$10:$B$54,0)),0))=1,2,IF(AND(E15<>"",COUNTIF($C$6:$H$29,E15)>1),3,IF('計算A'!BI$4=0,4,IF(AND(E15<>"",'計算A'!BI$108=1),5,IF(AND(E15="",'計算A'!BI$108=1),6,IF(AND(E15<>"",E15=$J$5),7,IF(IF('計算A'!$B$8>0,INDEX('計算A'!BI$10:BI$54,'計算A'!$B$8),0)=1,8,IF(AND(E15="",IF('計算A'!$B$8>0,INDEX('計算A'!BI$60:BI$104,'計算A'!$B$8),0)=1),9,IF(AND(E15<>"",IF('計算A'!$B$8>0,INDEX('計算A'!BI$60:BI$104,'計算A'!$B$8),0)=1),10,IF(AND(E15="",'計算A'!BI$5=1),11,12)))))))))))) | AD15: =IF(AND(F15="",'計算A'!CG$115=0),0,IF(AND(F15<>"",'計算A'!CG$4=0),1,IF(IF(F15="",0,IFERROR(INDEX('計算A'!CG$10:CG$54,MATCH(F15,'計算A'!$B$10:$B$54,0)),0))=1,2,IF(AND(F15<>"",COUNTIF($C$6:$H$29,F15)>1),3,IF('計算A'!CG$4=0,4,IF(AND(F15<>"",'計算A'!CG$108=1),5,IF(AND(F15="",'計算A'!CG$108=1),6,IF(AND(F15<>"",F15=$J$5),7,IF(IF('計算A'!$B$8>0,INDEX('計算A'!CG$10:CG$54,'計算A'!$B$8),0)=1,8,IF(AND(F15="",IF('計算A'!$B$8>0,INDEX('計算A'!CG$60:CG$104,'計算A'!$B$8),0)=1),9,IF(AND(F15<>"",IF('計算A'!$B$8>0,INDEX('計算A'!CG$60:CG$104,'計算A'!$B$8),0)=1),10,IF(AND(F15="",'計算A'!CG$5=1),11,12)))))))))))) | AE15: =IF(AND(G15="",'計算A'!DE$115=0),0,IF(AND(G15<>"",'計算A'!DE$4=0),1,IF(IF(G15="",0,IFERROR(INDEX('計算A'!DE$10:DE$54,MATCH(G15,'計算A'!$B$10:$B$54,0)),0))=1,2,IF(AND(G15<>"",COUNTIF($C$6:$H$29,G15)>1),3,IF('計算A'!DE$4=0,4,IF(AND(G15<>"",'計算A'!DE$108=1),5,IF(AND(G15="",'計算A'!DE$108=1),6,IF(AND(G15<>"",G15=$J$5),7,IF(IF('計算A'!$B$8>0,INDEX('計算A'!DE$10:DE$54,'計算A'!$B$8),0)=1,8,IF(AND(G15="",IF('計算A'!$B$8>0,INDEX('計算A'!DE$60:DE$104,'計算A'!$B$8),0)=1),9,IF(AND(G15<>"",IF('計算A'!$B$8>0,INDEX('計算A'!DE$60:DE$104,'計算A'!$B$8),0)=1),10,IF(AND(G15="",'計算A'!DE$5=1),11,12)))))))))))) | AF15: =IF(AND(H15="",'計算A'!EC$115=0),0,IF(AND(H15<>"",'計算A'!EC$4=0),1,IF(IF(H15="",0,IFERROR(INDEX('計算A'!EC$10:EC$54,MATCH(H15,'計算A'!$B$10:$B$54,0)),0))=1,2,IF(AND(H15<>"",COUNTIF($C$6:$H$29,H15)>1),3,IF('計算A'!EC$4=0,4,IF(AND(H15<>"",'計算A'!EC$108=1),5,IF(AND(H15="",'計算A'!EC$108=1),6,IF(AND(H15<>"",H15=$J$5),7,IF(IF('計算A'!$B$8>0,INDEX('計算A'!EC$10:EC$54,'計算A'!$B$8),0)=1,8,IF(AND(H15="",IF('計算A'!$B$8>0,INDEX('計算A'!EC$60:EC$104,'計算A'!$B$8),0)=1),9,IF(AND(H15<>"",IF('計算A'!$B$8>0,INDEX('計算A'!EC$60:EC$104,'計算A'!$B$8),0)=1),10,IF(AND(H15="",'計算A'!EC$5=1),11,12))))))))))))
B16: ='設定'!$I$21 | AA16: =IF(AND(C16="",'計算A'!N$115=0),0,IF(AND(C16<>"",'計算A'!N$4=0),1,IF(IF(C16="",0,IFERROR(INDEX('計算A'!N$10:N$54,MATCH(C16,'計算A'!$B$10:$B$54,0)),0))=1,2,IF(AND(C16<>"",COUNTIF($C$6:$H$29,C16)>1),3,IF('計算A'!N$4=0,4,IF(AND(C16<>"",'計算A'!N$108=1),5,IF(AND(C16="",'計算A'!N$108=1),6,IF(AND(C16<>"",C16=$J$5),7,IF(IF('計算A'!$B$8>0,INDEX('計算A'!N$10:N$54,'計算A'!$B$8),0)=1,8,IF(AND(C16="",IF('計算A'!$B$8>0,INDEX('計算A'!N$60:N$104,'計算A'!$B$8),0)=1),9,IF(AND(C16<>"",IF('計算A'!$B$8>0,INDEX('計算A'!N$60:N$104,'計算A'!$B$8),0)=1),10,IF(AND(C16="",'計算A'!N$5=1),11,12)))))))))))) | AB16: =IF(AND(D16="",'計算A'!AL$115=0),0,IF(AND(D16<>"",'計算A'!AL$4=0),1,IF(IF(D16="",0,IFERROR(INDEX('計算A'!AL$10:AL$54,MATCH(D16,'計算A'!$B$10:$B$54,0)),0))=1,2,IF(AND(D16<>"",COUNTIF($C$6:$H$29,D16)>1),3,IF('計算A'!AL$4=0,4,IF(AND(D16<>"",'計算A'!AL$108=1),5,IF(AND(D16="",'計算A'!AL$108=1),6,IF(AND(D16<>"",D16=$J$5),7,IF(IF('計算A'!$B$8>0,INDEX('計算A'!AL$10:AL$54,'計算A'!$B$8),0)=1,8,IF(AND(D16="",IF('計算A'!$B$8>0,INDEX('計算A'!AL$60:AL$104,'計算A'!$B$8),0)=1),9,IF(AND(D16<>"",IF('計算A'!$B$8>0,INDEX('計算A'!AL$60:AL$104,'計算A'!$B$8),0)=1),10,IF(AND(D16="",'計算A'!AL$5=1),11,12)))))))))))) | AC16: =IF(AND(E16="",'計算A'!BJ$115=0),0,IF(AND(E16<>"",'計算A'!BJ$4=0),1,IF(IF(E16="",0,IFERROR(INDEX('計算A'!BJ$10:BJ$54,MATCH(E16,'計算A'!$B$10:$B$54,0)),0))=1,2,IF(AND(E16<>"",COUNTIF($C$6:$H$29,E16)>1),3,IF('計算A'!BJ$4=0,4,IF(AND(E16<>"",'計算A'!BJ$108=1),5,IF(AND(E16="",'計算A'!BJ$108=1),6,IF(AND(E16<>"",E16=$J$5),7,IF(IF('計算A'!$B$8>0,INDEX('計算A'!BJ$10:BJ$54,'計算A'!$B$8),0)=1,8,IF(AND(E16="",IF('計算A'!$B$8>0,INDEX('計算A'!BJ$60:BJ$104,'計算A'!$B$8),0)=1),9,IF(AND(E16<>"",IF('計算A'!$B$8>0,INDEX('計算A'!BJ$60:BJ$104,'計算A'!$B$8),0)=1),10,IF(AND(E16="",'計算A'!BJ$5=1),11,12)))))))))))) | AD16: =IF(AND(F16="",'計算A'!CH$115=0),0,IF(AND(F16<>"",'計算A'!CH$4=0),1,IF(IF(F16="",0,IFERROR(INDEX('計算A'!CH$10:CH$54,MATCH(F16,'計算A'!$B$10:$B$54,0)),0))=1,2,IF(AND(F16<>"",COUNTIF($C$6:$H$29,F16)>1),3,IF('計算A'!CH$4=0,4,IF(AND(F16<>"",'計算A'!CH$108=1),5,IF(AND(F16="",'計算A'!CH$108=1),6,IF(AND(F16<>"",F16=$J$5),7,IF(IF('計算A'!$B$8>0,INDEX('計算A'!CH$10:CH$54,'計算A'!$B$8),0)=1,8,IF(AND(F16="",IF('計算A'!$B$8>0,INDEX('計算A'!CH$60:CH$104,'計算A'!$B$8),0)=1),9,IF(AND(F16<>"",IF('計算A'!$B$8>0,INDEX('計算A'!CH$60:CH$104,'計算A'!$B$8),0)=1),10,IF(AND(F16="",'計算A'!CH$5=1),11,12)))))))))))) | AE16: =IF(AND(G16="",'計算A'!DF$115=0),0,IF(AND(G16<>"",'計算A'!DF$4=0),1,IF(IF(G16="",0,IFERROR(INDEX('計算A'!DF$10:DF$54,MATCH(G16,'計算A'!$B$10:$B$54,0)),0))=1,2,IF(AND(G16<>"",COUNTIF($C$6:$H$29,G16)>1),3,IF('計算A'!DF$4=0,4,IF(AND(G16<>"",'計算A'!DF$108=1),5,IF(AND(G16="",'計算A'!DF$108=1),6,IF(AND(G16<>"",G16=$J$5),7,IF(IF('計算A'!$B$8>0,INDEX('計算A'!DF$10:DF$54,'計算A'!$B$8),0)=1,8,IF(AND(G16="",IF('計算A'!$B$8>0,INDEX('計算A'!DF$60:DF$104,'計算A'!$B$8),0)=1),9,IF(AND(G16<>"",IF('計算A'!$B$8>0,INDEX('計算A'!DF$60:DF$104,'計算A'!$B$8),0)=1),10,IF(AND(G16="",'計算A'!DF$5=1),11,12)))))))))))) | AF16: =IF(AND(H16="",'計算A'!ED$115=0),0,IF(AND(H16<>"",'計算A'!ED$4=0),1,IF(IF(H16="",0,IFERROR(INDEX('計算A'!ED$10:ED$54,MATCH(H16,'計算A'!$B$10:$B$54,0)),0))=1,2,IF(AND(H16<>"",COUNTIF($C$6:$H$29,H16)>1),3,IF('計算A'!ED$4=0,4,IF(AND(H16<>"",'計算A'!ED$108=1),5,IF(AND(H16="",'計算A'!ED$108=1),6,IF(AND(H16<>"",H16=$J$5),7,IF(IF('計算A'!$B$8>0,INDEX('計算A'!ED$10:ED$54,'計算A'!$B$8),0)=1,8,IF(AND(H16="",IF('計算A'!$B$8>0,INDEX('計算A'!ED$60:ED$104,'計算A'!$B$8),0)=1),9,IF(AND(H16<>"",IF('計算A'!$B$8>0,INDEX('計算A'!ED$60:ED$104,'計算A'!$B$8),0)=1),10,IF(AND(H16="",'計算A'!ED$5=1),11,12))))))))))))
B17: ='設定'!$I$22 | AA17: =IF(AND(C17="",'計算A'!O$115=0),0,IF(AND(C17<>"",'計算A'!O$4=0),1,IF(IF(C17="",0,IFERROR(INDEX('計算A'!O$10:O$54,MATCH(C17,'計算A'!$B$10:$B$54,0)),0))=1,2,IF(AND(C17<>"",COUNTIF($C$6:$H$29,C17)>1),3,IF('計算A'!O$4=0,4,IF(AND(C17<>"",'計算A'!O$108=1),5,IF(AND(C17="",'計算A'!O$108=1),6,IF(AND(C17<>"",C17=$J$5),7,IF(IF('計算A'!$B$8>0,INDEX('計算A'!O$10:O$54,'計算A'!$B$8),0)=1,8,IF(AND(C17="",IF('計算A'!$B$8>0,INDEX('計算A'!O$60:O$104,'計算A'!$B$8),0)=1),9,IF(AND(C17<>"",IF('計算A'!$B$8>0,INDEX('計算A'!O$60:O$104,'計算A'!$B$8),0)=1),10,IF(AND(C17="",'計算A'!O$5=1),11,12)))))))))))) | AB17: =IF(AND(D17="",'計算A'!AM$115=0),0,IF(AND(D17<>"",'計算A'!AM$4=0),1,IF(IF(D17="",0,IFERROR(INDEX('計算A'!AM$10:AM$54,MATCH(D17,'計算A'!$B$10:$B$54,0)),0))=1,2,IF(AND(D17<>"",COUNTIF($C$6:$H$29,D17)>1),3,IF('計算A'!AM$4=0,4,IF(AND(D17<>"",'計算A'!AM$108=1),5,IF(AND(D17="",'計算A'!AM$108=1),6,IF(AND(D17<>"",D17=$J$5),7,IF(IF('計算A'!$B$8>0,INDEX('計算A'!AM$10:AM$54,'計算A'!$B$8),0)=1,8,IF(AND(D17="",IF('計算A'!$B$8>0,INDEX('計算A'!AM$60:AM$104,'計算A'!$B$8),0)=1),9,IF(AND(D17<>"",IF('計算A'!$B$8>0,INDEX('計算A'!AM$60:AM$104,'計算A'!$B$8),0)=1),10,IF(AND(D17="",'計算A'!AM$5=1),11,12)))))))))))) | AC17: =IF(AND(E17="",'計算A'!BK$115=0),0,IF(AND(E17<>"",'計算A'!BK$4=0),1,IF(IF(E17="",0,IFERROR(INDEX('計算A'!BK$10:BK$54,MATCH(E17,'計算A'!$B$10:$B$54,0)),0))=1,2,IF(AND(E17<>"",COUNTIF($C$6:$H$29,E17)>1),3,IF('計算A'!BK$4=0,4,IF(AND(E17<>"",'計算A'!BK$108=1),5,IF(AND(E17="",'計算A'!BK$108=1),6,IF(AND(E17<>"",E17=$J$5),7,IF(IF('計算A'!$B$8>0,INDEX('計算A'!BK$10:BK$54,'計算A'!$B$8),0)=1,8,IF(AND(E17="",IF('計算A'!$B$8>0,INDEX('計算A'!BK$60:BK$104,'計算A'!$B$8),0)=1),9,IF(AND(E17<>"",IF('計算A'!$B$8>0,INDEX('計算A'!BK$60:BK$104,'計算A'!$B$8),0)=1),10,IF(AND(E17="",'計算A'!BK$5=1),11,12)))))))))))) | AD17: =IF(AND(F17="",'計算A'!CI$115=0),0,IF(AND(F17<>"",'計算A'!CI$4=0),1,IF(IF(F17="",0,IFERROR(INDEX('計算A'!CI$10:CI$54,MATCH(F17,'計算A'!$B$10:$B$54,0)),0))=1,2,IF(AND(F17<>"",COUNTIF($C$6:$H$29,F17)>1),3,IF('計算A'!CI$4=0,4,IF(AND(F17<>"",'計算A'!CI$108=1),5,IF(AND(F17="",'計算A'!CI$108=1),6,IF(AND(F17<>"",F17=$J$5),7,IF(IF('計算A'!$B$8>0,INDEX('計算A'!CI$10:CI$54,'計算A'!$B$8),0)=1,8,IF(AND(F17="",IF('計算A'!$B$8>0,INDEX('計算A'!CI$60:CI$104,'計算A'!$B$8),0)=1),9,IF(AND(F17<>"",IF('計算A'!$B$8>0,INDEX('計算A'!CI$60:CI$104,'計算A'!$B$8),0)=1),10,IF(AND(F17="",'計算A'!CI$5=1),11,12)))))))))))) | AE17: =IF(AND(G17="",'計算A'!DG$115=0),0,IF(AND(G17<>"",'計算A'!DG$4=0),1,IF(IF(G17="",0,IFERROR(INDEX('計算A'!DG$10:DG$54,MATCH(G17,'計算A'!$B$10:$B$54,0)),0))=1,2,IF(AND(G17<>"",COUNTIF($C$6:$H$29,G17)>1),3,IF('計算A'!DG$4=0,4,IF(AND(G17<>"",'計算A'!DG$108=1),5,IF(AND(G17="",'計算A'!DG$108=1),6,IF(AND(G17<>"",G17=$J$5),7,IF(IF('計算A'!$B$8>0,INDEX('計算A'!DG$10:DG$54,'計算A'!$B$8),0)=1,8,IF(AND(G17="",IF('計算A'!$B$8>0,INDEX('計算A'!DG$60:DG$104,'計算A'!$B$8),0)=1),9,IF(AND(G17<>"",IF('計算A'!$B$8>0,INDEX('計算A'!DG$60:DG$104,'計算A'!$B$8),0)=1),10,IF(AND(G17="",'計算A'!DG$5=1),11,12)))))))))))) | AF17: =IF(AND(H17="",'計算A'!EE$115=0),0,IF(AND(H17<>"",'計算A'!EE$4=0),1,IF(IF(H17="",0,IFERROR(INDEX('計算A'!EE$10:EE$54,MATCH(H17,'計算A'!$B$10:$B$54,0)),0))=1,2,IF(AND(H17<>"",COUNTIF($C$6:$H$29,H17)>1),3,IF('計算A'!EE$4=0,4,IF(AND(H17<>"",'計算A'!EE$108=1),5,IF(AND(H17="",'計算A'!EE$108=1),6,IF(AND(H17<>"",H17=$J$5),7,IF(IF('計算A'!$B$8>0,INDEX('計算A'!EE$10:EE$54,'計算A'!$B$8),0)=1,8,IF(AND(H17="",IF('計算A'!$B$8>0,INDEX('計算A'!EE$60:EE$104,'計算A'!$B$8),0)=1),9,IF(AND(H17<>"",IF('計算A'!$B$8>0,INDEX('計算A'!EE$60:EE$104,'計算A'!$B$8),0)=1),10,IF(AND(H17="",'計算A'!EE$5=1),11,12))))))))))))
B18: ='設定'!$I$23 | J18: 「調整・決定」への貼り付けかた | AA18: =IF(AND(C18="",'計算A'!P$115=0),0,IF(AND(C18<>"",'計算A'!P$4=0),1,IF(IF(C18="",0,IFERROR(INDEX('計算A'!P$10:P$54,MATCH(C18,'計算A'!$B$10:$B$54,0)),0))=1,2,IF(AND(C18<>"",COUNTIF($C$6:$H$29,C18)>1),3,IF('計算A'!P$4=0,4,IF(AND(C18<>"",'計算A'!P$108=1),5,IF(AND(C18="",'計算A'!P$108=1),6,IF(AND(C18<>"",C18=$J$5),7,IF(IF('計算A'!$B$8>0,INDEX('計算A'!P$10:P$54,'計算A'!$B$8),0)=1,8,IF(AND(C18="",IF('計算A'!$B$8>0,INDEX('計算A'!P$60:P$104,'計算A'!$B$8),0)=1),9,IF(AND(C18<>"",IF('計算A'!$B$8>0,INDEX('計算A'!P$60:P$104,'計算A'!$B$8),0)=1),10,IF(AND(C18="",'計算A'!P$5=1),11,12)))))))))))) | AB18: =IF(AND(D18="",'計算A'!AN$115=0),0,IF(AND(D18<>"",'計算A'!AN$4=0),1,IF(IF(D18="",0,IFERROR(INDEX('計算A'!AN$10:AN$54,MATCH(D18,'計算A'!$B$10:$B$54,0)),0))=1,2,IF(AND(D18<>"",COUNTIF($C$6:$H$29,D18)>1),3,IF('計算A'!AN$4=0,4,IF(AND(D18<>"",'計算A'!AN$108=1),5,IF(AND(D18="",'計算A'!AN$108=1),6,IF(AND(D18<>"",D18=$J$5),7,IF(IF('計算A'!$B$8>0,INDEX('計算A'!AN$10:AN$54,'計算A'!$B$8),0)=1,8,IF(AND(D18="",IF('計算A'!$B$8>0,INDEX('計算A'!AN$60:AN$104,'計算A'!$B$8),0)=1),9,IF(AND(D18<>"",IF('計算A'!$B$8>0,INDEX('計算A'!AN$60:AN$104,'計算A'!$B$8),0)=1),10,IF(AND(D18="",'計算A'!AN$5=1),11,12)))))))))))) | AC18: =IF(AND(E18="",'計算A'!BL$115=0),0,IF(AND(E18<>"",'計算A'!BL$4=0),1,IF(IF(E18="",0,IFERROR(INDEX('計算A'!BL$10:BL$54,MATCH(E18,'計算A'!$B$10:$B$54,0)),0))=1,2,IF(AND(E18<>"",COUNTIF($C$6:$H$29,E18)>1),3,IF('計算A'!BL$4=0,4,IF(AND(E18<>"",'計算A'!BL$108=1),5,IF(AND(E18="",'計算A'!BL$108=1),6,IF(AND(E18<>"",E18=$J$5),7,IF(IF('計算A'!$B$8>0,INDEX('計算A'!BL$10:BL$54,'計算A'!$B$8),0)=1,8,IF(AND(E18="",IF('計算A'!$B$8>0,INDEX('計算A'!BL$60:BL$104,'計算A'!$B$8),0)=1),9,IF(AND(E18<>"",IF('計算A'!$B$8>0,INDEX('計算A'!BL$60:BL$104,'計算A'!$B$8),0)=1),10,IF(AND(E18="",'計算A'!BL$5=1),11,12)))))))))))) | AD18: =IF(AND(F18="",'計算A'!CJ$115=0),0,IF(AND(F18<>"",'計算A'!CJ$4=0),1,IF(IF(F18="",0,IFERROR(INDEX('計算A'!CJ$10:CJ$54,MATCH(F18,'計算A'!$B$10:$B$54,0)),0))=1,2,IF(AND(F18<>"",COUNTIF($C$6:$H$29,F18)>1),3,IF('計算A'!CJ$4=0,4,IF(AND(F18<>"",'計算A'!CJ$108=1),5,IF(AND(F18="",'計算A'!CJ$108=1),6,IF(AND(F18<>"",F18=$J$5),7,IF(IF('計算A'!$B$8>0,INDEX('計算A'!CJ$10:CJ$54,'計算A'!$B$8),0)=1,8,IF(AND(F18="",IF('計算A'!$B$8>0,INDEX('計算A'!CJ$60:CJ$104,'計算A'!$B$8),0)=1),9,IF(AND(F18<>"",IF('計算A'!$B$8>0,INDEX('計算A'!CJ$60:CJ$104,'計算A'!$B$8),0)=1),10,IF(AND(F18="",'計算A'!CJ$5=1),11,12)))))))))))) | AE18: =IF(AND(G18="",'計算A'!DH$115=0),0,IF(AND(G18<>"",'計算A'!DH$4=0),1,IF(IF(G18="",0,IFERROR(INDEX('計算A'!DH$10:DH$54,MATCH(G18,'計算A'!$B$10:$B$54,0)),0))=1,2,IF(AND(G18<>"",COUNTIF($C$6:$H$29,G18)>1),3,IF('計算A'!DH$4=0,4,IF(AND(G18<>"",'計算A'!DH$108=1),5,IF(AND(G18="",'計算A'!DH$108=1),6,IF(AND(G18<>"",G18=$J$5),7,IF(IF('計算A'!$B$8>0,INDEX('計算A'!DH$10:DH$54,'計算A'!$B$8),0)=1,8,IF(AND(G18="",IF('計算A'!$B$8>0,INDEX('計算A'!DH$60:DH$104,'計算A'!$B$8),0)=1),9,IF(AND(G18<>"",IF('計算A'!$B$8>0,INDEX('計算A'!DH$60:DH$104,'計算A'!$B$8),0)=1),10,IF(AND(G18="",'計算A'!DH$5=1),11,12)))))))))))) | AF18: =IF(AND(H18="",'計算A'!EF$115=0),0,IF(AND(H18<>"",'計算A'!EF$4=0),1,IF(IF(H18="",0,IFERROR(INDEX('計算A'!EF$10:EF$54,MATCH(H18,'計算A'!$B$10:$B$54,0)),0))=1,2,IF(AND(H18<>"",COUNTIF($C$6:$H$29,H18)>1),3,IF('計算A'!EF$4=0,4,IF(AND(H18<>"",'計算A'!EF$108=1),5,IF(AND(H18="",'計算A'!EF$108=1),6,IF(AND(H18<>"",H18=$J$5),7,IF(IF('計算A'!$B$8>0,INDEX('計算A'!EF$10:EF$54,'計算A'!$B$8),0)=1,8,IF(AND(H18="",IF('計算A'!$B$8>0,INDEX('計算A'!EF$60:EF$104,'計算A'!$B$8),0)=1),9,IF(AND(H18<>"",IF('計算A'!$B$8>0,INDEX('計算A'!EF$60:EF$104,'計算A'!$B$8),0)=1),10,IF(AND(H18="",'計算A'!EF$5=1),11,12))))))))))))
B19: ='設定'!$I$24 | J19: ① 自動案の表を選んで Ctrl + C（名前ボックスで「自動案Aの表」などを選ぶと全体を選べます） | AA19: =IF(AND(C19="",'計算A'!Q$115=0),0,IF(AND(C19<>"",'計算A'!Q$4=0),1,IF(IF(C19="",0,IFERROR(INDEX('計算A'!Q$10:Q$54,MATCH(C19,'計算A'!$B$10:$B$54,0)),0))=1,2,IF(AND(C19<>"",COUNTIF($C$6:$H$29,C19)>1),3,IF('計算A'!Q$4=0,4,IF(AND(C19<>"",'計算A'!Q$108=1),5,IF(AND(C19="",'計算A'!Q$108=1),6,IF(AND(C19<>"",C19=$J$5),7,IF(IF('計算A'!$B$8>0,INDEX('計算A'!Q$10:Q$54,'計算A'!$B$8),0)=1,8,IF(AND(C19="",IF('計算A'!$B$8>0,INDEX('計算A'!Q$60:Q$104,'計算A'!$B$8),0)=1),9,IF(AND(C19<>"",IF('計算A'!$B$8>0,INDEX('計算A'!Q$60:Q$104,'計算A'!$B$8),0)=1),10,IF(AND(C19="",'計算A'!Q$5=1),11,12)))))))))))) | AB19: =IF(AND(D19="",'計算A'!AO$115=0),0,IF(AND(D19<>"",'計算A'!AO$4=0),1,IF(IF(D19="",0,IFERROR(INDEX('計算A'!AO$10:AO$54,MATCH(D19,'計算A'!$B$10:$B$54,0)),0))=1,2,IF(AND(D19<>"",COUNTIF($C$6:$H$29,D19)>1),3,IF('計算A'!AO$4=0,4,IF(AND(D19<>"",'計算A'!AO$108=1),5,IF(AND(D19="",'計算A'!AO$108=1),6,IF(AND(D19<>"",D19=$J$5),7,IF(IF('計算A'!$B$8>0,INDEX('計算A'!AO$10:AO$54,'計算A'!$B$8),0)=1,8,IF(AND(D19="",IF('計算A'!$B$8>0,INDEX('計算A'!AO$60:AO$104,'計算A'!$B$8),0)=1),9,IF(AND(D19<>"",IF('計算A'!$B$8>0,INDEX('計算A'!AO$60:AO$104,'計算A'!$B$8),0)=1),10,IF(AND(D19="",'計算A'!AO$5=1),11,12)))))))))))) | AC19: =IF(AND(E19="",'計算A'!BM$115=0),0,IF(AND(E19<>"",'計算A'!BM$4=0),1,IF(IF(E19="",0,IFERROR(INDEX('計算A'!BM$10:BM$54,MATCH(E19,'計算A'!$B$10:$B$54,0)),0))=1,2,IF(AND(E19<>"",COUNTIF($C$6:$H$29,E19)>1),3,IF('計算A'!BM$4=0,4,IF(AND(E19<>"",'計算A'!BM$108=1),5,IF(AND(E19="",'計算A'!BM$108=1),6,IF(AND(E19<>"",E19=$J$5),7,IF(IF('計算A'!$B$8>0,INDEX('計算A'!BM$10:BM$54,'計算A'!$B$8),0)=1,8,IF(AND(E19="",IF('計算A'!$B$8>0,INDEX('計算A'!BM$60:BM$104,'計算A'!$B$8),0)=1),9,IF(AND(E19<>"",IF('計算A'!$B$8>0,INDEX('計算A'!BM$60:BM$104,'計算A'!$B$8),0)=1),10,IF(AND(E19="",'計算A'!BM$5=1),11,12)))))))))))) | AD19: =IF(AND(F19="",'計算A'!CK$115=0),0,IF(AND(F19<>"",'計算A'!CK$4=0),1,IF(IF(F19="",0,IFERROR(INDEX('計算A'!CK$10:CK$54,MATCH(F19,'計算A'!$B$10:$B$54,0)),0))=1,2,IF(AND(F19<>"",COUNTIF($C$6:$H$29,F19)>1),3,IF('計算A'!CK$4=0,4,IF(AND(F19<>"",'計算A'!CK$108=1),5,IF(AND(F19="",'計算A'!CK$108=1),6,IF(AND(F19<>"",F19=$J$5),7,IF(IF('計算A'!$B$8>0,INDEX('計算A'!CK$10:CK$54,'計算A'!$B$8),0)=1,8,IF(AND(F19="",IF('計算A'!$B$8>0,INDEX('計算A'!CK$60:CK$104,'計算A'!$B$8),0)=1),9,IF(AND(F19<>"",IF('計算A'!$B$8>0,INDEX('計算A'!CK$60:CK$104,'計算A'!$B$8),0)=1),10,IF(AND(F19="",'計算A'!CK$5=1),11,12)))))))))))) | AE19: =IF(AND(G19="",'計算A'!DI$115=0),0,IF(AND(G19<>"",'計算A'!DI$4=0),1,IF(IF(G19="",0,IFERROR(INDEX('計算A'!DI$10:DI$54,MATCH(G19,'計算A'!$B$10:$B$54,0)),0))=1,2,IF(AND(G19<>"",COUNTIF($C$6:$H$29,G19)>1),3,IF('計算A'!DI$4=0,4,IF(AND(G19<>"",'計算A'!DI$108=1),5,IF(AND(G19="",'計算A'!DI$108=1),6,IF(AND(G19<>"",G19=$J$5),7,IF(IF('計算A'!$B$8>0,INDEX('計算A'!DI$10:DI$54,'計算A'!$B$8),0)=1,8,IF(AND(G19="",IF('計算A'!$B$8>0,INDEX('計算A'!DI$60:DI$104,'計算A'!$B$8),0)=1),9,IF(AND(G19<>"",IF('計算A'!$B$8>0,INDEX('計算A'!DI$60:DI$104,'計算A'!$B$8),0)=1),10,IF(AND(G19="",'計算A'!DI$5=1),11,12)))))))))))) | AF19: =IF(AND(H19="",'計算A'!EG$115=0),0,IF(AND(H19<>"",'計算A'!EG$4=0),1,IF(IF(H19="",0,IFERROR(INDEX('計算A'!EG$10:EG$54,MATCH(H19,'計算A'!$B$10:$B$54,0)),0))=1,2,IF(AND(H19<>"",COUNTIF($C$6:$H$29,H19)>1),3,IF('計算A'!EG$4=0,4,IF(AND(H19<>"",'計算A'!EG$108=1),5,IF(AND(H19="",'計算A'!EG$108=1),6,IF(AND(H19<>"",H19=$J$5),7,IF(IF('計算A'!$B$8>0,INDEX('計算A'!EG$10:EG$54,'計算A'!$B$8),0)=1,8,IF(AND(H19="",IF('計算A'!$B$8>0,INDEX('計算A'!EG$60:EG$104,'計算A'!$B$8),0)=1),9,IF(AND(H19<>"",IF('計算A'!$B$8>0,INDEX('計算A'!EG$60:EG$104,'計算A'!$B$8),0)=1),10,IF(AND(H19="",'計算A'!EG$5=1),11,12))))))))))))
B20: ='設定'!$I$25 | J20: ② 「調整・決定」の表の左上（いちばん早い日・時刻のマス）をクリック | AA20: =IF(AND(C20="",'計算A'!R$115=0),0,IF(AND(C20<>"",'計算A'!R$4=0),1,IF(IF(C20="",0,IFERROR(INDEX('計算A'!R$10:R$54,MATCH(C20,'計算A'!$B$10:$B$54,0)),0))=1,2,IF(AND(C20<>"",COUNTIF($C$6:$H$29,C20)>1),3,IF('計算A'!R$4=0,4,IF(AND(C20<>"",'計算A'!R$108=1),5,IF(AND(C20="",'計算A'!R$108=1),6,IF(AND(C20<>"",C20=$J$5),7,IF(IF('計算A'!$B$8>0,INDEX('計算A'!R$10:R$54,'計算A'!$B$8),0)=1,8,IF(AND(C20="",IF('計算A'!$B$8>0,INDEX('計算A'!R$60:R$104,'計算A'!$B$8),0)=1),9,IF(AND(C20<>"",IF('計算A'!$B$8>0,INDEX('計算A'!R$60:R$104,'計算A'!$B$8),0)=1),10,IF(AND(C20="",'計算A'!R$5=1),11,12)))))))))))) | AB20: =IF(AND(D20="",'計算A'!AP$115=0),0,IF(AND(D20<>"",'計算A'!AP$4=0),1,IF(IF(D20="",0,IFERROR(INDEX('計算A'!AP$10:AP$54,MATCH(D20,'計算A'!$B$10:$B$54,0)),0))=1,2,IF(AND(D20<>"",COUNTIF($C$6:$H$29,D20)>1),3,IF('計算A'!AP$4=0,4,IF(AND(D20<>"",'計算A'!AP$108=1),5,IF(AND(D20="",'計算A'!AP$108=1),6,IF(AND(D20<>"",D20=$J$5),7,IF(IF('計算A'!$B$8>0,INDEX('計算A'!AP$10:AP$54,'計算A'!$B$8),0)=1,8,IF(AND(D20="",IF('計算A'!$B$8>0,INDEX('計算A'!AP$60:AP$104,'計算A'!$B$8),0)=1),9,IF(AND(D20<>"",IF('計算A'!$B$8>0,INDEX('計算A'!AP$60:AP$104,'計算A'!$B$8),0)=1),10,IF(AND(D20="",'計算A'!AP$5=1),11,12)))))))))))) | AC20: =IF(AND(E20="",'計算A'!BN$115=0),0,IF(AND(E20<>"",'計算A'!BN$4=0),1,IF(IF(E20="",0,IFERROR(INDEX('計算A'!BN$10:BN$54,MATCH(E20,'計算A'!$B$10:$B$54,0)),0))=1,2,IF(AND(E20<>"",COUNTIF($C$6:$H$29,E20)>1),3,IF('計算A'!BN$4=0,4,IF(AND(E20<>"",'計算A'!BN$108=1),5,IF(AND(E20="",'計算A'!BN$108=1),6,IF(AND(E20<>"",E20=$J$5),7,IF(IF('計算A'!$B$8>0,INDEX('計算A'!BN$10:BN$54,'計算A'!$B$8),0)=1,8,IF(AND(E20="",IF('計算A'!$B$8>0,INDEX('計算A'!BN$60:BN$104,'計算A'!$B$8),0)=1),9,IF(AND(E20<>"",IF('計算A'!$B$8>0,INDEX('計算A'!BN$60:BN$104,'計算A'!$B$8),0)=1),10,IF(AND(E20="",'計算A'!BN$5=1),11,12)))))))))))) | AD20: =IF(AND(F20="",'計算A'!CL$115=0),0,IF(AND(F20<>"",'計算A'!CL$4=0),1,IF(IF(F20="",0,IFERROR(INDEX('計算A'!CL$10:CL$54,MATCH(F20,'計算A'!$B$10:$B$54,0)),0))=1,2,IF(AND(F20<>"",COUNTIF($C$6:$H$29,F20)>1),3,IF('計算A'!CL$4=0,4,IF(AND(F20<>"",'計算A'!CL$108=1),5,IF(AND(F20="",'計算A'!CL$108=1),6,IF(AND(F20<>"",F20=$J$5),7,IF(IF('計算A'!$B$8>0,INDEX('計算A'!CL$10:CL$54,'計算A'!$B$8),0)=1,8,IF(AND(F20="",IF('計算A'!$B$8>0,INDEX('計算A'!CL$60:CL$104,'計算A'!$B$8),0)=1),9,IF(AND(F20<>"",IF('計算A'!$B$8>0,INDEX('計算A'!CL$60:CL$104,'計算A'!$B$8),0)=1),10,IF(AND(F20="",'計算A'!CL$5=1),11,12)))))))))))) | AE20: =IF(AND(G20="",'計算A'!DJ$115=0),0,IF(AND(G20<>"",'計算A'!DJ$4=0),1,IF(IF(G20="",0,IFERROR(INDEX('計算A'!DJ$10:DJ$54,MATCH(G20,'計算A'!$B$10:$B$54,0)),0))=1,2,IF(AND(G20<>"",COUNTIF($C$6:$H$29,G20)>1),3,IF('計算A'!DJ$4=0,4,IF(AND(G20<>"",'計算A'!DJ$108=1),5,IF(AND(G20="",'計算A'!DJ$108=1),6,IF(AND(G20<>"",G20=$J$5),7,IF(IF('計算A'!$B$8>0,INDEX('計算A'!DJ$10:DJ$54,'計算A'!$B$8),0)=1,8,IF(AND(G20="",IF('計算A'!$B$8>0,INDEX('計算A'!DJ$60:DJ$104,'計算A'!$B$8),0)=1),9,IF(AND(G20<>"",IF('計算A'!$B$8>0,INDEX('計算A'!DJ$60:DJ$104,'計算A'!$B$8),0)=1),10,IF(AND(G20="",'計算A'!DJ$5=1),11,12)))))))))))) | AF20: =IF(AND(H20="",'計算A'!EH$115=0),0,IF(AND(H20<>"",'計算A'!EH$4=0),1,IF(IF(H20="",0,IFERROR(INDEX('計算A'!EH$10:EH$54,MATCH(H20,'計算A'!$B$10:$B$54,0)),0))=1,2,IF(AND(H20<>"",COUNTIF($C$6:$H$29,H20)>1),3,IF('計算A'!EH$4=0,4,IF(AND(H20<>"",'計算A'!EH$108=1),5,IF(AND(H20="",'計算A'!EH$108=1),6,IF(AND(H20<>"",H20=$J$5),7,IF(IF('計算A'!$B$8>0,INDEX('計算A'!EH$10:EH$54,'計算A'!$B$8),0)=1,8,IF(AND(H20="",IF('計算A'!$B$8>0,INDEX('計算A'!EH$60:EH$104,'計算A'!$B$8),0)=1),9,IF(AND(H20<>"",IF('計算A'!$B$8>0,INDEX('計算A'!EH$60:EH$104,'計算A'!$B$8),0)=1),10,IF(AND(H20="",'計算A'!EH$5=1),11,12))))))))))))
B21: ='設定'!$I$26 | J21: ③ 右クリック →［貼り付けのオプション］の「値」（123 の絵）。または Ctrl + Shift + V | AA21: =IF(AND(C21="",'計算A'!S$115=0),0,IF(AND(C21<>"",'計算A'!S$4=0),1,IF(IF(C21="",0,IFERROR(INDEX('計算A'!S$10:S$54,MATCH(C21,'計算A'!$B$10:$B$54,0)),0))=1,2,IF(AND(C21<>"",COUNTIF($C$6:$H$29,C21)>1),3,IF('計算A'!S$4=0,4,IF(AND(C21<>"",'計算A'!S$108=1),5,IF(AND(C21="",'計算A'!S$108=1),6,IF(AND(C21<>"",C21=$J$5),7,IF(IF('計算A'!$B$8>0,INDEX('計算A'!S$10:S$54,'計算A'!$B$8),0)=1,8,IF(AND(C21="",IF('計算A'!$B$8>0,INDEX('計算A'!S$60:S$104,'計算A'!$B$8),0)=1),9,IF(AND(C21<>"",IF('計算A'!$B$8>0,INDEX('計算A'!S$60:S$104,'計算A'!$B$8),0)=1),10,IF(AND(C21="",'計算A'!S$5=1),11,12)))))))))))) | AB21: =IF(AND(D21="",'計算A'!AQ$115=0),0,IF(AND(D21<>"",'計算A'!AQ$4=0),1,IF(IF(D21="",0,IFERROR(INDEX('計算A'!AQ$10:AQ$54,MATCH(D21,'計算A'!$B$10:$B$54,0)),0))=1,2,IF(AND(D21<>"",COUNTIF($C$6:$H$29,D21)>1),3,IF('計算A'!AQ$4=0,4,IF(AND(D21<>"",'計算A'!AQ$108=1),5,IF(AND(D21="",'計算A'!AQ$108=1),6,IF(AND(D21<>"",D21=$J$5),7,IF(IF('計算A'!$B$8>0,INDEX('計算A'!AQ$10:AQ$54,'計算A'!$B$8),0)=1,8,IF(AND(D21="",IF('計算A'!$B$8>0,INDEX('計算A'!AQ$60:AQ$104,'計算A'!$B$8),0)=1),9,IF(AND(D21<>"",IF('計算A'!$B$8>0,INDEX('計算A'!AQ$60:AQ$104,'計算A'!$B$8),0)=1),10,IF(AND(D21="",'計算A'!AQ$5=1),11,12)))))))))))) | AC21: =IF(AND(E21="",'計算A'!BO$115=0),0,IF(AND(E21<>"",'計算A'!BO$4=0),1,IF(IF(E21="",0,IFERROR(INDEX('計算A'!BO$10:BO$54,MATCH(E21,'計算A'!$B$10:$B$54,0)),0))=1,2,IF(AND(E21<>"",COUNTIF($C$6:$H$29,E21)>1),3,IF('計算A'!BO$4=0,4,IF(AND(E21<>"",'計算A'!BO$108=1),5,IF(AND(E21="",'計算A'!BO$108=1),6,IF(AND(E21<>"",E21=$J$5),7,IF(IF('計算A'!$B$8>0,INDEX('計算A'!BO$10:BO$54,'計算A'!$B$8),0)=1,8,IF(AND(E21="",IF('計算A'!$B$8>0,INDEX('計算A'!BO$60:BO$104,'計算A'!$B$8),0)=1),9,IF(AND(E21<>"",IF('計算A'!$B$8>0,INDEX('計算A'!BO$60:BO$104,'計算A'!$B$8),0)=1),10,IF(AND(E21="",'計算A'!BO$5=1),11,12)))))))))))) | AD21: =IF(AND(F21="",'計算A'!CM$115=0),0,IF(AND(F21<>"",'計算A'!CM$4=0),1,IF(IF(F21="",0,IFERROR(INDEX('計算A'!CM$10:CM$54,MATCH(F21,'計算A'!$B$10:$B$54,0)),0))=1,2,IF(AND(F21<>"",COUNTIF($C$6:$H$29,F21)>1),3,IF('計算A'!CM$4=0,4,IF(AND(F21<>"",'計算A'!CM$108=1),5,IF(AND(F21="",'計算A'!CM$108=1),6,IF(AND(F21<>"",F21=$J$5),7,IF(IF('計算A'!$B$8>0,INDEX('計算A'!CM$10:CM$54,'計算A'!$B$8),0)=1,8,IF(AND(F21="",IF('計算A'!$B$8>0,INDEX('計算A'!CM$60:CM$104,'計算A'!$B$8),0)=1),9,IF(AND(F21<>"",IF('計算A'!$B$8>0,INDEX('計算A'!CM$60:CM$104,'計算A'!$B$8),0)=1),10,IF(AND(F21="",'計算A'!CM$5=1),11,12)))))))))))) | AE21: =IF(AND(G21="",'計算A'!DK$115=0),0,IF(AND(G21<>"",'計算A'!DK$4=0),1,IF(IF(G21="",0,IFERROR(INDEX('計算A'!DK$10:DK$54,MATCH(G21,'計算A'!$B$10:$B$54,0)),0))=1,2,IF(AND(G21<>"",COUNTIF($C$6:$H$29,G21)>1),3,IF('計算A'!DK$4=0,4,IF(AND(G21<>"",'計算A'!DK$108=1),5,IF(AND(G21="",'計算A'!DK$108=1),6,IF(AND(G21<>"",G21=$J$5),7,IF(IF('計算A'!$B$8>0,INDEX('計算A'!DK$10:DK$54,'計算A'!$B$8),0)=1,8,IF(AND(G21="",IF('計算A'!$B$8>0,INDEX('計算A'!DK$60:DK$104,'計算A'!$B$8),0)=1),9,IF(AND(G21<>"",IF('計算A'!$B$8>0,INDEX('計算A'!DK$60:DK$104,'計算A'!$B$8),0)=1),10,IF(AND(G21="",'計算A'!DK$5=1),11,12)))))))))))) | AF21: =IF(AND(H21="",'計算A'!EI$115=0),0,IF(AND(H21<>"",'計算A'!EI$4=0),1,IF(IF(H21="",0,IFERROR(INDEX('計算A'!EI$10:EI$54,MATCH(H21,'計算A'!$B$10:$B$54,0)),0))=1,2,IF(AND(H21<>"",COUNTIF($C$6:$H$29,H21)>1),3,IF('計算A'!EI$4=0,4,IF(AND(H21<>"",'計算A'!EI$108=1),5,IF(AND(H21="",'計算A'!EI$108=1),6,IF(AND(H21<>"",H21=$J$5),7,IF(IF('計算A'!$B$8>0,INDEX('計算A'!EI$10:EI$54,'計算A'!$B$8),0)=1,8,IF(AND(H21="",IF('計算A'!$B$8>0,INDEX('計算A'!EI$60:EI$104,'計算A'!$B$8),0)=1),9,IF(AND(H21<>"",IF('計算A'!$B$8>0,INDEX('計算A'!EI$60:EI$104,'計算A'!$B$8),0)=1),10,IF(AND(H21="",'計算A'!EI$5=1),11,12))))))))))))
B22: ='設定'!$I$27 | J22: ※ ふつうの貼り付け（Ctrl + V）は×。「循環参照」の注意が出たら、すぐ Ctrl + Z で元に戻します。 | AA22: =IF(AND(C22="",'計算A'!T$115=0),0,IF(AND(C22<>"",'計算A'!T$4=0),1,IF(IF(C22="",0,IFERROR(INDEX('計算A'!T$10:T$54,MATCH(C22,'計算A'!$B$10:$B$54,0)),0))=1,2,IF(AND(C22<>"",COUNTIF($C$6:$H$29,C22)>1),3,IF('計算A'!T$4=0,4,IF(AND(C22<>"",'計算A'!T$108=1),5,IF(AND(C22="",'計算A'!T$108=1),6,IF(AND(C22<>"",C22=$J$5),7,IF(IF('計算A'!$B$8>0,INDEX('計算A'!T$10:T$54,'計算A'!$B$8),0)=1,8,IF(AND(C22="",IF('計算A'!$B$8>0,INDEX('計算A'!T$60:T$104,'計算A'!$B$8),0)=1),9,IF(AND(C22<>"",IF('計算A'!$B$8>0,INDEX('計算A'!T$60:T$104,'計算A'!$B$8),0)=1),10,IF(AND(C22="",'計算A'!T$5=1),11,12)))))))))))) | AB22: =IF(AND(D22="",'計算A'!AR$115=0),0,IF(AND(D22<>"",'計算A'!AR$4=0),1,IF(IF(D22="",0,IFERROR(INDEX('計算A'!AR$10:AR$54,MATCH(D22,'計算A'!$B$10:$B$54,0)),0))=1,2,IF(AND(D22<>"",COUNTIF($C$6:$H$29,D22)>1),3,IF('計算A'!AR$4=0,4,IF(AND(D22<>"",'計算A'!AR$108=1),5,IF(AND(D22="",'計算A'!AR$108=1),6,IF(AND(D22<>"",D22=$J$5),7,IF(IF('計算A'!$B$8>0,INDEX('計算A'!AR$10:AR$54,'計算A'!$B$8),0)=1,8,IF(AND(D22="",IF('計算A'!$B$8>0,INDEX('計算A'!AR$60:AR$104,'計算A'!$B$8),0)=1),9,IF(AND(D22<>"",IF('計算A'!$B$8>0,INDEX('計算A'!AR$60:AR$104,'計算A'!$B$8),0)=1),10,IF(AND(D22="",'計算A'!AR$5=1),11,12)))))))))))) | AC22: =IF(AND(E22="",'計算A'!BP$115=0),0,IF(AND(E22<>"",'計算A'!BP$4=0),1,IF(IF(E22="",0,IFERROR(INDEX('計算A'!BP$10:BP$54,MATCH(E22,'計算A'!$B$10:$B$54,0)),0))=1,2,IF(AND(E22<>"",COUNTIF($C$6:$H$29,E22)>1),3,IF('計算A'!BP$4=0,4,IF(AND(E22<>"",'計算A'!BP$108=1),5,IF(AND(E22="",'計算A'!BP$108=1),6,IF(AND(E22<>"",E22=$J$5),7,IF(IF('計算A'!$B$8>0,INDEX('計算A'!BP$10:BP$54,'計算A'!$B$8),0)=1,8,IF(AND(E22="",IF('計算A'!$B$8>0,INDEX('計算A'!BP$60:BP$104,'計算A'!$B$8),0)=1),9,IF(AND(E22<>"",IF('計算A'!$B$8>0,INDEX('計算A'!BP$60:BP$104,'計算A'!$B$8),0)=1),10,IF(AND(E22="",'計算A'!BP$5=1),11,12)))))))))))) | AD22: =IF(AND(F22="",'計算A'!CN$115=0),0,IF(AND(F22<>"",'計算A'!CN$4=0),1,IF(IF(F22="",0,IFERROR(INDEX('計算A'!CN$10:CN$54,MATCH(F22,'計算A'!$B$10:$B$54,0)),0))=1,2,IF(AND(F22<>"",COUNTIF($C$6:$H$29,F22)>1),3,IF('計算A'!CN$4=0,4,IF(AND(F22<>"",'計算A'!CN$108=1),5,IF(AND(F22="",'計算A'!CN$108=1),6,IF(AND(F22<>"",F22=$J$5),7,IF(IF('計算A'!$B$8>0,INDEX('計算A'!CN$10:CN$54,'計算A'!$B$8),0)=1,8,IF(AND(F22="",IF('計算A'!$B$8>0,INDEX('計算A'!CN$60:CN$104,'計算A'!$B$8),0)=1),9,IF(AND(F22<>"",IF('計算A'!$B$8>0,INDEX('計算A'!CN$60:CN$104,'計算A'!$B$8),0)=1),10,IF(AND(F22="",'計算A'!CN$5=1),11,12)))))))))))) | AE22: =IF(AND(G22="",'計算A'!DL$115=0),0,IF(AND(G22<>"",'計算A'!DL$4=0),1,IF(IF(G22="",0,IFERROR(INDEX('計算A'!DL$10:DL$54,MATCH(G22,'計算A'!$B$10:$B$54,0)),0))=1,2,IF(AND(G22<>"",COUNTIF($C$6:$H$29,G22)>1),3,IF('計算A'!DL$4=0,4,IF(AND(G22<>"",'計算A'!DL$108=1),5,IF(AND(G22="",'計算A'!DL$108=1),6,IF(AND(G22<>"",G22=$J$5),7,IF(IF('計算A'!$B$8>0,INDEX('計算A'!DL$10:DL$54,'計算A'!$B$8),0)=1,8,IF(AND(G22="",IF('計算A'!$B$8>0,INDEX('計算A'!DL$60:DL$104,'計算A'!$B$8),0)=1),9,IF(AND(G22<>"",IF('計算A'!$B$8>0,INDEX('計算A'!DL$60:DL$104,'計算A'!$B$8),0)=1),10,IF(AND(G22="",'計算A'!DL$5=1),11,12)))))))))))) | AF22: =IF(AND(H22="",'計算A'!EJ$115=0),0,IF(AND(H22<>"",'計算A'!EJ$4=0),1,IF(IF(H22="",0,IFERROR(INDEX('計算A'!EJ$10:EJ$54,MATCH(H22,'計算A'!$B$10:$B$54,0)),0))=1,2,IF(AND(H22<>"",COUNTIF($C$6:$H$29,H22)>1),3,IF('計算A'!EJ$4=0,4,IF(AND(H22<>"",'計算A'!EJ$108=1),5,IF(AND(H22="",'計算A'!EJ$108=1),6,IF(AND(H22<>"",H22=$J$5),7,IF(IF('計算A'!$B$8>0,INDEX('計算A'!EJ$10:EJ$54,'計算A'!$B$8),0)=1,8,IF(AND(H22="",IF('計算A'!$B$8>0,INDEX('計算A'!EJ$60:EJ$104,'計算A'!$B$8),0)=1),9,IF(AND(H22<>"",IF('計算A'!$B$8>0,INDEX('計算A'!EJ$60:EJ$104,'計算A'!$B$8),0)=1),10,IF(AND(H22="",'計算A'!EJ$5=1),11,12))))))))))))
B23: ='設定'!$I$28 | AA23: =IF(AND(C23="",'計算A'!U$115=0),0,IF(AND(C23<>"",'計算A'!U$4=0),1,IF(IF(C23="",0,IFERROR(INDEX('計算A'!U$10:U$54,MATCH(C23,'計算A'!$B$10:$B$54,0)),0))=1,2,IF(AND(C23<>"",COUNTIF($C$6:$H$29,C23)>1),3,IF('計算A'!U$4=0,4,IF(AND(C23<>"",'計算A'!U$108=1),5,IF(AND(C23="",'計算A'!U$108=1),6,IF(AND(C23<>"",C23=$J$5),7,IF(IF('計算A'!$B$8>0,INDEX('計算A'!U$10:U$54,'計算A'!$B$8),0)=1,8,IF(AND(C23="",IF('計算A'!$B$8>0,INDEX('計算A'!U$60:U$104,'計算A'!$B$8),0)=1),9,IF(AND(C23<>"",IF('計算A'!$B$8>0,INDEX('計算A'!U$60:U$104,'計算A'!$B$8),0)=1),10,IF(AND(C23="",'計算A'!U$5=1),11,12)))))))))))) | AB23: =IF(AND(D23="",'計算A'!AS$115=0),0,IF(AND(D23<>"",'計算A'!AS$4=0),1,IF(IF(D23="",0,IFERROR(INDEX('計算A'!AS$10:AS$54,MATCH(D23,'計算A'!$B$10:$B$54,0)),0))=1,2,IF(AND(D23<>"",COUNTIF($C$6:$H$29,D23)>1),3,IF('計算A'!AS$4=0,4,IF(AND(D23<>"",'計算A'!AS$108=1),5,IF(AND(D23="",'計算A'!AS$108=1),6,IF(AND(D23<>"",D23=$J$5),7,IF(IF('計算A'!$B$8>0,INDEX('計算A'!AS$10:AS$54,'計算A'!$B$8),0)=1,8,IF(AND(D23="",IF('計算A'!$B$8>0,INDEX('計算A'!AS$60:AS$104,'計算A'!$B$8),0)=1),9,IF(AND(D23<>"",IF('計算A'!$B$8>0,INDEX('計算A'!AS$60:AS$104,'計算A'!$B$8),0)=1),10,IF(AND(D23="",'計算A'!AS$5=1),11,12)))))))))))) | AC23: =IF(AND(E23="",'計算A'!BQ$115=0),0,IF(AND(E23<>"",'計算A'!BQ$4=0),1,IF(IF(E23="",0,IFERROR(INDEX('計算A'!BQ$10:BQ$54,MATCH(E23,'計算A'!$B$10:$B$54,0)),0))=1,2,IF(AND(E23<>"",COUNTIF($C$6:$H$29,E23)>1),3,IF('計算A'!BQ$4=0,4,IF(AND(E23<>"",'計算A'!BQ$108=1),5,IF(AND(E23="",'計算A'!BQ$108=1),6,IF(AND(E23<>"",E23=$J$5),7,IF(IF('計算A'!$B$8>0,INDEX('計算A'!BQ$10:BQ$54,'計算A'!$B$8),0)=1,8,IF(AND(E23="",IF('計算A'!$B$8>0,INDEX('計算A'!BQ$60:BQ$104,'計算A'!$B$8),0)=1),9,IF(AND(E23<>"",IF('計算A'!$B$8>0,INDEX('計算A'!BQ$60:BQ$104,'計算A'!$B$8),0)=1),10,IF(AND(E23="",'計算A'!BQ$5=1),11,12)))))))))))) | AD23: =IF(AND(F23="",'計算A'!CO$115=0),0,IF(AND(F23<>"",'計算A'!CO$4=0),1,IF(IF(F23="",0,IFERROR(INDEX('計算A'!CO$10:CO$54,MATCH(F23,'計算A'!$B$10:$B$54,0)),0))=1,2,IF(AND(F23<>"",COUNTIF($C$6:$H$29,F23)>1),3,IF('計算A'!CO$4=0,4,IF(AND(F23<>"",'計算A'!CO$108=1),5,IF(AND(F23="",'計算A'!CO$108=1),6,IF(AND(F23<>"",F23=$J$5),7,IF(IF('計算A'!$B$8>0,INDEX('計算A'!CO$10:CO$54,'計算A'!$B$8),0)=1,8,IF(AND(F23="",IF('計算A'!$B$8>0,INDEX('計算A'!CO$60:CO$104,'計算A'!$B$8),0)=1),9,IF(AND(F23<>"",IF('計算A'!$B$8>0,INDEX('計算A'!CO$60:CO$104,'計算A'!$B$8),0)=1),10,IF(AND(F23="",'計算A'!CO$5=1),11,12)))))))))))) | AE23: =IF(AND(G23="",'計算A'!DM$115=0),0,IF(AND(G23<>"",'計算A'!DM$4=0),1,IF(IF(G23="",0,IFERROR(INDEX('計算A'!DM$10:DM$54,MATCH(G23,'計算A'!$B$10:$B$54,0)),0))=1,2,IF(AND(G23<>"",COUNTIF($C$6:$H$29,G23)>1),3,IF('計算A'!DM$4=0,4,IF(AND(G23<>"",'計算A'!DM$108=1),5,IF(AND(G23="",'計算A'!DM$108=1),6,IF(AND(G23<>"",G23=$J$5),7,IF(IF('計算A'!$B$8>0,INDEX('計算A'!DM$10:DM$54,'計算A'!$B$8),0)=1,8,IF(AND(G23="",IF('計算A'!$B$8>0,INDEX('計算A'!DM$60:DM$104,'計算A'!$B$8),0)=1),9,IF(AND(G23<>"",IF('計算A'!$B$8>0,INDEX('計算A'!DM$60:DM$104,'計算A'!$B$8),0)=1),10,IF(AND(G23="",'計算A'!DM$5=1),11,12)))))))))))) | AF23: =IF(AND(H23="",'計算A'!EK$115=0),0,IF(AND(H23<>"",'計算A'!EK$4=0),1,IF(IF(H23="",0,IFERROR(INDEX('計算A'!EK$10:EK$54,MATCH(H23,'計算A'!$B$10:$B$54,0)),0))=1,2,IF(AND(H23<>"",COUNTIF($C$6:$H$29,H23)>1),3,IF('計算A'!EK$4=0,4,IF(AND(H23<>"",'計算A'!EK$108=1),5,IF(AND(H23="",'計算A'!EK$108=1),6,IF(AND(H23<>"",H23=$J$5),7,IF(IF('計算A'!$B$8>0,INDEX('計算A'!EK$10:EK$54,'計算A'!$B$8),0)=1,8,IF(AND(H23="",IF('計算A'!$B$8>0,INDEX('計算A'!EK$60:EK$104,'計算A'!$B$8),0)=1),9,IF(AND(H23<>"",IF('計算A'!$B$8>0,INDEX('計算A'!EK$60:EK$104,'計算A'!$B$8),0)=1),10,IF(AND(H23="",'計算A'!EK$5=1),11,12))))))))))))
B24: ='設定'!$I$29 | AA24: =IF(AND(C24="",'計算A'!V$115=0),0,IF(AND(C24<>"",'計算A'!V$4=0),1,IF(IF(C24="",0,IFERROR(INDEX('計算A'!V$10:V$54,MATCH(C24,'計算A'!$B$10:$B$54,0)),0))=1,2,IF(AND(C24<>"",COUNTIF($C$6:$H$29,C24)>1),3,IF('計算A'!V$4=0,4,IF(AND(C24<>"",'計算A'!V$108=1),5,IF(AND(C24="",'計算A'!V$108=1),6,IF(AND(C24<>"",C24=$J$5),7,IF(IF('計算A'!$B$8>0,INDEX('計算A'!V$10:V$54,'計算A'!$B$8),0)=1,8,IF(AND(C24="",IF('計算A'!$B$8>0,INDEX('計算A'!V$60:V$104,'計算A'!$B$8),0)=1),9,IF(AND(C24<>"",IF('計算A'!$B$8>0,INDEX('計算A'!V$60:V$104,'計算A'!$B$8),0)=1),10,IF(AND(C24="",'計算A'!V$5=1),11,12)))))))))))) | AB24: =IF(AND(D24="",'計算A'!AT$115=0),0,IF(AND(D24<>"",'計算A'!AT$4=0),1,IF(IF(D24="",0,IFERROR(INDEX('計算A'!AT$10:AT$54,MATCH(D24,'計算A'!$B$10:$B$54,0)),0))=1,2,IF(AND(D24<>"",COUNTIF($C$6:$H$29,D24)>1),3,IF('計算A'!AT$4=0,4,IF(AND(D24<>"",'計算A'!AT$108=1),5,IF(AND(D24="",'計算A'!AT$108=1),6,IF(AND(D24<>"",D24=$J$5),7,IF(IF('計算A'!$B$8>0,INDEX('計算A'!AT$10:AT$54,'計算A'!$B$8),0)=1,8,IF(AND(D24="",IF('計算A'!$B$8>0,INDEX('計算A'!AT$60:AT$104,'計算A'!$B$8),0)=1),9,IF(AND(D24<>"",IF('計算A'!$B$8>0,INDEX('計算A'!AT$60:AT$104,'計算A'!$B$8),0)=1),10,IF(AND(D24="",'計算A'!AT$5=1),11,12)))))))))))) | AC24: =IF(AND(E24="",'計算A'!BR$115=0),0,IF(AND(E24<>"",'計算A'!BR$4=0),1,IF(IF(E24="",0,IFERROR(INDEX('計算A'!BR$10:BR$54,MATCH(E24,'計算A'!$B$10:$B$54,0)),0))=1,2,IF(AND(E24<>"",COUNTIF($C$6:$H$29,E24)>1),3,IF('計算A'!BR$4=0,4,IF(AND(E24<>"",'計算A'!BR$108=1),5,IF(AND(E24="",'計算A'!BR$108=1),6,IF(AND(E24<>"",E24=$J$5),7,IF(IF('計算A'!$B$8>0,INDEX('計算A'!BR$10:BR$54,'計算A'!$B$8),0)=1,8,IF(AND(E24="",IF('計算A'!$B$8>0,INDEX('計算A'!BR$60:BR$104,'計算A'!$B$8),0)=1),9,IF(AND(E24<>"",IF('計算A'!$B$8>0,INDEX('計算A'!BR$60:BR$104,'計算A'!$B$8),0)=1),10,IF(AND(E24="",'計算A'!BR$5=1),11,12)))))))))))) | AD24: =IF(AND(F24="",'計算A'!CP$115=0),0,IF(AND(F24<>"",'計算A'!CP$4=0),1,IF(IF(F24="",0,IFERROR(INDEX('計算A'!CP$10:CP$54,MATCH(F24,'計算A'!$B$10:$B$54,0)),0))=1,2,IF(AND(F24<>"",COUNTIF($C$6:$H$29,F24)>1),3,IF('計算A'!CP$4=0,4,IF(AND(F24<>"",'計算A'!CP$108=1),5,IF(AND(F24="",'計算A'!CP$108=1),6,IF(AND(F24<>"",F24=$J$5),7,IF(IF('計算A'!$B$8>0,INDEX('計算A'!CP$10:CP$54,'計算A'!$B$8),0)=1,8,IF(AND(F24="",IF('計算A'!$B$8>0,INDEX('計算A'!CP$60:CP$104,'計算A'!$B$8),0)=1),9,IF(AND(F24<>"",IF('計算A'!$B$8>0,INDEX('計算A'!CP$60:CP$104,'計算A'!$B$8),0)=1),10,IF(AND(F24="",'計算A'!CP$5=1),11,12)))))))))))) | AE24: =IF(AND(G24="",'計算A'!DN$115=0),0,IF(AND(G24<>"",'計算A'!DN$4=0),1,IF(IF(G24="",0,IFERROR(INDEX('計算A'!DN$10:DN$54,MATCH(G24,'計算A'!$B$10:$B$54,0)),0))=1,2,IF(AND(G24<>"",COUNTIF($C$6:$H$29,G24)>1),3,IF('計算A'!DN$4=0,4,IF(AND(G24<>"",'計算A'!DN$108=1),5,IF(AND(G24="",'計算A'!DN$108=1),6,IF(AND(G24<>"",G24=$J$5),7,IF(IF('計算A'!$B$8>0,INDEX('計算A'!DN$10:DN$54,'計算A'!$B$8),0)=1,8,IF(AND(G24="",IF('計算A'!$B$8>0,INDEX('計算A'!DN$60:DN$104,'計算A'!$B$8),0)=1),9,IF(AND(G24<>"",IF('計算A'!$B$8>0,INDEX('計算A'!DN$60:DN$104,'計算A'!$B$8),0)=1),10,IF(AND(G24="",'計算A'!DN$5=1),11,12)))))))))))) | AF24: =IF(AND(H24="",'計算A'!EL$115=0),0,IF(AND(H24<>"",'計算A'!EL$4=0),1,IF(IF(H24="",0,IFERROR(INDEX('計算A'!EL$10:EL$54,MATCH(H24,'計算A'!$B$10:$B$54,0)),0))=1,2,IF(AND(H24<>"",COUNTIF($C$6:$H$29,H24)>1),3,IF('計算A'!EL$4=0,4,IF(AND(H24<>"",'計算A'!EL$108=1),5,IF(AND(H24="",'計算A'!EL$108=1),6,IF(AND(H24<>"",H24=$J$5),7,IF(IF('計算A'!$B$8>0,INDEX('計算A'!EL$10:EL$54,'計算A'!$B$8),0)=1,8,IF(AND(H24="",IF('計算A'!$B$8>0,INDEX('計算A'!EL$60:EL$104,'計算A'!$B$8),0)=1),9,IF(AND(H24<>"",IF('計算A'!$B$8>0,INDEX('計算A'!EL$60:EL$104,'計算A'!$B$8),0)=1),10,IF(AND(H24="",'計算A'!EL$5=1),11,12))))))))))))
B25: ='設定'!$I$30 | AA25: =IF(AND(C25="",'計算A'!W$115=0),0,IF(AND(C25<>"",'計算A'!W$4=0),1,IF(IF(C25="",0,IFERROR(INDEX('計算A'!W$10:W$54,MATCH(C25,'計算A'!$B$10:$B$54,0)),0))=1,2,IF(AND(C25<>"",COUNTIF($C$6:$H$29,C25)>1),3,IF('計算A'!W$4=0,4,IF(AND(C25<>"",'計算A'!W$108=1),5,IF(AND(C25="",'計算A'!W$108=1),6,IF(AND(C25<>"",C25=$J$5),7,IF(IF('計算A'!$B$8>0,INDEX('計算A'!W$10:W$54,'計算A'!$B$8),0)=1,8,IF(AND(C25="",IF('計算A'!$B$8>0,INDEX('計算A'!W$60:W$104,'計算A'!$B$8),0)=1),9,IF(AND(C25<>"",IF('計算A'!$B$8>0,INDEX('計算A'!W$60:W$104,'計算A'!$B$8),0)=1),10,IF(AND(C25="",'計算A'!W$5=1),11,12)))))))))))) | AB25: =IF(AND(D25="",'計算A'!AU$115=0),0,IF(AND(D25<>"",'計算A'!AU$4=0),1,IF(IF(D25="",0,IFERROR(INDEX('計算A'!AU$10:AU$54,MATCH(D25,'計算A'!$B$10:$B$54,0)),0))=1,2,IF(AND(D25<>"",COUNTIF($C$6:$H$29,D25)>1),3,IF('計算A'!AU$4=0,4,IF(AND(D25<>"",'計算A'!AU$108=1),5,IF(AND(D25="",'計算A'!AU$108=1),6,IF(AND(D25<>"",D25=$J$5),7,IF(IF('計算A'!$B$8>0,INDEX('計算A'!AU$10:AU$54,'計算A'!$B$8),0)=1,8,IF(AND(D25="",IF('計算A'!$B$8>0,INDEX('計算A'!AU$60:AU$104,'計算A'!$B$8),0)=1),9,IF(AND(D25<>"",IF('計算A'!$B$8>0,INDEX('計算A'!AU$60:AU$104,'計算A'!$B$8),0)=1),10,IF(AND(D25="",'計算A'!AU$5=1),11,12)))))))))))) | AC25: =IF(AND(E25="",'計算A'!BS$115=0),0,IF(AND(E25<>"",'計算A'!BS$4=0),1,IF(IF(E25="",0,IFERROR(INDEX('計算A'!BS$10:BS$54,MATCH(E25,'計算A'!$B$10:$B$54,0)),0))=1,2,IF(AND(E25<>"",COUNTIF($C$6:$H$29,E25)>1),3,IF('計算A'!BS$4=0,4,IF(AND(E25<>"",'計算A'!BS$108=1),5,IF(AND(E25="",'計算A'!BS$108=1),6,IF(AND(E25<>"",E25=$J$5),7,IF(IF('計算A'!$B$8>0,INDEX('計算A'!BS$10:BS$54,'計算A'!$B$8),0)=1,8,IF(AND(E25="",IF('計算A'!$B$8>0,INDEX('計算A'!BS$60:BS$104,'計算A'!$B$8),0)=1),9,IF(AND(E25<>"",IF('計算A'!$B$8>0,INDEX('計算A'!BS$60:BS$104,'計算A'!$B$8),0)=1),10,IF(AND(E25="",'計算A'!BS$5=1),11,12)))))))))))) | AD25: =IF(AND(F25="",'計算A'!CQ$115=0),0,IF(AND(F25<>"",'計算A'!CQ$4=0),1,IF(IF(F25="",0,IFERROR(INDEX('計算A'!CQ$10:CQ$54,MATCH(F25,'計算A'!$B$10:$B$54,0)),0))=1,2,IF(AND(F25<>"",COUNTIF($C$6:$H$29,F25)>1),3,IF('計算A'!CQ$4=0,4,IF(AND(F25<>"",'計算A'!CQ$108=1),5,IF(AND(F25="",'計算A'!CQ$108=1),6,IF(AND(F25<>"",F25=$J$5),7,IF(IF('計算A'!$B$8>0,INDEX('計算A'!CQ$10:CQ$54,'計算A'!$B$8),0)=1,8,IF(AND(F25="",IF('計算A'!$B$8>0,INDEX('計算A'!CQ$60:CQ$104,'計算A'!$B$8),0)=1),9,IF(AND(F25<>"",IF('計算A'!$B$8>0,INDEX('計算A'!CQ$60:CQ$104,'計算A'!$B$8),0)=1),10,IF(AND(F25="",'計算A'!CQ$5=1),11,12)))))))))))) | AE25: =IF(AND(G25="",'計算A'!DO$115=0),0,IF(AND(G25<>"",'計算A'!DO$4=0),1,IF(IF(G25="",0,IFERROR(INDEX('計算A'!DO$10:DO$54,MATCH(G25,'計算A'!$B$10:$B$54,0)),0))=1,2,IF(AND(G25<>"",COUNTIF($C$6:$H$29,G25)>1),3,IF('計算A'!DO$4=0,4,IF(AND(G25<>"",'計算A'!DO$108=1),5,IF(AND(G25="",'計算A'!DO$108=1),6,IF(AND(G25<>"",G25=$J$5),7,IF(IF('計算A'!$B$8>0,INDEX('計算A'!DO$10:DO$54,'計算A'!$B$8),0)=1,8,IF(AND(G25="",IF('計算A'!$B$8>0,INDEX('計算A'!DO$60:DO$104,'計算A'!$B$8),0)=1),9,IF(AND(G25<>"",IF('計算A'!$B$8>0,INDEX('計算A'!DO$60:DO$104,'計算A'!$B$8),0)=1),10,IF(AND(G25="",'計算A'!DO$5=1),11,12)))))))))))) | AF25: =IF(AND(H25="",'計算A'!EM$115=0),0,IF(AND(H25<>"",'計算A'!EM$4=0),1,IF(IF(H25="",0,IFERROR(INDEX('計算A'!EM$10:EM$54,MATCH(H25,'計算A'!$B$10:$B$54,0)),0))=1,2,IF(AND(H25<>"",COUNTIF($C$6:$H$29,H25)>1),3,IF('計算A'!EM$4=0,4,IF(AND(H25<>"",'計算A'!EM$108=1),5,IF(AND(H25="",'計算A'!EM$108=1),6,IF(AND(H25<>"",H25=$J$5),7,IF(IF('計算A'!$B$8>0,INDEX('計算A'!EM$10:EM$54,'計算A'!$B$8),0)=1,8,IF(AND(H25="",IF('計算A'!$B$8>0,INDEX('計算A'!EM$60:EM$104,'計算A'!$B$8),0)=1),9,IF(AND(H25<>"",IF('計算A'!$B$8>0,INDEX('計算A'!EM$60:EM$104,'計算A'!$B$8),0)=1),10,IF(AND(H25="",'計算A'!EM$5=1),11,12))))))))))))
B26: ='設定'!$I$31 | AA26: =IF(AND(C26="",'計算A'!X$115=0),0,IF(AND(C26<>"",'計算A'!X$4=0),1,IF(IF(C26="",0,IFERROR(INDEX('計算A'!X$10:X$54,MATCH(C26,'計算A'!$B$10:$B$54,0)),0))=1,2,IF(AND(C26<>"",COUNTIF($C$6:$H$29,C26)>1),3,IF('計算A'!X$4=0,4,IF(AND(C26<>"",'計算A'!X$108=1),5,IF(AND(C26="",'計算A'!X$108=1),6,IF(AND(C26<>"",C26=$J$5),7,IF(IF('計算A'!$B$8>0,INDEX('計算A'!X$10:X$54,'計算A'!$B$8),0)=1,8,IF(AND(C26="",IF('計算A'!$B$8>0,INDEX('計算A'!X$60:X$104,'計算A'!$B$8),0)=1),9,IF(AND(C26<>"",IF('計算A'!$B$8>0,INDEX('計算A'!X$60:X$104,'計算A'!$B$8),0)=1),10,IF(AND(C26="",'計算A'!X$5=1),11,12)))))))))))) | AB26: =IF(AND(D26="",'計算A'!AV$115=0),0,IF(AND(D26<>"",'計算A'!AV$4=0),1,IF(IF(D26="",0,IFERROR(INDEX('計算A'!AV$10:AV$54,MATCH(D26,'計算A'!$B$10:$B$54,0)),0))=1,2,IF(AND(D26<>"",COUNTIF($C$6:$H$29,D26)>1),3,IF('計算A'!AV$4=0,4,IF(AND(D26<>"",'計算A'!AV$108=1),5,IF(AND(D26="",'計算A'!AV$108=1),6,IF(AND(D26<>"",D26=$J$5),7,IF(IF('計算A'!$B$8>0,INDEX('計算A'!AV$10:AV$54,'計算A'!$B$8),0)=1,8,IF(AND(D26="",IF('計算A'!$B$8>0,INDEX('計算A'!AV$60:AV$104,'計算A'!$B$8),0)=1),9,IF(AND(D26<>"",IF('計算A'!$B$8>0,INDEX('計算A'!AV$60:AV$104,'計算A'!$B$8),0)=1),10,IF(AND(D26="",'計算A'!AV$5=1),11,12)))))))))))) | AC26: =IF(AND(E26="",'計算A'!BT$115=0),0,IF(AND(E26<>"",'計算A'!BT$4=0),1,IF(IF(E26="",0,IFERROR(INDEX('計算A'!BT$10:BT$54,MATCH(E26,'計算A'!$B$10:$B$54,0)),0))=1,2,IF(AND(E26<>"",COUNTIF($C$6:$H$29,E26)>1),3,IF('計算A'!BT$4=0,4,IF(AND(E26<>"",'計算A'!BT$108=1),5,IF(AND(E26="",'計算A'!BT$108=1),6,IF(AND(E26<>"",E26=$J$5),7,IF(IF('計算A'!$B$8>0,INDEX('計算A'!BT$10:BT$54,'計算A'!$B$8),0)=1,8,IF(AND(E26="",IF('計算A'!$B$8>0,INDEX('計算A'!BT$60:BT$104,'計算A'!$B$8),0)=1),9,IF(AND(E26<>"",IF('計算A'!$B$8>0,INDEX('計算A'!BT$60:BT$104,'計算A'!$B$8),0)=1),10,IF(AND(E26="",'計算A'!BT$5=1),11,12)))))))))))) | AD26: =IF(AND(F26="",'計算A'!CR$115=0),0,IF(AND(F26<>"",'計算A'!CR$4=0),1,IF(IF(F26="",0,IFERROR(INDEX('計算A'!CR$10:CR$54,MATCH(F26,'計算A'!$B$10:$B$54,0)),0))=1,2,IF(AND(F26<>"",COUNTIF($C$6:$H$29,F26)>1),3,IF('計算A'!CR$4=0,4,IF(AND(F26<>"",'計算A'!CR$108=1),5,IF(AND(F26="",'計算A'!CR$108=1),6,IF(AND(F26<>"",F26=$J$5),7,IF(IF('計算A'!$B$8>0,INDEX('計算A'!CR$10:CR$54,'計算A'!$B$8),0)=1,8,IF(AND(F26="",IF('計算A'!$B$8>0,INDEX('計算A'!CR$60:CR$104,'計算A'!$B$8),0)=1),9,IF(AND(F26<>"",IF('計算A'!$B$8>0,INDEX('計算A'!CR$60:CR$104,'計算A'!$B$8),0)=1),10,IF(AND(F26="",'計算A'!CR$5=1),11,12)))))))))))) | AE26: =IF(AND(G26="",'計算A'!DP$115=0),0,IF(AND(G26<>"",'計算A'!DP$4=0),1,IF(IF(G26="",0,IFERROR(INDEX('計算A'!DP$10:DP$54,MATCH(G26,'計算A'!$B$10:$B$54,0)),0))=1,2,IF(AND(G26<>"",COUNTIF($C$6:$H$29,G26)>1),3,IF('計算A'!DP$4=0,4,IF(AND(G26<>"",'計算A'!DP$108=1),5,IF(AND(G26="",'計算A'!DP$108=1),6,IF(AND(G26<>"",G26=$J$5),7,IF(IF('計算A'!$B$8>0,INDEX('計算A'!DP$10:DP$54,'計算A'!$B$8),0)=1,8,IF(AND(G26="",IF('計算A'!$B$8>0,INDEX('計算A'!DP$60:DP$104,'計算A'!$B$8),0)=1),9,IF(AND(G26<>"",IF('計算A'!$B$8>0,INDEX('計算A'!DP$60:DP$104,'計算A'!$B$8),0)=1),10,IF(AND(G26="",'計算A'!DP$5=1),11,12)))))))))))) | AF26: =IF(AND(H26="",'計算A'!EN$115=0),0,IF(AND(H26<>"",'計算A'!EN$4=0),1,IF(IF(H26="",0,IFERROR(INDEX('計算A'!EN$10:EN$54,MATCH(H26,'計算A'!$B$10:$B$54,0)),0))=1,2,IF(AND(H26<>"",COUNTIF($C$6:$H$29,H26)>1),3,IF('計算A'!EN$4=0,4,IF(AND(H26<>"",'計算A'!EN$108=1),5,IF(AND(H26="",'計算A'!EN$108=1),6,IF(AND(H26<>"",H26=$J$5),7,IF(IF('計算A'!$B$8>0,INDEX('計算A'!EN$10:EN$54,'計算A'!$B$8),0)=1,8,IF(AND(H26="",IF('計算A'!$B$8>0,INDEX('計算A'!EN$60:EN$104,'計算A'!$B$8),0)=1),9,IF(AND(H26<>"",IF('計算A'!$B$8>0,INDEX('計算A'!EN$60:EN$104,'計算A'!$B$8),0)=1),10,IF(AND(H26="",'計算A'!EN$5=1),11,12))))))))))))
