Workbook

Sheet ①データ入力
I1: 名簿から名前をコピペして使ってください。３年生以上は性別欄を記入しないと動きません。タイムまで入力したら②のシートへ
A2: No. | B2: 1組 名前 | C2: 性別 (1=男子 2=女子) | D2: タイム (1/100秒) | E2: 赤or白 | G2: 2組 名前 | H2: 性別 (1=男子 2=女子) | I2: タイム (1/100秒) | J2: 赤or白 | L2: 3組 名前 | M2: 性別 (1=男子 2=女子) | N2: タイム (1/100秒) | O2: 赤or白 | Q2: 4組 名前 | R2: 性別 (1=男子 2=女子) | S2: タイム (1/100秒) | T2: 赤or白 | V2: 5組 名前 | W2: 性別 (1=男子 2=女子) | X2: タイム (1/100秒) | Y2: 赤or白
A3: 1 | B3: 木村 りく | C3: 1 | D3: 8.85 | E3: 赤 | G3: 高橋 まお | H3: 2 | I3: 9.58 | J3: 赤 | L3: 藤田 そうた | M3: 1 | N3: 9.37 | O3: 赤 | Q3: 小林 みなと | R3: 1 | S3: 9.11 | T3: 赤
A4: 2 | B4: 木村 ゆな | C4: 2 | D4: 9.76 | E4: 白 | G4: 高橋 ひまり | H4: 2 | I4: 8.97 | J4: 赤 | L4: 伊藤 さくら | M4: 2 | N4: 10.88 | O4: 白 | Q4: 清水 ゆな | R4: 2 | S4: 9.29 | T4: 赤
A5: 3 | B5: 後藤 ひなた | C5: 1 | D5: 9.91 | E5: 赤 | G5: 佐藤 そうた | H5: 1 | I5: 9.34 | J5: 赤 | L5: 木村 ことね | M5: 2 | N5: 8.52 | O5: 白 | Q5: 山田 あおい | R5: 2 | S5: 9.53 | T5: 白
A6: 4 | B6: 井上 かのん | C6: 2 | D6: 9.64 | E6: 白 | G6: 後藤 ゆうと | H6: 1 | I6: 8.47 | J6: 白 | L6: 井上 だいち | M6: 1 | N6: 8.89 | O6: 赤 | Q6: 佐藤 ひまり | R6: 2 | S6: 9.73 | T6: 赤
A7: 5 | B7: 石川 ほのか | C7: 2 | D7: 9.43 | E7: 白 | G7: 後藤 さく | H7: 1 | I7: 9.24 | J7: 白 | L7: 斎藤 いつき | M7: 1 | N7: 8.77 | O7: 白 | Q7: 松本 そうた | R7: 1 | S7: 9.36 | T7: 白
A8: 6 | B8: 山本 かいと | C8: 1 | D8: 8.65 | E8: 白 | G8: 加藤 あおい | H8: 1 | I8: 8.98 | J8: 白 | L8: 木村 みお | M8: 2 | N8: 9.7 | O8: 白 | Q8: 清水 ひな | R8: 2 | S8: 9.21 | T8: 白
A9: 7 | B9: 井上 けんた | C9: 1 | D9: 9.27 | E9: 赤 | G9: 伊藤 りょう | H9: 1 | I9: 8.76 | J9: 赤 | L9: 伊藤 ゆな | M9: 2 | N9: 10.22 | O9: 赤 | Q9: 山田 ひな | R9: 2 | S9: 10.22 | T9: 白
A10: 8 | B10: 佐藤 こはる | C10: 2 | D10: 9.77 | E10: 赤 | G10: 山本 ことね | H10: 2 | I10: 9.83 | J10: 赤 | L10: 吉田 ひなた | M10: 1 | N10: 9.06 | O10: 赤 | Q10: 伊藤 ひまり | R10: 2 | S10: 10.36 | T10: 白
A11: 9 | B11: 小林 けんた | C11: 1 | D11: 9.27 | E11: 赤 | G11: 伊藤 かいと | H11: 1 | I11: 8.54 | J11: 白 | L11: 高橋 ひなた | M11: 1 | N11: 9.94 | O11: 赤 | Q11: 森 ひまり | R11: 2 | S11: 9.83 | T11: 白
A12: 10 | B12: 中村 さら | C12: 2 | D12: 8.37 | E12: 白 | G12: 佐藤 ゆい | H12: 2 | I12: 10.91 | J12: 白 | L12: 小林 めい | M12: 2 | N12: 9.87 | O12: 赤 | Q12: 石川 はると | R12: 1 | S12: 9.67 | T12: 白
A13: 11 | B13: 松本 ゆな | C13: 2 | D13: 9.55 | E13: 白 | G13: 岡田 つむぎ | H13: 2 | I13: 9.33 | J13: 白 | L13: 石川 ほのか | M13: 2 | N13: 10.16 | O13: 赤 | Q13: 村上 りく | R13: 1 | S13: 9.55 | T13: 白
A14: 12 | B14: 山本 りょう | C14: 1 | D14: 8.36 | E14: 赤 | G14: 池田 みなと | H14: 1 | I14: 9.52 | J14: 白 | L14: 近藤 みなと | M14: 1 | N14: 9.11 | O14: 白 | Q14: 清水 めい | R14: 2 | S14: 10.56 | T14: 白
... A24: 22 | B24: 石川 れん | C24: 1 | D24: 8.64 | E24: 白 | G24: 木村 りん | H24: 2 | I24: 9.35 | J24: 白 | L24: 加藤 こうき | M24: 1 | N24: 8.41 | O24: 白 | Q24: 岡田 そうた | R24: 1 | S24: 8.12 | T24: 白
A25: 23 | B25: 岡田 さら | C25: 2 | D25: 9.3 | E25: 赤
A26: 24 | B26: 村上 かいと | C26: 1 | D26: 9.35 | E26: 白
A27: 25
A28: 26
A29: 27
A30: 28
A31: 29
A32: 30
A33: 31
A34: 32
A35: 33
A36: 34
A37: 35
A38: 36
A39: 37

Sheet 組ごとタイム順
A1: 男子 | J1: 女子 | S1: =IF(計算用!$Q$6>0,"※名前はあるのに性別・タイム・赤白のどれかが未入力で、表に出ていない人が"&計算用!$Q$6&"人います","")
B2: 赤組 | F2: 白組 | K2: 赤組 | O2: 白組
B3: 名前 | C3: クラス | D3: タイム | F3: 名前 | G3: クラス | H3: タイム | K3: 名前 | L3: クラス | M3: タイム | O3: 名前 | P3: クラス | Q3: タイム
A4: =IF(ROW()-3<=MAX(計算用!$Q$2,計算用!$Q$3),ROW()-3,"") | B4: =IFERROR(INDEX(計算用!$D$2:$D$186,MATCH("男赤"&$A4,計算用!$L$2:$L$186,0)),"") | C4: =IFERROR(INDEX(計算用!$M$2:$M$186,MATCH("男赤"&$A4,計算用!$L$2:$L$186,0)),"") | D4: =IFERROR(INDEX(計算用!$G$2:$G$186,MATCH("男赤"&$A4,計算用!$L$2:$L$186,0)),"") | F4: =IFERROR(INDEX(計算用!$D$2:$D$186,MATCH("男白"&$A4,計算用!$L$2:$L$186,0)),"") | G4: =IFERROR(INDEX(計算用!$M$2:$M$186,MATCH("男白"&$A4,計算用!$L$2:$L$186,0)),"") | H4: =IFERROR(INDEX(計算用!$G$2:$G$186,MATCH("男白"&$A4,計算用!$L$2:$L$186,0)),"") | J4: =IF(ROW()-3<=MAX(計算用!$Q$4,計算用!$Q$5),ROW()-3,"") | K4: =IFERROR(INDEX(計算用!$D$2:$D$186,MATCH("女赤"&$J4,計算用!$L$2:$L$186,0)),"") | L4: =IFERROR(INDEX(計算用!$M$2:$M$186,MATCH("女赤"&$J4,計算用!$L$2:$L$186,0)),"") | M4: =IFERROR(INDEX(計算用!$G$2:$G$186,MATCH("女赤"&$J4,計算用!$L$2:$L$186,0)),"") | O4: =IFERROR(INDEX(計算用!$D$2:$D$186,MATCH("女白"&$J4,計算用!$L$2:$L$186,0)),"") | P4: =IFERROR(INDEX(計算用!$M$2:$M$186,MATCH("女白"&$J4,計算用!$L$2:$L$186,0)),"") | Q4: =IFERROR(INDEX(計算用!$G$2:$G$186,MATCH("女白"&$J4,計算用!$L$2:$L$186,0)),"")
A5: =IF(ROW()-3<=MAX(計算用!$Q$2,計算用!$Q$3),ROW()-3,"") | B5: =IFERROR(INDEX(計算用!$D$2:$D$186,MATCH("男赤"&$A5,計算用!$L$2:$L$186,0)),"") | C5: =IFERROR(INDEX(計算用!$M$2:$M$186,MATCH("男赤"&$A5,計算用!$L$2:$L$186,0)),"") | D5: =IFERROR(INDEX(計算用!$G$2:$G$186,MATCH("男赤"&$A5,計算用!$L$2:$L$186,0)),"") | F5: =IFERROR(INDEX(計算用!$D$2:$D$186,MATCH("男白"&$A5,計算用!$L$2:$L$186,0)),"") | G5: =IFERROR(INDEX(計算用!$M$2:$M$186,MATCH("男白"&$A5,計算用!$L$2:$L$186,0)),"") | H5: =IFERROR(INDEX(計算用!$G$2:$G$186,MATCH("男白"&$A5,計算用!$L$2:$L$186,0)),"") | J5: =IF(ROW()-3<=MAX(計算用!$Q$4,計算用!$Q$5),ROW()-3,"") | K5: =IFERROR(INDEX(計算用!$D$2:$D$186,MATCH("女赤"&$J5,計算用!$L$2:$L$186,0)),"") | L5: =IFERROR(INDEX(計算用!$M$2:$M$186,MATCH("女赤"&$J5,計算用!$L$2:$L$186,0)),"") | M5: =IFERROR(INDEX(計算用!$G$2:$G$186,MATCH("女赤"&$J5,計算用!$L$2:$L$186,0)),"") | O5: =IFERROR(INDEX(計算用!$D$2:$D$186,MATCH("女白"&$J5,計算用!$L$2:$L$186,0)),"") | P5: =IFERROR(INDEX(計算用!$M$2:$M$186,MATCH("女白"&$J5,計算用!$L$2:$L$186,0)),"") | Q5: =IFERROR(INDEX(計算用!$G$2:$G$186,MATCH("女白"&$J5,計算用!$L$2:$L$186,0)),"")
A6: =IF(ROW()-3<=MAX(計算用!$Q$2,計算用!$Q$3),ROW()-3,"") | B6: =IFERROR(INDEX(計算用!$D$2:$D$186,MATCH("男赤"&$A6,計算用!$L$2:$L$186,0)),"") | C6: =IFERROR(INDEX(計算用!$M$2:$M$186,MATCH("男赤"&$A6,計算用!$L$2:$L$186,0)),"") | D6: =IFERROR(INDEX(計算用!$G$2:$G$186,MATCH("男赤"&$A6,計算用!$L$2:$L$186,0)),"") | F6: =IFERROR(INDEX(計算用!$D$2:$D$186,MATCH("男白"&$A6,計算用!$L$2:$L$186,0)),"") | G6: =IFERROR(INDEX(計算用!$M$2:$M$186,MATCH("男白"&$A6,計算用!$L$2:$L$186,0)),"") | H6: =IFERROR(INDEX(計算用!$G$2:$G$186,MATCH("男白"&$A6,計算用!$L$2:$L$186,0)),"") | J6: =IF(ROW()-3<=MAX(計算用!$Q$4,計算用!$Q$5),ROW()-3,"") | K6: =IFERROR(INDEX(計算用!$D$2:$D$186,MATCH("女赤"&$J6,計算用!$L$2:$L$186,0)),"") | L6: =IFERROR(INDEX(計算用!$M$2:$M$186,MATCH("女赤"&$J6,計算用!$L$2:$L$186,0)),"") | M6: =IFERROR(INDEX(計算用!$G$2:$G$186,MATCH("女赤"&$J6,計算用!$L$2:$L$186,0)),"") | O6: =IFERROR(INDEX(計算用!$D$2:$D$186,MATCH("女白"&$J6,計算用!$L$2:$L$186,0)),"") | P6: =IFERROR(INDEX(計算用!$M$2:$M$186,MATCH("女白"&$J6,計算用!$L$2:$L$186,0)),"") | Q6: =IFERROR(INDEX(計算用!$G$2:$G$186,MATCH("女白"&$J6,計算用!$L$2:$L$186,0)),"")
A7: =IF(ROW()-3<=MAX(計算用!$Q$2,計算用!$Q$3),ROW()-3,"") | B7: =IFERROR(INDEX(計算用!$D$2:$D$186,MATCH("男赤"&$A7,計算用!$L$2:$L$186,0)),"") | C7: =IFERROR(INDEX(計算用!$M$2:$M$186,MATCH("男赤"&$A7,計算用!$L$2:$L$186,0)),"") | D7: =IFERROR(INDEX(計算用!$G$2:$G$186,MATCH("男赤"&$A7,計算用!$L$2:$L$186,0)),"") | F7: =IFERROR(INDEX(計算用!$D$2:$D$186,MATCH("男白"&$A7,計算用!$L$2:$L$186,0)),"") | G7: =IFERROR(INDEX(計算用!$M$2:$M$186,MATCH("男白"&$A7,計算用!$L$2:$L$186,0)),"") | H7: =IFERROR(INDEX(計算用!$G$2:$G$186,MATCH("男白"&$A7,計算用!$L$2:$L$186,0)),"") | J7: =IF(ROW()-3<=MAX(計算用!$Q$4,計算用!$Q$5),ROW()-3,"") | K7: =IFERROR(INDEX(計算用!$D$2:$D$186,MATCH("女赤"&$J7,計算用!$L$2:$L$186,0)),"") | L7: =IFERROR(INDEX(計算用!$M$2:$M$186,MATCH("女赤"&$J7,計算用!$L$2:$L$186,0)),"") | M7: =IFERROR(INDEX(計算用!$G$2:$G$186,MATCH("女赤"&$J7,計算用!$L$2:$L$186,0)),"") | O7: =IFERROR(INDEX(計算用!$D$2:$D$186,MATCH("女白"&$J7,計算用!$L$2:$L$186,0)),"") | P7: =IFERROR(INDEX(計算用!$M$2:$M$186,MATCH("女白"&$J7,計算用!$L$2:$L$186,0)),"") | Q7: =IFERROR(INDEX(計算用!$G$2:$G$186,MATCH("女白"&$J7,計算用!$L$2:$L$186,0)),"")
A8: =IF(ROW()-3<=MAX(計算用!$Q$2,計算用!$Q$3),ROW()-3,"") | B8: =IFERROR(INDEX(計算用!$D$2:$D$186,MATCH("男赤"&$A8,計算用!$L$2:$L$186,0)),"") | C8: =IFERROR(INDEX(計算用!$M$2:$M$186,MATCH("男赤"&$A8,計算用!$L$2:$L$186,0)),"") | D8: =IFERROR(INDEX(計算用!$G$2:$G$186,MATCH("男赤"&$A8,計算用!$L$2:$L$186,0)),"") | F8: =IFERROR(INDEX(計算用!$D$2:$D$186,MATCH("男白"&$A8,計算用!$L$2:$L$186,0)),"") | G8: =IFERROR(INDEX(計算用!$M$2:$M$186,MATCH("男白"&$A8,計算用!$L$2:$L$186,0)),"") | H8: =IFERROR(INDEX(計算用!$G$2:$G$186,MATCH("男白"&$A8,計算用!$L$2:$L$186,0)),"") | J8: =IF(ROW()-3<=MAX(計算用!$Q$4,計算用!$Q$5),ROW()-3,"") | K8: =IFERROR(INDEX(計算用!$D$2:$D$186,MATCH("女赤"&$J8,計算用!$L$2:$L$186,0)),"") | L8: =IFERROR(INDEX(計算用!$M$2:$M$186,MATCH("女赤"&$J8,計算用!$L$2:$L$186,0)),"") | M8: =IFERROR(INDEX(計算用!$G$2:$G$186,MATCH("女赤"&$J8,計算用!$L$2:$L$186,0)),"") | O8: =IFERROR(INDEX(計算用!$D$2:$D$186,MATCH("女白"&$J8,計算用!$L$2:$L$186,0)),"") | P8: =IFERROR(INDEX(計算用!$M$2:$M$186,MATCH("女白"&$J8,計算用!$L$2:$L$186,0)),"") | Q8: =IFERROR(INDEX(計算用!$G$2:$G$186,MATCH("女白"&$J8,計算用!$L$2:$L$186,0)),"")
A9: =IF(ROW()-3<=MAX(計算用!$Q$2,計算用!$Q$3),ROW()-3,"") | B9: =IFERROR(INDEX(計算用!$D$2:$D$186,MATCH("男赤"&$A9,計算用!$L$2:$L$186,0)),"") | C9: =IFERROR(INDEX(計算用!$M$2:$M$186,MATCH("男赤"&$A9,計算用!$L$2:$L$186,0)),"") | D9: =IFERROR(INDEX(計算用!$G$2:$G$186,MATCH("男赤"&$A9,計算用!$L$2:$L$186,0)),"") | F9: =IFERROR(INDEX(計算用!$D$2:$D$186,MATCH("男白"&$A9,計算用!$L$2:$L$186,0)),"") | G9: =IFERROR(INDEX(計算用!$M$2:$M$186,MATCH("男白"&$A9,計算用!$L$2:$L$186,0)),"") | H9: =IFERROR(INDEX(計算用!$G$2:$G$186,MATCH("男白"&$A9,計算用!$L$2:$L$186,0)),"") | J9: =IF(ROW()-3<=MAX(計算用!$Q$4,計算用!$Q$5),ROW()-3,"") | K9: =IFERROR(INDEX(計算用!$D$2:$D$186,MATCH("女赤"&$J9,計算用!$L$2:$L$186,0)),"") | L9: =IFERROR(INDEX(計算用!$M$2:$M$186,MATCH("女赤"&$J9,計算用!$L$2:$L$186,0)),"") | M9: =IFERROR(INDEX(計算用!$G$2:$G$186,MATCH("女赤"&$J9,計算用!$L$2:$L$186,0)),"") | O9: =IFERROR(INDEX(計算用!$D$2:$D$186,MATCH("女白"&$J9,計算用!$L$2:$L$186,0)),"") | P9: =IFERROR(INDEX(計算用!$M$2:$M$186,MATCH("女白"&$J9,計算用!$L$2:$L$186,0)),"") | Q9: =IFERROR(INDEX(計算用!$G$2:$G$186,MATCH("女白"&$J9,計算用!$L$2:$L$186,0)),"")
A10: =IF(ROW()-3<=MAX(計算用!$Q$2,計算用!$Q$3),ROW()-3,"") | B10: =IFERROR(INDEX(計算用!$D$2:$D$186,MATCH("男赤"&$A10,計算用!$L$2:$L$186,0)),"") | C10: =IFERROR(INDEX(計算用!$M$2:$M$186,MATCH("男赤"&$A10,計算用!$L$2:$L$186,0)),"") | D10: =IFERROR(INDEX(計算用!$G$2:$G$186,MATCH("男赤"&$A10,計算用!$L$2:$L$186,0)),"") | F10: =IFERROR(INDEX(計算用!$D$2:$D$186,MATCH("男白"&$A10,計算用!$L$2:$L$186,0)),"") | G10: =IFERROR(INDEX(計算用!$M$2:$M$186,MATCH("男白"&$A10,計算用!$L$2:$L$186,0)),"") | H10: =IFERROR(INDEX(計算用!$G$2:$G$186,MATCH("男白"&$A10,計算用!$L$2:$L$186,0)),"") | J10: =IF(ROW()-3<=MAX(計算用!$Q$4,計算用!$Q$5),ROW()-3,"") | K10: =IFERROR(INDEX(計算用!$D$2:$D$186,MATCH("女赤"&$J10,計算用!$L$2:$L$186,0)),"") | L10: =IFERROR(INDEX(計算用!$M$2:$M$186,MATCH("女赤"&$J10,計算用!$L$2:$L$186,0)),"") | M10: =IFERROR(INDEX(計算用!$G$2:$G$186,MATCH("女赤"&$J10,計算用!$L$2:$L$186,0)),"") | O10: =IFERROR(INDEX(計算用!$D$2:$D$186,MATCH("女白"&$J10,計算用!$L$2:$L$186,0)),"") | P10: =IFERROR(INDEX(計算用!$M$2:$M$186,MATCH("女白"&$J10,計算用!$L$2:$L$186,0)),"") | Q10: =IFERROR(INDEX(計算用!$G$2:$G$186,MATCH("女白"&$J10,計算用!$L$2:$L$186,0)),"")
A11: =IF(ROW()-3<=MAX(計算用!$Q$2,計算用!$Q$3),ROW()-3,"") | B11: =IFERROR(INDEX(計算用!$D$2:$D$186,MATCH("男赤"&$A11,計算用!$L$2:$L$186,0)),"") | C11: =IFERROR(INDEX(計算用!$M$2:$M$186,MATCH("男赤"&$A11,計算用!$L$2:$L$186,0)),"") | D11: =IFERROR(INDEX(計算用!$G$2:$G$186,MATCH("男赤"&$A11,計算用!$L$2:$L$186,0)),"") | F11: =IFERROR(INDEX(計算用!$D$2:$D$186,MATCH("男白"&$A11,計算用!$L$2:$L$186,0)),"") | G11: =IFERROR(INDEX(計算用!$M$2:$M$186,MATCH("男白"&$A11,計算用!$L$2:$L$186,0)),"") | H11: =IFERROR(INDEX(計算用!$G$2:$G$186,MATCH("男白"&$A11,計算用!$L$2:$L$186,0)),"") | J11: =IF(ROW()-3<=MAX(計算用!$Q$4,計算用!$Q$5),ROW()-3,"") | K11: =IFERROR(INDEX(計算用!$D$2:$D$186,MATCH("女赤"&$J11,計算用!$L$2:$L$186,0)),"") | L11: =IFERROR(INDEX(計算用!$M$2:$M$186,MATCH("女赤"&$J11,計算用!$L$2:$L$186,0)),"") | M11: =IFERROR(INDEX(計算用!$G$2:$G$186,MATCH("女赤"&$J11,計算用!$L$2:$L$186,0)),"") | O11: =IFERROR(INDEX(計算用!$D$2:$D$186,MATCH("女白"&$J11,計算用!$L$2:$L$186,0)),"") | P11: =IFERROR(INDEX(計算用!$M$2:$M$186,MATCH("女白"&$J11,計算用!$L$2:$L$186,0)),"") | Q11: =IFERROR(INDEX(計算用!$G$2:$G$186,MATCH("女白"&$J11,計算用!$L$2:$L$186,0)),"")
A12: =IF(ROW()-3<=MAX(計算用!$Q$2,計算用!$Q$3),ROW()-3,"") | B12: =IFERROR(INDEX(計算用!$D$2:$D$186,MATCH("男赤"&$A12,計算用!$L$2:$L$186,0)),"") | C12: =IFERROR(INDEX(計算用!$M$2:$M$186,MATCH("男赤"&$A12,計算用!$L$2:$L$186,0)),"") | D12: =IFERROR(INDEX(計算用!$G$2:$G$186,MATCH("男赤"&$A12,計算用!$L$2:$L$186,0)),"") | F12: =IFERROR(INDEX(計算用!$D$2:$D$186,MATCH("男白"&$A12,計算用!$L$2:$L$186,0)),"") | G12: =IFERROR(INDEX(計算用!$M$2:$M$186,MATCH("男白"&$A12,計算用!$L$2:$L$186,0)),"") | H12: =IFERROR(INDEX(計算用!$G$2:$G$186,MATCH("男白"&$A12,計算用!$L$2:$L$186,0)),"") | J12: =IF(ROW()-3<=MAX(計算用!$Q$4,計算用!$Q$5),ROW()-3,"") | K12: =IFERROR(INDEX(計算用!$D$2:$D$186,MATCH("女赤"&$J12,計算用!$L$2:$L$186,0)),"") | L12: =IFERROR(INDEX(計算用!$M$2:$M$186,MATCH("女赤"&$J12,計算用!$L$2:$L$186,0)),"") | M12: =IFERROR(INDEX(計算用!$G$2:$G$186,MATCH("女赤"&$J12,計算用!$L$2:$L$186,0)),"") | O12: =IFERROR(INDEX(計算用!$D$2:$D$186,MATCH("女白"&$J12,計算用!$L$2:$L$186,0)),"") | P12: =IFERROR(INDEX(計算用!$M$2:$M$186,MATCH("女白"&$J12,計算用!$L$2:$L$186,0)),"") | Q12: =IFERROR(INDEX(計算用!$G$2:$G$186,MATCH("女白"&$J12,計算用!$L$2:$L$186,0)),"")
A13: =IF(ROW()-3<=MAX(計算用!$Q$2,計算用!$Q$3),ROW()-3,"") | B13: =IFERROR(INDEX(計算用!$D$2:$D$186,MATCH("男赤"&$A13,計算用!$L$2:$L$186,0)),"") | C13: =IFERROR(INDEX(計算用!$M$2:$M$186,MATCH("男赤"&$A13,計算用!$L$2:$L$186,0)),"") | D13: =IFERROR(INDEX(計算用!$G$2:$G$186,MATCH("男赤"&$A13,計算用!$L$2:$L$186,0)),"") | F13: =IFERROR(INDEX(計算用!$D$2:$D$186,MATCH("男白"&$A13,計算用!$L$2:$L$186,0)),"") | G13: =IFERROR(INDEX(計算用!$M$2:$M$186,MATCH("男白"&$A13,計算用!$L$2:$L$186,0)),"") | H13: =IFERROR(INDEX(計算用!$G$2:$G$186,MATCH("男白"&$A13,計算用!$L$2:$L$186,0)),"") | J13: =IF(ROW()-3<=MAX(計算用!$Q$4,計算用!$Q$5),ROW()-3,"") | K13: =IFERROR(INDEX(計算用!$D$2:$D$186,MATCH("女赤"&$J13,計算用!$L$2:$L$186,0)),"") | L13: =IFERROR(INDEX(計算用!$M$2:$M$186,MATCH("女赤"&$J13,計算用!$L$2:$L$186,0)),"") | M13: =IFERROR(INDEX(計算用!$G$2:$G$186,MATCH("女赤"&$J13,計算用!$L$2:$L$186,0)),"") | O13: =IFERROR(INDEX(計算用!$D$2:$D$186,MATCH("女白"&$J13,計算用!$L$2:$L$186,0)),"") | P13: =IFERROR(INDEX(計算用!$M$2:$M$186,MATCH("女白"&$J13,計算用!$L$2:$L$186,0)),"") | Q13: =IFERROR(INDEX(計算用!$G$2:$G$186,MATCH("女白"&$J13,計算用!$L$2:$L$186,0)),"")
A14: =IF(ROW()-3<=MAX(計算用!$Q$2,計算用!$Q$3),ROW()-3,"") | B14: =IFERROR(INDEX(計算用!$D$2:$D$186,MATCH("男赤"&$A14,計算用!$L$2:$L$186,0)),"") | C14: =IFERROR(INDEX(計算用!$M$2:$M$186,MATCH("男赤"&$A14,計算用!$L$2:$L$186,0)),"") | D14: =IFERROR(INDEX(計算用!$G$2:$G$186,MATCH("男赤"&$A14,計算用!$L$2:$L$186,0)),"") | F14: =IFERROR(INDEX(計算用!$D$2:$D$186,MATCH("男白"&$A14,計算用!$L$2:$L$186,0)),"") | G14: =IFERROR(INDEX(計算用!$M$2:$M$186,MATCH("男白"&$A14,計算用!$L$2:$L$186,0)),"") | H14: =IFERROR(INDEX(計算用!$G$2:$G$186,MATCH("男白"&$A14,計算用!$L$2:$L$186,0)),"") | J14: =IF(ROW()-3<=MAX(計算用!$Q$4,計算用!$Q$5),ROW()-3,"") | K14: =IFERROR(INDEX(計算用!$D$2:$D$186,MATCH("女赤"&$J14,計算用!$L$2:$L$186,0)),"") | L14: =IFERROR(INDEX(計算用!$M$2:$M$186,MATCH("女赤"&$J14,計算用!$L$2:$L$186,0)),"") | M14: =IFERROR(INDEX(計算用!$G$2:$G$186,MATCH("女赤"&$J14,計算用!$L$2:$L$186,0)),"") | O14: =IFERROR(INDEX(計算用!$D$2:$D$186,MATCH("女白"&$J14,計算用!$L$2:$L$186,0)),"") | P14: =IFERROR(INDEX(計算用!$M$2:$M$186,MATCH("女白"&$J14,計算用!$L$2:$L$186,0)),"") | Q14: =IFERROR(INDEX(計算用!$G$2:$G$186,MATCH("女白"&$J14,計算用!$L$2:$L$186,0)),"")
A15: =IF(ROW()-3<=MAX(計算用!$Q$2,計算用!$Q$3),ROW()-3,"") | B15: =IFERROR(INDEX(計算用!$D$2:$D$186,MATCH("男赤"&$A15,計算用!$L$2:$L$186,0)),"") | C15: =IFERROR(INDEX(計算用!$M$2:$M$186,MATCH("男赤"&$A15,計算用!$L$2:$L$186,0)),"") | D15: =IFERROR(INDEX(計算用!$G$2:$G$186,MATCH("男赤"&$A15,計算用!$L$2:$L$186,0)),"") | F15: =IFERROR(INDEX(計算用!$D$2:$D$186,MATCH("男白"&$A15,計算用!$L$2:$L$186,0)),"") | G15: =IFERROR(INDEX(計算用!$M$2:$M$186,MATCH("男白"&$A15,計算用!$L$2:$L$186,0)),"") | H15: =IFERROR(INDEX(計算用!$G$2:$G$186,MATCH("男白"&$A15,計算用!$L$2:$L$186,0)),"") | J15: =IF(ROW()-3<=MAX(計算用!$Q$4,計算用!$Q$5),ROW()-3,"") | K15: =IFERROR(INDEX(計算用!$D$2:$D$186,MATCH("女赤"&$J15,計算用!$L$2:$L$186,0)),"") | L15: =IFERROR(INDEX(計算用!$M$2:$M$186,MATCH("女赤"&$J15,計算用!$L$2:$L$186,0)),"") | M15: =IFERROR(INDEX(計算用!$G$2:$G$186,MATCH("女赤"&$J15,計算用!$L$2:$L$186,0)),"") | O15: =IFERROR(INDEX(計算用!$D$2:$D$186,MATCH("女白"&$J15,計算用!$L$2:$L$186,0)),"") | P15: =IFERROR(INDEX(計算用!$M$2:$M$186,MATCH("女白"&$J15,計算用!$L$2:$L$186,0)),"") | Q15: =IFERROR(INDEX(計算用!$G$2:$G$186,MATCH("女白"&$J15,計算用!$L$2:$L$186,0)),"")
... A188: =IF(ROW()-3<=MAX(計算用!$Q$2,計算用!$Q$3),ROW()-3,"") | B188: =IFERROR(INDEX(計算用!$D$2:$D$186,MATCH("男赤"&$A188,計算用!$L$2:$L$186,0)),"") | C188: =IFERROR(INDEX(計算用!$M$2:$M$186,MATCH("男赤"&$A188,計算用!$L$2:$L$186,0)),"") | D188: =IFERROR(INDEX(計算用!$G$2:$G$186,MATCH("男赤"&$A188,計算用!$L$2:$L$186,0)),"") | F188: =IFERROR(INDEX(計算用!$D$2:$D$186,MATCH("男白"&$A188,計算用!$L$2:$L$186,0)),"") | G188: =IFERROR(INDEX(計算用!$M$2:$M$186,MATCH("男白"&$A188,計算用!$L$2:$L$186,0)),"") | H188: =IFERROR(INDEX(計算用!$G$2:$G$186,MATCH("男白"&$A188,計算用!$L$2:$L$186,0)),"") | J188: =IF(ROW()-3<=MAX(計算用!$Q$4,計算用!$Q$5),ROW()-3,"") | K188: =IFERROR(INDEX(計算用!$D$2:$D$186,MATCH("女赤"&$J188,計算用!$L$2:$L$186,0)),"") | L188: =IFERROR(INDEX(計算用!$M$2:$M$186,MATCH("女赤"&$J188,計算用!$L$2:$L$186,0)),"") | M188: =IFERROR(INDEX(計算用!$G$2:$G$186,MATCH("女赤"&$J188,計算用!$L$2:$L$186,0)),"") | O188: =IFERROR(INDEX(計算用!$D$2:$D$186,MATCH("女白"&$J188,計算用!$L$2:$L$186,0)),"") | P188: =IFERROR(INDEX(計算用!$M$2:$M$186,MATCH("女白"&$J188,計算用!$L$2:$L$186,0)),"") | Q188: =IFERROR(INDEX(計算用!$G$2:$G$186,MATCH("女白"&$J188,計算用!$L$2:$L$186,0)),"")

Sheet 4人組
A1: 男子 | D1: =IF(SUMPRODUCT((計算用!$T$2:$T$51>0)*(((計算用!$T$2:$T$51<>4)+(計算用!$W$2:$W$51<>2))>0))>0,"※黄色の組は、人数の都合で調整した組です","") | Q1: 女子 | T1: =IF(SUMPRODUCT((計算用!$AC$2:$AC$51>0)*(((計算用!$AC$2:$AC$51<>4)+(計算用!$AF$2:$AF$51<>2))>0))>0,"※黄色の組は、人数の都合で調整した組です","")
A2: 組 | B2: 人数 | C2: 内訳 | D2: 1人目 | G2: 2人目 | J2: 3人目 | M2: 4人目 | Q2: 組 | R2: 人数 | S2: 内訳 | T2: 1人目 | W2: 2人目 | Z2: 3人目 | AC2: 4人目
D3: 名前 | E3: クラス | F3: 色 | G3: 名前 | H3: クラス | I3: 色 | J3: 名前 | K3: クラス | L3: 色 | M3: 名前 | N3: クラス | O3: 色 | T3: 名前 | U3: クラス | V3: 色 | W3: 名前 | X3: クラス | Y3: 色 | Z3: 名前 | AA3: クラス | AB3: 色 | AC3: 名前 | AD3: クラス | AE3: 色
A4: =IF(ROW()-3<=計算用!$Q$9,ROW()-3,"") | B4: =IF($A4="","",INDEX(計算用!$T$2:$T$51,$A4)) | C4: =IF($A4="","","赤"&INDEX(計算用!$W$2:$W$51,$A4)&"白"&INDEX(計算用!$X$2:$X$51,$A4)) | D4: =IF($A4="","",IFERROR(INDEX(計算用!$D$2:$D$186,MATCH("男"&$A4&"-1",計算用!$AN$2:$AN$186,0)),"")) | E4: =IF($A4="","",IFERROR(INDEX(計算用!$M$2:$M$186,MATCH("男"&$A4&"-1",計算用!$AN$2:$AN$186,0)),"")) | F4: =IF($A4="","",IFERROR(INDEX(計算用!$I$2:$I$186,MATCH("男"&$A4&"-1",計算用!$AN$2:$AN$186,0)),"")) | G4: =IF($A4="","",IFERROR(INDEX(計算用!$D$2:$D$186,MATCH("男"&$A4&"-2",計算用!$AN$2:$AN$186,0)),"")) | H4: =IF($A4="","",IFERROR(INDEX(計算用!$M$2:$M$186,MATCH("男"&$A4&"-2",計算用!$AN$2:$AN$186,0)),"")) | I4: =IF($A4="","",IFERROR(INDEX(計算用!$I$2:$I$186,MATCH("男"&$A4&"-2",計算用!$AN$2:$AN$186,0)),"")) | J4: =IF($A4="","",IFERROR(INDEX(計算用!$D$2:$D$186,MATCH("男"&$A4&"-3",計算用!$AN$2:$AN$186,0)),"")) | K4: =IF($A4="","",IFERROR(INDEX(計算用!$M$2:$M$186,MATCH("男"&$A4&"-3",計算用!$AN$2:$AN$186,0)),"")) | L4: =IF($A4="","",IFERROR(INDEX(計算用!$I$2:$I$186,MATCH("男"&$A4&"-3",計算用!$AN$2:$AN$186,0)),"")) | M4: =IF($A4="","",IFERROR(INDEX(計算用!$D$2:$D$186,MATCH("男"&$A4&"-4",計算用!$AN$2:$AN$186,0)),"")) | N4: =IF($A4="","",IFERROR(INDEX(計算用!$M$2:$M$186,MATCH("男"&$A4&"-4",計算用!$AN$2:$AN$186,0)),"")) | O4: =IF($A4="","",IFERROR(INDEX(計算用!$I$2:$I$186,MATCH("男"&$A4&"-4",計算用!$AN$2:$AN$186,0)),"")) | Q4: =IF(ROW()-3<=計算用!$Q$11,ROW()-3,"") | R4: =IF($Q4="","",INDEX(計算用!$AC$2:$AC$51,$Q4)) | S4: =IF($Q4="","","赤"&INDEX(計算用!$AF$2:$AF$51,$Q4)&"白"&INDEX(計算用!$AG$2:$AG$51,$Q4)) | T4: =IF($Q4="","",IFERROR(INDEX(計算用!$D$2:$D$186,MATCH("女"&$Q4&"-1",計算用!$AN$2:$AN$186,0)),"")) | U4: =IF($Q4="","",IFERROR(INDEX(計算用!$M$2:$M$186,MATCH("女"&$Q4&"-1",計算用!$AN$2:$AN$186,0)),"")) | V4: =IF($Q4="","",IFERROR(INDEX(計算用!$I$2:$I$186,MATCH("女"&$Q4&"-1",計算用!$AN$2:$AN$186,0)),"")) | W4: =IF($Q4="","",IFERROR(INDEX(計算用!$D$2:$D$186,MATCH("女"&$Q4&"-2",計算用!$AN$2:$AN$186,0)),"")) | X4: =IF($Q4="","",IFERROR(INDEX(計算用!$M$2:$M$186,MATCH("女"&$Q4&"-2",計算用!$AN$2:$AN$186,0)),"")) | Y4: =IF($Q4="","",IFERROR(INDEX(計算用!$I$2:$I$186,MATCH("女"&$Q4&"-2",計算用!$AN$2:$AN$186,0)),"")) | Z4: =IF($Q4="","",IFERROR(INDEX(計算用!$D$2:$D$186,MATCH("女"&$Q4&"-3",計算用!$AN$2:$AN$186,0)),"")) | AA4: =IF($Q4="","",IFERROR(INDEX(計算用!$M$2:$M$186,MATCH("女"&$Q4&"-3",計算用!$AN$2:$AN$186,0)),"")) | AB4: =IF($Q4="","",IFERROR(INDEX(計算用!$I$2:$I$186,MATCH("女"&$Q4&"-3",計算用!$AN$2:$AN$186,0)),"")) | AC4: =IF($Q4="","",IFERROR(INDEX(計算用!$D$2:$D$186,MATCH("女"&$Q4&"-4",計算用!$AN$2:$AN$186,0)),"")) | AD4: =IF($Q4="","",IFERROR(INDEX(計算用!$M$2:$M$186,MATCH("女"&$Q4&"-4",計算用!$AN$2:$AN$186,0)),"")) | AE4: =IF($Q4="","",IFERROR(INDEX(計算用!$I$2:$I$186,MATCH("女"&$Q4&"-4",計算用!$AN$2:$AN$186,0)),""))
A5: =IF(ROW()-3<=計算用!$Q$9,ROW()-3,"") | B5: =IF($A5="","",INDEX(計算用!$T$2:$T$51,$A5)) | C5: =IF($A5="","","赤"&INDEX(計算用!$W$2:$W$51,$A5)&"白"&INDEX(計算用!$X$2:$X$51,$A5)) | D5: =IF($A5="","",IFERROR(INDEX(計算用!$D$2:$D$186,MATCH("男"&$A5&"-1",計算用!$AN$2:$AN$186,0)),"")) | E5: =IF($A5="","",IFERROR(INDEX(計算用!$M$2:$M$186,MATCH("男"&$A5&"-1",計算用!$AN$2:$AN$186,0)),"")) | F5: =IF($A5="","",IFERROR(INDEX(計算用!$I$2:$I$186,MATCH("男"&$A5&"-1",計算用!$AN$2:$AN$186,0)),"")) | G5: =IF($A5="","",IFERROR(INDEX(計算用!$D$2:$D$186,MATCH("男"&$A5&"-2",計算用!$AN$2:$AN$186,0)),"")) | H5: =IF($A5="","",IFERROR(INDEX(計算用!$M$2:$M$186,MATCH("男"&$A5&"-2",計算用!$AN$2:$AN$186,0)),"")) | I5: =IF($A5="","",IFERROR(INDEX(計算用!$I$2:$I$186,MATCH("男"&$A5&"-2",計算用!$AN$2:$AN$186,0)),"")) | J5: =IF($A5="","",IFERROR(INDEX(計算用!$D$2:$D$186,MATCH("男"&$A5&"-3",計算用!$AN$2:$AN$186,0)),"")) | K5: =IF($A5="","",IFERROR(INDEX(計算用!$M$2:$M$186,MATCH("男"&$A5&"-3",計算用!$AN$2:$AN$186,0)),"")) | L5: =IF($A5="","",IFERROR(INDEX(計算用!$I$2:$I$186,MATCH("男"&$A5&"-3",計算用!$AN$2:$AN$186,0)),"")) | M5: =IF($A5="","",IFERROR(INDEX(計算用!$D$2:$D$186,MATCH("男"&$A5&"-4",計算用!$AN$2:$AN$186,0)),"")) | N5: =IF($A5="","",IFERROR(INDEX(計算用!$M$2:$M$186,MATCH("男"&$A5&"-4",計算用!$AN$2:$AN$186,0)),"")) | O5: =IF($A5="","",IFERROR(INDEX(計算用!$I$2:$I$186,MATCH("男"&$A5&"-4",計算用!$AN$2:$AN$186,0)),"")) | Q5: =IF(ROW()-3<=計算用!$Q$11,ROW()-3,"") | R5: =IF($Q5="","",INDEX(計算用!$AC$2:$AC$51,$Q5)) | S5: =IF($Q5="","","赤"&INDEX(計算用!$AF$2:$AF$51,$Q5)&"白"&INDEX(計算用!$AG$2:$AG$51,$Q5)) | T5: =IF($Q5="","",IFERROR(INDEX(計算用!$D$2:$D$186,MATCH("女"&$Q5&"-1",計算用!$AN$2:$AN$186,0)),"")) | U5: =IF($Q5="","",IFERROR(INDEX(計算用!$M$2:$M$186,MATCH("女"&$Q5&"-1",計算用!$AN$2:$AN$186,0)),"")) | V5: =IF($Q5="","",IFERROR(INDEX(計算用!$I$2:$I$186,MATCH("女"&$Q5&"-1",計算用!$AN$2:$AN$186,0)),"")) | W5: =IF($Q5="","",IFERROR(INDEX(計算用!$D$2:$D$186,MATCH("女"&$Q5&"-2",計算用!$AN$2:$AN$186,0)),"")) | X5: =IF($Q5="","",IFERROR(INDEX(計算用!$M$2:$M$186,MATCH("女"&$Q5&"-2",計算用!$AN$2:$AN$186,0)),"")) | Y5: =IF($Q5="","",IFERROR(INDEX(計算用!$I$2:$I$186,MATCH("女"&$Q5&"-2",計算用!$AN$2:$AN$186,0)),"")) | Z5: =IF($Q5="","",IFERROR(INDEX(計算用!$D$2:$D$186,MATCH("女"&$Q5&"-3",計算用!$AN$2:$AN$186,0)),"")) | AA5: =IF($Q5="","",IFERROR(INDEX(計算用!$M$2:$M$186,MATCH("女"&$Q5&"-3",計算用!$AN$2:$AN$186,0)),"")) | AB5: =IF($Q5="","",IFERROR(INDEX(計算用!$I$2:$I$186,MATCH("女"&$Q5&"-3",計算用!$AN$2:$AN$186,0)),"")) | AC5: =IF($Q5="","",IFERROR(INDEX(計算用!$D$2:$D$186,MATCH("女"&$Q5&"-4",計算用!$AN$2:$AN$186,0)),"")) | AD5: =IF($Q5="","",IFERROR(INDEX(計算用!$M$2:$M$186,MATCH("女"&$Q5&"-4",計算用!$AN$2:$AN$186,0)),"")) | AE5: =IF($Q5="","",IFERROR(INDEX(計算用!$I$2:$I$186,MATCH("女"&$Q5&"-4",計算用!$AN$2:$AN$186,0)),""))
A6: =IF(ROW()-3<=計算用!$Q$9,ROW()-3,"") | B6: =IF($A6="","",INDEX(計算用!$T$2:$T$51,$A6)) | C6: =IF($A6="","","赤"&INDEX(計算用!$W$2:$W$51,$A6)&"白"&INDEX(計算用!$X$2:$X$51,$A6)) | D6: =IF($A6="","",IFERROR(INDEX(計算用!$D$2:$D$186,MATCH("男"&$A6&"-1",計算用!$AN$2:$AN$186,0)),"")) | E6: =IF($A6="","",IFERROR(INDEX(計算用!$M$2:$M$186,MATCH("男"&$A6&"-1",計算用!$AN$2:$AN$186,0)),"")) | F6: =IF($A6="","",IFERROR(INDEX(計算用!$I$2:$I$186,MATCH("男"&$A6&"-1",計算用!$AN$2:$AN$186,0)),"")) | G6: =IF($A6="","",IFERROR(INDEX(計算用!$D$2:$D$186,MATCH("男"&$A6&"-2",計算用!$AN$2:$AN$186,0)),"")) | H6: =IF($A6="","",IFERROR(INDEX(計算用!$M$2:$M$186,MATCH("男"&$A6&"-2",計算用!$AN$2:$AN$186,0)),"")) | I6: =IF($A6="","",IFERROR(INDEX(計算用!$I$2:$I$186,MATCH("男"&$A6&"-2",計算用!$AN$2:$AN$186,0)),"")) | J6: =IF($A6="","",IFERROR(INDEX(計算用!$D$2:$D$186,MATCH("男"&$A6&"-3",計算用!$AN$2:$AN$186,0)),"")) | K6: =IF($A6="","",IFERROR(INDEX(計算用!$M$2:$M$186,MATCH("男"&$A6&"-3",計算用!$AN$2:$AN$186,0)),"")) | L6: =IF($A6="","",IFERROR(INDEX(計算用!$I$2:$I$186,MATCH("男"&$A6&"-3",計算用!$AN$2:$AN$186,0)),"")) | M6: =IF($A6="","",IFERROR(INDEX(計算用!$D$2:$D$186,MATCH("男"&$A6&"-4",計算用!$AN$2:$AN$186,0)),"")) | N6: =IF($A6="","",IFERROR(INDEX(計算用!$M$2:$M$186,MATCH("男"&$A6&"-4",計算用!$AN$2:$AN$186,0)),"")) | O6: =IF($A6="","",IFERROR(INDEX(計算用!$I$2:$I$186,MATCH("男"&$A6&"-4",計算用!$AN$2:$AN$186,0)),"")) | Q6: =IF(ROW()-3<=計算用!$Q$11,ROW()-3,"") | R6: =IF($Q6="","",INDEX(計算用!$AC$2:$AC$51,$Q6)) | S6: =IF($Q6="","","赤"&INDEX(計算用!$AF$2:$AF$51,$Q6)&"白"&INDEX(計算用!$AG$2:$AG$51,$Q6)) | T6: =IF($Q6="","",IFERROR(INDEX(計算用!$D$2:$D$186,MATCH("女"&$Q6&"-1",計算用!$AN$2:$AN$186,0)),"")) | U6: =IF($Q6="","",IFERROR(INDEX(計算用!$M$2:$M$186,MATCH("女"&$Q6&"-1",計算用!$AN$2:$AN$186,0)),"")) | V6: =IF($Q6="","",IFERROR(INDEX(計算用!$I$2:$I$186,MATCH("女"&$Q6&"-1",計算用!$AN$2:$AN$186,0)),"")) | W6: =IF($Q6="","",IFERROR(INDEX(計算用!$D$2:$D$186,MATCH("女"&$Q6&"-2",計算用!$AN$2:$AN$186,0)),"")) | X6: =IF($Q6="","",IFERROR(INDEX(計算用!$M$2:$M$186,MATCH("女"&$Q6&"-2",計算用!$AN$2:$AN$186,0)),"")) | Y6: =IF($Q6="","",IFERROR(INDEX(計算用!$I$2:$I$186,MATCH("女"&$Q6&"-2",計算用!$AN$2:$AN$186,0)),"")) | Z6: =IF($Q6="","",IFERROR(INDEX(計算用!$D$2:$D$186,MATCH("女"&$Q6&"-3",計算用!$AN$2:$AN$186,0)),"")) | AA6: =IF($Q6="","",IFERROR(INDEX(計算用!$M$2:$M$186,MATCH("女"&$Q6&"-3",計算用!$AN$2:$AN$186,0)),"")) | AB6: =IF($Q6="","",IFERROR(INDEX(計算用!$I$2:$I$186,MATCH("女"&$Q6&"-3",計算用!$AN$2:$AN$186,0)),"")) | AC6: =IF($Q6="","",IFERROR(INDEX(計算用!$D$2:$D$186,MATCH("女"&$Q6&"-4",計算用!$AN$2:$AN$186,0)),"")) | AD6: =IF($Q6="","",IFERROR(INDEX(計算用!$M$2:$M$186,MATCH("女"&$Q6&"-4",計算用!$AN$2:$AN$186,0)),"")) | AE6: =IF($Q6="","",IFERROR(INDEX(計算用!$I$2:$I$186,MATCH("女"&$Q6&"-4",計算用!$AN$2:$AN$186,0)),""))
A7: =IF(ROW()-3<=計算用!$Q$9,ROW()-3,"") | B7: =IF($A7="","",INDEX(計算用!$T$2:$T$51,$A7)) | C7: =IF($A7="","","赤"&INDEX(計算用!$W$2:$W$51,$A7)&"白"&INDEX(計算用!$X$2:$X$51,$A7)) | D7: =IF($A7="","",IFERROR(INDEX(計算用!$D$2:$D$186,MATCH("男"&$A7&"-1",計算用!$AN$2:$AN$186,0)),"")) | E7: =IF($A7="","",IFERROR(INDEX(計算用!$M$2:$M$186,MATCH("男"&$A7&"-1",計算用!$AN$2:$AN$186,0)),"")) | F7: =IF($A7="","",IFERROR(INDEX(計算用!$I$2:$I$186,MATCH("男"&$A7&"-1",計算用!$AN$2:$AN$186,0)),"")) | G7: =IF($A7="","",IFERROR(INDEX(計算用!$D$2:$D$186,MATCH("男"&$A7&"-2",計算用!$AN$2:$AN$186,0)),"")) | H7: =IF($A7="","",IFERROR(INDEX(計算用!$M$2:$M$186,MATCH("男"&$A7&"-2",計算用!$AN$2:$AN$186,0)),"")) | I7: =IF($A7="","",IFERROR(INDEX(計算用!$I$2:$I$186,MATCH("男"&$A7&"-2",計算用!$AN$2:$AN$186,0)),"")) | J7: =IF($A7="","",IFERROR(INDEX(計算用!$D$2:$D$186,MATCH("男"&$A7&"-3",計算用!$AN$2:$AN$186,0)),"")) | K7: =IF($A7="","",IFERROR(INDEX(計算用!$M$2:$M$186,MATCH("男"&$A7&"-3",計算用!$AN$2:$AN$186,0)),"")) | L7: =IF($A7="","",IFERROR(INDEX(計算用!$I$2:$I$186,MATCH("男"&$A7&"-3",計算用!$AN$2:$AN$186,0)),"")) | M7: =IF($A7="","",IFERROR(INDEX(計算用!$D$2:$D$186,MATCH("男"&$A7&"-4",計算用!$AN$2:$AN$186,0)),"")) | N7: =IF($A7="","",IFERROR(INDEX(計算用!$M$2:$M$186,MATCH("男"&$A7&"-4",計算用!$AN$2:$AN$186,0)),"")) | O7: =IF($A7="","",IFERROR(INDEX(計算用!$I$2:$I$186,MATCH("男"&$A7&"-4",計算用!$AN$2:$AN$186,0)),"")) | Q7: =IF(ROW()-3<=計算用!$Q$11,ROW()-3,"") | R7: =IF($Q7="","",INDEX(計算用!$AC$2:$AC$51,$Q7)) | S7: =IF($Q7="","","赤"&INDEX(計算用!$AF$2:$AF$51,$Q7)&"白"&INDEX(計算用!$AG$2:$AG$51,$Q7)) | T7: =IF($Q7="","",IFERROR(INDEX(計算用!$D$2:$D$186,MATCH("女"&$Q7&"-1",計算用!$AN$2:$AN$186,0)),"")) | U7: =IF($Q7="","",IFERROR(INDEX(計算用!$M$2:$M$186,MATCH("女"&$Q7&"-1",計算用!$AN$2:$AN$186,0)),"")) | V7: =IF($Q7="","",IFERROR(INDEX(計算用!$I$2:$I$186,MATCH("女"&$Q7&"-1",計算用!$AN$2:$AN$186,0)),"")) | W7: =IF($Q7="","",IFERROR(INDEX(計算用!$D$2:$D$186,MATCH("女"&$Q7&"-2",計算用!$AN$2:$AN$186,0)),"")) | X7: =IF($Q7="","",IFERROR(INDEX(計算用!$M$2:$M$186,MATCH("女"&$Q7&"-2",計算用!$AN$2:$AN$186,0)),"")) | Y7: =IF($Q7="","",IFERROR(INDEX(計算用!$I$2:$I$186,MATCH("女"&$Q7&"-2",計算用!$AN$2:$AN$186,0)),"")) | Z7: =IF($Q7="","",IFERROR(INDEX(計算用!$D$2:$D$186,MATCH("女"&$Q7&"-3",計算用!$AN$2:$AN$186,0)),"")) | AA7: =IF($Q7="","",IFERROR(INDEX(計算用!$M$2:$M$186,MATCH("女"&$Q7&"-3",計算用!$AN$2:$AN$186,0)),"")) | AB7: =IF($Q7="","",IFERROR(INDEX(計算用!$I$2:$I$186,MATCH("女"&$Q7&"-3",計算用!$AN$2:$AN$186,0)),"")) | AC7: =IF($Q7="","",IFERROR(INDEX(計算用!$D$2:$D$186,MATCH("女"&$Q7&"-4",計算用!$AN$2:$AN$186,0)),"")) | AD7: =IF($Q7="","",IFERROR(INDEX(計算用!$M$2:$M$186,MATCH("女"&$Q7&"-4",計算用!$AN$2:$AN$186,0)),"")) | AE7: =IF($Q7="","",IFERROR(INDEX(計算用!$I$2:$I$186,MATCH("女"&$Q7&"-4",計算用!$AN$2:$AN$186,0)),""))
A8: =IF(ROW()-3<=計算用!$Q$9,ROW()-3,"") | B8: =IF($A8="","",INDEX(計算用!$T$2:$T$51,$A8)) | C8: =IF($A8="","","赤"&INDEX(計算用!$W$2:$W$51,$A8)&"白"&INDEX(計算用!$X$2:$X$51,$A8)) | D8: =IF($A8="","",IFERROR(INDEX(計算用!$D$2:$D$186,MATCH("男"&$A8&"-1",計算用!$AN$2:$AN$186,0)),"")) | E8: =IF($A8="","",IFERROR(INDEX(計算用!$M$2:$M$186,MATCH("男"&$A8&"-1",計算用!$AN$2:$AN$186,0)),"")) | F8: =IF($A8="","",IFERROR(INDEX(計算用!$I$2:$I$186,MATCH("男"&$A8&"-1",計算用!$AN$2:$AN$186,0)),"")) | G8: =IF($A8="","",IFERROR(INDEX(計算用!$D$2:$D$186,MATCH("男"&$A8&"-2",計算用!$AN$2:$AN$186,0)),"")) | H8: =IF($A8="","",IFERROR(INDEX(計算用!$M$2:$M$186,MATCH("男"&$A8&"-2",計算用!$AN$2:$AN$186,0)),"")) | I8: =IF($A8="","",IFERROR(INDEX(計算用!$I$2:$I$186,MATCH("男"&$A8&"-2",計算用!$AN$2:$AN$186,0)),"")) | J8: =IF($A8="","",IFERROR(INDEX(計算用!$D$2:$D$186,MATCH("男"&$A8&"-3",計算用!$AN$2:$AN$186,0)),"")) | K8: =IF($A8="","",IFERROR(INDEX(計算用!$M$2:$M$186,MATCH("男"&$A8&"-3",計算用!$AN$2:$AN$186,0)),"")) | L8: =IF($A8="","",IFERROR(INDEX(計算用!$I$2:$I$186,MATCH("男"&$A8&"-3",計算用!$AN$2:$AN$186,0)),"")) | M8: =IF($A8="","",IFERROR(INDEX(計算用!$D$2:$D$186,MATCH("男"&$A8&"-4",計算用!$AN$2:$AN$186,0)),"")) | N8: =IF($A8="","",IFERROR(INDEX(計算用!$M$2:$M$186,MATCH("男"&$A8&"-4",計算用!$AN$2:$AN$186,0)),"")) | O8: =IF($A8="","",IFERROR(INDEX(計算用!$I$2:$I$186,MATCH("男"&$A8&"-4",計算用!$AN$2:$AN$186,0)),"")) | Q8: =IF(ROW()-3<=計算用!$Q$11,ROW()-3,"") | R8: =IF($Q8="","",INDEX(計算用!$AC$2:$AC$51,$Q8)) | S8: =IF($Q8="","","赤"&INDEX(計算用!$AF$2:$AF$51,$Q8)&"白"&INDEX(計算用!$AG$2:$AG$51,$Q8)) | T8: =IF($Q8="","",IFERROR(INDEX(計算用!$D$2:$D$186,MATCH("女"&$Q8&"-1",計算用!$AN$2:$AN$186,0)),"")) | U8: =IF($Q8="","",IFERROR(INDEX(計算用!$M$2:$M$186,MATCH("女"&$Q8&"-1",計算用!$AN$2:$AN$186,0)),"")) | V8: =IF($Q8="","",IFERROR(INDEX(計算用!$I$2:$I$186,MATCH("女"&$Q8&"-1",計算用!$AN$2:$AN$186,0)),"")) | W8: =IF($Q8="","",IFERROR(INDEX(計算用!$D$2:$D$186,MATCH("女"&$Q8&"-2",計算用!$AN$2:$AN$186,0)),"")) | X8: =IF($Q8="","",IFERROR(INDEX(計算用!$M$2:$M$186,MATCH("女"&$Q8&"-2",計算用!$AN$2:$AN$186,0)),"")) | Y8: =IF($Q8="","",IFERROR(INDEX(計算用!$I$2:$I$186,MATCH("女"&$Q8&"-2",計算用!$AN$2:$AN$186,0)),"")) | Z8: =IF($Q8="","",IFERROR(INDEX(計算用!$D$2:$D$186,MATCH("女"&$Q8&"-3",計算用!$AN$2:$AN$186,0)),"")) | AA8: =IF($Q8="","",IFERROR(INDEX(計算用!$M$2:$M$186,MATCH("女"&$Q8&"-3",計算用!$AN$2:$AN$186,0)),"")) | AB8: =IF($Q8="","",IFERROR(INDEX(計算用!$I$2:$I$186,MATCH("女"&$Q8&"-3",計算用!$AN$2:$AN$186,0)),"")) | AC8: =IF($Q8="","",IFERROR(INDEX(計算用!$D$2:$D$186,MATCH("女"&$Q8&"-4",計算用!$AN$2:$AN$186,0)),"")) | AD8: =IF($Q8="","",IFERROR(INDEX(計算用!$M$2:$M$186,MATCH("女"&$Q8&"-4",計算用!$AN$2:$AN$186,0)),"")) | AE8: =IF($Q8="","",IFERROR(INDEX(計算用!$I$2:$I$186,MATCH("女"&$Q8&"-4",計算用!$AN$2:$AN$186,0)),""))
A9: =IF(ROW()-3<=計算用!$Q$9,ROW()-3,"") | B9: =IF($A9="","",INDEX(計算用!$T$2:$T$51,$A9)) | C9: =IF($A9="","","赤"&INDEX(計算用!$W$2:$W$51,$A9)&"白"&INDEX(計算用!$X$2:$X$51,$A9)) | D9: =IF($A9="","",IFERROR(INDEX(計算用!$D$2:$D$186,MATCH("男"&$A9&"-1",計算用!$AN$2:$AN$186,0)),"")) | E9: =IF($A9="","",IFERROR(INDEX(計算用!$M$2:$M$186,MATCH("男"&$A9&"-1",計算用!$AN$2:$AN$186,0)),"")) | F9: =IF($A9="","",IFERROR(INDEX(計算用!$I$2:$I$186,MATCH("男"&$A9&"-1",計算用!$AN$2:$AN$186,0)),"")) | G9: =IF($A9="","",IFERROR(INDEX(計算用!$D$2:$D$186,MATCH("男"&$A9&"-2",計算用!$AN$2:$AN$186,0)),"")) | H9: =IF($A9="","",IFERROR(INDEX(計算用!$M$2:$M$186,MATCH("男"&$A9&"-2",計算用!$AN$2:$AN$186,0)),"")) | I9: =IF($A9="","",IFERROR(INDEX(計算用!$I$2:$I$186,MATCH("男"&$A9&"-2",計算用!$AN$2:$AN$186,0)),"")) | J9: =IF($A9="","",IFERROR(INDEX(計算用!$D$2:$D$186,MATCH("男"&$A9&"-3",計算用!$AN$2:$AN$186,0)),"")) | K9: =IF($A9="","",IFERROR(INDEX(計算用!$M$2:$M$186,MATCH("男"&$A9&"-3",計算用!$AN$2:$AN$186,0)),"")) | L9: =IF($A9="","",IFERROR(INDEX(計算用!$I$2:$I$186,MATCH("男"&$A9&"-3",計算用!$AN$2:$AN$186,0)),"")) | M9: =IF($A9="","",IFERROR(INDEX(計算用!$D$2:$D$186,MATCH("男"&$A9&"-4",計算用!$AN$2:$AN$186,0)),"")) | N9: =IF($A9="","",IFERROR(INDEX(計算用!$M$2:$M$186,MATCH("男"&$A9&"-4",計算用!$AN$2:$AN$186,0)),"")) | O9: =IF($A9="","",IFERROR(INDEX(計算用!$I$2:$I$186,MATCH("男"&$A9&"-4",計算用!$AN$2:$AN$186,0)),"")) | Q9: =IF(ROW()-3<=計算用!$Q$11,ROW()-3,"") | R9: =IF($Q9="","",INDEX(計算用!$AC$2:$AC$51,$Q9)) | S9: =IF($Q9="","","赤"&INDEX(計算用!$AF$2:$AF$51,$Q9)&"白"&INDEX(計算用!$AG$2:$AG$51,$Q9)) | T9: =IF($Q9="","",IFERROR(INDEX(計算用!$D$2:$D$186,MATCH("女"&$Q9&"-1",計算用!$AN$2:$AN$186,0)),"")) | U9: =IF($Q9="","",IFERROR(INDEX(計算用!$M$2:$M$186,MATCH("女"&$Q9&"-1",計算用!$AN$2:$AN$186,0)),"")) | V9: =IF($Q9="","",IFERROR(INDEX(計算用!$I$2:$I$186,MATCH("女"&$Q9&"-1",計算用!$AN$2:$AN$186,0)),"")) | W9: =IF($Q9="","",IFERROR(INDEX(計算用!$D$2:$D$186,MATCH("女"&$Q9&"-2",計算用!$AN$2:$AN$186,0)),"")) | X9: =IF($Q9="","",IFERROR(INDEX(計算用!$M$2:$M$186,MATCH("女"&$Q9&"-2",計算用!$AN$2:$AN$186,0)),"")) | Y9: =IF($Q9="","",IFERROR(INDEX(計算用!$I$2:$I$186,MATCH("女"&$Q9&"-2",計算用!$AN$2:$AN$186,0)),"")) | Z9: =IF($Q9="","",IFERROR(INDEX(計算用!$D$2:$D$186,MATCH("女"&$Q9&"-3",計算用!$AN$2:$AN$186,0)),"")) | AA9: =IF($Q9="","",IFERROR(INDEX(計算用!$M$2:$M$186,MATCH("女"&$Q9&"-3",計算用!$AN$2:$AN$186,0)),"")) | AB9: =IF($Q9="","",IFERROR(INDEX(計算用!$I$2:$I$186,MATCH("女"&$Q9&"-3",計算用!$AN$2:$AN$186,0)),"")) | AC9: =IF($Q9="","",IFERROR(INDEX(計算用!$D$2:$D$186,MATCH("女"&$Q9&"-4",計算用!$AN$2:$AN$186,0)),"")) | AD9: =IF($Q9="","",IFERROR(INDEX(計算用!$M$2:$M$186,MATCH("女"&$Q9&"-4",計算用!$AN$2:$AN$186,0)),"")) | AE9: =IF($Q9="","",IFERROR(INDEX(計算用!$I$2:$I$186,MATCH("女"&$Q9&"-4",計算用!$AN$2:$AN$186,0)),""))
A10: =IF(ROW()-3<=計算用!$Q$9,ROW()-3,"") | B10: =IF($A10="","",INDEX(計算用!$T$2:$T$51,$A10)) | C10: =IF($A10="","","赤"&INDEX(計算用!$W$2:$W$51,$A10)&"白"&INDEX(計算用!$X$2:$X$51,$A10)) | D10: =IF($A10="","",IFERROR(INDEX(計算用!$D$2:$D$186,MATCH("男"&$A10&"-1",計算用!$AN$2:$AN$186,0)),"")) | E10: =IF($A10="","",IFERROR(INDEX(計算用!$M$2:$M$186,MATCH("男"&$A10&"-1",計算用!$AN$2:$AN$186,0)),"")) | F10: =IF($A10="","",IFERROR(INDEX(計算用!$I$2:$I$186,MATCH("男"&$A10&"-1",計算用!$AN$2:$AN$186,0)),"")) | G10: =IF($A10="","",IFERROR(INDEX(計算用!$D$2:$D$186,MATCH("男"&$A10&"-2",計算用!$AN$2:$AN$186,0)),"")) | H10: =IF($A10="","",IFERROR(INDEX(計算用!$M$2:$M$186,MATCH("男"&$A10&"-2",計算用!$AN$2:$AN$186,0)),"")) | I10: =IF($A10="","",IFERROR(INDEX(計算用!$I$2:$I$186,MATCH("男"&$A10&"-2",計算用!$AN$2:$AN$186,0)),"")) | J10: =IF($A10="","",IFERROR(INDEX(計算用!$D$2:$D$186,MATCH("男"&$A10&"-3",計算用!$AN$2:$AN$186,0)),"")) | K10: =IF($A10="","",IFERROR(INDEX(計算用!$M$2:$M$186,MATCH("男"&$A10&"-3",計算用!$AN$2:$AN$186,0)),"")) | L10: =IF($A10="","",IFERROR(INDEX(計算用!$I$2:$I$186,MATCH("男"&$A10&"-3",計算用!$AN$2:$AN$186,0)),"")) | M10: =IF($A10="","",IFERROR(INDEX(計算用!$D$2:$D$186,MATCH("男"&$A10&"-4",計算用!$AN$2:$AN$186,0)),"")) | N10: =IF($A10="","",IFERROR(INDEX(計算用!$M$2:$M$186,MATCH("男"&$A10&"-4",計算用!$AN$2:$AN$186,0)),"")) | O10: =IF($A10="","",IFERROR(INDEX(計算用!$I$2:$I$186,MATCH("男"&$A10&"-4",計算用!$AN$2:$AN$186,0)),"")) | Q10: =IF(ROW()-3<=計算用!$Q$11,ROW()-3,"") | R10: =IF($Q10="","",INDEX(計算用!$AC$2:$AC$51,$Q10)) | S10: =IF($Q10="","","赤"&INDEX(計算用!$AF$2:$AF$51,$Q10)&"白"&INDEX(計算用!$AG$2:$AG$51,$Q10)) | T10: =IF($Q10="","",IFERROR(INDEX(計算用!$D$2:$D$186,MATCH("女"&$Q10&"-1",計算用!$AN$2:$AN$186,0)),"")) | U10: =IF($Q10="","",IFERROR(INDEX(計算用!$M$2:$M$186,MATCH("女"&$Q10&"-1",計算用!$AN$2:$AN$186,0)),"")) | V10: =IF($Q10="","",IFERROR(INDEX(計算用!$I$2:$I$186,MATCH("女"&$Q10&"-1",計算用!$AN$2:$AN$186,0)),"")) | W10: =IF($Q10="","",IFERROR(INDEX(計算用!$D$2:$D$186,MATCH("女"&$Q10&"-2",計算用!$AN$2:$AN$186,0)),"")) | X10: =IF($Q10="","",IFERROR(INDEX(計算用!$M$2:$M$186,MATCH("女"&$Q10&"-2",計算用!$AN$2:$AN$186,0)),"")) | Y10: =IF($Q10="","",IFERROR(INDEX(計算用!$I$2:$I$186,MATCH("女"&$Q10&"-2",計算用!$AN$2:$AN$186,0)),"")) | Z10: =IF($Q10="","",IFERROR(INDEX(計算用!$D$2:$D$186,MATCH("女"&$Q10&"-3",計算用!$AN$2:$AN$186,0)),"")) | AA10: =IF($Q10="","",IFERROR(INDEX(計算用!$M$2:$M$186,MATCH("女"&$Q10&"-3",計算用!$AN$2:$AN$186,0)),"")) | AB10: =IF($Q10="","",IFERROR(INDEX(計算用!$I$2:$I$186,MATCH("女"&$Q10&"-3",計算用!$AN$2:$AN$186,0)),"")) | AC10: =IF($Q10="","",IFERROR(INDEX(計算用!$D$2:$D$186,MATCH("女"&$Q10&"-4",計算用!$AN$2:$AN$186,0)),"")) | AD10: =IF($Q10="","",IFERROR(INDEX(計算用!$M$2:$M$186,MATCH("女"&$Q10&"-4",計算用!$AN$2:$AN$186,0)),"")) | AE10: =IF($Q10="","",IFERROR(INDEX(計算用!$I$2:$I$186,MATCH("女"&$Q10&"-4",計算用!$AN$2:$AN$186,0)),""))
A11: =IF(ROW()-3<=計算用!$Q$9,ROW()-3,"") | B11: =IF($A11="","",INDEX(計算用!$T$2:$T$51,$A11)) | C11: =IF($A11="","","赤"&INDEX(計算用!$W$2:$W$51,$A11)&"白"&INDEX(計算用!$X$2:$X$51,$A11)) | D11: =IF($A11="","",IFERROR(INDEX(計算用!$D$2:$D$186,MATCH("男"&$A11&"-1",計算用!$AN$2:$AN$186,0)),"")) | E11: =IF($A11="","",IFERROR(INDEX(計算用!$M$2:$M$186,MATCH("男"&$A11&"-1",計算用!$AN$2:$AN$186,0)),"")) | F11: =IF($A11="","",IFERROR(INDEX(計算用!$I$2:$I$186,MATCH("男"&$A11&"-1",計算用!$AN$2:$AN$186,0)),"")) | G11: =IF($A11="","",IFERROR(INDEX(計算用!$D$2:$D$186,MATCH("男"&$A11&"-2",計算用!$AN$2:$AN$186,0)),"")) | H11: =IF($A11="","",IFERROR(INDEX(計算用!$M$2:$M$186,MATCH("男"&$A11&"-2",計算用!$AN$2:$AN$186,0)),"")) | I11: =IF($A11="","",IFERROR(INDEX(計算用!$I$2:$I$186,MATCH("男"&$A11&"-2",計算用!$AN$2:$AN$186,0)),"")) | J11: =IF($A11="","",IFERROR(INDEX(計算用!$D$2:$D$186,MATCH("男"&$A11&"-3",計算用!$AN$2:$AN$186,0)),"")) | K11: =IF($A11="","",IFERROR(INDEX(計算用!$M$2:$M$186,MATCH("男"&$A11&"-3",計算用!$AN$2:$AN$186,0)),"")) | L11: =IF($A11="","",IFERROR(INDEX(計算用!$I$2:$I$186,MATCH("男"&$A11&"-3",計算用!$AN$2:$AN$186,0)),"")) | M11: =IF($A11="","",IFERROR(INDEX(計算用!$D$2:$D$186,MATCH("男"&$A11&"-4",計算用!$AN$2:$AN$186,0)),"")) | N11: =IF($A11="","",IFERROR(INDEX(計算用!$M$2:$M$186,MATCH("男"&$A11&"-4",計算用!$AN$2:$AN$186,0)),"")) | O11: =IF($A11="","",IFERROR(INDEX(計算用!$I$2:$I$186,MATCH("男"&$A11&"-4",計算用!$AN$2:$AN$186,0)),"")) | Q11: =IF(ROW()-3<=計算用!$Q$11,ROW()-3,"") | R11: =IF($Q11="","",INDEX(計算用!$AC$2:$AC$51,$Q11)) | S11: =IF($Q11="","","赤"&INDEX(計算用!$AF$2:$AF$51,$Q11)&"白"&INDEX(計算用!$AG$2:$AG$51,$Q11)) | T11: =IF($Q11="","",IFERROR(INDEX(計算用!$D$2:$D$186,MATCH("女"&$Q11&"-1",計算用!$AN$2:$AN$186,0)),"")) | U11: =IF($Q11="","",IFERROR(INDEX(計算用!$M$2:$M$186,MATCH("女"&$Q11&"-1",計算用!$AN$2:$AN$186,0)),"")) | V11: =IF($Q11="","",IFERROR(INDEX(計算用!$I$2:$I$186,MATCH("女"&$Q11&"-1",計算用!$AN$2:$AN$186,0)),"")) | W11: =IF($Q11="","",IFERROR(INDEX(計算用!$D$2:$D$186,MATCH("女"&$Q11&"-2",計算用!$AN$2:$AN$186,0)),"")) | X11: =IF($Q11="","",IFERROR(INDEX(計算用!$M$2:$M$186,MATCH("女"&$Q11&"-2",計算用!$AN$2:$AN$186,0)),"")) | Y11: =IF($Q11="","",IFERROR(INDEX(計算用!$I$2:$I$186,MATCH("女"&$Q11&"-2",計算用!$AN$2:$AN$186,0)),"")) | Z11: =IF($Q11="","",IFERROR(INDEX(計算用!$D$2:$D$186,MATCH("女"&$Q11&"-3",計算用!$AN$2:$AN$186,0)),"")) | AA11: =IF($Q11="","",IFERROR(INDEX(計算用!$M$2:$M$186,MATCH("女"&$Q11&"-3",計算用!$AN$2:$AN$186,0)),"")) | AB11: =IF($Q11="","",IFERROR(INDEX(計算用!$I$2:$I$186,MATCH("女"&$Q11&"-3",計算用!$AN$2:$AN$186,0)),"")) | AC11: =IF($Q11="","",IFERROR(INDEX(計算用!$D$2:$D$186,MATCH("女"&$Q11&"-4",計算用!$AN$2:$AN$186,0)),"")) | AD11: =IF($Q11="","",IFERROR(INDEX(計算用!$M$2:$M$186,MATCH("女"&$Q11&"-4",計算用!$AN$2:$AN$186,0)),"")) | AE11: =IF($Q11="","",IFERROR(INDEX(計算用!$I$2:$I$186,MATCH("女"&$Q11&"-4",計算用!$AN$2:$AN$186,0)),""))
A12: =IF(ROW()-3<=計算用!$Q$9,ROW()-3,"") | B12: =IF($A12="","",INDEX(計算用!$T$2:$T$51,$A12)) | C12: =IF($A12="","","赤"&INDEX(計算用!$W$2:$W$51,$A12)&"白"&INDEX(計算用!$X$2:$X$51,$A12)) | D12: =IF($A12="","",IFERROR(INDEX(計算用!$D$2:$D$186,MATCH("男"&$A12&"-1",計算用!$AN$2:$AN$186,0)),"")) | E12: =IF($A12="","",IFERROR(INDEX(計算用!$M$2:$M$186,MATCH("男"&$A12&"-1",計算用!$AN$2:$AN$186,0)),"")) | F12: =IF($A12="","",IFERROR(INDEX(計算用!$I$2:$I$186,MATCH("男"&$A12&"-1",計算用!$AN$2:$AN$186,0)),"")) | G12: =IF($A12="","",IFERROR(INDEX(計算用!$D$2:$D$186,MATCH("男"&$A12&"-2",計算用!$AN$2:$AN$186,0)),"")) | H12: =IF($A12="","",IFERROR(INDEX(計算用!$M$2:$M$186,MATCH("男"&$A12&"-2",計算用!$AN$2:$AN$186,0)),"")) | I12: =IF($A12="","",IFERROR(INDEX(計算用!$I$2:$I$186,MATCH("男"&$A12&"-2",計算用!$AN$2:$AN$186,0)),"")) | J12: =IF($A12="","",IFERROR(INDEX(計算用!$D$2:$D$186,MATCH("男"&$A12&"-3",計算用!$AN$2:$AN$186,0)),"")) | K12: =IF($A12="","",IFERROR(INDEX(計算用!$M$2:$M$186,MATCH("男"&$A12&"-3",計算用!$AN$2:$AN$186,0)),"")) | L12: =IF($A12="","",IFERROR(INDEX(計算用!$I$2:$I$186,MATCH("男"&$A12&"-3",計算用!$AN$2:$AN$186,0)),"")) | M12: =IF($A12="","",IFERROR(INDEX(計算用!$D$2:$D$186,MATCH("男"&$A12&"-4",計算用!$AN$2:$AN$186,0)),"")) | N12: =IF($A12="","",IFERROR(INDEX(計算用!$M$2:$M$186,MATCH("男"&$A12&"-4",計算用!$AN$2:$AN$186,0)),"")) | O12: =IF($A12="","",IFERROR(INDEX(計算用!$I$2:$I$186,MATCH("男"&$A12&"-4",計算用!$AN$2:$AN$186,0)),"")) | Q12: =IF(ROW()-3<=計算用!$Q$11,ROW()-3,"") | R12: =IF($Q12="","",INDEX(計算用!$AC$2:$AC$51,$Q12)) | S12: =IF($Q12="","","赤"&INDEX(計算用!$AF$2:$AF$51,$Q12)&"白"&INDEX(計算用!$AG$2:$AG$51,$Q12)) | T12: =IF($Q12="","",IFERROR(INDEX(計算用!$D$2:$D$186,MATCH("女"&$Q12&"-1",計算用!$AN$2:$AN$186,0)),"")) | U12: =IF($Q12="","",IFERROR(INDEX(計算用!$M$2:$M$186,MATCH("女"&$Q12&"-1",計算用!$AN$2:$AN$186,0)),"")) | V12: =IF($Q12="","",IFERROR(INDEX(計算用!$I$2:$I$186,MATCH("女"&$Q12&"-1",計算用!$AN$2:$AN$186,0)),"")) | W12: =IF($Q12="","",IFERROR(INDEX(計算用!$D$2:$D$186,MATCH("女"&$Q12&"-2",計算用!$AN$2:$AN$186,0)),"")) | X12: =IF($Q12="","",IFERROR(INDEX(計算用!$M$2:$M$186,MATCH("女"&$Q12&"-2",計算用!$AN$2:$AN$186,0)),"")) | Y12: =IF($Q12="","",IFERROR(INDEX(計算用!$I$2:$I$186,MATCH("女"&$Q12&"-2",計算用!$AN$2:$AN$186,0)),"")) | Z12: =IF($Q12="","",IFERROR(INDEX(計算用!$D$2:$D$186,MATCH("女"&$Q12&"-3",計算用!$AN$2:$AN$186,0)),"")) | AA12: =IF($Q12="","",IFERROR(INDEX(計算用!$M$2:$M$186,MATCH("女"&$Q12&"-3",計算用!$AN$2:$AN$186,0)),"")) | AB12: =IF($Q12="","",IFERROR(INDEX(計算用!$I$2:$I$186,MATCH("女"&$Q12&"-3",計算用!$AN$2:$AN$186,0)),"")) | AC12: =IF($Q12="","",IFERROR(INDEX(計算用!$D$2:$D$186,MATCH("女"&$Q12&"-4",計算用!$AN$2:$AN$186,0)),"")) | AD12: =IF($Q12="","",IFERROR(INDEX(計算用!$M$2:$M$186,MATCH("女"&$Q12&"-4",計算用!$AN$2:$AN$186,0)),"")) | AE12: =IF($Q12="","",IFERROR(INDEX(計算用!$I$2:$I$186,MATCH("女"&$Q12&"-4",計算用!$AN$2:$AN$186,0)),""))
A13: =IF(ROW()-3<=計算用!$Q$9,ROW()-3,"") | B13: =IF($A13="","",INDEX(計算用!$T$2:$T$51,$A13)) | C13: =IF($A13="","","赤"&INDEX(計算用!$W$2:$W$51,$A13)&"白"&INDEX(計算用!$X$2:$X$51,$A13)) | D13: =IF($A13="","",IFERROR(INDEX(計算用!$D$2:$D$186,MATCH("男"&$A13&"-1",計算用!$AN$2:$AN$186,0)),"")) | E13: =IF($A13="","",IFERROR(INDEX(計算用!$M$2:$M$186,MATCH("男"&$A13&"-1",計算用!$AN$2:$AN$186,0)),"")) | F13: =IF($A13="","",IFERROR(INDEX(計算用!$I$2:$I$186,MATCH("男"&$A13&"-1",計算用!$AN$2:$AN$186,0)),"")) | G13: =IF($A13="","",IFERROR(INDEX(計算用!$D$2:$D$186,MATCH("男"&$A13&"-2",計算用!$AN$2:$AN$186,0)),"")) | H13: =IF($A13="","",IFERROR(INDEX(計算用!$M$2:$M$186,MATCH("男"&$A13&"-2",計算用!$AN$2:$AN$186,0)),"")) | I13: =IF($A13="","",IFERROR(INDEX(計算用!$I$2:$I$186,MATCH("男"&$A13&"-2",計算用!$AN$2:$AN$186,0)),"")) | J13: =IF($A13="","",IFERROR(INDEX(計算用!$D$2:$D$186,MATCH("男"&$A13&"-3",計算用!$AN$2:$AN$186,0)),"")) | K13: =IF($A13="","",IFERROR(INDEX(計算用!$M$2:$M$186,MATCH("男"&$A13&"-3",計算用!$AN$2:$AN$186,0)),"")) | L13: =IF($A13="","",IFERROR(INDEX(計算用!$I$2:$I$186,MATCH("男"&$A13&"-3",計算用!$AN$2:$AN$186,0)),"")) | M13: =IF($A13="","",IFERROR(INDEX(計算用!$D$2:$D$186,MATCH("男"&$A13&"-4",計算用!$AN$2:$AN$186,0)),"")) | N13: =IF($A13="","",IFERROR(INDEX(計算用!$M$2:$M$186,MATCH("男"&$A13&"-4",計算用!$AN$2:$AN$186,0)),"")) | O13: =IF($A13="","",IFERROR(INDEX(計算用!$I$2:$I$186,MATCH("男"&$A13&"-4",計算用!$AN$2:$AN$186,0)),"")) | Q13: =IF(ROW()-3<=計算用!$Q$11,ROW()-3,"") | R13: =IF($Q13="","",INDEX(計算用!$AC$2:$AC$51,$Q13)) | S13: =IF($Q13="","","赤"&INDEX(計算用!$AF$2:$AF$51,$Q13)&"白"&INDEX(計算用!$AG$2:$AG$51,$Q13)) | T13: =IF($Q13="","",IFERROR(INDEX(計算用!$D$2:$D$186,MATCH("女"&$Q13&"-1",計算用!$AN$2:$AN$186,0)),"")) | U13: =IF($Q13="","",IFERROR(INDEX(計算用!$M$2:$M$186,MATCH("女"&$Q13&"-1",計算用!$AN$2:$AN$186,0)),"")) | V13: =IF($Q13="","",IFERROR(INDEX(計算用!$I$2:$I$186,MATCH("女"&$Q13&"-1",計算用!$AN$2:$AN$186,0)),"")) | W13: =IF($Q13="","",IFERROR(INDEX(計算用!$D$2:$D$186,MATCH("女"&$Q13&"-2",計算用!$AN$2:$AN$186,0)),"")) | X13: =IF($Q13="","",IFERROR(INDEX(計算用!$M$2:$M$186,MATCH("女"&$Q13&"-2",計算用!$AN$2:$AN$186,0)),"")) | Y13: =IF($Q13="","",IFERROR(INDEX(計算用!$I$2:$I$186,MATCH("女"&$Q13&"-2",計算用!$AN$2:$AN$186,0)),"")) | Z13: =IF($Q13="","",IFERROR(INDEX(計算用!$D$2:$D$186,MATCH("女"&$Q13&"-3",計算用!$AN$2:$AN$186,0)),"")) | AA13: =IF($Q13="","",IFERROR(INDEX(計算用!$M$2:$M$186,MATCH("女"&$Q13&"-3",計算用!$AN$2:$AN$186,0)),"")) | AB13: =IF($Q13="","",IFERROR(INDEX(計算用!$I$2:$I$186,MATCH("女"&$Q13&"-3",計算用!$AN$2:$AN$186,0)),"")) | AC13: =IF($Q13="","",IFERROR(INDEX(計算用!$D$2:$D$186,MATCH("女"&$Q13&"-4",計算用!$AN$2:$AN$186,0)),"")) | AD13: =IF($Q13="","",IFERROR(INDEX(計算用!$M$2:$M$186,MATCH("女"&$Q13&"-4",計算用!$AN$2:$AN$186,0)),"")) | AE13: =IF($Q13="","",IFERROR(INDEX(計算用!$I$2:$I$186,MATCH("女"&$Q13&"-4",計算用!$AN$2:$AN$186,0)),""))
A14: =IF(ROW()-3<=計算用!$Q$9,ROW()-3,"") | B14: =IF($A14="","",INDEX(計算用!$T$2:$T$51,$A14)) | C14: =IF($A14="","","赤"&INDEX(計算用!$W$2:$W$51,$A14)&"白"&INDEX(計算用!$X$2:$X$51,$A14)) | D14: =IF($A14="","",IFERROR(INDEX(計算用!$D$2:$D$186,MATCH("男"&$A14&"-1",計算用!$AN$2:$AN$186,0)),"")) | E14: =IF($A14="","",IFERROR(INDEX(計算用!$M$2:$M$186,MATCH("男"&$A14&"-1",計算用!$AN$2:$AN$186,0)),"")) | F14: =IF($A14="","",IFERROR(INDEX(計算用!$I$2:$I$186,MATCH("男"&$A14&"-1",計算用!$AN$2:$AN$186,0)),"")) | G14: =IF($A14="","",IFERROR(INDEX(計算用!$D$2:$D$186,MATCH("男"&$A14&"-2",計算用!$AN$2:$AN$186,0)),"")) | H14: =IF($A14="","",IFERROR(INDEX(計算用!$M$2:$M$186,MATCH("男"&$A14&"-2",計算用!$AN$2:$AN$186,0)),"")) | I14: =IF($A14="","",IFERROR(INDEX(計算用!$I$2:$I$186,MATCH("男"&$A14&"-2",計算用!$AN$2:$AN$186,0)),"")) | J14: =IF($A14="","",IFERROR(INDEX(計算用!$D$2:$D$186,MATCH("男"&$A14&"-3",計算用!$AN$2:$AN$186,0)),"")) | K14: =IF($A14="","",IFERROR(INDEX(計算用!$M$2:$M$186,MATCH("男"&$A14&"-3",計算用!$AN$2:$AN$186,0)),"")) | L14: =IF($A14="","",IFERROR(INDEX(計算用!$I$2:$I$186,MATCH("男"&$A14&"-3",計算用!$AN$2:$AN$186,0)),"")) | M14: =IF($A14="","",IFERROR(INDEX(計算用!$D$2:$D$186,MATCH("男"&$A14&"-4",計算用!$AN$2:$AN$186,0)),"")) | N14: =IF($A14="","",IFERROR(INDEX(計算用!$M$2:$M$186,MATCH("男"&$A14&"-4",計算用!$AN$2:$AN$186,0)),"")) | O14: =IF($A14="","",IFERROR(INDEX(計算用!$I$2:$I$186,MATCH("男"&$A14&"-4",計算用!$AN$2:$AN$186,0)),"")) | Q14: =IF(ROW()-3<=計算用!$Q$11,ROW()-3,"") | R14: =IF($Q14="","",INDEX(計算用!$AC$2:$AC$51,$Q14)) | S14: =IF($Q14="","","赤"&INDEX(計算用!$AF$2:$AF$51,$Q14)&"白"&INDEX(計算用!$AG$2:$AG$51,$Q14)) | T14: =IF($Q14="","",IFERROR(INDEX(計算用!$D$2:$D$186,MATCH("女"&$Q14&"-1",計算用!$AN$2:$AN$186,0)),"")) | U14: =IF($Q14="","",IFERROR(INDEX(計算用!$M$2:$M$186,MATCH("女"&$Q14&"-1",計算用!$AN$2:$AN$186,0)),"")) | V14: =IF($Q14="","",IFERROR(INDEX(計算用!$I$2:$I$186,MATCH("女"&$Q14&"-1",計算用!$AN$2:$AN$186,0)),"")) | W14: =IF($Q14="","",IFERROR(INDEX(計算用!$D$2:$D$186,MATCH("女"&$Q14&"-2",計算用!$AN$2:$AN$186,0)),"")) | X14: =IF($Q14="","",IFERROR(INDEX(計算用!$M$2:$M$186,MATCH("女"&$Q14&"-2",計算用!$AN$2:$AN$186,0)),"")) | Y14: =IF($Q14="","",IFERROR(INDEX(計算用!$I$2:$I$186,MATCH("女"&$Q14&"-2",計算用!$AN$2:$AN$186,0)),"")) | Z14: =IF($Q14="","",IFERROR(INDEX(計算用!$D$2:$D$186,MATCH("女"&$Q14&"-3",計算用!$AN$2:$AN$186,0)),"")) | AA14: =IF($Q14="","",IFERROR(INDEX(計算用!$M$2:$M$186,MATCH("女"&$Q14&"-3",計算用!$AN$2:$AN$186,0)),"")) | AB14: =IF($Q14="","",IFERROR(INDEX(計算用!$I$2:$I$186,MATCH("女"&$Q14&"-3",計算用!$AN$2:$AN$186,0)),"")) | AC14: =IF($Q14="","",IFERROR(INDEX(計算用!$D$2:$D$186,MATCH("女"&$Q14&"-4",計算用!$AN$2:$AN$186,0)),"")) | AD14: =IF($Q14="","",IFERROR(INDEX(計算用!$M$2:$M$186,MATCH("女"&$Q14&"-4",計算用!$AN$2:$AN$186,0)),"")) | AE14: =IF($Q14="","",IFERROR(INDEX(計算用!$I$2:$I$186,MATCH("女"&$Q14&"-4",計算用!$AN$2:$AN$186,0)),""))
A15: =IF(ROW()-3<=計算用!$Q$9,ROW()-3,"") | B15: =IF($A15="","",INDEX(計算用!$T$2:$T$51,$A15)) | C15: =IF($A15="","","赤"&INDEX(計算用!$W$2:$W$51,$A15)&"白"&INDEX(計算用!$X$2:$X$51,$A15)) | D15: =IF($A15="","",IFERROR(INDEX(計算用!$D$2:$D$186,MATCH("男"&$A15&"-1",計算用!$AN$2:$AN$186,0)),"")) | E15: =IF($A15="","",IFERROR(INDEX(計算用!$M$2:$M$186,MATCH("男"&$A15&"-1",計算用!$AN$2:$AN$186,0)),"")) | F15: =IF($A15="","",IFERROR(INDEX(計算用!$I$2:$I$186,MATCH("男"&$A15&"-1",計算用!$AN$2:$AN$186,0)),"")) | G15: =IF($A15="","",IFERROR(INDEX(計算用!$D$2:$D$186,MATCH("男"&$A15&"-2",計算用!$AN$2:$AN$186,0)),"")) | H15: =IF($A15="","",IFERROR(INDEX(計算用!$M$2:$M$186,MATCH("男"&$A15&"-2",計算用!$AN$2:$AN$186,0)),"")) | I15: =IF($A15="","",IFERROR(INDEX(計算用!$I$2:$I$186,MATCH("男"&$A15&"-2",計算用!$AN$2:$AN$186,0)),"")) | J15: =IF($A15="","",IFERROR(INDEX(計算用!$D$2:$D$186,MATCH("男"&$A15&"-3",計算用!$AN$2:$AN$186,0)),"")) | K15: =IF($A15="","",IFERROR(INDEX(計算用!$M$2:$M$186,MATCH("男"&$A15&"-3",計算用!$AN$2:$AN$186,0)),"")) | L15: =IF($A15="","",IFERROR(INDEX(計算用!$I$2:$I$186,MATCH("男"&$A15&"-3",計算用!$AN$2:$AN$186,0)),"")) | M15: =IF($A15="","",IFERROR(INDEX(計算用!$D$2:$D$186,MATCH("男"&$A15&"-4",計算用!$AN$2:$AN$186,0)),"")) | N15: =IF($A15="","",IFERROR(INDEX(計算用!$M$2:$M$186,MATCH("男"&$A15&"-4",計算用!$AN$2:$AN$186,0)),"")) | O15: =IF($A15="","",IFERROR(INDEX(計算用!$I$2:$I$186,MATCH("男"&$A15&"-4",計算用!$AN$2:$AN$186,0)),"")) | Q15: =IF(ROW()-3<=計算用!$Q$11,ROW()-3,"") | R15: =IF($Q15="","",INDEX(計算用!$AC$2:$AC$51,$Q15)) | S15: =IF($Q15="","","赤"&INDEX(計算用!$AF$2:$AF$51,$Q15)&"白"&INDEX(計算用!$AG$2:$AG$51,$Q15)) | T15: =IF($Q15="","",IFERROR(INDEX(計算用!$D$2:$D$186,MATCH("女"&$Q15&"-1",計算用!$AN$2:$AN$186,0)),"")) | U15: =IF($Q15="","",IFERROR(INDEX(計算用!$M$2:$M$186,MATCH("女"&$Q15&"-1",計算用!$AN$2:$AN$186,0)),"")) | V15: =IF($Q15="","",IFERROR(INDEX(計算用!$I$2:$I$186,MATCH("女"&$Q15&"-1",計算用!$AN$2:$AN$186,0)),"")) | W15: =IF($Q15="","",IFERROR(INDEX(計算用!$D$2:$D$186,MATCH("女"&$Q15&"-2",計算用!$AN$2:$AN$186,0)),"")) | X15: =IF($Q15="","",IFERROR(INDEX(計算用!$M$2:$M$186,MATCH("女"&$Q15&"-2",計算用!$AN$2:$AN$186,0)),"")) | Y15: =IF($Q15="","",IFERROR(INDEX(計算用!$I$2:$I$186,MATCH("女"&$Q15&"-2",計算用!$AN$2:$AN$186,0)),"")) | Z15: =IF($Q15="","",IFERROR(INDEX(計算用!$D$2:$D$186,MATCH("女"&$Q15&"-3",計算用!$AN$2:$AN$186,0)),"")) | AA15: =IF($Q15="","",IFERROR(INDEX(計算用!$M$2:$M$186,MATCH("女"&$Q15&"-3",計算用!$AN$2:$AN$186,0)),"")) | AB15: =IF($Q15="","",IFERROR(INDEX(計算用!$I$2:$I$186,MATCH("女"&$Q15&"-3",計算用!$AN$2:$AN$186,0)),"")) | AC15: =IF($Q15="","",IFERROR(INDEX(計算用!$D$2:$D$186,MATCH("女"&$Q15&"-4",計算用!$AN$2:$AN$186,0)),"")) | AD15: =IF($Q15="","",IFERROR(INDEX(計算用!$M$2:$M$186,MATCH("女"&$Q15&"-4",計算用!$AN$2:$AN$186,0)),"")) | AE15: =IF($Q15="","",IFERROR(INDEX(計算用!$I$2:$I$186,MATCH("女"&$Q15&"-4",計算用!$AN$2:$AN$186,0)),""))
... A53: =IF(ROW()-3<=計算用!$Q$9,ROW()-3,"") | B53: =IF($A53="","",INDEX(計算用!$T$2:$T$51,$A53)) | C53: =IF($A53="","","赤"&INDEX(計算用!$W$2:$W$51,$A53)&"白"&INDEX(計算用!$X$2:$X$51,$A53)) | D53: =IF($A53="","",IFERROR(INDEX(計算用!$D$2:$D$186,MATCH("男"&$A53&"-1",計算用!$AN$2:$AN$186,0)),"")) | E53: =IF($A53="","",IFERROR(INDEX(計算用!$M$2:$M$186,MATCH("男"&$A53&"-1",計算用!$AN$2:$AN$186,0)),"")) | F53: =IF($A53="","",IFERROR(INDEX(計算用!$I$2:$I$186,MATCH("男"&$A53&"-1",計算用!$AN$2:$AN$186,0)),"")) | G53: =IF($A53="","",IFERROR(INDEX(計算用!$D$2:$D$186,MATCH("男"&$A53&"-2",計算用!$AN$2:$AN$186,0)),"")) | H53: =IF($A53="","",IFERROR(INDEX(計算用!$M$2:$M$186,MATCH("男"&$A53&"-2",計算用!$AN$2:$AN$186,0)),"")) | I53: =IF($A53="","",IFERROR(INDEX(計算用!$I$2:$I$186,MATCH("男"&$A53&"-2",計算用!$AN$2:$AN$186,0)),"")) | J53: =IF($A53="","",IFERROR(INDEX(計算用!$D$2:$D$186,MATCH("男"&$A53&"-3",計算用!$AN$2:$AN$186,0)),"")) | K53: =IF($A53="","",IFERROR(INDEX(計算用!$M$2:$M$186,MATCH("男"&$A53&"-3",計算用!$AN$2:$AN$186,0)),"")) | L53: =IF($A53="","",IFERROR(INDEX(計算用!$I$2:$I$186,MATCH("男"&$A53&"-3",計算用!$AN$2:$AN$186,0)),"")) | M53: =IF($A53="","",IFERROR(INDEX(計算用!$D$2:$D$186,MATCH("男"&$A53&"-4",計算用!$AN$2:$AN$186,0)),"")) | N53: =IF($A53="","",IFERROR(INDEX(計算用!$M$2:$M$186,MATCH("男"&$A53&"-4",計算用!$AN$2:$AN$186,0)),"")) | O53: =IF($A53="","",IFERROR(INDEX(計算用!$I$2:$I$186,MATCH("男"&$A53&"-4",計算用!$AN$2:$AN$186,0)),"")) | Q53: =IF(ROW()-3<=計算用!$Q$11,ROW()-3,"") | R53: =IF($Q53="","",INDEX(計算用!$AC$2:$AC$51,$Q53)) | S53: =IF($Q53="","","赤"&INDEX(計算用!$AF$2:$AF$51,$Q53)&"白"&INDEX(計算用!$AG$2:$AG$51,$Q53)) | T53: =IF($Q53="","",IFERROR(INDEX(計算用!$D$2:$D$186,MATCH("女"&$Q53&"-1",計算用!$AN$2:$AN$186,0)),"")) | U53: =IF($Q53="","",IFERROR(INDEX(計算用!$M$2:$M$186,MATCH("女"&$Q53&"-1",計算用!$AN$2:$AN$186,0)),"")) | V53: =IF($Q53="","",IFERROR(INDEX(計算用!$I$2:$I$186,MATCH("女"&$Q53&"-1",計算用!$AN$2:$AN$186,0)),"")) | W53: =IF($Q53="","",IFERROR(INDEX(計算用!$D$2:$D$186,MATCH("女"&$Q53&"-2",計算用!$AN$2:$AN$186,0)),"")) | X53: =IF($Q53="","",IFERROR(INDEX(計算用!$M$2:$M$186,MATCH("女"&$Q53&"-2",計算用!$AN$2:$AN$186,0)),"")) | Y53: =IF($Q53="","",IFERROR(INDEX(計算用!$I$2:$I$186,MATCH("女"&$Q53&"-2",計算用!$AN$2:$AN$186,0)),"")) | Z53: =IF($Q53="","",IFERROR(INDEX(計算用!$D$2:$D$186,MATCH("女"&$Q53&"-3",計算用!$AN$2:$AN$186,0)),"")) | AA53: =IF($Q53="","",IFERROR(INDEX(計算用!$M$2:$M$186,MATCH("女"&$Q53&"-3",計算用!$AN$2:$AN$186,0)),"")) | AB53: =IF($Q53="","",IFERROR(INDEX(計算用!$I$2:$I$186,MATCH("女"&$Q53&"-3",計算用!$AN$2:$AN$186,0)),"")) | AC53: =IF($Q53="","",IFERROR(INDEX(計算用!$D$2:$D$186,MATCH("女"&$Q53&"-4",計算用!$AN$2:$AN$186,0)),"")) | AD53: =IF($Q53="","",IFERROR(INDEX(計算用!$M$2:$M$186,MATCH("女"&$Q53&"-4",計算用!$AN$2:$AN$186,0)),"")) | AE53: =IF($Q53="","",IFERROR(INDEX(計算用!$I$2:$I$186,MATCH("女"&$Q53&"-4",計算用!$AN$2:$AN$186,0)),""))

Sheet 計算用
A1: 通し番号 | B1: クラス番号 | C1: クラス内行 | D1: 名前 | E1: 性別(入力) | F1: 性別 | G1: タイム | H1: 赤白(入力) | I1: 赤白 | J1: 区分 | K1: 区分内順位 | L1: 検索キー | M1: クラス | N1: 入力不足 | P1: 区分 | Q1: 人数 | S1: 男組 | T1: 男人数 | U1: 男赤残り | V1: 男白残り | W1: 男赤人数 | X1: 男白人数 | Y1: 男赤累計 | Z1: 男白累計 | AB1: 女組 | AC1: 女人数 | AD1: 女赤残り | AE1: 女白残り | AF1: 女赤人数 | AG1: 女白人数 | AH1: 女赤累計 | AI1: 女白累計 | AK1: 組 | AL1: 前の組までの人数 | AM1: 組内番号 | AN1: 組キー
A2: =ROW()-1 | B2: =INT((A2-1)/37)+1 | C2: =MOD(A2-1,37)+1 | D2: =INDEX(①データ入力!$B$3:$Y$39,C2,(B2-1)*5+1)&"" | E2: =INDEX(①データ入力!$B$3:$Y$39,C2,(B2-1)*5+2)&"" | F2: =IF(OR(E2="1",E2="１",E2="男"),"男",IF(OR(E2="2",E2="２",E2="女"),"女","")) | G2: =INDEX(①データ入力!$B$3:$Y$39,C2,(B2-1)*5+3) | H2: =INDEX(①データ入力!$B$3:$Y$39,C2,(B2-1)*5+4)&"" | I2: =IF(LEFT(TRIM(H2),1)="赤","赤",IF(LEFT(TRIM(H2),1)="白","白","")) | J2: =IF(AND(D2<>"",F2<>"",I2<>"",ISNUMBER(G2)),F2&I2,"") | K2: =IF(J2="","",COUNTIFS($J$2:$J$186,J2,$G$2:$G$186,"<"&G2)+COUNTIFS($J$2:$J$186,J2,$G$2:$G$186,G2,$A$2:$A$186,"<"&A2)+1) | L2: =IF(J2="","",J2&K2) | M2: =B2&"組" | N2: =IF(AND(D2<>"",J2=""),1,0) | P2: 男赤 | Q2: =COUNTIF($J$2:$J$186,P2) | S2: 1 | T2: =IF(OR($Q$9=0,S2>$Q$9),0,INT($Q$8/$Q$9)+IF(S2<=MOD($Q$8,$Q$9),1,0)) | U2: =$Q$2 | V2: =$Q$3 | W2: =IF(T2=0,0,MIN(U2,MAX(IF(MOD(T2,2)=0,T2/2,IF(U2>=V2,(T2+1)/2,(T2-1)/2)),T2-V2))) | X2: =T2-W2 | Y2: =0+W2 | Z2: =0+X2 | AB2: 1 | AC2: =IF(OR($Q$11=0,AB2>$Q$11),0,INT($Q$10/$Q$11)+IF(AB2<=MOD($Q$10,$Q$11),1,0)) | AD2: =$Q$4 | AE2: =$Q$5 | AF2: =IF(AC2=0,0,MIN(AD2,MAX(IF(MOD(AC2,2)=0,AC2/2,IF(AD2>=AE2,(AC2+1)/2,(AC2-1)/2)),AC2-AE2))) | AG2: =AC2-AF2 | AH2: =0+AF2 | AI2: =0+AG2 | AK2: =IF(J2="","",IF(J2="男赤",COUNTIF($Y$2:$Y$51,"<"&K2),IF(J2="男白",COUNTIF($Z$2:$Z$51,"<"&K2),IF(J2="女赤",COUNTIF($AH$2:$AH$51,"<"&K2),COUNTIF($AI$2:$AI$51,"<"&K2))))+1) | AL2: =IF(AK2="","",IF(AK2=1,0,IF(J2="男赤",INDEX($Y$2:$Y$51,AK2-1),IF(J2="男白",INDEX($Z$2:$Z$51,AK2-1),IF(J2="女赤",INDEX($AH$2:$AH$51,AK2-1),INDEX($AI$2:$AI$51,AK2-1)))))) | AM2: =IF(AK2="","",IF(RIGHT(J2,1)="赤",K2-AL2,IF(LEFT(J2,1)="男",INDEX($W$2:$W$51,AK2),INDEX($AF$2:$AF$51,AK2))+K2-AL2)) | AN2: =IF(AK2="","",F2&AK2&"-"&AM2)
A3: =ROW()-1 | B3: =INT((A3-1)/37)+1 | C3: =MOD(A3-1,37)+1 | D3: =INDEX(①データ入力!$B$3:$Y$39,C3,(B3-1)*5+1)&"" | E3: =INDEX(①データ入力!$B$3:$Y$39,C3,(B3-1)*5+2)&"" | F3: =IF(OR(E3="1",E3="１",E3="男"),"男",IF(OR(E3="2",E3="２",E3="女"),"女","")) | G3: =INDEX(①データ入力!$B$3:$Y$39,C3,(B3-1)*5+3) | H3: =INDEX(①データ入力!$B$3:$Y$39,C3,(B3-1)*5+4)&"" | I3: =IF(LEFT(TRIM(H3),1)="赤","赤",IF(LEFT(TRIM(H3),1)="白","白","")) | J3: =IF(AND(D3<>"",F3<>"",I3<>"",ISNUMBER(G3)),F3&I3,"") | K3: =IF(J3="","",COUNTIFS($J$2:$J$186,J3,$G$2:$G$186,"<"&G3)+COUNTIFS($J$2:$J$186,J3,$G$2:$G$186,G3,$A$2:$A$186,"<"&A3)+1) | L3: =IF(J3="","",J3&K3) | M3: =B3&"組" | N3: =IF(AND(D3<>"",J3=""),1,0) | P3: 男白 | Q3: =COUNTIF($J$2:$J$186,P3) | S3: 2 | T3: =IF(OR($Q$9=0,S3>$Q$9),0,INT($Q$8/$Q$9)+IF(S3<=MOD($Q$8,$Q$9),1,0)) | U3: =$Q$2-Y2 | V3: =$Q$3-Z2 | W3: =IF(T3=0,0,MIN(U3,MAX(IF(MOD(T3,2)=0,T3/2,IF(U3>=V3,(T3+1)/2,(T3-1)/2)),T3-V3))) | X3: =T3-W3 | Y3: =Y2+W3 | Z3: =Z2+X3 | AB3: 2 | AC3: =IF(OR($Q$11=0,AB3>$Q$11),0,INT($Q$10/$Q$11)+IF(AB3<=MOD($Q$10,$Q$11),1,0)) | AD3: =$Q$4-AH2 | AE3: =$Q$5-AI2 | AF3: =IF(AC3=0,0,MIN(AD3,MAX(IF(MOD(AC3,2)=0,AC3/2,IF(AD3>=AE3,(AC3+1)/2,(AC3-1)/2)),AC3-AE3))) | AG3: =AC3-AF3 | AH3: =AH2+AF3 | AI3: =AI2+AG3 | AK3: =IF(J3="","",IF(J3="男赤",COUNTIF($Y$2:$Y$51,"<"&K3),IF(J3="男白",COUNTIF($Z$2:$Z$51,"<"&K3),IF(J3="女赤",COUNTIF($AH$2:$AH$51,"<"&K3),COUNTIF($AI$2:$AI$51,"<"&K3))))+1) | AL3: =IF(AK3="","",IF(AK3=1,0,IF(J3="男赤",INDEX($Y$2:$Y$51,AK3-1),IF(J3="男白",INDEX($Z$2:$Z$51,AK3-1),IF(J3="女赤",INDEX($AH$2:$AH$51,AK3-1),INDEX($AI$2:$AI$51,AK3-1)))))) | AM3: =IF(AK3="","",IF(RIGHT(J3,1)="赤",K3-AL3,IF(LEFT(J3,1)="男",INDEX($W$2:$W$51,AK3),INDEX($AF$2:$AF$51,AK3))+K3-AL3)) | AN3: =IF(AK3="","",F3&AK3&"-"&AM3)
A4: =ROW()-1 | B4: =INT((A4-1)/37)+1 | C4: =MOD(A4-1,37)+1 | D4: =INDEX(①データ入力!$B$3:$Y$39,C4,(B4-1)*5+1)&"" | E4: =INDEX(①データ入力!$B$3:$Y$39,C4,(B4-1)*5+2)&"" | F4: =IF(OR(E4="1",E4="１",E4="男"),"男",IF(OR(E4="2",E4="２",E4="女"),"女","")) | G4: =INDEX(①データ入力!$B$3:$Y$39,C4,(B4-1)*5+3) | H4: =INDEX(①データ入力!$B$3:$Y$39,C4,(B4-1)*5+4)&"" | I4: =IF(LEFT(TRIM(H4),1)="赤","赤",IF(LEFT(TRIM(H4),1)="白","白","")) | J4: =IF(AND(D4<>"",F4<>"",I4<>"",ISNUMBER(G4)),F4&I4,"") | K4: =IF(J4="","",COUNTIFS($J$2:$J$186,J4,$G$2:$G$186,"<"&G4)+COUNTIFS($J$2:$J$186,J4,$G$2:$G$186,G4,$A$2:$A$186,"<"&A4)+1) | L4: =IF(J4="","",J4&K4) | M4: =B4&"組" | N4: =IF(AND(D4<>"",J4=""),1,0) | P4: 女赤 | Q4: =COUNTIF($J$2:$J$186,P4) | S4: 3 | T4: =IF(OR($Q$9=0,S4>$Q$9),0,INT($Q$8/$Q$9)+IF(S4<=MOD($Q$8,$Q$9),1,0)) | U4: =$Q$2-Y3 | V4: =$Q$3-Z3 | W4: =IF(T4=0,0,MIN(U4,MAX(IF(MOD(T4,2)=0,T4/2,IF(U4>=V4,(T4+1)/2,(T4-1)/2)),T4-V4))) | X4: =T4-W4 | Y4: =Y3+W4 | Z4: =Z3+X4 | AB4: 3 | AC4: =IF(OR($Q$11=0,AB4>$Q$11),0,INT($Q$10/$Q$11)+IF(AB4<=MOD($Q$10,$Q$11),1,0)) | AD4: =$Q$4-AH3 | AE4: =$Q$5-AI3 | AF4: =IF(AC4=0,0,MIN(AD4,MAX(IF(MOD(AC4,2)=0,AC4/2,IF(AD4>=AE4,(AC4+1)/2,(AC4-1)/2)),AC4-AE4))) | AG4: =AC4-AF4 | AH4: =AH3+AF4 | AI4: =AI3+AG4 | AK4: =IF(J4="","",IF(J4="男赤",COUNTIF($Y$2:$Y$51,"<"&K4),IF(J4="男白",COUNTIF($Z$2:$Z$51,"<"&K4),IF(J4="女赤",COUNTIF($AH$2:$AH$51,"<"&K4),COUNTIF($AI$2:$AI$51,"<"&K4))))+1) | AL4: =IF(AK4="","",IF(AK4=1,0,IF(J4="男赤",INDEX($Y$2:$Y$51,AK4-1),IF(J4="男白",INDEX($Z$2:$Z$51,AK4-1),IF(J4="女赤",INDEX($AH$2:$AH$51,AK4-1),INDEX($AI$2:$AI$51,AK4-1)))))) | AM4: =IF(AK4="","",IF(RIGHT(J4,1)="赤",K4-AL4,IF(LEFT(J4,1)="男",INDEX($W$2:$W$51,AK4),INDEX($AF$2:$AF$51,AK4))+K4-AL4)) | AN4: =IF(AK4="","",F4&AK4&"-"&AM4)
A5: =ROW()-1 | B5: =INT((A5-1)/37)+1 | C5: =MOD(A5-1,37)+1 | D5: =INDEX(①データ入力!$B$3:$Y$39,C5,(B5-1)*5+1)&"" | E5: =INDEX(①データ入力!$B$3:$Y$39,C5,(B5-1)*5+2)&"" | F5: =IF(OR(E5="1",E5="１",E5="男"),"男",IF(OR(E5="2",E5="２",E5="女"),"女","")) | G5: =INDEX(①データ入力!$B$3:$Y$39,C5,(B5-1)*5+3) | H5: =INDEX(①データ入力!$B$3:$Y$39,C5,(B5-1)*5+4)&"" | I5: =IF(LEFT(TRIM(H5),1)="赤","赤",IF(LEFT(TRIM(H5),1)="白","白","")) | J5: =IF(AND(D5<>"",F5<>"",I5<>"",ISNUMBER(G5)),F5&I5,"") | K5: =IF(J5="","",COUNTIFS($J$2:$J$186,J5,$G$2:$G$186,"<"&G5)+COUNTIFS($J$2:$J$186,J5,$G$2:$G$186,G5,$A$2:$A$186,"<"&A5)+1) | L5: =IF(J5="","",J5&K5) | M5: =B5&"組" | N5: =IF(AND(D5<>"",J5=""),1,0) | P5: 女白 | Q5: =COUNTIF($J$2:$J$186,P5) | S5: 4 | T5: =IF(OR($Q$9=0,S5>$Q$9),0,INT($Q$8/$Q$9)+IF(S5<=MOD($Q$8,$Q$9),1,0)) | U5: =$Q$2-Y4 | V5: =$Q$3-Z4 | W5: =IF(T5=0,0,MIN(U5,MAX(IF(MOD(T5,2)=0,T5/2,IF(U5>=V5,(T5+1)/2,(T5-1)/2)),T5-V5))) | X5: =T5-W5 | Y5: =Y4+W5 | Z5: =Z4+X5 | AB5: 4 | AC5: =IF(OR($Q$11=0,AB5>$Q$11),0,INT($Q$10/$Q$11)+IF(AB5<=MOD($Q$10,$Q$11),1,0)) | AD5: =$Q$4-AH4 | AE5: =$Q$5-AI4 | AF5: =IF(AC5=0,0,MIN(AD5,MAX(IF(MOD(AC5,2)=0,AC5/2,IF(AD5>=AE5,(AC5+1)/2,(AC5-1)/2)),AC5-AE5))) | AG5: =AC5-AF5 | AH5: =AH4+AF5 | AI5: =AI4+AG5 | AK5: =IF(J5="","",IF(J5="男赤",COUNTIF($Y$2:$Y$51,"<"&K5),IF(J5="男白",COUNTIF($Z$2:$Z$51,"<"&K5),IF(J5="女赤",COUNTIF($AH$2:$AH$51,"<"&K5),COUNTIF($AI$2:$AI$51,"<"&K5))))+1) | AL5: =IF(AK5="","",IF(AK5=1,0,IF(J5="男赤",INDEX($Y$2:$Y$51,AK5-1),IF(J5="男白",INDEX($Z$2:$Z$51,AK5-1),IF(J5="女赤",INDEX($AH$2:$AH$51,AK5-1),INDEX($AI$2:$AI$51,AK5-1)))))) | AM5: =IF(AK5="","",IF(RIGHT(J5,1)="赤",K5-AL5,IF(LEFT(J5,1)="男",INDEX($W$2:$W$51,AK5),INDEX($AF$2:$AF$51,AK5))+K5-AL5)) | AN5: =IF(AK5="","",F5&AK5&"-"&AM5)
A6: =ROW()-1 | B6: =INT((A6-1)/37)+1 | C6: =MOD(A6-1,37)+1 | D6: =INDEX(①データ入力!$B$3:$Y$39,C6,(B6-1)*5+1)&"" | E6: =INDEX(①データ入力!$B$3:$Y$39,C6,(B6-1)*5+2)&"" | F6: =IF(OR(E6="1",E6="１",E6="男"),"男",IF(OR(E6="2",E6="２",E6="女"),"女","")) | G6: =INDEX(①データ入力!$B$3:$Y$39,C6,(B6-1)*5+3) | H6: =INDEX(①データ入力!$B$3:$Y$39,C6,(B6-1)*5+4)&"" | I6: =IF(LEFT(TRIM(H6),1)="赤","赤",IF(LEFT(TRIM(H6),1)="白","白","")) | J6: =IF(AND(D6<>"",F6<>"",I6<>"",ISNUMBER(G6)),F6&I6,"") | K6: =IF(J6="","",COUNTIFS($J$2:$J$186,J6,$G$2:$G$186,"<"&G6)+COUNTIFS($J$2:$J$186,J6,$G$2:$G$186,G6,$A$2:$A$186,"<"&A6)+1) | L6: =IF(J6="","",J6&K6) | M6: =B6&"組" | N6: =IF(AND(D6<>"",J6=""),1,0) | P6: 入力不足 | Q6: =SUM($N$2:$N$186) | S6: 5 | T6: =IF(OR($Q$9=0,S6>$Q$9),0,INT($Q$8/$Q$9)+IF(S6<=MOD($Q$8,$Q$9),1,0)) | U6: =$Q$2-Y5 | V6: =$Q$3-Z5 | W6: =IF(T6=0,0,MIN(U6,MAX(IF(MOD(T6,2)=0,T6/2,IF(U6>=V6,(T6+1)/2,(T6-1)/2)),T6-V6))) | X6: =T6-W6 | Y6: =Y5+W6 | Z6: =Z5+X6 | AB6: 5 | AC6: =IF(OR($Q$11=0,AB6>$Q$11),0,INT($Q$10/$Q$11)+IF(AB6<=MOD($Q$10,$Q$11),1,0)) | AD6: =$Q$4-AH5 | AE6: =$Q$5-AI5 | AF6: =IF(AC6=0,0,MIN(AD6,MAX(IF(MOD(AC6,2)=0,AC6/2,IF(AD6>=AE6,(AC6+1)/2,(AC6-1)/2)),AC6-AE6))) | AG6: =AC6-AF6 | AH6: =AH5+AF6 | AI6: =AI5+AG6 | AK6: =IF(J6="","",IF(J6="男赤",COUNTIF($Y$2:$Y$51,"<"&K6),IF(J6="男白",COUNTIF($Z$2:$Z$51,"<"&K6),IF(J6="女赤",COUNTIF($AH$2:$AH$51,"<"&K6),COUNTIF($AI$2:$AI$51,"<"&K6))))+1) | AL6: =IF(AK6="","",IF(AK6=1,0,IF(J6="男赤",INDEX($Y$2:$Y$51,AK6-1),IF(J6="男白",INDEX($Z$2:$Z$51,AK6-1),IF(J6="女赤",INDEX($AH$2:$AH$51,AK6-1),INDEX($AI$2:$AI$51,AK6-1)))))) | AM6: =IF(AK6="","",IF(RIGHT(J6,1)="赤",K6-AL6,IF(LEFT(J6,1)="男",INDEX($W$2:$W$51,AK6),INDEX($AF$2:$AF$51,AK6))+K6-AL6)) | AN6: =IF(AK6="","",F6&AK6&"-"&AM6)
A7: =ROW()-1 | B7: =INT((A7-1)/37)+1 | C7: =MOD(A7-1,37)+1 | D7: =INDEX(①データ入力!$B$3:$Y$39,C7,(B7-1)*5+1)&"" | E7: =INDEX(①データ入力!$B$3:$Y$39,C7,(B7-1)*5+2)&"" | F7: =IF(OR(E7="1",E7="１",E7="男"),"男",IF(OR(E7="2",E7="２",E7="女"),"女","")) | G7: =INDEX(①データ入力!$B$3:$Y$39,C7,(B7-1)*5+3) | H7: =INDEX(①データ入力!$B$3:$Y$39,C7,(B7-1)*5+4)&"" | I7: =IF(LEFT(TRIM(H7),1)="赤","赤",IF(LEFT(TRIM(H7),1)="白","白","")) | J7: =IF(AND(D7<>"",F7<>"",I7<>"",ISNUMBER(G7)),F7&I7,"") | K7: =IF(J7="","",COUNTIFS($J$2:$J$186,J7,$G$2:$G$186,"<"&G7)+COUNTIFS($J$2:$J$186,J7,$G$2:$G$186,G7,$A$2:$A$186,"<"&A7)+1) | L7: =IF(J7="","",J7&K7) | M7: =B7&"組" | N7: =IF(AND(D7<>"",J7=""),1,0) | S7: 6 | T7: =IF(OR($Q$9=0,S7>$Q$9),0,INT($Q$8/$Q$9)+IF(S7<=MOD($Q$8,$Q$9),1,0)) | U7: =$Q$2-Y6 | V7: =$Q$3-Z6 | W7: =IF(T7=0,0,MIN(U7,MAX(IF(MOD(T7,2)=0,T7/2,IF(U7>=V7,(T7+1)/2,(T7-1)/2)),T7-V7))) | X7: =T7-W7 | Y7: =Y6+W7 | Z7: =Z6+X7 | AB7: 6 | AC7: =IF(OR($Q$11=0,AB7>$Q$11),0,INT($Q$10/$Q$11)+IF(AB7<=MOD($Q$10,$Q$11),1,0)) | AD7: =$Q$4-AH6 | AE7: =$Q$5-AI6 | AF7: =IF(AC7=0,0,MIN(AD7,MAX(IF(MOD(AC7,2)=0,AC7/2,IF(AD7>=AE7,(AC7+1)/2,(AC7-1)/2)),AC7-AE7))) | AG7: =AC7-AF7 | AH7: =AH6+AF7 | AI7: =AI6+AG7 | AK7: =IF(J7="","",IF(J7="男赤",COUNTIF($Y$2:$Y$51,"<"&K7),IF(J7="男白",COUNTIF($Z$2:$Z$51,"<"&K7),IF(J7="女赤",COUNTIF($AH$2:$AH$51,"<"&K7),COUNTIF($AI$2:$AI$51,"<"&K7))))+1) | AL7: =IF(AK7="","",IF(AK7=1,0,IF(J7="男赤",INDEX($Y$2:$Y$51,AK7-1),IF(J7="男白",INDEX($Z$2:$Z$51,AK7-1),IF(J7="女赤",INDEX($AH$2:$AH$51,AK7-1),INDEX($AI$2:$AI$51,AK7-1)))))) | AM7: =IF(AK7="","",IF(RIGHT(J7,1)="赤",K7-AL7,IF(LEFT(J7,1)="男",INDEX($W$2:$W$51,AK7),INDEX($AF$2:$AF$51,AK7))+K7-AL7)) | AN7: =IF(AK7="","",F7&AK7&"-"&AM7)
A8: =ROW()-1 | B8: =INT((A8-1)/37)+1 | C8: =MOD(A8-1,37)+1 | D8: =INDEX(①データ入力!$B$3:$Y$39,C8,(B8-1)*5+1)&"" | E8: =INDEX(①データ入力!$B$3:$Y$39,C8,(B8-1)*5+2)&"" | F8: =IF(OR(E8="1",E8="１",E8="男"),"男",IF(OR(E8="2",E8="２",E8="女"),"女","")) | G8: =INDEX(①データ入力!$B$3:$Y$39,C8,(B8-1)*5+3) | H8: =INDEX(①データ入力!$B$3:$Y$39,C8,(B8-1)*5+4)&"" | I8: =IF(LEFT(TRIM(H8),1)="赤","赤",IF(LEFT(TRIM(H8),1)="白","白","")) | J8: =IF(AND(D8<>"",F8<>"",I8<>"",ISNUMBER(G8)),F8&I8,"") | K8: =IF(J8="","",COUNTIFS($J$2:$J$186,J8,$G$2:$G$186,"<"&G8)+COUNTIFS($J$2:$J$186,J8,$G$2:$G$186,G8,$A$2:$A$186,"<"&A8)+1) | L8: =IF(J8="","",J8&K8) | M8: =B8&"組" | N8: =IF(AND(D8<>"",J8=""),1,0) | P8: 男子人数 | Q8: =Q2+Q3 | S8: 7 | T8: =IF(OR($Q$9=0,S8>$Q$9),0,INT($Q$8/$Q$9)+IF(S8<=MOD($Q$8,$Q$9),1,0)) | U8: =$Q$2-Y7 | V8: =$Q$3-Z7 | W8: =IF(T8=0,0,MIN(U8,MAX(IF(MOD(T8,2)=0,T8/2,IF(U8>=V8,(T8+1)/2,(T8-1)/2)),T8-V8))) | X8: =T8-W8 | Y8: =Y7+W8 | Z8: =Z7+X8 | AB8: 7 | AC8: =IF(OR($Q$11=0,AB8>$Q$11),0,INT($Q$10/$Q$11)+IF(AB8<=MOD($Q$10,$Q$11),1,0)) | AD8: =$Q$4-AH7 | AE8: =$Q$5-AI7 | AF8: =IF(AC8=0,0,MIN(AD8,MAX(IF(MOD(AC8,2)=0,AC8/2,IF(AD8>=AE8,(AC8+1)/2,(AC8-1)/2)),AC8-AE8))) | AG8: =AC8-AF8 | AH8: =AH7+AF8 | AI8: =AI7+AG8 | AK8: =IF(J8="","",IF(J8="男赤",COUNTIF($Y$2:$Y$51,"<"&K8),IF(J8="男白",COUNTIF($Z$2:$Z$51,"<"&K8),IF(J8="女赤",COUNTIF($AH$2:$AH$51,"<"&K8),COUNTIF($AI$2:$AI$51,"<"&K8))))+1) | AL8: =IF(AK8="","",IF(AK8=1,0,IF(J8="男赤",INDEX($Y$2:$Y$51,AK8-1),IF(J8="男白",INDEX($Z$2:$Z$51,AK8-1),IF(J8="女赤",INDEX($AH$2:$AH$51,AK8-1),INDEX($AI$2:$AI$51,AK8-1)))))) | AM8: =IF(AK8="","",IF(RIGHT(J8,1)="赤",K8-AL8,IF(LEFT(J8,1)="男",INDEX($W$2:$W$51,AK8),INDEX($AF$2:$AF$51,AK8))+K8-AL8)) | AN8: =IF(AK8="","",F8&AK8&"-"&AM8)
A9: =ROW()-1 | B9: =INT((A9-1)/37)+1 | C9: =MOD(A9-1,37)+1 | D9: =INDEX(①データ入力!$B$3:$Y$39,C9,(B9-1)*5+1)&"" | E9: =INDEX(①データ入力!$B$3:$Y$39,C9,(B9-1)*5+2)&"" | F9: =IF(OR(E9="1",E9="１",E9="男"),"男",IF(OR(E9="2",E9="２",E9="女"),"女","")) | G9: =INDEX(①データ入力!$B$3:$Y$39,C9,(B9-1)*5+3) | H9: =INDEX(①データ入力!$B$3:$Y$39,C9,(B9-1)*5+4)&"" | I9: =IF(LEFT(TRIM(H9),1)="赤","赤",IF(LEFT(TRIM(H9),1)="白","白","")) | J9: =IF(AND(D9<>"",F9<>"",I9<>"",ISNUMBER(G9)),F9&I9,"") | K9: =IF(J9="","",COUNTIFS($J$2:$J$186,J9,$G$2:$G$186,"<"&G9)+COUNTIFS($J$2:$J$186,J9,$G$2:$G$186,G9,$A$2:$A$186,"<"&A9)+1) | L9: =IF(J9="","",J9&K9) | M9: =B9&"組" | N9: =IF(AND(D9<>"",J9=""),1,0) | P9: 男子組数 | Q9: =ROUNDUP(Q8/4,0) | S9: 8 | T9: =IF(OR($Q$9=0,S9>$Q$9),0,INT($Q$8/$Q$9)+IF(S9<=MOD($Q$8,$Q$9),1,0)) | U9: =$Q$2-Y8 | V9: =$Q$3-Z8 | W9: =IF(T9=0,0,MIN(U9,MAX(IF(MOD(T9,2)=0,T9/2,IF(U9>=V9,(T9+1)/2,(T9-1)/2)),T9-V9))) | X9: =T9-W9 | Y9: =Y8+W9 | Z9: =Z8+X9 | AB9: 8 | AC9: =IF(OR($Q$11=0,AB9>$Q$11),0,INT($Q$10/$Q$11)+IF(AB9<=MOD($Q$10,$Q$11),1,0)) | AD9: =$Q$4-AH8 | AE9: =$Q$5-AI8 | AF9: =IF(AC9=0,0,MIN(AD9,MAX(IF(MOD(AC9,2)=0,AC9/2,IF(AD9>=AE9,(AC9+1)/2,(AC9-1)/2)),AC9-AE9))) | AG9: =AC9-AF9 | AH9: =AH8+AF9 | AI9: =AI8+AG9 | AK9: =IF(J9="","",IF(J9="男赤",COUNTIF($Y$2:$Y$51,"<"&K9),IF(J9="男白",COUNTIF($Z$2:$Z$51,"<"&K9),IF(J9="女赤",COUNTIF($AH$2:$AH$51,"<"&K9),COUNTIF($AI$2:$AI$51,"<"&K9))))+1) | AL9: =IF(AK9="","",IF(AK9=1,0,IF(J9="男赤",INDEX($Y$2:$Y$51,AK9-1),IF(J9="男白",INDEX($Z$2:$Z$51,AK9-1),IF(J9="女赤",INDEX($AH$2:$AH$51,AK9-1),INDEX($AI$2:$AI$51,AK9-1)))))) | AM9: =IF(AK9="","",IF(RIGHT(J9,1)="赤",K9-AL9,IF(LEFT(J9,1)="男",INDEX($W$2:$W$51,AK9),INDEX($AF$2:$AF$51,AK9))+K9-AL9)) | AN9: =IF(AK9="","",F9&AK9&"-"&AM9)
A10: =ROW()-1 | B10: =INT((A10-1)/37)+1 | C10: =MOD(A10-1,37)+1 | D10: =INDEX(①データ入力!$B$3:$Y$39,C10,(B10-1)*5+1)&"" | E10: =INDEX(①データ入力!$B$3:$Y$39,C10,(B10-1)*5+2)&"" | F10: =IF(OR(E10="1",E10="１",E10="男"),"男",IF(OR(E10="2",E10="２",E10="女"),"女","")) | G10: =INDEX(①データ入力!$B$3:$Y$39,C10,(B10-1)*5+3) | H10: =INDEX(①データ入力!$B$3:$Y$39,C10,(B10-1)*5+4)&"" | I10: =IF(LEFT(TRIM(H10),1)="赤","赤",IF(LEFT(TRIM(H10),1)="白","白","")) | J10: =IF(AND(D10<>"",F10<>"",I10<>"",ISNUMBER(G10)),F10&I10,"") | K10: =IF(J10="","",COUNTIFS($J$2:$J$186,J10,$G$2:$G$186,"<"&G10)+COUNTIFS($J$2:$J$186,J10,$G$2:$G$186,G10,$A$2:$A$186,"<"&A10)+1) | L10: =IF(J10="","",J10&K10) | M10: =B10&"組" | N10: =IF(AND(D10<>"",J10=""),1,0) | P10: 女子人数 | Q10: =Q4+Q5 | S10: 9 | T10: =IF(OR($Q$9=0,S10>$Q$9),0,INT($Q$8/$Q$9)+IF(S10<=MOD($Q$8,$Q$9),1,0)) | U10: =$Q$2-Y9 | V10: =$Q$3-Z9 | W10: =IF(T10=0,0,MIN(U10,MAX(IF(MOD(T10,2)=0,T10/2,IF(U10>=V10,(T10+1)/2,(T10-1)/2)),T10-V10))) | X10: =T10-W10 | Y10: =Y9+W10 | Z10: =Z9+X10 | AB10: 9 | AC10: =IF(OR($Q$11=0,AB10>$Q$11),0,INT($Q$10/$Q$11)+IF(AB10<=MOD($Q$10,$Q$11),1,0)) | AD10: =$Q$4-AH9 | AE10: =$Q$5-AI9 | AF10: =IF(AC10=0,0,MIN(AD10,MAX(IF(MOD(AC10,2)=0,AC10/2,IF(AD10>=AE10,(AC10+1)/2,(AC10-1)/2)),AC10-AE10))) | AG10: =AC10-AF10 | AH10: =AH9+AF10 | AI10: =AI9+AG10 | AK10: =IF(J10="","",IF(J10="男赤",COUNTIF($Y$2:$Y$51,"<"&K10),IF(J10="男白",COUNTIF($Z$2:$Z$51,"<"&K10),IF(J10="女赤",COUNTIF($AH$2:$AH$51,"<"&K10),COUNTIF($AI$2:$AI$51,"<"&K10))))+1) | AL10: =IF(AK10="","",IF(AK10=1,0,IF(J10="男赤",INDEX($Y$2:$Y$51,AK10-1),IF(J10="男白",INDEX($Z$2:$Z$51,AK10-1),IF(J10="女赤",INDEX($AH$2:$AH$51,AK10-1),INDEX($AI$2:$AI$51,AK10-1)))))) | AM10: =IF(AK10="","",IF(RIGHT(J10,1)="赤",K10-AL10,IF(LEFT(J10,1)="男",INDEX($W$2:$W$51,AK10),INDEX($AF$2:$AF$51,AK10))+K10-AL10)) | AN10: =IF(AK10="","",F10&AK10&"-"&AM10)
A11: =ROW()-1 | B11: =INT((A11-1)/37)+1 | C11: =MOD(A11-1,37)+1 | D11: =INDEX(①データ入力!$B$3:$Y$39,C11,(B11-1)*5+1)&"" | E11: =INDEX(①データ入力!$B$3:$Y$39,C11,(B11-1)*5+2)&"" | F11: =IF(OR(E11="1",E11="１",E11="男"),"男",IF(OR(E11="2",E11="２",E11="女"),"女","")) | G11: =INDEX(①データ入力!$B$3:$Y$39,C11,(B11-1)*5+3) | H11: =INDEX(①データ入力!$B$3:$Y$39,C11,(B11-1)*5+4)&"" | I11: =IF(LEFT(TRIM(H11),1)="赤","赤",IF(LEFT(TRIM(H11),1)="白","白","")) | J11: =IF(AND(D11<>"",F11<>"",I11<>"",ISNUMBER(G11)),F11&I11,"") | K11: =IF(J11="","",COUNTIFS($J$2:$J$186,J11,$G$2:$G$186,"<"&G11)+COUNTIFS($J$2:$J$186,J11,$G$2:$G$186,G11,$A$2:$A$186,"<"&A11)+1) | L11: =IF(J11="","",J11&K11) | M11: =B11&"組" | N11: =IF(AND(D11<>"",J11=""),1,0) | P11: 女子組数 | Q11: =ROUNDUP(Q10/4,0) | S11: 10 | T11: =IF(OR($Q$9=0,S11>$Q$9),0,INT($Q$8/$Q$9)+IF(S11<=MOD($Q$8,$Q$9),1,0)) | U11: =$Q$2-Y10 | V11: =$Q$3-Z10 | W11: =IF(T11=0,0,MIN(U11,MAX(IF(MOD(T11,2)=0,T11/2,IF(U11>=V11,(T11+1)/2,(T11-1)/2)),T11-V11))) | X11: =T11-W11 | Y11: =Y10+W11 | Z11: =Z10+X11 | AB11: 10 | AC11: =IF(OR($Q$11=0,AB11>$Q$11),0,INT($Q$10/$Q$11)+IF(AB11<=MOD($Q$10,$Q$11),1,0)) | AD11: =$Q$4-AH10 | AE11: =$Q$5-AI10 | AF11: =IF(AC11=0,0,MIN(AD11,MAX(IF(MOD(AC11,2)=0,AC11/2,IF(AD11>=AE11,(AC11+1)/2,(AC11-1)/2)),AC11-AE11))) | AG11: =AC11-AF11 | AH11: =AH10+AF11 | AI11: =AI10+AG11 | AK11: =IF(J11="","",IF(J11="男赤",COUNTIF($Y$2:$Y$51,"<"&K11),IF(J11="男白",COUNTIF($Z$2:$Z$51,"<"&K11),IF(J11="女赤",COUNTIF($AH$2:$AH$51,"<"&K11),COUNTIF($AI$2:$AI$51,"<"&K11))))+1) | AL11: =IF(AK11="","",IF(AK11=1,0,IF(J11="男赤",INDEX($Y$2:$Y$51,AK11-1),IF(J11="男白",INDEX($Z$2:$Z$51,AK11-1),IF(J11="女赤",INDEX($AH$2:$AH$51,AK11-1),INDEX($AI$2:$AI$51,AK11-1)))))) | AM11: =IF(AK11="","",IF(RIGHT(J11,1)="赤",K11-AL11,IF(LEFT(J11,1)="男",INDEX($W$2:$W$51,AK11),INDEX($AF$2:$AF$51,AK11))+K11-AL11)) | AN11: =IF(AK11="","",F11&AK11&"-"&AM11)
A12: =ROW()-1 | B12: =INT((A12-1)/37)+1 | C12: =MOD(A12-1,37)+1 | D12: =INDEX(①データ入力!$B$3:$Y$39,C12,(B12-1)*5+1)&"" | E12: =INDEX(①データ入力!$B$3:$Y$39,C12,(B12-1)*5+2)&"" | F12: =IF(OR(E12="1",E12="１",E12="男"),"男",IF(OR(E12="2",E12="２",E12="女"),"女","")) | G12: =INDEX(①データ入力!$B$3:$Y$39,C12,(B12-1)*5+3) | H12: =INDEX(①データ入力!$B$3:$Y$39,C12,(B12-1)*5+4)&"" | I12: =IF(LEFT(TRIM(H12),1)="赤","赤",IF(LEFT(TRIM(H12),1)="白","白","")) | J12: =IF(AND(D12<>"",F12<>"",I12<>"",ISNUMBER(G12)),F12&I12,"") | K12: =IF(J12="","",COUNTIFS($J$2:$J$186,J12,$G$2:$G$186,"<"&G12)+COUNTIFS($J$2:$J$186,J12,$G$2:$G$186,G12,$A$2:$A$186,"<"&A12)+1) | L12: =IF(J12="","",J12&K12) | M12: =B12&"組" | N12: =IF(AND(D12<>"",J12=""),1,0) | S12: 11 | T12: =IF(OR($Q$9=0,S12>$Q$9),0,INT($Q$8/$Q$9)+IF(S12<=MOD($Q$8,$Q$9),1,0)) | U12: =$Q$2-Y11 | V12: =$Q$3-Z11 | W12: =IF(T12=0,0,MIN(U12,MAX(IF(MOD(T12,2)=0,T12/2,IF(U12>=V12,(T12+1)/2,(T12-1)/2)),T12-V12))) | X12: =T12-W12 | Y12: =Y11+W12 | Z12: =Z11+X12 | AB12: 11 | AC12: =IF(OR($Q$11=0,AB12>$Q$11),0,INT($Q$10/$Q$11)+IF(AB12<=MOD($Q$10,$Q$11),1,0)) | AD12: =$Q$4-AH11 | AE12: =$Q$5-AI11 | AF12: =IF(AC12=0,0,MIN(AD12,MAX(IF(MOD(AC12,2)=0,AC12/2,IF(AD12>=AE12,(AC12+1)/2,(AC12-1)/2)),AC12-AE12))) | AG12: =AC12-AF12 | AH12: =AH11+AF12 | AI12: =AI11+AG12 | AK12: =IF(J12="","",IF(J12="男赤",COUNTIF($Y$2:$Y$51,"<"&K12),IF(J12="男白",COUNTIF($Z$2:$Z$51,"<"&K12),IF(J12="女赤",COUNTIF($AH$2:$AH$51,"<"&K12),COUNTIF($AI$2:$AI$51,"<"&K12))))+1) | AL12: =IF(AK12="","",IF(AK12=1,0,IF(J12="男赤",INDEX($Y$2:$Y$51,AK12-1),IF(J12="男白",INDEX($Z$2:$Z$51,AK12-1),IF(J12="女赤",INDEX($AH$2:$AH$51,AK12-1),INDEX($AI$2:$AI$51,AK12-1)))))) | AM12: =IF(AK12="","",IF(RIGHT(J12,1)="赤",K12-AL12,IF(LEFT(J12,1)="男",INDEX($W$2:$W$51,AK12),INDEX($AF$2:$AF$51,AK12))+K12-AL12)) | AN12: =IF(AK12="","",F12&AK12&"-"&AM12)
A13: =ROW()-1 | B13: =INT((A13-1)/37)+1 | C13: =MOD(A13-1,37)+1 | D13: =INDEX(①データ入力!$B$3:$Y$39,C13,(B13-1)*5+1)&"" | E13: =INDEX(①データ入力!$B$3:$Y$39,C13,(B13-1)*5+2)&"" | F13: =IF(OR(E13="1",E13="１",E13="男"),"男",IF(OR(E13="2",E13="２",E13="女"),"女","")) | G13: =INDEX(①データ入力!$B$3:$Y$39,C13,(B13-1)*5+3) | H13: =INDEX(①データ入力!$B$3:$Y$39,C13,(B13-1)*5+4)&"" | I13: =IF(LEFT(TRIM(H13),1)="赤","赤",IF(LEFT(TRIM(H13),1)="白","白","")) | J13: =IF(AND(D13<>"",F13<>"",I13<>"",ISNUMBER(G13)),F13&I13,"") | K13: =IF(J13="","",COUNTIFS($J$2:$J$186,J13,$G$2:$G$186,"<"&G13)+COUNTIFS($J$2:$J$186,J13,$G$2:$G$186,G13,$A$2:$A$186,"<"&A13)+1) | L13: =IF(J13="","",J13&K13) | M13: =B13&"組" | N13: =IF(AND(D13<>"",J13=""),1,0) | S13: 12 | T13: =IF(OR($Q$9=0,S13>$Q$9),0,INT($Q$8/$Q$9)+IF(S13<=MOD($Q$8,$Q$9),1,0)) | U13: =$Q$2-Y12 | V13: =$Q$3-Z12 | W13: =IF(T13=0,0,MIN(U13,MAX(IF(MOD(T13,2)=0,T13/2,IF(U13>=V13,(T13+1)/2,(T13-1)/2)),T13-V13))) | X13: =T13-W13 | Y13: =Y12+W13 | Z13: =Z12+X13 | AB13: 12 | AC13: =IF(OR($Q$11=0,AB13>$Q$11),0,INT($Q$10/$Q$11)+IF(AB13<=MOD($Q$10,$Q$11),1,0)) | AD13: =$Q$4-AH12 | AE13: =$Q$5-AI12 | AF13: =IF(AC13=0,0,MIN(AD13,MAX(IF(MOD(AC13,2)=0,AC13/2,IF(AD13>=AE13,(AC13+1)/2,(AC13-1)/2)),AC13-AE13))) | AG13: =AC13-AF13 | AH13: =AH12+AF13 | AI13: =AI12+AG13 | AK13: =IF(J13="","",IF(J13="男赤",COUNTIF($Y$2:$Y$51,"<"&K13),IF(J13="男白",COUNTIF($Z$2:$Z$51,"<"&K13),IF(J13="女赤",COUNTIF($AH$2:$AH$51,"<"&K13),COUNTIF($AI$2:$AI$51,"<"&K13))))+1) | AL13: =IF(AK13="","",IF(AK13=1,0,IF(J13="男赤",INDEX($Y$2:$Y$51,AK13-1),IF(J13="男白",INDEX($Z$2:$Z$51,AK13-1),IF(J13="女赤",INDEX($AH$2:$AH$51,AK13-1),INDEX($AI$2:$AI$51,AK13-1)))))) | AM13: =IF(AK13="","",IF(RIGHT(J13,1)="赤",K13-AL13,IF(LEFT(J13,1)="男",INDEX($W$2:$W$51,AK13),INDEX($AF$2:$AF$51,AK13))+K13-AL13)) | AN13: =IF(AK13="","",F13&AK13&"-"&AM13)
A14: =ROW()-1 | B14: =INT((A14-1)/37)+1 | C14: =MOD(A14-1,37)+1 | D14: =INDEX(①データ入力!$B$3:$Y$39,C14,(B14-1)*5+1)&"" | E14: =INDEX(①データ入力!$B$3:$Y$39,C14,(B14-1)*5+2)&"" | F14: =IF(OR(E14="1",E14="１",E14="男"),"男",IF(OR(E14="2",E14="２",E14="女"),"女","")) | G14: =INDEX(①データ入力!$B$3:$Y$39,C14,(B14-1)*5+3) | H14: =INDEX(①データ入力!$B$3:$Y$39,C14,(B14-1)*5+4)&"" | I14: =IF(LEFT(TRIM(H14),1)="赤","赤",IF(LEFT(TRIM(H14),1)="白","白","")) | J14: =IF(AND(D14<>"",F14<>"",I14<>"",ISNUMBER(G14)),F14&I14,"") | K14: =IF(J14="","",COUNTIFS($J$2:$J$186,J14,$G$2:$G$186,"<"&G14)+COUNTIFS($J$2:$J$186,J14,$G$2:$G$186,G14,$A$2:$A$186,"<"&A14)+1) | L14: =IF(J14="","",J14&K14) | M14: =B14&"組" | N14: =IF(AND(D14<>"",J14=""),1,0) | S14: 13 | T14: =IF(OR($Q$9=0,S14>$Q$9),0,INT($Q$8/$Q$9)+IF(S14<=MOD($Q$8,$Q$9),1,0)) | U14: =$Q$2-Y13 | V14: =$Q$3-Z13 | W14: =IF(T14=0,0,MIN(U14,MAX(IF(MOD(T14,2)=0,T14/2,IF(U14>=V14,(T14+1)/2,(T14-1)/2)),T14-V14))) | X14: =T14-W14 | Y14: =Y13+W14 | Z14: =Z13+X14 | AB14: 13 | AC14: =IF(OR($Q$11=0,AB14>$Q$11),0,INT($Q$10/$Q$11)+IF(AB14<=MOD($Q$10,$Q$11),1,0)) | AD14: =$Q$4-AH13 | AE14: =$Q$5-AI13 | AF14: =IF(AC14=0,0,MIN(AD14,MAX(IF(MOD(AC14,2)=0,AC14/2,IF(AD14>=AE14,(AC14+1)/2,(AC14-1)/2)),AC14-AE14))) | AG14: =AC14-AF14 | AH14: =AH13+AF14 | AI14: =AI13+AG14 | AK14: =IF(J14="","",IF(J14="男赤",COUNTIF($Y$2:$Y$51,"<"&K14),IF(J14="男白",COUNTIF($Z$2:$Z$51,"<"&K14),IF(J14="女赤",COUNTIF($AH$2:$AH$51,"<"&K14),COUNTIF($AI$2:$AI$51,"<"&K14))))+1) | AL14: =IF(AK14="","",IF(AK14=1,0,IF(J14="男赤",INDEX($Y$2:$Y$51,AK14-1),IF(J14="男白",INDEX($Z$2:$Z$51,AK14-1),IF(J14="女赤",INDEX($AH$2:$AH$51,AK14-1),INDEX($AI$2:$AI$51,AK14-1)))))) | AM14: =IF(AK14="","",IF(RIGHT(J14,1)="赤",K14-AL14,IF(LEFT(J14,1)="男",INDEX($W$2:$W$51,AK14),INDEX($AF$2:$AF$51,AK14))+K14-AL14)) | AN14: =IF(AK14="","",F14&AK14&"-"&AM14)
A15: =ROW()-1 | B15: =INT((A15-1)/37)+1 | C15: =MOD(A15-1,37)+1 | D15: =INDEX(①データ入力!$B$3:$Y$39,C15,(B15-1)*5+1)&"" | E15: =INDEX(①データ入力!$B$3:$Y$39,C15,(B15-1)*5+2)&"" | F15: =IF(OR(E15="1",E15="１",E15="男"),"男",IF(OR(E15="2",E15="２",E15="女"),"女","")) | G15: =INDEX(①データ入力!$B$3:$Y$39,C15,(B15-1)*5+3) | H15: =INDEX(①データ入力!$B$3:$Y$39,C15,(B15-1)*5+4)&"" | I15: =IF(LEFT(TRIM(H15),1)="赤","赤",IF(LEFT(TRIM(H15),1)="白","白","")) | J15: =IF(AND(D15<>"",F15<>"",I15<>"",ISNUMBER(G15)),F15&I15,"") | K15: =IF(J15="","",COUNTIFS($J$2:$J$186,J15,$G$2:$G$186,"<"&G15)+COUNTIFS($J$2:$J$186,J15,$G$2:$G$186,G15,$A$2:$A$186,"<"&A15)+1) | L15: =IF(J15="","",J15&K15) | M15: =B15&"組" | N15: =IF(AND(D15<>"",J15=""),1,0) | S15: 14 | T15: =IF(OR($Q$9=0,S15>$Q$9),0,INT($Q$8/$Q$9)+IF(S15<=MOD($Q$8,$Q$9),1,0)) | U15: =$Q$2-Y14 | V15: =$Q$3-Z14 | W15: =IF(T15=0,0,MIN(U15,MAX(IF(MOD(T15,2)=0,T15/2,IF(U15>=V15,(T15+1)/2,(T15-1)/2)),T15-V15))) | X15: =T15-W15 | Y15: =Y14+W15 | Z15: =Z14+X15 | AB15: 14 | AC15: =IF(OR($Q$11=0,AB15>$Q$11),0,INT($Q$10/$Q$11)+IF(AB15<=MOD($Q$10,$Q$11),1,0)) | AD15: =$Q$4-AH14 | AE15: =$Q$5-AI14 | AF15: =IF(AC15=0,0,MIN(AD15,MAX(IF(MOD(AC15,2)=0,AC15/2,IF(AD15>=AE15,(AC15+1)/2,(AC15-1)/2)),AC15-AE15))) | AG15: =AC15-AF15 | AH15: =AH14+AF15 | AI15: =AI14+AG15 | AK15: =IF(J15="","",IF(J15="男赤",COUNTIF($Y$2:$Y$51,"<"&K15),IF(J15="男白",COUNTIF($Z$2:$Z$51,"<"&K15),IF(J15="女赤",COUNTIF($AH$2:$AH$51,"<"&K15),COUNTIF($AI$2:$AI$51,"<"&K15))))+1) | AL15: =IF(AK15="","",IF(AK15=1,0,IF(J15="男赤",INDEX($Y$2:$Y$51,AK15-1),IF(J15="男白",INDEX($Z$2:$Z$51,AK15-1),IF(J15="女赤",INDEX($AH$2:$AH$51,AK15-1),INDEX($AI$2:$AI$51,AK15-1)))))) | AM15: =IF(AK15="","",IF(RIGHT(J15,1)="赤",K15-AL15,IF(LEFT(J15,1)="男",INDEX($W$2:$W$51,AK15),INDEX($AF$2:$AF$51,AK15))+K15-AL15)) | AN15: =IF(AK15="","",F15&AK15&"-"&AM15)
A16: =ROW()-1 | B16: =INT((A16-1)/37)+1 | C16: =MOD(A16-1,37)+1 | D16: =INDEX(①データ入力!$B$3:$Y$39,C16,(B16-1)*5+1)&"" | E16: =INDEX(①データ入力!$B$3:$Y$39,C16,(B16-1)*5+2)&"" | F16: =IF(OR(E16="1",E16="１",E16="男"),"男",IF(OR(E16="2",E16="２",E16="女"),"女","")) | G16: =INDEX(①データ入力!$B$3:$Y$39,C16,(B16-1)*5+3) | H16: =INDEX(①データ入力!$B$3:$Y$39,C16,(B16-1)*5+4)&"" | I16: =IF(LEFT(TRIM(H16),1)="赤","赤",IF(LEFT(TRIM(H16),1)="白","白","")) | J16: =IF(AND(D16<>"",F16<>"",I16<>"",ISNUMBER(G16)),F16&I16,"") | K16: =IF(J16="","",COUNTIFS($J$2:$J$186,J16,$G$2:$G$186,"<"&G16)+COUNTIFS($J$2:$J$186,J16,$G$2:$G$186,G16,$A$2:$A$186,"<"&A16)+1) | L16: =IF(J16="","",J16&K16) | M16: =B16&"組" | N16: =IF(AND(D16<>"",J16=""),1,0) | S16: 15 | T16: =IF(OR($Q$9=0,S16>$Q$9),0,INT($Q$8/$Q$9)+IF(S16<=MOD($Q$8,$Q$9),1,0)) | U16: =$Q$2-Y15 | V16: =$Q$3-Z15 | W16: =IF(T16=0,0,MIN(U16,MAX(IF(MOD(T16,2)=0,T16/2,IF(U16>=V16,(T16+1)/2,(T16-1)/2)),T16-V16))) | X16: =T16-W16 | Y16: =Y15+W16 | Z16: =Z15+X16 | AB16: 15 | AC16: =IF(OR($Q$11=0,AB16>$Q$11),0,INT($Q$10/$Q$11)+IF(AB16<=MOD($Q$10,$Q$11),1,0)) | AD16: =$Q$4-AH15 | AE16: =$Q$5-AI15 | AF16: =IF(AC16=0,0,MIN(AD16,MAX(IF(MOD(AC16,2)=0,AC16/2,IF(AD16>=AE16,(AC16+1)/2,(AC16-1)/2)),AC16-AE16))) | AG16: =AC16-AF16 | AH16: =AH15+AF16 | AI16: =AI15+AG16 | AK16: =IF(J16="","",IF(J16="男赤",COUNTIF($Y$2:$Y$51,"<"&K16),IF(J16="男白",COUNTIF($Z$2:$Z$51,"<"&K16),IF(J16="女赤",COUNTIF($AH$2:$AH$51,"<"&K16),COUNTIF($AI$2:$AI$51,"<"&K16))))+1) | AL16: =IF(AK16="","",IF(AK16=1,0,IF(J16="男赤",INDEX($Y$2:$Y$51,AK16-1),IF(J16="男白",INDEX($Z$2:$Z$51,AK16-1),IF(J16="女赤",INDEX($AH$2:$AH$51,AK16-1),INDEX($AI$2:$AI$51,AK16-1)))))) | AM16: =IF(AK16="","",IF(RIGHT(J16,1)="赤",K16-AL16,IF(LEFT(J16,1)="男",INDEX($W$2:$W$51,AK16),INDEX($AF$2:$AF$51,AK16))+K16-AL16)) | AN16: =IF(AK16="","",F16&AK16&"-"&AM16)
A17: =ROW()-1 | B17: =INT((A17-1)/37)+1 | C17: =MOD(A17-1,37)+1 | D17: =INDEX(①データ入力!$B$3:$Y$39,C17,(B17-1)*5+1)&"" | E17: =INDEX(①データ入力!$B$3:$Y$39,C17,(B17-1)*5+2)&"" | F17: =IF(OR(E17="1",E17="１",E17="男"),"男",IF(OR(E17="2",E17="２",E17="女"),"女","")) | G17: =INDEX(①データ入力!$B$3:$Y$39,C17,(B17-1)*5+3) | H17: =INDEX(①データ入力!$B$3:$Y$39,C17,(B17-1)*5+4)&"" | I17: =IF(LEFT(TRIM(H17),1)="赤","赤",IF(LEFT(TRIM(H17),1)="白","白","")) | J17: =IF(AND(D17<>"",F17<>"",I17<>"",ISNUMBER(G17)),F17&I17,"") | K17: =IF(J17="","",COUNTIFS($J$2:$J$186,J17,$G$2:$G$186,"<"&G17)+COUNTIFS($J$2:$J$186,J17,$G$2:$G$186,G17,$A$2:$A$186,"<"&A17)+1) | L17: =IF(J17="","",J17&K17) | M17: =B17&"組" | N17: =IF(AND(D17<>"",J17=""),1,0) | S17: 16 | T17: =IF(OR($Q$9=0,S17>$Q$9),0,INT($Q$8/$Q$9)+IF(S17<=MOD($Q$8,$Q$9),1,0)) | U17: =$Q$2-Y16 | V17: =$Q$3-Z16 | W17: =IF(T17=0,0,MIN(U17,MAX(IF(MOD(T17,2)=0,T17/2,IF(U17>=V17,(T17+1)/2,(T17-1)/2)),T17-V17))) | X17: =T17-W17 | Y17: =Y16+W17 | Z17: =Z16+X17 | AB17: 16 | AC17: =IF(OR($Q$11=0,AB17>$Q$11),0,INT($Q$10/$Q$11)+IF(AB17<=MOD($Q$10,$Q$11),1,0)) | AD17: =$Q$4-AH16 | AE17: =$Q$5-AI16 | AF17: =IF(AC17=0,0,MIN(AD17,MAX(IF(MOD(AC17,2)=0,AC17/2,IF(AD17>=AE17,(AC17+1)/2,(AC17-1)/2)),AC17-AE17))) | AG17: =AC17-AF17 | AH17: =AH16+AF17 | AI17: =AI16+AG17 | AK17: =IF(J17="","",IF(J17="男赤",COUNTIF($Y$2:$Y$51,"<"&K17),IF(J17="男白",COUNTIF($Z$2:$Z$51,"<"&K17),IF(J17="女赤",COUNTIF($AH$2:$AH$51,"<"&K17),COUNTIF($AI$2:$AI$51,"<"&K17))))+1) | AL17: =IF(AK17="","",IF(AK17=1,0,IF(J17="男赤",INDEX($Y$2:$Y$51,AK17-1),IF(J17="男白",INDEX($Z$2:$Z$51,AK17-1),IF(J17="女赤",INDEX($AH$2:$AH$51,AK17-1),INDEX($AI$2:$AI$51,AK17-1)))))) | AM17: =IF(AK17="","",IF(RIGHT(J17,1)="赤",K17-AL17,IF(LEFT(J17,1)="男",INDEX($W$2:$W$51,AK17),INDEX($AF$2:$AF$51,AK17))+K17-AL17)) | AN17: =IF(AK17="","",F17&AK17&"-"&AM17)
A18: =ROW()-1 | B18: =INT((A18-1)/37)+1 | C18: =MOD(A18-1,37)+1 | D18: =INDEX(①データ入力!$B$3:$Y$39,C18,(B18-1)*5+1)&"" | E18: =INDEX(①データ入力!$B$3:$Y$39,C18,(B18-1)*5+2)&"" | F18: =IF(OR(E18="1",E18="１",E18="男"),"男",IF(OR(E18="2",E18="２",E18="女"),"女","")) | G18: =INDEX(①データ入力!$B$3:$Y$39,C18,(B18-1)*5+3) | H18: =INDEX(①データ入力!$B$3:$Y$39,C18,(B18-1)*5+4)&"" | I18: =IF(LEFT(TRIM(H18),1)="赤","赤",IF(LEFT(TRIM(H18),1)="白","白","")) | J18: =IF(AND(D18<>"",F18<>"",I18<>"",ISNUMBER(G18)),F18&I18,"") | K18: =IF(J18="","",COUNTIFS($J$2:$J$186,J18,$G$2:$G$186,"<"&G18)+COUNTIFS($J$2:$J$186,J18,$G$2:$G$186,G18,$A$2:$A$186,"<"&A18)+1) | L18: =IF(J18="","",J18&K18) | M18: =B18&"組" | N18: =IF(AND(D18<>"",J18=""),1,0) | S18: 17 | T18: =IF(OR($Q$9=0,S18>$Q$9),0,INT($Q$8/$Q$9)+IF(S18<=MOD($Q$8,$Q$9),1,0)) | U18: =$Q$2-Y17 | V18: =$Q$3-Z17 | W18: =IF(T18=0,0,MIN(U18,MAX(IF(MOD(T18,2)=0,T18/2,IF(U18>=V18,(T18+1)/2,(T18-1)/2)),T18-V18))) | X18: =T18-W18 | Y18: =Y17+W18 | Z18: =Z17+X18 | AB18: 17 | AC18: =IF(OR($Q$11=0,AB18>$Q$11),0,INT($Q$10/$Q$11)+IF(AB18<=MOD($Q$10,$Q$11),1,0)) | AD18: =$Q$4-AH17 | AE18: =$Q$5-AI17 | AF18: =IF(AC18=0,0,MIN(AD18,MAX(IF(MOD(AC18,2)=0,AC18/2,IF(AD18>=AE18,(AC18+1)/2,(AC18-1)/2)),AC18-AE18))) | AG18: =AC18-AF18 | AH18: =AH17+AF18 | AI18: =AI17+AG18 | AK18: =IF(J18="","",IF(J18="男赤",COUNTIF($Y$2:$Y$51,"<"&K18),IF(J18="男白",COUNTIF($Z$2:$Z$51,"<"&K18),IF(J18="女赤",COUNTIF($AH$2:$AH$51,"<"&K18),COUNTIF($AI$2:$AI$51,"<"&K18))))+1) | AL18: =IF(AK18="","",IF(AK18=1,0,IF(J18="男赤",INDEX($Y$2:$Y$51,AK18-1),IF(J18="男白",INDEX($Z$2:$Z$51,AK18-1),IF(J18="女赤",INDEX($AH$2:$AH$51,AK18-1),INDEX($AI$2:$AI$51,AK18-1)))))) | AM18: =IF(AK18="","",IF(RIGHT(J18,1)="赤",K18-AL18,IF(LEFT(J18,1)="男",INDEX($W$2:$W$51,AK18),INDEX($AF$2:$AF$51,AK18))+K18-AL18)) | AN18: =IF(AK18="","",F18&AK18&"-"&AM18)
A19: =ROW()-1 | B19: =INT((A19-1)/37)+1 | C19: =MOD(A19-1,37)+1 | D19: =INDEX(①データ入力!$B$3:$Y$39,C19,(B19-1)*5+1)&"" | E19: =INDEX(①データ入力!$B$3:$Y$39,C19,(B19-1)*5+2)&"" | F19: =IF(OR(E19="1",E19="１",E19="男"),"男",IF(OR(E19="2",E19="２",E19="女"),"女","")) | G19: =INDEX(①データ入力!$B$3:$Y$39,C19,(B19-1)*5+3) | H19: =INDEX(①データ入力!$B$3:$Y$39,C19,(B19-1)*5+4)&"" | I19: =IF(LEFT(TRIM(H19),1)="赤","赤",IF(LEFT(TRIM(H19),1)="白","白","")) | J19: =IF(AND(D19<>"",F19<>"",I19<>"",ISNUMBER(G19)),F19&I19,"") | K19: =IF(J19="","",COUNTIFS($J$2:$J$186,J19,$G$2:$G$186,"<"&G19)+COUNTIFS($J$2:$J$186,J19,$G$2:$G$186,G19,$A$2:$A$186,"<"&A19)+1) | L19: =IF(J19="","",J19&K19) | M19: =B19&"組" | N19: =IF(AND(D19<>"",J19=""),1,0) | S19: 18 | T19: =IF(OR($Q$9=0,S19>$Q$9),0,INT($Q$8/$Q$9)+IF(S19<=MOD($Q$8,$Q$9),1,0)) | U19: =$Q$2-Y18 | V19: =$Q$3-Z18 | W19: =IF(T19=0,0,MIN(U19,MAX(IF(MOD(T19,2)=0,T19/2,IF(U19>=V19,(T19+1)/2,(T19-1)/2)),T19-V19))) | X19: =T19-W19 | Y19: =Y18+W19 | Z19: =Z18+X19 | AB19: 18 | AC19: =IF(OR($Q$11=0,AB19>$Q$11),0,INT($Q$10/$Q$11)+IF(AB19<=MOD($Q$10,$Q$11),1,0)) | AD19: =$Q$4-AH18 | AE19: =$Q$5-AI18 | AF19: =IF(AC19=0,0,MIN(AD19,MAX(IF(MOD(AC19,2)=0,AC19/2,IF(AD19>=AE19,(AC19+1)/2,(AC19-1)/2)),AC19-AE19))) | AG19: =AC19-AF19 | AH19: =AH18+AF19 | AI19: =AI18+AG19 | AK19: =IF(J19="","",IF(J19="男赤",COUNTIF($Y$2:$Y$51,"<"&K19),IF(J19="男白",COUNTIF($Z$2:$Z$51,"<"&K19),IF(J19="女赤",COUNTIF($AH$2:$AH$51,"<"&K19),COUNTIF($AI$2:$AI$51,"<"&K19))))+1) | AL19: =IF(AK19="","",IF(AK19=1,0,IF(J19="男赤",INDEX($Y$2:$Y$51,AK19-1),IF(J19="男白",INDEX($Z$2:$Z$51,AK19-1),IF(J19="女赤",INDEX($AH$2:$AH$51,AK19-1),INDEX($AI$2:$AI$51,AK19-1)))))) | AM19: =IF(AK19="","",IF(RIGHT(J19,1)="赤",K19-AL19,IF(LEFT(J19,1)="男",INDEX($W$2:$W$51,AK19),INDEX($AF$2:$AF$51,AK19))+K19-AL19)) | AN19: =IF(AK19="","",F19&AK19&"-"&AM19)
A20: =ROW()-1 | B20: =INT((A20-1)/37)+1 | C20: =MOD(A20-1,37)+1 | D20: =INDEX(①データ入力!$B$3:$Y$39,C20,(B20-1)*5+1)&"" | E20: =INDEX(①データ入力!$B$3:$Y$39,C20,(B20-1)*5+2)&"" | F20: =IF(OR(E20="1",E20="１",E20="男"),"男",IF(OR(E20="2",E20="２",E20="女"),"女","")) | G20: =INDEX(①データ入力!$B$3:$Y$39,C20,(B20-1)*5+3) | H20: =INDEX(①データ入力!$B$3:$Y$39,C20,(B20-1)*5+4)&"" | I20: =IF(LEFT(TRIM(H20),1)="赤","赤",IF(LEFT(TRIM(H20),1)="白","白","")) | J20: =IF(AND(D20<>"",F20<>"",I20<>"",ISNUMBER(G20)),F20&I20,"") | K20: =IF(J20="","",COUNTIFS($J$2:$J$186,J20,$G$2:$G$186,"<"&G20)+COUNTIFS($J$2:$J$186,J20,$G$2:$G$186,G20,$A$2:$A$186,"<"&A20)+1) | L20: =IF(J20="","",J20&K20) | M20: =B20&"組" | N20: =IF(AND(D20<>"",J20=""),1,0) | S20: 19 | T20: =IF(OR($Q$9=0,S20>$Q$9),0,INT($Q$8/$Q$9)+IF(S20<=MOD($Q$8,$Q$9),1,0)) | U20: =$Q$2-Y19 | V20: =$Q$3-Z19 | W20: =IF(T20=0,0,MIN(U20,MAX(IF(MOD(T20,2)=0,T20/2,IF(U20>=V20,(T20+1)/2,(T20-1)/2)),T20-V20))) | X20: =T20-W20 | Y20: =Y19+W20 | Z20: =Z19+X20 | AB20: 19 | AC20: =IF(OR($Q$11=0,AB20>$Q$11),0,INT($Q$10/$Q$11)+IF(AB20<=MOD($Q$10,$Q$11),1,0)) | AD20: =$Q$4-AH19 | AE20: =$Q$5-AI19 | AF20: =IF(AC20=0,0,MIN(AD20,MAX(IF(MOD(AC20,2)=0,AC20/2,IF(AD20>=AE20,(AC20+1)/2,(AC20-1)/2)),AC20-AE20))) | AG20: =AC20-AF20 | AH20: =AH19+AF20 | AI20: =AI19+AG20 | AK20: =IF(J20="","",IF(J20="男赤",COUNTIF($Y$2:$Y$51,"<"&K20),IF(J20="男白",COUNTIF($Z$2:$Z$51,"<"&K20),IF(J20="女赤",COUNTIF($AH$2:$AH$51,"<"&K20),COUNTIF($AI$2:$AI$51,"<"&K20))))+1) | AL20: =IF(AK20="","",IF(AK20=1,0,IF(J20="男赤",INDEX($Y$2:$Y$51,AK20-1),IF(J20="男白",INDEX($Z$2:$Z$51,AK20-1),IF(J20="女赤",INDEX($AH$2:$AH$51,AK20-1),INDEX($AI$2:$AI$51,AK20-1)))))) | AM20: =IF(AK20="","",IF(RIGHT(J20,1)="赤",K20-AL20,IF(LEFT(J20,1)="男",INDEX($W$2:$W$51,AK20),INDEX($AF$2:$AF$51,AK20))+K20-AL20)) | AN20: =IF(AK20="","",F20&AK20&"-"&AM20)
A21: =ROW()-1 | B21: =INT((A21-1)/37)+1 | C21: =MOD(A21-1,37)+1 | D21: =INDEX(①データ入力!$B$3:$Y$39,C21,(B21-1)*5+1)&"" | E21: =INDEX(①データ入力!$B$3:$Y$39,C21,(B21-1)*5+2)&"" | F21: =IF(OR(E21="1",E21="１",E21="男"),"男",IF(OR(E21="2",E21="２",E21="女"),"女","")) | G21: =INDEX(①データ入力!$B$3:$Y$39,C21,(B21-1)*5+3) | H21: =INDEX(①データ入力!$B$3:$Y$39,C21,(B21-1)*5+4)&"" | I21: =IF(LEFT(TRIM(H21),1)="赤","赤",IF(LEFT(TRIM(H21),1)="白","白","")) | J21: =IF(AND(D21<>"",F21<>"",I21<>"",ISNUMBER(G21)),F21&I21,"") | K21: =IF(J21="","",COUNTIFS($J$2:$J$186,J21,$G$2:$G$186,"<"&G21)+COUNTIFS($J$2:$J$186,J21,$G$2:$G$186,G21,$A$2:$A$186,"<"&A21)+1) | L21: =IF(J21="","",J21&K21) | M21: =B21&"組" | N21: =IF(AND(D21<>"",J21=""),1,0) | S21: 20 | T21: =IF(OR($Q$9=0,S21>$Q$9),0,INT($Q$8/$Q$9)+IF(S21<=MOD($Q$8,$Q$9),1,0)) | U21: =$Q$2-Y20 | V21: =$Q$3-Z20 | W21: =IF(T21=0,0,MIN(U21,MAX(IF(MOD(T21,2)=0,T21/2,IF(U21>=V21,(T21+1)/2,(T21-1)/2)),T21-V21))) | X21: =T21-W21 | Y21: =Y20+W21 | Z21: =Z20+X21 | AB21: 20 | AC21: =IF(OR($Q$11=0,AB21>$Q$11),0,INT($Q$10/$Q$11)+IF(AB21<=MOD($Q$10,$Q$11),1,0)) | AD21: =$Q$4-AH20 | AE21: =$Q$5-AI20 | AF21: =IF(AC21=0,0,MIN(AD21,MAX(IF(MOD(AC21,2)=0,AC21/2,IF(AD21>=AE21,(AC21+1)/2,(AC21-1)/2)),AC21-AE21))) | AG21: =AC21-AF21 | AH21: =AH20+AF21 | AI21: =AI20+AG21 | AK21: =IF(J21="","",IF(J21="男赤",COUNTIF($Y$2:$Y$51,"<"&K21),IF(J21="男白",COUNTIF($Z$2:$Z$51,"<"&K21),IF(J21="女赤",COUNTIF($AH$2:$AH$51,"<"&K21),COUNTIF($AI$2:$AI$51,"<"&K21))))+1) | AL21: =IF(AK21="","",IF(AK21=1,0,IF(J21="男赤",INDEX($Y$2:$Y$51,AK21-1),IF(J21="男白",INDEX($Z$2:$Z$51,AK21-1),IF(J21="女赤",INDEX($AH$2:$AH$51,AK21-1),INDEX($AI$2:$AI$51,AK21-1)))))) | AM21: =IF(AK21="","",IF(RIGHT(J21,1)="赤",K21-AL21,IF(LEFT(J21,1)="男",INDEX($W$2:$W$51,AK21),INDEX($AF$2:$AF$51,AK21))+K21-AL21)) | AN21: =IF(AK21="","",F21&AK21&"-"&AM21)
A22: =ROW()-1 | B22: =INT((A22-1)/37)+1 | C22: =MOD(A22-1,37)+1 | D22: =INDEX(①データ入力!$B$3:$Y$39,C22,(B22-1)*5+1)&"" | E22: =INDEX(①データ入力!$B$3:$Y$39,C22,(B22-1)*5+2)&"" | F22: =IF(OR(E22="1",E22="１",E22="男"),"男",IF(OR(E22="2",E22="２",E22="女"),"女","")) | G22: =INDEX(①データ入力!$B$3:$Y$39,C22,(B22-1)*5+3) | H22: =INDEX(①データ入力!$B$3:$Y$39,C22,(B22-1)*5+4)&"" | I22: =IF(LEFT(TRIM(H22),1)="赤","赤",IF(LEFT(TRIM(H22),1)="白","白","")) | J22: =IF(AND(D22<>"",F22<>"",I22<>"",ISNUMBER(G22)),F22&I22,"") | K22: =IF(J22="","",COUNTIFS($J$2:$J$186,J22,$G$2:$G$186,"<"&G22)+COUNTIFS($J$2:$J$186,J22,$G$2:$G$186,G22,$A$2:$A$186,"<"&A22)+1) | L22: =IF(J22="","",J22&K22) | M22: =B22&"組" | N22: =IF(AND(D22<>"",J22=""),1,0) | S22: 21 | T22: =IF(OR($Q$9=0,S22>$Q$9),0,INT($Q$8/$Q$9)+IF(S22<=MOD($Q$8,$Q$9),1,0)) | U22: =$Q$2-Y21 | V22: =$Q$3-Z21 | W22: =IF(T22=0,0,MIN(U22,MAX(IF(MOD(T22,2)=0,T22/2,IF(U22>=V22,(T22+1)/2,(T22-1)/2)),T22-V22))) | X22: =T22-W22 | Y22: =Y21+W22 | Z22: =Z21+X22 | AB22: 21 | AC22: =IF(OR($Q$11=0,AB22>$Q$11),0,INT($Q$10/$Q$11)+IF(AB22<=MOD($Q$10,$Q$11),1,0)) | AD22: =$Q$4-AH21 | AE22: =$Q$5-AI21 | AF22: =IF(AC22=0,0,MIN(AD22,MAX(IF(MOD(AC22,2)=0,AC22/2,IF(AD22>=AE22,(AC22+1)/2,(AC22-1)/2)),AC22-AE22))) | AG22: =AC22-AF22 | AH22: =AH21+AF22 | AI22: =AI21+AG22 | AK22: =IF(J22="","",IF(J22="男赤",COUNTIF($Y$2:$Y$51,"<"&K22),IF(J22="男白",COUNTIF($Z$2:$Z$51,"<"&K22),IF(J22="女赤",COUNTIF($AH$2:$AH$51,"<"&K22),COUNTIF($AI$2:$AI$51,"<"&K22))))+1) | AL22: =IF(AK22="","",IF(AK22=1,0,IF(J22="男赤",INDEX($Y$2:$Y$51,AK22-1),IF(J22="男白",INDEX($Z$2:$Z$51,AK22-1),IF(J22="女赤",INDEX($AH$2:$AH$51,AK22-1),INDEX($AI$2:$AI$51,AK22-1)))))) | AM22: =IF(AK22="","",IF(RIGHT(J22,1)="赤",K22-AL22,IF(LEFT(J22,1)="男",INDEX($W$2:$W$51,AK22),INDEX($AF$2:$AF$51,AK22))+K22-AL22)) | AN22: =IF(AK22="","",F22&AK22&"-"&AM22)
A23: =ROW()-1 | B23: =INT((A23-1)/37)+1 | C23: =MOD(A23-1,37)+1 | D23: =INDEX(①データ入力!$B$3:$Y$39,C23,(B23-1)*5+1)&"" | E23: =INDEX(①データ入力!$B$3:$Y$39,C23,(B23-1)*5+2)&"" | F23: =IF(OR(E23="1",E23="１",E23="男"),"男",IF(OR(E23="2",E23="２",E23="女"),"女","")) | G23: =INDEX(①データ入力!$B$3:$Y$39,C23,(B23-1)*5+3) | H23: =INDEX(①データ入力!$B$3:$Y$39,C23,(B23-1)*5+4)&"" | I23: =IF(LEFT(TRIM(H23),1)="赤","赤",IF(LEFT(TRIM(H23),1)="白","白","")) | J23: =IF(AND(D23<>"",F23<>"",I23<>"",ISNUMBER(G23)),F23&I23,"") | K23: =IF(J23="","",COUNTIFS($J$2:$J$186,J23,$G$2:$G$186,"<"&G23)+COUNTIFS($J$2:$J$186,J23,$G$2:$G$186,G23,$A$2:$A$186,"<"&A23)+1) | L23: =IF(J23="","",J23&K23) | M23: =B23&"組" | N23: =IF(AND(D23<>"",J23=""),1,0) | S23: 22 | T23: =IF(OR($Q$9=0,S23>$Q$9),0,INT($Q$8/$Q$9)+IF(S23<=MOD($Q$8,$Q$9),1,0)) | U23: =$Q$2-Y22 | V23: =$Q$3-Z22 | W23: =IF(T23=0,0,MIN(U23,MAX(IF(MOD(T23,2)=0,T23/2,IF(U23>=V23,(T23+1)/2,(T23-1)/2)),T23-V23))) | X23: =T23-W23 | Y23: =Y22+W23 | Z23: =Z22+X23 | AB23: 22 | AC23: =IF(OR($Q$11=0,AB23>$Q$11),0,INT($Q$10/$Q$11)+IF(AB23<=MOD($Q$10,$Q$11),1,0)) | AD23: =$Q$4-AH22 | AE23: =$Q$5-AI22 | AF23: =IF(AC23=0,0,MIN(AD23,MAX(IF(MOD(AC23,2)=0,AC23/2,IF(AD23>=AE23,(AC23+1)/2,(AC23-1)/2)),AC23-AE23))) | AG23: =AC23-AF23 | AH23: =AH22+AF23 | AI23: =AI22+AG23 | AK23: =IF(J23="","",IF(J23="男赤",COUNTIF($Y$2:$Y$51,"<"&K23),IF(J23="男白",COUNTIF($Z$2:$Z$51,"<"&K23),IF(J23="女赤",COUNTIF($AH$2:$AH$51,"<"&K23),COUNTIF($AI$2:$AI$51,"<"&K23))))+1) | AL23: =IF(AK23="","",IF(AK23=1,0,IF(J23="男赤",INDEX($Y$2:$Y$51,AK23-1),IF(J23="男白",INDEX($Z$2:$Z$51,AK23-1),IF(J23="女赤",INDEX($AH$2:$AH$51,AK23-1),INDEX($AI$2:$AI$51,AK23-1)))))) | AM23: =IF(AK23="","",IF(RIGHT(J23,1)="赤",K23-AL23,IF(LEFT(J23,1)="男",INDEX($W$2:$W$51,AK23),INDEX($AF$2:$AF$51,AK23))+K23-AL23)) | AN23: =IF(AK23="","",F23&AK23&"-"&AM23)
... A51: =ROW()-1 | B51: =INT((A51-1)/37)+1 | C51: =MOD(A51-1,37)+1 | D51: =INDEX(①データ入力!$B$3:$Y$39,C51,(B51-1)*5+1)&"" | E51: =INDEX(①データ入力!$B$3:$Y$39,C51,(B51-1)*5+2)&"" | F51: =IF(OR(E51="1",E51="１",E51="男"),"男",IF(OR(E51="2",E51="２",E51="女"),"女","")) | G51: =INDEX(①データ入力!$B$3:$Y$39,C51,(B51-1)*5+3) | H51: =INDEX(①データ入力!$B$3:$Y$39,C51,(B51-1)*5+4)&"" | I51: =IF(LEFT(TRIM(H51),1)="赤","赤",IF(LEFT(TRIM(H51),1)="白","白","")) | J51: =IF(AND(D51<>"",F51<>"",I51<>"",ISNUMBER(G51)),F51&I51,"") | K51: =IF(J51="","",COUNTIFS($J$2:$J$186,J51,$G$2:$G$186,"<"&G51)+COUNTIFS($J$2:$J$186,J51,$G$2:$G$186,G51,$A$2:$A$186,"<"&A51)+1) | L51: =IF(J51="","",J51&K51) | M51: =B51&"組" | N51: =IF(AND(D51<>"",J51=""),1,0) | S51: 50 | T51: =IF(OR($Q$9=0,S51>$Q$9),0,INT($Q$8/$Q$9)+IF(S51<=MOD($Q$8,$Q$9),1,0)) | U51: =$Q$2-Y50 | V51: =$Q$3-Z50 | W51: =IF(T51=0,0,MIN(U51,MAX(IF(MOD(T51,2)=0,T51/2,IF(U51>=V51,(T51+1)/2,(T51-1)/2)),T51-V51))) | X51: =T51-W51 | Y51: =Y50+W51 | Z51: =Z50+X51 | AB51: 50 | AC51: =IF(OR($Q$11=0,AB51>$Q$11),0,INT($Q$10/$Q$11)+IF(AB51<=MOD($Q$10,$Q$11),1,0)) | AD51: =$Q$4-AH50 | AE51: =$Q$5-AI50 | AF51: =IF(AC51=0,0,MIN(AD51,MAX(IF(MOD(AC51,2)=0,AC51/2,IF(AD51>=AE51,(AC51+1)/2,(AC51-1)/2)),AC51-AE51))) | AG51: =AC51-AF51 | AH51: =AH50+AF51 | AI51: =AI50+AG51 | AK51: =IF(J51="","",IF(J51="男赤",COUNTIF($Y$2:$Y$51,"<"&K51),IF(J51="男白",COUNTIF($Z$2:$Z$51,"<"&K51),IF(J51="女赤",COUNTIF($AH$2:$AH$51,"<"&K51),COUNTIF($AI$2:$AI$51,"<"&K51))))+1) | AL51: =IF(AK51="","",IF(AK51=1,0,IF(J51="男赤",INDEX($Y$2:$Y$51,AK51-1),IF(J51="男白",INDEX($Z$2:$Z$51,AK51-1),IF(J51="女赤",INDEX($AH$2:$AH$51,AK51-1),INDEX($AI$2:$AI$51,AK51-1)))))) | AM51: =IF(AK51="","",IF(RIGHT(J51,1)="赤",K51-AL51,IF(LEFT(J51,1)="男",INDEX($W$2:$W$51,AK51),INDEX($AF$2:$AF$51,AK51))+K51-AL51)) | AN51: =IF(AK51="","",F51&AK51&"-"&AM51)
A52: =ROW()-1 | B52: =INT((A52-1)/37)+1 | C52: =MOD(A52-1,37)+1 | D52: =INDEX(①データ入力!$B$3:$Y$39,C52,(B52-1)*5+1)&"" | E52: =INDEX(①データ入力!$B$3:$Y$39,C52,(B52-1)*5+2)&"" | F52: =IF(OR(E52="1",E52="１",E52="男"),"男",IF(OR(E52="2",E52="２",E52="女"),"女","")) | G52: =INDEX(①データ入力!$B$3:$Y$39,C52,(B52-1)*5+3) | H52: =INDEX(①データ入力!$B$3:$Y$39,C52,(B52-1)*5+4)&"" | I52: =IF(LEFT(TRIM(H52),1)="赤","赤",IF(LEFT(TRIM(H52),1)="白","白","")) | J52: =IF(AND(D52<>"",F52<>"",I52<>"",ISNUMBER(G52)),F52&I52,"") | K52: =IF(J52="","",COUNTIFS($J$2:$J$186,J52,$G$2:$G$186,"<"&G52)+COUNTIFS($J$2:$J$186,J52,$G$2:$G$186,G52,$A$2:$A$186,"<"&A52)+1) | L52: =IF(J52="","",J52&K52) | M52: =B52&"組" | N52: =IF(AND(D52<>"",J52=""),1,0) | AK52: =IF(J52="","",IF(J52="男赤",COUNTIF($Y$2:$Y$51,"<"&K52),IF(J52="男白",COUNTIF($Z$2:$Z$51,"<"&K52),IF(J52="女赤",COUNTIF($AH$2:$AH$51,"<"&K52),COUNTIF($AI$2:$AI$51,"<"&K52))))+1) | AL52: =IF(AK52="","",IF(AK52=1,0,IF(J52="男赤",INDEX($Y$2:$Y$51,AK52-1),IF(J52="男白",INDEX($Z$2:$Z$51,AK52-1),IF(J52="女赤",INDEX($AH$2:$AH$51,AK52-1),INDEX($AI$2:$AI$51,AK52-1)))))) | AM52: =IF(AK52="","",IF(RIGHT(J52,1)="赤",K52-AL52,IF(LEFT(J52,1)="男",INDEX($W$2:$W$51,AK52),INDEX($AF$2:$AF$51,AK52))+K52-AL52)) | AN52: =IF(AK52="","",F52&AK52&"-"&AM52)
A53: =ROW()-1 | B53: =INT((A53-1)/37)+1 | C53: =MOD(A53-1,37)+1 | D53: =INDEX(①データ入力!$B$3:$Y$39,C53,(B53-1)*5+1)&"" | E53: =INDEX(①データ入力!$B$3:$Y$39,C53,(B53-1)*5+2)&"" | F53: =IF(OR(E53="1",E53="１",E53="男"),"男",IF(OR(E53="2",E53="２",E53="女"),"女","")) | G53: =INDEX(①データ入力!$B$3:$Y$39,C53,(B53-1)*5+3) | H53: =INDEX(①データ入力!$B$3:$Y$39,C53,(B53-1)*5+4)&"" | I53: =IF(LEFT(TRIM(H53),1)="赤","赤",IF(LEFT(TRIM(H53),1)="白","白","")) | J53: =IF(AND(D53<>"",F53<>"",I53<>"",ISNUMBER(G53)),F53&I53,"") | K53: =IF(J53="","",COUNTIFS($J$2:$J$186,J53,$G$2:$G$186,"<"&G53)+COUNTIFS($J$2:$J$186,J53,$G$2:$G$186,G53,$A$2:$A$186,"<"&A53)+1) | L53: =IF(J53="","",J53&K53) | M53: =B53&"組" | N53: =IF(AND(D53<>"",J53=""),1,0) | AK53: =IF(J53="","",IF(J53="男赤",COUNTIF($Y$2:$Y$51,"<"&K53),IF(J53="男白",COUNTIF($Z$2:$Z$51,"<"&K53),IF(J53="女赤",COUNTIF($AH$2:$AH$51,"<"&K53),COUNTIF($AI$2:$AI$51,"<"&K53))))+1) | AL53: =IF(AK53="","",IF(AK53=1,0,IF(J53="男赤",INDEX($Y$2:$Y$51,AK53-1),IF(J53="男白",INDEX($Z$2:$Z$51,AK53-1),IF(J53="女赤",INDEX($AH$2:$AH$51,AK53-1),INDEX($AI$2:$AI$51,AK53-1)))))) | AM53: =IF(AK53="","",IF(RIGHT(J53,1)="赤",K53-AL53,IF(LEFT(J53,1)="男",INDEX($W$2:$W$51,AK53),INDEX($AF$2:$AF$51,AK53))+K53-AL53)) | AN53: =IF(AK53="","",F53&AK53&"-"&AM53)
A54: =ROW()-1 | B54: =INT((A54-1)/37)+1 | C54: =MOD(A54-1,37)+1 | D54: =INDEX(①データ入力!$B$3:$Y$39,C54,(B54-1)*5+1)&"" | E54: =INDEX(①データ入力!$B$3:$Y$39,C54,(B54-1)*5+2)&"" | F54: =IF(OR(E54="1",E54="１",E54="男"),"男",IF(OR(E54="2",E54="２",E54="女"),"女","")) | G54: =INDEX(①データ入力!$B$3:$Y$39,C54,(B54-1)*5+3) | H54: =INDEX(①データ入力!$B$3:$Y$39,C54,(B54-1)*5+4)&"" | I54: =IF(LEFT(TRIM(H54),1)="赤","赤",IF(LEFT(TRIM(H54),1)="白","白","")) | J54: =IF(AND(D54<>"",F54<>"",I54<>"",ISNUMBER(G54)),F54&I54,"") | K54: =IF(J54="","",COUNTIFS($J$2:$J$186,J54,$G$2:$G$186,"<"&G54)+COUNTIFS($J$2:$J$186,J54,$G$2:$G$186,G54,$A$2:$A$186,"<"&A54)+1) | L54: =IF(J54="","",J54&K54) | M54: =B54&"組" | N54: =IF(AND(D54<>"",J54=""),1,0) | AK54: =IF(J54="","",IF(J54="男赤",COUNTIF($Y$2:$Y$51,"<"&K54),IF(J54="男白",COUNTIF($Z$2:$Z$51,"<"&K54),IF(J54="女赤",COUNTIF($AH$2:$AH$51,"<"&K54),COUNTIF($AI$2:$AI$51,"<"&K54))))+1) | AL54: =IF(AK54="","",IF(AK54=1,0,IF(J54="男赤",INDEX($Y$2:$Y$51,AK54-1),IF(J54="男白",INDEX($Z$2:$Z$51,AK54-1),IF(J54="女赤",INDEX($AH$2:$AH$51,AK54-1),INDEX($AI$2:$AI$51,AK54-1)))))) | AM54: =IF(AK54="","",IF(RIGHT(J54,1)="赤",K54-AL54,IF(LEFT(J54,1)="男",INDEX($W$2:$W$51,AK54),INDEX($AF$2:$AF$51,AK54))+K54-AL54)) | AN54: =IF(AK54="","",F54&AK54&"-"&AM54)
A55: =ROW()-1 | B55: =INT((A55-1)/37)+1 | C55: =MOD(A55-1,37)+1 | D55: =INDEX(①データ入力!$B$3:$Y$39,C55,(B55-1)*5+1)&"" | E55: =INDEX(①データ入力!$B$3:$Y$39,C55,(B55-1)*5+2)&"" | F55: =IF(OR(E55="1",E55="１",E55="男"),"男",IF(OR(E55="2",E55="２",E55="女"),"女","")) | G55: =INDEX(①データ入力!$B$3:$Y$39,C55,(B55-1)*5+3) | H55: =INDEX(①データ入力!$B$3:$Y$39,C55,(B55-1)*5+4)&"" | I55: =IF(LEFT(TRIM(H55),1)="赤","赤",IF(LEFT(TRIM(H55),1)="白","白","")) | J55: =IF(AND(D55<>"",F55<>"",I55<>"",ISNUMBER(G55)),F55&I55,"") | K55: =IF(J55="","",COUNTIFS($J$2:$J$186,J55,$G$2:$G$186,"<"&G55)+COUNTIFS($J$2:$J$186,J55,$G$2:$G$186,G55,$A$2:$A$186,"<"&A55)+1) | L55: =IF(J55="","",J55&K55) | M55: =B55&"組" | N55: =IF(AND(D55<>"",J55=""),1,0) | AK55: =IF(J55="","",IF(J55="男赤",COUNTIF($Y$2:$Y$51,"<"&K55),IF(J55="男白",COUNTIF($Z$2:$Z$51,"<"&K55),IF(J55="女赤",COUNTIF($AH$2:$AH$51,"<"&K55),COUNTIF($AI$2:$AI$51,"<"&K55))))+1) | AL55: =IF(AK55="","",IF(AK55=1,0,IF(J55="男赤",INDEX($Y$2:$Y$51,AK55-1),IF(J55="男白",INDEX($Z$2:$Z$51,AK55-1),IF(J55="女赤",INDEX($AH$2:$AH$51,AK55-1),INDEX($AI$2:$AI$51,AK55-1)))))) | AM55: =IF(AK55="","",IF(RIGHT(J55,1)="赤",K55-AL55,IF(LEFT(J55,1)="男",INDEX($W$2:$W$51,AK55),INDEX($AF$2:$AF$51,AK55))+K55-AL55)) | AN55: =IF(AK55="","",F55&AK55&"-"&AM55)
A56: =ROW()-1 | B56: =INT((A56-1)/37)+1 | C56: =MOD(A56-1,37)+1 | D56: =INDEX(①データ入力!$B$3:$Y$39,C56,(B56-1)*5+1)&"" | E56: =INDEX(①データ入力!$B$3:$Y$39,C56,(B56-1)*5+2)&"" | F56: =IF(OR(E56="1",E56="１",E56="男"),"男",IF(OR(E56="2",E56="２",E56="女"),"女","")) | G56: =INDEX(①データ入力!$B$3:$Y$39,C56,(B56-1)*5+3) | H56: =INDEX(①データ入力!$B$3:$Y$39,C56,(B56-1)*5+4)&"" | I56: =IF(LEFT(TRIM(H56),1)="赤","赤",IF(LEFT(TRIM(H56),1)="白","白","")) | J56: =IF(AND(D56<>"",F56<>"",I56<>"",ISNUMBER(G56)),F56&I56,"") | K56: =IF(J56="","",COUNTIFS($J$2:$J$186,J56,$G$2:$G$186,"<"&G56)+COUNTIFS($J$2:$J$186,J56,$G$2:$G$186,G56,$A$2:$A$186,"<"&A56)+1) | L56: =IF(J56="","",J56&K56) | M56: =B56&"組" | N56: =IF(AND(D56<>"",J56=""),1,0) | AK56: =IF(J56="","",IF(J56="男赤",COUNTIF($Y$2:$Y$51,"<"&K56),IF(J56="男白",COUNTIF($Z$2:$Z$51,"<"&K56),IF(J56="女赤",COUNTIF($AH$2:$AH$51,"<"&K56),COUNTIF($AI$2:$AI$51,"<"&K56))))+1) | AL56: =IF(AK56="","",IF(AK56=1,0,IF(J56="男赤",INDEX($Y$2:$Y$51,AK56-1),IF(J56="男白",INDEX($Z$2:$Z$51,AK56-1),IF(J56="女赤",INDEX($AH$2:$AH$51,AK56-1),INDEX($AI$2:$AI$51,AK56-1)))))) | AM56: =IF(AK56="","",IF(RIGHT(J56,1)="赤",K56-AL56,IF(LEFT(J56,1)="男",INDEX($W$2:$W$51,AK56),INDEX($AF$2:$AF$51,AK56))+K56-AL56)) | AN56: =IF(AK56="","",F56&AK56&"-"&AM56)
A57: =ROW()-1 | B57: =INT((A57-1)/37)+1 | C57: =MOD(A57-1,37)+1 | D57: =INDEX(①データ入力!$B$3:$Y$39,C57,(B57-1)*5+1)&"" | E57: =INDEX(①データ入力!$B$3:$Y$39,C57,(B57-1)*5+2)&"" | F57: =IF(OR(E57="1",E57="１",E57="男"),"男",IF(OR(E57="2",E57="２",E57="女"),"女","")) | G57: =INDEX(①データ入力!$B$3:$Y$39,C57,(B57-1)*5+3) | H57: =INDEX(①データ入力!$B$3:$Y$39,C57,(B57-1)*5+4)&"" | I57: =IF(LEFT(TRIM(H57),1)="赤","赤",IF(LEFT(TRIM(H57),1)="白","白","")) | J57: =IF(AND(D57<>"",F57<>"",I57<>"",ISNUMBER(G57)),F57&I57,"") | K57: =IF(J57="","",COUNTIFS($J$2:$J$186,J57,$G$2:$G$186,"<"&G57)+COUNTIFS($J$2:$J$186,J57,$G$2:$G$186,G57,$A$2:$A$186,"<"&A57)+1) | L57: =IF(J57="","",J57&K57) | M57: =B57&"組" | N57: =IF(AND(D57<>"",J57=""),1,0) | AK57: =IF(J57="","",IF(J57="男赤",COUNTIF($Y$2:$Y$51,"<"&K57),IF(J57="男白",COUNTIF($Z$2:$Z$51,"<"&K57),IF(J57="女赤",COUNTIF($AH$2:$AH$51,"<"&K57),COUNTIF($AI$2:$AI$51,"<"&K57))))+1) | AL57: =IF(AK57="","",IF(AK57=1,0,IF(J57="男赤",INDEX($Y$2:$Y$51,AK57-1),IF(J57="男白",INDEX($Z$2:$Z$51,AK57-1),IF(J57="女赤",INDEX($AH$2:$AH$51,AK57-1),INDEX($AI$2:$AI$51,AK57-1)))))) | AM57: =IF(AK57="","",IF(RIGHT(J57,1)="赤",K57-AL57,IF(LEFT(J57,1)="男",INDEX($W$2:$W$51,AK57),INDEX($AF$2:$AF$51,AK57))+K57-AL57)) | AN57: =IF(AK57="","",F57&AK57&"-"&AM57)
A58: =ROW()-1 | B58: =INT((A58-1)/37)+1 | C58: =MOD(A58-1,37)+1 | D58: =INDEX(①データ入力!$B$3:$Y$39,C58,(B58-1)*5+1)&"" | E58: =INDEX(①データ入力!$B$3:$Y$39,C58,(B58-1)*5+2)&"" | F58: =IF(OR(E58="1",E58="１",E58="男"),"男",IF(OR(E58="2",E58="２",E58="女"),"女","")) | G58: =INDEX(①データ入力!$B$3:$Y$39,C58,(B58-1)*5+3) | H58: =INDEX(①データ入力!$B$3:$Y$39,C58,(B58-1)*5+4)&"" | I58: =IF(LEFT(TRIM(H58),1)="赤","赤",IF(LEFT(TRIM(H58),1)="白","白","")) | J58: =IF(AND(D58<>"",F58<>"",I58<>"",ISNUMBER(G58)),F58&I58,"") | K58: =IF(J58="","",COUNTIFS($J$2:$J$186,J58,$G$2:$G$186,"<"&G58)+COUNTIFS($J$2:$J$186,J58,$G$2:$G$186,G58,$A$2:$A$186,"<"&A58)+1) | L58: =IF(J58="","",J58&K58) | M58: =B58&"組" | N58: =IF(AND(D58<>"",J58=""),1,0) | AK58: =IF(J58="","",IF(J58="男赤",COUNTIF($Y$2:$Y$51,"<"&K58),IF(J58="男白",COUNTIF($Z$2:$Z$51,"<"&K58),IF(J58="女赤",COUNTIF($AH$2:$AH$51,"<"&K58),COUNTIF($AI$2:$AI$51,"<"&K58))))+1) | AL58: =IF(AK58="","",IF(AK58=1,0,IF(J58="男赤",INDEX($Y$2:$Y$51,AK58-1),IF(J58="男白",INDEX($Z$2:$Z$51,AK58-1),IF(J58="女赤",INDEX($AH$2:$AH$51,AK58-1),INDEX($AI$2:$AI$51,AK58-1)))))) | AM58: =IF(AK58="","",IF(RIGHT(J58,1)="赤",K58-AL58,IF(LEFT(J58,1)="男",INDEX($W$2:$W$51,AK58),INDEX($AF$2:$AF$51,AK58))+K58-AL58)) | AN58: =IF(AK58="","",F58&AK58&"-"&AM58)
A59: =ROW()-1 | B59: =INT((A59-1)/37)+1 | C59: =MOD(A59-1,37)+1 | D59: =INDEX(①データ入力!$B$3:$Y$39,C59,(B59-1)*5+1)&"" | E59: =INDEX(①データ入力!$B$3:$Y$39,C59,(B59-1)*5+2)&"" | F59: =IF(OR(E59="1",E59="１",E59="男"),"男",IF(OR(E59="2",E59="２",E59="女"),"女","")) | G59: =INDEX(①データ入力!$B$3:$Y$39,C59,(B59-1)*5+3) | H59: =INDEX(①データ入力!$B$3:$Y$39,C59,(B59-1)*5+4)&"" | I59: =IF(LEFT(TRIM(H59),1)="赤","赤",IF(LEFT(TRIM(H59),1)="白","白","")) | J59: =IF(AND(D59<>"",F59<>"",I59<>"",ISNUMBER(G59)),F59&I59,"") | K59: =IF(J59="","",COUNTIFS($J$2:$J$186,J59,$G$2:$G$186,"<"&G59)+COUNTIFS($J$2:$J$186,J59,$G$2:$G$186,G59,$A$2:$A$186,"<"&A59)+1) | L59: =IF(J59="","",J59&K59) | M59: =B59&"組" | N59: =IF(AND(D59<>"",J59=""),1,0) | AK59: =IF(J59="","",IF(J59="男赤",COUNTIF($Y$2:$Y$51,"<"&K59),IF(J59="男白",COUNTIF($Z$2:$Z$51,"<"&K59),IF(J59="女赤",COUNTIF($AH$2:$AH$51,"<"&K59),COUNTIF($AI$2:$AI$51,"<"&K59))))+1) | AL59: =IF(AK59="","",IF(AK59=1,0,IF(J59="男赤",INDEX($Y$2:$Y$51,AK59-1),IF(J59="男白",INDEX($Z$2:$Z$51,AK59-1),IF(J59="女赤",INDEX($AH$2:$AH$51,AK59-1),INDEX($AI$2:$AI$51,AK59-1)))))) | AM59: =IF(AK59="","",IF(RIGHT(J59,1)="赤",K59-AL59,IF(LEFT(J59,1)="男",INDEX($W$2:$W$51,AK59),INDEX($AF$2:$AF$51,AK59))+K59-AL59)) | AN59: =IF(AK59="","",F59&AK59&"-"&AM59)
A60: =ROW()-1 | B60: =INT((A60-1)/37)+1 | C60: =MOD(A60-1,37)+1 | D60: =INDEX(①データ入力!$B$3:$Y$39,C60,(B60-1)*5+1)&"" | E60: =INDEX(①データ入力!$B$3:$Y$39,C60,(B60-1)*5+2)&"" | F60: =IF(OR(E60="1",E60="１",E60="男"),"男",IF(OR(E60="2",E60="２",E60="女"),"女","")) | G60: =INDEX(①データ入力!$B$3:$Y$39,C60,(B60-1)*5+3) | H60: =INDEX(①データ入力!$B$3:$Y$39,C60,(B60-1)*5+4)&"" | I60: =IF(LEFT(TRIM(H60),1)="赤","赤",IF(LEFT(TRIM(H60),1)="白","白","")) | J60: =IF(AND(D60<>"",F60<>"",I60<>"",ISNUMBER(G60)),F60&I60,"") | K60: =IF(J60="","",COUNTIFS($J$2:$J$186,J60,$G$2:$G$186,"<"&G60)+COUNTIFS($J$2:$J$186,J60,$G$2:$G$186,G60,$A$2:$A$186,"<"&A60)+1) | L60: =IF(J60="","",J60&K60) | M60: =B60&"組" | N60: =IF(AND(D60<>"",J60=""),1,0) | AK60: =IF(J60="","",IF(J60="男赤",COUNTIF($Y$2:$Y$51,"<"&K60),IF(J60="男白",COUNTIF($Z$2:$Z$51,"<"&K60),IF(J60="女赤",COUNTIF($AH$2:$AH$51,"<"&K60),COUNTIF($AI$2:$AI$51,"<"&K60))))+1) | AL60: =IF(AK60="","",IF(AK60=1,0,IF(J60="男赤",INDEX($Y$2:$Y$51,AK60-1),IF(J60="男白",INDEX($Z$2:$Z$51,AK60-1),IF(J60="女赤",INDEX($AH$2:$AH$51,AK60-1),INDEX($AI$2:$AI$51,AK60-1)))))) | AM60: =IF(AK60="","",IF(RIGHT(J60,1)="赤",K60-AL60,IF(LEFT(J60,1)="男",INDEX($W$2:$W$51,AK60),INDEX($AF$2:$AF$51,AK60))+K60-AL60)) | AN60: =IF(AK60="","",F60&AK60&"-"&AM60)
A61: =ROW()-1 | B61: =INT((A61-1)/37)+1 | C61: =MOD(A61-1,37)+1 | D61: =INDEX(①データ入力!$B$3:$Y$39,C61,(B61-1)*5+1)&"" | E61: =INDEX(①データ入力!$B$3:$Y$39,C61,(B61-1)*5+2)&"" | F61: =IF(OR(E61="1",E61="１",E61="男"),"男",IF(OR(E61="2",E61="２",E61="女"),"女","")) | G61: =INDEX(①データ入力!$B$3:$Y$39,C61,(B61-1)*5+3) | H61: =INDEX(①データ入力!$B$3:$Y$39,C61,(B61-1)*5+4)&"" | I61: =IF(LEFT(TRIM(H61),1)="赤","赤",IF(LEFT(TRIM(H61),1)="白","白","")) | J61: =IF(AND(D61<>"",F61<>"",I61<>"",ISNUMBER(G61)),F61&I61,"") | K61: =IF(J61="","",COUNTIFS($J$2:$J$186,J61,$G$2:$G$186,"<"&G61)+COUNTIFS($J$2:$J$186,J61,$G$2:$G$186,G61,$A$2:$A$186,"<"&A61)+1) | L61: =IF(J61="","",J61&K61) | M61: =B61&"組" | N61: =IF(AND(D61<>"",J61=""),1,0) | AK61: =IF(J61="","",IF(J61="男赤",COUNTIF($Y$2:$Y$51,"<"&K61),IF(J61="男白",COUNTIF($Z$2:$Z$51,"<"&K61),IF(J61="女赤",COUNTIF($AH$2:$AH$51,"<"&K61),COUNTIF($AI$2:$AI$51,"<"&K61))))+1) | AL61: =IF(AK61="","",IF(AK61=1,0,IF(J61="男赤",INDEX($Y$2:$Y$51,AK61-1),IF(J61="男白",INDEX($Z$2:$Z$51,AK61-1),IF(J61="女赤",INDEX($AH$2:$AH$51,AK61-1),INDEX($AI$2:$AI$51,AK61-1)))))) | AM61: =IF(AK61="","",IF(RIGHT(J61,1)="赤",K61-AL61,IF(LEFT(J61,1)="男",INDEX($W$2:$W$51,AK61),INDEX($AF$2:$AF$51,AK61))+K61-AL61)) | AN61: =IF(AK61="","",F61&AK61&"-"&AM61)
A62: =ROW()-1 | B62: =INT((A62-1)/37)+1 | C62: =MOD(A62-1,37)+1 | D62: =INDEX(①データ入力!$B$3:$Y$39,C62,(B62-1)*5+1)&"" | E62: =INDEX(①データ入力!$B$3:$Y$39,C62,(B62-1)*5+2)&"" | F62: =IF(OR(E62="1",E62="１",E62="男"),"男",IF(OR(E62="2",E62="２",E62="女"),"女","")) | G62: =INDEX(①データ入力!$B$3:$Y$39,C62,(B62-1)*5+3) | H62: =INDEX(①データ入力!$B$3:$Y$39,C62,(B62-1)*5+4)&"" | I62: =IF(LEFT(TRIM(H62),1)="赤","赤",IF(LEFT(TRIM(H62),1)="白","白","")) | J62: =IF(AND(D62<>"",F62<>"",I62<>"",ISNUMBER(G62)),F62&I62,"") | K62: =IF(J62="","",COUNTIFS($J$2:$J$186,J62,$G$2:$G$186,"<"&G62)+COUNTIFS($J$2:$J$186,J62,$G$2:$G$186,G62,$A$2:$A$186,"<"&A62)+1) | L62: =IF(J62="","",J62&K62) | M62: =B62&"組" | N62: =IF(AND(D62<>"",J62=""),1,0) | AK62: =IF(J62="","",IF(J62="男赤",COUNTIF($Y$2:$Y$51,"<"&K62),IF(J62="男白",COUNTIF($Z$2:$Z$51,"<"&K62),IF(J62="女赤",COUNTIF($AH$2:$AH$51,"<"&K62),COUNTIF($AI$2:$AI$51,"<"&K62))))+1) | AL62: =IF(AK62="","",IF(AK62=1,0,IF(J62="男赤",INDEX($Y$2:$Y$51,AK62-1),IF(J62="男白",INDEX($Z$2:$Z$51,AK62-1),IF(J62="女赤",INDEX($AH$2:$AH$51,AK62-1),INDEX($AI$2:$AI$51,AK62-1)))))) | AM62: =IF(AK62="","",IF(RIGHT(J62,1)="赤",K62-AL62,IF(LEFT(J62,1)="男",INDEX($W$2:$W$51,AK62),INDEX($AF$2:$AF$51,AK62))+K62-AL62)) | AN62: =IF(AK62="","",F62&AK62&"-"&AM62)
A63: =ROW()-1 | B63: =INT((A63-1)/37)+1 | C63: =MOD(A63-1,37)+1 | D63: =INDEX(①データ入力!$B$3:$Y$39,C63,(B63-1)*5+1)&"" | E63: =INDEX(①データ入力!$B$3:$Y$39,C63,(B63-1)*5+2)&"" | F63: =IF(OR(E63="1",E63="１",E63="男"),"男",IF(OR(E63="2",E63="２",E63="女"),"女","")) | G63: =INDEX(①データ入力!$B$3:$Y$39,C63,(B63-1)*5+3) | H63: =INDEX(①データ入力!$B$3:$Y$39,C63,(B63-1)*5+4)&"" | I63: =IF(LEFT(TRIM(H63),1)="赤","赤",IF(LEFT(TRIM(H63),1)="白","白","")) | J63: =IF(AND(D63<>"",F63<>"",I63<>"",ISNUMBER(G63)),F63&I63,"") | K63: =IF(J63="","",COUNTIFS($J$2:$J$186,J63,$G$2:$G$186,"<"&G63)+COUNTIFS($J$2:$J$186,J63,$G$2:$G$186,G63,$A$2:$A$186,"<"&A63)+1) | L63: =IF(J63="","",J63&K63) | M63: =B63&"組" | N63: =IF(AND(D63<>"",J63=""),1,0) | AK63: =IF(J63="","",IF(J63="男赤",COUNTIF($Y$2:$Y$51,"<"&K63),IF(J63="男白",COUNTIF($Z$2:$Z$51,"<"&K63),IF(J63="女赤",COUNTIF($AH$2:$AH$51,"<"&K63),COUNTIF($AI$2:$AI$51,"<"&K63))))+1) | AL63: =IF(AK63="","",IF(AK63=1,0,IF(J63="男赤",INDEX($Y$2:$Y$51,AK63-1),IF(J63="男白",INDEX($Z$2:$Z$51,AK63-1),IF(J63="女赤",INDEX($AH$2:$AH$51,AK63-1),INDEX($AI$2:$AI$51,AK63-1)))))) | AM63: =IF(AK63="","",IF(RIGHT(J63,1)="赤",K63-AL63,IF(LEFT(J63,1)="男",INDEX($W$2:$W$51,AK63),INDEX($AF$2:$AF$51,AK63))+K63-AL63)) | AN63: =IF(AK63="","",F63&AK63&"-"&AM63)
... A186: =ROW()-1 | B186: =INT((A186-1)/37)+1 | C186: =MOD(A186-1,37)+1 | D186: =INDEX(①データ入力!$B$3:$Y$39,C186,(B186-1)*5+1)&"" | E186: =INDEX(①データ入力!$B$3:$Y$39,C186,(B186-1)*5+2)&"" | F186: =IF(OR(E186="1",E186="１",E186="男"),"男",IF(OR(E186="2",E186="２",E186="女"),"女","")) | G186: =INDEX(①データ入力!$B$3:$Y$39,C186,(B186-1)*5+3) | H186: =INDEX(①データ入力!$B$3:$Y$39,C186,(B186-1)*5+4)&"" | I186: =IF(LEFT(TRIM(H186),1)="赤","赤",IF(LEFT(TRIM(H186),1)="白","白","")) | J186: =IF(AND(D186<>"",F186<>"",I186<>"",ISNUMBER(G186)),F186&I186,"") | K186: =IF(J186="","",COUNTIFS($J$2:$J$186,J186,$G$2:$G$186,"<"&G186)+COUNTIFS($J$2:$J$186,J186,$G$2:$G$186,G186,$A$2:$A$186,"<"&A186)+1) | L186: =IF(J186="","",J186&K186) | M186: =B186&"組" | N186: =IF(AND(D186<>"",J186=""),1,0) | AK186: =IF(J186="","",IF(J186="男赤",COUNTIF($Y$2:$Y$51,"<"&K186),IF(J186="男白",COUNTIF($Z$2:$Z$51,"<"&K186),IF(J186="女赤",COUNTIF($AH$2:$AH$51,"<"&K186),COUNTIF($AI$2:$AI$51,"<"&K186))))+1) | AL186: =IF(AK186="","",IF(AK186=1,0,IF(J186="男赤",INDEX($Y$2:$Y$51,AK186-1),IF(J186="男白",INDEX($Z$2:$Z$51,AK186-1),IF(J186="女赤",INDEX($AH$2:$AH$51,AK186-1),INDEX($AI$2:$AI$51,AK186-1)))))) | AM186: =IF(AK186="","",IF(RIGHT(J186,1)="赤",K186-AL186,IF(LEFT(J186,1)="男",INDEX($W$2:$W$51,AK186),INDEX($AF$2:$AF$51,AK186))+K186-AL186)) | AN186: =IF(AK186="","",F186&AK186&"-"&AM186)
