Workbook

Sheet ①データ入力
I1: 名簿から名前をコピペして使ってください。３年生以上は性別欄を記入しないと動きません。タイムまで入力したら②のシートへ
A2: No. | B2: 1組 名前 | C2: 性別 (1=男子 2=女子) | D2: タイム (1/100秒) | E2: 赤or白 | G2: 2組 名前 | H2: 性別 (1=男子 2=女子) | I2: タイム (1/100秒) | J2: 赤or白 | L2: 3組 名前 | M2: 性別 (1=男子 2=女子) | N2: タイム (1/100秒) | O2: 赤or白 | Q2: 4組 名前 | R2: 性別 (1=男子 2=女子) | S2: タイム (1/100秒) | T2: 赤or白 | V2: 5組 名前 | W2: 性別 (1=男子 2=女子) | X2: タイム (1/100秒) | Y2: 赤or白
A3: 1
A4: 2
A5: 3
A6: 4
A7: 5
A8: 6
A9: 7
A10: 8
A11: 9
A12: 10
A13: 11
A14: 12
... A39: 37

Sheet 組ごとタイム順
A1: 男子 | J1: 女子 | S1: =IF(計算用!$Q$6>0,"※名前はあるのに性別・タイム・赤白のどれかが未入力で、表に出ていない人が"&計算用!$Q$6&"人います","")
B2: 赤組 | F2: 白組 | K2: 赤組 | O2: 白組
B3: 名前 | C3: クラス | D3: タイム | F3: 名前 | G3: クラス | H3: タイム | K3: 名前 | L3: クラス | M3: タイム | O3: 名前 | P3: クラス | Q3: タイム
A4: =IF(ROW()-3<=MAX(計算用!$Q$2,計算用!$Q$3),ROW()-3,"") | B4: =IFERROR(INDEX(計算用!$D$2:$D$186,MATCH("男赤"&$A4,計算用!$L$2:$L$186,0)),"") | C4: =IFERROR(INDEX(計算用!$M$2:$M$186,MATCH("男赤"&$A4,計算用!$L$2:$L$186,0)),"") | D4: =IFERROR(INDEX(計算用!$G$2:$G$186,MATCH("男赤"&$A4,計算用!$L$2:$L$186,0)),"") | F4: =IFERROR(INDEX(計算用!$D$2:$D$186,MATCH("男白"&$A4,計算用!$L$2:$L$186,0)),"") | G4: =IFERROR(INDEX(計算用!$M$2:$M$186,MATCH("男白"&$A4,計算用!$L$2:$L$186,0)),"") | H4: =IFERROR(INDEX(計算用!$G$2:$G$186,MATCH("男白"&$A4,計算用!$L$2:$L$186,0)),"") | J4: =IF(ROW()-3<=MAX(計算用!$Q$4,計算用!$Q$5),ROW()-3,"") | K4: =IFERROR(INDEX(計算用!$D$2:$D$186,MATCH("女赤"&$J4,計算用!$L$2:$L$186,0)),"") | L4: =IFERROR(INDEX(計算用!$M$2:$M$186,MATCH("女赤"&$J4,計算用!$L$2:$L$186,0)),"") | M4: =IFERROR(INDEX(計算用!$G$2:$G$186,MATCH("女赤"&$J4,計算用!$L$2:$L$186,0)),"") | O4: =IFERROR(INDEX(計算用!$D$2:$D$186,MATCH("女白"&$J4,計算用!$L$2:$L$186,0)),"") | P4: =IFERROR(INDEX(計算用!$M$2:$M$186,MATCH("女白"&$J4,計算用!$L$2:$L$186,0)),"") | Q4: =IFERROR(INDEX(計算用!$G$2:$G$186,MATCH("女白"&$J4,計算用!$L$2:$L$186,0)),"")
A5: =IF(ROW()-3<=MAX(計算用!$Q$2,計算用!$Q$3),ROW()-3,"") | B5: =IFERROR(INDEX(計算用!$D$2:$D$186,MATCH("男赤"&$A5,計算用!$L$2:$L$186,0)),"") | C5: =IFERROR(INDEX(計算用!$M$2:$M$186,MATCH("男赤"&$A5,計算用!$L$2:$L$186,0)),"") | D5: =IFERROR(INDEX(計算用!$G$2:$G$186,MATCH("男赤"&$A5,計算用!$L$2:$L$186,0)),"") | F5: =IFERROR(INDEX(計算用!$D$2:$D$186,MATCH("男白"&$A5,計算用!$L$2:$L$186,0)),"") | G5: =IFERROR(INDEX(計算用!$M$2:$M$186,MATCH("男白"&$A5,計算用!$L$2:$L$186,0)),"") | H5: =IFERROR(INDEX(計算用!$G$2:$G$186,MATCH("男白"&$A5,計算用!$L$2:$L$186,0)),"") | J5: =IF(ROW()-3<=MAX(計算用!$Q$4,計算用!$Q$5),ROW()-3,"") | K5: =IFERROR(INDEX(計算用!$D$2:$D$186,MATCH("女赤"&$J5,計算用!$L$2:$L$186,0)),"") | L5: =IFERROR(INDEX(計算用!$M$2:$M$186,MATCH("女赤"&$J5,計算用!$L$2:$L$186,0)),"") | M5: =IFERROR(INDEX(計算用!$G$2:$G$186,MATCH("女赤"&$J5,計算用!$L$2:$L$186,0)),"") | O5: =IFERROR(INDEX(計算用!$D$2:$D$186,MATCH("女白"&$J5,計算用!$L$2:$L$186,0)),"") | P5: =IFERROR(INDEX(計算用!$M$2:$M$186,MATCH("女白"&$J5,計算用!$L$2:$L$186,0)),"") | Q5: =IFERROR(INDEX(計算用!$G$2:$G$186,MATCH("女白"&$J5,計算用!$L$2:$L$186,0)),"")
A6: =IF(ROW()-3<=MAX(計算用!$Q$2,計算用!$Q$3),ROW()-3,"") | B6: =IFERROR(INDEX(計算用!$D$2:$D$186,MATCH("男赤"&$A6,計算用!$L$2:$L$186,0)),"") | C6: =IFERROR(INDEX(計算用!$M$2:$M$186,MATCH("男赤"&$A6,計算用!$L$2:$L$186,0)),"") | D6: =IFERROR(INDEX(計算用!$G$2:$G$186,MATCH("男赤"&$A6,計算用!$L$2:$L$186,0)),"") | F6: =IFERROR(INDEX(計算用!$D$2:$D$186,MATCH("男白"&$A6,計算用!$L$2:$L$186,0)),"") | G6: =IFERROR(INDEX(計算用!$M$2:$M$186,MATCH("男白"&$A6,計算用!$L$2:$L$186,0)),"") | H6: =IFERROR(INDEX(計算用!$G$2:$G$186,MATCH("男白"&$A6,計算用!$L$2:$L$186,0)),"") | J6: =IF(ROW()-3<=MAX(計算用!$Q$4,計算用!$Q$5),ROW()-3,"") | K6: =IFERROR(INDEX(計算用!$D$2:$D$186,MATCH("女赤"&$J6,計算用!$L$2:$L$186,0)),"") | L6: =IFERROR(INDEX(計算用!$M$2:$M$186,MATCH("女赤"&$J6,計算用!$L$2:$L$186,0)),"") | M6: =IFERROR(INDEX(計算用!$G$2:$G$186,MATCH("女赤"&$J6,計算用!$L$2:$L$186,0)),"") | O6: =IFERROR(INDEX(計算用!$D$2:$D$186,MATCH("女白"&$J6,計算用!$L$2:$L$186,0)),"") | P6: =IFERROR(INDEX(計算用!$M$2:$M$186,MATCH("女白"&$J6,計算用!$L$2:$L$186,0)),"") | Q6: =IFERROR(INDEX(計算用!$G$2:$G$186,MATCH("女白"&$J6,計算用!$L$2:$L$186,0)),"")
A7: =IF(ROW()-3<=MAX(計算用!$Q$2,計算用!$Q$3),ROW()-3,"") | B7: =IFERROR(INDEX(計算用!$D$2:$D$186,MATCH("男赤"&$A7,計算用!$L$2:$L$186,0)),"") | C7: =IFERROR(INDEX(計算用!$M$2:$M$186,MATCH("男赤"&$A7,計算用!$L$2:$L$186,0)),"") | D7: =IFERROR(INDEX(計算用!$G$2:$G$186,MATCH("男赤"&$A7,計算用!$L$2:$L$186,0)),"") | F7: =IFERROR(INDEX(計算用!$D$2:$D$186,MATCH("男白"&$A7,計算用!$L$2:$L$186,0)),"") | G7: =IFERROR(INDEX(計算用!$M$2:$M$186,MATCH("男白"&$A7,計算用!$L$2:$L$186,0)),"") | H7: =IFERROR(INDEX(計算用!$G$2:$G$186,MATCH("男白"&$A7,計算用!$L$2:$L$186,0)),"") | J7: =IF(ROW()-3<=MAX(計算用!$Q$4,計算用!$Q$5),ROW()-3,"") | K7: =IFERROR(INDEX(計算用!$D$2:$D$186,MATCH("女赤"&$J7,計算用!$L$2:$L$186,0)),"") | L7: =IFERROR(INDEX(計算用!$M$2:$M$186,MATCH("女赤"&$J7,計算用!$L$2:$L$186,0)),"") | M7: =IFERROR(INDEX(計算用!$G$2:$G$186,MATCH("女赤"&$J7,計算用!$L$2:$L$186,0)),"") | O7: =IFERROR(INDEX(計算用!$D$2:$D$186,MATCH("女白"&$J7,計算用!$L$2:$L$186,0)),"") | P7: =IFERROR(INDEX(計算用!$M$2:$M$186,MATCH("女白"&$J7,計算用!$L$2:$L$186,0)),"") | Q7: =IFERROR(INDEX(計算用!$G$2:$G$186,MATCH("女白"&$J7,計算用!$L$2:$L$186,0)),"")
A8: =IF(ROW()-3<=MAX(計算用!$Q$2,計算用!$Q$3),ROW()-3,"") | B8: =IFERROR(INDEX(計算用!$D$2:$D$186,MATCH("男赤"&$A8,計算用!$L$2:$L$186,0)),"") | C8: =IFERROR(INDEX(計算用!$M$2:$M$186,MATCH("男赤"&$A8,計算用!$L$2:$L$186,0)),"") | D8: =IFERROR(INDEX(計算用!$G$2:$G$186,MATCH("男赤"&$A8,計算用!$L$2:$L$186,0)),"") | F8: =IFERROR(INDEX(計算用!$D$2:$D$186,MATCH("男白"&$A8,計算用!$L$2:$L$186,0)),"") | G8: =IFERROR(INDEX(計算用!$M$2:$M$186,MATCH("男白"&$A8,計算用!$L$2:$L$186,0)),"") | H8: =IFERROR(INDEX(計算用!$G$2:$G$186,MATCH("男白"&$A8,計算用!$L$2:$L$186,0)),"") | J8: =IF(ROW()-3<=MAX(計算用!$Q$4,計算用!$Q$5),ROW()-3,"") | K8: =IFERROR(INDEX(計算用!$D$2:$D$186,MATCH("女赤"&$J8,計算用!$L$2:$L$186,0)),"") | L8: =IFERROR(INDEX(計算用!$M$2:$M$186,MATCH("女赤"&$J8,計算用!$L$2:$L$186,0)),"") | M8: =IFERROR(INDEX(計算用!$G$2:$G$186,MATCH("女赤"&$J8,計算用!$L$2:$L$186,0)),"") | O8: =IFERROR(INDEX(計算用!$D$2:$D$186,MATCH("女白"&$J8,計算用!$L$2:$L$186,0)),"") | P8: =IFERROR(INDEX(計算用!$M$2:$M$186,MATCH("女白"&$J8,計算用!$L$2:$L$186,0)),"") | Q8: =IFERROR(INDEX(計算用!$G$2:$G$186,MATCH("女白"&$J8,計算用!$L$2:$L$186,0)),"")
A9: =IF(ROW()-3<=MAX(計算用!$Q$2,計算用!$Q$3),ROW()-3,"") | B9: =IFERROR(INDEX(計算用!$D$2:$D$186,MATCH("男赤"&$A9,計算用!$L$2:$L$186,0)),"") | C9: =IFERROR(INDEX(計算用!$M$2:$M$186,MATCH("男赤"&$A9,計算用!$L$2:$L$186,0)),"") | D9: =IFERROR(INDEX(計算用!$G$2:$G$186,MATCH("男赤"&$A9,計算用!$L$2:$L$186,0)),"") | F9: =IFERROR(INDEX(計算用!$D$2:$D$186,MATCH("男白"&$A9,計算用!$L$2:$L$186,0)),"") | G9: =IFERROR(INDEX(計算用!$M$2:$M$186,MATCH("男白"&$A9,計算用!$L$2:$L$186,0)),"") | H9: =IFERROR(INDEX(計算用!$G$2:$G$186,MATCH("男白"&$A9,計算用!$L$2:$L$186,0)),"") | J9: =IF(ROW()-3<=MAX(計算用!$Q$4,計算用!$Q$5),ROW()-3,"") | K9: =IFERROR(INDEX(計算用!$D$2:$D$186,MATCH("女赤"&$J9,計算用!$L$2:$L$186,0)),"") | L9: =IFERROR(INDEX(計算用!$M$2:$M$186,MATCH("女赤"&$J9,計算用!$L$2:$L$186,0)),"") | M9: =IFERROR(INDEX(計算用!$G$2:$G$186,MATCH("女赤"&$J9,計算用!$L$2:$L$186,0)),"") | O9: =IFERROR(INDEX(計算用!$D$2:$D$186,MATCH("女白"&$J9,計算用!$L$2:$L$186,0)),"") | P9: =IFERROR(INDEX(計算用!$M$2:$M$186,MATCH("女白"&$J9,計算用!$L$2:$L$186,0)),"") | Q9: =IFERROR(INDEX(計算用!$G$2:$G$186,MATCH("女白"&$J9,計算用!$L$2:$L$186,0)),"")
A10: =IF(ROW()-3<=MAX(計算用!$Q$2,計算用!$Q$3),ROW()-3,"") | B10: =IFERROR(INDEX(計算用!$D$2:$D$186,MATCH("男赤"&$A10,計算用!$L$2:$L$186,0)),"") | C10: =IFERROR(INDEX(計算用!$M$2:$M$186,MATCH("男赤"&$A10,計算用!$L$2:$L$186,0)),"") | D10: =IFERROR(INDEX(計算用!$G$2:$G$186,MATCH("男赤"&$A10,計算用!$L$2:$L$186,0)),"") | F10: =IFERROR(INDEX(計算用!$D$2:$D$186,MATCH("男白"&$A10,計算用!$L$2:$L$186,0)),"") | G10: =IFERROR(INDEX(計算用!$M$2:$M$186,MATCH("男白"&$A10,計算用!$L$2:$L$186,0)),"") | H10: =IFERROR(INDEX(計算用!$G$2:$G$186,MATCH("男白"&$A10,計算用!$L$2:$L$186,0)),"") | J10: =IF(ROW()-3<=MAX(計算用!$Q$4,計算用!$Q$5),ROW()-3,"") | K10: =IFERROR(INDEX(計算用!$D$2:$D$186,MATCH("女赤"&$J10,計算用!$L$2:$L$186,0)),"") | L10: =IFERROR(INDEX(計算用!$M$2:$M$186,MATCH("女赤"&$J10,計算用!$L$2:$L$186,0)),"") | M10: =IFERROR(INDEX(計算用!$G$2:$G$186,MATCH("女赤"&$J10,計算用!$L$2:$L$186,0)),"") | O10: =IFERROR(INDEX(計算用!$D$2:$D$186,MATCH("女白"&$J10,計算用!$L$2:$L$186,0)),"") | P10: =IFERROR(INDEX(計算用!$M$2:$M$186,MATCH("女白"&$J10,計算用!$L$2:$L$186,0)),"") | Q10: =IFERROR(INDEX(計算用!$G$2:$G$186,MATCH("女白"&$J10,計算用!$L$2:$L$186,0)),"")
A11: =IF(ROW()-3<=MAX(計算用!$Q$2,計算用!$Q$3),ROW()-3,"") | B11: =IFERROR(INDEX(計算用!$D$2:$D$186,MATCH("男赤"&$A11,計算用!$L$2:$L$186,0)),"") | C11: =IFERROR(INDEX(計算用!$M$2:$M$186,MATCH("男赤"&$A11,計算用!$L$2:$L$186,0)),"") | D11: =IFERROR(INDEX(計算用!$G$2:$G$186,MATCH("男赤"&$A11,計算用!$L$2:$L$186,0)),"") | F11: =IFERROR(INDEX(計算用!$D$2:$D$186,MATCH("男白"&$A11,計算用!$L$2:$L$186,0)),"") | G11: =IFERROR(INDEX(計算用!$M$2:$M$186,MATCH("男白"&$A11,計算用!$L$2:$L$186,0)),"") | H11: =IFERROR(INDEX(計算用!$G$2:$G$186,MATCH("男白"&$A11,計算用!$L$2:$L$186,0)),"") | J11: =IF(ROW()-3<=MAX(計算用!$Q$4,計算用!$Q$5),ROW()-3,"") | K11: =IFERROR(INDEX(計算用!$D$2:$D$186,MATCH("女赤"&$J11,計算用!$L$2:$L$186,0)),"") | L11: =IFERROR(INDEX(計算用!$M$2:$M$186,MATCH("女赤"&$J11,計算用!$L$2:$L$186,0)),"") | M11: =IFERROR(INDEX(計算用!$G$2:$G$186,MATCH("女赤"&$J11,計算用!$L$2:$L$186,0)),"") | O11: =IFERROR(INDEX(計算用!$D$2:$D$186,MATCH("女白"&$J11,計算用!$L$2:$L$186,0)),"") | P11: =IFERROR(INDEX(計算用!$M$2:$M$186,MATCH("女白"&$J11,計算用!$L$2:$L$186,0)),"") | Q11: =IFERROR(INDEX(計算用!$G$2:$G$186,MATCH("女白"&$J11,計算用!$L$2:$L$186,0)),"")
A12: =IF(ROW()-3<=MAX(計算用!$Q$2,計算用!$Q$3),ROW()-3,"") | B12: =IFERROR(INDEX(計算用!$D$2:$D$186,MATCH("男赤"&$A12,計算用!$L$2:$L$186,0)),"") | C12: =IFERROR(INDEX(計算用!$M$2:$M$186,MATCH("男赤"&$A12,計算用!$L$2:$L$186,0)),"") | D12: =IFERROR(INDEX(計算用!$G$2:$G$186,MATCH("男赤"&$A12,計算用!$L$2:$L$186,0)),"") | F12: =IFERROR(INDEX(計算用!$D$2:$D$186,MATCH("男白"&$A12,計算用!$L$2:$L$186,0)),"") | G12: =IFERROR(INDEX(計算用!$M$2:$M$186,MATCH("男白"&$A12,計算用!$L$2:$L$186,0)),"") | H12: =IFERROR(INDEX(計算用!$G$2:$G$186,MATCH("男白"&$A12,計算用!$L$2:$L$186,0)),"") | J12: =IF(ROW()-3<=MAX(計算用!$Q$4,計算用!$Q$5),ROW()-3,"") | K12: =IFERROR(INDEX(計算用!$D$2:$D$186,MATCH("女赤"&$J12,計算用!$L$2:$L$186,0)),"") | L12: =IFERROR(INDEX(計算用!$M$2:$M$186,MATCH("女赤"&$J12,計算用!$L$2:$L$186,0)),"") | M12: =IFERROR(INDEX(計算用!$G$2:$G$186,MATCH("女赤"&$J12,計算用!$L$2:$L$186,0)),"") | O12: =IFERROR(INDEX(計算用!$D$2:$D$186,MATCH("女白"&$J12,計算用!$L$2:$L$186,0)),"") | P12: =IFERROR(INDEX(計算用!$M$2:$M$186,MATCH("女白"&$J12,計算用!$L$2:$L$186,0)),"") | Q12: =IFERROR(INDEX(計算用!$G$2:$G$186,MATCH("女白"&$J12,計算用!$L$2:$L$186,0)),"")
A13: =IF(ROW()-3<=MAX(計算用!$Q$2,計算用!$Q$3),ROW()-3,"") | B13: =IFERROR(INDEX(計算用!$D$2:$D$186,MATCH("男赤"&$A13,計算用!$L$2:$L$186,0)),"") | C13: =IFERROR(INDEX(計算用!$M$2:$M$186,MATCH("男赤"&$A13,計算用!$L$2:$L$186,0)),"") | D13: =IFERROR(INDEX(計算用!$G$2:$G$186,MATCH("男赤"&$A13,計算用!$L$2:$L$186,0)),"") | F13: =IFERROR(INDEX(計算用!$D$2:$D$186,MATCH("男白"&$A13,計算用!$L$2:$L$186,0)),"") | G13: =IFERROR(INDEX(計算用!$M$2:$M$186,MATCH("男白"&$A13,計算用!$L$2:$L$186,0)),"") | H13: =IFERROR(INDEX(計算用!$G$2:$G$186,MATCH("男白"&$A13,計算用!$L$2:$L$186,0)),"") | J13: =IF(ROW()-3<=MAX(計算用!$Q$4,計算用!$Q$5),ROW()-3,"") | K13: =IFERROR(INDEX(計算用!$D$2:$D$186,MATCH("女赤"&$J13,計算用!$L$2:$L$186,0)),"") | L13: =IFERROR(INDEX(計算用!$M$2:$M$186,MATCH("女赤"&$J13,計算用!$L$2:$L$186,0)),"") | M13: =IFERROR(INDEX(計算用!$G$2:$G$186,MATCH("女赤"&$J13,計算用!$L$2:$L$186,0)),"") | O13: =IFERROR(INDEX(計算用!$D$2:$D$186,MATCH("女白"&$J13,計算用!$L$2:$L$186,0)),"") | P13: =IFERROR(INDEX(計算用!$M$2:$M$186,MATCH("女白"&$J13,計算用!$L$2:$L$186,0)),"") | Q13: =IFERROR(INDEX(計算用!$G$2:$G$186,MATCH("女白"&$J13,計算用!$L$2:$L$186,0)),"")
A14: =IF(ROW()-3<=MAX(計算用!$Q$2,計算用!$Q$3),ROW()-3,"") | B14: =IFERROR(INDEX(計算用!$D$2:$D$186,MATCH("男赤"&$A14,計算用!$L$2:$L$186,0)),"") | C14: =IFERROR(INDEX(計算用!$M$2:$M$186,MATCH("男赤"&$A14,計算用!$L$2:$L$186,0)),"") | D14: =IFERROR(INDEX(計算用!$G$2:$G$186,MATCH("男赤"&$A14,計算用!$L$2:$L$186,0)),"") | F14: =IFERROR(INDEX(計算用!$D$2:$D$186,MATCH("男白"&$A14,計算用!$L$2:$L$186,0)),"") | G14: =IFERROR(INDEX(計算用!$M$2:$M$186,MATCH("男白"&$A14,計算用!$L$2:$L$186,0)),"") | H14: =IFERROR(INDEX(計算用!$G$2:$G$186,MATCH("男白"&$A14,計算用!$L$2:$L$186,0)),"") | J14: =IF(ROW()-3<=MAX(計算用!$Q$4,計算用!$Q$5),ROW()-3,"") | K14: =IFERROR(INDEX(計算用!$D$2:$D$186,MATCH("女赤"&$J14,計算用!$L$2:$L$186,0)),"") | L14: =IFERROR(INDEX(計算用!$M$2:$M$186,MATCH("女赤"&$J14,計算用!$L$2:$L$186,0)),"") | M14: =IFERROR(INDEX(計算用!$G$2:$G$186,MATCH("女赤"&$J14,計算用!$L$2:$L$186,0)),"") | O14: =IFERROR(INDEX(計算用!$D$2:$D$186,MATCH("女白"&$J14,計算用!$L$2:$L$186,0)),"") | P14: =IFERROR(INDEX(計算用!$M$2:$M$186,MATCH("女白"&$J14,計算用!$L$2:$L$186,0)),"") | Q14: =IFERROR(INDEX(計算用!$G$2:$G$186,MATCH("女白"&$J14,計算用!$L$2:$L$186,0)),"")
A15: =IF(ROW()-3<=MAX(計算用!$Q$2,計算用!$Q$3),ROW()-3,"") | B15: =IFERROR(INDEX(計算用!$D$2:$D$186,MATCH("男赤"&$A15,計算用!$L$2:$L$186,0)),"") | C15: =IFERROR(INDEX(計算用!$M$2:$M$186,MATCH("男赤"&$A15,計算用!$L$2:$L$186,0)),"") | D15: =IFERROR(INDEX(計算用!$G$2:$G$186,MATCH("男赤"&$A15,計算用!$L$2:$L$186,0)),"") | F15: =IFERROR(INDEX(計算用!$D$2:$D$186,MATCH("男白"&$A15,計算用!$L$2:$L$186,0)),"") | G15: =IFERROR(INDEX(計算用!$M$2:$M$186,MATCH("男白"&$A15,計算用!$L$2:$L$186,0)),"") | H15: =IFERROR(INDEX(計算用!$G$2:$G$186,MATCH("男白"&$A15,計算用!$L$2:$L$186,0)),"") | J15: =IF(ROW()-3<=MAX(計算用!$Q$4,計算用!$Q$5),ROW()-3,"") | K15: =IFERROR(INDEX(計算用!$D$2:$D$186,MATCH("女赤"&$J15,計算用!$L$2:$L$186,0)),"") | L15: =IFERROR(INDEX(計算用!$M$2:$M$186,MATCH("女赤"&$J15,計算用!$L$2:$L$186,0)),"") | M15: =IFERROR(INDEX(計算用!$G$2:$G$186,MATCH("女赤"&$J15,計算用!$L$2:$L$186,0)),"") | O15: =IFERROR(INDEX(計算用!$D$2:$D$186,MATCH("女白"&$J15,計算用!$L$2:$L$186,0)),"") | P15: =IFERROR(INDEX(計算用!$M$2:$M$186,MATCH("女白"&$J15,計算用!$L$2:$L$186,0)),"") | Q15: =IFERROR(INDEX(計算用!$G$2:$G$186,MATCH("女白"&$J15,計算用!$L$2:$L$186,0)),"")
... A188: =IF(ROW()-3<=MAX(計算用!$Q$2,計算用!$Q$3),ROW()-3,"") | B188: =IFERROR(INDEX(計算用!$D$2:$D$186,MATCH("男赤"&$A188,計算用!$L$2:$L$186,0)),"") | C188: =IFERROR(INDEX(計算用!$M$2:$M$186,MATCH("男赤"&$A188,計算用!$L$2:$L$186,0)),"") | D188: =IFERROR(INDEX(計算用!$G$2:$G$186,MATCH("男赤"&$A188,計算用!$L$2:$L$186,0)),"") | F188: =IFERROR(INDEX(計算用!$D$2:$D$186,MATCH("男白"&$A188,計算用!$L$2:$L$186,0)),"") | G188: =IFERROR(INDEX(計算用!$M$2:$M$186,MATCH("男白"&$A188,計算用!$L$2:$L$186,0)),"") | H188: =IFERROR(INDEX(計算用!$G$2:$G$186,MATCH("男白"&$A188,計算用!$L$2:$L$186,0)),"") | J188: =IF(ROW()-3<=MAX(計算用!$Q$4,計算用!$Q$5),ROW()-3,"") | K188: =IFERROR(INDEX(計算用!$D$2:$D$186,MATCH("女赤"&$J188,計算用!$L$2:$L$186,0)),"") | L188: =IFERROR(INDEX(計算用!$M$2:$M$186,MATCH("女赤"&$J188,計算用!$L$2:$L$186,0)),"") | M188: =IFERROR(INDEX(計算用!$G$2:$G$186,MATCH("女赤"&$J188,計算用!$L$2:$L$186,0)),"") | O188: =IFERROR(INDEX(計算用!$D$2:$D$186,MATCH("女白"&$J188,計算用!$L$2:$L$186,0)),"") | P188: =IFERROR(INDEX(計算用!$M$2:$M$186,MATCH("女白"&$J188,計算用!$L$2:$L$186,0)),"") | Q188: =IFERROR(INDEX(計算用!$G$2:$G$186,MATCH("女白"&$J188,計算用!$L$2:$L$186,0)),"")

Sheet 4人組
A1: 男子 | D1: =IF(SUMPRODUCT((計算用!$T$2:$T$51>0)*(((計算用!$T$2:$T$51<>4)+(計算用!$W$2:$W$51<>2))>0))>0,"※黄色の組は、人数の都合で調整した組です","") | Q1: 女子 | T1: =IF(SUMPRODUCT((計算用!$AC$2:$AC$51>0)*(((計算用!$AC$2:$AC$51<>4)+(計算用!$AF$2:$AF$51<>2))>0))>0,"※黄色の組は、人数の都合で調整した組です","")
A2: 組 | B2: 人数 | C2: 内訳 | D2: 1人目 | G2: 2人目 | J2: 3人目 | M2: 4人目 | Q2: 組 | R2: 人数 | S2: 内訳 | T2: 1人目 | W2: 2人目 | Z2: 3人目 | AC2: 4人目
D3: 名前 | E3: クラス | F3: 色 | G3: 名前 | H3: クラス | I3: 色 | J3: 名前 | K3: クラス | L3: 色 | M3: 名前 | N3: クラス | O3: 色 | T3: 名前 | U3: クラス | V3: 色 | W3: 名前 | X3: クラス | Y3: 色 | Z3: 名前 | AA3: クラス | AB3: 色 | AC3: 名前 | AD3: クラス | AE3: 色
A4: =IF(ROW()-3<=計算用!$Q$9,ROW()-3,"") | B4: =IF($A4="","",INDEX(計算用!$T$2:$T$51,$A4)) | C4: =IF($A4="","","赤"&INDEX(計算用!$W$2:$W$51,$A4)&"白"&INDEX(計算用!$X$2:$X$51,$A4)) | D4: =IF($A4="","",IFERROR(INDEX(計算用!$D$2:$D$186,MATCH("男"&$A4&"-1",計算用!$AN$2:$AN$186,0)),"")) | E4: =IF($A4="","",IFERROR(INDEX(計算用!$M$2:$M$186,MATCH("男"&$A4&"-1",計算用!$AN$2:$AN$186,0)),"")) | F4: =IF($A4="","",IFERROR(INDEX(計算用!$I$2:$I$186,MATCH("男"&$A4&"-1",計算用!$AN$2:$AN$186,0)),"")) | G4: =IF($A4="","",IFERROR(INDEX(計算用!$D$2:$D$186,MATCH("男"&$A4&"-2",計算用!$AN$2:$AN$186,0)),"")) | H4: =IF($A4="","",IFERROR(INDEX(計算用!$M$2:$M$186,MATCH("男"&$A4&"-2",計算用!$AN$2:$AN$186,0)),"")) | I4: =IF($A4="","",IFERROR(INDEX(計算用!$I$2:$I$186,MATCH("男"&$A4&"-2",計算用!$AN$2:$AN$186,0)),"")) | J4: =IF($A4="","",IFERROR(INDEX(計算用!$D$2:$D$186,MATCH("男"&$A4&"-3",計算用!$AN$2:$AN$186,0)),"")) | K4: =IF($A4="","",IFERROR(INDEX(計算用!$M$2:$M$186,MATCH("男"&$A4&"-3",計算用!$AN$2:$AN$186,0)),"")) | L4: =IF($A4="","",IFERROR(INDEX(計算用!$I$2:$I$186,MATCH("男"&$A4&"-3",計算用!$AN$2:$AN$186,0)),"")) | M4: =IF($A4="","",IFERROR(INDEX(計算用!$D$2:$D$186,MATCH("男"&$A4&"-4",計算用!$AN$2:$AN$186,0)),"")) | N4: =IF($A4="","",IFERROR(INDEX(計算用!$M$2:$M$186,MATCH("男"&$A4&"-4",計算用!$AN$2:$AN$186,0)),"")) | O4: =IF($A4="","",IFERROR(INDEX(計算用!$I$2:$I$186,MATCH("男"&$A4&"-4",計算用!$AN$2:$AN$186,0)),"")) | Q4: =IF(ROW()-3<=計算用!$Q$11,ROW()-3,"") | R4: =IF($Q4="","",INDEX(計算用!$AC$2:$AC$51,$Q4)) | S4: =IF($Q4="","","赤"&INDEX(計算用!$AF$2:$AF$51,$Q4)&"白"&INDEX(計算用!$AG$2:$AG$51,$Q4)) | T4: =IF($Q4="","",IFERROR(INDEX(計算用!$D$2:$D$186,MATCH("女"&$Q4&"-1",計算用!$AN$2:$AN$186,0)),"")) | U4: =IF($Q4="","",IFERROR(INDEX(計算用!$M$2:$M$186,MATCH("女"&$Q4&"-1",計算用!$AN$2:$AN$186,0)),"")) | V4: =IF($Q4="","",IFERROR(INDEX(計算用!$I$2:$I$186,MATCH("女"&$Q4&"-1",計算用!$AN$2:$AN$186,0)),"")) | W4: =IF($Q4="","",IFERROR(INDEX(計算用!$D$2:$D$186,MATCH("女"&$Q4&"-2",計算用!$AN$2:$AN$186,0)),"")) | X4: =IF($Q4="","",IFERROR(INDEX(計算用!$M$2:$M$186,MATCH("女"&$Q4&"-2",計算用!$AN$2:$AN$186,0)),"")) | Y4: =IF($Q4="","",IFERROR(INDEX(計算用!$I$2:$I$186,MATCH("女"&$Q4&"-2",計算用!$AN$2:$AN$186,0)),"")) | Z4: =IF($Q4="","",IFERROR(INDEX(計算用!$D$2:$D$186,MATCH("女"&$Q4&"-3",計算用!$AN$2:$AN$186,0)),"")) | AA4: =IF($Q4="","",IFERROR(INDEX(計算用!$M$2:$M$186,MATCH("女"&$Q4&"-3",計算用!$AN$2:$AN$186,0)),"")) | AB4: =IF($Q4="","",IFERROR(INDEX(計算用!$I$2:$I$186,MATCH("女"&$Q4&"-3",計算用!$AN$2:$AN$186,0)),"")) | AC4: =IF($Q4="","",IFERROR(INDEX(計算用!$D$2:$D$186,MATCH("女"&$Q4&"-4",計算用!$AN$2:$AN$186,0)),"")) | AD4: =IF($Q4="","",IFERROR(INDEX(計算用!$M$2:$M$186,MATCH("女"&$Q4&"-4",計算用!$AN$2:$AN$186,0)),"")) | AE4: =IF($Q4="","",IFERROR(INDEX(計算用!$I$2:$I$186,MATCH("女"&$Q4&"-4",計算用!$AN$2:$AN$186,0)),""))
A5: =IF(ROW()-3<=計算用!$Q$9,ROW()-3,"") | B5: =IF($A5="","",INDEX(計算用!$T$2:$T$51,$A5)) | C5: =IF($A5="","","赤"&INDEX(計算用!$W$2:$W$51,$A5)&"白"&INDEX(計算用!$X$2:$X$51,$A5)) | D5: =IF($A5="","",IFERROR(INDEX(計算用!$D$2:$D$186,MATCH("男"&$A5&"-1",計算用!$AN$2:$AN$186,0)),"")) | E5: =IF($A5="","",IFERROR(INDEX(計算用!$M$2:$M$186,MATCH("男"&$A5&"-1",計算用!$AN$2:$AN$186,0)),"")) | F5: =IF($A5="","",IFERROR(INDEX(計算用!$I$2:$I$186,MATCH("男"&$A5&"-1",計算用!$AN$2:$AN$186,0)),"")) | G5: =IF($A5="","",IFERROR(INDEX(計算用!$D$2:$D$186,MATCH("男"&$A5&"-2",計算用!$AN$2:$AN$186,0)),"")) | H5: =IF($A5="","",IFERROR(INDEX(計算用!$M$2:$M$186,MATCH("男"&$A5&"-2",計算用!$AN$2:$AN$186,0)),"")) | I5: =IF($A5="","",IFERROR(INDEX(計算用!$I$2:$I$186,MATCH("男"&$A5&"-2",計算用!$AN$2:$AN$186,0)),"")) | J5: =IF($A5="","",IFERROR(INDEX(計算用!$D$2:$D$186,MATCH("男"&$A5&"-3",計算用!$AN$2:$AN$186,0)),"")) | K5: =IF($A5="","",IFERROR(INDEX(計算用!$M$2:$M$186,MATCH("男"&$A5&"-3",計算用!$AN$2:$AN$186,0)),"")) | L5: =IF($A5="","",IFERROR(INDEX(計算用!$I$2:$I$186,MATCH("男"&$A5&"-3",計算用!$AN$2:$AN$186,0)),"")) | M5: =IF($A5="","",IFERROR(INDEX(計算用!$D$2:$D$186,MATCH("男"&$A5&"-4",計算用!$AN$2:$AN$186,0)),"")) | N5: =IF($A5="","",IFERROR(INDEX(計算用!$M$2:$M$186,MATCH("男"&$A5&"-4",計算用!$AN$2:$AN$186,0)),"")) | O5: =IF($A5="","",IFERROR(INDEX(計算用!$I$2:$I$186,MATCH("男"&$A5&"-4",計算用!$AN$2:$AN$186,0)),"")) | Q5: =IF(ROW()-3<=計算用!$Q$11,ROW()-3,"") | R5: =IF($Q5="","",INDEX(計算用!$AC$2:$AC$51,$Q5)) | S5: =IF($Q5="","","赤"&INDEX(計算用!$AF$2:$AF$51,$Q5)&"白"&INDEX(計算用!$AG$2:$AG$51,$Q5)) | T5: =IF($Q5="","",IFERROR(INDEX(計算用!$D$2:$D$186,MATCH("女"&$Q5&"-1",計算用!$AN$2:$AN$186,0)),"")) | U5: =IF($Q5="","",IFERROR(INDEX(計算用!$M$2:$M$186,MATCH("女"&$Q5&"-1",計算用!$AN$2:$AN$186,0)),"")) | V5: =IF($Q5="","",IFERROR(INDEX(計算用!$I$2:$I$186,MATCH("女"&$Q5&"-1",計算用!$AN$2:$AN$186,0)),"")) | W5: =IF($Q5="","",IFERROR(INDEX(計算用!$D$2:$D$186,MATCH("女"&$Q5&"-2",計算用!$AN$2:$AN$186,0)),"")) | X5: =IF($Q5="","",IFERROR(INDEX(計算用!$M$2:$M$186,MATCH("女"&$Q5&"-2",計算用!$AN$2:$AN$186,0)),"")) | Y5: =IF($Q5="","",IFERROR(INDEX(計算用!$I$2:$I$186,MATCH("女"&$Q5&"-2",計算用!$AN$2:$AN$186,0)),"")) | Z5: =IF($Q5="","",IFERROR(INDEX(計算用!$D$2:$D$186,MATCH("女"&$Q5&"-3",計算用!$AN$2:$AN$186,0)),"")) | AA5: =IF($Q5="","",IFERROR(INDEX(計算用!$M$2:$M$186,MATCH("女"&$Q5&"-3",計算用!$AN$2:$AN$186,0)),"")) | AB5: =IF($Q5="","",IFERROR(INDEX(計算用!$I$2:$I$186,MATCH("女"&$Q5&"-3",計算用!$AN$2:$AN$186,0)),"")) | AC5: =IF($Q5="","",IFERROR(INDEX(計算用!$D$2:$D$186,MATCH("女"&$Q5&"-4",計算用!$AN$2:$AN$186,0)),"")) | AD5: =IF($Q5="","",IFERROR(INDEX(計算用!$M$2:$M$186,MATCH("女"&$Q5&"-4",計算用!$AN$2:$AN$186,0)),"")) | AE5: =IF($Q5="","",IFERROR(INDEX(計算用!$I$2:$I$186,MATCH("女"&$Q5&"-4",計算用!$AN$2:$AN$186,0)),""))
A6: =IF(ROW()-3<=計算用!$Q$9,ROW()-3,"") | B6: =IF($A6="","",INDEX(計算用!$T$2:$T$51,$A6)) | C6: =IF($A6="","","赤"&INDEX(計算用!$W$2:$W$51,$A6)&"白"&INDEX(計算用!$X$2:$X$51,$A6)) | D6: =IF($A6="","",IFERROR(INDEX(計算用!$D$2:$D$186,MATCH("男"&$A6&"-1",計算用!$AN$2:$AN$186,0)),"")) | E6: =IF($A6="","",IFERROR(INDEX(計算用!$M$2:$M$186,MATCH("男"&$A6&"-1",計算用!$AN$2:$AN$186,0)),"")) | F6: =IF($A6="","",IFERROR(INDEX(計算用!$I$2:$I$186,MATCH("男"&$A6&"-1",計算用!$AN$2:$AN$186,0)),"")) | G6: =IF($A6="","",IFERROR(INDEX(計算用!$D$2:$D$186,MATCH("男"&$A6&"-2",計算用!$AN$2:$AN$186,0)),"")) | H6: =IF($A6="","",IFERROR(INDEX(計算用!$M$2:$M$186,MATCH("男"&$A6&"-2",計算用!$AN$2:$AN$186,0)),"")) | I6: =IF($A6="","",IFERROR(INDEX(計算用!$I$2:$I$186,MATCH("男"&$A6&"-2",計算用!$AN$2:$AN$186,0)),"")) | J6: =IF($A6="","",IFERROR(INDEX(計算用!$D$2:$D$186,MATCH("男"&$A6&"-3",計算用!$AN$2:$AN$186,0)),"")) | K6: =IF($A6="","",IFERROR(INDEX(計算用!$M$2:$M$186,MATCH("男"&$A6&"-3",計算用!$AN$2:$AN$186,0)),"")) | L6: =IF($A6="","",IFERROR(INDEX(計算用!$I$2:$I$186,MATCH("男"&$A6&"-3",計算用!$AN$2:$AN$186,0)),"")) | M6: =IF($A6="","",IFERROR(INDEX(計算用!$D$2:$D$186,MATCH("男"&$A6&"-4",計算用!$AN$2:$AN$186,0)),"")) | N6: =IF($A6="","",IFERROR(INDEX(計算用!$M$2:$M$186,MATCH("男"&$A6&"-4",計算用!$AN$2:$AN$186,0)),"")) | O6: =IF($A6="","",IFERROR(INDEX(計算用!$I$2:$I$186,MATCH("男"&$A6&"-4",計算用!$AN$2:$AN$186,0)),"")) | Q6: =IF(ROW()-3<=計算用!$Q$11,ROW()-3,"") | R6: =IF($Q6="","",INDEX(計算用!$AC$2:$AC$51,$Q6)) | S6: =IF($Q6="","","赤"&INDEX(計算用!$AF$2:$AF$51,$Q6)&"白"&INDEX(計算用!$AG$2:$AG$51,$Q6)) | T6: =IF($Q6="","",IFERROR(INDEX(計算用!$D$2:$D$186,MATCH("女"&$Q6&"-1",計算用!$AN$2:$AN$186,0)),"")) | U6: =IF($Q6="","",IFERROR(INDEX(計算用!$M$2:$M$186,MATCH("女"&$Q6&"-1",計算用!$AN$2:$AN$186,0)),"")) | V6: =IF($Q6="","",IFERROR(INDEX(計算用!$I$2:$I$186,MATCH("女"&$Q6&"-1",計算用!$AN$2:$AN$186,0)),"")) | W6: =IF($Q6="","",IFERROR(INDEX(計算用!$D$2:$D$186,MATCH("女"&$Q6&"-2",計算用!$AN$2:$AN$186,0)),"")) | X6: =IF($Q6="","",IFERROR(INDEX(計算用!$M$2:$M$186,MATCH("女"&$Q6&"-2",計算用!$AN$2:$AN$186,0)),"")) | Y6: =IF($Q6="","",IFERROR(INDEX(計算用!$I$2:$I$186,MATCH("女"&$Q6&"-2",計算用!$AN$2:$AN$186,0)),"")) | Z6: =IF($Q6="","",IFERROR(INDEX(計算用!$D$2:$D$186,MATCH("女"&$Q6&"-3",計算用!$AN$2:$AN$186,0)),"")) | AA6: =IF($Q6="","",IFERROR(INDEX(計算用!$M$2:$M$186,MATCH("女"&$Q6&"-3",計算用!$AN$2:$AN$186,0)),"")) | AB6: =IF($Q6="","",IFERROR(INDEX(計算用!$I$2:$I$186,MATCH("女"&$Q6&"-3",計算用!$AN$2:$AN$186,0)),"")) | AC6: =IF($Q6="","",IFERROR(INDEX(計算用!$D$2:$D$186,MATCH("女"&$Q6&"-4",計算用!$AN$2:$AN$186,0)),"")) | AD6: =IF($Q6="","",IFERROR(INDEX(計算用!$M$2:$M$186,MATCH("女"&$Q6&"-4",計算用!$AN$2:$AN$186,0)),"")) | AE6: =IF($Q6="","",IFERROR(INDEX(計算用!$I$2:$I$186,MATCH("女"&$Q6&"-4",計算用!$AN$2:$AN$186,0)),""))
A7: =IF(ROW()-3<=計算用!$Q$9,ROW()-3,"") | B7: =IF($A7="","",INDEX(計算用!$T$2:$T$51,$A7)) | C7: =IF($A7="","","赤"&INDEX(計算用!$W$2:$W$51,$A7)&"白"&INDEX(計算用!$X$2:$X$51,$A7)) | D7: =IF($A7="","",IFERROR(INDEX(計算用!$D$2:$D$186,MATCH("男"&$A7&"-1",計算用!$AN$2:$AN$186,0)),"")) | E7: =IF($A7="","",IFERROR(INDEX(計算用!$M$2:$M$186,MATCH("男"&$A7&"-1",計算用!$AN$2:$AN$186,0)),"")) | F7: =IF($A7="","",IFERROR(INDEX(計算用!$I$2:$I$186,MATCH("男"&$A7&"-1",計算用!$AN$2:$AN$186,0)),"")) | G7: =IF($A7="","",IFERROR(INDEX(計算用!$D$2:$D$186,MATCH("男"&$A7&"-2",計算用!$AN$2:$AN$186,0)),"")) | H7: =IF($A7="","",IFERROR(INDEX(計算用!$M$2:$M$186,MATCH("男"&$A7&"-2",計算用!$AN$2:$AN$186,0)),"")) | I7: =IF($A7="","",IFERROR(INDEX(計算用!$I$2:$I$186,MATCH("男"&$A7&"-2",計算用!$AN$2:$AN$186,0)),"")) | J7: =IF($A7="","",IFERROR(INDEX(計算用!$D$2:$D$186,MATCH("男"&$A7&"-3",計算用!$AN$2:$AN$186,0)),"")) | K7: =IF($A7="","",IFERROR(INDEX(計算用!$M$2:$M$186,MATCH("男"&$A7&"-3",計算用!$AN$2:$AN$186,0)),"")) | L7: =IF($A7="","",IFERROR(INDEX(計算用!$I$2:$I$186,MATCH("男"&$A7&"-3",計算用!$AN$2:$AN$186,0)),"")) | M7: =IF($A7="","",IFERROR(INDEX(計算用!$D$2:$D$186,MATCH("男"&$A7&"-4",計算用!$AN$2:$AN$186,0)),"")) | N7: =IF($A7="","",IFERROR(INDEX(計算用!$M$2:$M$186,MATCH("男"&$A7&"-4",計算用!$AN$2:$AN$186,0)),"")) | O7: =IF($A7="","",IFERROR(INDEX(計算用!$I$2:$I$186,MATCH("男"&$A7&"-4",計算用!$AN$2:$AN$186,0)),"")) | Q7: =IF(ROW()-3<=計算用!$Q$11,ROW()-3,"") | R7: =IF($Q7="","",INDEX(計算用!$AC$2:$AC$51,$Q7)) | S7: =IF($Q7="","","赤"&INDEX(計算用!$AF$2:$AF$51,$Q7)&"白"&INDEX(計算用!$AG$2:$AG$51,$Q7)) | T7: =IF($Q7="","",IFERROR(INDEX(計算用!$D$2:$D$186,MATCH("女"&$Q7&"-1",計算用!$AN$2:$AN$186,0)),"")) | U7: =IF($Q7="","",IFERROR(INDEX(計算用!$M$2:$M$186,MATCH("女"&$Q7&"-1",計算用!$AN$2:$AN$186,0)),"")) | V7: =IF($Q7="","",IFERROR(INDEX(計算用!$I$2:$I$186,MATCH("女"&$Q7&"-1",計算用!$AN$2:$AN$186,0)),"")) | W7: =IF($Q7="","",IFERROR(INDEX(計算用!$D$2:$D$186,MATCH("女"&$Q7&"-2",計算用!$AN$2:$AN$186,0)),"")) | X7: =IF($Q7="","",IFERROR(INDEX(計算用!$M$2:$M$186,MATCH("女"&$Q7&"-2",計算用!$AN$2:$AN$186,0)),"")) | Y7: =IF($Q7="","",IFERROR(INDEX(計算用!$I$2:$I$186,MATCH("女"&$Q7&"-2",計算用!$AN$2:$AN$186,0)),"")) | Z7: =IF($Q7="","",IFERROR(INDEX(計算用!$D$2:$D$186,MATCH("女"&$Q7&"-3",計算用!$AN$2:$AN$186,0)),"")) | AA7: =IF($Q7="","",IFERROR(INDEX(計算用!$M$2:$M$186,MATCH("女"&$Q7&"-3",計算用!$AN$2:$AN$186,0)),"")) | AB7: =IF($Q7="","",IFERROR(INDEX(計算用!$I$2:$I$186,MATCH("女"&$Q7&"-3",計算用!$AN$2:$AN$186,0)),"")) | AC7: =IF($Q7="","",IFERROR(INDEX(計算用!$D$2:$D$186,MATCH("女"&$Q7&"-4",計算用!$AN$2:$AN$186,0)),"")) | AD7: =IF($Q7="","",IFERROR(INDEX(計算用!$M$2:$M$186,MATCH("女"&$Q7&"-4",計算用!$AN$2:$AN$186,0)),"")) | AE7: =IF($Q7="","",IFERROR(INDEX(計算用!$I$2:$I$186,MATCH("女"&$Q7&"-4",計算用!$AN$2:$AN$186,0)),""))
A8: =IF(ROW()-3<=計算用!$Q$9,ROW()-3,"") | B8: =IF($A8="","",INDEX(計算用!$T$2:$T$51,$A8)) | C8: =IF($A8="","","赤"&INDEX(計算用!$W$2:$W$51,$A8)&"白"&INDEX(計算用!$X$2:$X$51,$A8)) | D8: =IF($A8="","",IFERROR(INDEX(計算用!$D$2:$D$186,MATCH("男"&$A8&"-1",計算用!$AN$2:$AN$186,0)),"")) | E8: =IF($A8="","",IFERROR(INDEX(計算用!$M$2:$M$186,MATCH("男"&$A8&"-1",計算用!$AN$2:$AN$186,0)),"")) | F8: =IF($A8="","",IFERROR(INDEX(計算用!$I$2:$I$186,MATCH("男"&$A8&"-1",計算用!$AN$2:$AN$186,0)),"")) | G8: =IF($A8="","",IFERROR(INDEX(計算用!$D$2:$D$186,MATCH("男"&$A8&"-2",計算用!$AN$2:$AN$186,0)),"")) | H8: =IF($A8="","",IFERROR(INDEX(計算用!$M$2:$M$186,MATCH("男"&$A8&"-2",計算用!$AN$2:$AN$186,0)),"")) | I8: =IF($A8="","",IFERROR(INDEX(計算用!$I$2:$I$186,MATCH("男"&$A8&"-2",計算用!$AN$2:$AN$186,0)),"")) | J8: =IF($A8="","",IFERROR(INDEX(計算用!$D$2:$D$186,MATCH("男"&$A8&"-3",計算用!$AN$2:$AN$186,0)),"")) | K8: =IF($A8="","",IFERROR(INDEX(計算用!$M$2:$M$186,MATCH("男"&$A8&"-3",計算用!$AN$2:$AN$186,0)),"")) | L8: =IF($A8="","",IFERROR(INDEX(計算用!$I$2:$I$186,MATCH("男"&$A8&"-3",計算用!$AN$2:$AN$186,0)),"")) | M8: =IF($A8="","",IFERROR(INDEX(計算用!$D$2:$D$186,MATCH("男"&$A8&"-4",計算用!$AN$2:$AN$186,0)),"")) | N8: =IF($A8="","",IFERROR(INDEX(計算用!$M$2:$M$186,MATCH("男"&$A8&"-4",計算用!$AN$2:$AN$186,0)),"")) | O8: =IF($A8="","",IFERROR(INDEX(計算用!$I$2:$I$186,MATCH("男"&$A8&"-4",計算用!$AN$2:$AN$186,0)),"")) | Q8: =IF(ROW()-3<=計算用!$Q$11,ROW()-3,"") | R8: =IF($Q8="","",INDEX(計算用!$AC$2:$AC$51,$Q8)) | S8: =IF($Q8="","","赤"&INDEX(計算用!$AF$2:$AF$51,$Q8)&"白"&INDEX(計算用!$AG$2:$AG$51,$Q8)) | T8: =IF($Q8="","",IFERROR(INDEX(計算用!$D$2:$D$186,MATCH("女"&$Q8&"-1",計算用!$AN$2:$AN$186,0)),"")) | U8: =IF($Q8="","",IFERROR(INDEX(計算用!$M$2:$M$186,MATCH("女"&$Q8&"-1",計算用!$AN$2:$AN$186,0)),"")) | V8: =IF($Q8="","",IFERROR(INDEX(計算用!$I$2:$I$186,MATCH("女"&$Q8&"-1",計算用!$AN$2:$AN$186,0)),"")) | W8: =IF($Q8="","",IFERROR(INDEX(計算用!$D$2:$D$186,MATCH("女"&$Q8&"-2",計算用!$AN$2:$AN$186,0)),"")) | X8: =IF($Q8="","",IFERROR(INDEX(計算用!$M$2:$M$186,MATCH("女"&$Q8&"-2",計算用!$AN$2:$AN$186,0)),"")) | Y8: =IF($Q8="","",IFERROR(INDEX(計算用!$I$2:$I$186,MATCH("女"&$Q8&"-2",計算用!$AN$2:$AN$186,0)),"")) | Z8: =IF($Q8="","",IFERROR(INDEX(計算用!$D$2:$D$186,MATCH("女"&$Q8&"-3",計算用!$AN$2:$AN$186,0)),"")) | AA8: =IF($Q8="","",IFERROR(INDEX(計算用!$M$2:$M$186,MATCH("女"&$Q8&"-3",計算用!$AN$2:$AN$186,0)),"")) | AB8: =IF($Q8="","",IFERROR(INDEX(計算用!$I$2:$I$186,MATCH("女"&$Q8&"-3",計算用!$AN$2:$AN$186,0)),"")) | AC8: =IF($Q8="","",IFERROR(INDEX(計算用!$D$2:$D$186,MATCH("女"&$Q8&"-4",計算用!$AN$2:$AN$186,0)),"")) | AD8: =IF($Q8="","",IFERROR(INDEX(計算用!$M$2:$M$186,MATCH("女"&$Q8&"-4",計算用!$AN$2:$AN$186,0)),"")) | AE8: =IF($Q8="","",IFERROR(INDEX(計算用!$I$2:$I$186,MATCH("女"&$Q8&"-4",計算用!$AN$2:$AN$186,0)),""))
A9: =IF(ROW()-3<=計算用!$Q$9,ROW()-3,"") | B9: =IF($A9="","",INDEX(計算用!$T$2:$T$51,$A9)) | C9: =IF($A9="","","赤"&INDEX(計算用!$W$2:$W$51,$A9)&"白"&INDEX(計算用!$X$2:$X$51,$A9)) | D9: =IF($A9="","",IFERROR(INDEX(計算用!$D$2:$D$186,MATCH("男"&$A9&"-1",計算用!$AN$2:$AN$186,0)),"")) | E9: =IF($A9="","",IFERROR(INDEX(計算用!$M$2:$M$186,MATCH("男"&$A9&"-1",計算用!$AN$2:$AN$186,0)),"")) | F9: =IF($A9="","",IFERROR(INDEX(計算用!$I$2:$I$186,MATCH("男"&$A9&"-1",計算用!$AN$2:$AN$186,0)),"")) | G9: =IF($A9="","",IFERROR(INDEX(計算用!$D$2:$D$186,MATCH("男"&$A9&"-2",計算用!$AN$2:$AN$186,0)),"")) | H9: =IF($A9="","",IFERROR(INDEX(計算用!$M$2:$M$186,MATCH("男"&$A9&"-2",計算用!$AN$2:$AN$186,0)),"")) | I9: =IF($A9="","",IFERROR(INDEX(計算用!$I$2:$I$186,MATCH("男"&$A9&"-2",計算用!$AN$2:$AN$186,0)),"")) | J9: =IF($A9="","",IFERROR(INDEX(計算用!$D$2:$D$186,MATCH("男"&$A9&"-3",計算用!$AN$2:$AN$186,0)),"")) | K9: =IF($A9="","",IFERROR(INDEX(計算用!$M$2:$M$186,MATCH("男"&$A9&"-3",計算用!$AN$2:$AN$186,0)),"")) | L9: =IF($A9="","",IFERROR(INDEX(計算用!$I$2:$I$186,MATCH("男"&$A9&"-3",計算用!$AN$2:$AN$186,0)),"")) | M9: =IF($A9="","",IFERROR(INDEX(計算用!$D$2:$D$186,MATCH("男"&$A9&"-4",計算用!$AN$2:$AN$186,0)),"")) | N9: =IF($A9="","",IFERROR(INDEX(計算用!$M$2:$M$186,MATCH("男"&$A9&"-4",計算用!$AN$2:$AN$186,0)),"")) | O9: =IF($A9="","",IFERROR(INDEX(計算用!$I$2:$I$186,MATCH("男"&$A9&"-4",計算用!$AN$2:$AN$186,0)),"")) | Q9: =IF(ROW()-3<=計算用!$Q$11,ROW()-3,"") | R9: =IF($Q9="","",INDEX(計算用!$AC$2:$AC$51,$Q9)) | S9: =IF($Q9="","","赤"&INDEX(計算用!$AF$2:$AF$51,$Q9)&"白"&INDEX(計算用!$AG$2:$AG$51,$Q9)) | T9: =IF($Q9="","",IFERROR(INDEX(計算用!$D$2:$D$186,MATCH("女"&$Q9&"-1",計算用!$AN$2:$AN$186,0)),"")) | U9: =IF($Q9="","",IFERROR(INDEX(計算用!$M$2:$M$186,MATCH("女"&$Q9&"-1",計算用!$AN$2:$AN$186,0)),"")) | V9: =IF($Q9="","",IFERROR(INDEX(計算用!$I$2:$I$186,MATCH("女"&$Q9&"-1",計算用!$AN$2:$AN$186,0)),"")) | W9: =IF($Q9="","",IFERROR(INDEX(計算用!$D$2:$D$186,MATCH("女"&$Q9&"-2",計算用!$AN$2:$AN$186,0)),"")) | X9: =IF($Q9="","",IFERROR(INDEX(計算用!$M$2:$M$186,MATCH("女"&$Q9&"-2",計算用!$AN$2:$AN$186,0)),"")) | Y9: =IF($Q9="","",IFERROR(INDEX(計算用!$I$2:$I$186,MATCH("女"&$Q9&"-2",計算用!$AN$2:$AN$186,0)),"")) | Z9: =IF($Q9="","",IFERROR(INDEX(計算用!$D$2:$D$186,MATCH("女"&$Q9&"-3",計算用!$AN$2:$AN$186,0)),"")) | AA9: =IF($Q9="","",IFERROR(INDEX(計算用!$M$2:$M$186,MATCH("女"&$Q9&"-3",計算用!$AN$2:$AN$186,0)),"")) | AB9: =IF($Q9="","",IFERROR(INDEX(計算用!$I$2:$I$186,MATCH("女"&$Q9&"-3",計算用!$AN$2:$AN$186,0)),"")) | AC9: =IF($Q9="","",IFERROR(INDEX(計算用!$D$2:$D$186,MATCH("女"&$Q9&"-4",計算用!$AN$2:$AN$186,0)),"")) | AD9: =IF($Q9="","",IFERROR(INDEX(計算用!$M$2:$M$186,MATCH("女"&$Q9&"-4",計算用!$AN$2:$AN$186,0)),"")) | AE9: =IF($Q9="","",IFERROR(INDEX(計算用!$I$2:$I$186,MATCH("女"&$Q9&"-4",計算用!$AN$2:$AN$186,0)),""))
A10: =IF(ROW()-3<=計算用!$Q$9,ROW()-3,"") | B10: =IF($A10="","",INDEX(計算用!$T$2:$T$51,$A10)) | C10: =IF($A10="","","赤"&INDEX(計算用!$W$2:$W$51,$A10)&"白"&INDEX(計算用!$X$2:$X$51,$A10)) | D10: =IF($A10="","",IFERROR(INDEX(計算用!$D$2:$D$186,MATCH("男"&$A10&"-1",計算用!$AN$2:$AN$186,0)),"")) | E10: =IF($A10="","",IFERROR(INDEX(計算用!$M$2:$M$186,MATCH("男"&$A10&"-1",計算用!$AN$2:$AN$186,0)),"")) | F10: =IF($A10="","",IFERROR(INDEX(計算用!$I$2:$I$186,MATCH("男"&$A10&"-1",計算用!$AN$2:$AN$186,0)),"")) | G10: =IF($A10="","",IFERROR(INDEX(計算用!$D$2:$D$186,MATCH("男"&$A10&"-2",計算用!$AN$2:$AN$186,0)),"")) | H10: =IF($A10="","",IFERROR(INDEX(計算用!$M$2:$M$186,MATCH("男"&$A10&"-2",計算用!$AN$2:$AN$186,0)),"")) | I10: =IF($A10="","",IFERROR(INDEX(計算用!$I$2:$I$186,MATCH("男"&$A10&"-2",計算用!$AN$2:$AN$186,0)),"")) | J10: =IF($A10="","",IFERROR(INDEX(計算用!$D$2:$D$186,MATCH("男"&$A10&"-3",計算用!$AN$2:$AN$186,0)),"")) | K10: =IF($A10="","",IFERROR(INDEX(計算用!$M$2:$M$186,MATCH("男"&$A10&"-3",計算用!$AN$2:$AN$186,0)),"")) | L10: =IF($A10="","",IFERROR(INDEX(計算用!$I$2:$I$186,MATCH("男"&$A10&"-3",計算用!$AN$2:$AN$186,0)),"")) | M10: =IF($A10="","",IFERROR(INDEX(計算用!$D$2:$D$186,MATCH("男"&$A10&"-4",計算用!$AN$2:$AN$186,0)),"")) | N10: =IF($A10="","",IFERROR(INDEX(計算用!$M$2:$M$186,MATCH("男"&$A10&"-4",計算用!$AN$2:$AN$186,0)),"")) | O10: =IF($A10="","",IFERROR(INDEX(計算用!$I$2:$I$186,MATCH("男"&$A10&"-4",計算用!$AN$2:$AN$186,0)),"")) | Q10: =IF(ROW()-3<=計算用!$Q$11,ROW()-3,"") | R10: =IF($Q10="","",INDEX(計算用!$AC$2:$AC$51,$Q10)) | S10: =IF($Q10="","","赤"&INDEX(計算用!$AF$2:$AF$51,$Q10)&"白"&INDEX(計算用!$AG$2:$AG$51,$Q10)) | T10: =IF($Q10="","",IFERROR(INDEX(計算用!$D$2:$D$186,MATCH("女"&$Q10&"-1",計算用!$AN$2:$AN$186,0)),"")) | U10: =IF($Q10="","",IFERROR(INDEX(計算用!$M$2:$M$186,MATCH("女"&$Q10&"-1",計算用!$AN$2:$AN$186,0)),"")) | V10: =IF($Q10="","",IFERROR(INDEX(計算用!$I$2:$I$186,MATCH("女"&$Q10&"-1",計算用!$AN$2:$AN$186,0)),"")) | W10: =IF($Q10="","",IFERROR(INDEX(計算用!$D$2:$D$186,MATCH("女"&$Q10&"-2",計算用!$AN$2:$AN$186,0)),"")) | X10: =IF($Q10="","",IFERROR(INDEX(計算用!$M$2:$M$186,MATCH("女"&$Q10&"-2",計算用!$AN$2:$AN$186,0)),"")) | Y10: =IF($Q10="","",IFERROR(INDEX(計算用!$I$2:$I$186,MATCH("女"&$Q10&"-2",計算用!$AN$2:$AN$186,0)),"")) | Z10: =IF($Q10="","",IFERROR(INDEX(計算用!$D$2:$D$186,MATCH("女"&$Q10&"-3",計算用!$AN$2:$AN$186,0)),"")) | AA10: =IF($Q10="","",IFERROR(INDEX(計算用!$M$2:$M$186,MATCH("女"&$Q10&"-3",計算用!$AN$2:$AN$186,0)),"")) | AB10: =IF($Q10="","",IFERROR(INDEX(計算用!$I$2:$I$186,MATCH("女"&$Q10&"-3",計算用!$AN$2:$AN$186,0)),"")) | AC10: =IF($Q10="","",IFERROR(INDEX(計算用!$D$2:$D$186,MATCH("女"&$Q10&"-4",計算用!$AN$2:$AN$186,0)),"")) | AD10: =IF($Q10="","",IFERROR(INDEX(計算用!$M$2:$M$186,MATCH("女"&$Q10&"-4",計算用!$AN$2:$AN$186,0)),"")) | AE10: =IF($Q10="","",IFERROR(INDEX(計算用!$I$2:$I$186,MATCH("女"&$Q10&"-4",計算用!$AN$2:$AN$186,0)),""))
A11: =IF(ROW()-3<=計算用!$Q$9,ROW()-3,"") | B11: =IF($A11="","",INDEX(計算用!$T$2:$T$51,$A11)) | C11: =IF($A11="","","赤"&INDEX(計算用!$W$2:$W$51,$A11)&"白"&INDEX(計算用!$X$2:$X$51,$A11)) | D11: =IF($A11="","",IFERROR(INDEX(計算用!$D$2:$D$186,MATCH("男"&$A11&"-1",計算用!$AN$2:$AN$186,0)),"")) | E11: =IF($A11="","",IFERROR(INDEX(計算用!$M$2:$M$186,MATCH("男"&$A11&"-1",計算用!$AN$2:$AN$186,0)),"")) | F11: =IF($A11="","",IFERROR(INDEX(計算用!$I$2:$I$186,MATCH("男"&$A11&"-1",計算用!$AN$2:$AN$186,0)),"")) | G11: =IF($A11="","",IFERROR(INDEX(計算用!$D$2:$D$186,MATCH("男"&$A11&"-2",計算用!$AN$2:$AN$186,0)),"")) | H11: =IF($A11="","",IFERROR(INDEX(計算用!$M$2:$M$186,MATCH("男"&$A11&"-2",計算用!$AN$2:$AN$186,0)),"")) | I11: =IF($A11="","",IFERROR(INDEX(計算用!$I$2:$I$186,MATCH("男"&$A11&"-2",計算用!$AN$2:$AN$186,0)),"")) | J11: =IF($A11="","",IFERROR(INDEX(計算用!$D$2:$D$186,MATCH("男"&$A11&"-3",計算用!$AN$2:$AN$186,0)),"")) | K11: =IF($A11="","",IFERROR(INDEX(計算用!$M$2:$M$186,MATCH("男"&$A11&"-3",計算用!$AN$2:$AN$186,0)),"")) | L11: =IF($A11="","",IFERROR(INDEX(計算用!$I$2:$I$186,MATCH("男"&$A11&"-3",計算用!$AN$2:$AN$186,0)),"")) | M11: =IF($A11="","",IFERROR(INDEX(計算用!$D$2:$D$186,MATCH("男"&$A11&"-4",計算用!$AN$2:$AN$186,0)),"")) | N11: =IF($A11="","",IFERROR(INDEX(計算用!$M$2:$M$186,MATCH("男"&$A11&"-4",計算用!$AN$2:$AN$186,0)),"")) | O11: =IF($A11="","",IFERROR(INDEX(計算用!$I$2:$I$186,MATCH("男"&$A11&"-4",計算用!$AN$2:$AN$186,0)),"")) | Q11: =IF(ROW()-3<=計算用!$Q$11,ROW()-3,"") | R11: =IF($Q11="","",INDEX(計算用!$AC$2:$AC$51,$Q11)) | S11: =IF($Q11="","","赤"&INDEX(計算用!$AF$2:$AF$51,$Q11)&"白"&INDEX(計算用!$AG$2:$AG$51,$Q11)) | T11: =IF($Q11="","",IFERROR(INDEX(計算用!$D$2:$D$186,MATCH("女"&$Q11&"-1",計算用!$AN$2:$AN$186,0)),"")) | U11: =IF($Q11="","",IFERROR(INDEX(計算用!$M$2:$M$186,MATCH("女"&$Q11&"-1",計算用!$AN$2:$AN$186,0)),"")) | V11: =IF($Q11="","",IFERROR(INDEX(計算用!$I$2:$I$186,MATCH("女"&$Q11&"-1",計算用!$AN$2:$AN$186,0)),"")) | W11: =IF($Q11="","",IFERROR(INDEX(計算用!$D$2:$D$186,MATCH("女"&$Q11&"-2",計算用!$AN$2:$AN$186,0)),"")) | X11: =IF($Q11="","",IFERROR(INDEX(計算用!$M$2:$M$186,MATCH("女"&$Q11&"-2",計算用!$AN$2:$AN$186,0)),"")) | Y11: =IF($Q11="","",IFERROR(INDEX(計算用!$I$2:$I$186,MATCH("女"&$Q11&"-2",計算用!$AN$2:$AN$186,0)),"")) | Z11: =IF($Q11="","",IFERROR(INDEX(計算用!$D$2:$D$186,MATCH("女"&$Q11&"-3",計算用!$AN$2:$AN$186,0)),"")) | AA11: =IF($Q11="","",IFERROR(INDEX(計算用!$M$2:$M$186,MATCH("女"&$Q11&"-3",計算用!$AN$2:$AN$186,0)),"")) | AB11: =IF($Q11="","",IFERROR(INDEX(計算用!$I$2:$I$186,MATCH("女"&$Q11&"-3",計算用!$AN$2:$AN$186,0)),"")) | AC11: =IF($Q11="","",IFERROR(INDEX(計算用!$D$2:$D$186,MATCH("女"&$Q11&"-4",計算用!$AN$2:$AN$186,0)),"")) | AD11: =IF($Q11="","",IFERROR(INDEX(計算用!$M$2:$M$186,MATCH("女"&$Q11&"-4",計算用!$AN$2:$AN$186,0)),"")) | AE11: =IF($Q11="","",IFERROR(INDEX(計算用!$I$2:$I$186,MATCH("女"&$Q11&"-4",計算用!$AN$2:$AN$186,0)),""))
A12: =IF(ROW()-3<=計算用!$Q$9,ROW()-3,"") | B12: =IF($A12="","",INDEX(計算用!$T$2:$T$51,$A12)) | C12: =IF($A12="","","赤"&INDEX(計算用!$W$2:$W$51,$A12)&"白"&INDEX(計算用!$X$2:$X$51,$A12)) | D12: =IF($A12="","",IFERROR(INDEX(計算用!$D$2:$D$186,MATCH("男"&$A12&"-1",計算用!$AN$2:$AN$186,0)),"")) | E12: =IF($A12="","",IFERROR(INDEX(計算用!$M$2:$M$186,MATCH("男"&$A12&"-1",計算用!$AN$2:$AN$186,0)),"")) | F12: =IF($A12="","",IFERROR(INDEX(計算用!$I$2:$I$186,MATCH("男"&$A12&"-1",計算用!$AN$2:$AN$186,0)),"")) | G12: =IF($A12="","",IFERROR(INDEX(計算用!$D$2:$D$186,MATCH("男"&$A12&"-2",計算用!$AN$2:$AN$186,0)),"")) | H12: =IF($A12="","",IFERROR(INDEX(計算用!$M$2:$M$186,MATCH("男"&$A12&"-2",計算用!$AN$2:$AN$186,0)),"")) | I12: =IF($A12="","",IFERROR(INDEX(計算用!$I$2:$I$186,MATCH("男"&$A12&"-2",計算用!$AN$2:$AN$186,0)),"")) | J12: =IF($A12="","",IFERROR(INDEX(計算用!$D$2:$D$186,MATCH("男"&$A12&"-3",計算用!$AN$2:$AN$186,0)),"")) | K12: =IF($A12="","",IFERROR(INDEX(計算用!$M$2:$M$186,MATCH("男"&$A12&"-3",計算用!$AN$2:$AN$186,0)),"")) | L12: =IF($A12="","",IFERROR(INDEX(計算用!$I$2:$I$186,MATCH("男"&$A12&"-3",計算用!$AN$2:$AN$186,0)),"")) | M12: =IF($A12="","",IFERROR(INDEX(計算用!$D$2:$D$186,MATCH("男"&$A12&"-4",計算用!$AN$2:$AN$186,0)),"")) | N12: =IF($A12="","",IFERROR(INDEX(計算用!$M$2:$M$186,MATCH("男"&$A12&"-4",計算用!$AN$2:$AN$186,0)),"")) | O12: =IF($A12="","",IFERROR(INDEX(計算用!$I$2:$I$186,MATCH("男"&$A12&"-4",計算用!$AN$2:$AN$186,0)),"")) | Q12: =IF(ROW()-3<=計算用!$Q$11,ROW()-3,"") | R12: =IF($Q12="","",INDEX(計算用!$AC$2:$AC$51,$Q12)) | S12: =IF($Q12="","","赤"&INDEX(計算用!$AF$2:$AF$51,$Q12)&"白"&INDEX(計算用!$AG$2:$AG$51,$Q12)) | T12: =IF($Q12="","",IFERROR(INDEX(計算用!$D$2:$D$186,MATCH("女"&$Q12&"-1",計算用!$AN$2:$AN$186,0)),"")) | U12: =IF($Q12="","",IFERROR(INDEX(計算用!$M$2:$M$186,MATCH("女"&$Q12&"-1",計算用!$AN$2:$AN$186,0)),"")) | V12: =IF($Q12="","",IFERROR(INDEX(計算用!$I$2:$I$186,MATCH("女"&$Q12&"-1",計算用!$AN$2:$AN$186,0)),"")) | W12: =IF($Q12="","",IFERROR(INDEX(計算用!$D$2:$D$186,MATCH("女"&$Q12&"-2",計算用!$AN$2:$AN$186,0)),"")) | X12: =IF($Q12="","",IFERROR(INDEX(計算用!$M$2:$M$186,MATCH("女"&$Q12&"-2",計算用!$AN$2:$AN$186,0)),"")) | Y12: =IF($Q12="","",IFERROR(INDEX(計算用!$I$2:$I$186,MATCH("女"&$Q12&"-2",計算用!$AN$2:$AN$186,0)),"")) | Z12: =IF($Q12="","",IFERROR(INDEX(計算用!$D$2:$D$186,MATCH("女"&$Q12&"-3",計算用!$AN$2:$AN$186,0)),"")) | AA12: =IF($Q12="","",IFERROR(INDEX(計算用!$M$2:$M$186,MATCH("女"&$Q12&"-3",計算用!$AN$2:$AN$186,0)),"")) | AB12: =IF($Q12="","",IFERROR(INDEX(計算用!$I$2:$I$186,MATCH("女"&$Q12&"-3",計算用!$AN$2:$AN$186,0)),"")) | AC12: =IF($Q12="","",IFERROR(INDEX(計算用!$D$2:$D$186,MATCH("女"&$Q12&"-4",計算用!$AN$2:$AN$186,0)),"")) | AD12: =IF($Q12="","",IFERROR(INDEX(計算用!$M$2:$M$186,MATCH("女"&$Q12&"-4",計算用!$AN$2:$AN$186,0)),"")) | AE12: =IF($Q12="","",IFERROR(INDEX(計算用!$I$2:$I$186,MATCH("女"&$Q12&"-4",計算用!$AN$2:$AN$186,0)),""))
A13: =IF(ROW()-3<=計算用!$Q$9,ROW()-3,"") | B13: =IF($A13="","",INDEX(計算用!$T$2:$T$51,$A13)) | C13: =IF($A13="","","赤"&INDEX(計算用!$W$2:$W$51,$A13)&"白"&INDEX(計算用!$X$2:$X$51,$A13)) | D13: =IF($A13="","",IFERROR(INDEX(計算用!$D$2:$D$186,MATCH("男"&$A13&"-1",計算用!$AN$2:$AN$186,0)),"")) | E13: =IF($A13="","",IFERROR(INDEX(計算用!$M$2:$M$186,MATCH("男"&$A13&"-1",計算用!$AN$2:$AN$186,0)),"")) | F13: =IF($A13="","",IFERROR(INDEX(計算用!$I$2:$I$186,MATCH("男"&$A13&"-1",計算用!$AN$2:$AN$186,0)),"")) | G13: =IF($A13="","",IFERROR(INDEX(計算用!$D$2:$D$186,MATCH("男"&$A13&"-2",計算用!$AN$2:$AN$186,0)),"")) | H13: =IF($A13="","",IFERROR(INDEX(計算用!$M$2:$M$186,MATCH("男"&$A13&"-2",計算用!$AN$2:$AN$186,0)),"")) | I13: =IF($A13="","",IFERROR(INDEX(計算用!$I$2:$I$186,MATCH("男"&$A13&"-2",計算用!$AN$2:$AN$186,0)),"")) | J13: =IF($A13="","",IFERROR(INDEX(計算用!$D$2:$D$186,MATCH("男"&$A13&"-3",計算用!$AN$2:$AN$186,0)),"")) | K13: =IF($A13="","",IFERROR(INDEX(計算用!$M$2:$M$186,MATCH("男"&$A13&"-3",計算用!$AN$2:$AN$186,0)),"")) | L13: =IF($A13="","",IFERROR(INDEX(計算用!$I$2:$I$186,MATCH("男"&$A13&"-3",計算用!$AN$2:$AN$186,0)),"")) | M13: =IF($A13="","",IFERROR(INDEX(計算用!$D$2:$D$186,MATCH("男"&$A13&"-4",計算用!$AN$2:$AN$186,0)),"")) | N13: =IF($A13="","",IFERROR(INDEX(計算用!$M$2:$M$186,MATCH("男"&$A13&"-4",計算用!$AN$2:$AN$186,0)),"")) | O13: =IF($A13="","",IFERROR(INDEX(計算用!$I$2:$I$186,MATCH("男"&$A13&"-4",計算用!$AN$2:$AN$186,0)),"")) | Q13: =IF(ROW()-3<=計算用!$Q$11,ROW()-3,"") | R13: =IF($Q13="","",INDEX(計算用!$AC$2:$AC$51,$Q13)) | S13: =IF($Q13="","","赤"&INDEX(計算用!$AF$2:$AF$51,$Q13)&"白"&INDEX(計算用!$AG$2:$AG$51,$Q13)) | T13: =IF($Q13="","",IFERROR(INDEX(計算用!$D$2:$D$186,MATCH("女"&$Q13&"-1",計算用!$AN$2:$AN$186,0)),"")) | U13: =IF($Q13="","",IFERROR(INDEX(計算用!$M$2:$M$186,MATCH("女"&$Q13&"-1",計算用!$AN$2:$AN$186,0)),"")) | V13: =IF($Q13="","",IFERROR(INDEX(計算用!$I$2:$I$186,MATCH("女"&$Q13&"-1",計算用!$AN$2:$AN$186,0)),"")) | W13: =IF($Q13="","",IFERROR(INDEX(計算用!$D$2:$D$186,MATCH("女"&$Q13&"-2",計算用!$AN$2:$AN$186,0)),"")) | X13: =IF($Q13="","",IFERROR(INDEX(計算用!$M$2:$M$186,MATCH("女"&$Q13&"-2",計算用!$AN$2:$AN$186,0)),"")) | Y13: =IF($Q13="","",IFERROR(INDEX(計算用!$I$2:$I$186,MATCH("女"&$Q13&"-2",計算用!$AN$2:$AN$186,0)),"")) | Z13: =IF($Q13="","",IFERROR(INDEX(計算用!$D$2:$D$186,MATCH("女"&$Q13&"-3",計算用!$AN$2:$AN$186,0)),"")) | AA13: =IF($Q13="","",IFERROR(INDEX(計算用!$M$2:$M$186,MATCH("女"&$Q13&"-3",計算用!$AN$2:$AN$186,0)),"")) | AB13: =IF($Q13="","",IFERROR(INDEX(計算用!$I$2:$I$186,MATCH("女"&$Q13&"-3",計算用!$AN$2:$AN$186,0)),"")) | AC13: =IF($Q13="","",IFERROR(INDEX(計算用!$D$2:$D$186,MATCH("女"&$Q13&"-4",計算用!$AN$2:$AN$186,0)),"")) | AD13: =IF($Q13="","",IFERROR(INDEX(計算用!$M$2:$M$186,MATCH("女"&$Q13&"-4",計算用!$AN$2:$AN$186,0)),"")) | AE13: =IF($Q13="","",IFERROR(INDEX(計算用!$I$2:$I$186,MATCH("女"&$Q13&"-4",計算用!$AN$2:$AN$186,0)),""))
A14: =IF(ROW()-3<=計算用!$Q$9,ROW()-3,"") | B14: =IF($A14="","",INDEX(計算用!$T$2:$T$51,$A14)) | C14: =IF($A14="","","赤"&INDEX(計算用!$W$2:$W$51,$A14)&"白"&INDEX(計算用!$X$2:$X$51,$A14)) | D14: =IF($A14="","",IFERROR(INDEX(計算用!$D$2:$D$186,MATCH("男"&$A14&"-1",計算用!$AN$2:$AN$186,0)),"")) | E14: =IF($A14="","",IFERROR(INDEX(計算用!$M$2:$M$186,MATCH("男"&$A14&"-1",計算用!$AN$2:$AN$186,0)),"")) | F14: =IF($A14="","",IFERROR(INDEX(計算用!$I$2:$I$186,MATCH("男"&$A14&"-1",計算用!$AN$2:$AN$186,0)),"")) | G14: =IF($A14="","",IFERROR(INDEX(計算用!$D$2:$D$186,MATCH("男"&$A14&"-2",計算用!$AN$2:$AN$186,0)),"")) | H14: =IF($A14="","",IFERROR(INDEX(計算用!$M$2:$M$186,MATCH("男"&$A14&"-2",計算用!$AN$2:$AN$186,0)),"")) | I14: =IF($A14="","",IFERROR(INDEX(計算用!$I$2:$I$186,MATCH("男"&$A14&"-2",計算用!$AN$2:$AN$186,0)),"")) | J14: =IF($A14="","",IFERROR(INDEX(計算用!$D$2:$D$186,MATCH("男"&$A14&"-3",計算用!$AN$2:$AN$186,0)),"")) | K14: =IF($A14="","",IFERROR(INDEX(計算用!$M$2:$M$186,MATCH("男"&$A14&"-3",計算用!$AN$2:$AN$186,0)),"")) | L14: =IF($A14="","",IFERROR(INDEX(計算用!$I$2:$I$186,MATCH("男"&$A14&"-3",計算用!$AN$2:$AN$186,0)),"")) | M14: =IF($A14="","",IFERROR(INDEX(計算用!$D$2:$D$186,MATCH("男"&$A14&"-4",計算用!$AN$2:$AN$186,0)),"")) | N14: =IF($A14="","",IFERROR(INDEX(計算用!$M$2:$M$186,MATCH("男"&$A14&"-4",計算用!$AN$2:$AN$186,0)),"")) | O14: =IF($A14="","",IFERROR(INDEX(計算用!$I$2:$I$186,MATCH("男"&$A14&"-4",計算用!$AN$2:$AN$186,0)),"")) | Q14: =IF(ROW()-3<=計算用!$Q$11,ROW()-3,"") | R14: =IF($Q14="","",INDEX(計算用!$AC$2:$AC$51,$Q14)) | S14: =IF($Q14="","","赤"&INDEX(計算用!$AF$2:$AF$51,$Q14)&"白"&INDEX(計算用!$AG$2:$AG$51,$Q14)) | T14: =IF($Q14="","",IFERROR(INDEX(計算用!$D$2:$D$186,MATCH("女"&$Q14&"-1",計算用!$AN$2:$AN$186,0)),"")) | U14: =IF($Q14="","",IFERROR(INDEX(計算用!$M$2:$M$186,MATCH("女"&$Q14&"-1",計算用!$AN$2:$AN$186,0)),"")) | V14: =IF($Q14="","",IFERROR(INDEX(計算用!$I$2:$I$186,MATCH("女"&$Q14&"-1",計算用!$AN$2:$AN$186,0)),"")) | W14: =IF($Q14="","",IFERROR(INDEX(計算用!$D$2:$D$186,MATCH("女"&$Q14&"-2",計算用!$AN$2:$AN$186,0)),"")) | X14: =IF($Q14="","",IFERROR(INDEX(計算用!$M$2:$M$186,MATCH("女"&$Q14&"-2",計算用!$AN$2:$AN$186,0)),"")) | Y14: =IF($Q14="","",IFERROR(INDEX(計算用!$I$2:$I$186,MATCH("女"&$Q14&"-2",計算用!$AN$2:$AN$186,0)),"")) | Z14: =IF($Q14="","",IFERROR(INDEX(計算用!$D$2:$D$186,MATCH("女"&$Q14&"-3",計算用!$AN$2:$AN$186,0)),"")) | AA14: =IF($Q14="","",IFERROR(INDEX(計算用!$M$2:$M$186,MATCH("女"&$Q14&"-3",計算用!$AN$2:$AN$186,0)),"")) | AB14: =IF($Q14="","",IFERROR(INDEX(計算用!$I$2:$I$186,MATCH("女"&$Q14&"-3",計算用!$AN$2:$AN$186,0)),"")) | AC14: =IF($Q14="","",IFERROR(INDEX(計算用!$D$2:$D$186,MATCH("女"&$Q14&"-4",計算用!$AN$2:$AN$186,0)),"")) | AD14: =IF($Q14="","",IFERROR(INDEX(計算用!$M$2:$M$186,MATCH("女"&$Q14&"-4",計算用!$AN$2:$AN$186,0)),"")) | AE14: =IF($Q14="","",IFERROR(INDEX(計算用!$I$2:$I$186,MATCH("女"&$Q14&"-4",計算用!$AN$2:$AN$186,0)),""))
A15: =IF(ROW()-3<=計算用!$Q$9,ROW()-3,"") | B15: =IF($A15="","",INDEX(計算用!$T$2:$T$51,$A15)) | C15: =IF($A15="","","赤"&INDEX(計算用!$W$2:$W$51,$A15)&"白"&INDEX(計算用!$X$2:$X$51,$A15)) | D15: =IF($A15="","",IFERROR(INDEX(計算用!$D$2:$D$186,MATCH("男"&$A15&"-1",計算用!$AN$2:$AN$186,0)),"")) | E15: =IF($A15="","",IFERROR(INDEX(計算用!$M$2:$M$186,MATCH("男"&$A15&"-1",計算用!$AN$2:$AN$186,0)),"")) | F15: =IF($A15="","",IFERROR(INDEX(計算用!$I$2:$I$186,MATCH("男"&$A15&"-1",計算用!$AN$2:$AN$186,0)),"")) | G15: =IF($A15="","",IFERROR(INDEX(計算用!$D$2:$D$186,MATCH("男"&$A15&"-2",計算用!$AN$2:$AN$186,0)),"")) | H15: =IF($A15="","",IFERROR(INDEX(計算用!$M$2:$M$186,MATCH("男"&$A15&"-2",計算用!$AN$2:$AN$186,0)),"")) | I15: =IF($A15="","",IFERROR(INDEX(計算用!$I$2:$I$186,MATCH("男"&$A15&"-2",計算用!$AN$2:$AN$186,0)),"")) | J15: =IF($A15="","",IFERROR(INDEX(計算用!$D$2:$D$186,MATCH("男"&$A15&"-3",計算用!$AN$2:$AN$186,0)),"")) | K15: =IF($A15="","",IFERROR(INDEX(計算用!$M$2:$M$186,MATCH("男"&$A15&"-3",計算用!$AN$2:$AN$186,0)),"")) | L15: =IF($A15="","",IFERROR(INDEX(計算用!$I$2:$I$186,MATCH("男"&$A15&"-3",計算用!$AN$2:$AN$186,0)),"")) | M15: =IF($A15="","",IFERROR(INDEX(計算用!$D$2:$D$186,MATCH("男"&$A15&"-4",計算用!$AN$2:$AN$186,0)),"")) | N15: =IF($A15="","",IFERROR(INDEX(計算用!$M$2:$M$186,MATCH("男"&$A15&"-4",計算用!$AN$2:$AN$186,0)),"")) | O15: =IF($A15="","",IFERROR(INDEX(計算用!$I$2:$I$186,MATCH("男"&$A15&"-4",計算用!$AN$2:$AN$186,0)),"")) | Q15: =IF(ROW()-3<=計算用!$Q$11,ROW()-3,"") | R15: =IF($Q15="","",INDEX(計算用!$AC$2:$AC$51,$Q15)) | S15: =IF($Q15="","","赤"&INDEX(計算用!$AF$2:$AF$51,$Q15)&"白"&INDEX(計算用!$AG$2:$AG$51,$Q15)) | T15: =IF($Q15="","",IFERROR(INDEX(計算用!$D$2:$D$186,MATCH("女"&$Q15&"-1",計算用!$AN$2:$AN$186,0)),"")) | U15: =IF($Q15="","",IFERROR(INDEX(計算用!$M$2:$M$186,MATCH("女"&$Q15&"-1",計算用!$AN$2:$AN$186,0)),"")) | V15: =IF($Q15="","",IFERROR(INDEX(計算用!$I$2:$I$186,MATCH("女"&$Q15&"-1",計算用!$AN$2:$AN$186,0)),"")) | W15: =IF($Q15="","",IFERROR(INDEX(計算用!$D$2:$D$186,MATCH("女"&$Q15&"-2",計算用!$AN$2:$AN$186,0)),"")) | X15: =IF($Q15="","",IFERROR(INDEX(計算用!$M$2:$M$186,MATCH("女"&$Q15&"-2",計算用!$AN$2:$AN$186,0)),"")) | Y15: =IF($Q15="","",IFERROR(INDEX(計算用!$I$2:$I$186,MATCH("女"&$Q15&"-2",計算用!$AN$2:$AN$186,0)),"")) | Z15: =IF($Q15="","",IFERROR(INDEX(計算用!$D$2:$D$186,MATCH("女"&$Q15&"-3",計算用!$AN$2:$AN$186,0)),"")) | AA15: =IF($Q15="","",IFERROR(INDEX(計算用!$M$2:$M$186,MATCH("女"&$Q15&"-3",計算用!$AN$2:$AN$186,0)),"")) | AB15: =IF($Q15="","",IFERROR(INDEX(計算用!$I$2:$I$186,MATCH("女"&$Q15&"-3",計算用!$AN$2:$AN$186,0)),"")) | AC15: =IF($Q15="","",IFERROR(INDEX(計算用!$D$2:$D$186,MATCH("女"&$Q15&"-4",計算用!$AN$2:$AN$186,0)),"")) | AD15: =IF($Q15="","",IFERROR(INDEX(計算用!$M$2:$M$186,MATCH("女"&$Q15&"-4",計算用!$AN$2:$AN$186,0)),"")) | AE15: =IF($Q15="","",IFERROR(INDEX(計算用!$I$2:$I$186,MATCH("女"&$Q15&"-4",計算用!$AN$2:$AN$186,0)),""))
... A53: =IF(ROW()-3<=計算用!$Q$9,ROW()-3,"") | B53: =IF($A53="","",INDEX(計算用!$T$2:$T$51,$A53)) | C53: =IF($A53="","","赤"&INDEX(計算用!$W$2:$W$51,$A53)&"白"&INDEX(計算用!$X$2:$X$51,$A53)) | D53: =IF($A53="","",IFERROR(INDEX(計算用!$D$2:$D$186,MATCH("男"&$A53&"-1",計算用!$AN$2:$AN$186,0)),"")) | E53: =IF($A53="","",IFERROR(INDEX(計算用!$M$2:$M$186,MATCH("男"&$A53&"-1",計算用!$AN$2:$AN$186,0)),"")) | F53: =IF($A53="","",IFERROR(INDEX(計算用!$I$2:$I$186,MATCH("男"&$A53&"-1",計算用!$AN$2:$AN$186,0)),"")) | G53: =IF($A53="","",IFERROR(INDEX(計算用!$D$2:$D$186,MATCH("男"&$A53&"-2",計算用!$AN$2:$AN$186,0)),"")) | H53: =IF($A53="","",IFERROR(INDEX(計算用!$M$2:$M$186,MATCH("男"&$A53&"-2",計算用!$AN$2:$AN$186,0)),"")) | I53: =IF($A53="","",IFERROR(INDEX(計算用!$I$2:$I$186,MATCH("男"&$A53&"-2",計算用!$AN$2:$AN$186,0)),"")) | J53: =IF($A53="","",IFERROR(INDEX(計算用!$D$2:$D$186,MATCH("男"&$A53&"-3",計算用!$AN$2:$AN$186,0)),"")) | K53: =IF($A53="","",IFERROR(INDEX(計算用!$M$2:$M$186,MATCH("男"&$A53&"-3",計算用!$AN$2:$AN$186,0)),"")) | L53: =IF($A53="","",IFERROR(INDEX(計算用!$I$2:$I$186,MATCH("男"&$A53&"-3",計算用!$AN$2:$AN$186,0)),"")) | M53: =IF($A53="","",IFERROR(INDEX(計算用!$D$2:$D$186,MATCH("男"&$A53&"-4",計算用!$AN$2:$AN$186,0)),"")) | N53: =IF($A53="","",IFERROR(INDEX(計算用!$M$2:$M$186,MATCH("男"&$A53&"-4",計算用!$AN$2:$AN$186,0)),"")) | O53: =IF($A53="","",IFERROR(INDEX(計算用!$I$2:$I$186,MATCH("男"&$A53&"-4",計算用!$AN$2:$AN$186,0)),"")) | Q53: =IF(ROW()-3<=計算用!$Q$11,ROW()-3,"") | R53: =IF($Q53="","",INDEX(計算用!$AC$2:$AC$51,$Q53)) | S53: =IF($Q53="","","赤"&INDEX(計算用!$AF$2:$AF$51,$Q53)&"白"&INDEX(計算用!$AG$2:$AG$51,$Q53)) | T53: =IF($Q53="","",IFERROR(INDEX(計算用!$D$2:$D$186,MATCH("女"&$Q53&"-1",計算用!$AN$2:$AN$186,0)),"")) | U53: =IF($Q53="","",IFERROR(INDEX(計算用!$M$2:$M$186,MATCH("女"&$Q53&"-1",計算用!$AN$2:$AN$186,0)),"")) | V53: =IF($Q53="","",IFERROR(INDEX(計算用!$I$2:$I$186,MATCH("女"&$Q53&"-1",計算用!$AN$2:$AN$186,0)),"")) | W53: =IF($Q53="","",IFERROR(INDEX(計算用!$D$2:$D$186,MATCH("女"&$Q53&"-2",計算用!$AN$2:$AN$186,0)),"")) | X53: =IF($Q53="","",IFERROR(INDEX(計算用!$M$2:$M$186,MATCH("女"&$Q53&"-2",計算用!$AN$2:$AN$186,0)),"")) | Y53: =IF($Q53="","",IFERROR(INDEX(計算用!$I$2:$I$186,MATCH("女"&$Q53&"-2",計算用!$AN$2:$AN$186,0)),"")) | Z53: =IF($Q53="","",IFERROR(INDEX(計算用!$D$2:$D$186,MATCH("女"&$Q53&"-3",計算用!$AN$2:$AN$186,0)),"")) | AA53: =IF($Q53="","",IFERROR(INDEX(計算用!$M$2:$M$186,MATCH("女"&$Q53&"-3",計算用!$AN$2:$AN$186,0)),"")) | AB53: =IF($Q53="","",IFERROR(INDEX(計算用!$I$2:$I$186,MATCH("女"&$Q53&"-3",計算用!$AN$2:$AN$186,0)),"")) | AC53: =IF($Q53="","",IFERROR(INDEX(計算用!$D$2:$D$186,MATCH("女"&$Q53&"-4",計算用!$AN$2:$AN$186,0)),"")) | AD53: =IF($Q53="","",IFERROR(INDEX(計算用!$M$2:$M$186,MATCH("女"&$Q53&"-4",計算用!$AN$2:$AN$186,0)),"")) | AE53: =IF($Q53="","",IFERROR(INDEX(計算用!$I$2:$I$186,MATCH("女"&$Q53&"-4",計算用!$AN$2:$AN$186,0)),""))

Sheet 手直し
A1: 手直し | C1: ① 右の「自動の組（コピー用）」S6:Z55 をコピーし、B6 に「値として貼り付け」します（右クリック →「貼り付けのオプション」の「値」）。 ② 名前を切り取り・貼り付けして、組を直します。結果は「決定版」シートに出ます。 ※名簿やタイムを直したときは、もう一度①からやり直してください。
B2: ="男子：自動 "&計算用!$Q$9&"組 → 手直し "&計算用!$Q$13&"組" | E2: =IF(計算用!$Q$15=0,IF(計算用!$Q$13=0,"","確認：問題なし"),"確認："&IF(計算用!$Q$17>0,"入っていない人 "&計算用!$Q$17&"人 ","")&IF(計算用!$Q$19>0,"2回以上入っている人 "&計算用!$Q$19&"人 ","")&IF(計算用!$Q$21>0,"名簿にない名前 "&計算用!$Q$21&"こ ","")&IF(計算用!$Q$23>0,"同じ名前の人がいます（区別できません）",""))
B3: ="女子：自動 "&計算用!$Q$11&"組 → 手直し "&計算用!$Q$14&"組" | E3: =IF(計算用!$Q$16=0,IF(計算用!$Q$14=0,"","確認：問題なし"),"確認："&IF(計算用!$Q$18>0,"入っていない人 "&計算用!$Q$18&"人 ","")&IF(計算用!$Q$20>0,"2回以上入っている人 "&計算用!$Q$20&"人 ","")&IF(計算用!$Q$22>0,"名簿にない名前 "&計算用!$Q$22&"こ ","")&IF(計算用!$Q$24>0,"同じ名前の人がいます（区別できません）","")) | S3: 自動の組（コピー用）
A4: 組 | B4: 男子 | F4: 女子 | K4: 男子 | M4: 女子 | P4: 入っていない人 | S4: 男子 | W4: 女子
B5: 1人目 | C5: 2人目 | D5: 3人目 | E5: 4人目 | F5: 1人目 | G5: 2人目 | H5: 3人目 | I5: 4人目 | K5: 人数 | L5: 内訳 | M5: 人数 | N5: 内訳 | P5: 男子 | Q5: 女子 | S5: 1人目 | T5: 2人目 | U5: 3人目 | V5: 4人目 | W5: 1人目 | X5: 2人目 | Y5: 3人目 | Z5: 4人目
A6: 1 | K6: =COUNTIF(B6:E6,"?*") | L6: =IF(K6=0,"","赤"&SUMPRODUCT(COUNTIFS(計算用!$AO$2:$AO$186,"男"&B6:E6,計算用!$I$2:$I$186,"赤"))&"白"&SUMPRODUCT(COUNTIFS(計算用!$AO$2:$AO$186,"男"&B6:E6,計算用!$I$2:$I$186,"白"))) | M6: =COUNTIF(F6:I6,"?*") | N6: =IF(M6=0,"","赤"&SUMPRODUCT(COUNTIFS(計算用!$AO$2:$AO$186,"女"&F6:I6,計算用!$I$2:$I$186,"赤"))&"白"&SUMPRODUCT(COUNTIFS(計算用!$AO$2:$AO$186,"女"&F6:I6,計算用!$I$2:$I$186,"白"))) | P6: =IFERROR(INDEX(計算用!$D$2:$D$186,MATCH(1,計算用!$AR$2:$AR$186,0))&"（"&INDEX(計算用!$M$2:$M$186,MATCH(1,計算用!$AR$2:$AR$186,0))&"）","") | Q6: =IFERROR(INDEX(計算用!$D$2:$D$186,MATCH(1,計算用!$AS$2:$AS$186,0))&"（"&INDEX(計算用!$M$2:$M$186,MATCH(1,計算用!$AS$2:$AS$186,0))&"）","") | S6: ='4人組'!D4&"" | T6: ='4人組'!G4&"" | U6: ='4人組'!J4&"" | V6: ='4人組'!M4&"" | W6: ='4人組'!T4&"" | X6: ='4人組'!W4&"" | Y6: ='4人組'!Z4&"" | Z6: ='4人組'!AC4&""
A7: 2 | K7: =COUNTIF(B7:E7,"?*") | L7: =IF(K7=0,"","赤"&SUMPRODUCT(COUNTIFS(計算用!$AO$2:$AO$186,"男"&B7:E7,計算用!$I$2:$I$186,"赤"))&"白"&SUMPRODUCT(COUNTIFS(計算用!$AO$2:$AO$186,"男"&B7:E7,計算用!$I$2:$I$186,"白"))) | M7: =COUNTIF(F7:I7,"?*") | N7: =IF(M7=0,"","赤"&SUMPRODUCT(COUNTIFS(計算用!$AO$2:$AO$186,"女"&F7:I7,計算用!$I$2:$I$186,"赤"))&"白"&SUMPRODUCT(COUNTIFS(計算用!$AO$2:$AO$186,"女"&F7:I7,計算用!$I$2:$I$186,"白"))) | P7: =IFERROR(INDEX(計算用!$D$2:$D$186,MATCH(2,計算用!$AR$2:$AR$186,0))&"（"&INDEX(計算用!$M$2:$M$186,MATCH(2,計算用!$AR$2:$AR$186,0))&"）","") | Q7: =IFERROR(INDEX(計算用!$D$2:$D$186,MATCH(2,計算用!$AS$2:$AS$186,0))&"（"&INDEX(計算用!$M$2:$M$186,MATCH(2,計算用!$AS$2:$AS$186,0))&"）","") | S7: ='4人組'!D5&"" | T7: ='4人組'!G5&"" | U7: ='4人組'!J5&"" | V7: ='4人組'!M5&"" | W7: ='4人組'!T5&"" | X7: ='4人組'!W5&"" | Y7: ='4人組'!Z5&"" | Z7: ='4人組'!AC5&""
A8: 3 | K8: =COUNTIF(B8:E8,"?*") | L8: =IF(K8=0,"","赤"&SUMPRODUCT(COUNTIFS(計算用!$AO$2:$AO$186,"男"&B8:E8,計算用!$I$2:$I$186,"赤"))&"白"&SUMPRODUCT(COUNTIFS(計算用!$AO$2:$AO$186,"男"&B8:E8,計算用!$I$2:$I$186,"白"))) | M8: =COUNTIF(F8:I8,"?*") | N8: =IF(M8=0,"","赤"&SUMPRODUCT(COUNTIFS(計算用!$AO$2:$AO$186,"女"&F8:I8,計算用!$I$2:$I$186,"赤"))&"白"&SUMPRODUCT(COUNTIFS(計算用!$AO$2:$AO$186,"女"&F8:I8,計算用!$I$2:$I$186,"白"))) | P8: =IFERROR(INDEX(計算用!$D$2:$D$186,MATCH(3,計算用!$AR$2:$AR$186,0))&"（"&INDEX(計算用!$M$2:$M$186,MATCH(3,計算用!$AR$2:$AR$186,0))&"）","") | Q8: =IFERROR(INDEX(計算用!$D$2:$D$186,MATCH(3,計算用!$AS$2:$AS$186,0))&"（"&INDEX(計算用!$M$2:$M$186,MATCH(3,計算用!$AS$2:$AS$186,0))&"）","") | S8: ='4人組'!D6&"" | T8: ='4人組'!G6&"" | U8: ='4人組'!J6&"" | V8: ='4人組'!M6&"" | W8: ='4人組'!T6&"" | X8: ='4人組'!W6&"" | Y8: ='4人組'!Z6&"" | Z8: ='4人組'!AC6&""
A9: 4 | K9: =COUNTIF(B9:E9,"?*") | L9: =IF(K9=0,"","赤"&SUMPRODUCT(COUNTIFS(計算用!$AO$2:$AO$186,"男"&B9:E9,計算用!$I$2:$I$186,"赤"))&"白"&SUMPRODUCT(COUNTIFS(計算用!$AO$2:$AO$186,"男"&B9:E9,計算用!$I$2:$I$186,"白"))) | M9: =COUNTIF(F9:I9,"?*") | N9: =IF(M9=0,"","赤"&SUMPRODUCT(COUNTIFS(計算用!$AO$2:$AO$186,"女"&F9:I9,計算用!$I$2:$I$186,"赤"))&"白"&SUMPRODUCT(COUNTIFS(計算用!$AO$2:$AO$186,"女"&F9:I9,計算用!$I$2:$I$186,"白"))) | P9: =IFERROR(INDEX(計算用!$D$2:$D$186,MATCH(4,計算用!$AR$2:$AR$186,0))&"（"&INDEX(計算用!$M$2:$M$186,MATCH(4,計算用!$AR$2:$AR$186,0))&"）","") | Q9: =IFERROR(INDEX(計算用!$D$2:$D$186,MATCH(4,計算用!$AS$2:$AS$186,0))&"（"&INDEX(計算用!$M$2:$M$186,MATCH(4,計算用!$AS$2:$AS$186,0))&"）","") | S9: ='4人組'!D7&"" | T9: ='4人組'!G7&"" | U9: ='4人組'!J7&"" | V9: ='4人組'!M7&"" | W9: ='4人組'!T7&"" | X9: ='4人組'!W7&"" | Y9: ='4人組'!Z7&"" | Z9: ='4人組'!AC7&""
A10: 5 | K10: =COUNTIF(B10:E10,"?*") | L10: =IF(K10=0,"","赤"&SUMPRODUCT(COUNTIFS(計算用!$AO$2:$AO$186,"男"&B10:E10,計算用!$I$2:$I$186,"赤"))&"白"&SUMPRODUCT(COUNTIFS(計算用!$AO$2:$AO$186,"男"&B10:E10,計算用!$I$2:$I$186,"白"))) | M10: =COUNTIF(F10:I10,"?*") | N10: =IF(M10=0,"","赤"&SUMPRODUCT(COUNTIFS(計算用!$AO$2:$AO$186,"女"&F10:I10,計算用!$I$2:$I$186,"赤"))&"白"&SUMPRODUCT(COUNTIFS(計算用!$AO$2:$AO$186,"女"&F10:I10,計算用!$I$2:$I$186,"白"))) | P10: =IFERROR(INDEX(計算用!$D$2:$D$186,MATCH(5,計算用!$AR$2:$AR$186,0))&"（"&INDEX(計算用!$M$2:$M$186,MATCH(5,計算用!$AR$2:$AR$186,0))&"）","") | Q10: =IFERROR(INDEX(計算用!$D$2:$D$186,MATCH(5,計算用!$AS$2:$AS$186,0))&"（"&INDEX(計算用!$M$2:$M$186,MATCH(5,計算用!$AS$2:$AS$186,0))&"）","") | S10: ='4人組'!D8&"" | T10: ='4人組'!G8&"" | U10: ='4人組'!J8&"" | V10: ='4人組'!M8&"" | W10: ='4人組'!T8&"" | X10: ='4人組'!W8&"" | Y10: ='4人組'!Z8&"" | Z10: ='4人組'!AC8&""
A11: 6 | K11: =COUNTIF(B11:E11,"?*") | L11: =IF(K11=0,"","赤"&SUMPRODUCT(COUNTIFS(計算用!$AO$2:$AO$186,"男"&B11:E11,計算用!$I$2:$I$186,"赤"))&"白"&SUMPRODUCT(COUNTIFS(計算用!$AO$2:$AO$186,"男"&B11:E11,計算用!$I$2:$I$186,"白"))) | M11: =COUNTIF(F11:I11,"?*") | N11: =IF(M11=0,"","赤"&SUMPRODUCT(COUNTIFS(計算用!$AO$2:$AO$186,"女"&F11:I11,計算用!$I$2:$I$186,"赤"))&"白"&SUMPRODUCT(COUNTIFS(計算用!$AO$2:$AO$186,"女"&F11:I11,計算用!$I$2:$I$186,"白"))) | P11: =IFERROR(INDEX(計算用!$D$2:$D$186,MATCH(6,計算用!$AR$2:$AR$186,0))&"（"&INDEX(計算用!$M$2:$M$186,MATCH(6,計算用!$AR$2:$AR$186,0))&"）","") | Q11: =IFERROR(INDEX(計算用!$D$2:$D$186,MATCH(6,計算用!$AS$2:$AS$186,0))&"（"&INDEX(計算用!$M$2:$M$186,MATCH(6,計算用!$AS$2:$AS$186,0))&"）","") | S11: ='4人組'!D9&"" | T11: ='4人組'!G9&"" | U11: ='4人組'!J9&"" | V11: ='4人組'!M9&"" | W11: ='4人組'!T9&"" | X11: ='4人組'!W9&"" | Y11: ='4人組'!Z9&"" | Z11: ='4人組'!AC9&""
A12: 7 | K12: =COUNTIF(B12:E12,"?*") | L12: =IF(K12=0,"","赤"&SUMPRODUCT(COUNTIFS(計算用!$AO$2:$AO$186,"男"&B12:E12,計算用!$I$2:$I$186,"赤"))&"白"&SUMPRODUCT(COUNTIFS(計算用!$AO$2:$AO$186,"男"&B12:E12,計算用!$I$2:$I$186,"白"))) | M12: =COUNTIF(F12:I12,"?*") | N12: =IF(M12=0,"","赤"&SUMPRODUCT(COUNTIFS(計算用!$AO$2:$AO$186,"女"&F12:I12,計算用!$I$2:$I$186,"赤"))&"白"&SUMPRODUCT(COUNTIFS(計算用!$AO$2:$AO$186,"女"&F12:I12,計算用!$I$2:$I$186,"白"))) | P12: =IFERROR(INDEX(計算用!$D$2:$D$186,MATCH(7,計算用!$AR$2:$AR$186,0))&"（"&INDEX(計算用!$M$2:$M$186,MATCH(7,計算用!$AR$2:$AR$186,0))&"）","") | Q12: =IFERROR(INDEX(計算用!$D$2:$D$186,MATCH(7,計算用!$AS$2:$AS$186,0))&"（"&INDEX(計算用!$M$2:$M$186,MATCH(7,計算用!$AS$2:$AS$186,0))&"）","") | S12: ='4人組'!D10&"" | T12: ='4人組'!G10&"" | U12: ='4人組'!J10&"" | V12: ='4人組'!M10&"" | W12: ='4人組'!T10&"" | X12: ='4人組'!W10&"" | Y12: ='4人組'!Z10&"" | Z12: ='4人組'!AC10&""
A13: 8 | K13: =COUNTIF(B13:E13,"?*") | L13: =IF(K13=0,"","赤"&SUMPRODUCT(COUNTIFS(計算用!$AO$2:$AO$186,"男"&B13:E13,計算用!$I$2:$I$186,"赤"))&"白"&SUMPRODUCT(COUNTIFS(計算用!$AO$2:$AO$186,"男"&B13:E13,計算用!$I$2:$I$186,"白"))) | M13: =COUNTIF(F13:I13,"?*") | N13: =IF(M13=0,"","赤"&SUMPRODUCT(COUNTIFS(計算用!$AO$2:$AO$186,"女"&F13:I13,計算用!$I$2:$I$186,"赤"))&"白"&SUMPRODUCT(COUNTIFS(計算用!$AO$2:$AO$186,"女"&F13:I13,計算用!$I$2:$I$186,"白"))) | P13: =IFERROR(INDEX(計算用!$D$2:$D$186,MATCH(8,計算用!$AR$2:$AR$186,0))&"（"&INDEX(計算用!$M$2:$M$186,MATCH(8,計算用!$AR$2:$AR$186,0))&"）","") | Q13: =IFERROR(INDEX(計算用!$D$2:$D$186,MATCH(8,計算用!$AS$2:$AS$186,0))&"（"&INDEX(計算用!$M$2:$M$186,MATCH(8,計算用!$AS$2:$AS$186,0))&"）","") | S13: ='4人組'!D11&"" | T13: ='4人組'!G11&"" | U13: ='4人組'!J11&"" | V13: ='4人組'!M11&"" | W13: ='4人組'!T11&"" | X13: ='4人組'!W11&"" | Y13: ='4人組'!Z11&"" | Z13: ='4人組'!AC11&""
A14: 9 | K14: =COUNTIF(B14:E14,"?*") | L14: =IF(K14=0,"","赤"&SUMPRODUCT(COUNTIFS(計算用!$AO$2:$AO$186,"男"&B14:E14,計算用!$I$2:$I$186,"赤"))&"白"&SUMPRODUCT(COUNTIFS(計算用!$AO$2:$AO$186,"男"&B14:E14,計算用!$I$2:$I$186,"白"))) | M14: =COUNTIF(F14:I14,"?*") | N14: =IF(M14=0,"","赤"&SUMPRODUCT(COUNTIFS(計算用!$AO$2:$AO$186,"女"&F14:I14,計算用!$I$2:$I$186,"赤"))&"白"&SUMPRODUCT(COUNTIFS(計算用!$AO$2:$AO$186,"女"&F14:I14,計算用!$I$2:$I$186,"白"))) | P14: =IFERROR(INDEX(計算用!$D$2:$D$186,MATCH(9,計算用!$AR$2:$AR$186,0))&"（"&INDEX(計算用!$M$2:$M$186,MATCH(9,計算用!$AR$2:$AR$186,0))&"）","") | Q14: =IFERROR(INDEX(計算用!$D$2:$D$186,MATCH(9,計算用!$AS$2:$AS$186,0))&"（"&INDEX(計算用!$M$2:$M$186,MATCH(9,計算用!$AS$2:$AS$186,0))&"）","") | S14: ='4人組'!D12&"" | T14: ='4人組'!G12&"" | U14: ='4人組'!J12&"" | V14: ='4人組'!M12&"" | W14: ='4人組'!T12&"" | X14: ='4人組'!W12&"" | Y14: ='4人組'!Z12&"" | Z14: ='4人組'!AC12&""
A15: 10 | K15: =COUNTIF(B15:E15,"?*") | L15: =IF(K15=0,"","赤"&SUMPRODUCT(COUNTIFS(計算用!$AO$2:$AO$186,"男"&B15:E15,計算用!$I$2:$I$186,"赤"))&"白"&SUMPRODUCT(COUNTIFS(計算用!$AO$2:$AO$186,"男"&B15:E15,計算用!$I$2:$I$186,"白"))) | M15: =COUNTIF(F15:I15,"?*") | N15: =IF(M15=0,"","赤"&SUMPRODUCT(COUNTIFS(計算用!$AO$2:$AO$186,"女"&F15:I15,計算用!$I$2:$I$186,"赤"))&"白"&SUMPRODUCT(COUNTIFS(計算用!$AO$2:$AO$186,"女"&F15:I15,計算用!$I$2:$I$186,"白"))) | P15: =IFERROR(INDEX(計算用!$D$2:$D$186,MATCH(10,計算用!$AR$2:$AR$186,0))&"（"&INDEX(計算用!$M$2:$M$186,MATCH(10,計算用!$AR$2:$AR$186,0))&"）","") | Q15: =IFERROR(INDEX(計算用!$D$2:$D$186,MATCH(10,計算用!$AS$2:$AS$186,0))&"（"&INDEX(計算用!$M$2:$M$186,MATCH(10,計算用!$AS$2:$AS$186,0))&"）","") | S15: ='4人組'!D13&"" | T15: ='4人組'!G13&"" | U15: ='4人組'!J13&"" | V15: ='4人組'!M13&"" | W15: ='4人組'!T13&"" | X15: ='4人組'!W13&"" | Y15: ='4人組'!Z13&"" | Z15: ='4人組'!AC13&""
A16: 11 | K16: =COUNTIF(B16:E16,"?*") | L16: =IF(K16=0,"","赤"&SUMPRODUCT(COUNTIFS(計算用!$AO$2:$AO$186,"男"&B16:E16,計算用!$I$2:$I$186,"赤"))&"白"&SUMPRODUCT(COUNTIFS(計算用!$AO$2:$AO$186,"男"&B16:E16,計算用!$I$2:$I$186,"白"))) | M16: =COUNTIF(F16:I16,"?*") | N16: =IF(M16=0,"","赤"&SUMPRODUCT(COUNTIFS(計算用!$AO$2:$AO$186,"女"&F16:I16,計算用!$I$2:$I$186,"赤"))&"白"&SUMPRODUCT(COUNTIFS(計算用!$AO$2:$AO$186,"女"&F16:I16,計算用!$I$2:$I$186,"白"))) | P16: =IFERROR(INDEX(計算用!$D$2:$D$186,MATCH(11,計算用!$AR$2:$AR$186,0))&"（"&INDEX(計算用!$M$2:$M$186,MATCH(11,計算用!$AR$2:$AR$186,0))&"）","") | Q16: =IFERROR(INDEX(計算用!$D$2:$D$186,MATCH(11,計算用!$AS$2:$AS$186,0))&"（"&INDEX(計算用!$M$2:$M$186,MATCH(11,計算用!$AS$2:$AS$186,0))&"）","") | S16: ='4人組'!D14&"" | T16: ='4人組'!G14&"" | U16: ='4人組'!J14&"" | V16: ='4人組'!M14&"" | W16: ='4人組'!T14&"" | X16: ='4人組'!W14&"" | Y16: ='4人組'!Z14&"" | Z16: ='4人組'!AC14&""
A17: 12 | K17: =COUNTIF(B17:E17,"?*") | L17: =IF(K17=0,"","赤"&SUMPRODUCT(COUNTIFS(計算用!$AO$2:$AO$186,"男"&B17:E17,計算用!$I$2:$I$186,"赤"))&"白"&SUMPRODUCT(COUNTIFS(計算用!$AO$2:$AO$186,"男"&B17:E17,計算用!$I$2:$I$186,"白"))) | M17: =COUNTIF(F17:I17,"?*") | N17: =IF(M17=0,"","赤"&SUMPRODUCT(COUNTIFS(計算用!$AO$2:$AO$186,"女"&F17:I17,計算用!$I$2:$I$186,"赤"))&"白"&SUMPRODUCT(COUNTIFS(計算用!$AO$2:$AO$186,"女"&F17:I17,計算用!$I$2:$I$186,"白"))) | P17: =IFERROR(INDEX(計算用!$D$2:$D$186,MATCH(12,計算用!$AR$2:$AR$186,0))&"（"&INDEX(計算用!$M$2:$M$186,MATCH(12,計算用!$AR$2:$AR$186,0))&"）","") | Q17: =IFERROR(INDEX(計算用!$D$2:$D$186,MATCH(12,計算用!$AS$2:$AS$186,0))&"（"&INDEX(計算用!$M$2:$M$186,MATCH(12,計算用!$AS$2:$AS$186,0))&"）","") | S17: ='4人組'!D15&"" | T17: ='4人組'!G15&"" | U17: ='4人組'!J15&"" | V17: ='4人組'!M15&"" | W17: ='4人組'!T15&"" | X17: ='4人組'!W15&"" | Y17: ='4人組'!Z15&"" | Z17: ='4人組'!AC15&""
A18: 13 | K18: =COUNTIF(B18:E18,"?*") | L18: =IF(K18=0,"","赤"&SUMPRODUCT(COUNTIFS(計算用!$AO$2:$AO$186,"男"&B18:E18,計算用!$I$2:$I$186,"赤"))&"白"&SUMPRODUCT(COUNTIFS(計算用!$AO$2:$AO$186,"男"&B18:E18,計算用!$I$2:$I$186,"白"))) | M18: =COUNTIF(F18:I18,"?*") | N18: =IF(M18=0,"","赤"&SUMPRODUCT(COUNTIFS(計算用!$AO$2:$AO$186,"女"&F18:I18,計算用!$I$2:$I$186,"赤"))&"白"&SUMPRODUCT(COUNTIFS(計算用!$AO$2:$AO$186,"女"&F18:I18,計算用!$I$2:$I$186,"白"))) | P18: =IFERROR(INDEX(計算用!$D$2:$D$186,MATCH(13,計算用!$AR$2:$AR$186,0))&"（"&INDEX(計算用!$M$2:$M$186,MATCH(13,計算用!$AR$2:$AR$186,0))&"）","") | Q18: =IFERROR(INDEX(計算用!$D$2:$D$186,MATCH(13,計算用!$AS$2:$AS$186,0))&"（"&INDEX(計算用!$M$2:$M$186,MATCH(13,計算用!$AS$2:$AS$186,0))&"）","") | S18: ='4人組'!D16&"" | T18: ='4人組'!G16&"" | U18: ='4人組'!J16&"" | V18: ='4人組'!M16&"" | W18: ='4人組'!T16&"" | X18: ='4人組'!W16&"" | Y18: ='4人組'!Z16&"" | Z18: ='4人組'!AC16&""
A19: 14 | K19: =COUNTIF(B19:E19,"?*") | L19: =IF(K19=0,"","赤"&SUMPRODUCT(COUNTIFS(計算用!$AO$2:$AO$186,"男"&B19:E19,計算用!$I$2:$I$186,"赤"))&"白"&SUMPRODUCT(COUNTIFS(計算用!$AO$2:$AO$186,"男"&B19:E19,計算用!$I$2:$I$186,"白"))) | M19: =COUNTIF(F19:I19,"?*") | N19: =IF(M19=0,"","赤"&SUMPRODUCT(COUNTIFS(計算用!$AO$2:$AO$186,"女"&F19:I19,計算用!$I$2:$I$186,"赤"))&"白"&SUMPRODUCT(COUNTIFS(計算用!$AO$2:$AO$186,"女"&F19:I19,計算用!$I$2:$I$186,"白"))) | P19: =IFERROR(INDEX(計算用!$D$2:$D$186,MATCH(14,計算用!$AR$2:$AR$186,0))&"（"&INDEX(計算用!$M$2:$M$186,MATCH(14,計算用!$AR$2:$AR$186,0))&"）","") | Q19: =IFERROR(INDEX(計算用!$D$2:$D$186,MATCH(14,計算用!$AS$2:$AS$186,0))&"（"&INDEX(計算用!$M$2:$M$186,MATCH(14,計算用!$AS$2:$AS$186,0))&"）","") | S19: ='4人組'!D17&"" | T19: ='4人組'!G17&"" | U19: ='4人組'!J17&"" | V19: ='4人組'!M17&"" | W19: ='4人組'!T17&"" | X19: ='4人組'!W17&"" | Y19: ='4人組'!Z17&"" | Z19: ='4人組'!AC17&""
A20: 15 | K20: =COUNTIF(B20:E20,"?*") | L20: =IF(K20=0,"","赤"&SUMPRODUCT(COUNTIFS(計算用!$AO$2:$AO$186,"男"&B20:E20,計算用!$I$2:$I$186,"赤"))&"白"&SUMPRODUCT(COUNTIFS(計算用!$AO$2:$AO$186,"男"&B20:E20,計算用!$I$2:$I$186,"白"))) | M20: =COUNTIF(F20:I20,"?*") | N20: =IF(M20=0,"","赤"&SUMPRODUCT(COUNTIFS(計算用!$AO$2:$AO$186,"女"&F20:I20,計算用!$I$2:$I$186,"赤"))&"白"&SUMPRODUCT(COUNTIFS(計算用!$AO$2:$AO$186,"女"&F20:I20,計算用!$I$2:$I$186,"白"))) | P20: =IFERROR(INDEX(計算用!$D$2:$D$186,MATCH(15,計算用!$AR$2:$AR$186,0))&"（"&INDEX(計算用!$M$2:$M$186,MATCH(15,計算用!$AR$2:$AR$186,0))&"）","") | Q20: =IFERROR(INDEX(計算用!$D$2:$D$186,MATCH(15,計算用!$AS$2:$AS$186,0))&"（"&INDEX(計算用!$M$2:$M$186,MATCH(15,計算用!$AS$2:$AS$186,0))&"）","") | S20: ='4人組'!D18&"" | T20: ='4人組'!G18&"" | U20: ='4人組'!J18&"" | V20: ='4人組'!M18&"" | W20: ='4人組'!T18&"" | X20: ='4人組'!W18&"" | Y20: ='4人組'!Z18&"" | Z20: ='4人組'!AC18&""
A21: 16 | K21: =COUNTIF(B21:E21,"?*") | L21: =IF(K21=0,"","赤"&SUMPRODUCT(COUNTIFS(計算用!$AO$2:$AO$186,"男"&B21:E21,計算用!$I$2:$I$186,"赤"))&"白"&SUMPRODUCT(COUNTIFS(計算用!$AO$2:$AO$186,"男"&B21:E21,計算用!$I$2:$I$186,"白"))) | M21: =COUNTIF(F21:I21,"?*") | N21: =IF(M21=0,"","赤"&SUMPRODUCT(COUNTIFS(計算用!$AO$2:$AO$186,"女"&F21:I21,計算用!$I$2:$I$186,"赤"))&"白"&SUMPRODUCT(COUNTIFS(計算用!$AO$2:$AO$186,"女"&F21:I21,計算用!$I$2:$I$186,"白"))) | P21: =IFERROR(INDEX(計算用!$D$2:$D$186,MATCH(16,計算用!$AR$2:$AR$186,0))&"（"&INDEX(計算用!$M$2:$M$186,MATCH(16,計算用!$AR$2:$AR$186,0))&"）","") | Q21: =IFERROR(INDEX(計算用!$D$2:$D$186,MATCH(16,計算用!$AS$2:$AS$186,0))&"（"&INDEX(計算用!$M$2:$M$186,MATCH(16,計算用!$AS$2:$AS$186,0))&"）","") | S21: ='4人組'!D19&"" | T21: ='4人組'!G19&"" | U21: ='4人組'!J19&"" | V21: ='4人組'!M19&"" | W21: ='4人組'!T19&"" | X21: ='4人組'!W19&"" | Y21: ='4人組'!Z19&"" | Z21: ='4人組'!AC19&""
A22: 17 | K22: =COUNTIF(B22:E22,"?*") | L22: =IF(K22=0,"","赤"&SUMPRODUCT(COUNTIFS(計算用!$AO$2:$AO$186,"男"&B22:E22,計算用!$I$2:$I$186,"赤"))&"白"&SUMPRODUCT(COUNTIFS(計算用!$AO$2:$AO$186,"男"&B22:E22,計算用!$I$2:$I$186,"白"))) | M22: =COUNTIF(F22:I22,"?*") | N22: =IF(M22=0,"","赤"&SUMPRODUCT(COUNTIFS(計算用!$AO$2:$AO$186,"女"&F22:I22,計算用!$I$2:$I$186,"赤"))&"白"&SUMPRODUCT(COUNTIFS(計算用!$AO$2:$AO$186,"女"&F22:I22,計算用!$I$2:$I$186,"白"))) | P22: =IFERROR(INDEX(計算用!$D$2:$D$186,MATCH(17,計算用!$AR$2:$AR$186,0))&"（"&INDEX(計算用!$M$2:$M$186,MATCH(17,計算用!$AR$2:$AR$186,0))&"）","") | Q22: =IFERROR(INDEX(計算用!$D$2:$D$186,MATCH(17,計算用!$AS$2:$AS$186,0))&"（"&INDEX(計算用!$M$2:$M$186,MATCH(17,計算用!$AS$2:$AS$186,0))&"）","") | S22: ='4人組'!D20&"" | T22: ='4人組'!G20&"" | U22: ='4人組'!J20&"" | V22: ='4人組'!M20&"" | W22: ='4人組'!T20&"" | X22: ='4人組'!W20&"" | Y22: ='4人組'!Z20&"" | Z22: ='4人組'!AC20&""
A23: 18 | K23: =COUNTIF(B23:E23,"?*") | L23: =IF(K23=0,"","赤"&SUMPRODUCT(COUNTIFS(計算用!$AO$2:$AO$186,"男"&B23:E23,計算用!$I$2:$I$186,"赤"))&"白"&SUMPRODUCT(COUNTIFS(計算用!$AO$2:$AO$186,"男"&B23:E23,計算用!$I$2:$I$186,"白"))) | M23: =COUNTIF(F23:I23,"?*") | N23: =IF(M23=0,"","赤"&SUMPRODUCT(COUNTIFS(計算用!$AO$2:$AO$186,"女"&F23:I23,計算用!$I$2:$I$186,"赤"))&"白"&SUMPRODUCT(COUNTIFS(計算用!$AO$2:$AO$186,"女"&F23:I23,計算用!$I$2:$I$186,"白"))) | P23: =IFERROR(INDEX(計算用!$D$2:$D$186,MATCH(18,計算用!$AR$2:$AR$186,0))&"（"&INDEX(計算用!$M$2:$M$186,MATCH(18,計算用!$AR$2:$AR$186,0))&"）","") | Q23: =IFERROR(INDEX(計算用!$D$2:$D$186,MATCH(18,計算用!$AS$2:$AS$186,0))&"（"&INDEX(計算用!$M$2:$M$186,MATCH(18,計算用!$AS$2:$AS$186,0))&"）","") | S23: ='4人組'!D21&"" | T23: ='4人組'!G21&"" | U23: ='4人組'!J21&"" | V23: ='4人組'!M21&"" | W23: ='4人組'!T21&"" | X23: ='4人組'!W21&"" | Y23: ='4人組'!Z21&"" | Z23: ='4人組'!AC21&""
A24: 19 | K24: =COUNTIF(B24:E24,"?*") | L24: =IF(K24=0,"","赤"&SUMPRODUCT(COUNTIFS(計算用!$AO$2:$AO$186,"男"&B24:E24,計算用!$I$2:$I$186,"赤"))&"白"&SUMPRODUCT(COUNTIFS(計算用!$AO$2:$AO$186,"男"&B24:E24,計算用!$I$2:$I$186,"白"))) | M24: =COUNTIF(F24:I24,"?*") | N24: =IF(M24=0,"","赤"&SUMPRODUCT(COUNTIFS(計算用!$AO$2:$AO$186,"女"&F24:I24,計算用!$I$2:$I$186,"赤"))&"白"&SUMPRODUCT(COUNTIFS(計算用!$AO$2:$AO$186,"女"&F24:I24,計算用!$I$2:$I$186,"白"))) | P24: =IFERROR(INDEX(計算用!$D$2:$D$186,MATCH(19,計算用!$AR$2:$AR$186,0))&"（"&INDEX(計算用!$M$2:$M$186,MATCH(19,計算用!$AR$2:$AR$186,0))&"）","") | Q24: =IFERROR(INDEX(計算用!$D$2:$D$186,MATCH(19,計算用!$AS$2:$AS$186,0))&"（"&INDEX(計算用!$M$2:$M$186,MATCH(19,計算用!$AS$2:$AS$186,0))&"）","") | S24: ='4人組'!D22&"" | T24: ='4人組'!G22&"" | U24: ='4人組'!J22&"" | V24: ='4人組'!M22&"" | W24: ='4人組'!T22&"" | X24: ='4人組'!W22&"" | Y24: ='4人組'!Z22&"" | Z24: ='4人組'!AC22&""
A25: 20 | K25: =COUNTIF(B25:E25,"?*") | L25: =IF(K25=0,"","赤"&SUMPRODUCT(COUNTIFS(計算用!$AO$2:$AO$186,"男"&B25:E25,計算用!$I$2:$I$186,"赤"))&"白"&SUMPRODUCT(COUNTIFS(計算用!$AO$2:$AO$186,"男"&B25:E25,計算用!$I$2:$I$186,"白"))) | M25: =COUNTIF(F25:I25,"?*") | N25: =IF(M25=0,"","赤"&SUMPRODUCT(COUNTIFS(計算用!$AO$2:$AO$186,"女"&F25:I25,計算用!$I$2:$I$186,"赤"))&"白"&SUMPRODUCT(COUNTIFS(計算用!$AO$2:$AO$186,"女"&F25:I25,計算用!$I$2:$I$186,"白"))) | P25: =IFERROR(INDEX(計算用!$D$2:$D$186,MATCH(20,計算用!$AR$2:$AR$186,0))&"（"&INDEX(計算用!$M$2:$M$186,MATCH(20,計算用!$AR$2:$AR$186,0))&"）","") | Q25: =IFERROR(INDEX(計算用!$D$2:$D$186,MATCH(20,計算用!$AS$2:$AS$186,0))&"（"&INDEX(計算用!$M$2:$M$186,MATCH(20,計算用!$AS$2:$AS$186,0))&"）","") | S25: ='4人組'!D23&"" | T25: ='4人組'!G23&"" | U25: ='4人組'!J23&"" | V25: ='4人組'!M23&"" | W25: ='4人組'!T23&"" | X25: ='4人組'!W23&"" | Y25: ='4人組'!Z23&"" | Z25: ='4人組'!AC23&""
A26: 21 | K26: =COUNTIF(B26:E26,"?*") | L26: =IF(K26=0,"","赤"&SUMPRODUCT(COUNTIFS(計算用!$AO$2:$AO$186,"男"&B26:E26,計算用!$I$2:$I$186,"赤"))&"白"&SUMPRODUCT(COUNTIFS(計算用!$AO$2:$AO$186,"男"&B26:E26,計算用!$I$2:$I$186,"白"))) | M26: =COUNTIF(F26:I26,"?*") | N26: =IF(M26=0,"","赤"&SUMPRODUCT(COUNTIFS(計算用!$AO$2:$AO$186,"女"&F26:I26,計算用!$I$2:$I$186,"赤"))&"白"&SUMPRODUCT(COUNTIFS(計算用!$AO$2:$AO$186,"女"&F26:I26,計算用!$I$2:$I$186,"白"))) | P26: =IFERROR(INDEX(計算用!$D$2:$D$186,MATCH(21,計算用!$AR$2:$AR$186,0))&"（"&INDEX(計算用!$M$2:$M$186,MATCH(21,計算用!$AR$2:$AR$186,0))&"）","") | Q26: =IFERROR(INDEX(計算用!$D$2:$D$186,MATCH(21,計算用!$AS$2:$AS$186,0))&"（"&INDEX(計算用!$M$2:$M$186,MATCH(21,計算用!$AS$2:$AS$186,0))&"）","") | S26: ='4人組'!D24&"" | T26: ='4人組'!G24&"" | U26: ='4人組'!J24&"" | V26: ='4人組'!M24&"" | W26: ='4人組'!T24&"" | X26: ='4人組'!W24&"" | Y26: ='4人組'!Z24&"" | Z26: ='4人組'!AC24&""
A27: 22 | K27: =COUNTIF(B27:E27,"?*") | L27: =IF(K27=0,"","赤"&SUMPRODUCT(COUNTIFS(計算用!$AO$2:$AO$186,"男"&B27:E27,計算用!$I$2:$I$186,"赤"))&"白"&SUMPRODUCT(COUNTIFS(計算用!$AO$2:$AO$186,"男"&B27:E27,計算用!$I$2:$I$186,"白"))) | M27: =COUNTIF(F27:I27,"?*") | N27: =IF(M27=0,"","赤"&SUMPRODUCT(COUNTIFS(計算用!$AO$2:$AO$186,"女"&F27:I27,計算用!$I$2:$I$186,"赤"))&"白"&SUMPRODUCT(COUNTIFS(計算用!$AO$2:$AO$186,"女"&F27:I27,計算用!$I$2:$I$186,"白"))) | P27: =IFERROR(INDEX(計算用!$D$2:$D$186,MATCH(22,計算用!$AR$2:$AR$186,0))&"（"&INDEX(計算用!$M$2:$M$186,MATCH(22,計算用!$AR$2:$AR$186,0))&"）","") | Q27: =IFERROR(INDEX(計算用!$D$2:$D$186,MATCH(22,計算用!$AS$2:$AS$186,0))&"（"&INDEX(計算用!$M$2:$M$186,MATCH(22,計算用!$AS$2:$AS$186,0))&"）","") | S27: ='4人組'!D25&"" | T27: ='4人組'!G25&"" | U27: ='4人組'!J25&"" | V27: ='4人組'!M25&"" | W27: ='4人組'!T25&"" | X27: ='4人組'!W25&"" | Y27: ='4人組'!Z25&"" | Z27: ='4人組'!AC25&""
A28: 23 | K28: =COUNTIF(B28:E28,"?*") | L28: =IF(K28=0,"","赤"&SUMPRODUCT(COUNTIFS(計算用!$AO$2:$AO$186,"男"&B28:E28,計算用!$I$2:$I$186,"赤"))&"白"&SUMPRODUCT(COUNTIFS(計算用!$AO$2:$AO$186,"男"&B28:E28,計算用!$I$2:$I$186,"白"))) | M28: =COUNTIF(F28:I28,"?*") | N28: =IF(M28=0,"","赤"&SUMPRODUCT(COUNTIFS(計算用!$AO$2:$AO$186,"女"&F28:I28,計算用!$I$2:$I$186,"赤"))&"白"&SUMPRODUCT(COUNTIFS(計算用!$AO$2:$AO$186,"女"&F28:I28,計算用!$I$2:$I$186,"白"))) | P28: =IFERROR(INDEX(計算用!$D$2:$D$186,MATCH(23,計算用!$AR$2:$AR$186,0))&"（"&INDEX(計算用!$M$2:$M$186,MATCH(23,計算用!$AR$2:$AR$186,0))&"）","") | Q28: =IFERROR(INDEX(計算用!$D$2:$D$186,MATCH(23,計算用!$AS$2:$AS$186,0))&"（"&INDEX(計算用!$M$2:$M$186,MATCH(23,計算用!$AS$2:$AS$186,0))&"）","") | S28: ='4人組'!D26&"" | T28: ='4人組'!G26&"" | U28: ='4人組'!J26&"" | V28: ='4人組'!M26&"" | W28: ='4人組'!T26&"" | X28: ='4人組'!W26&"" | Y28: ='4人組'!Z26&"" | Z28: ='4人組'!AC26&""
A29: 24 | K29: =COUNTIF(B29:E29,"?*") | L29: =IF(K29=0,"","赤"&SUMPRODUCT(COUNTIFS(計算用!$AO$2:$AO$186,"男"&B29:E29,計算用!$I$2:$I$186,"赤"))&"白"&SUMPRODUCT(COUNTIFS(計算用!$AO$2:$AO$186,"男"&B29:E29,計算用!$I$2:$I$186,"白"))) | M29: =COUNTIF(F29:I29,"?*") | N29: =IF(M29=0,"","赤"&SUMPRODUCT(COUNTIFS(計算用!$AO$2:$AO$186,"女"&F29:I29,計算用!$I$2:$I$186,"赤"))&"白"&SUMPRODUCT(COUNTIFS(計算用!$AO$2:$AO$186,"女"&F29:I29,計算用!$I$2:$I$186,"白"))) | P29: =IFERROR(INDEX(計算用!$D$2:$D$186,MATCH(24,計算用!$AR$2:$AR$186,0))&"（"&INDEX(計算用!$M$2:$M$186,MATCH(24,計算用!$AR$2:$AR$186,0))&"）","") | Q29: =IFERROR(INDEX(計算用!$D$2:$D$186,MATCH(24,計算用!$AS$2:$AS$186,0))&"（"&INDEX(計算用!$M$2:$M$186,MATCH(24,計算用!$AS$2:$AS$186,0))&"）","") | S29: ='4人組'!D27&"" | T29: ='4人組'!G27&"" | U29: ='4人組'!J27&"" | V29: ='4人組'!M27&"" | W29: ='4人組'!T27&"" | X29: ='4人組'!W27&"" | Y29: ='4人組'!Z27&"" | Z29: ='4人組'!AC27&""
A30: 25 | K30: =COUNTIF(B30:E30,"?*") | L30: =IF(K30=0,"","赤"&SUMPRODUCT(COUNTIFS(計算用!$AO$2:$AO$186,"男"&B30:E30,計算用!$I$2:$I$186,"赤"))&"白"&SUMPRODUCT(COUNTIFS(計算用!$AO$2:$AO$186,"男"&B30:E30,計算用!$I$2:$I$186,"白"))) | M30: =COUNTIF(F30:I30,"?*") | N30: =IF(M30=0,"","赤"&SUMPRODUCT(COUNTIFS(計算用!$AO$2:$AO$186,"女"&F30:I30,計算用!$I$2:$I$186,"赤"))&"白"&SUMPRODUCT(COUNTIFS(計算用!$AO$2:$AO$186,"女"&F30:I30,計算用!$I$2:$I$186,"白"))) | P30: =IFERROR(INDEX(計算用!$D$2:$D$186,MATCH(25,計算用!$AR$2:$AR$186,0))&"（"&INDEX(計算用!$M$2:$M$186,MATCH(25,計算用!$AR$2:$AR$186,0))&"）","") | Q30: =IFERROR(INDEX(計算用!$D$2:$D$186,MATCH(25,計算用!$AS$2:$AS$186,0))&"（"&INDEX(計算用!$M$2:$M$186,MATCH(25,計算用!$AS$2:$AS$186,0))&"）","") | S30: ='4人組'!D28&"" | T30: ='4人組'!G28&"" | U30: ='4人組'!J28&"" | V30: ='4人組'!M28&"" | W30: ='4人組'!T28&"" | X30: ='4人組'!W28&"" | Y30: ='4人組'!Z28&"" | Z30: ='4人組'!AC28&""
A31: 26 | K31: =COUNTIF(B31:E31,"?*") | L31: =IF(K31=0,"","赤"&SUMPRODUCT(COUNTIFS(計算用!$AO$2:$AO$186,"男"&B31:E31,計算用!$I$2:$I$186,"赤"))&"白"&SUMPRODUCT(COUNTIFS(計算用!$AO$2:$AO$186,"男"&B31:E31,計算用!$I$2:$I$186,"白"))) | M31: =COUNTIF(F31:I31,"?*") | N31: =IF(M31=0,"","赤"&SUMPRODUCT(COUNTIFS(計算用!$AO$2:$AO$186,"女"&F31:I31,計算用!$I$2:$I$186,"赤"))&"白"&SUMPRODUCT(COUNTIFS(計算用!$AO$2:$AO$186,"女"&F31:I31,計算用!$I$2:$I$186,"白"))) | P31: =IFERROR(INDEX(計算用!$D$2:$D$186,MATCH(26,計算用!$AR$2:$AR$186,0))&"（"&INDEX(計算用!$M$2:$M$186,MATCH(26,計算用!$AR$2:$AR$186,0))&"）","") | Q31: =IFERROR(INDEX(計算用!$D$2:$D$186,MATCH(26,計算用!$AS$2:$AS$186,0))&"（"&INDEX(計算用!$M$2:$M$186,MATCH(26,計算用!$AS$2:$AS$186,0))&"）","") | S31: ='4人組'!D29&"" | T31: ='4人組'!G29&"" | U31: ='4人組'!J29&"" | V31: ='4人組'!M29&"" | W31: ='4人組'!T29&"" | X31: ='4人組'!W29&"" | Y31: ='4人組'!Z29&"" | Z31: ='4人組'!AC29&""
A32: 27 | K32: =COUNTIF(B32:E32,"?*") | L32: =IF(K32=0,"","赤"&SUMPRODUCT(COUNTIFS(計算用!$AO$2:$AO$186,"男"&B32:E32,計算用!$I$2:$I$186,"赤"))&"白"&SUMPRODUCT(COUNTIFS(計算用!$AO$2:$AO$186,"男"&B32:E32,計算用!$I$2:$I$186,"白"))) | M32: =COUNTIF(F32:I32,"?*") | N32: =IF(M32=0,"","赤"&SUMPRODUCT(COUNTIFS(計算用!$AO$2:$AO$186,"女"&F32:I32,計算用!$I$2:$I$186,"赤"))&"白"&SUMPRODUCT(COUNTIFS(計算用!$AO$2:$AO$186,"女"&F32:I32,計算用!$I$2:$I$186,"白"))) | P32: =IFERROR(INDEX(計算用!$D$2:$D$186,MATCH(27,計算用!$AR$2:$AR$186,0))&"（"&INDEX(計算用!$M$2:$M$186,MATCH(27,計算用!$AR$2:$AR$186,0))&"）","") | Q32: =IFERROR(INDEX(計算用!$D$2:$D$186,MATCH(27,計算用!$AS$2:$AS$186,0))&"（"&INDEX(計算用!$M$2:$M$186,MATCH(27,計算用!$AS$2:$AS$186,0))&"）","") | S32: ='4人組'!D30&"" | T32: ='4人組'!G30&"" | U32: ='4人組'!J30&"" | V32: ='4人組'!M30&"" | W32: ='4人組'!T30&"" | X32: ='4人組'!W30&"" | Y32: ='4人組'!Z30&"" | Z32: ='4人組'!AC30&""
A33: 28 | K33: =COUNTIF(B33:E33,"?*") | L33: =IF(K33=0,"","赤"&SUMPRODUCT(COUNTIFS(計算用!$AO$2:$AO$186,"男"&B33:E33,計算用!$I$2:$I$186,"赤"))&"白"&SUMPRODUCT(COUNTIFS(計算用!$AO$2:$AO$186,"男"&B33:E33,計算用!$I$2:$I$186,"白"))) | M33: =COUNTIF(F33:I33,"?*") | N33: =IF(M33=0,"","赤"&SUMPRODUCT(COUNTIFS(計算用!$AO$2:$AO$186,"女"&F33:I33,計算用!$I$2:$I$186,"赤"))&"白"&SUMPRODUCT(COUNTIFS(計算用!$AO$2:$AO$186,"女"&F33:I33,計算用!$I$2:$I$186,"白"))) | P33: =IFERROR(INDEX(計算用!$D$2:$D$186,MATCH(28,計算用!$AR$2:$AR$186,0))&"（"&INDEX(計算用!$M$2:$M$186,MATCH(28,計算用!$AR$2:$AR$186,0))&"）","") | Q33: =IFERROR(INDEX(計算用!$D$2:$D$186,MATCH(28,計算用!$AS$2:$AS$186,0))&"（"&INDEX(計算用!$M$2:$M$186,MATCH(28,計算用!$AS$2:$AS$186,0))&"）","") | S33: ='4人組'!D31&"" | T33: ='4人組'!G31&"" | U33: ='4人組'!J31&"" | V33: ='4人組'!M31&"" | W33: ='4人組'!T31&"" | X33: ='4人組'!W31&"" | Y33: ='4人組'!Z31&"" | Z33: ='4人組'!AC31&""
A34: 29 | K34: =COUNTIF(B34:E34,"?*") | L34: =IF(K34=0,"","赤"&SUMPRODUCT(COUNTIFS(計算用!$AO$2:$AO$186,"男"&B34:E34,計算用!$I$2:$I$186,"赤"))&"白"&SUMPRODUCT(COUNTIFS(計算用!$AO$2:$AO$186,"男"&B34:E34,計算用!$I$2:$I$186,"白"))) | M34: =COUNTIF(F34:I34,"?*") | N34: =IF(M34=0,"","赤"&SUMPRODUCT(COUNTIFS(計算用!$AO$2:$AO$186,"女"&F34:I34,計算用!$I$2:$I$186,"赤"))&"白"&SUMPRODUCT(COUNTIFS(計算用!$AO$2:$AO$186,"女"&F34:I34,計算用!$I$2:$I$186,"白"))) | P34: =IFERROR(INDEX(計算用!$D$2:$D$186,MATCH(29,計算用!$AR$2:$AR$186,0))&"（"&INDEX(計算用!$M$2:$M$186,MATCH(29,計算用!$AR$2:$AR$186,0))&"）","") | Q34: =IFERROR(INDEX(計算用!$D$2:$D$186,MATCH(29,計算用!$AS$2:$AS$186,0))&"（"&INDEX(計算用!$M$2:$M$186,MATCH(29,計算用!$AS$2:$AS$186,0))&"）","") | S34: ='4人組'!D32&"" | T34: ='4人組'!G32&"" | U34: ='4人組'!J32&"" | V34: ='4人組'!M32&"" | W34: ='4人組'!T32&"" | X34: ='4人組'!W32&"" | Y34: ='4人組'!Z32&"" | Z34: ='4人組'!AC32&""
A35: 30 | K35: =COUNTIF(B35:E35,"?*") | L35: =IF(K35=0,"","赤"&SUMPRODUCT(COUNTIFS(計算用!$AO$2:$AO$186,"男"&B35:E35,計算用!$I$2:$I$186,"赤"))&"白"&SUMPRODUCT(COUNTIFS(計算用!$AO$2:$AO$186,"男"&B35:E35,計算用!$I$2:$I$186,"白"))) | M35: =COUNTIF(F35:I35,"?*") | N35: =IF(M35=0,"","赤"&SUMPRODUCT(COUNTIFS(計算用!$AO$2:$AO$186,"女"&F35:I35,計算用!$I$2:$I$186,"赤"))&"白"&SUMPRODUCT(COUNTIFS(計算用!$AO$2:$AO$186,"女"&F35:I35,計算用!$I$2:$I$186,"白"))) | P35: =IFERROR(INDEX(計算用!$D$2:$D$186,MATCH(30,計算用!$AR$2:$AR$186,0))&"（"&INDEX(計算用!$M$2:$M$186,MATCH(30,計算用!$AR$2:$AR$186,0))&"）","") | Q35: =IFERROR(INDEX(計算用!$D$2:$D$186,MATCH(30,計算用!$AS$2:$AS$186,0))&"（"&INDEX(計算用!$M$2:$M$186,MATCH(30,計算用!$AS$2:$AS$186,0))&"）","") | S35: ='4人組'!D33&"" | T35: ='4人組'!G33&"" | U35: ='4人組'!J33&"" | V35: ='4人組'!M33&"" | W35: ='4人組'!T33&"" | X35: ='4人組'!W33&"" | Y35: ='4人組'!Z33&"" | Z35: ='4人組'!AC33&""
A36: 31 | K36: =COUNTIF(B36:E36,"?*") | L36: =IF(K36=0,"","赤"&SUMPRODUCT(COUNTIFS(計算用!$AO$2:$AO$186,"男"&B36:E36,計算用!$I$2:$I$186,"赤"))&"白"&SUMPRODUCT(COUNTIFS(計算用!$AO$2:$AO$186,"男"&B36:E36,計算用!$I$2:$I$186,"白"))) | M36: =COUNTIF(F36:I36,"?*") | N36: =IF(M36=0,"","赤"&SUMPRODUCT(COUNTIFS(計算用!$AO$2:$AO$186,"女"&F36:I36,計算用!$I$2:$I$186,"赤"))&"白"&SUMPRODUCT(COUNTIFS(計算用!$AO$2:$AO$186,"女"&F36:I36,計算用!$I$2:$I$186,"白"))) | P36: =IFERROR(INDEX(計算用!$D$2:$D$186,MATCH(31,計算用!$AR$2:$AR$186,0))&"（"&INDEX(計算用!$M$2:$M$186,MATCH(31,計算用!$AR$2:$AR$186,0))&"）","") | Q36: =IFERROR(INDEX(計算用!$D$2:$D$186,MATCH(31,計算用!$AS$2:$AS$186,0))&"（"&INDEX(計算用!$M$2:$M$186,MATCH(31,計算用!$AS$2:$AS$186,0))&"）","") | S36: ='4人組'!D34&"" | T36: ='4人組'!G34&"" | U36: ='4人組'!J34&"" | V36: ='4人組'!M34&"" | W36: ='4人組'!T34&"" | X36: ='4人組'!W34&"" | Y36: ='4人組'!Z34&"" | Z36: ='4人組'!AC34&""
A37: 32 | K37: =COUNTIF(B37:E37,"?*") | L37: =IF(K37=0,"","赤"&SUMPRODUCT(COUNTIFS(計算用!$AO$2:$AO$186,"男"&B37:E37,計算用!$I$2:$I$186,"赤"))&"白"&SUMPRODUCT(COUNTIFS(計算用!$AO$2:$AO$186,"男"&B37:E37,計算用!$I$2:$I$186,"白"))) | M37: =COUNTIF(F37:I37,"?*") | N37: =IF(M37=0,"","赤"&SUMPRODUCT(COUNTIFS(計算用!$AO$2:$AO$186,"女"&F37:I37,計算用!$I$2:$I$186,"赤"))&"白"&SUMPRODUCT(COUNTIFS(計算用!$AO$2:$AO$186,"女"&F37:I37,計算用!$I$2:$I$186,"白"))) | P37: =IFERROR(INDEX(計算用!$D$2:$D$186,MATCH(32,計算用!$AR$2:$AR$186,0))&"（"&INDEX(計算用!$M$2:$M$186,MATCH(32,計算用!$AR$2:$AR$186,0))&"）","") | Q37: =IFERROR(INDEX(計算用!$D$2:$D$186,MATCH(32,計算用!$AS$2:$AS$186,0))&"（"&INDEX(計算用!$M$2:$M$186,MATCH(32,計算用!$AS$2:$AS$186,0))&"）","") | S37: ='4人組'!D35&"" | T37: ='4人組'!G35&"" | U37: ='4人組'!J35&"" | V37: ='4人組'!M35&"" | W37: ='4人組'!T35&"" | X37: ='4人組'!W35&"" | Y37: ='4人組'!Z35&"" | Z37: ='4人組'!AC35&""
A38: 33 | K38: =COUNTIF(B38:E38,"?*") | L38: =IF(K38=0,"","赤"&SUMPRODUCT(COUNTIFS(計算用!$AO$2:$AO$186,"男"&B38:E38,計算用!$I$2:$I$186,"赤"))&"白"&SUMPRODUCT(COUNTIFS(計算用!$AO$2:$AO$186,"男"&B38:E38,計算用!$I$2:$I$186,"白"))) | M38: =COUNTIF(F38:I38,"?*") | N38: =IF(M38=0,"","赤"&SUMPRODUCT(COUNTIFS(計算用!$AO$2:$AO$186,"女"&F38:I38,計算用!$I$2:$I$186,"赤"))&"白"&SUMPRODUCT(COUNTIFS(計算用!$AO$2:$AO$186,"女"&F38:I38,計算用!$I$2:$I$186,"白"))) | P38: =IFERROR(INDEX(計算用!$D$2:$D$186,MATCH(33,計算用!$AR$2:$AR$186,0))&"（"&INDEX(計算用!$M$2:$M$186,MATCH(33,計算用!$AR$2:$AR$186,0))&"）","") | Q38: =IFERROR(INDEX(計算用!$D$2:$D$186,MATCH(33,計算用!$AS$2:$AS$186,0))&"（"&INDEX(計算用!$M$2:$M$186,MATCH(33,計算用!$AS$2:$AS$186,0))&"）","") | S38: ='4人組'!D36&"" | T38: ='4人組'!G36&"" | U38: ='4人組'!J36&"" | V38: ='4人組'!M36&"" | W38: ='4人組'!T36&"" | X38: ='4人組'!W36&"" | Y38: ='4人組'!Z36&"" | Z38: ='4人組'!AC36&""
A39: 34 | K39: =COUNTIF(B39:E39,"?*") | L39: =IF(K39=0,"","赤"&SUMPRODUCT(COUNTIFS(計算用!$AO$2:$AO$186,"男"&B39:E39,計算用!$I$2:$I$186,"赤"))&"白"&SUMPRODUCT(COUNTIFS(計算用!$AO$2:$AO$186,"男"&B39:E39,計算用!$I$2:$I$186,"白"))) | M39: =COUNTIF(F39:I39,"?*") | N39: =IF(M39=0,"","赤"&SUMPRODUCT(COUNTIFS(計算用!$AO$2:$AO$186,"女"&F39:I39,計算用!$I$2:$I$186,"赤"))&"白"&SUMPRODUCT(COUNTIFS(計算用!$AO$2:$AO$186,"女"&F39:I39,計算用!$I$2:$I$186,"白"))) | P39: =IFERROR(INDEX(計算用!$D$2:$D$186,MATCH(34,計算用!$AR$2:$AR$186,0))&"（"&INDEX(計算用!$M$2:$M$186,MATCH(34,計算用!$AR$2:$AR$186,0))&"）","") | Q39: =IFERROR(INDEX(計算用!$D$2:$D$186,MATCH(34,計算用!$AS$2:$AS$186,0))&"（"&INDEX(計算用!$M$2:$M$186,MATCH(34,計算用!$AS$2:$AS$186,0))&"）","") | S39: ='4人組'!D37&"" | T39: ='4人組'!G37&"" | U39: ='4人組'!J37&"" | V39: ='4人組'!M37&"" | W39: ='4人組'!T37&"" | X39: ='4人組'!W37&"" | Y39: ='4人組'!Z37&"" | Z39: ='4人組'!AC37&""
A40: 35 | K40: =COUNTIF(B40:E40,"?*") | L40: =IF(K40=0,"","赤"&SUMPRODUCT(COUNTIFS(計算用!$AO$2:$AO$186,"男"&B40:E40,計算用!$I$2:$I$186,"赤"))&"白"&SUMPRODUCT(COUNTIFS(計算用!$AO$2:$AO$186,"男"&B40:E40,計算用!$I$2:$I$186,"白"))) | M40: =COUNTIF(F40:I40,"?*") | N40: =IF(M40=0,"","赤"&SUMPRODUCT(COUNTIFS(計算用!$AO$2:$AO$186,"女"&F40:I40,計算用!$I$2:$I$186,"赤"))&"白"&SUMPRODUCT(COUNTIFS(計算用!$AO$2:$AO$186,"女"&F40:I40,計算用!$I$2:$I$186,"白"))) | P40: =IFERROR(INDEX(計算用!$D$2:$D$186,MATCH(35,計算用!$AR$2:$AR$186,0))&"（"&INDEX(計算用!$M$2:$M$186,MATCH(35,計算用!$AR$2:$AR$186,0))&"）","") | Q40: =IFERROR(INDEX(計算用!$D$2:$D$186,MATCH(35,計算用!$AS$2:$AS$186,0))&"（"&INDEX(計算用!$M$2:$M$186,MATCH(35,計算用!$AS$2:$AS$186,0))&"）","") | S40: ='4人組'!D38&"" | T40: ='4人組'!G38&"" | U40: ='4人組'!J38&"" | V40: ='4人組'!M38&"" | W40: ='4人組'!T38&"" | X40: ='4人組'!W38&"" | Y40: ='4人組'!Z38&"" | Z40: ='4人組'!AC38&""
A41: 36 | K41: =COUNTIF(B41:E41,"?*") | L41: =IF(K41=0,"","赤"&SUMPRODUCT(COUNTIFS(計算用!$AO$2:$AO$186,"男"&B41:E41,計算用!$I$2:$I$186,"赤"))&"白"&SUMPRODUCT(COUNTIFS(計算用!$AO$2:$AO$186,"男"&B41:E41,計算用!$I$2:$I$186,"白"))) | M41: =COUNTIF(F41:I41,"?*") | N41: =IF(M41=0,"","赤"&SUMPRODUCT(COUNTIFS(計算用!$AO$2:$AO$186,"女"&F41:I41,計算用!$I$2:$I$186,"赤"))&"白"&SUMPRODUCT(COUNTIFS(計算用!$AO$2:$AO$186,"女"&F41:I41,計算用!$I$2:$I$186,"白"))) | P41: =IFERROR(INDEX(計算用!$D$2:$D$186,MATCH(36,計算用!$AR$2:$AR$186,0))&"（"&INDEX(計算用!$M$2:$M$186,MATCH(36,計算用!$AR$2:$AR$186,0))&"）","") | Q41: =IFERROR(INDEX(計算用!$D$2:$D$186,MATCH(36,計算用!$AS$2:$AS$186,0))&"（"&INDEX(計算用!$M$2:$M$186,MATCH(36,計算用!$AS$2:$AS$186,0))&"）","") | S41: ='4人組'!D39&"" | T41: ='4人組'!G39&"" | U41: ='4人組'!J39&"" | V41: ='4人組'!M39&"" | W41: ='4人組'!T39&"" | X41: ='4人組'!W39&"" | Y41: ='4人組'!Z39&"" | Z41: ='4人組'!AC39&""
A42: 37 | K42: =COUNTIF(B42:E42,"?*") | L42: =IF(K42=0,"","赤"&SUMPRODUCT(COUNTIFS(計算用!$AO$2:$AO$186,"男"&B42:E42,計算用!$I$2:$I$186,"赤"))&"白"&SUMPRODUCT(COUNTIFS(計算用!$AO$2:$AO$186,"男"&B42:E42,計算用!$I$2:$I$186,"白"))) | M42: =COUNTIF(F42:I42,"?*") | N42: =IF(M42=0,"","赤"&SUMPRODUCT(COUNTIFS(計算用!$AO$2:$AO$186,"女"&F42:I42,計算用!$I$2:$I$186,"赤"))&"白"&SUMPRODUCT(COUNTIFS(計算用!$AO$2:$AO$186,"女"&F42:I42,計算用!$I$2:$I$186,"白"))) | P42: =IFERROR(INDEX(計算用!$D$2:$D$186,MATCH(37,計算用!$AR$2:$AR$186,0))&"（"&INDEX(計算用!$M$2:$M$186,MATCH(37,計算用!$AR$2:$AR$186,0))&"）","") | Q42: =IFERROR(INDEX(計算用!$D$2:$D$186,MATCH(37,計算用!$AS$2:$AS$186,0))&"（"&INDEX(計算用!$M$2:$M$186,MATCH(37,計算用!$AS$2:$AS$186,0))&"）","") | S42: ='4人組'!D40&"" | T42: ='4人組'!G40&"" | U42: ='4人組'!J40&"" | V42: ='4人組'!M40&"" | W42: ='4人組'!T40&"" | X42: ='4人組'!W40&"" | Y42: ='4人組'!Z40&"" | Z42: ='4人組'!AC40&""
A43: 38 | K43: =COUNTIF(B43:E43,"?*") | L43: =IF(K43=0,"","赤"&SUMPRODUCT(COUNTIFS(計算用!$AO$2:$AO$186,"男"&B43:E43,計算用!$I$2:$I$186,"赤"))&"白"&SUMPRODUCT(COUNTIFS(計算用!$AO$2:$AO$186,"男"&B43:E43,計算用!$I$2:$I$186,"白"))) | M43: =COUNTIF(F43:I43,"?*") | N43: =IF(M43=0,"","赤"&SUMPRODUCT(COUNTIFS(計算用!$AO$2:$AO$186,"女"&F43:I43,計算用!$I$2:$I$186,"赤"))&"白"&SUMPRODUCT(COUNTIFS(計算用!$AO$2:$AO$186,"女"&F43:I43,計算用!$I$2:$I$186,"白"))) | P43: =IFERROR(INDEX(計算用!$D$2:$D$186,MATCH(38,計算用!$AR$2:$AR$186,0))&"（"&INDEX(計算用!$M$2:$M$186,MATCH(38,計算用!$AR$2:$AR$186,0))&"）","") | Q43: =IFERROR(INDEX(計算用!$D$2:$D$186,MATCH(38,計算用!$AS$2:$AS$186,0))&"（"&INDEX(計算用!$M$2:$M$186,MATCH(38,計算用!$AS$2:$AS$186,0))&"）","") | S43: ='4人組'!D41&"" | T43: ='4人組'!G41&"" | U43: ='4人組'!J41&"" | V43: ='4人組'!M41&"" | W43: ='4人組'!T41&"" | X43: ='4人組'!W41&"" | Y43: ='4人組'!Z41&"" | Z43: ='4人組'!AC41&""
A44: 39 | K44: =COUNTIF(B44:E44,"?*") | L44: =IF(K44=0,"","赤"&SUMPRODUCT(COUNTIFS(計算用!$AO$2:$AO$186,"男"&B44:E44,計算用!$I$2:$I$186,"赤"))&"白"&SUMPRODUCT(COUNTIFS(計算用!$AO$2:$AO$186,"男"&B44:E44,計算用!$I$2:$I$186,"白"))) | M44: =COUNTIF(F44:I44,"?*") | N44: =IF(M44=0,"","赤"&SUMPRODUCT(COUNTIFS(計算用!$AO$2:$AO$186,"女"&F44:I44,計算用!$I$2:$I$186,"赤"))&"白"&SUMPRODUCT(COUNTIFS(計算用!$AO$2:$AO$186,"女"&F44:I44,計算用!$I$2:$I$186,"白"))) | P44: =IFERROR(INDEX(計算用!$D$2:$D$186,MATCH(39,計算用!$AR$2:$AR$186,0))&"（"&INDEX(計算用!$M$2:$M$186,MATCH(39,計算用!$AR$2:$AR$186,0))&"）","") | Q44: =IFERROR(INDEX(計算用!$D$2:$D$186,MATCH(39,計算用!$AS$2:$AS$186,0))&"（"&INDEX(計算用!$M$2:$M$186,MATCH(39,計算用!$AS$2:$AS$186,0))&"）","") | S44: ='4人組'!D42&"" | T44: ='4人組'!G42&"" | U44: ='4人組'!J42&"" | V44: ='4人組'!M42&"" | W44: ='4人組'!T42&"" | X44: ='4人組'!W42&"" | Y44: ='4人組'!Z42&"" | Z44: ='4人組'!AC42&""
A45: 40 | K45: =COUNTIF(B45:E45,"?*") | L45: =IF(K45=0,"","赤"&SUMPRODUCT(COUNTIFS(計算用!$AO$2:$AO$186,"男"&B45:E45,計算用!$I$2:$I$186,"赤"))&"白"&SUMPRODUCT(COUNTIFS(計算用!$AO$2:$AO$186,"男"&B45:E45,計算用!$I$2:$I$186,"白"))) | M45: =COUNTIF(F45:I45,"?*") | N45: =IF(M45=0,"","赤"&SUMPRODUCT(COUNTIFS(計算用!$AO$2:$AO$186,"女"&F45:I45,計算用!$I$2:$I$186,"赤"))&"白"&SUMPRODUCT(COUNTIFS(計算用!$AO$2:$AO$186,"女"&F45:I45,計算用!$I$2:$I$186,"白"))) | P45: =IFERROR(INDEX(計算用!$D$2:$D$186,MATCH(40,計算用!$AR$2:$AR$186,0))&"（"&INDEX(計算用!$M$2:$M$186,MATCH(40,計算用!$AR$2:$AR$186,0))&"）","") | Q45: =IFERROR(INDEX(計算用!$D$2:$D$186,MATCH(40,計算用!$AS$2:$AS$186,0))&"（"&INDEX(計算用!$M$2:$M$186,MATCH(40,計算用!$AS$2:$AS$186,0))&"）","") | S45: ='4人組'!D43&"" | T45: ='4人組'!G43&"" | U45: ='4人組'!J43&"" | V45: ='4人組'!M43&"" | W45: ='4人組'!T43&"" | X45: ='4人組'!W43&"" | Y45: ='4人組'!Z43&"" | Z45: ='4人組'!AC43&""
A46: 41 | K46: =COUNTIF(B46:E46,"?*") | L46: =IF(K46=0,"","赤"&SUMPRODUCT(COUNTIFS(計算用!$AO$2:$AO$186,"男"&B46:E46,計算用!$I$2:$I$186,"赤"))&"白"&SUMPRODUCT(COUNTIFS(計算用!$AO$2:$AO$186,"男"&B46:E46,計算用!$I$2:$I$186,"白"))) | M46: =COUNTIF(F46:I46,"?*") | N46: =IF(M46=0,"","赤"&SUMPRODUCT(COUNTIFS(計算用!$AO$2:$AO$186,"女"&F46:I46,計算用!$I$2:$I$186,"赤"))&"白"&SUMPRODUCT(COUNTIFS(計算用!$AO$2:$AO$186,"女"&F46:I46,計算用!$I$2:$I$186,"白"))) | P46: =IFERROR(INDEX(計算用!$D$2:$D$186,MATCH(41,計算用!$AR$2:$AR$186,0))&"（"&INDEX(計算用!$M$2:$M$186,MATCH(41,計算用!$AR$2:$AR$186,0))&"）","") | Q46: =IFERROR(INDEX(計算用!$D$2:$D$186,MATCH(41,計算用!$AS$2:$AS$186,0))&"（"&INDEX(計算用!$M$2:$M$186,MATCH(41,計算用!$AS$2:$AS$186,0))&"）","") | S46: ='4人組'!D44&"" | T46: ='4人組'!G44&"" | U46: ='4人組'!J44&"" | V46: ='4人組'!M44&"" | W46: ='4人組'!T44&"" | X46: ='4人組'!W44&"" | Y46: ='4人組'!Z44&"" | Z46: ='4人組'!AC44&""
A47: 42 | K47: =COUNTIF(B47:E47,"?*") | L47: =IF(K47=0,"","赤"&SUMPRODUCT(COUNTIFS(計算用!$AO$2:$AO$186,"男"&B47:E47,計算用!$I$2:$I$186,"赤"))&"白"&SUMPRODUCT(COUNTIFS(計算用!$AO$2:$AO$186,"男"&B47:E47,計算用!$I$2:$I$186,"白"))) | M47: =COUNTIF(F47:I47,"?*") | N47: =IF(M47=0,"","赤"&SUMPRODUCT(COUNTIFS(計算用!$AO$2:$AO$186,"女"&F47:I47,計算用!$I$2:$I$186,"赤"))&"白"&SUMPRODUCT(COUNTIFS(計算用!$AO$2:$AO$186,"女"&F47:I47,計算用!$I$2:$I$186,"白"))) | P47: =IFERROR(INDEX(計算用!$D$2:$D$186,MATCH(42,計算用!$AR$2:$AR$186,0))&"（"&INDEX(計算用!$M$2:$M$186,MATCH(42,計算用!$AR$2:$AR$186,0))&"）","") | Q47: =IFERROR(INDEX(計算用!$D$2:$D$186,MATCH(42,計算用!$AS$2:$AS$186,0))&"（"&INDEX(計算用!$M$2:$M$186,MATCH(42,計算用!$AS$2:$AS$186,0))&"）","") | S47: ='4人組'!D45&"" | T47: ='4人組'!G45&"" | U47: ='4人組'!J45&"" | V47: ='4人組'!M45&"" | W47: ='4人組'!T45&"" | X47: ='4人組'!W45&"" | Y47: ='4人組'!Z45&"" | Z47: ='4人組'!AC45&""
A48: 43 | K48: =COUNTIF(B48:E48,"?*") | L48: =IF(K48=0,"","赤"&SUMPRODUCT(COUNTIFS(計算用!$AO$2:$AO$186,"男"&B48:E48,計算用!$I$2:$I$186,"赤"))&"白"&SUMPRODUCT(COUNTIFS(計算用!$AO$2:$AO$186,"男"&B48:E48,計算用!$I$2:$I$186,"白"))) | M48: =COUNTIF(F48:I48,"?*") | N48: =IF(M48=0,"","赤"&SUMPRODUCT(COUNTIFS(計算用!$AO$2:$AO$186,"女"&F48:I48,計算用!$I$2:$I$186,"赤"))&"白"&SUMPRODUCT(COUNTIFS(計算用!$AO$2:$AO$186,"女"&F48:I48,計算用!$I$2:$I$186,"白"))) | P48: =IFERROR(INDEX(計算用!$D$2:$D$186,MATCH(43,計算用!$AR$2:$AR$186,0))&"（"&INDEX(計算用!$M$2:$M$186,MATCH(43,計算用!$AR$2:$AR$186,0))&"）","") | Q48: =IFERROR(INDEX(計算用!$D$2:$D$186,MATCH(43,計算用!$AS$2:$AS$186,0))&"（"&INDEX(計算用!$M$2:$M$186,MATCH(43,計算用!$AS$2:$AS$186,0))&"）","") | S48: ='4人組'!D46&"" | T48: ='4人組'!G46&"" | U48: ='4人組'!J46&"" | V48: ='4人組'!M46&"" | W48: ='4人組'!T46&"" | X48: ='4人組'!W46&"" | Y48: ='4人組'!Z46&"" | Z48: ='4人組'!AC46&""
A49: 44 | K49: =COUNTIF(B49:E49,"?*") | L49: =IF(K49=0,"","赤"&SUMPRODUCT(COUNTIFS(計算用!$AO$2:$AO$186,"男"&B49:E49,計算用!$I$2:$I$186,"赤"))&"白"&SUMPRODUCT(COUNTIFS(計算用!$AO$2:$AO$186,"男"&B49:E49,計算用!$I$2:$I$186,"白"))) | M49: =COUNTIF(F49:I49,"?*") | N49: =IF(M49=0,"","赤"&SUMPRODUCT(COUNTIFS(計算用!$AO$2:$AO$186,"女"&F49:I49,計算用!$I$2:$I$186,"赤"))&"白"&SUMPRODUCT(COUNTIFS(計算用!$AO$2:$AO$186,"女"&F49:I49,計算用!$I$2:$I$186,"白"))) | P49: =IFERROR(INDEX(計算用!$D$2:$D$186,MATCH(44,計算用!$AR$2:$AR$186,0))&"（"&INDEX(計算用!$M$2:$M$186,MATCH(44,計算用!$AR$2:$AR$186,0))&"）","") | Q49: =IFERROR(INDEX(計算用!$D$2:$D$186,MATCH(44,計算用!$AS$2:$AS$186,0))&"（"&INDEX(計算用!$M$2:$M$186,MATCH(44,計算用!$AS$2:$AS$186,0))&"）","") | S49: ='4人組'!D47&"" | T49: ='4人組'!G47&"" | U49: ='4人組'!J47&"" | V49: ='4人組'!M47&"" | W49: ='4人組'!T47&"" | X49: ='4人組'!W47&"" | Y49: ='4人組'!Z47&"" | Z49: ='4人組'!AC47&""
A50: 45 | K50: =COUNTIF(B50:E50,"?*") | L50: =IF(K50=0,"","赤"&SUMPRODUCT(COUNTIFS(計算用!$AO$2:$AO$186,"男"&B50:E50,計算用!$I$2:$I$186,"赤"))&"白"&SUMPRODUCT(COUNTIFS(計算用!$AO$2:$AO$186,"男"&B50:E50,計算用!$I$2:$I$186,"白"))) | M50: =COUNTIF(F50:I50,"?*") | N50: =IF(M50=0,"","赤"&SUMPRODUCT(COUNTIFS(計算用!$AO$2:$AO$186,"女"&F50:I50,計算用!$I$2:$I$186,"赤"))&"白"&SUMPRODUCT(COUNTIFS(計算用!$AO$2:$AO$186,"女"&F50:I50,計算用!$I$2:$I$186,"白"))) | P50: =IFERROR(INDEX(計算用!$D$2:$D$186,MATCH(45,計算用!$AR$2:$AR$186,0))&"（"&INDEX(計算用!$M$2:$M$186,MATCH(45,計算用!$AR$2:$AR$186,0))&"）","") | Q50: =IFERROR(INDEX(計算用!$D$2:$D$186,MATCH(45,計算用!$AS$2:$AS$186,0))&"（"&INDEX(計算用!$M$2:$M$186,MATCH(45,計算用!$AS$2:$AS$186,0))&"）","") | S50: ='4人組'!D48&"" | T50: ='4人組'!G48&"" | U50: ='4人組'!J48&"" | V50: ='4人組'!M48&"" | W50: ='4人組'!T48&"" | X50: ='4人組'!W48&"" | Y50: ='4人組'!Z48&"" | Z50: ='4人組'!AC48&""
A51: 46 | K51: =COUNTIF(B51:E51,"?*") | L51: =IF(K51=0,"","赤"&SUMPRODUCT(COUNTIFS(計算用!$AO$2:$AO$186,"男"&B51:E51,計算用!$I$2:$I$186,"赤"))&"白"&SUMPRODUCT(COUNTIFS(計算用!$AO$2:$AO$186,"男"&B51:E51,計算用!$I$2:$I$186,"白"))) | M51: =COUNTIF(F51:I51,"?*") | N51: =IF(M51=0,"","赤"&SUMPRODUCT(COUNTIFS(計算用!$AO$2:$AO$186,"女"&F51:I51,計算用!$I$2:$I$186,"赤"))&"白"&SUMPRODUCT(COUNTIFS(計算用!$AO$2:$AO$186,"女"&F51:I51,計算用!$I$2:$I$186,"白"))) | P51: =IFERROR(INDEX(計算用!$D$2:$D$186,MATCH(46,計算用!$AR$2:$AR$186,0))&"（"&INDEX(計算用!$M$2:$M$186,MATCH(46,計算用!$AR$2:$AR$186,0))&"）","") | Q51: =IFERROR(INDEX(計算用!$D$2:$D$186,MATCH(46,計算用!$AS$2:$AS$186,0))&"（"&INDEX(計算用!$M$2:$M$186,MATCH(46,計算用!$AS$2:$AS$186,0))&"）","") | S51: ='4人組'!D49&"" | T51: ='4人組'!G49&"" | U51: ='4人組'!J49&"" | V51: ='4人組'!M49&"" | W51: ='4人組'!T49&"" | X51: ='4人組'!W49&"" | Y51: ='4人組'!Z49&"" | Z51: ='4人組'!AC49&""
A52: 47 | K52: =COUNTIF(B52:E52,"?*") | L52: =IF(K52=0,"","赤"&SUMPRODUCT(COUNTIFS(計算用!$AO$2:$AO$186,"男"&B52:E52,計算用!$I$2:$I$186,"赤"))&"白"&SUMPRODUCT(COUNTIFS(計算用!$AO$2:$AO$186,"男"&B52:E52,計算用!$I$2:$I$186,"白"))) | M52: =COUNTIF(F52:I52,"?*") | N52: =IF(M52=0,"","赤"&SUMPRODUCT(COUNTIFS(計算用!$AO$2:$AO$186,"女"&F52:I52,計算用!$I$2:$I$186,"赤"))&"白"&SUMPRODUCT(COUNTIFS(計算用!$AO$2:$AO$186,"女"&F52:I52,計算用!$I$2:$I$186,"白"))) | P52: =IFERROR(INDEX(計算用!$D$2:$D$186,MATCH(47,計算用!$AR$2:$AR$186,0))&"（"&INDEX(計算用!$M$2:$M$186,MATCH(47,計算用!$AR$2:$AR$186,0))&"）","") | Q52: =IFERROR(INDEX(計算用!$D$2:$D$186,MATCH(47,計算用!$AS$2:$AS$186,0))&"（"&INDEX(計算用!$M$2:$M$186,MATCH(47,計算用!$AS$2:$AS$186,0))&"）","") | S52: ='4人組'!D50&"" | T52: ='4人組'!G50&"" | U52: ='4人組'!J50&"" | V52: ='4人組'!M50&"" | W52: ='4人組'!T50&"" | X52: ='4人組'!W50&"" | Y52: ='4人組'!Z50&"" | Z52: ='4人組'!AC50&""
A53: 48 | K53: =COUNTIF(B53:E53,"?*") | L53: =IF(K53=0,"","赤"&SUMPRODUCT(COUNTIFS(計算用!$AO$2:$AO$186,"男"&B53:E53,計算用!$I$2:$I$186,"赤"))&"白"&SUMPRODUCT(COUNTIFS(計算用!$AO$2:$AO$186,"男"&B53:E53,計算用!$I$2:$I$186,"白"))) | M53: =COUNTIF(F53:I53,"?*") | N53: =IF(M53=0,"","赤"&SUMPRODUCT(COUNTIFS(計算用!$AO$2:$AO$186,"女"&F53:I53,計算用!$I$2:$I$186,"赤"))&"白"&SUMPRODUCT(COUNTIFS(計算用!$AO$2:$AO$186,"女"&F53:I53,計算用!$I$2:$I$186,"白"))) | P53: =IFERROR(INDEX(計算用!$D$2:$D$186,MATCH(48,計算用!$AR$2:$AR$186,0))&"（"&INDEX(計算用!$M$2:$M$186,MATCH(48,計算用!$AR$2:$AR$186,0))&"）","") | Q53: =IFERROR(INDEX(計算用!$D$2:$D$186,MATCH(48,計算用!$AS$2:$AS$186,0))&"（"&INDEX(計算用!$M$2:$M$186,MATCH(48,計算用!$AS$2:$AS$186,0))&"）","") | S53: ='4人組'!D51&"" | T53: ='4人組'!G51&"" | U53: ='4人組'!J51&"" | V53: ='4人組'!M51&"" | W53: ='4人組'!T51&"" | X53: ='4人組'!W51&"" | Y53: ='4人組'!Z51&"" | Z53: ='4人組'!AC51&""
A54: 49 | K54: =COUNTIF(B54:E54,"?*") | L54: =IF(K54=0,"","赤"&SUMPRODUCT(COUNTIFS(計算用!$AO$2:$AO$186,"男"&B54:E54,計算用!$I$2:$I$186,"赤"))&"白"&SUMPRODUCT(COUNTIFS(計算用!$AO$2:$AO$186,"男"&B54:E54,計算用!$I$2:$I$186,"白"))) | M54: =COUNTIF(F54:I54,"?*") | N54: =IF(M54=0,"","赤"&SUMPRODUCT(COUNTIFS(計算用!$AO$2:$AO$186,"女"&F54:I54,計算用!$I$2:$I$186,"赤"))&"白"&SUMPRODUCT(COUNTIFS(計算用!$AO$2:$AO$186,"女"&F54:I54,計算用!$I$2:$I$186,"白"))) | P54: =IFERROR(INDEX(計算用!$D$2:$D$186,MATCH(49,計算用!$AR$2:$AR$186,0))&"（"&INDEX(計算用!$M$2:$M$186,MATCH(49,計算用!$AR$2:$AR$186,0))&"）","") | Q54: =IFERROR(INDEX(計算用!$D$2:$D$186,MATCH(49,計算用!$AS$2:$AS$186,0))&"（"&INDEX(計算用!$M$2:$M$186,MATCH(49,計算用!$AS$2:$AS$186,0))&"）","") | S54: ='4人組'!D52&"" | T54: ='4人組'!G52&"" | U54: ='4人組'!J52&"" | V54: ='4人組'!M52&"" | W54: ='4人組'!T52&"" | X54: ='4人組'!W52&"" | Y54: ='4人組'!Z52&"" | Z54: ='4人組'!AC52&""
A55: 50 | K55: =COUNTIF(B55:E55,"?*") | L55: =IF(K55=0,"","赤"&SUMPRODUCT(COUNTIFS(計算用!$AO$2:$AO$186,"男"&B55:E55,計算用!$I$2:$I$186,"赤"))&"白"&SUMPRODUCT(COUNTIFS(計算用!$AO$2:$AO$186,"男"&B55:E55,計算用!$I$2:$I$186,"白"))) | M55: =COUNTIF(F55:I55,"?*") | N55: =IF(M55=0,"","赤"&SUMPRODUCT(COUNTIFS(計算用!$AO$2:$AO$186,"女"&F55:I55,計算用!$I$2:$I$186,"赤"))&"白"&SUMPRODUCT(COUNTIFS(計算用!$AO$2:$AO$186,"女"&F55:I55,計算用!$I$2:$I$186,"白"))) | P55: =IFERROR(INDEX(計算用!$D$2:$D$186,MATCH(50,計算用!$AR$2:$AR$186,0))&"（"&INDEX(計算用!$M$2:$M$186,MATCH(50,計算用!$AR$2:$AR$186,0))&"）","") | Q55: =IFERROR(INDEX(計算用!$D$2:$D$186,MATCH(50,計算用!$AS$2:$AS$186,0))&"（"&INDEX(計算用!$M$2:$M$186,MATCH(50,計算用!$AS$2:$AS$186,0))&"）","") | S55: ='4人組'!D53&"" | T55: ='4人組'!G53&"" | U55: ='4人組'!J53&"" | V55: ='4人組'!M53&"" | W55: ='4人組'!T53&"" | X55: ='4人組'!W53&"" | Y55: ='4人組'!Z53&"" | Z55: ='4人組'!AC53&""

Sheet 決定版
A1: 男子 | D1: =IF(計算用!$Q$15>0,"※手直しシートに確認が必要なところがあります",IF(SUMPRODUCT((ROW(手直し!$K$6:$K$55)-5<=計算用!$Q$13)*(手直し!$K$6:$K$55=0))>0,"※だれもいない組があります（赤い組）",IF(SUMPRODUCT((ROW(手直し!$K$6:$K$55)-5<=計算用!$Q$13)*(((手直し!$K$6:$K$55<>4)+(手直し!$L$6:$L$55<>"赤2白2"))>0))>0,"※黄色の組は、人数の都合で調整した組です",""))) | Q1: 女子 | T1: =IF(計算用!$Q$16>0,"※手直しシートに確認が必要なところがあります",IF(SUMPRODUCT((ROW(手直し!$M$6:$M$55)-5<=計算用!$Q$14)*(手直し!$M$6:$M$55=0))>0,"※だれもいない組があります（赤い組）",IF(SUMPRODUCT((ROW(手直し!$M$6:$M$55)-5<=計算用!$Q$14)*(((手直し!$M$6:$M$55<>4)+(手直し!$N$6:$N$55<>"赤2白2"))>0))>0,"※黄色の組は、人数の都合で調整した組です","")))
A2: 組 | B2: 人数 | C2: 内訳 | D2: 1人目 | G2: 2人目 | J2: 3人目 | M2: 4人目 | Q2: 組 | R2: 人数 | S2: 内訳 | T2: 1人目 | W2: 2人目 | Z2: 3人目 | AC2: 4人目
D3: 名前 | E3: クラス | F3: 色 | G3: 名前 | H3: クラス | I3: 色 | J3: 名前 | K3: クラス | L3: 色 | M3: 名前 | N3: クラス | O3: 色 | T3: 名前 | U3: クラス | V3: 色 | W3: 名前 | X3: クラス | Y3: 色 | Z3: 名前 | AA3: クラス | AB3: 色 | AC3: 名前 | AD3: クラス | AE3: 色
A4: =IF(ROW()-3<=計算用!$Q$13,ROW()-3,"") | B4: =IF($A4="","",手直し!K6) | C4: =IF($A4="","",手直し!L6) | D4: =IF($A4="","",手直し!B6&"") | E4: =IF(OR($A4="",手直し!B6=""),"",IFERROR(INDEX(計算用!$M$2:$M$186,MATCH("男"&手直し!B6,計算用!$AO$2:$AO$186,0)),"？")) | F4: =IF(OR($A4="",手直し!B6=""),"",IFERROR(INDEX(計算用!$I$2:$I$186,MATCH("男"&手直し!B6,計算用!$AO$2:$AO$186,0)),"？")) | G4: =IF($A4="","",手直し!C6&"") | H4: =IF(OR($A4="",手直し!C6=""),"",IFERROR(INDEX(計算用!$M$2:$M$186,MATCH("男"&手直し!C6,計算用!$AO$2:$AO$186,0)),"？")) | I4: =IF(OR($A4="",手直し!C6=""),"",IFERROR(INDEX(計算用!$I$2:$I$186,MATCH("男"&手直し!C6,計算用!$AO$2:$AO$186,0)),"？")) | J4: =IF($A4="","",手直し!D6&"") | K4: =IF(OR($A4="",手直し!D6=""),"",IFERROR(INDEX(計算用!$M$2:$M$186,MATCH("男"&手直し!D6,計算用!$AO$2:$AO$186,0)),"？")) | L4: =IF(OR($A4="",手直し!D6=""),"",IFERROR(INDEX(計算用!$I$2:$I$186,MATCH("男"&手直し!D6,計算用!$AO$2:$AO$186,0)),"？")) | M4: =IF($A4="","",手直し!E6&"") | N4: =IF(OR($A4="",手直し!E6=""),"",IFERROR(INDEX(計算用!$M$2:$M$186,MATCH("男"&手直し!E6,計算用!$AO$2:$AO$186,0)),"？")) | O4: =IF(OR($A4="",手直し!E6=""),"",IFERROR(INDEX(計算用!$I$2:$I$186,MATCH("男"&手直し!E6,計算用!$AO$2:$AO$186,0)),"？")) | Q4: =IF(ROW()-3<=計算用!$Q$14,ROW()-3,"") | R4: =IF($Q4="","",手直し!M6) | S4: =IF($Q4="","",手直し!N6) | T4: =IF($Q4="","",手直し!F6&"") | U4: =IF(OR($Q4="",手直し!F6=""),"",IFERROR(INDEX(計算用!$M$2:$M$186,MATCH("女"&手直し!F6,計算用!$AO$2:$AO$186,0)),"？")) | V4: =IF(OR($Q4="",手直し!F6=""),"",IFERROR(INDEX(計算用!$I$2:$I$186,MATCH("女"&手直し!F6,計算用!$AO$2:$AO$186,0)),"？")) | W4: =IF($Q4="","",手直し!G6&"") | X4: =IF(OR($Q4="",手直し!G6=""),"",IFERROR(INDEX(計算用!$M$2:$M$186,MATCH("女"&手直し!G6,計算用!$AO$2:$AO$186,0)),"？")) | Y4: =IF(OR($Q4="",手直し!G6=""),"",IFERROR(INDEX(計算用!$I$2:$I$186,MATCH("女"&手直し!G6,計算用!$AO$2:$AO$186,0)),"？")) | Z4: =IF($Q4="","",手直し!H6&"") | AA4: =IF(OR($Q4="",手直し!H6=""),"",IFERROR(INDEX(計算用!$M$2:$M$186,MATCH("女"&手直し!H6,計算用!$AO$2:$AO$186,0)),"？")) | AB4: =IF(OR($Q4="",手直し!H6=""),"",IFERROR(INDEX(計算用!$I$2:$I$186,MATCH("女"&手直し!H6,計算用!$AO$2:$AO$186,0)),"？")) | AC4: =IF($Q4="","",手直し!I6&"") | AD4: =IF(OR($Q4="",手直し!I6=""),"",IFERROR(INDEX(計算用!$M$2:$M$186,MATCH("女"&手直し!I6,計算用!$AO$2:$AO$186,0)),"？")) | AE4: =IF(OR($Q4="",手直し!I6=""),"",IFERROR(INDEX(計算用!$I$2:$I$186,MATCH("女"&手直し!I6,計算用!$AO$2:$AO$186,0)),"？"))
A5: =IF(ROW()-3<=計算用!$Q$13,ROW()-3,"") | B5: =IF($A5="","",手直し!K7) | C5: =IF($A5="","",手直し!L7) | D5: =IF($A5="","",手直し!B7&"") | E5: =IF(OR($A5="",手直し!B7=""),"",IFERROR(INDEX(計算用!$M$2:$M$186,MATCH("男"&手直し!B7,計算用!$AO$2:$AO$186,0)),"？")) | F5: =IF(OR($A5="",手直し!B7=""),"",IFERROR(INDEX(計算用!$I$2:$I$186,MATCH("男"&手直し!B7,計算用!$AO$2:$AO$186,0)),"？")) | G5: =IF($A5="","",手直し!C7&"") | H5: =IF(OR($A5="",手直し!C7=""),"",IFERROR(INDEX(計算用!$M$2:$M$186,MATCH("男"&手直し!C7,計算用!$AO$2:$AO$186,0)),"？")) | I5: =IF(OR($A5="",手直し!C7=""),"",IFERROR(INDEX(計算用!$I$2:$I$186,MATCH("男"&手直し!C7,計算用!$AO$2:$AO$186,0)),"？")) | J5: =IF($A5="","",手直し!D7&"") | K5: =IF(OR($A5="",手直し!D7=""),"",IFERROR(INDEX(計算用!$M$2:$M$186,MATCH("男"&手直し!D7,計算用!$AO$2:$AO$186,0)),"？")) | L5: =IF(OR($A5="",手直し!D7=""),"",IFERROR(INDEX(計算用!$I$2:$I$186,MATCH("男"&手直し!D7,計算用!$AO$2:$AO$186,0)),"？")) | M5: =IF($A5="","",手直し!E7&"") | N5: =IF(OR($A5="",手直し!E7=""),"",IFERROR(INDEX(計算用!$M$2:$M$186,MATCH("男"&手直し!E7,計算用!$AO$2:$AO$186,0)),"？")) | O5: =IF(OR($A5="",手直し!E7=""),"",IFERROR(INDEX(計算用!$I$2:$I$186,MATCH("男"&手直し!E7,計算用!$AO$2:$AO$186,0)),"？")) | Q5: =IF(ROW()-3<=計算用!$Q$14,ROW()-3,"") | R5: =IF($Q5="","",手直し!M7) | S5: =IF($Q5="","",手直し!N7) | T5: =IF($Q5="","",手直し!F7&"") | U5: =IF(OR($Q5="",手直し!F7=""),"",IFERROR(INDEX(計算用!$M$2:$M$186,MATCH("女"&手直し!F7,計算用!$AO$2:$AO$186,0)),"？")) | V5: =IF(OR($Q5="",手直し!F7=""),"",IFERROR(INDEX(計算用!$I$2:$I$186,MATCH("女"&手直し!F7,計算用!$AO$2:$AO$186,0)),"？")) | W5: =IF($Q5="","",手直し!G7&"") | X5: =IF(OR($Q5="",手直し!G7=""),"",IFERROR(INDEX(計算用!$M$2:$M$186,MATCH("女"&手直し!G7,計算用!$AO$2:$AO$186,0)),"？")) | Y5: =IF(OR($Q5="",手直し!G7=""),"",IFERROR(INDEX(計算用!$I$2:$I$186,MATCH("女"&手直し!G7,計算用!$AO$2:$AO$186,0)),"？")) | Z5: =IF($Q5="","",手直し!H7&"") | AA5: =IF(OR($Q5="",手直し!H7=""),"",IFERROR(INDEX(計算用!$M$2:$M$186,MATCH("女"&手直し!H7,計算用!$AO$2:$AO$186,0)),"？")) | AB5: =IF(OR($Q5="",手直し!H7=""),"",IFERROR(INDEX(計算用!$I$2:$I$186,MATCH("女"&手直し!H7,計算用!$AO$2:$AO$186,0)),"？")) | AC5: =IF($Q5="","",手直し!I7&"") | AD5: =IF(OR($Q5="",手直し!I7=""),"",IFERROR(INDEX(計算用!$M$2:$M$186,MATCH("女"&手直し!I7,計算用!$AO$2:$AO$186,0)),"？")) | AE5: =IF(OR($Q5="",手直し!I7=""),"",IFERROR(INDEX(計算用!$I$2:$I$186,MATCH("女"&手直し!I7,計算用!$AO$2:$AO$186,0)),"？"))
A6: =IF(ROW()-3<=計算用!$Q$13,ROW()-3,"") | B6: =IF($A6="","",手直し!K8) | C6: =IF($A6="","",手直し!L8) | D6: =IF($A6="","",手直し!B8&"") | E6: =IF(OR($A6="",手直し!B8=""),"",IFERROR(INDEX(計算用!$M$2:$M$186,MATCH("男"&手直し!B8,計算用!$AO$2:$AO$186,0)),"？")) | F6: =IF(OR($A6="",手直し!B8=""),"",IFERROR(INDEX(計算用!$I$2:$I$186,MATCH("男"&手直し!B8,計算用!$AO$2:$AO$186,0)),"？")) | G6: =IF($A6="","",手直し!C8&"") | H6: =IF(OR($A6="",手直し!C8=""),"",IFERROR(INDEX(計算用!$M$2:$M$186,MATCH("男"&手直し!C8,計算用!$AO$2:$AO$186,0)),"？")) | I6: =IF(OR($A6="",手直し!C8=""),"",IFERROR(INDEX(計算用!$I$2:$I$186,MATCH("男"&手直し!C8,計算用!$AO$2:$AO$186,0)),"？")) | J6: =IF($A6="","",手直し!D8&"") | K6: =IF(OR($A6="",手直し!D8=""),"",IFERROR(INDEX(計算用!$M$2:$M$186,MATCH("男"&手直し!D8,計算用!$AO$2:$AO$186,0)),"？")) | L6: =IF(OR($A6="",手直し!D8=""),"",IFERROR(INDEX(計算用!$I$2:$I$186,MATCH("男"&手直し!D8,計算用!$AO$2:$AO$186,0)),"？")) | M6: =IF($A6="","",手直し!E8&"") | N6: =IF(OR($A6="",手直し!E8=""),"",IFERROR(INDEX(計算用!$M$2:$M$186,MATCH("男"&手直し!E8,計算用!$AO$2:$AO$186,0)),"？")) | O6: =IF(OR($A6="",手直し!E8=""),"",IFERROR(INDEX(計算用!$I$2:$I$186,MATCH("男"&手直し!E8,計算用!$AO$2:$AO$186,0)),"？")) | Q6: =IF(ROW()-3<=計算用!$Q$14,ROW()-3,"") | R6: =IF($Q6="","",手直し!M8) | S6: =IF($Q6="","",手直し!N8) | T6: =IF($Q6="","",手直し!F8&"") | U6: =IF(OR($Q6="",手直し!F8=""),"",IFERROR(INDEX(計算用!$M$2:$M$186,MATCH("女"&手直し!F8,計算用!$AO$2:$AO$186,0)),"？")) | V6: =IF(OR($Q6="",手直し!F8=""),"",IFERROR(INDEX(計算用!$I$2:$I$186,MATCH("女"&手直し!F8,計算用!$AO$2:$AO$186,0)),"？")) | W6: =IF($Q6="","",手直し!G8&"") | X6: =IF(OR($Q6="",手直し!G8=""),"",IFERROR(INDEX(計算用!$M$2:$M$186,MATCH("女"&手直し!G8,計算用!$AO$2:$AO$186,0)),"？")) | Y6: =IF(OR($Q6="",手直し!G8=""),"",IFERROR(INDEX(計算用!$I$2:$I$186,MATCH("女"&手直し!G8,計算用!$AO$2:$AO$186,0)),"？")) | Z6: =IF($Q6="","",手直し!H8&"") | AA6: =IF(OR($Q6="",手直し!H8=""),"",IFERROR(INDEX(計算用!$M$2:$M$186,MATCH("女"&手直し!H8,計算用!$AO$2:$AO$186,0)),"？")) | AB6: =IF(OR($Q6="",手直し!H8=""),"",IFERROR(INDEX(計算用!$I$2:$I$186,MATCH("女"&手直し!H8,計算用!$AO$2:$AO$186,0)),"？")) | AC6: =IF($Q6="","",手直し!I8&"") | AD6: =IF(OR($Q6="",手直し!I8=""),"",IFERROR(INDEX(計算用!$M$2:$M$186,MATCH("女"&手直し!I8,計算用!$AO$2:$AO$186,0)),"？")) | AE6: =IF(OR($Q6="",手直し!I8=""),"",IFERROR(INDEX(計算用!$I$2:$I$186,MATCH("女"&手直し!I8,計算用!$AO$2:$AO$186,0)),"？"))
A7: =IF(ROW()-3<=計算用!$Q$13,ROW()-3,"") | B7: =IF($A7="","",手直し!K9) | C7: =IF($A7="","",手直し!L9) | D7: =IF($A7="","",手直し!B9&"") | E7: =IF(OR($A7="",手直し!B9=""),"",IFERROR(INDEX(計算用!$M$2:$M$186,MATCH("男"&手直し!B9,計算用!$AO$2:$AO$186,0)),"？")) | F7: =IF(OR($A7="",手直し!B9=""),"",IFERROR(INDEX(計算用!$I$2:$I$186,MATCH("男"&手直し!B9,計算用!$AO$2:$AO$186,0)),"？")) | G7: =IF($A7="","",手直し!C9&"") | H7: =IF(OR($A7="",手直し!C9=""),"",IFERROR(INDEX(計算用!$M$2:$M$186,MATCH("男"&手直し!C9,計算用!$AO$2:$AO$186,0)),"？")) | I7: =IF(OR($A7="",手直し!C9=""),"",IFERROR(INDEX(計算用!$I$2:$I$186,MATCH("男"&手直し!C9,計算用!$AO$2:$AO$186,0)),"？")) | J7: =IF($A7="","",手直し!D9&"") | K7: =IF(OR($A7="",手直し!D9=""),"",IFERROR(INDEX(計算用!$M$2:$M$186,MATCH("男"&手直し!D9,計算用!$AO$2:$AO$186,0)),"？")) | L7: =IF(OR($A7="",手直し!D9=""),"",IFERROR(INDEX(計算用!$I$2:$I$186,MATCH("男"&手直し!D9,計算用!$AO$2:$AO$186,0)),"？")) | M7: =IF($A7="","",手直し!E9&"") | N7: =IF(OR($A7="",手直し!E9=""),"",IFERROR(INDEX(計算用!$M$2:$M$186,MATCH("男"&手直し!E9,計算用!$AO$2:$AO$186,0)),"？")) | O7: =IF(OR($A7="",手直し!E9=""),"",IFERROR(INDEX(計算用!$I$2:$I$186,MATCH("男"&手直し!E9,計算用!$AO$2:$AO$186,0)),"？")) | Q7: =IF(ROW()-3<=計算用!$Q$14,ROW()-3,"") | R7: =IF($Q7="","",手直し!M9) | S7: =IF($Q7="","",手直し!N9) | T7: =IF($Q7="","",手直し!F9&"") | U7: =IF(OR($Q7="",手直し!F9=""),"",IFERROR(INDEX(計算用!$M$2:$M$186,MATCH("女"&手直し!F9,計算用!$AO$2:$AO$186,0)),"？")) | V7: =IF(OR($Q7="",手直し!F9=""),"",IFERROR(INDEX(計算用!$I$2:$I$186,MATCH("女"&手直し!F9,計算用!$AO$2:$AO$186,0)),"？")) | W7: =IF($Q7="","",手直し!G9&"") | X7: =IF(OR($Q7="",手直し!G9=""),"",IFERROR(INDEX(計算用!$M$2:$M$186,MATCH("女"&手直し!G9,計算用!$AO$2:$AO$186,0)),"？")) | Y7: =IF(OR($Q7="",手直し!G9=""),"",IFERROR(INDEX(計算用!$I$2:$I$186,MATCH("女"&手直し!G9,計算用!$AO$2:$AO$186,0)),"？")) | Z7: =IF($Q7="","",手直し!H9&"") | AA7: =IF(OR($Q7="",手直し!H9=""),"",IFERROR(INDEX(計算用!$M$2:$M$186,MATCH("女"&手直し!H9,計算用!$AO$2:$AO$186,0)),"？")) | AB7: =IF(OR($Q7="",手直し!H9=""),"",IFERROR(INDEX(計算用!$I$2:$I$186,MATCH("女"&手直し!H9,計算用!$AO$2:$AO$186,0)),"？")) | AC7: =IF($Q7="","",手直し!I9&"") | AD7: =IF(OR($Q7="",手直し!I9=""),"",IFERROR(INDEX(計算用!$M$2:$M$186,MATCH("女"&手直し!I9,計算用!$AO$2:$AO$186,0)),"？")) | AE7: =IF(OR($Q7="",手直し!I9=""),"",IFERROR(INDEX(計算用!$I$2:$I$186,MATCH("女"&手直し!I9,計算用!$AO$2:$AO$186,0)),"？"))
A8: =IF(ROW()-3<=計算用!$Q$13,ROW()-3,"") | B8: =IF($A8="","",手直し!K10) | C8: =IF($A8="","",手直し!L10) | D8: =IF($A8="","",手直し!B10&"") | E8: =IF(OR($A8="",手直し!B10=""),"",IFERROR(INDEX(計算用!$M$2:$M$186,MATCH("男"&手直し!B10,計算用!$AO$2:$AO$186,0)),"？")) | F8: =IF(OR($A8="",手直し!B10=""),"",IFERROR(INDEX(計算用!$I$2:$I$186,MATCH("男"&手直し!B10,計算用!$AO$2:$AO$186,0)),"？")) | G8: =IF($A8="","",手直し!C10&"") | H8: =IF(OR($A8="",手直し!C10=""),"",IFERROR(INDEX(計算用!$M$2:$M$186,MATCH("男"&手直し!C10,計算用!$AO$2:$AO$186,0)),"？")) | I8: =IF(OR($A8="",手直し!C10=""),"",IFERROR(INDEX(計算用!$I$2:$I$186,MATCH("男"&手直し!C10,計算用!$AO$2:$AO$186,0)),"？")) | J8: =IF($A8="","",手直し!D10&"") | K8: =IF(OR($A8="",手直し!D10=""),"",IFERROR(INDEX(計算用!$M$2:$M$186,MATCH("男"&手直し!D10,計算用!$AO$2:$AO$186,0)),"？")) | L8: =IF(OR($A8="",手直し!D10=""),"",IFERROR(INDEX(計算用!$I$2:$I$186,MATCH("男"&手直し!D10,計算用!$AO$2:$AO$186,0)),"？")) | M8: =IF($A8="","",手直し!E10&"") | N8: =IF(OR($A8="",手直し!E10=""),"",IFERROR(INDEX(計算用!$M$2:$M$186,MATCH("男"&手直し!E10,計算用!$AO$2:$AO$186,0)),"？")) | O8: =IF(OR($A8="",手直し!E10=""),"",IFERROR(INDEX(計算用!$I$2:$I$186,MATCH("男"&手直し!E10,計算用!$AO$2:$AO$186,0)),"？")) | Q8: =IF(ROW()-3<=計算用!$Q$14,ROW()-3,"") | R8: =IF($Q8="","",手直し!M10) | S8: =IF($Q8="","",手直し!N10) | T8: =IF($Q8="","",手直し!F10&"") | U8: =IF(OR($Q8="",手直し!F10=""),"",IFERROR(INDEX(計算用!$M$2:$M$186,MATCH("女"&手直し!F10,計算用!$AO$2:$AO$186,0)),"？")) | V8: =IF(OR($Q8="",手直し!F10=""),"",IFERROR(INDEX(計算用!$I$2:$I$186,MATCH("女"&手直し!F10,計算用!$AO$2:$AO$186,0)),"？")) | W8: =IF($Q8="","",手直し!G10&"") | X8: =IF(OR($Q8="",手直し!G10=""),"",IFERROR(INDEX(計算用!$M$2:$M$186,MATCH("女"&手直し!G10,計算用!$AO$2:$AO$186,0)),"？")) | Y8: =IF(OR($Q8="",手直し!G10=""),"",IFERROR(INDEX(計算用!$I$2:$I$186,MATCH("女"&手直し!G10,計算用!$AO$2:$AO$186,0)),"？")) | Z8: =IF($Q8="","",手直し!H10&"") | AA8: =IF(OR($Q8="",手直し!H10=""),"",IFERROR(INDEX(計算用!$M$2:$M$186,MATCH("女"&手直し!H10,計算用!$AO$2:$AO$186,0)),"？")) | AB8: =IF(OR($Q8="",手直し!H10=""),"",IFERROR(INDEX(計算用!$I$2:$I$186,MATCH("女"&手直し!H10,計算用!$AO$2:$AO$186,0)),"？")) | AC8: =IF($Q8="","",手直し!I10&"") | AD8: =IF(OR($Q8="",手直し!I10=""),"",IFERROR(INDEX(計算用!$M$2:$M$186,MATCH("女"&手直し!I10,計算用!$AO$2:$AO$186,0)),"？")) | AE8: =IF(OR($Q8="",手直し!I10=""),"",IFERROR(INDEX(計算用!$I$2:$I$186,MATCH("女"&手直し!I10,計算用!$AO$2:$AO$186,0)),"？"))
A9: =IF(ROW()-3<=計算用!$Q$13,ROW()-3,"") | B9: =IF($A9="","",手直し!K11) | C9: =IF($A9="","",手直し!L11) | D9: =IF($A9="","",手直し!B11&"") | E9: =IF(OR($A9="",手直し!B11=""),"",IFERROR(INDEX(計算用!$M$2:$M$186,MATCH("男"&手直し!B11,計算用!$AO$2:$AO$186,0)),"？")) | F9: =IF(OR($A9="",手直し!B11=""),"",IFERROR(INDEX(計算用!$I$2:$I$186,MATCH("男"&手直し!B11,計算用!$AO$2:$AO$186,0)),"？")) | G9: =IF($A9="","",手直し!C11&"") | H9: =IF(OR($A9="",手直し!C11=""),"",IFERROR(INDEX(計算用!$M$2:$M$186,MATCH("男"&手直し!C11,計算用!$AO$2:$AO$186,0)),"？")) | I9: =IF(OR($A9="",手直し!C11=""),"",IFERROR(INDEX(計算用!$I$2:$I$186,MATCH("男"&手直し!C11,計算用!$AO$2:$AO$186,0)),"？")) | J9: =IF($A9="","",手直し!D11&"") | K9: =IF(OR($A9="",手直し!D11=""),"",IFERROR(INDEX(計算用!$M$2:$M$186,MATCH("男"&手直し!D11,計算用!$AO$2:$AO$186,0)),"？")) | L9: =IF(OR($A9="",手直し!D11=""),"",IFERROR(INDEX(計算用!$I$2:$I$186,MATCH("男"&手直し!D11,計算用!$AO$2:$AO$186,0)),"？")) | M9: =IF($A9="","",手直し!E11&"") | N9: =IF(OR($A9="",手直し!E11=""),"",IFERROR(INDEX(計算用!$M$2:$M$186,MATCH("男"&手直し!E11,計算用!$AO$2:$AO$186,0)),"？")) | O9: =IF(OR($A9="",手直し!E11=""),"",IFERROR(INDEX(計算用!$I$2:$I$186,MATCH("男"&手直し!E11,計算用!$AO$2:$AO$186,0)),"？")) | Q9: =IF(ROW()-3<=計算用!$Q$14,ROW()-3,"") | R9: =IF($Q9="","",手直し!M11) | S9: =IF($Q9="","",手直し!N11) | T9: =IF($Q9="","",手直し!F11&"") | U9: =IF(OR($Q9="",手直し!F11=""),"",IFERROR(INDEX(計算用!$M$2:$M$186,MATCH("女"&手直し!F11,計算用!$AO$2:$AO$186,0)),"？")) | V9: =IF(OR($Q9="",手直し!F11=""),"",IFERROR(INDEX(計算用!$I$2:$I$186,MATCH("女"&手直し!F11,計算用!$AO$2:$AO$186,0)),"？")) | W9: =IF($Q9="","",手直し!G11&"") | X9: =IF(OR($Q9="",手直し!G11=""),"",IFERROR(INDEX(計算用!$M$2:$M$186,MATCH("女"&手直し!G11,計算用!$AO$2:$AO$186,0)),"？")) | Y9: =IF(OR($Q9="",手直し!G11=""),"",IFERROR(INDEX(計算用!$I$2:$I$186,MATCH("女"&手直し!G11,計算用!$AO$2:$AO$186,0)),"？")) | Z9: =IF($Q9="","",手直し!H11&"") | AA9: =IF(OR($Q9="",手直し!H11=""),"",IFERROR(INDEX(計算用!$M$2:$M$186,MATCH("女"&手直し!H11,計算用!$AO$2:$AO$186,0)),"？")) | AB9: =IF(OR($Q9="",手直し!H11=""),"",IFERROR(INDEX(計算用!$I$2:$I$186,MATCH("女"&手直し!H11,計算用!$AO$2:$AO$186,0)),"？")) | AC9: =IF($Q9="","",手直し!I11&"") | AD9: =IF(OR($Q9="",手直し!I11=""),"",IFERROR(INDEX(計算用!$M$2:$M$186,MATCH("女"&手直し!I11,計算用!$AO$2:$AO$186,0)),"？")) | AE9: =IF(OR($Q9="",手直し!I11=""),"",IFERROR(INDEX(計算用!$I$2:$I$186,MATCH("女"&手直し!I11,計算用!$AO$2:$AO$186,0)),"？"))
A10: =IF(ROW()-3<=計算用!$Q$13,ROW()-3,"") | B10: =IF($A10="","",手直し!K12) | C10: =IF($A10="","",手直し!L12) | D10: =IF($A10="","",手直し!B12&"") | E10: =IF(OR($A10="",手直し!B12=""),"",IFERROR(INDEX(計算用!$M$2:$M$186,MATCH("男"&手直し!B12,計算用!$AO$2:$AO$186,0)),"？")) | F10: =IF(OR($A10="",手直し!B12=""),"",IFERROR(INDEX(計算用!$I$2:$I$186,MATCH("男"&手直し!B12,計算用!$AO$2:$AO$186,0)),"？")) | G10: =IF($A10="","",手直し!C12&"") | H10: =IF(OR($A10="",手直し!C12=""),"",IFERROR(INDEX(計算用!$M$2:$M$186,MATCH("男"&手直し!C12,計算用!$AO$2:$AO$186,0)),"？")) | I10: =IF(OR($A10="",手直し!C12=""),"",IFERROR(INDEX(計算用!$I$2:$I$186,MATCH("男"&手直し!C12,計算用!$AO$2:$AO$186,0)),"？")) | J10: =IF($A10="","",手直し!D12&"") | K10: =IF(OR($A10="",手直し!D12=""),"",IFERROR(INDEX(計算用!$M$2:$M$186,MATCH("男"&手直し!D12,計算用!$AO$2:$AO$186,0)),"？")) | L10: =IF(OR($A10="",手直し!D12=""),"",IFERROR(INDEX(計算用!$I$2:$I$186,MATCH("男"&手直し!D12,計算用!$AO$2:$AO$186,0)),"？")) | M10: =IF($A10="","",手直し!E12&"") | N10: =IF(OR($A10="",手直し!E12=""),"",IFERROR(INDEX(計算用!$M$2:$M$186,MATCH("男"&手直し!E12,計算用!$AO$2:$AO$186,0)),"？")) | O10: =IF(OR($A10="",手直し!E12=""),"",IFERROR(INDEX(計算用!$I$2:$I$186,MATCH("男"&手直し!E12,計算用!$AO$2:$AO$186,0)),"？")) | Q10: =IF(ROW()-3<=計算用!$Q$14,ROW()-3,"") | R10: =IF($Q10="","",手直し!M12) | S10: =IF($Q10="","",手直し!N12) | T10: =IF($Q10="","",手直し!F12&"") | U10: =IF(OR($Q10="",手直し!F12=""),"",IFERROR(INDEX(計算用!$M$2:$M$186,MATCH("女"&手直し!F12,計算用!$AO$2:$AO$186,0)),"？")) | V10: =IF(OR($Q10="",手直し!F12=""),"",IFERROR(INDEX(計算用!$I$2:$I$186,MATCH("女"&手直し!F12,計算用!$AO$2:$AO$186,0)),"？")) | W10: =IF($Q10="","",手直し!G12&"") | X10: =IF(OR($Q10="",手直し!G12=""),"",IFERROR(INDEX(計算用!$M$2:$M$186,MATCH("女"&手直し!G12,計算用!$AO$2:$AO$186,0)),"？")) | Y10: =IF(OR($Q10="",手直し!G12=""),"",IFERROR(INDEX(計算用!$I$2:$I$186,MATCH("女"&手直し!G12,計算用!$AO$2:$AO$186,0)),"？")) | Z10: =IF($Q10="","",手直し!H12&"") | AA10: =IF(OR($Q10="",手直し!H12=""),"",IFERROR(INDEX(計算用!$M$2:$M$186,MATCH("女"&手直し!H12,計算用!$AO$2:$AO$186,0)),"？")) | AB10: =IF(OR($Q10="",手直し!H12=""),"",IFERROR(INDEX(計算用!$I$2:$I$186,MATCH("女"&手直し!H12,計算用!$AO$2:$AO$186,0)),"？")) | AC10: =IF($Q10="","",手直し!I12&"") | AD10: =IF(OR($Q10="",手直し!I12=""),"",IFERROR(INDEX(計算用!$M$2:$M$186,MATCH("女"&手直し!I12,計算用!$AO$2:$AO$186,0)),"？")) | AE10: =IF(OR($Q10="",手直し!I12=""),"",IFERROR(INDEX(計算用!$I$2:$I$186,MATCH("女"&手直し!I12,計算用!$AO$2:$AO$186,0)),"？"))
A11: =IF(ROW()-3<=計算用!$Q$13,ROW()-3,"") | B11: =IF($A11="","",手直し!K13) | C11: =IF($A11="","",手直し!L13) | D11: =IF($A11="","",手直し!B13&"") | E11: =IF(OR($A11="",手直し!B13=""),"",IFERROR(INDEX(計算用!$M$2:$M$186,MATCH("男"&手直し!B13,計算用!$AO$2:$AO$186,0)),"？")) | F11: =IF(OR($A11="",手直し!B13=""),"",IFERROR(INDEX(計算用!$I$2:$I$186,MATCH("男"&手直し!B13,計算用!$AO$2:$AO$186,0)),"？")) | G11: =IF($A11="","",手直し!C13&"") | H11: =IF(OR($A11="",手直し!C13=""),"",IFERROR(INDEX(計算用!$M$2:$M$186,MATCH("男"&手直し!C13,計算用!$AO$2:$AO$186,0)),"？")) | I11: =IF(OR($A11="",手直し!C13=""),"",IFERROR(INDEX(計算用!$I$2:$I$186,MATCH("男"&手直し!C13,計算用!$AO$2:$AO$186,0)),"？")) | J11: =IF($A11="","",手直し!D13&"") | K11: =IF(OR($A11="",手直し!D13=""),"",IFERROR(INDEX(計算用!$M$2:$M$186,MATCH("男"&手直し!D13,計算用!$AO$2:$AO$186,0)),"？")) | L11: =IF(OR($A11="",手直し!D13=""),"",IFERROR(INDEX(計算用!$I$2:$I$186,MATCH("男"&手直し!D13,計算用!$AO$2:$AO$186,0)),"？")) | M11: =IF($A11="","",手直し!E13&"") | N11: =IF(OR($A11="",手直し!E13=""),"",IFERROR(INDEX(計算用!$M$2:$M$186,MATCH("男"&手直し!E13,計算用!$AO$2:$AO$186,0)),"？")) | O11: =IF(OR($A11="",手直し!E13=""),"",IFERROR(INDEX(計算用!$I$2:$I$186,MATCH("男"&手直し!E13,計算用!$AO$2:$AO$186,0)),"？")) | Q11: =IF(ROW()-3<=計算用!$Q$14,ROW()-3,"") | R11: =IF($Q11="","",手直し!M13) | S11: =IF($Q11="","",手直し!N13) | T11: =IF($Q11="","",手直し!F13&"") | U11: =IF(OR($Q11="",手直し!F13=""),"",IFERROR(INDEX(計算用!$M$2:$M$186,MATCH("女"&手直し!F13,計算用!$AO$2:$AO$186,0)),"？")) | V11: =IF(OR($Q11="",手直し!F13=""),"",IFERROR(INDEX(計算用!$I$2:$I$186,MATCH("女"&手直し!F13,計算用!$AO$2:$AO$186,0)),"？")) | W11: =IF($Q11="","",手直し!G13&"") | X11: =IF(OR($Q11="",手直し!G13=""),"",IFERROR(INDEX(計算用!$M$2:$M$186,MATCH("女"&手直し!G13,計算用!$AO$2:$AO$186,0)),"？")) | Y11: =IF(OR($Q11="",手直し!G13=""),"",IFERROR(INDEX(計算用!$I$2:$I$186,MATCH("女"&手直し!G13,計算用!$AO$2:$AO$186,0)),"？")) | Z11: =IF($Q11="","",手直し!H13&"") | AA11: =IF(OR($Q11="",手直し!H13=""),"",IFERROR(INDEX(計算用!$M$2:$M$186,MATCH("女"&手直し!H13,計算用!$AO$2:$AO$186,0)),"？")) | AB11: =IF(OR($Q11="",手直し!H13=""),"",IFERROR(INDEX(計算用!$I$2:$I$186,MATCH("女"&手直し!H13,計算用!$AO$2:$AO$186,0)),"？")) | AC11: =IF($Q11="","",手直し!I13&"") | AD11: =IF(OR($Q11="",手直し!I13=""),"",IFERROR(INDEX(計算用!$M$2:$M$186,MATCH("女"&手直し!I13,計算用!$AO$2:$AO$186,0)),"？")) | AE11: =IF(OR($Q11="",手直し!I13=""),"",IFERROR(INDEX(計算用!$I$2:$I$186,MATCH("女"&手直し!I13,計算用!$AO$2:$AO$186,0)),"？"))
A12: =IF(ROW()-3<=計算用!$Q$13,ROW()-3,"") | B12: =IF($A12="","",手直し!K14) | C12: =IF($A12="","",手直し!L14) | D12: =IF($A12="","",手直し!B14&"") | E12: =IF(OR($A12="",手直し!B14=""),"",IFERROR(INDEX(計算用!$M$2:$M$186,MATCH("男"&手直し!B14,計算用!$AO$2:$AO$186,0)),"？")) | F12: =IF(OR($A12="",手直し!B14=""),"",IFERROR(INDEX(計算用!$I$2:$I$186,MATCH("男"&手直し!B14,計算用!$AO$2:$AO$186,0)),"？")) | G12: =IF($A12="","",手直し!C14&"") | H12: =IF(OR($A12="",手直し!C14=""),"",IFERROR(INDEX(計算用!$M$2:$M$186,MATCH("男"&手直し!C14,計算用!$AO$2:$AO$186,0)),"？")) | I12: =IF(OR($A12="",手直し!C14=""),"",IFERROR(INDEX(計算用!$I$2:$I$186,MATCH("男"&手直し!C14,計算用!$AO$2:$AO$186,0)),"？")) | J12: =IF($A12="","",手直し!D14&"") | K12: =IF(OR($A12="",手直し!D14=""),"",IFERROR(INDEX(計算用!$M$2:$M$186,MATCH("男"&手直し!D14,計算用!$AO$2:$AO$186,0)),"？")) | L12: =IF(OR($A12="",手直し!D14=""),"",IFERROR(INDEX(計算用!$I$2:$I$186,MATCH("男"&手直し!D14,計算用!$AO$2:$AO$186,0)),"？")) | M12: =IF($A12="","",手直し!E14&"") | N12: =IF(OR($A12="",手直し!E14=""),"",IFERROR(INDEX(計算用!$M$2:$M$186,MATCH("男"&手直し!E14,計算用!$AO$2:$AO$186,0)),"？")) | O12: =IF(OR($A12="",手直し!E14=""),"",IFERROR(INDEX(計算用!$I$2:$I$186,MATCH("男"&手直し!E14,計算用!$AO$2:$AO$186,0)),"？")) | Q12: =IF(ROW()-3<=計算用!$Q$14,ROW()-3,"") | R12: =IF($Q12="","",手直し!M14) | S12: =IF($Q12="","",手直し!N14) | T12: =IF($Q12="","",手直し!F14&"") | U12: =IF(OR($Q12="",手直し!F14=""),"",IFERROR(INDEX(計算用!$M$2:$M$186,MATCH("女"&手直し!F14,計算用!$AO$2:$AO$186,0)),"？")) | V12: =IF(OR($Q12="",手直し!F14=""),"",IFERROR(INDEX(計算用!$I$2:$I$186,MATCH("女"&手直し!F14,計算用!$AO$2:$AO$186,0)),"？")) | W12: =IF($Q12="","",手直し!G14&"") | X12: =IF(OR($Q12="",手直し!G14=""),"",IFERROR(INDEX(計算用!$M$2:$M$186,MATCH("女"&手直し!G14,計算用!$AO$2:$AO$186,0)),"？")) | Y12: =IF(OR($Q12="",手直し!G14=""),"",IFERROR(INDEX(計算用!$I$2:$I$186,MATCH("女"&手直し!G14,計算用!$AO$2:$AO$186,0)),"？")) | Z12: =IF($Q12="","",手直し!H14&"") | AA12: =IF(OR($Q12="",手直し!H14=""),"",IFERROR(INDEX(計算用!$M$2:$M$186,MATCH("女"&手直し!H14,計算用!$AO$2:$AO$186,0)),"？")) | AB12: =IF(OR($Q12="",手直し!H14=""),"",IFERROR(INDEX(計算用!$I$2:$I$186,MATCH("女"&手直し!H14,計算用!$AO$2:$AO$186,0)),"？")) | AC12: =IF($Q12="","",手直し!I14&"") | AD12: =IF(OR($Q12="",手直し!I14=""),"",IFERROR(INDEX(計算用!$M$2:$M$186,MATCH("女"&手直し!I14,計算用!$AO$2:$AO$186,0)),"？")) | AE12: =IF(OR($Q12="",手直し!I14=""),"",IFERROR(INDEX(計算用!$I$2:$I$186,MATCH("女"&手直し!I14,計算用!$AO$2:$AO$186,0)),"？"))
A13: =IF(ROW()-3<=計算用!$Q$13,ROW()-3,"") | B13: =IF($A13="","",手直し!K15) | C13: =IF($A13="","",手直し!L15) | D13: =IF($A13="","",手直し!B15&"") | E13: =IF(OR($A13="",手直し!B15=""),"",IFERROR(INDEX(計算用!$M$2:$M$186,MATCH("男"&手直し!B15,計算用!$AO$2:$AO$186,0)),"？")) | F13: =IF(OR($A13="",手直し!B15=""),"",IFERROR(INDEX(計算用!$I$2:$I$186,MATCH("男"&手直し!B15,計算用!$AO$2:$AO$186,0)),"？")) | G13: =IF($A13="","",手直し!C15&"") | H13: =IF(OR($A13="",手直し!C15=""),"",IFERROR(INDEX(計算用!$M$2:$M$186,MATCH("男"&手直し!C15,計算用!$AO$2:$AO$186,0)),"？")) | I13: =IF(OR($A13="",手直し!C15=""),"",IFERROR(INDEX(計算用!$I$2:$I$186,MATCH("男"&手直し!C15,計算用!$AO$2:$AO$186,0)),"？")) | J13: =IF($A13="","",手直し!D15&"") | K13: =IF(OR($A13="",手直し!D15=""),"",IFERROR(INDEX(計算用!$M$2:$M$186,MATCH("男"&手直し!D15,計算用!$AO$2:$AO$186,0)),"？")) | L13: =IF(OR($A13="",手直し!D15=""),"",IFERROR(INDEX(計算用!$I$2:$I$186,MATCH("男"&手直し!D15,計算用!$AO$2:$AO$186,0)),"？")) | M13: =IF($A13="","",手直し!E15&"") | N13: =IF(OR($A13="",手直し!E15=""),"",IFERROR(INDEX(計算用!$M$2:$M$186,MATCH("男"&手直し!E15,計算用!$AO$2:$AO$186,0)),"？")) | O13: =IF(OR($A13="",手直し!E15=""),"",IFERROR(INDEX(計算用!$I$2:$I$186,MATCH("男"&手直し!E15,計算用!$AO$2:$AO$186,0)),"？")) | Q13: =IF(ROW()-3<=計算用!$Q$14,ROW()-3,"") | R13: =IF($Q13="","",手直し!M15) | S13: =IF($Q13="","",手直し!N15) | T13: =IF($Q13="","",手直し!F15&"") | U13: =IF(OR($Q13="",手直し!F15=""),"",IFERROR(INDEX(計算用!$M$2:$M$186,MATCH("女"&手直し!F15,計算用!$AO$2:$AO$186,0)),"？")) | V13: =IF(OR($Q13="",手直し!F15=""),"",IFERROR(INDEX(計算用!$I$2:$I$186,MATCH("女"&手直し!F15,計算用!$AO$2:$AO$186,0)),"？")) | W13: =IF($Q13="","",手直し!G15&"") | X13: =IF(OR($Q13="",手直し!G15=""),"",IFERROR(INDEX(計算用!$M$2:$M$186,MATCH("女"&手直し!G15,計算用!$AO$2:$AO$186,0)),"？")) | Y13: =IF(OR($Q13="",手直し!G15=""),"",IFERROR(INDEX(計算用!$I$2:$I$186,MATCH("女"&手直し!G15,計算用!$AO$2:$AO$186,0)),"？")) | Z13: =IF($Q13="","",手直し!H15&"") | AA13: =IF(OR($Q13="",手直し!H15=""),"",IFERROR(INDEX(計算用!$M$2:$M$186,MATCH("女"&手直し!H15,計算用!$AO$2:$AO$186,0)),"？")) | AB13: =IF(OR($Q13="",手直し!H15=""),"",IFERROR(INDEX(計算用!$I$2:$I$186,MATCH("女"&手直し!H15,計算用!$AO$2:$AO$186,0)),"？")) | AC13: =IF($Q13="","",手直し!I15&"") | AD13: =IF(OR($Q13="",手直し!I15=""),"",IFERROR(INDEX(計算用!$M$2:$M$186,MATCH("女"&手直し!I15,計算用!$AO$2:$AO$186,0)),"？")) | AE13: =IF(OR($Q13="",手直し!I15=""),"",IFERROR(INDEX(計算用!$I$2:$I$186,MATCH("女"&手直し!I15,計算用!$AO$2:$AO$186,0)),"？"))
A14: =IF(ROW()-3<=計算用!$Q$13,ROW()-3,"") | B14: =IF($A14="","",手直し!K16) | C14: =IF($A14="","",手直し!L16) | D14: =IF($A14="","",手直し!B16&"") | E14: =IF(OR($A14="",手直し!B16=""),"",IFERROR(INDEX(計算用!$M$2:$M$186,MATCH("男"&手直し!B16,計算用!$AO$2:$AO$186,0)),"？")) | F14: =IF(OR($A14="",手直し!B16=""),"",IFERROR(INDEX(計算用!$I$2:$I$186,MATCH("男"&手直し!B16,計算用!$AO$2:$AO$186,0)),"？")) | G14: =IF($A14="","",手直し!C16&"") | H14: =IF(OR($A14="",手直し!C16=""),"",IFERROR(INDEX(計算用!$M$2:$M$186,MATCH("男"&手直し!C16,計算用!$AO$2:$AO$186,0)),"？")) | I14: =IF(OR($A14="",手直し!C16=""),"",IFERROR(INDEX(計算用!$I$2:$I$186,MATCH("男"&手直し!C16,計算用!$AO$2:$AO$186,0)),"？")) | J14: =IF($A14="","",手直し!D16&"") | K14: =IF(OR($A14="",手直し!D16=""),"",IFERROR(INDEX(計算用!$M$2:$M$186,MATCH("男"&手直し!D16,計算用!$AO$2:$AO$186,0)),"？")) | L14: =IF(OR($A14="",手直し!D16=""),"",IFERROR(INDEX(計算用!$I$2:$I$186,MATCH("男"&手直し!D16,計算用!$AO$2:$AO$186,0)),"？")) | M14: =IF($A14="","",手直し!E16&"") | N14: =IF(OR($A14="",手直し!E16=""),"",IFERROR(INDEX(計算用!$M$2:$M$186,MATCH("男"&手直し!E16,計算用!$AO$2:$AO$186,0)),"？")) | O14: =IF(OR($A14="",手直し!E16=""),"",IFERROR(INDEX(計算用!$I$2:$I$186,MATCH("男"&手直し!E16,計算用!$AO$2:$AO$186,0)),"？")) | Q14: =IF(ROW()-3<=計算用!$Q$14,ROW()-3,"") | R14: =IF($Q14="","",手直し!M16) | S14: =IF($Q14="","",手直し!N16) | T14: =IF($Q14="","",手直し!F16&"") | U14: =IF(OR($Q14="",手直し!F16=""),"",IFERROR(INDEX(計算用!$M$2:$M$186,MATCH("女"&手直し!F16,計算用!$AO$2:$AO$186,0)),"？")) | V14: =IF(OR($Q14="",手直し!F16=""),"",IFERROR(INDEX(計算用!$I$2:$I$186,MATCH("女"&手直し!F16,計算用!$AO$2:$AO$186,0)),"？")) | W14: =IF($Q14="","",手直し!G16&"") | X14: =IF(OR($Q14="",手直し!G16=""),"",IFERROR(INDEX(計算用!$M$2:$M$186,MATCH("女"&手直し!G16,計算用!$AO$2:$AO$186,0)),"？")) | Y14: =IF(OR($Q14="",手直し!G16=""),"",IFERROR(INDEX(計算用!$I$2:$I$186,MATCH("女"&手直し!G16,計算用!$AO$2:$AO$186,0)),"？")) | Z14: =IF($Q14="","",手直し!H16&"") | AA14: =IF(OR($Q14="",手直し!H16=""),"",IFERROR(INDEX(計算用!$M$2:$M$186,MATCH("女"&手直し!H16,計算用!$AO$2:$AO$186,0)),"？")) | AB14: =IF(OR($Q14="",手直し!H16=""),"",IFERROR(INDEX(計算用!$I$2:$I$186,MATCH("女"&手直し!H16,計算用!$AO$2:$AO$186,0)),"？")) | AC14: =IF($Q14="","",手直し!I16&"") | AD14: =IF(OR($Q14="",手直し!I16=""),"",IFERROR(INDEX(計算用!$M$2:$M$186,MATCH("女"&手直し!I16,計算用!$AO$2:$AO$186,0)),"？")) | AE14: =IF(OR($Q14="",手直し!I16=""),"",IFERROR(INDEX(計算用!$I$2:$I$186,MATCH("女"&手直し!I16,計算用!$AO$2:$AO$186,0)),"？"))
A15: =IF(ROW()-3<=計算用!$Q$13,ROW()-3,"") | B15: =IF($A15="","",手直し!K17) | C15: =IF($A15="","",手直し!L17) | D15: =IF($A15="","",手直し!B17&"") | E15: =IF(OR($A15="",手直し!B17=""),"",IFERROR(INDEX(計算用!$M$2:$M$186,MATCH("男"&手直し!B17,計算用!$AO$2:$AO$186,0)),"？")) | F15: =IF(OR($A15="",手直し!B17=""),"",IFERROR(INDEX(計算用!$I$2:$I$186,MATCH("男"&手直し!B17,計算用!$AO$2:$AO$186,0)),"？")) | G15: =IF($A15="","",手直し!C17&"") | H15: =IF(OR($A15="",手直し!C17=""),"",IFERROR(INDEX(計算用!$M$2:$M$186,MATCH("男"&手直し!C17,計算用!$AO$2:$AO$186,0)),"？")) | I15: =IF(OR($A15="",手直し!C17=""),"",IFERROR(INDEX(計算用!$I$2:$I$186,MATCH("男"&手直し!C17,計算用!$AO$2:$AO$186,0)),"？")) | J15: =IF($A15="","",手直し!D17&"") | K15: =IF(OR($A15="",手直し!D17=""),"",IFERROR(INDEX(計算用!$M$2:$M$186,MATCH("男"&手直し!D17,計算用!$AO$2:$AO$186,0)),"？")) | L15: =IF(OR($A15="",手直し!D17=""),"",IFERROR(INDEX(計算用!$I$2:$I$186,MATCH("男"&手直し!D17,計算用!$AO$2:$AO$186,0)),"？")) | M15: =IF($A15="","",手直し!E17&"") | N15: =IF(OR($A15="",手直し!E17=""),"",IFERROR(INDEX(計算用!$M$2:$M$186,MATCH("男"&手直し!E17,計算用!$AO$2:$AO$186,0)),"？")) | O15: =IF(OR($A15="",手直し!E17=""),"",IFERROR(INDEX(計算用!$I$2:$I$186,MATCH("男"&手直し!E17,計算用!$AO$2:$AO$186,0)),"？")) | Q15: =IF(ROW()-3<=計算用!$Q$14,ROW()-3,"") | R15: =IF($Q15="","",手直し!M17) | S15: =IF($Q15="","",手直し!N17) | T15: =IF($Q15="","",手直し!F17&"") | U15: =IF(OR($Q15="",手直し!F17=""),"",IFERROR(INDEX(計算用!$M$2:$M$186,MATCH("女"&手直し!F17,計算用!$AO$2:$AO$186,0)),"？")) | V15: =IF(OR($Q15="",手直し!F17=""),"",IFERROR(INDEX(計算用!$I$2:$I$186,MATCH("女"&手直し!F17,計算用!$AO$2:$AO$186,0)),"？")) | W15: =IF($Q15="","",手直し!G17&"") | X15: =IF(OR($Q15="",手直し!G17=""),"",IFERROR(INDEX(計算用!$M$2:$M$186,MATCH("女"&手直し!G17,計算用!$AO$2:$AO$186,0)),"？")) | Y15: =IF(OR($Q15="",手直し!G17=""),"",IFERROR(INDEX(計算用!$I$2:$I$186,MATCH("女"&手直し!G17,計算用!$AO$2:$AO$186,0)),"？")) | Z15: =IF($Q15="","",手直し!H17&"") | AA15: =IF(OR($Q15="",手直し!H17=""),"",IFERROR(INDEX(計算用!$M$2:$M$186,MATCH("女"&手直し!H17,計算用!$AO$2:$AO$186,0)),"？")) | AB15: =IF(OR($Q15="",手直し!H17=""),"",IFERROR(INDEX(計算用!$I$2:$I$186,MATCH("女"&手直し!H17,計算用!$AO$2:$AO$186,0)),"？")) | AC15: =IF($Q15="","",手直し!I17&"") | AD15: =IF(OR($Q15="",手直し!I17=""),"",IFERROR(INDEX(計算用!$M$2:$M$186,MATCH("女"&手直し!I17,計算用!$AO$2:$AO$186,0)),"？")) | AE15: =IF(OR($Q15="",手直し!I17=""),"",IFERROR(INDEX(計算用!$I$2:$I$186,MATCH("女"&手直し!I17,計算用!$AO$2:$AO$186,0)),"？"))
... A53: =IF(ROW()-3<=計算用!$Q$13,ROW()-3,"") | B53: =IF($A53="","",手直し!K55) | C53: =IF($A53="","",手直し!L55) | D53: =IF($A53="","",手直し!B55&"") | E53: =IF(OR($A53="",手直し!B55=""),"",IFERROR(INDEX(計算用!$M$2:$M$186,MATCH("男"&手直し!B55,計算用!$AO$2:$AO$186,0)),"？")) | F53: =IF(OR($A53="",手直し!B55=""),"",IFERROR(INDEX(計算用!$I$2:$I$186,MATCH("男"&手直し!B55,計算用!$AO$2:$AO$186,0)),"？")) | G53: =IF($A53="","",手直し!C55&"") | H53: =IF(OR($A53="",手直し!C55=""),"",IFERROR(INDEX(計算用!$M$2:$M$186,MATCH("男"&手直し!C55,計算用!$AO$2:$AO$186,0)),"？")) | I53: =IF(OR($A53="",手直し!C55=""),"",IFERROR(INDEX(計算用!$I$2:$I$186,MATCH("男"&手直し!C55,計算用!$AO$2:$AO$186,0)),"？")) | J53: =IF($A53="","",手直し!D55&"") | K53: =IF(OR($A53="",手直し!D55=""),"",IFERROR(INDEX(計算用!$M$2:$M$186,MATCH("男"&手直し!D55,計算用!$AO$2:$AO$186,0)),"？")) | L53: =IF(OR($A53="",手直し!D55=""),"",IFERROR(INDEX(計算用!$I$2:$I$186,MATCH("男"&手直し!D55,計算用!$AO$2:$AO$186,0)),"？")) | M53: =IF($A53="","",手直し!E55&"") | N53: =IF(OR($A53="",手直し!E55=""),"",IFERROR(INDEX(計算用!$M$2:$M$186,MATCH("男"&手直し!E55,計算用!$AO$2:$AO$186,0)),"？")) | O53: =IF(OR($A53="",手直し!E55=""),"",IFERROR(INDEX(計算用!$I$2:$I$186,MATCH("男"&手直し!E55,計算用!$AO$2:$AO$186,0)),"？")) | Q53: =IF(ROW()-3<=計算用!$Q$14,ROW()-3,"") | R53: =IF($Q53="","",手直し!M55) | S53: =IF($Q53="","",手直し!N55) | T53: =IF($Q53="","",手直し!F55&"") | U53: =IF(OR($Q53="",手直し!F55=""),"",IFERROR(INDEX(計算用!$M$2:$M$186,MATCH("女"&手直し!F55,計算用!$AO$2:$AO$186,0)),"？")) | V53: =IF(OR($Q53="",手直し!F55=""),"",IFERROR(INDEX(計算用!$I$2:$I$186,MATCH("女"&手直し!F55,計算用!$AO$2:$AO$186,0)),"？")) | W53: =IF($Q53="","",手直し!G55&"") | X53: =IF(OR($Q53="",手直し!G55=""),"",IFERROR(INDEX(計算用!$M$2:$M$186,MATCH("女"&手直し!G55,計算用!$AO$2:$AO$186,0)),"？")) | Y53: =IF(OR($Q53="",手直し!G55=""),"",IFERROR(INDEX(計算用!$I$2:$I$186,MATCH("女"&手直し!G55,計算用!$AO$2:$AO$186,0)),"？")) | Z53: =IF($Q53="","",手直し!H55&"") | AA53: =IF(OR($Q53="",手直し!H55=""),"",IFERROR(INDEX(計算用!$M$2:$M$186,MATCH("女"&手直し!H55,計算用!$AO$2:$AO$186,0)),"？")) | AB53: =IF(OR($Q53="",手直し!H55=""),"",IFERROR(INDEX(計算用!$I$2:$I$186,MATCH("女"&手直し!H55,計算用!$AO$2:$AO$186,0)),"？")) | AC53: =IF($Q53="","",手直し!I55&"") | AD53: =IF(OR($Q53="",手直し!I55=""),"",IFERROR(INDEX(計算用!$M$2:$M$186,MATCH("女"&手直し!I55,計算用!$AO$2:$AO$186,0)),"？")) | AE53: =IF(OR($Q53="",手直し!I55=""),"",IFERROR(INDEX(計算用!$I$2:$I$186,MATCH("女"&手直し!I55,計算用!$AO$2:$AO$186,0)),"？"))

Sheet 走順
A1: 走順 | E1: =IF(計算用!$Q$30=0,"","男子 "&計算用!$Q$13&"レース・女子 "&計算用!$Q$14&"レース 合計 "&計算用!$Q$30&"レース")
A2: 先に走る | C2: 男子 | D2: ← 男子か女子を選んでください | I2: =IF(OR(計算用!$Q$15>0,計算用!$Q$16>0),"※手直しシートに確認が必要なところがあります","")
A4: レース | B4: 1コース | E4: 2コース | H4: 3コース | K4: 4コース
B5: 名前 | C5: クラス | D5: 色 | E5: 名前 | F5: クラス | G5: 色 | H5: 名前 | I5: クラス | J5: 色 | K5: 名前 | L5: クラス | M5: 色
A6: =IF(計算用!$BB$2="","",計算用!$BA$2) | B6: =IF($A6="","",INDEX(決定版!$A$4:$AE$53,計算用!$BE$2,IF(計算用!$BB$2="男",0,16)+4)) | C6: =IF($A6="","",INDEX(決定版!$A$4:$AE$53,計算用!$BE$2,IF(計算用!$BB$2="男",0,16)+5)) | D6: =IF($A6="","",INDEX(決定版!$A$4:$AE$53,計算用!$BE$2,IF(計算用!$BB$2="男",0,16)+6)) | E6: =IF($A6="","",INDEX(決定版!$A$4:$AE$53,計算用!$BE$2,IF(計算用!$BB$2="男",0,16)+7)) | F6: =IF($A6="","",INDEX(決定版!$A$4:$AE$53,計算用!$BE$2,IF(計算用!$BB$2="男",0,16)+8)) | G6: =IF($A6="","",INDEX(決定版!$A$4:$AE$53,計算用!$BE$2,IF(計算用!$BB$2="男",0,16)+9)) | H6: =IF($A6="","",INDEX(決定版!$A$4:$AE$53,計算用!$BE$2,IF(計算用!$BB$2="男",0,16)+10)) | I6: =IF($A6="","",INDEX(決定版!$A$4:$AE$53,計算用!$BE$2,IF(計算用!$BB$2="男",0,16)+11)) | J6: =IF($A6="","",INDEX(決定版!$A$4:$AE$53,計算用!$BE$2,IF(計算用!$BB$2="男",0,16)+12)) | K6: =IF($A6="","",INDEX(決定版!$A$4:$AE$53,計算用!$BE$2,IF(計算用!$BB$2="男",0,16)+13)) | L6: =IF($A6="","",INDEX(決定版!$A$4:$AE$53,計算用!$BE$2,IF(計算用!$BB$2="男",0,16)+14)) | M6: =IF($A6="","",INDEX(決定版!$A$4:$AE$53,計算用!$BE$2,IF(計算用!$BB$2="男",0,16)+15))
A7: =IF(計算用!$BB$3="","",計算用!$BA$3) | B7: =IF($A7="","",INDEX(決定版!$A$4:$AE$53,計算用!$BE$3,IF(計算用!$BB$3="男",0,16)+4)) | C7: =IF($A7="","",INDEX(決定版!$A$4:$AE$53,計算用!$BE$3,IF(計算用!$BB$3="男",0,16)+5)) | D7: =IF($A7="","",INDEX(決定版!$A$4:$AE$53,計算用!$BE$3,IF(計算用!$BB$3="男",0,16)+6)) | E7: =IF($A7="","",INDEX(決定版!$A$4:$AE$53,計算用!$BE$3,IF(計算用!$BB$3="男",0,16)+7)) | F7: =IF($A7="","",INDEX(決定版!$A$4:$AE$53,計算用!$BE$3,IF(計算用!$BB$3="男",0,16)+8)) | G7: =IF($A7="","",INDEX(決定版!$A$4:$AE$53,計算用!$BE$3,IF(計算用!$BB$3="男",0,16)+9)) | H7: =IF($A7="","",INDEX(決定版!$A$4:$AE$53,計算用!$BE$3,IF(計算用!$BB$3="男",0,16)+10)) | I7: =IF($A7="","",INDEX(決定版!$A$4:$AE$53,計算用!$BE$3,IF(計算用!$BB$3="男",0,16)+11)) | J7: =IF($A7="","",INDEX(決定版!$A$4:$AE$53,計算用!$BE$3,IF(計算用!$BB$3="男",0,16)+12)) | K7: =IF($A7="","",INDEX(決定版!$A$4:$AE$53,計算用!$BE$3,IF(計算用!$BB$3="男",0,16)+13)) | L7: =IF($A7="","",INDEX(決定版!$A$4:$AE$53,計算用!$BE$3,IF(計算用!$BB$3="男",0,16)+14)) | M7: =IF($A7="","",INDEX(決定版!$A$4:$AE$53,計算用!$BE$3,IF(計算用!$BB$3="男",0,16)+15))
A8: =IF(計算用!$BB$4="","",計算用!$BA$4) | B8: =IF($A8="","",INDEX(決定版!$A$4:$AE$53,計算用!$BE$4,IF(計算用!$BB$4="男",0,16)+4)) | C8: =IF($A8="","",INDEX(決定版!$A$4:$AE$53,計算用!$BE$4,IF(計算用!$BB$4="男",0,16)+5)) | D8: =IF($A8="","",INDEX(決定版!$A$4:$AE$53,計算用!$BE$4,IF(計算用!$BB$4="男",0,16)+6)) | E8: =IF($A8="","",INDEX(決定版!$A$4:$AE$53,計算用!$BE$4,IF(計算用!$BB$4="男",0,16)+7)) | F8: =IF($A8="","",INDEX(決定版!$A$4:$AE$53,計算用!$BE$4,IF(計算用!$BB$4="男",0,16)+8)) | G8: =IF($A8="","",INDEX(決定版!$A$4:$AE$53,計算用!$BE$4,IF(計算用!$BB$4="男",0,16)+9)) | H8: =IF($A8="","",INDEX(決定版!$A$4:$AE$53,計算用!$BE$4,IF(計算用!$BB$4="男",0,16)+10)) | I8: =IF($A8="","",INDEX(決定版!$A$4:$AE$53,計算用!$BE$4,IF(計算用!$BB$4="男",0,16)+11)) | J8: =IF($A8="","",INDEX(決定版!$A$4:$AE$53,計算用!$BE$4,IF(計算用!$BB$4="男",0,16)+12)) | K8: =IF($A8="","",INDEX(決定版!$A$4:$AE$53,計算用!$BE$4,IF(計算用!$BB$4="男",0,16)+13)) | L8: =IF($A8="","",INDEX(決定版!$A$4:$AE$53,計算用!$BE$4,IF(計算用!$BB$4="男",0,16)+14)) | M8: =IF($A8="","",INDEX(決定版!$A$4:$AE$53,計算用!$BE$4,IF(計算用!$BB$4="男",0,16)+15))
A9: =IF(計算用!$BB$5="","",計算用!$BA$5) | B9: =IF($A9="","",INDEX(決定版!$A$4:$AE$53,計算用!$BE$5,IF(計算用!$BB$5="男",0,16)+4)) | C9: =IF($A9="","",INDEX(決定版!$A$4:$AE$53,計算用!$BE$5,IF(計算用!$BB$5="男",0,16)+5)) | D9: =IF($A9="","",INDEX(決定版!$A$4:$AE$53,計算用!$BE$5,IF(計算用!$BB$5="男",0,16)+6)) | E9: =IF($A9="","",INDEX(決定版!$A$4:$AE$53,計算用!$BE$5,IF(計算用!$BB$5="男",0,16)+7)) | F9: =IF($A9="","",INDEX(決定版!$A$4:$AE$53,計算用!$BE$5,IF(計算用!$BB$5="男",0,16)+8)) | G9: =IF($A9="","",INDEX(決定版!$A$4:$AE$53,計算用!$BE$5,IF(計算用!$BB$5="男",0,16)+9)) | H9: =IF($A9="","",INDEX(決定版!$A$4:$AE$53,計算用!$BE$5,IF(計算用!$BB$5="男",0,16)+10)) | I9: =IF($A9="","",INDEX(決定版!$A$4:$AE$53,計算用!$BE$5,IF(計算用!$BB$5="男",0,16)+11)) | J9: =IF($A9="","",INDEX(決定版!$A$4:$AE$53,計算用!$BE$5,IF(計算用!$BB$5="男",0,16)+12)) | K9: =IF($A9="","",INDEX(決定版!$A$4:$AE$53,計算用!$BE$5,IF(計算用!$BB$5="男",0,16)+13)) | L9: =IF($A9="","",INDEX(決定版!$A$4:$AE$53,計算用!$BE$5,IF(計算用!$BB$5="男",0,16)+14)) | M9: =IF($A9="","",INDEX(決定版!$A$4:$AE$53,計算用!$BE$5,IF(計算用!$BB$5="男",0,16)+15))
A10: =IF(計算用!$BB$6="","",計算用!$BA$6) | B10: =IF($A10="","",INDEX(決定版!$A$4:$AE$53,計算用!$BE$6,IF(計算用!$BB$6="男",0,16)+4)) | C10: =IF($A10="","",INDEX(決定版!$A$4:$AE$53,計算用!$BE$6,IF(計算用!$BB$6="男",0,16)+5)) | D10: =IF($A10="","",INDEX(決定版!$A$4:$AE$53,計算用!$BE$6,IF(計算用!$BB$6="男",0,16)+6)) | E10: =IF($A10="","",INDEX(決定版!$A$4:$AE$53,計算用!$BE$6,IF(計算用!$BB$6="男",0,16)+7)) | F10: =IF($A10="","",INDEX(決定版!$A$4:$AE$53,計算用!$BE$6,IF(計算用!$BB$6="男",0,16)+8)) | G10: =IF($A10="","",INDEX(決定版!$A$4:$AE$53,計算用!$BE$6,IF(計算用!$BB$6="男",0,16)+9)) | H10: =IF($A10="","",INDEX(決定版!$A$4:$AE$53,計算用!$BE$6,IF(計算用!$BB$6="男",0,16)+10)) | I10: =IF($A10="","",INDEX(決定版!$A$4:$AE$53,計算用!$BE$6,IF(計算用!$BB$6="男",0,16)+11)) | J10: =IF($A10="","",INDEX(決定版!$A$4:$AE$53,計算用!$BE$6,IF(計算用!$BB$6="男",0,16)+12)) | K10: =IF($A10="","",INDEX(決定版!$A$4:$AE$53,計算用!$BE$6,IF(計算用!$BB$6="男",0,16)+13)) | L10: =IF($A10="","",INDEX(決定版!$A$4:$AE$53,計算用!$BE$6,IF(計算用!$BB$6="男",0,16)+14)) | M10: =IF($A10="","",INDEX(決定版!$A$4:$AE$53,計算用!$BE$6,IF(計算用!$BB$6="男",0,16)+15))
A11: =IF(計算用!$BB$7="","",計算用!$BA$7) | B11: =IF($A11="","",INDEX(決定版!$A$4:$AE$53,計算用!$BE$7,IF(計算用!$BB$7="男",0,16)+4)) | C11: =IF($A11="","",INDEX(決定版!$A$4:$AE$53,計算用!$BE$7,IF(計算用!$BB$7="男",0,16)+5)) | D11: =IF($A11="","",INDEX(決定版!$A$4:$AE$53,計算用!$BE$7,IF(計算用!$BB$7="男",0,16)+6)) | E11: =IF($A11="","",INDEX(決定版!$A$4:$AE$53,計算用!$BE$7,IF(計算用!$BB$7="男",0,16)+7)) | F11: =IF($A11="","",INDEX(決定版!$A$4:$AE$53,計算用!$BE$7,IF(計算用!$BB$7="男",0,16)+8)) | G11: =IF($A11="","",INDEX(決定版!$A$4:$AE$53,計算用!$BE$7,IF(計算用!$BB$7="男",0,16)+9)) | H11: =IF($A11="","",INDEX(決定版!$A$4:$AE$53,計算用!$BE$7,IF(計算用!$BB$7="男",0,16)+10)) | I11: =IF($A11="","",INDEX(決定版!$A$4:$AE$53,計算用!$BE$7,IF(計算用!$BB$7="男",0,16)+11)) | J11: =IF($A11="","",INDEX(決定版!$A$4:$AE$53,計算用!$BE$7,IF(計算用!$BB$7="男",0,16)+12)) | K11: =IF($A11="","",INDEX(決定版!$A$4:$AE$53,計算用!$BE$7,IF(計算用!$BB$7="男",0,16)+13)) | L11: =IF($A11="","",INDEX(決定版!$A$4:$AE$53,計算用!$BE$7,IF(計算用!$BB$7="男",0,16)+14)) | M11: =IF($A11="","",INDEX(決定版!$A$4:$AE$53,計算用!$BE$7,IF(計算用!$BB$7="男",0,16)+15))
A12: =IF(計算用!$BB$8="","",計算用!$BA$8) | B12: =IF($A12="","",INDEX(決定版!$A$4:$AE$53,計算用!$BE$8,IF(計算用!$BB$8="男",0,16)+4)) | C12: =IF($A12="","",INDEX(決定版!$A$4:$AE$53,計算用!$BE$8,IF(計算用!$BB$8="男",0,16)+5)) | D12: =IF($A12="","",INDEX(決定版!$A$4:$AE$53,計算用!$BE$8,IF(計算用!$BB$8="男",0,16)+6)) | E12: =IF($A12="","",INDEX(決定版!$A$4:$AE$53,計算用!$BE$8,IF(計算用!$BB$8="男",0,16)+7)) | F12: =IF($A12="","",INDEX(決定版!$A$4:$AE$53,計算用!$BE$8,IF(計算用!$BB$8="男",0,16)+8)) | G12: =IF($A12="","",INDEX(決定版!$A$4:$AE$53,計算用!$BE$8,IF(計算用!$BB$8="男",0,16)+9)) | H12: =IF($A12="","",INDEX(決定版!$A$4:$AE$53,計算用!$BE$8,IF(計算用!$BB$8="男",0,16)+10)) | I12: =IF($A12="","",INDEX(決定版!$A$4:$AE$53,計算用!$BE$8,IF(計算用!$BB$8="男",0,16)+11)) | J12: =IF($A12="","",INDEX(決定版!$A$4:$AE$53,計算用!$BE$8,IF(計算用!$BB$8="男",0,16)+12)) | K12: =IF($A12="","",INDEX(決定版!$A$4:$AE$53,計算用!$BE$8,IF(計算用!$BB$8="男",0,16)+13)) | L12: =IF($A12="","",INDEX(決定版!$A$4:$AE$53,計算用!$BE$8,IF(計算用!$BB$8="男",0,16)+14)) | M12: =IF($A12="","",INDEX(決定版!$A$4:$AE$53,計算用!$BE$8,IF(計算用!$BB$8="男",0,16)+15))
A13: =IF(計算用!$BB$9="","",計算用!$BA$9) | B13: =IF($A13="","",INDEX(決定版!$A$4:$AE$53,計算用!$BE$9,IF(計算用!$BB$9="男",0,16)+4)) | C13: =IF($A13="","",INDEX(決定版!$A$4:$AE$53,計算用!$BE$9,IF(計算用!$BB$9="男",0,16)+5)) | D13: =IF($A13="","",INDEX(決定版!$A$4:$AE$53,計算用!$BE$9,IF(計算用!$BB$9="男",0,16)+6)) | E13: =IF($A13="","",INDEX(決定版!$A$4:$AE$53,計算用!$BE$9,IF(計算用!$BB$9="男",0,16)+7)) | F13: =IF($A13="","",INDEX(決定版!$A$4:$AE$53,計算用!$BE$9,IF(計算用!$BB$9="男",0,16)+8)) | G13: =IF($A13="","",INDEX(決定版!$A$4:$AE$53,計算用!$BE$9,IF(計算用!$BB$9="男",0,16)+9)) | H13: =IF($A13="","",INDEX(決定版!$A$4:$AE$53,計算用!$BE$9,IF(計算用!$BB$9="男",0,16)+10)) | I13: =IF($A13="","",INDEX(決定版!$A$4:$AE$53,計算用!$BE$9,IF(計算用!$BB$9="男",0,16)+11)) | J13: =IF($A13="","",INDEX(決定版!$A$4:$AE$53,計算用!$BE$9,IF(計算用!$BB$9="男",0,16)+12)) | K13: =IF($A13="","",INDEX(決定版!$A$4:$AE$53,計算用!$BE$9,IF(計算用!$BB$9="男",0,16)+13)) | L13: =IF($A13="","",INDEX(決定版!$A$4:$AE$53,計算用!$BE$9,IF(計算用!$BB$9="男",0,16)+14)) | M13: =IF($A13="","",INDEX(決定版!$A$4:$AE$53,計算用!$BE$9,IF(計算用!$BB$9="男",0,16)+15))
A14: =IF(計算用!$BB$10="","",計算用!$BA$10) | B14: =IF($A14="","",INDEX(決定版!$A$4:$AE$53,計算用!$BE$10,IF(計算用!$BB$10="男",0,16)+4)) | C14: =IF($A14="","",INDEX(決定版!$A$4:$AE$53,計算用!$BE$10,IF(計算用!$BB$10="男",0,16)+5)) | D14: =IF($A14="","",INDEX(決定版!$A$4:$AE$53,計算用!$BE$10,IF(計算用!$BB$10="男",0,16)+6)) | E14: =IF($A14="","",INDEX(決定版!$A$4:$AE$53,計算用!$BE$10,IF(計算用!$BB$10="男",0,16)+7)) | F14: =IF($A14="","",INDEX(決定版!$A$4:$AE$53,計算用!$BE$10,IF(計算用!$BB$10="男",0,16)+8)) | G14: =IF($A14="","",INDEX(決定版!$A$4:$AE$53,計算用!$BE$10,IF(計算用!$BB$10="男",0,16)+9)) | H14: =IF($A14="","",INDEX(決定版!$A$4:$AE$53,計算用!$BE$10,IF(計算用!$BB$10="男",0,16)+10)) | I14: =IF($A14="","",INDEX(決定版!$A$4:$AE$53,計算用!$BE$10,IF(計算用!$BB$10="男",0,16)+11)) | J14: =IF($A14="","",INDEX(決定版!$A$4:$AE$53,計算用!$BE$10,IF(計算用!$BB$10="男",0,16)+12)) | K14: =IF($A14="","",INDEX(決定版!$A$4:$AE$53,計算用!$BE$10,IF(計算用!$BB$10="男",0,16)+13)) | L14: =IF($A14="","",INDEX(決定版!$A$4:$AE$53,計算用!$BE$10,IF(計算用!$BB$10="男",0,16)+14)) | M14: =IF($A14="","",INDEX(決定版!$A$4:$AE$53,計算用!$BE$10,IF(計算用!$BB$10="男",0,16)+15))
A15: =IF(計算用!$BB$11="","",計算用!$BA$11) | B15: =IF($A15="","",INDEX(決定版!$A$4:$AE$53,計算用!$BE$11,IF(計算用!$BB$11="男",0,16)+4)) | C15: =IF($A15="","",INDEX(決定版!$A$4:$AE$53,計算用!$BE$11,IF(計算用!$BB$11="男",0,16)+5)) | D15: =IF($A15="","",INDEX(決定版!$A$4:$AE$53,計算用!$BE$11,IF(計算用!$BB$11="男",0,16)+6)) | E15: =IF($A15="","",INDEX(決定版!$A$4:$AE$53,計算用!$BE$11,IF(計算用!$BB$11="男",0,16)+7)) | F15: =IF($A15="","",INDEX(決定版!$A$4:$AE$53,計算用!$BE$11,IF(計算用!$BB$11="男",0,16)+8)) | G15: =IF($A15="","",INDEX(決定版!$A$4:$AE$53,計算用!$BE$11,IF(計算用!$BB$11="男",0,16)+9)) | H15: =IF($A15="","",INDEX(決定版!$A$4:$AE$53,計算用!$BE$11,IF(計算用!$BB$11="男",0,16)+10)) | I15: =IF($A15="","",INDEX(決定版!$A$4:$AE$53,計算用!$BE$11,IF(計算用!$BB$11="男",0,16)+11)) | J15: =IF($A15="","",INDEX(決定版!$A$4:$AE$53,計算用!$BE$11,IF(計算用!$BB$11="男",0,16)+12)) | K15: =IF($A15="","",INDEX(決定版!$A$4:$AE$53,計算用!$BE$11,IF(計算用!$BB$11="男",0,16)+13)) | L15: =IF($A15="","",INDEX(決定版!$A$4:$AE$53,計算用!$BE$11,IF(計算用!$BB$11="男",0,16)+14)) | M15: =IF($A15="","",INDEX(決定版!$A$4:$AE$53,計算用!$BE$11,IF(計算用!$BB$11="男",0,16)+15))
A16: =IF(計算用!$BB$12="","",計算用!$BA$12) | B16: =IF($A16="","",INDEX(決定版!$A$4:$AE$53,計算用!$BE$12,IF(計算用!$BB$12="男",0,16)+4)) | C16: =IF($A16="","",INDEX(決定版!$A$4:$AE$53,計算用!$BE$12,IF(計算用!$BB$12="男",0,16)+5)) | D16: =IF($A16="","",INDEX(決定版!$A$4:$AE$53,計算用!$BE$12,IF(計算用!$BB$12="男",0,16)+6)) | E16: =IF($A16="","",INDEX(決定版!$A$4:$AE$53,計算用!$BE$12,IF(計算用!$BB$12="男",0,16)+7)) | F16: =IF($A16="","",INDEX(決定版!$A$4:$AE$53,計算用!$BE$12,IF(計算用!$BB$12="男",0,16)+8)) | G16: =IF($A16="","",INDEX(決定版!$A$4:$AE$53,計算用!$BE$12,IF(計算用!$BB$12="男",0,16)+9)) | H16: =IF($A16="","",INDEX(決定版!$A$4:$AE$53,計算用!$BE$12,IF(計算用!$BB$12="男",0,16)+10)) | I16: =IF($A16="","",INDEX(決定版!$A$4:$AE$53,計算用!$BE$12,IF(計算用!$BB$12="男",0,16)+11)) | J16: =IF($A16="","",INDEX(決定版!$A$4:$AE$53,計算用!$BE$12,IF(計算用!$BB$12="男",0,16)+12)) | K16: =IF($A16="","",INDEX(決定版!$A$4:$AE$53,計算用!$BE$12,IF(計算用!$BB$12="男",0,16)+13)) | L16: =IF($A16="","",INDEX(決定版!$A$4:$AE$53,計算用!$BE$12,IF(計算用!$BB$12="男",0,16)+14)) | M16: =IF($A16="","",INDEX(決定版!$A$4:$AE$53,計算用!$BE$12,IF(計算用!$BB$12="男",0,16)+15))
A17: =IF(計算用!$BB$13="","",計算用!$BA$13) | B17: =IF($A17="","",INDEX(決定版!$A$4:$AE$53,計算用!$BE$13,IF(計算用!$BB$13="男",0,16)+4)) | C17: =IF($A17="","",INDEX(決定版!$A$4:$AE$53,計算用!$BE$13,IF(計算用!$BB$13="男",0,16)+5)) | D17: =IF($A17="","",INDEX(決定版!$A$4:$AE$53,計算用!$BE$13,IF(計算用!$BB$13="男",0,16)+6)) | E17: =IF($A17="","",INDEX(決定版!$A$4:$AE$53,計算用!$BE$13,IF(計算用!$BB$13="男",0,16)+7)) | F17: =IF($A17="","",INDEX(決定版!$A$4:$AE$53,計算用!$BE$13,IF(計算用!$BB$13="男",0,16)+8)) | G17: =IF($A17="","",INDEX(決定版!$A$4:$AE$53,計算用!$BE$13,IF(計算用!$BB$13="男",0,16)+9)) | H17: =IF($A17="","",INDEX(決定版!$A$4:$AE$53,計算用!$BE$13,IF(計算用!$BB$13="男",0,16)+10)) | I17: =IF($A17="","",INDEX(決定版!$A$4:$AE$53,計算用!$BE$13,IF(計算用!$BB$13="男",0,16)+11)) | J17: =IF($A17="","",INDEX(決定版!$A$4:$AE$53,計算用!$BE$13,IF(計算用!$BB$13="男",0,16)+12)) | K17: =IF($A17="","",INDEX(決定版!$A$4:$AE$53,計算用!$BE$13,IF(計算用!$BB$13="男",0,16)+13)) | L17: =IF($A17="","",INDEX(決定版!$A$4:$AE$53,計算用!$BE$13,IF(計算用!$BB$13="男",0,16)+14)) | M17: =IF($A17="","",INDEX(決定版!$A$4:$AE$53,計算用!$BE$13,IF(計算用!$BB$13="男",0,16)+15))
A18: =IF(計算用!$BB$14="","",計算用!$BA$14) | B18: =IF($A18="","",INDEX(決定版!$A$4:$AE$53,計算用!$BE$14,IF(計算用!$BB$14="男",0,16)+4)) | C18: =IF($A18="","",INDEX(決定版!$A$4:$AE$53,計算用!$BE$14,IF(計算用!$BB$14="男",0,16)+5)) | D18: =IF($A18="","",INDEX(決定版!$A$4:$AE$53,計算用!$BE$14,IF(計算用!$BB$14="男",0,16)+6)) | E18: =IF($A18="","",INDEX(決定版!$A$4:$AE$53,計算用!$BE$14,IF(計算用!$BB$14="男",0,16)+7)) | F18: =IF($A18="","",INDEX(決定版!$A$4:$AE$53,計算用!$BE$14,IF(計算用!$BB$14="男",0,16)+8)) | G18: =IF($A18="","",INDEX(決定版!$A$4:$AE$53,計算用!$BE$14,IF(計算用!$BB$14="男",0,16)+9)) | H18: =IF($A18="","",INDEX(決定版!$A$4:$AE$53,計算用!$BE$14,IF(計算用!$BB$14="男",0,16)+10)) | I18: =IF($A18="","",INDEX(決定版!$A$4:$AE$53,計算用!$BE$14,IF(計算用!$BB$14="男",0,16)+11)) | J18: =IF($A18="","",INDEX(決定版!$A$4:$AE$53,計算用!$BE$14,IF(計算用!$BB$14="男",0,16)+12)) | K18: =IF($A18="","",INDEX(決定版!$A$4:$AE$53,計算用!$BE$14,IF(計算用!$BB$14="男",0,16)+13)) | L18: =IF($A18="","",INDEX(決定版!$A$4:$AE$53,計算用!$BE$14,IF(計算用!$BB$14="男",0,16)+14)) | M18: =IF($A18="","",INDEX(決定版!$A$4:$AE$53,計算用!$BE$14,IF(計算用!$BB$14="男",0,16)+15))
A19: =IF(計算用!$BB$15="","",計算用!$BA$15) | B19: =IF($A19="","",INDEX(決定版!$A$4:$AE$53,計算用!$BE$15,IF(計算用!$BB$15="男",0,16)+4)) | C19: =IF($A19="","",INDEX(決定版!$A$4:$AE$53,計算用!$BE$15,IF(計算用!$BB$15="男",0,16)+5)) | D19: =IF($A19="","",INDEX(決定版!$A$4:$AE$53,計算用!$BE$15,IF(計算用!$BB$15="男",0,16)+6)) | E19: =IF($A19="","",INDEX(決定版!$A$4:$AE$53,計算用!$BE$15,IF(計算用!$BB$15="男",0,16)+7)) | F19: =IF($A19="","",INDEX(決定版!$A$4:$AE$53,計算用!$BE$15,IF(計算用!$BB$15="男",0,16)+8)) | G19: =IF($A19="","",INDEX(決定版!$A$4:$AE$53,計算用!$BE$15,IF(計算用!$BB$15="男",0,16)+9)) | H19: =IF($A19="","",INDEX(決定版!$A$4:$AE$53,計算用!$BE$15,IF(計算用!$BB$15="男",0,16)+10)) | I19: =IF($A19="","",INDEX(決定版!$A$4:$AE$53,計算用!$BE$15,IF(計算用!$BB$15="男",0,16)+11)) | J19: =IF($A19="","",INDEX(決定版!$A$4:$AE$53,計算用!$BE$15,IF(計算用!$BB$15="男",0,16)+12)) | K19: =IF($A19="","",INDEX(決定版!$A$4:$AE$53,計算用!$BE$15,IF(計算用!$BB$15="男",0,16)+13)) | L19: =IF($A19="","",INDEX(決定版!$A$4:$AE$53,計算用!$BE$15,IF(計算用!$BB$15="男",0,16)+14)) | M19: =IF($A19="","",INDEX(決定版!$A$4:$AE$53,計算用!$BE$15,IF(計算用!$BB$15="男",0,16)+15))
A20: =IF(計算用!$BB$16="","",計算用!$BA$16) | B20: =IF($A20="","",INDEX(決定版!$A$4:$AE$53,計算用!$BE$16,IF(計算用!$BB$16="男",0,16)+4)) | C20: =IF($A20="","",INDEX(決定版!$A$4:$AE$53,計算用!$BE$16,IF(計算用!$BB$16="男",0,16)+5)) | D20: =IF($A20="","",INDEX(決定版!$A$4:$AE$53,計算用!$BE$16,IF(計算用!$BB$16="男",0,16)+6)) | E20: =IF($A20="","",INDEX(決定版!$A$4:$AE$53,計算用!$BE$16,IF(計算用!$BB$16="男",0,16)+7)) | F20: =IF($A20="","",INDEX(決定版!$A$4:$AE$53,計算用!$BE$16,IF(計算用!$BB$16="男",0,16)+8)) | G20: =IF($A20="","",INDEX(決定版!$A$4:$AE$53,計算用!$BE$16,IF(計算用!$BB$16="男",0,16)+9)) | H20: =IF($A20="","",INDEX(決定版!$A$4:$AE$53,計算用!$BE$16,IF(計算用!$BB$16="男",0,16)+10)) | I20: =IF($A20="","",INDEX(決定版!$A$4:$AE$53,計算用!$BE$16,IF(計算用!$BB$16="男",0,16)+11)) | J20: =IF($A20="","",INDEX(決定版!$A$4:$AE$53,計算用!$BE$16,IF(計算用!$BB$16="男",0,16)+12)) | K20: =IF($A20="","",INDEX(決定版!$A$4:$AE$53,計算用!$BE$16,IF(計算用!$BB$16="男",0,16)+13)) | L20: =IF($A20="","",INDEX(決定版!$A$4:$AE$53,計算用!$BE$16,IF(計算用!$BB$16="男",0,16)+14)) | M20: =IF($A20="","",INDEX(決定版!$A$4:$AE$53,計算用!$BE$16,IF(計算用!$BB$16="男",0,16)+15))
A21: =IF(計算用!$BB$17="","",計算用!$BA$17) | B21: =IF($A21="","",INDEX(決定版!$A$4:$AE$53,計算用!$BE$17,IF(計算用!$BB$17="男",0,16)+4)) | C21: =IF($A21="","",INDEX(決定版!$A$4:$AE$53,計算用!$BE$17,IF(計算用!$BB$17="男",0,16)+5)) | D21: =IF($A21="","",INDEX(決定版!$A$4:$AE$53,計算用!$BE$17,IF(計算用!$BB$17="男",0,16)+6)) | E21: =IF($A21="","",INDEX(決定版!$A$4:$AE$53,計算用!$BE$17,IF(計算用!$BB$17="男",0,16)+7)) | F21: =IF($A21="","",INDEX(決定版!$A$4:$AE$53,計算用!$BE$17,IF(計算用!$BB$17="男",0,16)+8)) | G21: =IF($A21="","",INDEX(決定版!$A$4:$AE$53,計算用!$BE$17,IF(計算用!$BB$17="男",0,16)+9)) | H21: =IF($A21="","",INDEX(決定版!$A$4:$AE$53,計算用!$BE$17,IF(計算用!$BB$17="男",0,16)+10)) | I21: =IF($A21="","",INDEX(決定版!$A$4:$AE$53,計算用!$BE$17,IF(計算用!$BB$17="男",0,16)+11)) | J21: =IF($A21="","",INDEX(決定版!$A$4:$AE$53,計算用!$BE$17,IF(計算用!$BB$17="男",0,16)+12)) | K21: =IF($A21="","",INDEX(決定版!$A$4:$AE$53,計算用!$BE$17,IF(計算用!$BB$17="男",0,16)+13)) | L21: =IF($A21="","",INDEX(決定版!$A$4:$AE$53,計算用!$BE$17,IF(計算用!$BB$17="男",0,16)+14)) | M21: =IF($A21="","",INDEX(決定版!$A$4:$AE$53,計算用!$BE$17,IF(計算用!$BB$17="男",0,16)+15))
A22: =IF(計算用!$BB$18="","",計算用!$BA$18) | B22: =IF($A22="","",INDEX(決定版!$A$4:$AE$53,計算用!$BE$18,IF(計算用!$BB$18="男",0,16)+4)) | C22: =IF($A22="","",INDEX(決定版!$A$4:$AE$53,計算用!$BE$18,IF(計算用!$BB$18="男",0,16)+5)) | D22: =IF($A22="","",INDEX(決定版!$A$4:$AE$53,計算用!$BE$18,IF(計算用!$BB$18="男",0,16)+6)) | E22: =IF($A22="","",INDEX(決定版!$A$4:$AE$53,計算用!$BE$18,IF(計算用!$BB$18="男",0,16)+7)) | F22: =IF($A22="","",INDEX(決定版!$A$4:$AE$53,計算用!$BE$18,IF(計算用!$BB$18="男",0,16)+8)) | G22: =IF($A22="","",INDEX(決定版!$A$4:$AE$53,計算用!$BE$18,IF(計算用!$BB$18="男",0,16)+9)) | H22: =IF($A22="","",INDEX(決定版!$A$4:$AE$53,計算用!$BE$18,IF(計算用!$BB$18="男",0,16)+10)) | I22: =IF($A22="","",INDEX(決定版!$A$4:$AE$53,計算用!$BE$18,IF(計算用!$BB$18="男",0,16)+11)) | J22: =IF($A22="","",INDEX(決定版!$A$4:$AE$53,計算用!$BE$18,IF(計算用!$BB$18="男",0,16)+12)) | K22: =IF($A22="","",INDEX(決定版!$A$4:$AE$53,計算用!$BE$18,IF(計算用!$BB$18="男",0,16)+13)) | L22: =IF($A22="","",INDEX(決定版!$A$4:$AE$53,計算用!$BE$18,IF(計算用!$BB$18="男",0,16)+14)) | M22: =IF($A22="","",INDEX(決定版!$A$4:$AE$53,計算用!$BE$18,IF(計算用!$BB$18="男",0,16)+15))
A23: =IF(計算用!$BB$19="","",計算用!$BA$19) | B23: =IF($A23="","",INDEX(決定版!$A$4:$AE$53,計算用!$BE$19,IF(計算用!$BB$19="男",0,16)+4)) | C23: =IF($A23="","",INDEX(決定版!$A$4:$AE$53,計算用!$BE$19,IF(計算用!$BB$19="男",0,16)+5)) | D23: =IF($A23="","",INDEX(決定版!$A$4:$AE$53,計算用!$BE$19,IF(計算用!$BB$19="男",0,16)+6)) | E23: =IF($A23="","",INDEX(決定版!$A$4:$AE$53,計算用!$BE$19,IF(計算用!$BB$19="男",0,16)+7)) | F23: =IF($A23="","",INDEX(決定版!$A$4:$AE$53,計算用!$BE$19,IF(計算用!$BB$19="男",0,16)+8)) | G23: =IF($A23="","",INDEX(決定版!$A$4:$AE$53,計算用!$BE$19,IF(計算用!$BB$19="男",0,16)+9)) | H23: =IF($A23="","",INDEX(決定版!$A$4:$AE$53,計算用!$BE$19,IF(計算用!$BB$19="男",0,16)+10)) | I23: =IF($A23="","",INDEX(決定版!$A$4:$AE$53,計算用!$BE$19,IF(計算用!$BB$19="男",0,16)+11)) | J23: =IF($A23="","",INDEX(決定版!$A$4:$AE$53,計算用!$BE$19,IF(計算用!$BB$19="男",0,16)+12)) | K23: =IF($A23="","",INDEX(決定版!$A$4:$AE$53,計算用!$BE$19,IF(計算用!$BB$19="男",0,16)+13)) | L23: =IF($A23="","",INDEX(決定版!$A$4:$AE$53,計算用!$BE$19,IF(計算用!$BB$19="男",0,16)+14)) | M23: =IF($A23="","",INDEX(決定版!$A$4:$AE$53,計算用!$BE$19,IF(計算用!$BB$19="男",0,16)+15))
A24: =IF(計算用!$BB$20="","",計算用!$BA$20) | B24: =IF($A24="","",INDEX(決定版!$A$4:$AE$53,計算用!$BE$20,IF(計算用!$BB$20="男",0,16)+4)) | C24: =IF($A24="","",INDEX(決定版!$A$4:$AE$53,計算用!$BE$20,IF(計算用!$BB$20="男",0,16)+5)) | D24: =IF($A24="","",INDEX(決定版!$A$4:$AE$53,計算用!$BE$20,IF(計算用!$BB$20="男",0,16)+6)) | E24: =IF($A24="","",INDEX(決定版!$A$4:$AE$53,計算用!$BE$20,IF(計算用!$BB$20="男",0,16)+7)) | F24: =IF($A24="","",INDEX(決定版!$A$4:$AE$53,計算用!$BE$20,IF(計算用!$BB$20="男",0,16)+8)) | G24: =IF($A24="","",INDEX(決定版!$A$4:$AE$53,計算用!$BE$20,IF(計算用!$BB$20="男",0,16)+9)) | H24: =IF($A24="","",INDEX(決定版!$A$4:$AE$53,計算用!$BE$20,IF(計算用!$BB$20="男",0,16)+10)) | I24: =IF($A24="","",INDEX(決定版!$A$4:$AE$53,計算用!$BE$20,IF(計算用!$BB$20="男",0,16)+11)) | J24: =IF($A24="","",INDEX(決定版!$A$4:$AE$53,計算用!$BE$20,IF(計算用!$BB$20="男",0,16)+12)) | K24: =IF($A24="","",INDEX(決定版!$A$4:$AE$53,計算用!$BE$20,IF(計算用!$BB$20="男",0,16)+13)) | L24: =IF($A24="","",INDEX(決定版!$A$4:$AE$53,計算用!$BE$20,IF(計算用!$BB$20="男",0,16)+14)) | M24: =IF($A24="","",INDEX(決定版!$A$4:$AE$53,計算用!$BE$20,IF(計算用!$BB$20="男",0,16)+15))
A25: =IF(計算用!$BB$21="","",計算用!$BA$21) | B25: =IF($A25="","",INDEX(決定版!$A$4:$AE$53,計算用!$BE$21,IF(計算用!$BB$21="男",0,16)+4)) | C25: =IF($A25="","",INDEX(決定版!$A$4:$AE$53,計算用!$BE$21,IF(計算用!$BB$21="男",0,16)+5)) | D25: =IF($A25="","",INDEX(決定版!$A$4:$AE$53,計算用!$BE$21,IF(計算用!$BB$21="男",0,16)+6)) | E25: =IF($A25="","",INDEX(決定版!$A$4:$AE$53,計算用!$BE$21,IF(計算用!$BB$21="男",0,16)+7)) | F25: =IF($A25="","",INDEX(決定版!$A$4:$AE$53,計算用!$BE$21,IF(計算用!$BB$21="男",0,16)+8)) | G25: =IF($A25="","",INDEX(決定版!$A$4:$AE$53,計算用!$BE$21,IF(計算用!$BB$21="男",0,16)+9)) | H25: =IF($A25="","",INDEX(決定版!$A$4:$AE$53,計算用!$BE$21,IF(計算用!$BB$21="男",0,16)+10)) | I25: =IF($A25="","",INDEX(決定版!$A$4:$AE$53,計算用!$BE$21,IF(計算用!$BB$21="男",0,16)+11)) | J25: =IF($A25="","",INDEX(決定版!$A$4:$AE$53,計算用!$BE$21,IF(計算用!$BB$21="男",0,16)+12)) | K25: =IF($A25="","",INDEX(決定版!$A$4:$AE$53,計算用!$BE$21,IF(計算用!$BB$21="男",0,16)+13)) | L25: =IF($A25="","",INDEX(決定版!$A$4:$AE$53,計算用!$BE$21,IF(計算用!$BB$21="男",0,16)+14)) | M25: =IF($A25="","",INDEX(決定版!$A$4:$AE$53,計算用!$BE$21,IF(計算用!$BB$21="男",0,16)+15))
A26: =IF(計算用!$BB$22="","",計算用!$BA$22) | B26: =IF($A26="","",INDEX(決定版!$A$4:$AE$53,計算用!$BE$22,IF(計算用!$BB$22="男",0,16)+4)) | C26: =IF($A26="","",INDEX(決定版!$A$4:$AE$53,計算用!$BE$22,IF(計算用!$BB$22="男",0,16)+5)) | D26: =IF($A26="","",INDEX(決定版!$A$4:$AE$53,計算用!$BE$22,IF(計算用!$BB$22="男",0,16)+6)) | E26: =IF($A26="","",INDEX(決定版!$A$4:$AE$53,計算用!$BE$22,IF(計算用!$BB$22="男",0,16)+7)) | F26: =IF($A26="","",INDEX(決定版!$A$4:$AE$53,計算用!$BE$22,IF(計算用!$BB$22="男",0,16)+8)) | G26: =IF($A26="","",INDEX(決定版!$A$4:$AE$53,計算用!$BE$22,IF(計算用!$BB$22="男",0,16)+9)) | H26: =IF($A26="","",INDEX(決定版!$A$4:$AE$53,計算用!$BE$22,IF(計算用!$BB$22="男",0,16)+10)) | I26: =IF($A26="","",INDEX(決定版!$A$4:$AE$53,計算用!$BE$22,IF(計算用!$BB$22="男",0,16)+11)) | J26: =IF($A26="","",INDEX(決定版!$A$4:$AE$53,計算用!$BE$22,IF(計算用!$BB$22="男",0,16)+12)) | K26: =IF($A26="","",INDEX(決定版!$A$4:$AE$53,計算用!$BE$22,IF(計算用!$BB$22="男",0,16)+13)) | L26: =IF($A26="","",INDEX(決定版!$A$4:$AE$53,計算用!$BE$22,IF(計算用!$BB$22="男",0,16)+14)) | M26: =IF($A26="","",INDEX(決定版!$A$4:$AE$53,計算用!$BE$22,IF(計算用!$BB$22="男",0,16)+15))
A27: =IF(計算用!$BB$23="","",計算用!$BA$23) | B27: =IF($A27="","",INDEX(決定版!$A$4:$AE$53,計算用!$BE$23,IF(計算用!$BB$23="男",0,16)+4)) | C27: =IF($A27="","",INDEX(決定版!$A$4:$AE$53,計算用!$BE$23,IF(計算用!$BB$23="男",0,16)+5)) | D27: =IF($A27="","",INDEX(決定版!$A$4:$AE$53,計算用!$BE$23,IF(計算用!$BB$23="男",0,16)+6)) | E27: =IF($A27="","",INDEX(決定版!$A$4:$AE$53,計算用!$BE$23,IF(計算用!$BB$23="男",0,16)+7)) | F27: =IF($A27="","",INDEX(決定版!$A$4:$AE$53,計算用!$BE$23,IF(計算用!$BB$23="男",0,16)+8)) | G27: =IF($A27="","",INDEX(決定版!$A$4:$AE$53,計算用!$BE$23,IF(計算用!$BB$23="男",0,16)+9)) | H27: =IF($A27="","",INDEX(決定版!$A$4:$AE$53,計算用!$BE$23,IF(計算用!$BB$23="男",0,16)+10)) | I27: =IF($A27="","",INDEX(決定版!$A$4:$AE$53,計算用!$BE$23,IF(計算用!$BB$23="男",0,16)+11)) | J27: =IF($A27="","",INDEX(決定版!$A$4:$AE$53,計算用!$BE$23,IF(計算用!$BB$23="男",0,16)+12)) | K27: =IF($A27="","",INDEX(決定版!$A$4:$AE$53,計算用!$BE$23,IF(計算用!$BB$23="男",0,16)+13)) | L27: =IF($A27="","",INDEX(決定版!$A$4:$AE$53,計算用!$BE$23,IF(計算用!$BB$23="男",0,16)+14)) | M27: =IF($A27="","",INDEX(決定版!$A$4:$AE$53,計算用!$BE$23,IF(計算用!$BB$23="男",0,16)+15))
A28: =IF(計算用!$BB$24="","",計算用!$BA$24) | B28: =IF($A28="","",INDEX(決定版!$A$4:$AE$53,計算用!$BE$24,IF(計算用!$BB$24="男",0,16)+4)) | C28: =IF($A28="","",INDEX(決定版!$A$4:$AE$53,計算用!$BE$24,IF(計算用!$BB$24="男",0,16)+5)) | D28: =IF($A28="","",INDEX(決定版!$A$4:$AE$53,計算用!$BE$24,IF(計算用!$BB$24="男",0,16)+6)) | E28: =IF($A28="","",INDEX(決定版!$A$4:$AE$53,計算用!$BE$24,IF(計算用!$BB$24="男",0,16)+7)) | F28: =IF($A28="","",INDEX(決定版!$A$4:$AE$53,計算用!$BE$24,IF(計算用!$BB$24="男",0,16)+8)) | G28: =IF($A28="","",INDEX(決定版!$A$4:$AE$53,計算用!$BE$24,IF(計算用!$BB$24="男",0,16)+9)) | H28: =IF($A28="","",INDEX(決定版!$A$4:$AE$53,計算用!$BE$24,IF(計算用!$BB$24="男",0,16)+10)) | I28: =IF($A28="","",INDEX(決定版!$A$4:$AE$53,計算用!$BE$24,IF(計算用!$BB$24="男",0,16)+11)) | J28: =IF($A28="","",INDEX(決定版!$A$4:$AE$53,計算用!$BE$24,IF(計算用!$BB$24="男",0,16)+12)) | K28: =IF($A28="","",INDEX(決定版!$A$4:$AE$53,計算用!$BE$24,IF(計算用!$BB$24="男",0,16)+13)) | L28: =IF($A28="","",INDEX(決定版!$A$4:$AE$53,計算用!$BE$24,IF(計算用!$BB$24="男",0,16)+14)) | M28: =IF($A28="","",INDEX(決定版!$A$4:$AE$53,計算用!$BE$24,IF(計算用!$BB$24="男",0,16)+15))
A29: =IF(計算用!$BB$25="","",計算用!$BA$25) | B29: =IF($A29="","",INDEX(決定版!$A$4:$AE$53,計算用!$BE$25,IF(計算用!$BB$25="男",0,16)+4)) | C29: =IF($A29="","",INDEX(決定版!$A$4:$AE$53,計算用!$BE$25,IF(計算用!$BB$25="男",0,16)+5)) | D29: =IF($A29="","",INDEX(決定版!$A$4:$AE$53,計算用!$BE$25,IF(計算用!$BB$25="男",0,16)+6)) | E29: =IF($A29="","",INDEX(決定版!$A$4:$AE$53,計算用!$BE$25,IF(計算用!$BB$25="男",0,16)+7)) | F29: =IF($A29="","",INDEX(決定版!$A$4:$AE$53,計算用!$BE$25,IF(計算用!$BB$25="男",0,16)+8)) | G29: =IF($A29="","",INDEX(決定版!$A$4:$AE$53,計算用!$BE$25,IF(計算用!$BB$25="男",0,16)+9)) | H29: =IF($A29="","",INDEX(決定版!$A$4:$AE$53,計算用!$BE$25,IF(計算用!$BB$25="男",0,16)+10)) | I29: =IF($A29="","",INDEX(決定版!$A$4:$AE$53,計算用!$BE$25,IF(計算用!$BB$25="男",0,16)+11)) | J29: =IF($A29="","",INDEX(決定版!$A$4:$AE$53,計算用!$BE$25,IF(計算用!$BB$25="男",0,16)+12)) | K29: =IF($A29="","",INDEX(決定版!$A$4:$AE$53,計算用!$BE$25,IF(計算用!$BB$25="男",0,16)+13)) | L29: =IF($A29="","",INDEX(決定版!$A$4:$AE$53,計算用!$BE$25,IF(計算用!$BB$25="男",0,16)+14)) | M29: =IF($A29="","",INDEX(決定版!$A$4:$AE$53,計算用!$BE$25,IF(計算用!$BB$25="男",0,16)+15))
A30: =IF(計算用!$BB$26="","",計算用!$BA$26) | B30: =IF($A30="","",INDEX(決定版!$A$4:$AE$53,計算用!$BE$26,IF(計算用!$BB$26="男",0,16)+4)) | C30: =IF($A30="","",INDEX(決定版!$A$4:$AE$53,計算用!$BE$26,IF(計算用!$BB$26="男",0,16)+5)) | D30: =IF($A30="","",INDEX(決定版!$A$4:$AE$53,計算用!$BE$26,IF(計算用!$BB$26="男",0,16)+6)) | E30: =IF($A30="","",INDEX(決定版!$A$4:$AE$53,計算用!$BE$26,IF(計算用!$BB$26="男",0,16)+7)) | F30: =IF($A30="","",INDEX(決定版!$A$4:$AE$53,計算用!$BE$26,IF(計算用!$BB$26="男",0,16)+8)) | G30: =IF($A30="","",INDEX(決定版!$A$4:$AE$53,計算用!$BE$26,IF(計算用!$BB$26="男",0,16)+9)) | H30: =IF($A30="","",INDEX(決定版!$A$4:$AE$53,計算用!$BE$26,IF(計算用!$BB$26="男",0,16)+10)) | I30: =IF($A30="","",INDEX(決定版!$A$4:$AE$53,計算用!$BE$26,IF(計算用!$BB$26="男",0,16)+11)) | J30: =IF($A30="","",INDEX(決定版!$A$4:$AE$53,計算用!$BE$26,IF(計算用!$BB$26="男",0,16)+12)) | K30: =IF($A30="","",INDEX(決定版!$A$4:$AE$53,計算用!$BE$26,IF(計算用!$BB$26="男",0,16)+13)) | L30: =IF($A30="","",INDEX(決定版!$A$4:$AE$53,計算用!$BE$26,IF(計算用!$BB$26="男",0,16)+14)) | M30: =IF($A30="","",INDEX(決定版!$A$4:$AE$53,計算用!$BE$26,IF(計算用!$BB$26="男",0,16)+15))
A31: =IF(計算用!$BB$27="","",計算用!$BA$27) | B31: =IF($A31="","",INDEX(決定版!$A$4:$AE$53,計算用!$BE$27,IF(計算用!$BB$27="男",0,16)+4)) | C31: =IF($A31="","",INDEX(決定版!$A$4:$AE$53,計算用!$BE$27,IF(計算用!$BB$27="男",0,16)+5)) | D31: =IF($A31="","",INDEX(決定版!$A$4:$AE$53,計算用!$BE$27,IF(計算用!$BB$27="男",0,16)+6)) | E31: =IF($A31="","",INDEX(決定版!$A$4:$AE$53,計算用!$BE$27,IF(計算用!$BB$27="男",0,16)+7)) | F31: =IF($A31="","",INDEX(決定版!$A$4:$AE$53,計算用!$BE$27,IF(計算用!$BB$27="男",0,16)+8)) | G31: =IF($A31="","",INDEX(決定版!$A$4:$AE$53,計算用!$BE$27,IF(計算用!$BB$27="男",0,16)+9)) | H31: =IF($A31="","",INDEX(決定版!$A$4:$AE$53,計算用!$BE$27,IF(計算用!$BB$27="男",0,16)+10)) | I31: =IF($A31="","",INDEX(決定版!$A$4:$AE$53,計算用!$BE$27,IF(計算用!$BB$27="男",0,16)+11)) | J31: =IF($A31="","",INDEX(決定版!$A$4:$AE$53,計算用!$BE$27,IF(計算用!$BB$27="男",0,16)+12)) | K31: =IF($A31="","",INDEX(決定版!$A$4:$AE$53,計算用!$BE$27,IF(計算用!$BB$27="男",0,16)+13)) | L31: =IF($A31="","",INDEX(決定版!$A$4:$AE$53,計算用!$BE$27,IF(計算用!$BB$27="男",0,16)+14)) | M31: =IF($A31="","",INDEX(決定版!$A$4:$AE$53,計算用!$BE$27,IF(計算用!$BB$27="男",0,16)+15))
A32: =IF(計算用!$BB$28="","",計算用!$BA$28) | B32: =IF($A32="","",INDEX(決定版!$A$4:$AE$53,計算用!$BE$28,IF(計算用!$BB$28="男",0,16)+4)) | C32: =IF($A32="","",INDEX(決定版!$A$4:$AE$53,計算用!$BE$28,IF(計算用!$BB$28="男",0,16)+5)) | D32: =IF($A32="","",INDEX(決定版!$A$4:$AE$53,計算用!$BE$28,IF(計算用!$BB$28="男",0,16)+6)) | E32: =IF($A32="","",INDEX(決定版!$A$4:$AE$53,計算用!$BE$28,IF(計算用!$BB$28="男",0,16)+7)) | F32: =IF($A32="","",INDEX(決定版!$A$4:$AE$53,計算用!$BE$28,IF(計算用!$BB$28="男",0,16)+8)) | G32: =IF($A32="","",INDEX(決定版!$A$4:$AE$53,計算用!$BE$28,IF(計算用!$BB$28="男",0,16)+9)) | H32: =IF($A32="","",INDEX(決定版!$A$4:$AE$53,計算用!$BE$28,IF(計算用!$BB$28="男",0,16)+10)) | I32: =IF($A32="","",INDEX(決定版!$A$4:$AE$53,計算用!$BE$28,IF(計算用!$BB$28="男",0,16)+11)) | J32: =IF($A32="","",INDEX(決定版!$A$4:$AE$53,計算用!$BE$28,IF(計算用!$BB$28="男",0,16)+12)) | K32: =IF($A32="","",INDEX(決定版!$A$4:$AE$53,計算用!$BE$28,IF(計算用!$BB$28="男",0,16)+13)) | L32: =IF($A32="","",INDEX(決定版!$A$4:$AE$53,計算用!$BE$28,IF(計算用!$BB$28="男",0,16)+14)) | M32: =IF($A32="","",INDEX(決定版!$A$4:$AE$53,計算用!$BE$28,IF(計算用!$BB$28="男",0,16)+15))
A33: =IF(計算用!$BB$29="","",計算用!$BA$29) | B33: =IF($A33="","",INDEX(決定版!$A$4:$AE$53,計算用!$BE$29,IF(計算用!$BB$29="男",0,16)+4)) | C33: =IF($A33="","",INDEX(決定版!$A$4:$AE$53,計算用!$BE$29,IF(計算用!$BB$29="男",0,16)+5)) | D33: =IF($A33="","",INDEX(決定版!$A$4:$AE$53,計算用!$BE$29,IF(計算用!$BB$29="男",0,16)+6)) | E33: =IF($A33="","",INDEX(決定版!$A$4:$AE$53,計算用!$BE$29,IF(計算用!$BB$29="男",0,16)+7)) | F33: =IF($A33="","",INDEX(決定版!$A$4:$AE$53,計算用!$BE$29,IF(計算用!$BB$29="男",0,16)+8)) | G33: =IF($A33="","",INDEX(決定版!$A$4:$AE$53,計算用!$BE$29,IF(計算用!$BB$29="男",0,16)+9)) | H33: =IF($A33="","",INDEX(決定版!$A$4:$AE$53,計算用!$BE$29,IF(計算用!$BB$29="男",0,16)+10)) | I33: =IF($A33="","",INDEX(決定版!$A$4:$AE$53,計算用!$BE$29,IF(計算用!$BB$29="男",0,16)+11)) | J33: =IF($A33="","",INDEX(決定版!$A$4:$AE$53,計算用!$BE$29,IF(計算用!$BB$29="男",0,16)+12)) | K33: =IF($A33="","",INDEX(決定版!$A$4:$AE$53,計算用!$BE$29,IF(計算用!$BB$29="男",0,16)+13)) | L33: =IF($A33="","",INDEX(決定版!$A$4:$AE$53,計算用!$BE$29,IF(計算用!$BB$29="男",0,16)+14)) | M33: =IF($A33="","",INDEX(決定版!$A$4:$AE$53,計算用!$BE$29,IF(計算用!$BB$29="男",0,16)+15))
A34: =IF(計算用!$BB$30="","",計算用!$BA$30) | B34: =IF($A34="","",INDEX(決定版!$A$4:$AE$53,計算用!$BE$30,IF(計算用!$BB$30="男",0,16)+4)) | C34: =IF($A34="","",INDEX(決定版!$A$4:$AE$53,計算用!$BE$30,IF(計算用!$BB$30="男",0,16)+5)) | D34: =IF($A34="","",INDEX(決定版!$A$4:$AE$53,計算用!$BE$30,IF(計算用!$BB$30="男",0,16)+6)) | E34: =IF($A34="","",INDEX(決定版!$A$4:$AE$53,計算用!$BE$30,IF(計算用!$BB$30="男",0,16)+7)) | F34: =IF($A34="","",INDEX(決定版!$A$4:$AE$53,計算用!$BE$30,IF(計算用!$BB$30="男",0,16)+8)) | G34: =IF($A34="","",INDEX(決定版!$A$4:$AE$53,計算用!$BE$30,IF(計算用!$BB$30="男",0,16)+9)) | H34: =IF($A34="","",INDEX(決定版!$A$4:$AE$53,計算用!$BE$30,IF(計算用!$BB$30="男",0,16)+10)) | I34: =IF($A34="","",INDEX(決定版!$A$4:$AE$53,計算用!$BE$30,IF(計算用!$BB$30="男",0,16)+11)) | J34: =IF($A34="","",INDEX(決定版!$A$4:$AE$53,計算用!$BE$30,IF(計算用!$BB$30="男",0,16)+12)) | K34: =IF($A34="","",INDEX(決定版!$A$4:$AE$53,計算用!$BE$30,IF(計算用!$BB$30="男",0,16)+13)) | L34: =IF($A34="","",INDEX(決定版!$A$4:$AE$53,計算用!$BE$30,IF(計算用!$BB$30="男",0,16)+14)) | M34: =IF($A34="","",INDEX(決定版!$A$4:$AE$53,計算用!$BE$30,IF(計算用!$BB$30="男",0,16)+15))
A35: =IF(計算用!$BB$31="","",計算用!$BA$31) | B35: =IF($A35="","",INDEX(決定版!$A$4:$AE$53,計算用!$BE$31,IF(計算用!$BB$31="男",0,16)+4)) | C35: =IF($A35="","",INDEX(決定版!$A$4:$AE$53,計算用!$BE$31,IF(計算用!$BB$31="男",0,16)+5)) | D35: =IF($A35="","",INDEX(決定版!$A$4:$AE$53,計算用!$BE$31,IF(計算用!$BB$31="男",0,16)+6)) | E35: =IF($A35="","",INDEX(決定版!$A$4:$AE$53,計算用!$BE$31,IF(計算用!$BB$31="男",0,16)+7)) | F35: =IF($A35="","",INDEX(決定版!$A$4:$AE$53,計算用!$BE$31,IF(計算用!$BB$31="男",0,16)+8)) | G35: =IF($A35="","",INDEX(決定版!$A$4:$AE$53,計算用!$BE$31,IF(計算用!$BB$31="男",0,16)+9)) | H35: =IF($A35="","",INDEX(決定版!$A$4:$AE$53,計算用!$BE$31,IF(計算用!$BB$31="男",0,16)+10)) | I35: =IF($A35="","",INDEX(決定版!$A$4:$AE$53,計算用!$BE$31,IF(計算用!$BB$31="男",0,16)+11)) | J35: =IF($A35="","",INDEX(決定版!$A$4:$AE$53,計算用!$BE$31,IF(計算用!$BB$31="男",0,16)+12)) | K35: =IF($A35="","",INDEX(決定版!$A$4:$AE$53,計算用!$BE$31,IF(計算用!$BB$31="男",0,16)+13)) | L35: =IF($A35="","",INDEX(決定版!$A$4:$AE$53,計算用!$BE$31,IF(計算用!$BB$31="男",0,16)+14)) | M35: =IF($A35="","",INDEX(決定版!$A$4:$AE$53,計算用!$BE$31,IF(計算用!$BB$31="男",0,16)+15))
A36: =IF(計算用!$BB$32="","",計算用!$BA$32) | B36: =IF($A36="","",INDEX(決定版!$A$4:$AE$53,計算用!$BE$32,IF(計算用!$BB$32="男",0,16)+4)) | C36: =IF($A36="","",INDEX(決定版!$A$4:$AE$53,計算用!$BE$32,IF(計算用!$BB$32="男",0,16)+5)) | D36: =IF($A36="","",INDEX(決定版!$A$4:$AE$53,計算用!$BE$32,IF(計算用!$BB$32="男",0,16)+6)) | E36: =IF($A36="","",INDEX(決定版!$A$4:$AE$53,計算用!$BE$32,IF(計算用!$BB$32="男",0,16)+7)) | F36: =IF($A36="","",INDEX(決定版!$A$4:$AE$53,計算用!$BE$32,IF(計算用!$BB$32="男",0,16)+8)) | G36: =IF($A36="","",INDEX(決定版!$A$4:$AE$53,計算用!$BE$32,IF(計算用!$BB$32="男",0,16)+9)) | H36: =IF($A36="","",INDEX(決定版!$A$4:$AE$53,計算用!$BE$32,IF(計算用!$BB$32="男",0,16)+10)) | I36: =IF($A36="","",INDEX(決定版!$A$4:$AE$53,計算用!$BE$32,IF(計算用!$BB$32="男",0,16)+11)) | J36: =IF($A36="","",INDEX(決定版!$A$4:$AE$53,計算用!$BE$32,IF(計算用!$BB$32="男",0,16)+12)) | K36: =IF($A36="","",INDEX(決定版!$A$4:$AE$53,計算用!$BE$32,IF(計算用!$BB$32="男",0,16)+13)) | L36: =IF($A36="","",INDEX(決定版!$A$4:$AE$53,計算用!$BE$32,IF(計算用!$BB$32="男",0,16)+14)) | M36: =IF($A36="","",INDEX(決定版!$A$4:$AE$53,計算用!$BE$32,IF(計算用!$BB$32="男",0,16)+15))
A37: =IF(計算用!$BB$33="","",計算用!$BA$33) | B37: =IF($A37="","",INDEX(決定版!$A$4:$AE$53,計算用!$BE$33,IF(計算用!$BB$33="男",0,16)+4)) | C37: =IF($A37="","",INDEX(決定版!$A$4:$AE$53,計算用!$BE$33,IF(計算用!$BB$33="男",0,16)+5)) | D37: =IF($A37="","",INDEX(決定版!$A$4:$AE$53,計算用!$BE$33,IF(計算用!$BB$33="男",0,16)+6)) | E37: =IF($A37="","",INDEX(決定版!$A$4:$AE$53,計算用!$BE$33,IF(計算用!$BB$33="男",0,16)+7)) | F37: =IF($A37="","",INDEX(決定版!$A$4:$AE$53,計算用!$BE$33,IF(計算用!$BB$33="男",0,16)+8)) | G37: =IF($A37="","",INDEX(決定版!$A$4:$AE$53,計算用!$BE$33,IF(計算用!$BB$33="男",0,16)+9)) | H37: =IF($A37="","",INDEX(決定版!$A$4:$AE$53,計算用!$BE$33,IF(計算用!$BB$33="男",0,16)+10)) | I37: =IF($A37="","",INDEX(決定版!$A$4:$AE$53,計算用!$BE$33,IF(計算用!$BB$33="男",0,16)+11)) | J37: =IF($A37="","",INDEX(決定版!$A$4:$AE$53,計算用!$BE$33,IF(計算用!$BB$33="男",0,16)+12)) | K37: =IF($A37="","",INDEX(決定版!$A$4:$AE$53,計算用!$BE$33,IF(計算用!$BB$33="男",0,16)+13)) | L37: =IF($A37="","",INDEX(決定版!$A$4:$AE$53,計算用!$BE$33,IF(計算用!$BB$33="男",0,16)+14)) | M37: =IF($A37="","",INDEX(決定版!$A$4:$AE$53,計算用!$BE$33,IF(計算用!$BB$33="男",0,16)+15))
A38: =IF(計算用!$BB$34="","",計算用!$BA$34) | B38: =IF($A38="","",INDEX(決定版!$A$4:$AE$53,計算用!$BE$34,IF(計算用!$BB$34="男",0,16)+4)) | C38: =IF($A38="","",INDEX(決定版!$A$4:$AE$53,計算用!$BE$34,IF(計算用!$BB$34="男",0,16)+5)) | D38: =IF($A38="","",INDEX(決定版!$A$4:$AE$53,計算用!$BE$34,IF(計算用!$BB$34="男",0,16)+6)) | E38: =IF($A38="","",INDEX(決定版!$A$4:$AE$53,計算用!$BE$34,IF(計算用!$BB$34="男",0,16)+7)) | F38: =IF($A38="","",INDEX(決定版!$A$4:$AE$53,計算用!$BE$34,IF(計算用!$BB$34="男",0,16)+8)) | G38: =IF($A38="","",INDEX(決定版!$A$4:$AE$53,計算用!$BE$34,IF(計算用!$BB$34="男",0,16)+9)) | H38: =IF($A38="","",INDEX(決定版!$A$4:$AE$53,計算用!$BE$34,IF(計算用!$BB$34="男",0,16)+10)) | I38: =IF($A38="","",INDEX(決定版!$A$4:$AE$53,計算用!$BE$34,IF(計算用!$BB$34="男",0,16)+11)) | J38: =IF($A38="","",INDEX(決定版!$A$4:$AE$53,計算用!$BE$34,IF(計算用!$BB$34="男",0,16)+12)) | K38: =IF($A38="","",INDEX(決定版!$A$4:$AE$53,計算用!$BE$34,IF(計算用!$BB$34="男",0,16)+13)) | L38: =IF($A38="","",INDEX(決定版!$A$4:$AE$53,計算用!$BE$34,IF(計算用!$BB$34="男",0,16)+14)) | M38: =IF($A38="","",INDEX(決定版!$A$4:$AE$53,計算用!$BE$34,IF(計算用!$BB$34="男",0,16)+15))
A39: =IF(計算用!$BB$35="","",計算用!$BA$35) | B39: =IF($A39="","",INDEX(決定版!$A$4:$AE$53,計算用!$BE$35,IF(計算用!$BB$35="男",0,16)+4)) | C39: =IF($A39="","",INDEX(決定版!$A$4:$AE$53,計算用!$BE$35,IF(計算用!$BB$35="男",0,16)+5)) | D39: =IF($A39="","",INDEX(決定版!$A$4:$AE$53,計算用!$BE$35,IF(計算用!$BB$35="男",0,16)+6)) | E39: =IF($A39="","",INDEX(決定版!$A$4:$AE$53,計算用!$BE$35,IF(計算用!$BB$35="男",0,16)+7)) | F39: =IF($A39="","",INDEX(決定版!$A$4:$AE$53,計算用!$BE$35,IF(計算用!$BB$35="男",0,16)+8)) | G39: =IF($A39="","",INDEX(決定版!$A$4:$AE$53,計算用!$BE$35,IF(計算用!$BB$35="男",0,16)+9)) | H39: =IF($A39="","",INDEX(決定版!$A$4:$AE$53,計算用!$BE$35,IF(計算用!$BB$35="男",0,16)+10)) | I39: =IF($A39="","",INDEX(決定版!$A$4:$AE$53,計算用!$BE$35,IF(計算用!$BB$35="男",0,16)+11)) | J39: =IF($A39="","",INDEX(決定版!$A$4:$AE$53,計算用!$BE$35,IF(計算用!$BB$35="男",0,16)+12)) | K39: =IF($A39="","",INDEX(決定版!$A$4:$AE$53,計算用!$BE$35,IF(計算用!$BB$35="男",0,16)+13)) | L39: =IF($A39="","",INDEX(決定版!$A$4:$AE$53,計算用!$BE$35,IF(計算用!$BB$35="男",0,16)+14)) | M39: =IF($A39="","",INDEX(決定版!$A$4:$AE$53,計算用!$BE$35,IF(計算用!$BB$35="男",0,16)+15))
A40: =IF(計算用!$BB$36="","",計算用!$BA$36) | B40: =IF($A40="","",INDEX(決定版!$A$4:$AE$53,計算用!$BE$36,IF(計算用!$BB$36="男",0,16)+4)) | C40: =IF($A40="","",INDEX(決定版!$A$4:$AE$53,計算用!$BE$36,IF(計算用!$BB$36="男",0,16)+5)) | D40: =IF($A40="","",INDEX(決定版!$A$4:$AE$53,計算用!$BE$36,IF(計算用!$BB$36="男",0,16)+6)) | E40: =IF($A40="","",INDEX(決定版!$A$4:$AE$53,計算用!$BE$36,IF(計算用!$BB$36="男",0,16)+7)) | F40: =IF($A40="","",INDEX(決定版!$A$4:$AE$53,計算用!$BE$36,IF(計算用!$BB$36="男",0,16)+8)) | G40: =IF($A40="","",INDEX(決定版!$A$4:$AE$53,計算用!$BE$36,IF(計算用!$BB$36="男",0,16)+9)) | H40: =IF($A40="","",INDEX(決定版!$A$4:$AE$53,計算用!$BE$36,IF(計算用!$BB$36="男",0,16)+10)) | I40: =IF($A40="","",INDEX(決定版!$A$4:$AE$53,計算用!$BE$36,IF(計算用!$BB$36="男",0,16)+11)) | J40: =IF($A40="","",INDEX(決定版!$A$4:$AE$53,計算用!$BE$36,IF(計算用!$BB$36="男",0,16)+12)) | K40: =IF($A40="","",INDEX(決定版!$A$4:$AE$53,計算用!$BE$36,IF(計算用!$BB$36="男",0,16)+13)) | L40: =IF($A40="","",INDEX(決定版!$A$4:$AE$53,計算用!$BE$36,IF(計算用!$BB$36="男",0,16)+14)) | M40: =IF($A40="","",INDEX(決定版!$A$4:$AE$53,計算用!$BE$36,IF(計算用!$BB$36="男",0,16)+15))
A41: =IF(計算用!$BB$37="","",計算用!$BA$37) | B41: =IF($A41="","",INDEX(決定版!$A$4:$AE$53,計算用!$BE$37,IF(計算用!$BB$37="男",0,16)+4)) | C41: =IF($A41="","",INDEX(決定版!$A$4:$AE$53,計算用!$BE$37,IF(計算用!$BB$37="男",0,16)+5)) | D41: =IF($A41="","",INDEX(決定版!$A$4:$AE$53,計算用!$BE$37,IF(計算用!$BB$37="男",0,16)+6)) | E41: =IF($A41="","",INDEX(決定版!$A$4:$AE$53,計算用!$BE$37,IF(計算用!$BB$37="男",0,16)+7)) | F41: =IF($A41="","",INDEX(決定版!$A$4:$AE$53,計算用!$BE$37,IF(計算用!$BB$37="男",0,16)+8)) | G41: =IF($A41="","",INDEX(決定版!$A$4:$AE$53,計算用!$BE$37,IF(計算用!$BB$37="男",0,16)+9)) | H41: =IF($A41="","",INDEX(決定版!$A$4:$AE$53,計算用!$BE$37,IF(計算用!$BB$37="男",0,16)+10)) | I41: =IF($A41="","",INDEX(決定版!$A$4:$AE$53,計算用!$BE$37,IF(計算用!$BB$37="男",0,16)+11)) | J41: =IF($A41="","",INDEX(決定版!$A$4:$AE$53,計算用!$BE$37,IF(計算用!$BB$37="男",0,16)+12)) | K41: =IF($A41="","",INDEX(決定版!$A$4:$AE$53,計算用!$BE$37,IF(計算用!$BB$37="男",0,16)+13)) | L41: =IF($A41="","",INDEX(決定版!$A$4:$AE$53,計算用!$BE$37,IF(計算用!$BB$37="男",0,16)+14)) | M41: =IF($A41="","",INDEX(決定版!$A$4:$AE$53,計算用!$BE$37,IF(計算用!$BB$37="男",0,16)+15))
A42: =IF(計算用!$BB$38="","",計算用!$BA$38) | B42: =IF($A42="","",INDEX(決定版!$A$4:$AE$53,計算用!$BE$38,IF(計算用!$BB$38="男",0,16)+4)) | C42: =IF($A42="","",INDEX(決定版!$A$4:$AE$53,計算用!$BE$38,IF(計算用!$BB$38="男",0,16)+5)) | D42: =IF($A42="","",INDEX(決定版!$A$4:$AE$53,計算用!$BE$38,IF(計算用!$BB$38="男",0,16)+6)) | E42: =IF($A42="","",INDEX(決定版!$A$4:$AE$53,計算用!$BE$38,IF(計算用!$BB$38="男",0,16)+7)) | F42: =IF($A42="","",INDEX(決定版!$A$4:$AE$53,計算用!$BE$38,IF(計算用!$BB$38="男",0,16)+8)) | G42: =IF($A42="","",INDEX(決定版!$A$4:$AE$53,計算用!$BE$38,IF(計算用!$BB$38="男",0,16)+9)) | H42: =IF($A42="","",INDEX(決定版!$A$4:$AE$53,計算用!$BE$38,IF(計算用!$BB$38="男",0,16)+10)) | I42: =IF($A42="","",INDEX(決定版!$A$4:$AE$53,計算用!$BE$38,IF(計算用!$BB$38="男",0,16)+11)) | J42: =IF($A42="","",INDEX(決定版!$A$4:$AE$53,計算用!$BE$38,IF(計算用!$BB$38="男",0,16)+12)) | K42: =IF($A42="","",INDEX(決定版!$A$4:$AE$53,計算用!$BE$38,IF(計算用!$BB$38="男",0,16)+13)) | L42: =IF($A42="","",INDEX(決定版!$A$4:$AE$53,計算用!$BE$38,IF(計算用!$BB$38="男",0,16)+14)) | M42: =IF($A42="","",INDEX(決定版!$A$4:$AE$53,計算用!$BE$38,IF(計算用!$BB$38="男",0,16)+15))
A43: =IF(計算用!$BB$39="","",計算用!$BA$39) | B43: =IF($A43="","",INDEX(決定版!$A$4:$AE$53,計算用!$BE$39,IF(計算用!$BB$39="男",0,16)+4)) | C43: =IF($A43="","",INDEX(決定版!$A$4:$AE$53,計算用!$BE$39,IF(計算用!$BB$39="男",0,16)+5)) | D43: =IF($A43="","",INDEX(決定版!$A$4:$AE$53,計算用!$BE$39,IF(計算用!$BB$39="男",0,16)+6)) | E43: =IF($A43="","",INDEX(決定版!$A$4:$AE$53,計算用!$BE$39,IF(計算用!$BB$39="男",0,16)+7)) | F43: =IF($A43="","",INDEX(決定版!$A$4:$AE$53,計算用!$BE$39,IF(計算用!$BB$39="男",0,16)+8)) | G43: =IF($A43="","",INDEX(決定版!$A$4:$AE$53,計算用!$BE$39,IF(計算用!$BB$39="男",0,16)+9)) | H43: =IF($A43="","",INDEX(決定版!$A$4:$AE$53,計算用!$BE$39,IF(計算用!$BB$39="男",0,16)+10)) | I43: =IF($A43="","",INDEX(決定版!$A$4:$AE$53,計算用!$BE$39,IF(計算用!$BB$39="男",0,16)+11)) | J43: =IF($A43="","",INDEX(決定版!$A$4:$AE$53,計算用!$BE$39,IF(計算用!$BB$39="男",0,16)+12)) | K43: =IF($A43="","",INDEX(決定版!$A$4:$AE$53,計算用!$BE$39,IF(計算用!$BB$39="男",0,16)+13)) | L43: =IF($A43="","",INDEX(決定版!$A$4:$AE$53,計算用!$BE$39,IF(計算用!$BB$39="男",0,16)+14)) | M43: =IF($A43="","",INDEX(決定版!$A$4:$AE$53,計算用!$BE$39,IF(計算用!$BB$39="男",0,16)+15))
A44: =IF(計算用!$BB$40="","",計算用!$BA$40) | B44: =IF($A44="","",INDEX(決定版!$A$4:$AE$53,計算用!$BE$40,IF(計算用!$BB$40="男",0,16)+4)) | C44: =IF($A44="","",INDEX(決定版!$A$4:$AE$53,計算用!$BE$40,IF(計算用!$BB$40="男",0,16)+5)) | D44: =IF($A44="","",INDEX(決定版!$A$4:$AE$53,計算用!$BE$40,IF(計算用!$BB$40="男",0,16)+6)) | E44: =IF($A44="","",INDEX(決定版!$A$4:$AE$53,計算用!$BE$40,IF(計算用!$BB$40="男",0,16)+7)) | F44: =IF($A44="","",INDEX(決定版!$A$4:$AE$53,計算用!$BE$40,IF(計算用!$BB$40="男",0,16)+8)) | G44: =IF($A44="","",INDEX(決定版!$A$4:$AE$53,計算用!$BE$40,IF(計算用!$BB$40="男",0,16)+9)) | H44: =IF($A44="","",INDEX(決定版!$A$4:$AE$53,計算用!$BE$40,IF(計算用!$BB$40="男",0,16)+10)) | I44: =IF($A44="","",INDEX(決定版!$A$4:$AE$53,計算用!$BE$40,IF(計算用!$BB$40="男",0,16)+11)) | J44: =IF($A44="","",INDEX(決定版!$A$4:$AE$53,計算用!$BE$40,IF(計算用!$BB$40="男",0,16)+12)) | K44: =IF($A44="","",INDEX(決定版!$A$4:$AE$53,計算用!$BE$40,IF(計算用!$BB$40="男",0,16)+13)) | L44: =IF($A44="","",INDEX(決定版!$A$4:$AE$53,計算用!$BE$40,IF(計算用!$BB$40="男",0,16)+14)) | M44: =IF($A44="","",INDEX(決定版!$A$4:$AE$53,計算用!$BE$40,IF(計算用!$BB$40="男",0,16)+15))
A45: =IF(計算用!$BB$41="","",計算用!$BA$41) | B45: =IF($A45="","",INDEX(決定版!$A$4:$AE$53,計算用!$BE$41,IF(計算用!$BB$41="男",0,16)+4)) | C45: =IF($A45="","",INDEX(決定版!$A$4:$AE$53,計算用!$BE$41,IF(計算用!$BB$41="男",0,16)+5)) | D45: =IF($A45="","",INDEX(決定版!$A$4:$AE$53,計算用!$BE$41,IF(計算用!$BB$41="男",0,16)+6)) | E45: =IF($A45="","",INDEX(決定版!$A$4:$AE$53,計算用!$BE$41,IF(計算用!$BB$41="男",0,16)+7)) | F45: =IF($A45="","",INDEX(決定版!$A$4:$AE$53,計算用!$BE$41,IF(計算用!$BB$41="男",0,16)+8)) | G45: =IF($A45="","",INDEX(決定版!$A$4:$AE$53,計算用!$BE$41,IF(計算用!$BB$41="男",0,16)+9)) | H45: =IF($A45="","",INDEX(決定版!$A$4:$AE$53,計算用!$BE$41,IF(計算用!$BB$41="男",0,16)+10)) | I45: =IF($A45="","",INDEX(決定版!$A$4:$AE$53,計算用!$BE$41,IF(計算用!$BB$41="男",0,16)+11)) | J45: =IF($A45="","",INDEX(決定版!$A$4:$AE$53,計算用!$BE$41,IF(計算用!$BB$41="男",0,16)+12)) | K45: =IF($A45="","",INDEX(決定版!$A$4:$AE$53,計算用!$BE$41,IF(計算用!$BB$41="男",0,16)+13)) | L45: =IF($A45="","",INDEX(決定版!$A$4:$AE$53,計算用!$BE$41,IF(計算用!$BB$41="男",0,16)+14)) | M45: =IF($A45="","",INDEX(決定版!$A$4:$AE$53,計算用!$BE$41,IF(計算用!$BB$41="男",0,16)+15))
A46: =IF(計算用!$BB$42="","",計算用!$BA$42) | B46: =IF($A46="","",INDEX(決定版!$A$4:$AE$53,計算用!$BE$42,IF(計算用!$BB$42="男",0,16)+4)) | C46: =IF($A46="","",INDEX(決定版!$A$4:$AE$53,計算用!$BE$42,IF(計算用!$BB$42="男",0,16)+5)) | D46: =IF($A46="","",INDEX(決定版!$A$4:$AE$53,計算用!$BE$42,IF(計算用!$BB$42="男",0,16)+6)) | E46: =IF($A46="","",INDEX(決定版!$A$4:$AE$53,計算用!$BE$42,IF(計算用!$BB$42="男",0,16)+7)) | F46: =IF($A46="","",INDEX(決定版!$A$4:$AE$53,計算用!$BE$42,IF(計算用!$BB$42="男",0,16)+8)) | G46: =IF($A46="","",INDEX(決定版!$A$4:$AE$53,計算用!$BE$42,IF(計算用!$BB$42="男",0,16)+9)) | H46: =IF($A46="","",INDEX(決定版!$A$4:$AE$53,計算用!$BE$42,IF(計算用!$BB$42="男",0,16)+10)) | I46: =IF($A46="","",INDEX(決定版!$A$4:$AE$53,計算用!$BE$42,IF(計算用!$BB$42="男",0,16)+11)) | J46: =IF($A46="","",INDEX(決定版!$A$4:$AE$53,計算用!$BE$42,IF(計算用!$BB$42="男",0,16)+12)) | K46: =IF($A46="","",INDEX(決定版!$A$4:$AE$53,計算用!$BE$42,IF(計算用!$BB$42="男",0,16)+13)) | L46: =IF($A46="","",INDEX(決定版!$A$4:$AE$53,計算用!$BE$42,IF(計算用!$BB$42="男",0,16)+14)) | M46: =IF($A46="","",INDEX(決定版!$A$4:$AE$53,計算用!$BE$42,IF(計算用!$BB$42="男",0,16)+15))
A47: =IF(計算用!$BB$43="","",計算用!$BA$43) | B47: =IF($A47="","",INDEX(決定版!$A$4:$AE$53,計算用!$BE$43,IF(計算用!$BB$43="男",0,16)+4)) | C47: =IF($A47="","",INDEX(決定版!$A$4:$AE$53,計算用!$BE$43,IF(計算用!$BB$43="男",0,16)+5)) | D47: =IF($A47="","",INDEX(決定版!$A$4:$AE$53,計算用!$BE$43,IF(計算用!$BB$43="男",0,16)+6)) | E47: =IF($A47="","",INDEX(決定版!$A$4:$AE$53,計算用!$BE$43,IF(計算用!$BB$43="男",0,16)+7)) | F47: =IF($A47="","",INDEX(決定版!$A$4:$AE$53,計算用!$BE$43,IF(計算用!$BB$43="男",0,16)+8)) | G47: =IF($A47="","",INDEX(決定版!$A$4:$AE$53,計算用!$BE$43,IF(計算用!$BB$43="男",0,16)+9)) | H47: =IF($A47="","",INDEX(決定版!$A$4:$AE$53,計算用!$BE$43,IF(計算用!$BB$43="男",0,16)+10)) | I47: =IF($A47="","",INDEX(決定版!$A$4:$AE$53,計算用!$BE$43,IF(計算用!$BB$43="男",0,16)+11)) | J47: =IF($A47="","",INDEX(決定版!$A$4:$AE$53,計算用!$BE$43,IF(計算用!$BB$43="男",0,16)+12)) | K47: =IF($A47="","",INDEX(決定版!$A$4:$AE$53,計算用!$BE$43,IF(計算用!$BB$43="男",0,16)+13)) | L47: =IF($A47="","",INDEX(決定版!$A$4:$AE$53,計算用!$BE$43,IF(計算用!$BB$43="男",0,16)+14)) | M47: =IF($A47="","",INDEX(決定版!$A$4:$AE$53,計算用!$BE$43,IF(計算用!$BB$43="男",0,16)+15))
A48: =IF(計算用!$BB$44="","",計算用!$BA$44) | B48: =IF($A48="","",INDEX(決定版!$A$4:$AE$53,計算用!$BE$44,IF(計算用!$BB$44="男",0,16)+4)) | C48: =IF($A48="","",INDEX(決定版!$A$4:$AE$53,計算用!$BE$44,IF(計算用!$BB$44="男",0,16)+5)) | D48: =IF($A48="","",INDEX(決定版!$A$4:$AE$53,計算用!$BE$44,IF(計算用!$BB$44="男",0,16)+6)) | E48: =IF($A48="","",INDEX(決定版!$A$4:$AE$53,計算用!$BE$44,IF(計算用!$BB$44="男",0,16)+7)) | F48: =IF($A48="","",INDEX(決定版!$A$4:$AE$53,計算用!$BE$44,IF(計算用!$BB$44="男",0,16)+8)) | G48: =IF($A48="","",INDEX(決定版!$A$4:$AE$53,計算用!$BE$44,IF(計算用!$BB$44="男",0,16)+9)) | H48: =IF($A48="","",INDEX(決定版!$A$4:$AE$53,計算用!$BE$44,IF(計算用!$BB$44="男",0,16)+10)) | I48: =IF($A48="","",INDEX(決定版!$A$4:$AE$53,計算用!$BE$44,IF(計算用!$BB$44="男",0,16)+11)) | J48: =IF($A48="","",INDEX(決定版!$A$4:$AE$53,計算用!$BE$44,IF(計算用!$BB$44="男",0,16)+12)) | K48: =IF($A48="","",INDEX(決定版!$A$4:$AE$53,計算用!$BE$44,IF(計算用!$BB$44="男",0,16)+13)) | L48: =IF($A48="","",INDEX(決定版!$A$4:$AE$53,計算用!$BE$44,IF(計算用!$BB$44="男",0,16)+14)) | M48: =IF($A48="","",INDEX(決定版!$A$4:$AE$53,計算用!$BE$44,IF(計算用!$BB$44="男",0,16)+15))
A49: =IF(計算用!$BB$45="","",計算用!$BA$45) | B49: =IF($A49="","",INDEX(決定版!$A$4:$AE$53,計算用!$BE$45,IF(計算用!$BB$45="男",0,16)+4)) | C49: =IF($A49="","",INDEX(決定版!$A$4:$AE$53,計算用!$BE$45,IF(計算用!$BB$45="男",0,16)+5)) | D49: =IF($A49="","",INDEX(決定版!$A$4:$AE$53,計算用!$BE$45,IF(計算用!$BB$45="男",0,16)+6)) | E49: =IF($A49="","",INDEX(決定版!$A$4:$AE$53,計算用!$BE$45,IF(計算用!$BB$45="男",0,16)+7)) | F49: =IF($A49="","",INDEX(決定版!$A$4:$AE$53,計算用!$BE$45,IF(計算用!$BB$45="男",0,16)+8)) | G49: =IF($A49="","",INDEX(決定版!$A$4:$AE$53,計算用!$BE$45,IF(計算用!$BB$45="男",0,16)+9)) | H49: =IF($A49="","",INDEX(決定版!$A$4:$AE$53,計算用!$BE$45,IF(計算用!$BB$45="男",0,16)+10)) | I49: =IF($A49="","",INDEX(決定版!$A$4:$AE$53,計算用!$BE$45,IF(計算用!$BB$45="男",0,16)+11)) | J49: =IF($A49="","",INDEX(決定版!$A$4:$AE$53,計算用!$BE$45,IF(計算用!$BB$45="男",0,16)+12)) | K49: =IF($A49="","",INDEX(決定版!$A$4:$AE$53,計算用!$BE$45,IF(計算用!$BB$45="男",0,16)+13)) | L49: =IF($A49="","",INDEX(決定版!$A$4:$AE$53,計算用!$BE$45,IF(計算用!$BB$45="男",0,16)+14)) | M49: =IF($A49="","",INDEX(決定版!$A$4:$AE$53,計算用!$BE$45,IF(計算用!$BB$45="男",0,16)+15))
A50: =IF(計算用!$BB$46="","",計算用!$BA$46) | B50: =IF($A50="","",INDEX(決定版!$A$4:$AE$53,計算用!$BE$46,IF(計算用!$BB$46="男",0,16)+4)) | C50: =IF($A50="","",INDEX(決定版!$A$4:$AE$53,計算用!$BE$46,IF(計算用!$BB$46="男",0,16)+5)) | D50: =IF($A50="","",INDEX(決定版!$A$4:$AE$53,計算用!$BE$46,IF(計算用!$BB$46="男",0,16)+6)) | E50: =IF($A50="","",INDEX(決定版!$A$4:$AE$53,計算用!$BE$46,IF(計算用!$BB$46="男",0,16)+7)) | F50: =IF($A50="","",INDEX(決定版!$A$4:$AE$53,計算用!$BE$46,IF(計算用!$BB$46="男",0,16)+8)) | G50: =IF($A50="","",INDEX(決定版!$A$4:$AE$53,計算用!$BE$46,IF(計算用!$BB$46="男",0,16)+9)) | H50: =IF($A50="","",INDEX(決定版!$A$4:$AE$53,計算用!$BE$46,IF(計算用!$BB$46="男",0,16)+10)) | I50: =IF($A50="","",INDEX(決定版!$A$4:$AE$53,計算用!$BE$46,IF(計算用!$BB$46="男",0,16)+11)) | J50: =IF($A50="","",INDEX(決定版!$A$4:$AE$53,計算用!$BE$46,IF(計算用!$BB$46="男",0,16)+12)) | K50: =IF($A50="","",INDEX(決定版!$A$4:$AE$53,計算用!$BE$46,IF(計算用!$BB$46="男",0,16)+13)) | L50: =IF($A50="","",INDEX(決定版!$A$4:$AE$53,計算用!$BE$46,IF(計算用!$BB$46="男",0,16)+14)) | M50: =IF($A50="","",INDEX(決定版!$A$4:$AE$53,計算用!$BE$46,IF(計算用!$BB$46="男",0,16)+15))
A51: =IF(計算用!$BB$47="","",計算用!$BA$47) | B51: =IF($A51="","",INDEX(決定版!$A$4:$AE$53,計算用!$BE$47,IF(計算用!$BB$47="男",0,16)+4)) | C51: =IF($A51="","",INDEX(決定版!$A$4:$AE$53,計算用!$BE$47,IF(計算用!$BB$47="男",0,16)+5)) | D51: =IF($A51="","",INDEX(決定版!$A$4:$AE$53,計算用!$BE$47,IF(計算用!$BB$47="男",0,16)+6)) | E51: =IF($A51="","",INDEX(決定版!$A$4:$AE$53,計算用!$BE$47,IF(計算用!$BB$47="男",0,16)+7)) | F51: =IF($A51="","",INDEX(決定版!$A$4:$AE$53,計算用!$BE$47,IF(計算用!$BB$47="男",0,16)+8)) | G51: =IF($A51="","",INDEX(決定版!$A$4:$AE$53,計算用!$BE$47,IF(計算用!$BB$47="男",0,16)+9)) | H51: =IF($A51="","",INDEX(決定版!$A$4:$AE$53,計算用!$BE$47,IF(計算用!$BB$47="男",0,16)+10)) | I51: =IF($A51="","",INDEX(決定版!$A$4:$AE$53,計算用!$BE$47,IF(計算用!$BB$47="男",0,16)+11)) | J51: =IF($A51="","",INDEX(決定版!$A$4:$AE$53,計算用!$BE$47,IF(計算用!$BB$47="男",0,16)+12)) | K51: =IF($A51="","",INDEX(決定版!$A$4:$AE$53,計算用!$BE$47,IF(計算用!$BB$47="男",0,16)+13)) | L51: =IF($A51="","",INDEX(決定版!$A$4:$AE$53,計算用!$BE$47,IF(計算用!$BB$47="男",0,16)+14)) | M51: =IF($A51="","",INDEX(決定版!$A$4:$AE$53,計算用!$BE$47,IF(計算用!$BB$47="男",0,16)+15))
A52: =IF(計算用!$BB$48="","",計算用!$BA$48) | B52: =IF($A52="","",INDEX(決定版!$A$4:$AE$53,計算用!$BE$48,IF(計算用!$BB$48="男",0,16)+4)) | C52: =IF($A52="","",INDEX(決定版!$A$4:$AE$53,計算用!$BE$48,IF(計算用!$BB$48="男",0,16)+5)) | D52: =IF($A52="","",INDEX(決定版!$A$4:$AE$53,計算用!$BE$48,IF(計算用!$BB$48="男",0,16)+6)) | E52: =IF($A52="","",INDEX(決定版!$A$4:$AE$53,計算用!$BE$48,IF(計算用!$BB$48="男",0,16)+7)) | F52: =IF($A52="","",INDEX(決定版!$A$4:$AE$53,計算用!$BE$48,IF(計算用!$BB$48="男",0,16)+8)) | G52: =IF($A52="","",INDEX(決定版!$A$4:$AE$53,計算用!$BE$48,IF(計算用!$BB$48="男",0,16)+9)) | H52: =IF($A52="","",INDEX(決定版!$A$4:$AE$53,計算用!$BE$48,IF(計算用!$BB$48="男",0,16)+10)) | I52: =IF($A52="","",INDEX(決定版!$A$4:$AE$53,計算用!$BE$48,IF(計算用!$BB$48="男",0,16)+11)) | J52: =IF($A52="","",INDEX(決定版!$A$4:$AE$53,計算用!$BE$48,IF(計算用!$BB$48="男",0,16)+12)) | K52: =IF($A52="","",INDEX(決定版!$A$4:$AE$53,計算用!$BE$48,IF(計算用!$BB$48="男",0,16)+13)) | L52: =IF($A52="","",INDEX(決定版!$A$4:$AE$53,計算用!$BE$48,IF(計算用!$BB$48="男",0,16)+14)) | M52: =IF($A52="","",INDEX(決定版!$A$4:$AE$53,計算用!$BE$48,IF(計算用!$BB$48="男",0,16)+15))
A53: =IF(計算用!$BB$49="","",計算用!$BA$49) | B53: =IF($A53="","",INDEX(決定版!$A$4:$AE$53,計算用!$BE$49,IF(計算用!$BB$49="男",0,16)+4)) | C53: =IF($A53="","",INDEX(決定版!$A$4:$AE$53,計算用!$BE$49,IF(計算用!$BB$49="男",0,16)+5)) | D53: =IF($A53="","",INDEX(決定版!$A$4:$AE$53,計算用!$BE$49,IF(計算用!$BB$49="男",0,16)+6)) | E53: =IF($A53="","",INDEX(決定版!$A$4:$AE$53,計算用!$BE$49,IF(計算用!$BB$49="男",0,16)+7)) | F53: =IF($A53="","",INDEX(決定版!$A$4:$AE$53,計算用!$BE$49,IF(計算用!$BB$49="男",0,16)+8)) | G53: =IF($A53="","",INDEX(決定版!$A$4:$AE$53,計算用!$BE$49,IF(計算用!$BB$49="男",0,16)+9)) | H53: =IF($A53="","",INDEX(決定版!$A$4:$AE$53,計算用!$BE$49,IF(計算用!$BB$49="男",0,16)+10)) | I53: =IF($A53="","",INDEX(決定版!$A$4:$AE$53,計算用!$BE$49,IF(計算用!$BB$49="男",0,16)+11)) | J53: =IF($A53="","",INDEX(決定版!$A$4:$AE$53,計算用!$BE$49,IF(計算用!$BB$49="男",0,16)+12)) | K53: =IF($A53="","",INDEX(決定版!$A$4:$AE$53,計算用!$BE$49,IF(計算用!$BB$49="男",0,16)+13)) | L53: =IF($A53="","",INDEX(決定版!$A$4:$AE$53,計算用!$BE$49,IF(計算用!$BB$49="男",0,16)+14)) | M53: =IF($A53="","",INDEX(決定版!$A$4:$AE$53,計算用!$BE$49,IF(計算用!$BB$49="男",0,16)+15))
A54: =IF(計算用!$BB$50="","",計算用!$BA$50) | B54: =IF($A54="","",INDEX(決定版!$A$4:$AE$53,計算用!$BE$50,IF(計算用!$BB$50="男",0,16)+4)) | C54: =IF($A54="","",INDEX(決定版!$A$4:$AE$53,計算用!$BE$50,IF(計算用!$BB$50="男",0,16)+5)) | D54: =IF($A54="","",INDEX(決定版!$A$4:$AE$53,計算用!$BE$50,IF(計算用!$BB$50="男",0,16)+6)) | E54: =IF($A54="","",INDEX(決定版!$A$4:$AE$53,計算用!$BE$50,IF(計算用!$BB$50="男",0,16)+7)) | F54: =IF($A54="","",INDEX(決定版!$A$4:$AE$53,計算用!$BE$50,IF(計算用!$BB$50="男",0,16)+8)) | G54: =IF($A54="","",INDEX(決定版!$A$4:$AE$53,計算用!$BE$50,IF(計算用!$BB$50="男",0,16)+9)) | H54: =IF($A54="","",INDEX(決定版!$A$4:$AE$53,計算用!$BE$50,IF(計算用!$BB$50="男",0,16)+10)) | I54: =IF($A54="","",INDEX(決定版!$A$4:$AE$53,計算用!$BE$50,IF(計算用!$BB$50="男",0,16)+11)) | J54: =IF($A54="","",INDEX(決定版!$A$4:$AE$53,計算用!$BE$50,IF(計算用!$BB$50="男",0,16)+12)) | K54: =IF($A54="","",INDEX(決定版!$A$4:$AE$53,計算用!$BE$50,IF(計算用!$BB$50="男",0,16)+13)) | L54: =IF($A54="","",INDEX(決定版!$A$4:$AE$53,計算用!$BE$50,IF(計算用!$BB$50="男",0,16)+14)) | M54: =IF($A54="","",INDEX(決定版!$A$4:$AE$53,計算用!$BE$50,IF(計算用!$BB$50="男",0,16)+15))
A55: =IF(計算用!$BB$51="","",計算用!$BA$51) | B55: =IF($A55="","",INDEX(決定版!$A$4:$AE$53,計算用!$BE$51,IF(計算用!$BB$51="男",0,16)+4)) | C55: =IF($A55="","",INDEX(決定版!$A$4:$AE$53,計算用!$BE$51,IF(計算用!$BB$51="男",0,16)+5)) | D55: =IF($A55="","",INDEX(決定版!$A$4:$AE$53,計算用!$BE$51,IF(計算用!$BB$51="男",0,16)+6)) | E55: =IF($A55="","",INDEX(決定版!$A$4:$AE$53,計算用!$BE$51,IF(計算用!$BB$51="男",0,16)+7)) | F55: =IF($A55="","",INDEX(決定版!$A$4:$AE$53,計算用!$BE$51,IF(計算用!$BB$51="男",0,16)+8)) | G55: =IF($A55="","",INDEX(決定版!$A$4:$AE$53,計算用!$BE$51,IF(計算用!$BB$51="男",0,16)+9)) | H55: =IF($A55="","",INDEX(決定版!$A$4:$AE$53,計算用!$BE$51,IF(計算用!$BB$51="男",0,16)+10)) | I55: =IF($A55="","",INDEX(決定版!$A$4:$AE$53,計算用!$BE$51,IF(計算用!$BB$51="男",0,16)+11)) | J55: =IF($A55="","",INDEX(決定版!$A$4:$AE$53,計算用!$BE$51,IF(計算用!$BB$51="男",0,16)+12)) | K55: =IF($A55="","",INDEX(決定版!$A$4:$AE$53,計算用!$BE$51,IF(計算用!$BB$51="男",0,16)+13)) | L55: =IF($A55="","",INDEX(決定版!$A$4:$AE$53,計算用!$BE$51,IF(計算用!$BB$51="男",0,16)+14)) | M55: =IF($A55="","",INDEX(決定版!$A$4:$AE$53,計算用!$BE$51,IF(計算用!$BB$51="男",0,16)+15))
A56: =IF(計算用!$BB$52="","",計算用!$BA$52) | B56: =IF($A56="","",INDEX(決定版!$A$4:$AE$53,計算用!$BE$52,IF(計算用!$BB$52="男",0,16)+4)) | C56: =IF($A56="","",INDEX(決定版!$A$4:$AE$53,計算用!$BE$52,IF(計算用!$BB$52="男",0,16)+5)) | D56: =IF($A56="","",INDEX(決定版!$A$4:$AE$53,計算用!$BE$52,IF(計算用!$BB$52="男",0,16)+6)) | E56: =IF($A56="","",INDEX(決定版!$A$4:$AE$53,計算用!$BE$52,IF(計算用!$BB$52="男",0,16)+7)) | F56: =IF($A56="","",INDEX(決定版!$A$4:$AE$53,計算用!$BE$52,IF(計算用!$BB$52="男",0,16)+8)) | G56: =IF($A56="","",INDEX(決定版!$A$4:$AE$53,計算用!$BE$52,IF(計算用!$BB$52="男",0,16)+9)) | H56: =IF($A56="","",INDEX(決定版!$A$4:$AE$53,計算用!$BE$52,IF(計算用!$BB$52="男",0,16)+10)) | I56: =IF($A56="","",INDEX(決定版!$A$4:$AE$53,計算用!$BE$52,IF(計算用!$BB$52="男",0,16)+11)) | J56: =IF($A56="","",INDEX(決定版!$A$4:$AE$53,計算用!$BE$52,IF(計算用!$BB$52="男",0,16)+12)) | K56: =IF($A56="","",INDEX(決定版!$A$4:$AE$53,計算用!$BE$52,IF(計算用!$BB$52="男",0,16)+13)) | L56: =IF($A56="","",INDEX(決定版!$A$4:$AE$53,計算用!$BE$52,IF(計算用!$BB$52="男",0,16)+14)) | M56: =IF($A56="","",INDEX(決定版!$A$4:$AE$53,計算用!$BE$52,IF(計算用!$BB$52="男",0,16)+15))
A57: =IF(計算用!$BB$53="","",計算用!$BA$53) | B57: =IF($A57="","",INDEX(決定版!$A$4:$AE$53,計算用!$BE$53,IF(計算用!$BB$53="男",0,16)+4)) | C57: =IF($A57="","",INDEX(決定版!$A$4:$AE$53,計算用!$BE$53,IF(計算用!$BB$53="男",0,16)+5)) | D57: =IF($A57="","",INDEX(決定版!$A$4:$AE$53,計算用!$BE$53,IF(計算用!$BB$53="男",0,16)+6)) | E57: =IF($A57="","",INDEX(決定版!$A$4:$AE$53,計算用!$BE$53,IF(計算用!$BB$53="男",0,16)+7)) | F57: =IF($A57="","",INDEX(決定版!$A$4:$AE$53,計算用!$BE$53,IF(計算用!$BB$53="男",0,16)+8)) | G57: =IF($A57="","",INDEX(決定版!$A$4:$AE$53,計算用!$BE$53,IF(計算用!$BB$53="男",0,16)+9)) | H57: =IF($A57="","",INDEX(決定版!$A$4:$AE$53,計算用!$BE$53,IF(計算用!$BB$53="男",0,16)+10)) | I57: =IF($A57="","",INDEX(決定版!$A$4:$AE$53,計算用!$BE$53,IF(計算用!$BB$53="男",0,16)+11)) | J57: =IF($A57="","",INDEX(決定版!$A$4:$AE$53,計算用!$BE$53,IF(計算用!$BB$53="男",0,16)+12)) | K57: =IF($A57="","",INDEX(決定版!$A$4:$AE$53,計算用!$BE$53,IF(計算用!$BB$53="男",0,16)+13)) | L57: =IF($A57="","",INDEX(決定版!$A$4:$AE$53,計算用!$BE$53,IF(計算用!$BB$53="男",0,16)+14)) | M57: =IF($A57="","",INDEX(決定版!$A$4:$AE$53,計算用!$BE$53,IF(計算用!$BB$53="男",0,16)+15))
A58: =IF(計算用!$BB$54="","",計算用!$BA$54) | B58: =IF($A58="","",INDEX(決定版!$A$4:$AE$53,計算用!$BE$54,IF(計算用!$BB$54="男",0,16)+4)) | C58: =IF($A58="","",INDEX(決定版!$A$4:$AE$53,計算用!$BE$54,IF(計算用!$BB$54="男",0,16)+5)) | D58: =IF($A58="","",INDEX(決定版!$A$4:$AE$53,計算用!$BE$54,IF(計算用!$BB$54="男",0,16)+6)) | E58: =IF($A58="","",INDEX(決定版!$A$4:$AE$53,計算用!$BE$54,IF(計算用!$BB$54="男",0,16)+7)) | F58: =IF($A58="","",INDEX(決定版!$A$4:$AE$53,計算用!$BE$54,IF(計算用!$BB$54="男",0,16)+8)) | G58: =IF($A58="","",INDEX(決定版!$A$4:$AE$53,計算用!$BE$54,IF(計算用!$BB$54="男",0,16)+9)) | H58: =IF($A58="","",INDEX(決定版!$A$4:$AE$53,計算用!$BE$54,IF(計算用!$BB$54="男",0,16)+10)) | I58: =IF($A58="","",INDEX(決定版!$A$4:$AE$53,計算用!$BE$54,IF(計算用!$BB$54="男",0,16)+11)) | J58: =IF($A58="","",INDEX(決定版!$A$4:$AE$53,計算用!$BE$54,IF(計算用!$BB$54="男",0,16)+12)) | K58: =IF($A58="","",INDEX(決定版!$A$4:$AE$53,計算用!$BE$54,IF(計算用!$BB$54="男",0,16)+13)) | L58: =IF($A58="","",INDEX(決定版!$A$4:$AE$53,計算用!$BE$54,IF(計算用!$BB$54="男",0,16)+14)) | M58: =IF($A58="","",INDEX(決定版!$A$4:$AE$53,計算用!$BE$54,IF(計算用!$BB$54="男",0,16)+15))
A59: =IF(計算用!$BB$55="","",計算用!$BA$55) | B59: =IF($A59="","",INDEX(決定版!$A$4:$AE$53,計算用!$BE$55,IF(計算用!$BB$55="男",0,16)+4)) | C59: =IF($A59="","",INDEX(決定版!$A$4:$AE$53,計算用!$BE$55,IF(計算用!$BB$55="男",0,16)+5)) | D59: =IF($A59="","",INDEX(決定版!$A$4:$AE$53,計算用!$BE$55,IF(計算用!$BB$55="男",0,16)+6)) | E59: =IF($A59="","",INDEX(決定版!$A$4:$AE$53,計算用!$BE$55,IF(計算用!$BB$55="男",0,16)+7)) | F59: =IF($A59="","",INDEX(決定版!$A$4:$AE$53,計算用!$BE$55,IF(計算用!$BB$55="男",0,16)+8)) | G59: =IF($A59="","",INDEX(決定版!$A$4:$AE$53,計算用!$BE$55,IF(計算用!$BB$55="男",0,16)+9)) | H59: =IF($A59="","",INDEX(決定版!$A$4:$AE$53,計算用!$BE$55,IF(計算用!$BB$55="男",0,16)+10)) | I59: =IF($A59="","",INDEX(決定版!$A$4:$AE$53,計算用!$BE$55,IF(計算用!$BB$55="男",0,16)+11)) | J59: =IF($A59="","",INDEX(決定版!$A$4:$AE$53,計算用!$BE$55,IF(計算用!$BB$55="男",0,16)+12)) | K59: =IF($A59="","",INDEX(決定版!$A$4:$AE$53,計算用!$BE$55,IF(計算用!$BB$55="男",0,16)+13)) | L59: =IF($A59="","",INDEX(決定版!$A$4:$AE$53,計算用!$BE$55,IF(計算用!$BB$55="男",0,16)+14)) | M59: =IF($A59="","",INDEX(決定版!$A$4:$AE$53,計算用!$BE$55,IF(計算用!$BB$55="男",0,16)+15))
A60: =IF(計算用!$BB$56="","",計算用!$BA$56) | B60: =IF($A60="","",INDEX(決定版!$A$4:$AE$53,計算用!$BE$56,IF(計算用!$BB$56="男",0,16)+4)) | C60: =IF($A60="","",INDEX(決定版!$A$4:$AE$53,計算用!$BE$56,IF(計算用!$BB$56="男",0,16)+5)) | D60: =IF($A60="","",INDEX(決定版!$A$4:$AE$53,計算用!$BE$56,IF(計算用!$BB$56="男",0,16)+6)) | E60: =IF($A60="","",INDEX(決定版!$A$4:$AE$53,計算用!$BE$56,IF(計算用!$BB$56="男",0,16)+7)) | F60: =IF($A60="","",INDEX(決定版!$A$4:$AE$53,計算用!$BE$56,IF(計算用!$BB$56="男",0,16)+8)) | G60: =IF($A60="","",INDEX(決定版!$A$4:$AE$53,計算用!$BE$56,IF(計算用!$BB$56="男",0,16)+9)) | H60: =IF($A60="","",INDEX(決定版!$A$4:$AE$53,計算用!$BE$56,IF(計算用!$BB$56="男",0,16)+10)) | I60: =IF($A60="","",INDEX(決定版!$A$4:$AE$53,計算用!$BE$56,IF(計算用!$BB$56="男",0,16)+11)) | J60: =IF($A60="","",INDEX(決定版!$A$4:$AE$53,計算用!$BE$56,IF(計算用!$BB$56="男",0,16)+12)) | K60: =IF($A60="","",INDEX(決定版!$A$4:$AE$53,計算用!$BE$56,IF(計算用!$BB$56="男",0,16)+13)) | L60: =IF($A60="","",INDEX(決定版!$A$4:$AE$53,計算用!$BE$56,IF(計算用!$BB$56="男",0,16)+14)) | M60: =IF($A60="","",INDEX(決定版!$A$4:$AE$53,計算用!$BE$56,IF(計算用!$BB$56="男",0,16)+15))
A61: =IF(計算用!$BB$57="","",計算用!$BA$57) | B61: =IF($A61="","",INDEX(決定版!$A$4:$AE$53,計算用!$BE$57,IF(計算用!$BB$57="男",0,16)+4)) | C61: =IF($A61="","",INDEX(決定版!$A$4:$AE$53,計算用!$BE$57,IF(計算用!$BB$57="男",0,16)+5)) | D61: =IF($A61="","",INDEX(決定版!$A$4:$AE$53,計算用!$BE$57,IF(計算用!$BB$57="男",0,16)+6)) | E61: =IF($A61="","",INDEX(決定版!$A$4:$AE$53,計算用!$BE$57,IF(計算用!$BB$57="男",0,16)+7)) | F61: =IF($A61="","",INDEX(決定版!$A$4:$AE$53,計算用!$BE$57,IF(計算用!$BB$57="男",0,16)+8)) | G61: =IF($A61="","",INDEX(決定版!$A$4:$AE$53,計算用!$BE$57,IF(計算用!$BB$57="男",0,16)+9)) | H61: =IF($A61="","",INDEX(決定版!$A$4:$AE$53,計算用!$BE$57,IF(計算用!$BB$57="男",0,16)+10)) | I61: =IF($A61="","",INDEX(決定版!$A$4:$AE$53,計算用!$BE$57,IF(計算用!$BB$57="男",0,16)+11)) | J61: =IF($A61="","",INDEX(決定版!$A$4:$AE$53,計算用!$BE$57,IF(計算用!$BB$57="男",0,16)+12)) | K61: =IF($A61="","",INDEX(決定版!$A$4:$AE$53,計算用!$BE$57,IF(計算用!$BB$57="男",0,16)+13)) | L61: =IF($A61="","",INDEX(決定版!$A$4:$AE$53,計算用!$BE$57,IF(計算用!$BB$57="男",0,16)+14)) | M61: =IF($A61="","",INDEX(決定版!$A$4:$AE$53,計算用!$BE$57,IF(計算用!$BB$57="男",0,16)+15))
A62: =IF(計算用!$BB$58="","",計算用!$BA$58) | B62: =IF($A62="","",INDEX(決定版!$A$4:$AE$53,計算用!$BE$58,IF(計算用!$BB$58="男",0,16)+4)) | C62: =IF($A62="","",INDEX(決定版!$A$4:$AE$53,計算用!$BE$58,IF(計算用!$BB$58="男",0,16)+5)) | D62: =IF($A62="","",INDEX(決定版!$A$4:$AE$53,計算用!$BE$58,IF(計算用!$BB$58="男",0,16)+6)) | E62: =IF($A62="","",INDEX(決定版!$A$4:$AE$53,計算用!$BE$58,IF(計算用!$BB$58="男",0,16)+7)) | F62: =IF($A62="","",INDEX(決定版!$A$4:$AE$53,計算用!$BE$58,IF(計算用!$BB$58="男",0,16)+8)) | G62: =IF($A62="","",INDEX(決定版!$A$4:$AE$53,計算用!$BE$58,IF(計算用!$BB$58="男",0,16)+9)) | H62: =IF($A62="","",INDEX(決定版!$A$4:$AE$53,計算用!$BE$58,IF(計算用!$BB$58="男",0,16)+10)) | I62: =IF($A62="","",INDEX(決定版!$A$4:$AE$53,計算用!$BE$58,IF(計算用!$BB$58="男",0,16)+11)) | J62: =IF($A62="","",INDEX(決定版!$A$4:$AE$53,計算用!$BE$58,IF(計算用!$BB$58="男",0,16)+12)) | K62: =IF($A62="","",INDEX(決定版!$A$4:$AE$53,計算用!$BE$58,IF(計算用!$BB$58="男",0,16)+13)) | L62: =IF($A62="","",INDEX(決定版!$A$4:$AE$53,計算用!$BE$58,IF(計算用!$BB$58="男",0,16)+14)) | M62: =IF($A62="","",INDEX(決定版!$A$4:$AE$53,計算用!$BE$58,IF(計算用!$BB$58="男",0,16)+15))
A63: =IF(計算用!$BB$59="","",計算用!$BA$59) | B63: =IF($A63="","",INDEX(決定版!$A$4:$AE$53,計算用!$BE$59,IF(計算用!$BB$59="男",0,16)+4)) | C63: =IF($A63="","",INDEX(決定版!$A$4:$AE$53,計算用!$BE$59,IF(計算用!$BB$59="男",0,16)+5)) | D63: =IF($A63="","",INDEX(決定版!$A$4:$AE$53,計算用!$BE$59,IF(計算用!$BB$59="男",0,16)+6)) | E63: =IF($A63="","",INDEX(決定版!$A$4:$AE$53,計算用!$BE$59,IF(計算用!$BB$59="男",0,16)+7)) | F63: =IF($A63="","",INDEX(決定版!$A$4:$AE$53,計算用!$BE$59,IF(計算用!$BB$59="男",0,16)+8)) | G63: =IF($A63="","",INDEX(決定版!$A$4:$AE$53,計算用!$BE$59,IF(計算用!$BB$59="男",0,16)+9)) | H63: =IF($A63="","",INDEX(決定版!$A$4:$AE$53,計算用!$BE$59,IF(計算用!$BB$59="男",0,16)+10)) | I63: =IF($A63="","",INDEX(決定版!$A$4:$AE$53,計算用!$BE$59,IF(計算用!$BB$59="男",0,16)+11)) | J63: =IF($A63="","",INDEX(決定版!$A$4:$AE$53,計算用!$BE$59,IF(計算用!$BB$59="男",0,16)+12)) | K63: =IF($A63="","",INDEX(決定版!$A$4:$AE$53,計算用!$BE$59,IF(計算用!$BB$59="男",0,16)+13)) | L63: =IF($A63="","",INDEX(決定版!$A$4:$AE$53,計算用!$BE$59,IF(計算用!$BB$59="男",0,16)+14)) | M63: =IF($A63="","",INDEX(決定版!$A$4:$AE$53,計算用!$BE$59,IF(計算用!$BB$59="男",0,16)+15))
A64: =IF(計算用!$BB$60="","",計算用!$BA$60) | B64: =IF($A64="","",INDEX(決定版!$A$4:$AE$53,計算用!$BE$60,IF(計算用!$BB$60="男",0,16)+4)) | C64: =IF($A64="","",INDEX(決定版!$A$4:$AE$53,計算用!$BE$60,IF(計算用!$BB$60="男",0,16)+5)) | D64: =IF($A64="","",INDEX(決定版!$A$4:$AE$53,計算用!$BE$60,IF(計算用!$BB$60="男",0,16)+6)) | E64: =IF($A64="","",INDEX(決定版!$A$4:$AE$53,計算用!$BE$60,IF(計算用!$BB$60="男",0,16)+7)) | F64: =IF($A64="","",INDEX(決定版!$A$4:$AE$53,計算用!$BE$60,IF(計算用!$BB$60="男",0,16)+8)) | G64: =IF($A64="","",INDEX(決定版!$A$4:$AE$53,計算用!$BE$60,IF(計算用!$BB$60="男",0,16)+9)) | H64: =IF($A64="","",INDEX(決定版!$A$4:$AE$53,計算用!$BE$60,IF(計算用!$BB$60="男",0,16)+10)) | I64: =IF($A64="","",INDEX(決定版!$A$4:$AE$53,計算用!$BE$60,IF(計算用!$BB$60="男",0,16)+11)) | J64: =IF($A64="","",INDEX(決定版!$A$4:$AE$53,計算用!$BE$60,IF(計算用!$BB$60="男",0,16)+12)) | K64: =IF($A64="","",INDEX(決定版!$A$4:$AE$53,計算用!$BE$60,IF(計算用!$BB$60="男",0,16)+13)) | L64: =IF($A64="","",INDEX(決定版!$A$4:$AE$53,計算用!$BE$60,IF(計算用!$BB$60="男",0,16)+14)) | M64: =IF($A64="","",INDEX(決定版!$A$4:$AE$53,計算用!$BE$60,IF(計算用!$BB$60="男",0,16)+15))
A65: =IF(計算用!$BB$61="","",計算用!$BA$61) | B65: =IF($A65="","",INDEX(決定版!$A$4:$AE$53,計算用!$BE$61,IF(計算用!$BB$61="男",0,16)+4)) | C65: =IF($A65="","",INDEX(決定版!$A$4:$AE$53,計算用!$BE$61,IF(計算用!$BB$61="男",0,16)+5)) | D65: =IF($A65="","",INDEX(決定版!$A$4:$AE$53,計算用!$BE$61,IF(計算用!$BB$61="男",0,16)+6)) | E65: =IF($A65="","",INDEX(決定版!$A$4:$AE$53,計算用!$BE$61,IF(計算用!$BB$61="男",0,16)+7)) | F65: =IF($A65="","",INDEX(決定版!$A$4:$AE$53,計算用!$BE$61,IF(計算用!$BB$61="男",0,16)+8)) | G65: =IF($A65="","",INDEX(決定版!$A$4:$AE$53,計算用!$BE$61,IF(計算用!$BB$61="男",0,16)+9)) | H65: =IF($A65="","",INDEX(決定版!$A$4:$AE$53,計算用!$BE$61,IF(計算用!$BB$61="男",0,16)+10)) | I65: =IF($A65="","",INDEX(決定版!$A$4:$AE$53,計算用!$BE$61,IF(計算用!$BB$61="男",0,16)+11)) | J65: =IF($A65="","",INDEX(決定版!$A$4:$AE$53,計算用!$BE$61,IF(計算用!$BB$61="男",0,16)+12)) | K65: =IF($A65="","",INDEX(決定版!$A$4:$AE$53,計算用!$BE$61,IF(計算用!$BB$61="男",0,16)+13)) | L65: =IF($A65="","",INDEX(決定版!$A$4:$AE$53,計算用!$BE$61,IF(計算用!$BB$61="男",0,16)+14)) | M65: =IF($A65="","",INDEX(決定版!$A$4:$AE$53,計算用!$BE$61,IF(計算用!$BB$61="男",0,16)+15))
A66: =IF(計算用!$BB$62="","",計算用!$BA$62) | B66: =IF($A66="","",INDEX(決定版!$A$4:$AE$53,計算用!$BE$62,IF(計算用!$BB$62="男",0,16)+4)) | C66: =IF($A66="","",INDEX(決定版!$A$4:$AE$53,計算用!$BE$62,IF(計算用!$BB$62="男",0,16)+5)) | D66: =IF($A66="","",INDEX(決定版!$A$4:$AE$53,計算用!$BE$62,IF(計算用!$BB$62="男",0,16)+6)) | E66: =IF($A66="","",INDEX(決定版!$A$4:$AE$53,計算用!$BE$62,IF(計算用!$BB$62="男",0,16)+7)) | F66: =IF($A66="","",INDEX(決定版!$A$4:$AE$53,計算用!$BE$62,IF(計算用!$BB$62="男",0,16)+8)) | G66: =IF($A66="","",INDEX(決定版!$A$4:$AE$53,計算用!$BE$62,IF(計算用!$BB$62="男",0,16)+9)) | H66: =IF($A66="","",INDEX(決定版!$A$4:$AE$53,計算用!$BE$62,IF(計算用!$BB$62="男",0,16)+10)) | I66: =IF($A66="","",INDEX(決定版!$A$4:$AE$53,計算用!$BE$62,IF(計算用!$BB$62="男",0,16)+11)) | J66: =IF($A66="","",INDEX(決定版!$A$4:$AE$53,計算用!$BE$62,IF(計算用!$BB$62="男",0,16)+12)) | K66: =IF($A66="","",INDEX(決定版!$A$4:$AE$53,計算用!$BE$62,IF(計算用!$BB$62="男",0,16)+13)) | L66: =IF($A66="","",INDEX(決定版!$A$4:$AE$53,計算用!$BE$62,IF(計算用!$BB$62="男",0,16)+14)) | M66: =IF($A66="","",INDEX(決定版!$A$4:$AE$53,計算用!$BE$62,IF(計算用!$BB$62="男",0,16)+15))
A67: =IF(計算用!$BB$63="","",計算用!$BA$63) | B67: =IF($A67="","",INDEX(決定版!$A$4:$AE$53,計算用!$BE$63,IF(計算用!$BB$63="男",0,16)+4)) | C67: =IF($A67="","",INDEX(決定版!$A$4:$AE$53,計算用!$BE$63,IF(計算用!$BB$63="男",0,16)+5)) | D67: =IF($A67="","",INDEX(決定版!$A$4:$AE$53,計算用!$BE$63,IF(計算用!$BB$63="男",0,16)+6)) | E67: =IF($A67="","",INDEX(決定版!$A$4:$AE$53,計算用!$BE$63,IF(計算用!$BB$63="男",0,16)+7)) | F67: =IF($A67="","",INDEX(決定版!$A$4:$AE$53,計算用!$BE$63,IF(計算用!$BB$63="男",0,16)+8)) | G67: =IF($A67="","",INDEX(決定版!$A$4:$AE$53,計算用!$BE$63,IF(計算用!$BB$63="男",0,16)+9)) | H67: =IF($A67="","",INDEX(決定版!$A$4:$AE$53,計算用!$BE$63,IF(計算用!$BB$63="男",0,16)+10)) | I67: =IF($A67="","",INDEX(決定版!$A$4:$AE$53,計算用!$BE$63,IF(計算用!$BB$63="男",0,16)+11)) | J67: =IF($A67="","",INDEX(決定版!$A$4:$AE$53,計算用!$BE$63,IF(計算用!$BB$63="男",0,16)+12)) | K67: =IF($A67="","",INDEX(決定版!$A$4:$AE$53,計算用!$BE$63,IF(計算用!$BB$63="男",0,16)+13)) | L67: =IF($A67="","",INDEX(決定版!$A$4:$AE$53,計算用!$BE$63,IF(計算用!$BB$63="男",0,16)+14)) | M67: =IF($A67="","",INDEX(決定版!$A$4:$AE$53,計算用!$BE$63,IF(計算用!$BB$63="男",0,16)+15))
A68: =IF(計算用!$BB$64="","",計算用!$BA$64) | B68: =IF($A68="","",INDEX(決定版!$A$4:$AE$53,計算用!$BE$64,IF(計算用!$BB$64="男",0,16)+4)) | C68: =IF($A68="","",INDEX(決定版!$A$4:$AE$53,計算用!$BE$64,IF(計算用!$BB$64="男",0,16)+5)) | D68: =IF($A68="","",INDEX(決定版!$A$4:$AE$53,計算用!$BE$64,IF(計算用!$BB$64="男",0,16)+6)) | E68: =IF($A68="","",INDEX(決定版!$A$4:$AE$53,計算用!$BE$64,IF(計算用!$BB$64="男",0,16)+7)) | F68: =IF($A68="","",INDEX(決定版!$A$4:$AE$53,計算用!$BE$64,IF(計算用!$BB$64="男",0,16)+8)) | G68: =IF($A68="","",INDEX(決定版!$A$4:$AE$53,計算用!$BE$64,IF(計算用!$BB$64="男",0,16)+9)) | H68: =IF($A68="","",INDEX(決定版!$A$4:$AE$53,計算用!$BE$64,IF(計算用!$BB$64="男",0,16)+10)) | I68: =IF($A68="","",INDEX(決定版!$A$4:$AE$53,計算用!$BE$64,IF(計算用!$BB$64="男",0,16)+11)) | J68: =IF($A68="","",INDEX(決定版!$A$4:$AE$53,計算用!$BE$64,IF(計算用!$BB$64="男",0,16)+12)) | K68: =IF($A68="","",INDEX(決定版!$A$4:$AE$53,計算用!$BE$64,IF(計算用!$BB$64="男",0,16)+13)) | L68: =IF($A68="","",INDEX(決定版!$A$4:$AE$53,計算用!$BE$64,IF(計算用!$BB$64="男",0,16)+14)) | M68: =IF($A68="","",INDEX(決定版!$A$4:$AE$53,計算用!$BE$64,IF(計算用!$BB$64="男",0,16)+15))
A69: =IF(計算用!$BB$65="","",計算用!$BA$65) | B69: =IF($A69="","",INDEX(決定版!$A$4:$AE$53,計算用!$BE$65,IF(計算用!$BB$65="男",0,16)+4)) | C69: =IF($A69="","",INDEX(決定版!$A$4:$AE$53,計算用!$BE$65,IF(計算用!$BB$65="男",0,16)+5)) | D69: =IF($A69="","",INDEX(決定版!$A$4:$AE$53,計算用!$BE$65,IF(計算用!$BB$65="男",0,16)+6)) | E69: =IF($A69="","",INDEX(決定版!$A$4:$AE$53,計算用!$BE$65,IF(計算用!$BB$65="男",0,16)+7)) | F69: =IF($A69="","",INDEX(決定版!$A$4:$AE$53,計算用!$BE$65,IF(計算用!$BB$65="男",0,16)+8)) | G69: =IF($A69="","",INDEX(決定版!$A$4:$AE$53,計算用!$BE$65,IF(計算用!$BB$65="男",0,16)+9)) | H69: =IF($A69="","",INDEX(決定版!$A$4:$AE$53,計算用!$BE$65,IF(計算用!$BB$65="男",0,16)+10)) | I69: =IF($A69="","",INDEX(決定版!$A$4:$AE$53,計算用!$BE$65,IF(計算用!$BB$65="男",0,16)+11)) | J69: =IF($A69="","",INDEX(決定版!$A$4:$AE$53,計算用!$BE$65,IF(計算用!$BB$65="男",0,16)+12)) | K69: =IF($A69="","",INDEX(決定版!$A$4:$AE$53,計算用!$BE$65,IF(計算用!$BB$65="男",0,16)+13)) | L69: =IF($A69="","",INDEX(決定版!$A$4:$AE$53,計算用!$BE$65,IF(計算用!$BB$65="男",0,16)+14)) | M69: =IF($A69="","",INDEX(決定版!$A$4:$AE$53,計算用!$BE$65,IF(計算用!$BB$65="男",0,16)+15))
A70: =IF(計算用!$BB$66="","",計算用!$BA$66) | B70: =IF($A70="","",INDEX(決定版!$A$4:$AE$53,計算用!$BE$66,IF(計算用!$BB$66="男",0,16)+4)) | C70: =IF($A70="","",INDEX(決定版!$A$4:$AE$53,計算用!$BE$66,IF(計算用!$BB$66="男",0,16)+5)) | D70: =IF($A70="","",INDEX(決定版!$A$4:$AE$53,計算用!$BE$66,IF(計算用!$BB$66="男",0,16)+6)) | E70: =IF($A70="","",INDEX(決定版!$A$4:$AE$53,計算用!$BE$66,IF(計算用!$BB$66="男",0,16)+7)) | F70: =IF($A70="","",INDEX(決定版!$A$4:$AE$53,計算用!$BE$66,IF(計算用!$BB$66="男",0,16)+8)) | G70: =IF($A70="","",INDEX(決定版!$A$4:$AE$53,計算用!$BE$66,IF(計算用!$BB$66="男",0,16)+9)) | H70: =IF($A70="","",INDEX(決定版!$A$4:$AE$53,計算用!$BE$66,IF(計算用!$BB$66="男",0,16)+10)) | I70: =IF($A70="","",INDEX(決定版!$A$4:$AE$53,計算用!$BE$66,IF(計算用!$BB$66="男",0,16)+11)) | J70: =IF($A70="","",INDEX(決定版!$A$4:$AE$53,計算用!$BE$66,IF(計算用!$BB$66="男",0,16)+12)) | K70: =IF($A70="","",INDEX(決定版!$A$4:$AE$53,計算用!$BE$66,IF(計算用!$BB$66="男",0,16)+13)) | L70: =IF($A70="","",INDEX(決定版!$A$4:$AE$53,計算用!$BE$66,IF(計算用!$BB$66="男",0,16)+14)) | M70: =IF($A70="","",INDEX(決定版!$A$4:$AE$53,計算用!$BE$66,IF(計算用!$BB$66="男",0,16)+15))
A71: =IF(計算用!$BB$67="","",計算用!$BA$67) | B71: =IF($A71="","",INDEX(決定版!$A$4:$AE$53,計算用!$BE$67,IF(計算用!$BB$67="男",0,16)+4)) | C71: =IF($A71="","",INDEX(決定版!$A$4:$AE$53,計算用!$BE$67,IF(計算用!$BB$67="男",0,16)+5)) | D71: =IF($A71="","",INDEX(決定版!$A$4:$AE$53,計算用!$BE$67,IF(計算用!$BB$67="男",0,16)+6)) | E71: =IF($A71="","",INDEX(決定版!$A$4:$AE$53,計算用!$BE$67,IF(計算用!$BB$67="男",0,16)+7)) | F71: =IF($A71="","",INDEX(決定版!$A$4:$AE$53,計算用!$BE$67,IF(計算用!$BB$67="男",0,16)+8)) | G71: =IF($A71="","",INDEX(決定版!$A$4:$AE$53,計算用!$BE$67,IF(計算用!$BB$67="男",0,16)+9)) | H71: =IF($A71="","",INDEX(決定版!$A$4:$AE$53,計算用!$BE$67,IF(計算用!$BB$67="男",0,16)+10)) | I71: =IF($A71="","",INDEX(決定版!$A$4:$AE$53,計算用!$BE$67,IF(計算用!$BB$67="男",0,16)+11)) | J71: =IF($A71="","",INDEX(決定版!$A$4:$AE$53,計算用!$BE$67,IF(計算用!$BB$67="男",0,16)+12)) | K71: =IF($A71="","",INDEX(決定版!$A$4:$AE$53,計算用!$BE$67,IF(計算用!$BB$67="男",0,16)+13)) | L71: =IF($A71="","",INDEX(決定版!$A$4:$AE$53,計算用!$BE$67,IF(計算用!$BB$67="男",0,16)+14)) | M71: =IF($A71="","",INDEX(決定版!$A$4:$AE$53,計算用!$BE$67,IF(計算用!$BB$67="男",0,16)+15))
A72: =IF(計算用!$BB$68="","",計算用!$BA$68) | B72: =IF($A72="","",INDEX(決定版!$A$4:$AE$53,計算用!$BE$68,IF(計算用!$BB$68="男",0,16)+4)) | C72: =IF($A72="","",INDEX(決定版!$A$4:$AE$53,計算用!$BE$68,IF(計算用!$BB$68="男",0,16)+5)) | D72: =IF($A72="","",INDEX(決定版!$A$4:$AE$53,計算用!$BE$68,IF(計算用!$BB$68="男",0,16)+6)) | E72: =IF($A72="","",INDEX(決定版!$A$4:$AE$53,計算用!$BE$68,IF(計算用!$BB$68="男",0,16)+7)) | F72: =IF($A72="","",INDEX(決定版!$A$4:$AE$53,計算用!$BE$68,IF(計算用!$BB$68="男",0,16)+8)) | G72: =IF($A72="","",INDEX(決定版!$A$4:$AE$53,計算用!$BE$68,IF(計算用!$BB$68="男",0,16)+9)) | H72: =IF($A72="","",INDEX(決定版!$A$4:$AE$53,計算用!$BE$68,IF(計算用!$BB$68="男",0,16)+10)) | I72: =IF($A72="","",INDEX(決定版!$A$4:$AE$53,計算用!$BE$68,IF(計算用!$BB$68="男",0,16)+11)) | J72: =IF($A72="","",INDEX(決定版!$A$4:$AE$53,計算用!$BE$68,IF(計算用!$BB$68="男",0,16)+12)) | K72: =IF($A72="","",INDEX(決定版!$A$4:$AE$53,計算用!$BE$68,IF(計算用!$BB$68="男",0,16)+13)) | L72: =IF($A72="","",INDEX(決定版!$A$4:$AE$53,計算用!$BE$68,IF(計算用!$BB$68="男",0,16)+14)) | M72: =IF($A72="","",INDEX(決定版!$A$4:$AE$53,計算用!$BE$68,IF(計算用!$BB$68="男",0,16)+15))
A73: =IF(計算用!$BB$69="","",計算用!$BA$69) | B73: =IF($A73="","",INDEX(決定版!$A$4:$AE$53,計算用!$BE$69,IF(計算用!$BB$69="男",0,16)+4)) | C73: =IF($A73="","",INDEX(決定版!$A$4:$AE$53,計算用!$BE$69,IF(計算用!$BB$69="男",0,16)+5)) | D73: =IF($A73="","",INDEX(決定版!$A$4:$AE$53,計算用!$BE$69,IF(計算用!$BB$69="男",0,16)+6)) | E73: =IF($A73="","",INDEX(決定版!$A$4:$AE$53,計算用!$BE$69,IF(計算用!$BB$69="男",0,16)+7)) | F73: =IF($A73="","",INDEX(決定版!$A$4:$AE$53,計算用!$BE$69,IF(計算用!$BB$69="男",0,16)+8)) | G73: =IF($A73="","",INDEX(決定版!$A$4:$AE$53,計算用!$BE$69,IF(計算用!$BB$69="男",0,16)+9)) | H73: =IF($A73="","",INDEX(決定版!$A$4:$AE$53,計算用!$BE$69,IF(計算用!$BB$69="男",0,16)+10)) | I73: =IF($A73="","",INDEX(決定版!$A$4:$AE$53,計算用!$BE$69,IF(計算用!$BB$69="男",0,16)+11)) | J73: =IF($A73="","",INDEX(決定版!$A$4:$AE$53,計算用!$BE$69,IF(計算用!$BB$69="男",0,16)+12)) | K73: =IF($A73="","",INDEX(決定版!$A$4:$AE$53,計算用!$BE$69,IF(計算用!$BB$69="男",0,16)+13)) | L73: =IF($A73="","",INDEX(決定版!$A$4:$AE$53,計算用!$BE$69,IF(計算用!$BB$69="男",0,16)+14)) | M73: =IF($A73="","",INDEX(決定版!$A$4:$AE$53,計算用!$BE$69,IF(計算用!$BB$69="男",0,16)+15))
A74: =IF(計算用!$BB$70="","",計算用!$BA$70) | B74: =IF($A74="","",INDEX(決定版!$A$4:$AE$53,計算用!$BE$70,IF(計算用!$BB$70="男",0,16)+4)) | C74: =IF($A74="","",INDEX(決定版!$A$4:$AE$53,計算用!$BE$70,IF(計算用!$BB$70="男",0,16)+5)) | D74: =IF($A74="","",INDEX(決定版!$A$4:$AE$53,計算用!$BE$70,IF(計算用!$BB$70="男",0,16)+6)) | E74: =IF($A74="","",INDEX(決定版!$A$4:$AE$53,計算用!$BE$70,IF(計算用!$BB$70="男",0,16)+7)) | F74: =IF($A74="","",INDEX(決定版!$A$4:$AE$53,計算用!$BE$70,IF(計算用!$BB$70="男",0,16)+8)) | G74: =IF($A74="","",INDEX(決定版!$A$4:$AE$53,計算用!$BE$70,IF(計算用!$BB$70="男",0,16)+9)) | H74: =IF($A74="","",INDEX(決定版!$A$4:$AE$53,計算用!$BE$70,IF(計算用!$BB$70="男",0,16)+10)) | I74: =IF($A74="","",INDEX(決定版!$A$4:$AE$53,計算用!$BE$70,IF(計算用!$BB$70="男",0,16)+11)) | J74: =IF($A74="","",INDEX(決定版!$A$4:$AE$53,計算用!$BE$70,IF(計算用!$BB$70="男",0,16)+12)) | K74: =IF($A74="","",INDEX(決定版!$A$4:$AE$53,計算用!$BE$70,IF(計算用!$BB$70="男",0,16)+13)) | L74: =IF($A74="","",INDEX(決定版!$A$4:$AE$53,計算用!$BE$70,IF(計算用!$BB$70="男",0,16)+14)) | M74: =IF($A74="","",INDEX(決定版!$A$4:$AE$53,計算用!$BE$70,IF(計算用!$BB$70="男",0,16)+15))
A75: =IF(計算用!$BB$71="","",計算用!$BA$71) | B75: =IF($A75="","",INDEX(決定版!$A$4:$AE$53,計算用!$BE$71,IF(計算用!$BB$71="男",0,16)+4)) | C75: =IF($A75="","",INDEX(決定版!$A$4:$AE$53,計算用!$BE$71,IF(計算用!$BB$71="男",0,16)+5)) | D75: =IF($A75="","",INDEX(決定版!$A$4:$AE$53,計算用!$BE$71,IF(計算用!$BB$71="男",0,16)+6)) | E75: =IF($A75="","",INDEX(決定版!$A$4:$AE$53,計算用!$BE$71,IF(計算用!$BB$71="男",0,16)+7)) | F75: =IF($A75="","",INDEX(決定版!$A$4:$AE$53,計算用!$BE$71,IF(計算用!$BB$71="男",0,16)+8)) | G75: =IF($A75="","",INDEX(決定版!$A$4:$AE$53,計算用!$BE$71,IF(計算用!$BB$71="男",0,16)+9)) | H75: =IF($A75="","",INDEX(決定版!$A$4:$AE$53,計算用!$BE$71,IF(計算用!$BB$71="男",0,16)+10)) | I75: =IF($A75="","",INDEX(決定版!$A$4:$AE$53,計算用!$BE$71,IF(計算用!$BB$71="男",0,16)+11)) | J75: =IF($A75="","",INDEX(決定版!$A$4:$AE$53,計算用!$BE$71,IF(計算用!$BB$71="男",0,16)+12)) | K75: =IF($A75="","",INDEX(決定版!$A$4:$AE$53,計算用!$BE$71,IF(計算用!$BB$71="男",0,16)+13)) | L75: =IF($A75="","",INDEX(決定版!$A$4:$AE$53,計算用!$BE$71,IF(計算用!$BB$71="男",0,16)+14)) | M75: =IF($A75="","",INDEX(決定版!$A$4:$AE$53,計算用!$BE$71,IF(計算用!$BB$71="男",0,16)+15))
A76: =IF(計算用!$BB$72="","",計算用!$BA$72) | B76: =IF($A76="","",INDEX(決定版!$A$4:$AE$53,計算用!$BE$72,IF(計算用!$BB$72="男",0,16)+4)) | C76: =IF($A76="","",INDEX(決定版!$A$4:$AE$53,計算用!$BE$72,IF(計算用!$BB$72="男",0,16)+5)) | D76: =IF($A76="","",INDEX(決定版!$A$4:$AE$53,計算用!$BE$72,IF(計算用!$BB$72="男",0,16)+6)) | E76: =IF($A76="","",INDEX(決定版!$A$4:$AE$53,計算用!$BE$72,IF(計算用!$BB$72="男",0,16)+7)) | F76: =IF($A76="","",INDEX(決定版!$A$4:$AE$53,計算用!$BE$72,IF(計算用!$BB$72="男",0,16)+8)) | G76: =IF($A76="","",INDEX(決定版!$A$4:$AE$53,計算用!$BE$72,IF(計算用!$BB$72="男",0,16)+9)) | H76: =IF($A76="","",INDEX(決定版!$A$4:$AE$53,計算用!$BE$72,IF(計算用!$BB$72="男",0,16)+10)) | I76: =IF($A76="","",INDEX(決定版!$A$4:$AE$53,計算用!$BE$72,IF(計算用!$BB$72="男",0,16)+11)) | J76: =IF($A76="","",INDEX(決定版!$A$4:$AE$53,計算用!$BE$72,IF(計算用!$BB$72="男",0,16)+12)) | K76: =IF($A76="","",INDEX(決定版!$A$4:$AE$53,計算用!$BE$72,IF(計算用!$BB$72="男",0,16)+13)) | L76: =IF($A76="","",INDEX(決定版!$A$4:$AE$53,計算用!$BE$72,IF(計算用!$BB$72="男",0,16)+14)) | M76: =IF($A76="","",INDEX(決定版!$A$4:$AE$53,計算用!$BE$72,IF(計算用!$BB$72="男",0,16)+15))
A77: =IF(計算用!$BB$73="","",計算用!$BA$73) | B77: =IF($A77="","",INDEX(決定版!$A$4:$AE$53,計算用!$BE$73,IF(計算用!$BB$73="男",0,16)+4)) | C77: =IF($A77="","",INDEX(決定版!$A$4:$AE$53,計算用!$BE$73,IF(計算用!$BB$73="男",0,16)+5)) | D77: =IF($A77="","",INDEX(決定版!$A$4:$AE$53,計算用!$BE$73,IF(計算用!$BB$73="男",0,16)+6)) | E77: =IF($A77="","",INDEX(決定版!$A$4:$AE$53,計算用!$BE$73,IF(計算用!$BB$73="男",0,16)+7)) | F77: =IF($A77="","",INDEX(決定版!$A$4:$AE$53,計算用!$BE$73,IF(計算用!$BB$73="男",0,16)+8)) | G77: =IF($A77="","",INDEX(決定版!$A$4:$AE$53,計算用!$BE$73,IF(計算用!$BB$73="男",0,16)+9)) | H77: =IF($A77="","",INDEX(決定版!$A$4:$AE$53,計算用!$BE$73,IF(計算用!$BB$73="男",0,16)+10)) | I77: =IF($A77="","",INDEX(決定版!$A$4:$AE$53,計算用!$BE$73,IF(計算用!$BB$73="男",0,16)+11)) | J77: =IF($A77="","",INDEX(決定版!$A$4:$AE$53,計算用!$BE$73,IF(計算用!$BB$73="男",0,16)+12)) | K77: =IF($A77="","",INDEX(決定版!$A$4:$AE$53,計算用!$BE$73,IF(計算用!$BB$73="男",0,16)+13)) | L77: =IF($A77="","",INDEX(決定版!$A$4:$AE$53,計算用!$BE$73,IF(計算用!$BB$73="男",0,16)+14)) | M77: =IF($A77="","",INDEX(決定版!$A$4:$AE$53,計算用!$BE$73,IF(計算用!$BB$73="男",0,16)+15))
A78: =IF(計算用!$BB$74="","",計算用!$BA$74) | B78: =IF($A78="","",INDEX(決定版!$A$4:$AE$53,計算用!$BE$74,IF(計算用!$BB$74="男",0,16)+4)) | C78: =IF($A78="","",INDEX(決定版!$A$4:$AE$53,計算用!$BE$74,IF(計算用!$BB$74="男",0,16)+5)) | D78: =IF($A78="","",INDEX(決定版!$A$4:$AE$53,計算用!$BE$74,IF(計算用!$BB$74="男",0,16)+6)) | E78: =IF($A78="","",INDEX(決定版!$A$4:$AE$53,計算用!$BE$74,IF(計算用!$BB$74="男",0,16)+7)) | F78: =IF($A78="","",INDEX(決定版!$A$4:$AE$53,計算用!$BE$74,IF(計算用!$BB$74="男",0,16)+8)) | G78: =IF($A78="","",INDEX(決定版!$A$4:$AE$53,計算用!$BE$74,IF(計算用!$BB$74="男",0,16)+9)) | H78: =IF($A78="","",INDEX(決定版!$A$4:$AE$53,計算用!$BE$74,IF(計算用!$BB$74="男",0,16)+10)) | I78: =IF($A78="","",INDEX(決定版!$A$4:$AE$53,計算用!$BE$74,IF(計算用!$BB$74="男",0,16)+11)) | J78: =IF($A78="","",INDEX(決定版!$A$4:$AE$53,計算用!$BE$74,IF(計算用!$BB$74="男",0,16)+12)) | K78: =IF($A78="","",INDEX(決定版!$A$4:$AE$53,計算用!$BE$74,IF(計算用!$BB$74="男",0,16)+13)) | L78: =IF($A78="","",INDEX(決定版!$A$4:$AE$53,計算用!$BE$74,IF(計算用!$BB$74="男",0,16)+14)) | M78: =IF($A78="","",INDEX(決定版!$A$4:$AE$53,計算用!$BE$74,IF(計算用!$BB$74="男",0,16)+15))
