Workbook

Sheet ①データ入力
B1: 1組の人数 男子 | C1: 4 | D1: 女子 | E1: 5 | I1: 名簿から名前をコピペして使ってください。３年生以上は性別欄を記入しないと動きません。タイムまで入力したら②のシートへ
A2: No. | B2: 1組 名前 | C2: 性別 (1=男子 2=女子) | D2: タイム (1/100秒) | E2: 赤or白 | G2: 2組 名前 | H2: 性別 (1=男子 2=女子) | I2: タイム (1/100秒) | J2: 赤or白 | L2: 3組 名前 | M2: 性別 (1=男子 2=女子) | N2: タイム (1/100秒) | O2: 赤or白 | Q2: 4組 名前 | R2: 性別 (1=男子 2=女子) | S2: タイム (1/100秒) | T2: 赤or白 | V2: 5組 名前 | W2: 性別 (1=男子 2=女子) | X2: タイム (1/100秒) | Y2: 赤or白
A3: 1 | B3: 近藤 りく | C3: 1 | D3: 8.89 | E3: 赤 | G3: 木村 ひまり | H3: 2 | I3: 9.58 | J3: 赤 | L3: 鈴木 たいが | M3: 1 | N3: 10.43 | O3: 赤 | Q3: 山口 しょう | R3: 1 | S3: 9.57 | T3: 赤
A4: 2 | B4: 小林 ゆな | C4: 2 | D4: 9.63 | E4: 白 | G4: 高橋 ひまり | H4: 2 | I4: 8.97 | J4: 赤 | L4: 伊藤 たいが | M4: 1 | N4: 8.05 | O4: 白 | Q4: 池田 ゆい | R4: 2 | S4: 10.31 | T4: 白
A5: 3 | B5: 木村 ひなた | C5: 1 | D5: 9.34 | E5: 赤 | G5: 鈴木 はると | H5: 1 | I5: 9.34 | J5: 赤 | L5: 木村 さく | M5: 1 | N5: 8.47 | O5: 白 | Q5: 清水 そら | R5: 1 | S5: 9.11 | T5: 赤
A6: 4 | B6: 後藤 かのん | C6: 2 | D6: 9.31 | E6: 白 | G6: 高橋 さく | H6: 1 | I6: 8.47 | J6: 白 | L6: 井上 いつき | M6: 1 | N6: 8.82 | O6: 赤 | Q6: 後藤 ゆな | R6: 2 | S6: 9.29 | T6: 白
A7: 5 | B7: 井上 ほのか | C7: 2 | D7: 9.3 | E7: 白 | G7: 後藤 けんた | H7: 1 | I7: 9.71 | J7: 白 | L7: 斎藤 だいち | M7: 1 | N7: 10.02 | O7: 白 | Q7: 清水 しょう | R7: 1 | S7: 8.73 | T7: 白
A8: 6 | B8: 前田 かいと | C8: 1 | D8: 8.36 | E8: 白 | G8: 松本 かいと | H8: 1 | I8: 9.42 | J8: 白 | L8: 木村 ゆな | M8: 2 | N8: 9.49 | O8: 白 | Q8: 長谷川 ひまり | R8: 2 | S8: 10.17 | T8: 白
A9: 7 | B9: 山本 けんた | C9: 1 | D9: 8.37 | E9: 赤 | G9: 松本 たいが | H9: 1 | I9: 9.61 | J9: 赤 | L9: 伊藤 つむぎ | M9: 2 | N9: 10.12 | O9: 赤 | Q9: 佐藤 そうた | R9: 1 | S9: 10.24 | T9: 白
A10: 8 | B10: 清水 こはる | C10: 2 | D10: 9.93 | E10: 赤 | G10: 伊藤 ゆな | H10: 2 | I10: 11.04 | J10: 赤 | L10: 橋本 ひなた | M10: 1 | N10: 10.03 | O10: 赤 | Q10: 山本 つばさ | R10: 1 | S10: 8.85 | T10: 白
A11: 9 | B11: 佐藤 けんた | C11: 1 | D11: 9.17 | E11: 赤 | G11: 渡辺 みなと | H11: 1 | I11: 9.81 | J11: 白 | L11: 吉田 ひなた | M11: 1 | N11: 9.63 | O11: 赤 | Q11: 清水 ひな | R11: 2 | S11: 9.24 | T11: 白
A12: 10 | B12: 岡田 さら | C12: 2 | D12: 10.33 | E12: 白 | G12: 山田 あかり | H12: 2 | I12: 9.67 | J12: 白 | L12: 石川 めい | M12: 2 | N12: 9.84 | O12: 赤 | Q12: 伊藤 ひまり | R12: 2 | S12: 10.05 | T12: 赤
A13: 11 | B13: 中村 ゆな | C13: 2 | D13: 8.62 | E13: 白 | G13: 山本 かのん | H13: 2 | I13: 9.29 | J13: 白 | L13: 小林 ほのか | M13: 2 | N13: 9.51 | O13: 赤 | Q13: 森 りく | R13: 1 | S13: 8.5 | T13: 赤
A14: 12 | B14: 木村 りょう | C14: 1 | D14: 9.62 | E14: 赤 | G14: 中村 りく | H14: 1 | I14: 9 | J14: 白 | L14: 森 みなと | M14: 1 | N14: 8.74 | O14: 白 | Q14: 石川 あかり | R14: 2 | S14: 10.83 | T14: 赤
... A24: 22 | B24: 佐藤 れん | C24: 1 | D24: 8.86 | E24: 白 | G24: 加藤 ことね | H24: 2 | I24: 9.42 | J24: 白 | L24: 森 みお | M24: 2 | N24: 9.19 | O24: 白 | Q24: 田中 こうき | R24: 1 | S24: 8.68 | T24: 白
A25: 23 | B25: 石川 さら | C25: 2 | D25: 10.04 | E25: 赤
A26: 24 | B26: 村上 かいと | C26: 1 | D26: 7.97 | E26: 白
A27: 25
A28: 26
A29: 27
A30: 28
A31: 29
A32: 30
A33: 31
A34: 32
A35: 33
A36: 34
A37: 35
A38: 36
A39: 37

Sheet 組ごとタイム順
A1: 男子 | J1: 女子 | S1: =IF(計算用!$Q$6>0,"※名前はあるのに性別・タイム・赤白のどれかが未入力で、表に出ていない人が"&計算用!$Q$6&"人います","")
B2: 赤組 | F2: 白組 | K2: 赤組 | O2: 白組
B3: 名前 | C3: クラス | D3: タイム | F3: 名前 | G3: クラス | H3: タイム | K3: 名前 | L3: クラス | M3: タイム | O3: 名前 | P3: クラス | Q3: タイム
A4: =IF(ROW()-3<=MAX(計算用!$Q$2,計算用!$Q$3),ROW()-3,"") | B4: =IFERROR(INDEX(計算用!$D$2:$D$186,MATCH("男赤"&$A4,計算用!$L$2:$L$186,0)),"") | C4: =IFERROR(INDEX(計算用!$M$2:$M$186,MATCH("男赤"&$A4,計算用!$L$2:$L$186,0)),"") | D4: =IFERROR(INDEX(計算用!$G$2:$G$186,MATCH("男赤"&$A4,計算用!$L$2:$L$186,0)),"") | F4: =IFERROR(INDEX(計算用!$D$2:$D$186,MATCH("男白"&$A4,計算用!$L$2:$L$186,0)),"") | G4: =IFERROR(INDEX(計算用!$M$2:$M$186,MATCH("男白"&$A4,計算用!$L$2:$L$186,0)),"") | H4: =IFERROR(INDEX(計算用!$G$2:$G$186,MATCH("男白"&$A4,計算用!$L$2:$L$186,0)),"") | J4: =IF(ROW()-3<=MAX(計算用!$Q$4,計算用!$Q$5),ROW()-3,"") | K4: =IFERROR(INDEX(計算用!$D$2:$D$186,MATCH("女赤"&$J4,計算用!$L$2:$L$186,0)),"") | L4: =IFERROR(INDEX(計算用!$M$2:$M$186,MATCH("女赤"&$J4,計算用!$L$2:$L$186,0)),"") | M4: =IFERROR(INDEX(計算用!$G$2:$G$186,MATCH("女赤"&$J4,計算用!$L$2:$L$186,0)),"") | O4: =IFERROR(INDEX(計算用!$D$2:$D$186,MATCH("女白"&$J4,計算用!$L$2:$L$186,0)),"") | P4: =IFERROR(INDEX(計算用!$M$2:$M$186,MATCH("女白"&$J4,計算用!$L$2:$L$186,0)),"") | Q4: =IFERROR(INDEX(計算用!$G$2:$G$186,MATCH("女白"&$J4,計算用!$L$2:$L$186,0)),"")
A5: =IF(ROW()-3<=MAX(計算用!$Q$2,計算用!$Q$3),ROW()-3,"") | B5: =IFERROR(INDEX(計算用!$D$2:$D$186,MATCH("男赤"&$A5,計算用!$L$2:$L$186,0)),"") | C5: =IFERROR(INDEX(計算用!$M$2:$M$186,MATCH("男赤"&$A5,計算用!$L$2:$L$186,0)),"") | D5: =IFERROR(INDEX(計算用!$G$2:$G$186,MATCH("男赤"&$A5,計算用!$L$2:$L$186,0)),"") | F5: =IFERROR(INDEX(計算用!$D$2:$D$186,MATCH("男白"&$A5,計算用!$L$2:$L$186,0)),"") | G5: =IFERROR(INDEX(計算用!$M$2:$M$186,MATCH("男白"&$A5,計算用!$L$2:$L$186,0)),"") | H5: =IFERROR(INDEX(計算用!$G$2:$G$186,MATCH("男白"&$A5,計算用!$L$2:$L$186,0)),"") | J5: =IF(ROW()-3<=MAX(計算用!$Q$4,計算用!$Q$5),ROW()-3,"") | K5: =IFERROR(INDEX(計算用!$D$2:$D$186,MATCH("女赤"&$J5,計算用!$L$2:$L$186,0)),"") | L5: =IFERROR(INDEX(計算用!$M$2:$M$186,MATCH("女赤"&$J5,計算用!$L$2:$L$186,0)),"") | M5: =IFERROR(INDEX(計算用!$G$2:$G$186,MATCH("女赤"&$J5,計算用!$L$2:$L$186,0)),"") | O5: =IFERROR(INDEX(計算用!$D$2:$D$186,MATCH("女白"&$J5,計算用!$L$2:$L$186,0)),"") | P5: =IFERROR(INDEX(計算用!$M$2:$M$186,MATCH("女白"&$J5,計算用!$L$2:$L$186,0)),"") | Q5: =IFERROR(INDEX(計算用!$G$2:$G$186,MATCH("女白"&$J5,計算用!$L$2:$L$186,0)),"")
A6: =IF(ROW()-3<=MAX(計算用!$Q$2,計算用!$Q$3),ROW()-3,"") | B6: =IFERROR(INDEX(計算用!$D$2:$D$186,MATCH("男赤"&$A6,計算用!$L$2:$L$186,0)),"") | C6: =IFERROR(INDEX(計算用!$M$2:$M$186,MATCH("男赤"&$A6,計算用!$L$2:$L$186,0)),"") | D6: =IFERROR(INDEX(計算用!$G$2:$G$186,MATCH("男赤"&$A6,計算用!$L$2:$L$186,0)),"") | F6: =IFERROR(INDEX(計算用!$D$2:$D$186,MATCH("男白"&$A6,計算用!$L$2:$L$186,0)),"") | G6: =IFERROR(INDEX(計算用!$M$2:$M$186,MATCH("男白"&$A6,計算用!$L$2:$L$186,0)),"") | H6: =IFERROR(INDEX(計算用!$G$2:$G$186,MATCH("男白"&$A6,計算用!$L$2:$L$186,0)),"") | J6: =IF(ROW()-3<=MAX(計算用!$Q$4,計算用!$Q$5),ROW()-3,"") | K6: =IFERROR(INDEX(計算用!$D$2:$D$186,MATCH("女赤"&$J6,計算用!$L$2:$L$186,0)),"") | L6: =IFERROR(INDEX(計算用!$M$2:$M$186,MATCH("女赤"&$J6,計算用!$L$2:$L$186,0)),"") | M6: =IFERROR(INDEX(計算用!$G$2:$G$186,MATCH("女赤"&$J6,計算用!$L$2:$L$186,0)),"") | O6: =IFERROR(INDEX(計算用!$D$2:$D$186,MATCH("女白"&$J6,計算用!$L$2:$L$186,0)),"") | P6: =IFERROR(INDEX(計算用!$M$2:$M$186,MATCH("女白"&$J6,計算用!$L$2:$L$186,0)),"") | Q6: =IFERROR(INDEX(計算用!$G$2:$G$186,MATCH("女白"&$J6,計算用!$L$2:$L$186,0)),"")
A7: =IF(ROW()-3<=MAX(計算用!$Q$2,計算用!$Q$3),ROW()-3,"") | B7: =IFERROR(INDEX(計算用!$D$2:$D$186,MATCH("男赤"&$A7,計算用!$L$2:$L$186,0)),"") | C7: =IFERROR(INDEX(計算用!$M$2:$M$186,MATCH("男赤"&$A7,計算用!$L$2:$L$186,0)),"") | D7: =IFERROR(INDEX(計算用!$G$2:$G$186,MATCH("男赤"&$A7,計算用!$L$2:$L$186,0)),"") | F7: =IFERROR(INDEX(計算用!$D$2:$D$186,MATCH("男白"&$A7,計算用!$L$2:$L$186,0)),"") | G7: =IFERROR(INDEX(計算用!$M$2:$M$186,MATCH("男白"&$A7,計算用!$L$2:$L$186,0)),"") | H7: =IFERROR(INDEX(計算用!$G$2:$G$186,MATCH("男白"&$A7,計算用!$L$2:$L$186,0)),"") | J7: =IF(ROW()-3<=MAX(計算用!$Q$4,計算用!$Q$5),ROW()-3,"") | K7: =IFERROR(INDEX(計算用!$D$2:$D$186,MATCH("女赤"&$J7,計算用!$L$2:$L$186,0)),"") | L7: =IFERROR(INDEX(計算用!$M$2:$M$186,MATCH("女赤"&$J7,計算用!$L$2:$L$186,0)),"") | M7: =IFERROR(INDEX(計算用!$G$2:$G$186,MATCH("女赤"&$J7,計算用!$L$2:$L$186,0)),"") | O7: =IFERROR(INDEX(計算用!$D$2:$D$186,MATCH("女白"&$J7,計算用!$L$2:$L$186,0)),"") | P7: =IFERROR(INDEX(計算用!$M$2:$M$186,MATCH("女白"&$J7,計算用!$L$2:$L$186,0)),"") | Q7: =IFERROR(INDEX(計算用!$G$2:$G$186,MATCH("女白"&$J7,計算用!$L$2:$L$186,0)),"")
A8: =IF(ROW()-3<=MAX(計算用!$Q$2,計算用!$Q$3),ROW()-3,"") | B8: =IFERROR(INDEX(計算用!$D$2:$D$186,MATCH("男赤"&$A8,計算用!$L$2:$L$186,0)),"") | C8: =IFERROR(INDEX(計算用!$M$2:$M$186,MATCH("男赤"&$A8,計算用!$L$2:$L$186,0)),"") | D8: =IFERROR(INDEX(計算用!$G$2:$G$186,MATCH("男赤"&$A8,計算用!$L$2:$L$186,0)),"") | F8: =IFERROR(INDEX(計算用!$D$2:$D$186,MATCH("男白"&$A8,計算用!$L$2:$L$186,0)),"") | G8: =IFERROR(INDEX(計算用!$M$2:$M$186,MATCH("男白"&$A8,計算用!$L$2:$L$186,0)),"") | H8: =IFERROR(INDEX(計算用!$G$2:$G$186,MATCH("男白"&$A8,計算用!$L$2:$L$186,0)),"") | J8: =IF(ROW()-3<=MAX(計算用!$Q$4,計算用!$Q$5),ROW()-3,"") | K8: =IFERROR(INDEX(計算用!$D$2:$D$186,MATCH("女赤"&$J8,計算用!$L$2:$L$186,0)),"") | L8: =IFERROR(INDEX(計算用!$M$2:$M$186,MATCH("女赤"&$J8,計算用!$L$2:$L$186,0)),"") | M8: =IFERROR(INDEX(計算用!$G$2:$G$186,MATCH("女赤"&$J8,計算用!$L$2:$L$186,0)),"") | O8: =IFERROR(INDEX(計算用!$D$2:$D$186,MATCH("女白"&$J8,計算用!$L$2:$L$186,0)),"") | P8: =IFERROR(INDEX(計算用!$M$2:$M$186,MATCH("女白"&$J8,計算用!$L$2:$L$186,0)),"") | Q8: =IFERROR(INDEX(計算用!$G$2:$G$186,MATCH("女白"&$J8,計算用!$L$2:$L$186,0)),"")
A9: =IF(ROW()-3<=MAX(計算用!$Q$2,計算用!$Q$3),ROW()-3,"") | B9: =IFERROR(INDEX(計算用!$D$2:$D$186,MATCH("男赤"&$A9,計算用!$L$2:$L$186,0)),"") | C9: =IFERROR(INDEX(計算用!$M$2:$M$186,MATCH("男赤"&$A9,計算用!$L$2:$L$186,0)),"") | D9: =IFERROR(INDEX(計算用!$G$2:$G$186,MATCH("男赤"&$A9,計算用!$L$2:$L$186,0)),"") | F9: =IFERROR(INDEX(計算用!$D$2:$D$186,MATCH("男白"&$A9,計算用!$L$2:$L$186,0)),"") | G9: =IFERROR(INDEX(計算用!$M$2:$M$186,MATCH("男白"&$A9,計算用!$L$2:$L$186,0)),"") | H9: =IFERROR(INDEX(計算用!$G$2:$G$186,MATCH("男白"&$A9,計算用!$L$2:$L$186,0)),"") | J9: =IF(ROW()-3<=MAX(計算用!$Q$4,計算用!$Q$5),ROW()-3,"") | K9: =IFERROR(INDEX(計算用!$D$2:$D$186,MATCH("女赤"&$J9,計算用!$L$2:$L$186,0)),"") | L9: =IFERROR(INDEX(計算用!$M$2:$M$186,MATCH("女赤"&$J9,計算用!$L$2:$L$186,0)),"") | M9: =IFERROR(INDEX(計算用!$G$2:$G$186,MATCH("女赤"&$J9,計算用!$L$2:$L$186,0)),"") | O9: =IFERROR(INDEX(計算用!$D$2:$D$186,MATCH("女白"&$J9,計算用!$L$2:$L$186,0)),"") | P9: =IFERROR(INDEX(計算用!$M$2:$M$186,MATCH("女白"&$J9,計算用!$L$2:$L$186,0)),"") | Q9: =IFERROR(INDEX(計算用!$G$2:$G$186,MATCH("女白"&$J9,計算用!$L$2:$L$186,0)),"")
A10: =IF(ROW()-3<=MAX(計算用!$Q$2,計算用!$Q$3),ROW()-3,"") | B10: =IFERROR(INDEX(計算用!$D$2:$D$186,MATCH("男赤"&$A10,計算用!$L$2:$L$186,0)),"") | C10: =IFERROR(INDEX(計算用!$M$2:$M$186,MATCH("男赤"&$A10,計算用!$L$2:$L$186,0)),"") | D10: =IFERROR(INDEX(計算用!$G$2:$G$186,MATCH("男赤"&$A10,計算用!$L$2:$L$186,0)),"") | F10: =IFERROR(INDEX(計算用!$D$2:$D$186,MATCH("男白"&$A10,計算用!$L$2:$L$186,0)),"") | G10: =IFERROR(INDEX(計算用!$M$2:$M$186,MATCH("男白"&$A10,計算用!$L$2:$L$186,0)),"") | H10: =IFERROR(INDEX(計算用!$G$2:$G$186,MATCH("男白"&$A10,計算用!$L$2:$L$186,0)),"") | J10: =IF(ROW()-3<=MAX(計算用!$Q$4,計算用!$Q$5),ROW()-3,"") | K10: =IFERROR(INDEX(計算用!$D$2:$D$186,MATCH("女赤"&$J10,計算用!$L$2:$L$186,0)),"") | L10: =IFERROR(INDEX(計算用!$M$2:$M$186,MATCH("女赤"&$J10,計算用!$L$2:$L$186,0)),"") | M10: =IFERROR(INDEX(計算用!$G$2:$G$186,MATCH("女赤"&$J10,計算用!$L$2:$L$186,0)),"") | O10: =IFERROR(INDEX(計算用!$D$2:$D$186,MATCH("女白"&$J10,計算用!$L$2:$L$186,0)),"") | P10: =IFERROR(INDEX(計算用!$M$2:$M$186,MATCH("女白"&$J10,計算用!$L$2:$L$186,0)),"") | Q10: =IFERROR(INDEX(計算用!$G$2:$G$186,MATCH("女白"&$J10,計算用!$L$2:$L$186,0)),"")
A11: =IF(ROW()-3<=MAX(計算用!$Q$2,計算用!$Q$3),ROW()-3,"") | B11: =IFERROR(INDEX(計算用!$D$2:$D$186,MATCH("男赤"&$A11,計算用!$L$2:$L$186,0)),"") | C11: =IFERROR(INDEX(計算用!$M$2:$M$186,MATCH("男赤"&$A11,計算用!$L$2:$L$186,0)),"") | D11: =IFERROR(INDEX(計算用!$G$2:$G$186,MATCH("男赤"&$A11,計算用!$L$2:$L$186,0)),"") | F11: =IFERROR(INDEX(計算用!$D$2:$D$186,MATCH("男白"&$A11,計算用!$L$2:$L$186,0)),"") | G11: =IFERROR(INDEX(計算用!$M$2:$M$186,MATCH("男白"&$A11,計算用!$L$2:$L$186,0)),"") | H11: =IFERROR(INDEX(計算用!$G$2:$G$186,MATCH("男白"&$A11,計算用!$L$2:$L$186,0)),"") | J11: =IF(ROW()-3<=MAX(計算用!$Q$4,計算用!$Q$5),ROW()-3,"") | K11: =IFERROR(INDEX(計算用!$D$2:$D$186,MATCH("女赤"&$J11,計算用!$L$2:$L$186,0)),"") | L11: =IFERROR(INDEX(計算用!$M$2:$M$186,MATCH("女赤"&$J11,計算用!$L$2:$L$186,0)),"") | M11: =IFERROR(INDEX(計算用!$G$2:$G$186,MATCH("女赤"&$J11,計算用!$L$2:$L$186,0)),"") | O11: =IFERROR(INDEX(計算用!$D$2:$D$186,MATCH("女白"&$J11,計算用!$L$2:$L$186,0)),"") | P11: =IFERROR(INDEX(計算用!$M$2:$M$186,MATCH("女白"&$J11,計算用!$L$2:$L$186,0)),"") | Q11: =IFERROR(INDEX(計算用!$G$2:$G$186,MATCH("女白"&$J11,計算用!$L$2:$L$186,0)),"")
A12: =IF(ROW()-3<=MAX(計算用!$Q$2,計算用!$Q$3),ROW()-3,"") | B12: =IFERROR(INDEX(計算用!$D$2:$D$186,MATCH("男赤"&$A12,計算用!$L$2:$L$186,0)),"") | C12: =IFERROR(INDEX(計算用!$M$2:$M$186,MATCH("男赤"&$A12,計算用!$L$2:$L$186,0)),"") | D12: =IFERROR(INDEX(計算用!$G$2:$G$186,MATCH("男赤"&$A12,計算用!$L$2:$L$186,0)),"") | F12: =IFERROR(INDEX(計算用!$D$2:$D$186,MATCH("男白"&$A12,計算用!$L$2:$L$186,0)),"") | G12: =IFERROR(INDEX(計算用!$M$2:$M$186,MATCH("男白"&$A12,計算用!$L$2:$L$186,0)),"") | H12: =IFERROR(INDEX(計算用!$G$2:$G$186,MATCH("男白"&$A12,計算用!$L$2:$L$186,0)),"") | J12: =IF(ROW()-3<=MAX(計算用!$Q$4,計算用!$Q$5),ROW()-3,"") | K12: =IFERROR(INDEX(計算用!$D$2:$D$186,MATCH("女赤"&$J12,計算用!$L$2:$L$186,0)),"") | L12: =IFERROR(INDEX(計算用!$M$2:$M$186,MATCH("女赤"&$J12,計算用!$L$2:$L$186,0)),"") | M12: =IFERROR(INDEX(計算用!$G$2:$G$186,MATCH("女赤"&$J12,計算用!$L$2:$L$186,0)),"") | O12: =IFERROR(INDEX(計算用!$D$2:$D$186,MATCH("女白"&$J12,計算用!$L$2:$L$186,0)),"") | P12: =IFERROR(INDEX(計算用!$M$2:$M$186,MATCH("女白"&$J12,計算用!$L$2:$L$186,0)),"") | Q12: =IFERROR(INDEX(計算用!$G$2:$G$186,MATCH("女白"&$J12,計算用!$L$2:$L$186,0)),"")
A13: =IF(ROW()-3<=MAX(計算用!$Q$2,計算用!$Q$3),ROW()-3,"") | B13: =IFERROR(INDEX(計算用!$D$2:$D$186,MATCH("男赤"&$A13,計算用!$L$2:$L$186,0)),"") | C13: =IFERROR(INDEX(計算用!$M$2:$M$186,MATCH("男赤"&$A13,計算用!$L$2:$L$186,0)),"") | D13: =IFERROR(INDEX(計算用!$G$2:$G$186,MATCH("男赤"&$A13,計算用!$L$2:$L$186,0)),"") | F13: =IFERROR(INDEX(計算用!$D$2:$D$186,MATCH("男白"&$A13,計算用!$L$2:$L$186,0)),"") | G13: =IFERROR(INDEX(計算用!$M$2:$M$186,MATCH("男白"&$A13,計算用!$L$2:$L$186,0)),"") | H13: =IFERROR(INDEX(計算用!$G$2:$G$186,MATCH("男白"&$A13,計算用!$L$2:$L$186,0)),"") | J13: =IF(ROW()-3<=MAX(計算用!$Q$4,計算用!$Q$5),ROW()-3,"") | K13: =IFERROR(INDEX(計算用!$D$2:$D$186,MATCH("女赤"&$J13,計算用!$L$2:$L$186,0)),"") | L13: =IFERROR(INDEX(計算用!$M$2:$M$186,MATCH("女赤"&$J13,計算用!$L$2:$L$186,0)),"") | M13: =IFERROR(INDEX(計算用!$G$2:$G$186,MATCH("女赤"&$J13,計算用!$L$2:$L$186,0)),"") | O13: =IFERROR(INDEX(計算用!$D$2:$D$186,MATCH("女白"&$J13,計算用!$L$2:$L$186,0)),"") | P13: =IFERROR(INDEX(計算用!$M$2:$M$186,MATCH("女白"&$J13,計算用!$L$2:$L$186,0)),"") | Q13: =IFERROR(INDEX(計算用!$G$2:$G$186,MATCH("女白"&$J13,計算用!$L$2:$L$186,0)),"")
A14: =IF(ROW()-3<=MAX(計算用!$Q$2,計算用!$Q$3),ROW()-3,"") | B14: =IFERROR(INDEX(計算用!$D$2:$D$186,MATCH("男赤"&$A14,計算用!$L$2:$L$186,0)),"") | C14: =IFERROR(INDEX(計算用!$M$2:$M$186,MATCH("男赤"&$A14,計算用!$L$2:$L$186,0)),"") | D14: =IFERROR(INDEX(計算用!$G$2:$G$186,MATCH("男赤"&$A14,計算用!$L$2:$L$186,0)),"") | F14: =IFERROR(INDEX(計算用!$D$2:$D$186,MATCH("男白"&$A14,計算用!$L$2:$L$186,0)),"") | G14: =IFERROR(INDEX(計算用!$M$2:$M$186,MATCH("男白"&$A14,計算用!$L$2:$L$186,0)),"") | H14: =IFERROR(INDEX(計算用!$G$2:$G$186,MATCH("男白"&$A14,計算用!$L$2:$L$186,0)),"") | J14: =IF(ROW()-3<=MAX(計算用!$Q$4,計算用!$Q$5),ROW()-3,"") | K14: =IFERROR(INDEX(計算用!$D$2:$D$186,MATCH("女赤"&$J14,計算用!$L$2:$L$186,0)),"") | L14: =IFERROR(INDEX(計算用!$M$2:$M$186,MATCH("女赤"&$J14,計算用!$L$2:$L$186,0)),"") | M14: =IFERROR(INDEX(計算用!$G$2:$G$186,MATCH("女赤"&$J14,計算用!$L$2:$L$186,0)),"") | O14: =IFERROR(INDEX(計算用!$D$2:$D$186,MATCH("女白"&$J14,計算用!$L$2:$L$186,0)),"") | P14: =IFERROR(INDEX(計算用!$M$2:$M$186,MATCH("女白"&$J14,計算用!$L$2:$L$186,0)),"") | Q14: =IFERROR(INDEX(計算用!$G$2:$G$186,MATCH("女白"&$J14,計算用!$L$2:$L$186,0)),"")
A15: =IF(ROW()-3<=MAX(計算用!$Q$2,計算用!$Q$3),ROW()-3,"") | B15: =IFERROR(INDEX(計算用!$D$2:$D$186,MATCH("男赤"&$A15,計算用!$L$2:$L$186,0)),"") | C15: =IFERROR(INDEX(計算用!$M$2:$M$186,MATCH("男赤"&$A15,計算用!$L$2:$L$186,0)),"") | D15: =IFERROR(INDEX(計算用!$G$2:$G$186,MATCH("男赤"&$A15,計算用!$L$2:$L$186,0)),"") | F15: =IFERROR(INDEX(計算用!$D$2:$D$186,MATCH("男白"&$A15,計算用!$L$2:$L$186,0)),"") | G15: =IFERROR(INDEX(計算用!$M$2:$M$186,MATCH("男白"&$A15,計算用!$L$2:$L$186,0)),"") | H15: =IFERROR(INDEX(計算用!$G$2:$G$186,MATCH("男白"&$A15,計算用!$L$2:$L$186,0)),"") | J15: =IF(ROW()-3<=MAX(計算用!$Q$4,計算用!$Q$5),ROW()-3,"") | K15: =IFERROR(INDEX(計算用!$D$2:$D$186,MATCH("女赤"&$J15,計算用!$L$2:$L$186,0)),"") | L15: =IFERROR(INDEX(計算用!$M$2:$M$186,MATCH("女赤"&$J15,計算用!$L$2:$L$186,0)),"") | M15: =IFERROR(INDEX(計算用!$G$2:$G$186,MATCH("女赤"&$J15,計算用!$L$2:$L$186,0)),"") | O15: =IFERROR(INDEX(計算用!$D$2:$D$186,MATCH("女白"&$J15,計算用!$L$2:$L$186,0)),"") | P15: =IFERROR(INDEX(計算用!$M$2:$M$186,MATCH("女白"&$J15,計算用!$L$2:$L$186,0)),"") | Q15: =IFERROR(INDEX(計算用!$G$2:$G$186,MATCH("女白"&$J15,計算用!$L$2:$L$186,0)),"")
... A188: =IF(ROW()-3<=MAX(計算用!$Q$2,計算用!$Q$3),ROW()-3,"") | B188: =IFERROR(INDEX(計算用!$D$2:$D$186,MATCH("男赤"&$A188,計算用!$L$2:$L$186,0)),"") | C188: =IFERROR(INDEX(計算用!$M$2:$M$186,MATCH("男赤"&$A188,計算用!$L$2:$L$186,0)),"") | D188: =IFERROR(INDEX(計算用!$G$2:$G$186,MATCH("男赤"&$A188,計算用!$L$2:$L$186,0)),"") | F188: =IFERROR(INDEX(計算用!$D$2:$D$186,MATCH("男白"&$A188,計算用!$L$2:$L$186,0)),"") | G188: =IFERROR(INDEX(計算用!$M$2:$M$186,MATCH("男白"&$A188,計算用!$L$2:$L$186,0)),"") | H188: =IFERROR(INDEX(計算用!$G$2:$G$186,MATCH("男白"&$A188,計算用!$L$2:$L$186,0)),"") | J188: =IF(ROW()-3<=MAX(計算用!$Q$4,計算用!$Q$5),ROW()-3,"") | K188: =IFERROR(INDEX(計算用!$D$2:$D$186,MATCH("女赤"&$J188,計算用!$L$2:$L$186,0)),"") | L188: =IFERROR(INDEX(計算用!$M$2:$M$186,MATCH("女赤"&$J188,計算用!$L$2:$L$186,0)),"") | M188: =IFERROR(INDEX(計算用!$G$2:$G$186,MATCH("女赤"&$J188,計算用!$L$2:$L$186,0)),"") | O188: =IFERROR(INDEX(計算用!$D$2:$D$186,MATCH("女白"&$J188,計算用!$L$2:$L$186,0)),"") | P188: =IFERROR(INDEX(計算用!$M$2:$M$186,MATCH("女白"&$J188,計算用!$L$2:$L$186,0)),"") | Q188: =IFERROR(INDEX(計算用!$G$2:$G$186,MATCH("女白"&$J188,計算用!$L$2:$L$186,0)),"")

Sheet 組分け
A1: 男子 | D1: =IF(SUMPRODUCT((計算用!$T$2:$T$51>0)*(((計算用!$T$2:$T$51<>計算用!$Q$32)+(ABS(計算用!$W$2:$W$51-計算用!$X$2:$X$51)>1))>0))>0,"※黄色の組は、人数の都合で調整した組です","") | O1: ="1組 "&計算用!$Q$32&"人" | T1: 女子 | W1: =IF(SUMPRODUCT((計算用!$AC$2:$AC$51>0)*(((計算用!$AC$2:$AC$51<>計算用!$Q$33)+(ABS(計算用!$AF$2:$AF$51-計算用!$AG$2:$AG$51)>1))>0))>0,"※黄色の組は、人数の都合で調整した組です","") | AH1: ="1組 "&計算用!$Q$33&"人"
A2: 組 | B2: 人数 | C2: 内訳 | D2: 1人目 | G2: 2人目 | J2: 3人目 | M2: 4人目 | P2: 5人目 | T2: 組 | U2: 人数 | V2: 内訳 | W2: 1人目 | Z2: 2人目 | AC2: 3人目 | AF2: 4人目 | AI2: 5人目
D3: 名前 | E3: クラス | F3: 色 | G3: 名前 | H3: クラス | I3: 色 | J3: 名前 | K3: クラス | L3: 色 | M3: 名前 | N3: クラス | O3: 色 | P3: 名前 | Q3: クラス | R3: 色 | W3: 名前 | X3: クラス | Y3: 色 | Z3: 名前 | AA3: クラス | AB3: 色 | AC3: 名前 | AD3: クラス | AE3: 色 | AF3: 名前 | AG3: クラス | AH3: 色 | AI3: 名前 | AJ3: クラス | AK3: 色
A4: =IF(ROW()-3<=計算用!$Q$9,ROW()-3,"") | B4: =IF($A4="","",INDEX(計算用!$T$2:$T$51,$A4)) | C4: =IF($A4="","","赤"&INDEX(計算用!$W$2:$W$51,$A4)&"白"&INDEX(計算用!$X$2:$X$51,$A4)) | D4: =IF($A4="","",IFERROR(INDEX(計算用!$D$2:$D$186,MATCH("男"&$A4&"-1",計算用!$AN$2:$AN$186,0)),"")) | E4: =IF($A4="","",IFERROR(INDEX(計算用!$M$2:$M$186,MATCH("男"&$A4&"-1",計算用!$AN$2:$AN$186,0)),"")) | F4: =IF($A4="","",IFERROR(INDEX(計算用!$I$2:$I$186,MATCH("男"&$A4&"-1",計算用!$AN$2:$AN$186,0)),"")) | G4: =IF($A4="","",IFERROR(INDEX(計算用!$D$2:$D$186,MATCH("男"&$A4&"-2",計算用!$AN$2:$AN$186,0)),"")) | H4: =IF($A4="","",IFERROR(INDEX(計算用!$M$2:$M$186,MATCH("男"&$A4&"-2",計算用!$AN$2:$AN$186,0)),"")) | I4: =IF($A4="","",IFERROR(INDEX(計算用!$I$2:$I$186,MATCH("男"&$A4&"-2",計算用!$AN$2:$AN$186,0)),"")) | J4: =IF($A4="","",IFERROR(INDEX(計算用!$D$2:$D$186,MATCH("男"&$A4&"-3",計算用!$AN$2:$AN$186,0)),"")) | K4: =IF($A4="","",IFERROR(INDEX(計算用!$M$2:$M$186,MATCH("男"&$A4&"-3",計算用!$AN$2:$AN$186,0)),"")) | L4: =IF($A4="","",IFERROR(INDEX(計算用!$I$2:$I$186,MATCH("男"&$A4&"-3",計算用!$AN$2:$AN$186,0)),"")) | M4: =IF($A4="","",IFERROR(INDEX(計算用!$D$2:$D$186,MATCH("男"&$A4&"-4",計算用!$AN$2:$AN$186,0)),"")) | N4: =IF($A4="","",IFERROR(INDEX(計算用!$M$2:$M$186,MATCH("男"&$A4&"-4",計算用!$AN$2:$AN$186,0)),"")) | O4: =IF($A4="","",IFERROR(INDEX(計算用!$I$2:$I$186,MATCH("男"&$A4&"-4",計算用!$AN$2:$AN$186,0)),"")) | P4: =IF($A4="","",IFERROR(INDEX(計算用!$D$2:$D$186,MATCH("男"&$A4&"-5",計算用!$AN$2:$AN$186,0)),"")) | Q4: =IF($A4="","",IFERROR(INDEX(計算用!$M$2:$M$186,MATCH("男"&$A4&"-5",計算用!$AN$2:$AN$186,0)),"")) | R4: =IF($A4="","",IFERROR(INDEX(計算用!$I$2:$I$186,MATCH("男"&$A4&"-5",計算用!$AN$2:$AN$186,0)),"")) | T4: =IF(ROW()-3<=計算用!$Q$11,ROW()-3,"") | U4: =IF($T4="","",INDEX(計算用!$AC$2:$AC$51,$T4)) | V4: =IF($T4="","","赤"&INDEX(計算用!$AF$2:$AF$51,$T4)&"白"&INDEX(計算用!$AG$2:$AG$51,$T4)) | W4: =IF($T4="","",IFERROR(INDEX(計算用!$D$2:$D$186,MATCH("女"&$T4&"-1",計算用!$AN$2:$AN$186,0)),"")) | X4: =IF($T4="","",IFERROR(INDEX(計算用!$M$2:$M$186,MATCH("女"&$T4&"-1",計算用!$AN$2:$AN$186,0)),"")) | Y4: =IF($T4="","",IFERROR(INDEX(計算用!$I$2:$I$186,MATCH("女"&$T4&"-1",計算用!$AN$2:$AN$186,0)),"")) | Z4: =IF($T4="","",IFERROR(INDEX(計算用!$D$2:$D$186,MATCH("女"&$T4&"-2",計算用!$AN$2:$AN$186,0)),"")) | AA4: =IF($T4="","",IFERROR(INDEX(計算用!$M$2:$M$186,MATCH("女"&$T4&"-2",計算用!$AN$2:$AN$186,0)),"")) | AB4: =IF($T4="","",IFERROR(INDEX(計算用!$I$2:$I$186,MATCH("女"&$T4&"-2",計算用!$AN$2:$AN$186,0)),"")) | AC4: =IF($T4="","",IFERROR(INDEX(計算用!$D$2:$D$186,MATCH("女"&$T4&"-3",計算用!$AN$2:$AN$186,0)),"")) | AD4: =IF($T4="","",IFERROR(INDEX(計算用!$M$2:$M$186,MATCH("女"&$T4&"-3",計算用!$AN$2:$AN$186,0)),"")) | AE4: =IF($T4="","",IFERROR(INDEX(計算用!$I$2:$I$186,MATCH("女"&$T4&"-3",計算用!$AN$2:$AN$186,0)),"")) | AF4: =IF($T4="","",IFERROR(INDEX(計算用!$D$2:$D$186,MATCH("女"&$T4&"-4",計算用!$AN$2:$AN$186,0)),"")) | AG4: =IF($T4="","",IFERROR(INDEX(計算用!$M$2:$M$186,MATCH("女"&$T4&"-4",計算用!$AN$2:$AN$186,0)),"")) | AH4: =IF($T4="","",IFERROR(INDEX(計算用!$I$2:$I$186,MATCH("女"&$T4&"-4",計算用!$AN$2:$AN$186,0)),"")) | AI4: =IF($T4="","",IFERROR(INDEX(計算用!$D$2:$D$186,MATCH("女"&$T4&"-5",計算用!$AN$2:$AN$186,0)),"")) | AJ4: =IF($T4="","",IFERROR(INDEX(計算用!$M$2:$M$186,MATCH("女"&$T4&"-5",計算用!$AN$2:$AN$186,0)),"")) | AK4: =IF($T4="","",IFERROR(INDEX(計算用!$I$2:$I$186,MATCH("女"&$T4&"-5",計算用!$AN$2:$AN$186,0)),""))
A5: =IF(ROW()-3<=計算用!$Q$9,ROW()-3,"") | B5: =IF($A5="","",INDEX(計算用!$T$2:$T$51,$A5)) | C5: =IF($A5="","","赤"&INDEX(計算用!$W$2:$W$51,$A5)&"白"&INDEX(計算用!$X$2:$X$51,$A5)) | D5: =IF($A5="","",IFERROR(INDEX(計算用!$D$2:$D$186,MATCH("男"&$A5&"-1",計算用!$AN$2:$AN$186,0)),"")) | E5: =IF($A5="","",IFERROR(INDEX(計算用!$M$2:$M$186,MATCH("男"&$A5&"-1",計算用!$AN$2:$AN$186,0)),"")) | F5: =IF($A5="","",IFERROR(INDEX(計算用!$I$2:$I$186,MATCH("男"&$A5&"-1",計算用!$AN$2:$AN$186,0)),"")) | G5: =IF($A5="","",IFERROR(INDEX(計算用!$D$2:$D$186,MATCH("男"&$A5&"-2",計算用!$AN$2:$AN$186,0)),"")) | H5: =IF($A5="","",IFERROR(INDEX(計算用!$M$2:$M$186,MATCH("男"&$A5&"-2",計算用!$AN$2:$AN$186,0)),"")) | I5: =IF($A5="","",IFERROR(INDEX(計算用!$I$2:$I$186,MATCH("男"&$A5&"-2",計算用!$AN$2:$AN$186,0)),"")) | J5: =IF($A5="","",IFERROR(INDEX(計算用!$D$2:$D$186,MATCH("男"&$A5&"-3",計算用!$AN$2:$AN$186,0)),"")) | K5: =IF($A5="","",IFERROR(INDEX(計算用!$M$2:$M$186,MATCH("男"&$A5&"-3",計算用!$AN$2:$AN$186,0)),"")) | L5: =IF($A5="","",IFERROR(INDEX(計算用!$I$2:$I$186,MATCH("男"&$A5&"-3",計算用!$AN$2:$AN$186,0)),"")) | M5: =IF($A5="","",IFERROR(INDEX(計算用!$D$2:$D$186,MATCH("男"&$A5&"-4",計算用!$AN$2:$AN$186,0)),"")) | N5: =IF($A5="","",IFERROR(INDEX(計算用!$M$2:$M$186,MATCH("男"&$A5&"-4",計算用!$AN$2:$AN$186,0)),"")) | O5: =IF($A5="","",IFERROR(INDEX(計算用!$I$2:$I$186,MATCH("男"&$A5&"-4",計算用!$AN$2:$AN$186,0)),"")) | P5: =IF($A5="","",IFERROR(INDEX(計算用!$D$2:$D$186,MATCH("男"&$A5&"-5",計算用!$AN$2:$AN$186,0)),"")) | Q5: =IF($A5="","",IFERROR(INDEX(計算用!$M$2:$M$186,MATCH("男"&$A5&"-5",計算用!$AN$2:$AN$186,0)),"")) | R5: =IF($A5="","",IFERROR(INDEX(計算用!$I$2:$I$186,MATCH("男"&$A5&"-5",計算用!$AN$2:$AN$186,0)),"")) | T5: =IF(ROW()-3<=計算用!$Q$11,ROW()-3,"") | U5: =IF($T5="","",INDEX(計算用!$AC$2:$AC$51,$T5)) | V5: =IF($T5="","","赤"&INDEX(計算用!$AF$2:$AF$51,$T5)&"白"&INDEX(計算用!$AG$2:$AG$51,$T5)) | W5: =IF($T5="","",IFERROR(INDEX(計算用!$D$2:$D$186,MATCH("女"&$T5&"-1",計算用!$AN$2:$AN$186,0)),"")) | X5: =IF($T5="","",IFERROR(INDEX(計算用!$M$2:$M$186,MATCH("女"&$T5&"-1",計算用!$AN$2:$AN$186,0)),"")) | Y5: =IF($T5="","",IFERROR(INDEX(計算用!$I$2:$I$186,MATCH("女"&$T5&"-1",計算用!$AN$2:$AN$186,0)),"")) | Z5: =IF($T5="","",IFERROR(INDEX(計算用!$D$2:$D$186,MATCH("女"&$T5&"-2",計算用!$AN$2:$AN$186,0)),"")) | AA5: =IF($T5="","",IFERROR(INDEX(計算用!$M$2:$M$186,MATCH("女"&$T5&"-2",計算用!$AN$2:$AN$186,0)),"")) | AB5: =IF($T5="","",IFERROR(INDEX(計算用!$I$2:$I$186,MATCH("女"&$T5&"-2",計算用!$AN$2:$AN$186,0)),"")) | AC5: =IF($T5="","",IFERROR(INDEX(計算用!$D$2:$D$186,MATCH("女"&$T5&"-3",計算用!$AN$2:$AN$186,0)),"")) | AD5: =IF($T5="","",IFERROR(INDEX(計算用!$M$2:$M$186,MATCH("女"&$T5&"-3",計算用!$AN$2:$AN$186,0)),"")) | AE5: =IF($T5="","",IFERROR(INDEX(計算用!$I$2:$I$186,MATCH("女"&$T5&"-3",計算用!$AN$2:$AN$186,0)),"")) | AF5: =IF($T5="","",IFERROR(INDEX(計算用!$D$2:$D$186,MATCH("女"&$T5&"-4",計算用!$AN$2:$AN$186,0)),"")) | AG5: =IF($T5="","",IFERROR(INDEX(計算用!$M$2:$M$186,MATCH("女"&$T5&"-4",計算用!$AN$2:$AN$186,0)),"")) | AH5: =IF($T5="","",IFERROR(INDEX(計算用!$I$2:$I$186,MATCH("女"&$T5&"-4",計算用!$AN$2:$AN$186,0)),"")) | AI5: =IF($T5="","",IFERROR(INDEX(計算用!$D$2:$D$186,MATCH("女"&$T5&"-5",計算用!$AN$2:$AN$186,0)),"")) | AJ5: =IF($T5="","",IFERROR(INDEX(計算用!$M$2:$M$186,MATCH("女"&$T5&"-5",計算用!$AN$2:$AN$186,0)),"")) | AK5: =IF($T5="","",IFERROR(INDEX(計算用!$I$2:$I$186,MATCH("女"&$T5&"-5",計算用!$AN$2:$AN$186,0)),""))
A6: =IF(ROW()-3<=計算用!$Q$9,ROW()-3,"") | B6: =IF($A6="","",INDEX(計算用!$T$2:$T$51,$A6)) | C6: =IF($A6="","","赤"&INDEX(計算用!$W$2:$W$51,$A6)&"白"&INDEX(計算用!$X$2:$X$51,$A6)) | D6: =IF($A6="","",IFERROR(INDEX(計算用!$D$2:$D$186,MATCH("男"&$A6&"-1",計算用!$AN$2:$AN$186,0)),"")) | E6: =IF($A6="","",IFERROR(INDEX(計算用!$M$2:$M$186,MATCH("男"&$A6&"-1",計算用!$AN$2:$AN$186,0)),"")) | F6: =IF($A6="","",IFERROR(INDEX(計算用!$I$2:$I$186,MATCH("男"&$A6&"-1",計算用!$AN$2:$AN$186,0)),"")) | G6: =IF($A6="","",IFERROR(INDEX(計算用!$D$2:$D$186,MATCH("男"&$A6&"-2",計算用!$AN$2:$AN$186,0)),"")) | H6: =IF($A6="","",IFERROR(INDEX(計算用!$M$2:$M$186,MATCH("男"&$A6&"-2",計算用!$AN$2:$AN$186,0)),"")) | I6: =IF($A6="","",IFERROR(INDEX(計算用!$I$2:$I$186,MATCH("男"&$A6&"-2",計算用!$AN$2:$AN$186,0)),"")) | J6: =IF($A6="","",IFERROR(INDEX(計算用!$D$2:$D$186,MATCH("男"&$A6&"-3",計算用!$AN$2:$AN$186,0)),"")) | K6: =IF($A6="","",IFERROR(INDEX(計算用!$M$2:$M$186,MATCH("男"&$A6&"-3",計算用!$AN$2:$AN$186,0)),"")) | L6: =IF($A6="","",IFERROR(INDEX(計算用!$I$2:$I$186,MATCH("男"&$A6&"-3",計算用!$AN$2:$AN$186,0)),"")) | M6: =IF($A6="","",IFERROR(INDEX(計算用!$D$2:$D$186,MATCH("男"&$A6&"-4",計算用!$AN$2:$AN$186,0)),"")) | N6: =IF($A6="","",IFERROR(INDEX(計算用!$M$2:$M$186,MATCH("男"&$A6&"-4",計算用!$AN$2:$AN$186,0)),"")) | O6: =IF($A6="","",IFERROR(INDEX(計算用!$I$2:$I$186,MATCH("男"&$A6&"-4",計算用!$AN$2:$AN$186,0)),"")) | P6: =IF($A6="","",IFERROR(INDEX(計算用!$D$2:$D$186,MATCH("男"&$A6&"-5",計算用!$AN$2:$AN$186,0)),"")) | Q6: =IF($A6="","",IFERROR(INDEX(計算用!$M$2:$M$186,MATCH("男"&$A6&"-5",計算用!$AN$2:$AN$186,0)),"")) | R6: =IF($A6="","",IFERROR(INDEX(計算用!$I$2:$I$186,MATCH("男"&$A6&"-5",計算用!$AN$2:$AN$186,0)),"")) | T6: =IF(ROW()-3<=計算用!$Q$11,ROW()-3,"") | U6: =IF($T6="","",INDEX(計算用!$AC$2:$AC$51,$T6)) | V6: =IF($T6="","","赤"&INDEX(計算用!$AF$2:$AF$51,$T6)&"白"&INDEX(計算用!$AG$2:$AG$51,$T6)) | W6: =IF($T6="","",IFERROR(INDEX(計算用!$D$2:$D$186,MATCH("女"&$T6&"-1",計算用!$AN$2:$AN$186,0)),"")) | X6: =IF($T6="","",IFERROR(INDEX(計算用!$M$2:$M$186,MATCH("女"&$T6&"-1",計算用!$AN$2:$AN$186,0)),"")) | Y6: =IF($T6="","",IFERROR(INDEX(計算用!$I$2:$I$186,MATCH("女"&$T6&"-1",計算用!$AN$2:$AN$186,0)),"")) | Z6: =IF($T6="","",IFERROR(INDEX(計算用!$D$2:$D$186,MATCH("女"&$T6&"-2",計算用!$AN$2:$AN$186,0)),"")) | AA6: =IF($T6="","",IFERROR(INDEX(計算用!$M$2:$M$186,MATCH("女"&$T6&"-2",計算用!$AN$2:$AN$186,0)),"")) | AB6: =IF($T6="","",IFERROR(INDEX(計算用!$I$2:$I$186,MATCH("女"&$T6&"-2",計算用!$AN$2:$AN$186,0)),"")) | AC6: =IF($T6="","",IFERROR(INDEX(計算用!$D$2:$D$186,MATCH("女"&$T6&"-3",計算用!$AN$2:$AN$186,0)),"")) | AD6: =IF($T6="","",IFERROR(INDEX(計算用!$M$2:$M$186,MATCH("女"&$T6&"-3",計算用!$AN$2:$AN$186,0)),"")) | AE6: =IF($T6="","",IFERROR(INDEX(計算用!$I$2:$I$186,MATCH("女"&$T6&"-3",計算用!$AN$2:$AN$186,0)),"")) | AF6: =IF($T6="","",IFERROR(INDEX(計算用!$D$2:$D$186,MATCH("女"&$T6&"-4",計算用!$AN$2:$AN$186,0)),"")) | AG6: =IF($T6="","",IFERROR(INDEX(計算用!$M$2:$M$186,MATCH("女"&$T6&"-4",計算用!$AN$2:$AN$186,0)),"")) | AH6: =IF($T6="","",IFERROR(INDEX(計算用!$I$2:$I$186,MATCH("女"&$T6&"-4",計算用!$AN$2:$AN$186,0)),"")) | AI6: =IF($T6="","",IFERROR(INDEX(計算用!$D$2:$D$186,MATCH("女"&$T6&"-5",計算用!$AN$2:$AN$186,0)),"")) | AJ6: =IF($T6="","",IFERROR(INDEX(計算用!$M$2:$M$186,MATCH("女"&$T6&"-5",計算用!$AN$2:$AN$186,0)),"")) | AK6: =IF($T6="","",IFERROR(INDEX(計算用!$I$2:$I$186,MATCH("女"&$T6&"-5",計算用!$AN$2:$AN$186,0)),""))
A7: =IF(ROW()-3<=計算用!$Q$9,ROW()-3,"") | B7: =IF($A7="","",INDEX(計算用!$T$2:$T$51,$A7)) | C7: =IF($A7="","","赤"&INDEX(計算用!$W$2:$W$51,$A7)&"白"&INDEX(計算用!$X$2:$X$51,$A7)) | D7: =IF($A7="","",IFERROR(INDEX(計算用!$D$2:$D$186,MATCH("男"&$A7&"-1",計算用!$AN$2:$AN$186,0)),"")) | E7: =IF($A7="","",IFERROR(INDEX(計算用!$M$2:$M$186,MATCH("男"&$A7&"-1",計算用!$AN$2:$AN$186,0)),"")) | F7: =IF($A7="","",IFERROR(INDEX(計算用!$I$2:$I$186,MATCH("男"&$A7&"-1",計算用!$AN$2:$AN$186,0)),"")) | G7: =IF($A7="","",IFERROR(INDEX(計算用!$D$2:$D$186,MATCH("男"&$A7&"-2",計算用!$AN$2:$AN$186,0)),"")) | H7: =IF($A7="","",IFERROR(INDEX(計算用!$M$2:$M$186,MATCH("男"&$A7&"-2",計算用!$AN$2:$AN$186,0)),"")) | I7: =IF($A7="","",IFERROR(INDEX(計算用!$I$2:$I$186,MATCH("男"&$A7&"-2",計算用!$AN$2:$AN$186,0)),"")) | J7: =IF($A7="","",IFERROR(INDEX(計算用!$D$2:$D$186,MATCH("男"&$A7&"-3",計算用!$AN$2:$AN$186,0)),"")) | K7: =IF($A7="","",IFERROR(INDEX(計算用!$M$2:$M$186,MATCH("男"&$A7&"-3",計算用!$AN$2:$AN$186,0)),"")) | L7: =IF($A7="","",IFERROR(INDEX(計算用!$I$2:$I$186,MATCH("男"&$A7&"-3",計算用!$AN$2:$AN$186,0)),"")) | M7: =IF($A7="","",IFERROR(INDEX(計算用!$D$2:$D$186,MATCH("男"&$A7&"-4",計算用!$AN$2:$AN$186,0)),"")) | N7: =IF($A7="","",IFERROR(INDEX(計算用!$M$2:$M$186,MATCH("男"&$A7&"-4",計算用!$AN$2:$AN$186,0)),"")) | O7: =IF($A7="","",IFERROR(INDEX(計算用!$I$2:$I$186,MATCH("男"&$A7&"-4",計算用!$AN$2:$AN$186,0)),"")) | P7: =IF($A7="","",IFERROR(INDEX(計算用!$D$2:$D$186,MATCH("男"&$A7&"-5",計算用!$AN$2:$AN$186,0)),"")) | Q7: =IF($A7="","",IFERROR(INDEX(計算用!$M$2:$M$186,MATCH("男"&$A7&"-5",計算用!$AN$2:$AN$186,0)),"")) | R7: =IF($A7="","",IFERROR(INDEX(計算用!$I$2:$I$186,MATCH("男"&$A7&"-5",計算用!$AN$2:$AN$186,0)),"")) | T7: =IF(ROW()-3<=計算用!$Q$11,ROW()-3,"") | U7: =IF($T7="","",INDEX(計算用!$AC$2:$AC$51,$T7)) | V7: =IF($T7="","","赤"&INDEX(計算用!$AF$2:$AF$51,$T7)&"白"&INDEX(計算用!$AG$2:$AG$51,$T7)) | W7: =IF($T7="","",IFERROR(INDEX(計算用!$D$2:$D$186,MATCH("女"&$T7&"-1",計算用!$AN$2:$AN$186,0)),"")) | X7: =IF($T7="","",IFERROR(INDEX(計算用!$M$2:$M$186,MATCH("女"&$T7&"-1",計算用!$AN$2:$AN$186,0)),"")) | Y7: =IF($T7="","",IFERROR(INDEX(計算用!$I$2:$I$186,MATCH("女"&$T7&"-1",計算用!$AN$2:$AN$186,0)),"")) | Z7: =IF($T7="","",IFERROR(INDEX(計算用!$D$2:$D$186,MATCH("女"&$T7&"-2",計算用!$AN$2:$AN$186,0)),"")) | AA7: =IF($T7="","",IFERROR(INDEX(計算用!$M$2:$M$186,MATCH("女"&$T7&"-2",計算用!$AN$2:$AN$186,0)),"")) | AB7: =IF($T7="","",IFERROR(INDEX(計算用!$I$2:$I$186,MATCH("女"&$T7&"-2",計算用!$AN$2:$AN$186,0)),"")) | AC7: =IF($T7="","",IFERROR(INDEX(計算用!$D$2:$D$186,MATCH("女"&$T7&"-3",計算用!$AN$2:$AN$186,0)),"")) | AD7: =IF($T7="","",IFERROR(INDEX(計算用!$M$2:$M$186,MATCH("女"&$T7&"-3",計算用!$AN$2:$AN$186,0)),"")) | AE7: =IF($T7="","",IFERROR(INDEX(計算用!$I$2:$I$186,MATCH("女"&$T7&"-3",計算用!$AN$2:$AN$186,0)),"")) | AF7: =IF($T7="","",IFERROR(INDEX(計算用!$D$2:$D$186,MATCH("女"&$T7&"-4",計算用!$AN$2:$AN$186,0)),"")) | AG7: =IF($T7="","",IFERROR(INDEX(計算用!$M$2:$M$186,MATCH("女"&$T7&"-4",計算用!$AN$2:$AN$186,0)),"")) | AH7: =IF($T7="","",IFERROR(INDEX(計算用!$I$2:$I$186,MATCH("女"&$T7&"-4",計算用!$AN$2:$AN$186,0)),"")) | AI7: =IF($T7="","",IFERROR(INDEX(計算用!$D$2:$D$186,MATCH("女"&$T7&"-5",計算用!$AN$2:$AN$186,0)),"")) | AJ7: =IF($T7="","",IFERROR(INDEX(計算用!$M$2:$M$186,MATCH("女"&$T7&"-5",計算用!$AN$2:$AN$186,0)),"")) | AK7: =IF($T7="","",IFERROR(INDEX(計算用!$I$2:$I$186,MATCH("女"&$T7&"-5",計算用!$AN$2:$AN$186,0)),""))
A8: =IF(ROW()-3<=計算用!$Q$9,ROW()-3,"") | B8: =IF($A8="","",INDEX(計算用!$T$2:$T$51,$A8)) | C8: =IF($A8="","","赤"&INDEX(計算用!$W$2:$W$51,$A8)&"白"&INDEX(計算用!$X$2:$X$51,$A8)) | D8: =IF($A8="","",IFERROR(INDEX(計算用!$D$2:$D$186,MATCH("男"&$A8&"-1",計算用!$AN$2:$AN$186,0)),"")) | E8: =IF($A8="","",IFERROR(INDEX(計算用!$M$2:$M$186,MATCH("男"&$A8&"-1",計算用!$AN$2:$AN$186,0)),"")) | F8: =IF($A8="","",IFERROR(INDEX(計算用!$I$2:$I$186,MATCH("男"&$A8&"-1",計算用!$AN$2:$AN$186,0)),"")) | G8: =IF($A8="","",IFERROR(INDEX(計算用!$D$2:$D$186,MATCH("男"&$A8&"-2",計算用!$AN$2:$AN$186,0)),"")) | H8: =IF($A8="","",IFERROR(INDEX(計算用!$M$2:$M$186,MATCH("男"&$A8&"-2",計算用!$AN$2:$AN$186,0)),"")) | I8: =IF($A8="","",IFERROR(INDEX(計算用!$I$2:$I$186,MATCH("男"&$A8&"-2",計算用!$AN$2:$AN$186,0)),"")) | J8: =IF($A8="","",IFERROR(INDEX(計算用!$D$2:$D$186,MATCH("男"&$A8&"-3",計算用!$AN$2:$AN$186,0)),"")) | K8: =IF($A8="","",IFERROR(INDEX(計算用!$M$2:$M$186,MATCH("男"&$A8&"-3",計算用!$AN$2:$AN$186,0)),"")) | L8: =IF($A8="","",IFERROR(INDEX(計算用!$I$2:$I$186,MATCH("男"&$A8&"-3",計算用!$AN$2:$AN$186,0)),"")) | M8: =IF($A8="","",IFERROR(INDEX(計算用!$D$2:$D$186,MATCH("男"&$A8&"-4",計算用!$AN$2:$AN$186,0)),"")) | N8: =IF($A8="","",IFERROR(INDEX(計算用!$M$2:$M$186,MATCH("男"&$A8&"-4",計算用!$AN$2:$AN$186,0)),"")) | O8: =IF($A8="","",IFERROR(INDEX(計算用!$I$2:$I$186,MATCH("男"&$A8&"-4",計算用!$AN$2:$AN$186,0)),"")) | P8: =IF($A8="","",IFERROR(INDEX(計算用!$D$2:$D$186,MATCH("男"&$A8&"-5",計算用!$AN$2:$AN$186,0)),"")) | Q8: =IF($A8="","",IFERROR(INDEX(計算用!$M$2:$M$186,MATCH("男"&$A8&"-5",計算用!$AN$2:$AN$186,0)),"")) | R8: =IF($A8="","",IFERROR(INDEX(計算用!$I$2:$I$186,MATCH("男"&$A8&"-5",計算用!$AN$2:$AN$186,0)),"")) | T8: =IF(ROW()-3<=計算用!$Q$11,ROW()-3,"") | U8: =IF($T8="","",INDEX(計算用!$AC$2:$AC$51,$T8)) | V8: =IF($T8="","","赤"&INDEX(計算用!$AF$2:$AF$51,$T8)&"白"&INDEX(計算用!$AG$2:$AG$51,$T8)) | W8: =IF($T8="","",IFERROR(INDEX(計算用!$D$2:$D$186,MATCH("女"&$T8&"-1",計算用!$AN$2:$AN$186,0)),"")) | X8: =IF($T8="","",IFERROR(INDEX(計算用!$M$2:$M$186,MATCH("女"&$T8&"-1",計算用!$AN$2:$AN$186,0)),"")) | Y8: =IF($T8="","",IFERROR(INDEX(計算用!$I$2:$I$186,MATCH("女"&$T8&"-1",計算用!$AN$2:$AN$186,0)),"")) | Z8: =IF($T8="","",IFERROR(INDEX(計算用!$D$2:$D$186,MATCH("女"&$T8&"-2",計算用!$AN$2:$AN$186,0)),"")) | AA8: =IF($T8="","",IFERROR(INDEX(計算用!$M$2:$M$186,MATCH("女"&$T8&"-2",計算用!$AN$2:$AN$186,0)),"")) | AB8: =IF($T8="","",IFERROR(INDEX(計算用!$I$2:$I$186,MATCH("女"&$T8&"-2",計算用!$AN$2:$AN$186,0)),"")) | AC8: =IF($T8="","",IFERROR(INDEX(計算用!$D$2:$D$186,MATCH("女"&$T8&"-3",計算用!$AN$2:$AN$186,0)),"")) | AD8: =IF($T8="","",IFERROR(INDEX(計算用!$M$2:$M$186,MATCH("女"&$T8&"-3",計算用!$AN$2:$AN$186,0)),"")) | AE8: =IF($T8="","",IFERROR(INDEX(計算用!$I$2:$I$186,MATCH("女"&$T8&"-3",計算用!$AN$2:$AN$186,0)),"")) | AF8: =IF($T8="","",IFERROR(INDEX(計算用!$D$2:$D$186,MATCH("女"&$T8&"-4",計算用!$AN$2:$AN$186,0)),"")) | AG8: =IF($T8="","",IFERROR(INDEX(計算用!$M$2:$M$186,MATCH("女"&$T8&"-4",計算用!$AN$2:$AN$186,0)),"")) | AH8: =IF($T8="","",IFERROR(INDEX(計算用!$I$2:$I$186,MATCH("女"&$T8&"-4",計算用!$AN$2:$AN$186,0)),"")) | AI8: =IF($T8="","",IFERROR(INDEX(計算用!$D$2:$D$186,MATCH("女"&$T8&"-5",計算用!$AN$2:$AN$186,0)),"")) | AJ8: =IF($T8="","",IFERROR(INDEX(計算用!$M$2:$M$186,MATCH("女"&$T8&"-5",計算用!$AN$2:$AN$186,0)),"")) | AK8: =IF($T8="","",IFERROR(INDEX(計算用!$I$2:$I$186,MATCH("女"&$T8&"-5",計算用!$AN$2:$AN$186,0)),""))
A9: =IF(ROW()-3<=計算用!$Q$9,ROW()-3,"") | B9: =IF($A9="","",INDEX(計算用!$T$2:$T$51,$A9)) | C9: =IF($A9="","","赤"&INDEX(計算用!$W$2:$W$51,$A9)&"白"&INDEX(計算用!$X$2:$X$51,$A9)) | D9: =IF($A9="","",IFERROR(INDEX(計算用!$D$2:$D$186,MATCH("男"&$A9&"-1",計算用!$AN$2:$AN$186,0)),"")) | E9: =IF($A9="","",IFERROR(INDEX(計算用!$M$2:$M$186,MATCH("男"&$A9&"-1",計算用!$AN$2:$AN$186,0)),"")) | F9: =IF($A9="","",IFERROR(INDEX(計算用!$I$2:$I$186,MATCH("男"&$A9&"-1",計算用!$AN$2:$AN$186,0)),"")) | G9: =IF($A9="","",IFERROR(INDEX(計算用!$D$2:$D$186,MATCH("男"&$A9&"-2",計算用!$AN$2:$AN$186,0)),"")) | H9: =IF($A9="","",IFERROR(INDEX(計算用!$M$2:$M$186,MATCH("男"&$A9&"-2",計算用!$AN$2:$AN$186,0)),"")) | I9: =IF($A9="","",IFERROR(INDEX(計算用!$I$2:$I$186,MATCH("男"&$A9&"-2",計算用!$AN$2:$AN$186,0)),"")) | J9: =IF($A9="","",IFERROR(INDEX(計算用!$D$2:$D$186,MATCH("男"&$A9&"-3",計算用!$AN$2:$AN$186,0)),"")) | K9: =IF($A9="","",IFERROR(INDEX(計算用!$M$2:$M$186,MATCH("男"&$A9&"-3",計算用!$AN$2:$AN$186,0)),"")) | L9: =IF($A9="","",IFERROR(INDEX(計算用!$I$2:$I$186,MATCH("男"&$A9&"-3",計算用!$AN$2:$AN$186,0)),"")) | M9: =IF($A9="","",IFERROR(INDEX(計算用!$D$2:$D$186,MATCH("男"&$A9&"-4",計算用!$AN$2:$AN$186,0)),"")) | N9: =IF($A9="","",IFERROR(INDEX(計算用!$M$2:$M$186,MATCH("男"&$A9&"-4",計算用!$AN$2:$AN$186,0)),"")) | O9: =IF($A9="","",IFERROR(INDEX(計算用!$I$2:$I$186,MATCH("男"&$A9&"-4",計算用!$AN$2:$AN$186,0)),"")) | P9: =IF($A9="","",IFERROR(INDEX(計算用!$D$2:$D$186,MATCH("男"&$A9&"-5",計算用!$AN$2:$AN$186,0)),"")) | Q9: =IF($A9="","",IFERROR(INDEX(計算用!$M$2:$M$186,MATCH("男"&$A9&"-5",計算用!$AN$2:$AN$186,0)),"")) | R9: =IF($A9="","",IFERROR(INDEX(計算用!$I$2:$I$186,MATCH("男"&$A9&"-5",計算用!$AN$2:$AN$186,0)),"")) | T9: =IF(ROW()-3<=計算用!$Q$11,ROW()-3,"") | U9: =IF($T9="","",INDEX(計算用!$AC$2:$AC$51,$T9)) | V9: =IF($T9="","","赤"&INDEX(計算用!$AF$2:$AF$51,$T9)&"白"&INDEX(計算用!$AG$2:$AG$51,$T9)) | W9: =IF($T9="","",IFERROR(INDEX(計算用!$D$2:$D$186,MATCH("女"&$T9&"-1",計算用!$AN$2:$AN$186,0)),"")) | X9: =IF($T9="","",IFERROR(INDEX(計算用!$M$2:$M$186,MATCH("女"&$T9&"-1",計算用!$AN$2:$AN$186,0)),"")) | Y9: =IF($T9="","",IFERROR(INDEX(計算用!$I$2:$I$186,MATCH("女"&$T9&"-1",計算用!$AN$2:$AN$186,0)),"")) | Z9: =IF($T9="","",IFERROR(INDEX(計算用!$D$2:$D$186,MATCH("女"&$T9&"-2",計算用!$AN$2:$AN$186,0)),"")) | AA9: =IF($T9="","",IFERROR(INDEX(計算用!$M$2:$M$186,MATCH("女"&$T9&"-2",計算用!$AN$2:$AN$186,0)),"")) | AB9: =IF($T9="","",IFERROR(INDEX(計算用!$I$2:$I$186,MATCH("女"&$T9&"-2",計算用!$AN$2:$AN$186,0)),"")) | AC9: =IF($T9="","",IFERROR(INDEX(計算用!$D$2:$D$186,MATCH("女"&$T9&"-3",計算用!$AN$2:$AN$186,0)),"")) | AD9: =IF($T9="","",IFERROR(INDEX(計算用!$M$2:$M$186,MATCH("女"&$T9&"-3",計算用!$AN$2:$AN$186,0)),"")) | AE9: =IF($T9="","",IFERROR(INDEX(計算用!$I$2:$I$186,MATCH("女"&$T9&"-3",計算用!$AN$2:$AN$186,0)),"")) | AF9: =IF($T9="","",IFERROR(INDEX(計算用!$D$2:$D$186,MATCH("女"&$T9&"-4",計算用!$AN$2:$AN$186,0)),"")) | AG9: =IF($T9="","",IFERROR(INDEX(計算用!$M$2:$M$186,MATCH("女"&$T9&"-4",計算用!$AN$2:$AN$186,0)),"")) | AH9: =IF($T9="","",IFERROR(INDEX(計算用!$I$2:$I$186,MATCH("女"&$T9&"-4",計算用!$AN$2:$AN$186,0)),"")) | AI9: =IF($T9="","",IFERROR(INDEX(計算用!$D$2:$D$186,MATCH("女"&$T9&"-5",計算用!$AN$2:$AN$186,0)),"")) | AJ9: =IF($T9="","",IFERROR(INDEX(計算用!$M$2:$M$186,MATCH("女"&$T9&"-5",計算用!$AN$2:$AN$186,0)),"")) | AK9: =IF($T9="","",IFERROR(INDEX(計算用!$I$2:$I$186,MATCH("女"&$T9&"-5",計算用!$AN$2:$AN$186,0)),""))
A10: =IF(ROW()-3<=計算用!$Q$9,ROW()-3,"") | B10: =IF($A10="","",INDEX(計算用!$T$2:$T$51,$A10)) | C10: =IF($A10="","","赤"&INDEX(計算用!$W$2:$W$51,$A10)&"白"&INDEX(計算用!$X$2:$X$51,$A10)) | D10: =IF($A10="","",IFERROR(INDEX(計算用!$D$2:$D$186,MATCH("男"&$A10&"-1",計算用!$AN$2:$AN$186,0)),"")) | E10: =IF($A10="","",IFERROR(INDEX(計算用!$M$2:$M$186,MATCH("男"&$A10&"-1",計算用!$AN$2:$AN$186,0)),"")) | F10: =IF($A10="","",IFERROR(INDEX(計算用!$I$2:$I$186,MATCH("男"&$A10&"-1",計算用!$AN$2:$AN$186,0)),"")) | G10: =IF($A10="","",IFERROR(INDEX(計算用!$D$2:$D$186,MATCH("男"&$A10&"-2",計算用!$AN$2:$AN$186,0)),"")) | H10: =IF($A10="","",IFERROR(INDEX(計算用!$M$2:$M$186,MATCH("男"&$A10&"-2",計算用!$AN$2:$AN$186,0)),"")) | I10: =IF($A10="","",IFERROR(INDEX(計算用!$I$2:$I$186,MATCH("男"&$A10&"-2",計算用!$AN$2:$AN$186,0)),"")) | J10: =IF($A10="","",IFERROR(INDEX(計算用!$D$2:$D$186,MATCH("男"&$A10&"-3",計算用!$AN$2:$AN$186,0)),"")) | K10: =IF($A10="","",IFERROR(INDEX(計算用!$M$2:$M$186,MATCH("男"&$A10&"-3",計算用!$AN$2:$AN$186,0)),"")) | L10: =IF($A10="","",IFERROR(INDEX(計算用!$I$2:$I$186,MATCH("男"&$A10&"-3",計算用!$AN$2:$AN$186,0)),"")) | M10: =IF($A10="","",IFERROR(INDEX(計算用!$D$2:$D$186,MATCH("男"&$A10&"-4",計算用!$AN$2:$AN$186,0)),"")) | N10: =IF($A10="","",IFERROR(INDEX(計算用!$M$2:$M$186,MATCH("男"&$A10&"-4",計算用!$AN$2:$AN$186,0)),"")) | O10: =IF($A10="","",IFERROR(INDEX(計算用!$I$2:$I$186,MATCH("男"&$A10&"-4",計算用!$AN$2:$AN$186,0)),"")) | P10: =IF($A10="","",IFERROR(INDEX(計算用!$D$2:$D$186,MATCH("男"&$A10&"-5",計算用!$AN$2:$AN$186,0)),"")) | Q10: =IF($A10="","",IFERROR(INDEX(計算用!$M$2:$M$186,MATCH("男"&$A10&"-5",計算用!$AN$2:$AN$186,0)),"")) | R10: =IF($A10="","",IFERROR(INDEX(計算用!$I$2:$I$186,MATCH("男"&$A10&"-5",計算用!$AN$2:$AN$186,0)),"")) | T10: =IF(ROW()-3<=計算用!$Q$11,ROW()-3,"") | U10: =IF($T10="","",INDEX(計算用!$AC$2:$AC$51,$T10)) | V10: =IF($T10="","","赤"&INDEX(計算用!$AF$2:$AF$51,$T10)&"白"&INDEX(計算用!$AG$2:$AG$51,$T10)) | W10: =IF($T10="","",IFERROR(INDEX(計算用!$D$2:$D$186,MATCH("女"&$T10&"-1",計算用!$AN$2:$AN$186,0)),"")) | X10: =IF($T10="","",IFERROR(INDEX(計算用!$M$2:$M$186,MATCH("女"&$T10&"-1",計算用!$AN$2:$AN$186,0)),"")) | Y10: =IF($T10="","",IFERROR(INDEX(計算用!$I$2:$I$186,MATCH("女"&$T10&"-1",計算用!$AN$2:$AN$186,0)),"")) | Z10: =IF($T10="","",IFERROR(INDEX(計算用!$D$2:$D$186,MATCH("女"&$T10&"-2",計算用!$AN$2:$AN$186,0)),"")) | AA10: =IF($T10="","",IFERROR(INDEX(計算用!$M$2:$M$186,MATCH("女"&$T10&"-2",計算用!$AN$2:$AN$186,0)),"")) | AB10: =IF($T10="","",IFERROR(INDEX(計算用!$I$2:$I$186,MATCH("女"&$T10&"-2",計算用!$AN$2:$AN$186,0)),"")) | AC10: =IF($T10="","",IFERROR(INDEX(計算用!$D$2:$D$186,MATCH("女"&$T10&"-3",計算用!$AN$2:$AN$186,0)),"")) | AD10: =IF($T10="","",IFERROR(INDEX(計算用!$M$2:$M$186,MATCH("女"&$T10&"-3",計算用!$AN$2:$AN$186,0)),"")) | AE10: =IF($T10="","",IFERROR(INDEX(計算用!$I$2:$I$186,MATCH("女"&$T10&"-3",計算用!$AN$2:$AN$186,0)),"")) | AF10: =IF($T10="","",IFERROR(INDEX(計算用!$D$2:$D$186,MATCH("女"&$T10&"-4",計算用!$AN$2:$AN$186,0)),"")) | AG10: =IF($T10="","",IFERROR(INDEX(計算用!$M$2:$M$186,MATCH("女"&$T10&"-4",計算用!$AN$2:$AN$186,0)),"")) | AH10: =IF($T10="","",IFERROR(INDEX(計算用!$I$2:$I$186,MATCH("女"&$T10&"-4",計算用!$AN$2:$AN$186,0)),"")) | AI10: =IF($T10="","",IFERROR(INDEX(計算用!$D$2:$D$186,MATCH("女"&$T10&"-5",計算用!$AN$2:$AN$186,0)),"")) | AJ10: =IF($T10="","",IFERROR(INDEX(計算用!$M$2:$M$186,MATCH("女"&$T10&"-5",計算用!$AN$2:$AN$186,0)),"")) | AK10: =IF($T10="","",IFERROR(INDEX(計算用!$I$2:$I$186,MATCH("女"&$T10&"-5",計算用!$AN$2:$AN$186,0)),""))
A11: =IF(ROW()-3<=計算用!$Q$9,ROW()-3,"") | B11: =IF($A11="","",INDEX(計算用!$T$2:$T$51,$A11)) | C11: =IF($A11="","","赤"&INDEX(計算用!$W$2:$W$51,$A11)&"白"&INDEX(計算用!$X$2:$X$51,$A11)) | D11: =IF($A11="","",IFERROR(INDEX(計算用!$D$2:$D$186,MATCH("男"&$A11&"-1",計算用!$AN$2:$AN$186,0)),"")) | E11: =IF($A11="","",IFERROR(INDEX(計算用!$M$2:$M$186,MATCH("男"&$A11&"-1",計算用!$AN$2:$AN$186,0)),"")) | F11: =IF($A11="","",IFERROR(INDEX(計算用!$I$2:$I$186,MATCH("男"&$A11&"-1",計算用!$AN$2:$AN$186,0)),"")) | G11: =IF($A11="","",IFERROR(INDEX(計算用!$D$2:$D$186,MATCH("男"&$A11&"-2",計算用!$AN$2:$AN$186,0)),"")) | H11: =IF($A11="","",IFERROR(INDEX(計算用!$M$2:$M$186,MATCH("男"&$A11&"-2",計算用!$AN$2:$AN$186,0)),"")) | I11: =IF($A11="","",IFERROR(INDEX(計算用!$I$2:$I$186,MATCH("男"&$A11&"-2",計算用!$AN$2:$AN$186,0)),"")) | J11: =IF($A11="","",IFERROR(INDEX(計算用!$D$2:$D$186,MATCH("男"&$A11&"-3",計算用!$AN$2:$AN$186,0)),"")) | K11: =IF($A11="","",IFERROR(INDEX(計算用!$M$2:$M$186,MATCH("男"&$A11&"-3",計算用!$AN$2:$AN$186,0)),"")) | L11: =IF($A11="","",IFERROR(INDEX(計算用!$I$2:$I$186,MATCH("男"&$A11&"-3",計算用!$AN$2:$AN$186,0)),"")) | M11: =IF($A11="","",IFERROR(INDEX(計算用!$D$2:$D$186,MATCH("男"&$A11&"-4",計算用!$AN$2:$AN$186,0)),"")) | N11: =IF($A11="","",IFERROR(INDEX(計算用!$M$2:$M$186,MATCH("男"&$A11&"-4",計算用!$AN$2:$AN$186,0)),"")) | O11: =IF($A11="","",IFERROR(INDEX(計算用!$I$2:$I$186,MATCH("男"&$A11&"-4",計算用!$AN$2:$AN$186,0)),"")) | P11: =IF($A11="","",IFERROR(INDEX(計算用!$D$2:$D$186,MATCH("男"&$A11&"-5",計算用!$AN$2:$AN$186,0)),"")) | Q11: =IF($A11="","",IFERROR(INDEX(計算用!$M$2:$M$186,MATCH("男"&$A11&"-5",計算用!$AN$2:$AN$186,0)),"")) | R11: =IF($A11="","",IFERROR(INDEX(計算用!$I$2:$I$186,MATCH("男"&$A11&"-5",計算用!$AN$2:$AN$186,0)),"")) | T11: =IF(ROW()-3<=計算用!$Q$11,ROW()-3,"") | U11: =IF($T11="","",INDEX(計算用!$AC$2:$AC$51,$T11)) | V11: =IF($T11="","","赤"&INDEX(計算用!$AF$2:$AF$51,$T11)&"白"&INDEX(計算用!$AG$2:$AG$51,$T11)) | W11: =IF($T11="","",IFERROR(INDEX(計算用!$D$2:$D$186,MATCH("女"&$T11&"-1",計算用!$AN$2:$AN$186,0)),"")) | X11: =IF($T11="","",IFERROR(INDEX(計算用!$M$2:$M$186,MATCH("女"&$T11&"-1",計算用!$AN$2:$AN$186,0)),"")) | Y11: =IF($T11="","",IFERROR(INDEX(計算用!$I$2:$I$186,MATCH("女"&$T11&"-1",計算用!$AN$2:$AN$186,0)),"")) | Z11: =IF($T11="","",IFERROR(INDEX(計算用!$D$2:$D$186,MATCH("女"&$T11&"-2",計算用!$AN$2:$AN$186,0)),"")) | AA11: =IF($T11="","",IFERROR(INDEX(計算用!$M$2:$M$186,MATCH("女"&$T11&"-2",計算用!$AN$2:$AN$186,0)),"")) | AB11: =IF($T11="","",IFERROR(INDEX(計算用!$I$2:$I$186,MATCH("女"&$T11&"-2",計算用!$AN$2:$AN$186,0)),"")) | AC11: =IF($T11="","",IFERROR(INDEX(計算用!$D$2:$D$186,MATCH("女"&$T11&"-3",計算用!$AN$2:$AN$186,0)),"")) | AD11: =IF($T11="","",IFERROR(INDEX(計算用!$M$2:$M$186,MATCH("女"&$T11&"-3",計算用!$AN$2:$AN$186,0)),"")) | AE11: =IF($T11="","",IFERROR(INDEX(計算用!$I$2:$I$186,MATCH("女"&$T11&"-3",計算用!$AN$2:$AN$186,0)),"")) | AF11: =IF($T11="","",IFERROR(INDEX(計算用!$D$2:$D$186,MATCH("女"&$T11&"-4",計算用!$AN$2:$AN$186,0)),"")) | AG11: =IF($T11="","",IFERROR(INDEX(計算用!$M$2:$M$186,MATCH("女"&$T11&"-4",計算用!$AN$2:$AN$186,0)),"")) | AH11: =IF($T11="","",IFERROR(INDEX(計算用!$I$2:$I$186,MATCH("女"&$T11&"-4",計算用!$AN$2:$AN$186,0)),"")) | AI11: =IF($T11="","",IFERROR(INDEX(計算用!$D$2:$D$186,MATCH("女"&$T11&"-5",計算用!$AN$2:$AN$186,0)),"")) | AJ11: =IF($T11="","",IFERROR(INDEX(計算用!$M$2:$M$186,MATCH("女"&$T11&"-5",計算用!$AN$2:$AN$186,0)),"")) | AK11: =IF($T11="","",IFERROR(INDEX(計算用!$I$2:$I$186,MATCH("女"&$T11&"-5",計算用!$AN$2:$AN$186,0)),""))
A12: =IF(ROW()-3<=計算用!$Q$9,ROW()-3,"") | B12: =IF($A12="","",INDEX(計算用!$T$2:$T$51,$A12)) | C12: =IF($A12="","","赤"&INDEX(計算用!$W$2:$W$51,$A12)&"白"&INDEX(計算用!$X$2:$X$51,$A12)) | D12: =IF($A12="","",IFERROR(INDEX(計算用!$D$2:$D$186,MATCH("男"&$A12&"-1",計算用!$AN$2:$AN$186,0)),"")) | E12: =IF($A12="","",IFERROR(INDEX(計算用!$M$2:$M$186,MATCH("男"&$A12&"-1",計算用!$AN$2:$AN$186,0)),"")) | F12: =IF($A12="","",IFERROR(INDEX(計算用!$I$2:$I$186,MATCH("男"&$A12&"-1",計算用!$AN$2:$AN$186,0)),"")) | G12: =IF($A12="","",IFERROR(INDEX(計算用!$D$2:$D$186,MATCH("男"&$A12&"-2",計算用!$AN$2:$AN$186,0)),"")) | H12: =IF($A12="","",IFERROR(INDEX(計算用!$M$2:$M$186,MATCH("男"&$A12&"-2",計算用!$AN$2:$AN$186,0)),"")) | I12: =IF($A12="","",IFERROR(INDEX(計算用!$I$2:$I$186,MATCH("男"&$A12&"-2",計算用!$AN$2:$AN$186,0)),"")) | J12: =IF($A12="","",IFERROR(INDEX(計算用!$D$2:$D$186,MATCH("男"&$A12&"-3",計算用!$AN$2:$AN$186,0)),"")) | K12: =IF($A12="","",IFERROR(INDEX(計算用!$M$2:$M$186,MATCH("男"&$A12&"-3",計算用!$AN$2:$AN$186,0)),"")) | L12: =IF($A12="","",IFERROR(INDEX(計算用!$I$2:$I$186,MATCH("男"&$A12&"-3",計算用!$AN$2:$AN$186,0)),"")) | M12: =IF($A12="","",IFERROR(INDEX(計算用!$D$2:$D$186,MATCH("男"&$A12&"-4",計算用!$AN$2:$AN$186,0)),"")) | N12: =IF($A12="","",IFERROR(INDEX(計算用!$M$2:$M$186,MATCH("男"&$A12&"-4",計算用!$AN$2:$AN$186,0)),"")) | O12: =IF($A12="","",IFERROR(INDEX(計算用!$I$2:$I$186,MATCH("男"&$A12&"-4",計算用!$AN$2:$AN$186,0)),"")) | P12: =IF($A12="","",IFERROR(INDEX(計算用!$D$2:$D$186,MATCH("男"&$A12&"-5",計算用!$AN$2:$AN$186,0)),"")) | Q12: =IF($A12="","",IFERROR(INDEX(計算用!$M$2:$M$186,MATCH("男"&$A12&"-5",計算用!$AN$2:$AN$186,0)),"")) | R12: =IF($A12="","",IFERROR(INDEX(計算用!$I$2:$I$186,MATCH("男"&$A12&"-5",計算用!$AN$2:$AN$186,0)),"")) | T12: =IF(ROW()-3<=計算用!$Q$11,ROW()-3,"") | U12: =IF($T12="","",INDEX(計算用!$AC$2:$AC$51,$T12)) | V12: =IF($T12="","","赤"&INDEX(計算用!$AF$2:$AF$51,$T12)&"白"&INDEX(計算用!$AG$2:$AG$51,$T12)) | W12: =IF($T12="","",IFERROR(INDEX(計算用!$D$2:$D$186,MATCH("女"&$T12&"-1",計算用!$AN$2:$AN$186,0)),"")) | X12: =IF($T12="","",IFERROR(INDEX(計算用!$M$2:$M$186,MATCH("女"&$T12&"-1",計算用!$AN$2:$AN$186,0)),"")) | Y12: =IF($T12="","",IFERROR(INDEX(計算用!$I$2:$I$186,MATCH("女"&$T12&"-1",計算用!$AN$2:$AN$186,0)),"")) | Z12: =IF($T12="","",IFERROR(INDEX(計算用!$D$2:$D$186,MATCH("女"&$T12&"-2",計算用!$AN$2:$AN$186,0)),"")) | AA12: =IF($T12="","",IFERROR(INDEX(計算用!$M$2:$M$186,MATCH("女"&$T12&"-2",計算用!$AN$2:$AN$186,0)),"")) | AB12: =IF($T12="","",IFERROR(INDEX(計算用!$I$2:$I$186,MATCH("女"&$T12&"-2",計算用!$AN$2:$AN$186,0)),"")) | AC12: =IF($T12="","",IFERROR(INDEX(計算用!$D$2:$D$186,MATCH("女"&$T12&"-3",計算用!$AN$2:$AN$186,0)),"")) | AD12: =IF($T12="","",IFERROR(INDEX(計算用!$M$2:$M$186,MATCH("女"&$T12&"-3",計算用!$AN$2:$AN$186,0)),"")) | AE12: =IF($T12="","",IFERROR(INDEX(計算用!$I$2:$I$186,MATCH("女"&$T12&"-3",計算用!$AN$2:$AN$186,0)),"")) | AF12: =IF($T12="","",IFERROR(INDEX(計算用!$D$2:$D$186,MATCH("女"&$T12&"-4",計算用!$AN$2:$AN$186,0)),"")) | AG12: =IF($T12="","",IFERROR(INDEX(計算用!$M$2:$M$186,MATCH("女"&$T12&"-4",計算用!$AN$2:$AN$186,0)),"")) | AH12: =IF($T12="","",IFERROR(INDEX(計算用!$I$2:$I$186,MATCH("女"&$T12&"-4",計算用!$AN$2:$AN$186,0)),"")) | AI12: =IF($T12="","",IFERROR(INDEX(計算用!$D$2:$D$186,MATCH("女"&$T12&"-5",計算用!$AN$2:$AN$186,0)),"")) | AJ12: =IF($T12="","",IFERROR(INDEX(計算用!$M$2:$M$186,MATCH("女"&$T12&"-5",計算用!$AN$2:$AN$186,0)),"")) | AK12: =IF($T12="","",IFERROR(INDEX(計算用!$I$2:$I$186,MATCH("女"&$T12&"-5",計算用!$AN$2:$AN$186,0)),""))
A13: =IF(ROW()-3<=計算用!$Q$9,ROW()-3,"") | B13: =IF($A13="","",INDEX(計算用!$T$2:$T$51,$A13)) | C13: =IF($A13="","","赤"&INDEX(計算用!$W$2:$W$51,$A13)&"白"&INDEX(計算用!$X$2:$X$51,$A13)) | D13: =IF($A13="","",IFERROR(INDEX(計算用!$D$2:$D$186,MATCH("男"&$A13&"-1",計算用!$AN$2:$AN$186,0)),"")) | E13: =IF($A13="","",IFERROR(INDEX(計算用!$M$2:$M$186,MATCH("男"&$A13&"-1",計算用!$AN$2:$AN$186,0)),"")) | F13: =IF($A13="","",IFERROR(INDEX(計算用!$I$2:$I$186,MATCH("男"&$A13&"-1",計算用!$AN$2:$AN$186,0)),"")) | G13: =IF($A13="","",IFERROR(INDEX(計算用!$D$2:$D$186,MATCH("男"&$A13&"-2",計算用!$AN$2:$AN$186,0)),"")) | H13: =IF($A13="","",IFERROR(INDEX(計算用!$M$2:$M$186,MATCH("男"&$A13&"-2",計算用!$AN$2:$AN$186,0)),"")) | I13: =IF($A13="","",IFERROR(INDEX(計算用!$I$2:$I$186,MATCH("男"&$A13&"-2",計算用!$AN$2:$AN$186,0)),"")) | J13: =IF($A13="","",IFERROR(INDEX(計算用!$D$2:$D$186,MATCH("男"&$A13&"-3",計算用!$AN$2:$AN$186,0)),"")) | K13: =IF($A13="","",IFERROR(INDEX(計算用!$M$2:$M$186,MATCH("男"&$A13&"-3",計算用!$AN$2:$AN$186,0)),"")) | L13: =IF($A13="","",IFERROR(INDEX(計算用!$I$2:$I$186,MATCH("男"&$A13&"-3",計算用!$AN$2:$AN$186,0)),"")) | M13: =IF($A13="","",IFERROR(INDEX(計算用!$D$2:$D$186,MATCH("男"&$A13&"-4",計算用!$AN$2:$AN$186,0)),"")) | N13: =IF($A13="","",IFERROR(INDEX(計算用!$M$2:$M$186,MATCH("男"&$A13&"-4",計算用!$AN$2:$AN$186,0)),"")) | O13: =IF($A13="","",IFERROR(INDEX(計算用!$I$2:$I$186,MATCH("男"&$A13&"-4",計算用!$AN$2:$AN$186,0)),"")) | P13: =IF($A13="","",IFERROR(INDEX(計算用!$D$2:$D$186,MATCH("男"&$A13&"-5",計算用!$AN$2:$AN$186,0)),"")) | Q13: =IF($A13="","",IFERROR(INDEX(計算用!$M$2:$M$186,MATCH("男"&$A13&"-5",計算用!$AN$2:$AN$186,0)),"")) | R13: =IF($A13="","",IFERROR(INDEX(計算用!$I$2:$I$186,MATCH("男"&$A13&"-5",計算用!$AN$2:$AN$186,0)),"")) | T13: =IF(ROW()-3<=計算用!$Q$11,ROW()-3,"") | U13: =IF($T13="","",INDEX(計算用!$AC$2:$AC$51,$T13)) | V13: =IF($T13="","","赤"&INDEX(計算用!$AF$2:$AF$51,$T13)&"白"&INDEX(計算用!$AG$2:$AG$51,$T13)) | W13: =IF($T13="","",IFERROR(INDEX(計算用!$D$2:$D$186,MATCH("女"&$T13&"-1",計算用!$AN$2:$AN$186,0)),"")) | X13: =IF($T13="","",IFERROR(INDEX(計算用!$M$2:$M$186,MATCH("女"&$T13&"-1",計算用!$AN$2:$AN$186,0)),"")) | Y13: =IF($T13="","",IFERROR(INDEX(計算用!$I$2:$I$186,MATCH("女"&$T13&"-1",計算用!$AN$2:$AN$186,0)),"")) | Z13: =IF($T13="","",IFERROR(INDEX(計算用!$D$2:$D$186,MATCH("女"&$T13&"-2",計算用!$AN$2:$AN$186,0)),"")) | AA13: =IF($T13="","",IFERROR(INDEX(計算用!$M$2:$M$186,MATCH("女"&$T13&"-2",計算用!$AN$2:$AN$186,0)),"")) | AB13: =IF($T13="","",IFERROR(INDEX(計算用!$I$2:$I$186,MATCH("女"&$T13&"-2",計算用!$AN$2:$AN$186,0)),"")) | AC13: =IF($T13="","",IFERROR(INDEX(計算用!$D$2:$D$186,MATCH("女"&$T13&"-3",計算用!$AN$2:$AN$186,0)),"")) | AD13: =IF($T13="","",IFERROR(INDEX(計算用!$M$2:$M$186,MATCH("女"&$T13&"-3",計算用!$AN$2:$AN$186,0)),"")) | AE13: =IF($T13="","",IFERROR(INDEX(計算用!$I$2:$I$186,MATCH("女"&$T13&"-3",計算用!$AN$2:$AN$186,0)),"")) | AF13: =IF($T13="","",IFERROR(INDEX(計算用!$D$2:$D$186,MATCH("女"&$T13&"-4",計算用!$AN$2:$AN$186,0)),"")) | AG13: =IF($T13="","",IFERROR(INDEX(計算用!$M$2:$M$186,MATCH("女"&$T13&"-4",計算用!$AN$2:$AN$186,0)),"")) | AH13: =IF($T13="","",IFERROR(INDEX(計算用!$I$2:$I$186,MATCH("女"&$T13&"-4",計算用!$AN$2:$AN$186,0)),"")) | AI13: =IF($T13="","",IFERROR(INDEX(計算用!$D$2:$D$186,MATCH("女"&$T13&"-5",計算用!$AN$2:$AN$186,0)),"")) | AJ13: =IF($T13="","",IFERROR(INDEX(計算用!$M$2:$M$186,MATCH("女"&$T13&"-5",計算用!$AN$2:$AN$186,0)),"")) | AK13: =IF($T13="","",IFERROR(INDEX(計算用!$I$2:$I$186,MATCH("女"&$T13&"-5",計算用!$AN$2:$AN$186,0)),""))
A14: =IF(ROW()-3<=計算用!$Q$9,ROW()-3,"") | B14: =IF($A14="","",INDEX(計算用!$T$2:$T$51,$A14)) | C14: =IF($A14="","","赤"&INDEX(計算用!$W$2:$W$51,$A14)&"白"&INDEX(計算用!$X$2:$X$51,$A14)) | D14: =IF($A14="","",IFERROR(INDEX(計算用!$D$2:$D$186,MATCH("男"&$A14&"-1",計算用!$AN$2:$AN$186,0)),"")) | E14: =IF($A14="","",IFERROR(INDEX(計算用!$M$2:$M$186,MATCH("男"&$A14&"-1",計算用!$AN$2:$AN$186,0)),"")) | F14: =IF($A14="","",IFERROR(INDEX(計算用!$I$2:$I$186,MATCH("男"&$A14&"-1",計算用!$AN$2:$AN$186,0)),"")) | G14: =IF($A14="","",IFERROR(INDEX(計算用!$D$2:$D$186,MATCH("男"&$A14&"-2",計算用!$AN$2:$AN$186,0)),"")) | H14: =IF($A14="","",IFERROR(INDEX(計算用!$M$2:$M$186,MATCH("男"&$A14&"-2",計算用!$AN$2:$AN$186,0)),"")) | I14: =IF($A14="","",IFERROR(INDEX(計算用!$I$2:$I$186,MATCH("男"&$A14&"-2",計算用!$AN$2:$AN$186,0)),"")) | J14: =IF($A14="","",IFERROR(INDEX(計算用!$D$2:$D$186,MATCH("男"&$A14&"-3",計算用!$AN$2:$AN$186,0)),"")) | K14: =IF($A14="","",IFERROR(INDEX(計算用!$M$2:$M$186,MATCH("男"&$A14&"-3",計算用!$AN$2:$AN$186,0)),"")) | L14: =IF($A14="","",IFERROR(INDEX(計算用!$I$2:$I$186,MATCH("男"&$A14&"-3",計算用!$AN$2:$AN$186,0)),"")) | M14: =IF($A14="","",IFERROR(INDEX(計算用!$D$2:$D$186,MATCH("男"&$A14&"-4",計算用!$AN$2:$AN$186,0)),"")) | N14: =IF($A14="","",IFERROR(INDEX(計算用!$M$2:$M$186,MATCH("男"&$A14&"-4",計算用!$AN$2:$AN$186,0)),"")) | O14: =IF($A14="","",IFERROR(INDEX(計算用!$I$2:$I$186,MATCH("男"&$A14&"-4",計算用!$AN$2:$AN$186,0)),"")) | P14: =IF($A14="","",IFERROR(INDEX(計算用!$D$2:$D$186,MATCH("男"&$A14&"-5",計算用!$AN$2:$AN$186,0)),"")) | Q14: =IF($A14="","",IFERROR(INDEX(計算用!$M$2:$M$186,MATCH("男"&$A14&"-5",計算用!$AN$2:$AN$186,0)),"")) | R14: =IF($A14="","",IFERROR(INDEX(計算用!$I$2:$I$186,MATCH("男"&$A14&"-5",計算用!$AN$2:$AN$186,0)),"")) | T14: =IF(ROW()-3<=計算用!$Q$11,ROW()-3,"") | U14: =IF($T14="","",INDEX(計算用!$AC$2:$AC$51,$T14)) | V14: =IF($T14="","","赤"&INDEX(計算用!$AF$2:$AF$51,$T14)&"白"&INDEX(計算用!$AG$2:$AG$51,$T14)) | W14: =IF($T14="","",IFERROR(INDEX(計算用!$D$2:$D$186,MATCH("女"&$T14&"-1",計算用!$AN$2:$AN$186,0)),"")) | X14: =IF($T14="","",IFERROR(INDEX(計算用!$M$2:$M$186,MATCH("女"&$T14&"-1",計算用!$AN$2:$AN$186,0)),"")) | Y14: =IF($T14="","",IFERROR(INDEX(計算用!$I$2:$I$186,MATCH("女"&$T14&"-1",計算用!$AN$2:$AN$186,0)),"")) | Z14: =IF($T14="","",IFERROR(INDEX(計算用!$D$2:$D$186,MATCH("女"&$T14&"-2",計算用!$AN$2:$AN$186,0)),"")) | AA14: =IF($T14="","",IFERROR(INDEX(計算用!$M$2:$M$186,MATCH("女"&$T14&"-2",計算用!$AN$2:$AN$186,0)),"")) | AB14: =IF($T14="","",IFERROR(INDEX(計算用!$I$2:$I$186,MATCH("女"&$T14&"-2",計算用!$AN$2:$AN$186,0)),"")) | AC14: =IF($T14="","",IFERROR(INDEX(計算用!$D$2:$D$186,MATCH("女"&$T14&"-3",計算用!$AN$2:$AN$186,0)),"")) | AD14: =IF($T14="","",IFERROR(INDEX(計算用!$M$2:$M$186,MATCH("女"&$T14&"-3",計算用!$AN$2:$AN$186,0)),"")) | AE14: =IF($T14="","",IFERROR(INDEX(計算用!$I$2:$I$186,MATCH("女"&$T14&"-3",計算用!$AN$2:$AN$186,0)),"")) | AF14: =IF($T14="","",IFERROR(INDEX(計算用!$D$2:$D$186,MATCH("女"&$T14&"-4",計算用!$AN$2:$AN$186,0)),"")) | AG14: =IF($T14="","",IFERROR(INDEX(計算用!$M$2:$M$186,MATCH("女"&$T14&"-4",計算用!$AN$2:$AN$186,0)),"")) | AH14: =IF($T14="","",IFERROR(INDEX(計算用!$I$2:$I$186,MATCH("女"&$T14&"-4",計算用!$AN$2:$AN$186,0)),"")) | AI14: =IF($T14="","",IFERROR(INDEX(計算用!$D$2:$D$186,MATCH("女"&$T14&"-5",計算用!$AN$2:$AN$186,0)),"")) | AJ14: =IF($T14="","",IFERROR(INDEX(計算用!$M$2:$M$186,MATCH("女"&$T14&"-5",計算用!$AN$2:$AN$186,0)),"")) | AK14: =IF($T14="","",IFERROR(INDEX(計算用!$I$2:$I$186,MATCH("女"&$T14&"-5",計算用!$AN$2:$AN$186,0)),""))
A15: =IF(ROW()-3<=計算用!$Q$9,ROW()-3,"") | B15: =IF($A15="","",INDEX(計算用!$T$2:$T$51,$A15)) | C15: =IF($A15="","","赤"&INDEX(計算用!$W$2:$W$51,$A15)&"白"&INDEX(計算用!$X$2:$X$51,$A15)) | D15: =IF($A15="","",IFERROR(INDEX(計算用!$D$2:$D$186,MATCH("男"&$A15&"-1",計算用!$AN$2:$AN$186,0)),"")) | E15: =IF($A15="","",IFERROR(INDEX(計算用!$M$2:$M$186,MATCH("男"&$A15&"-1",計算用!$AN$2:$AN$186,0)),"")) | F15: =IF($A15="","",IFERROR(INDEX(計算用!$I$2:$I$186,MATCH("男"&$A15&"-1",計算用!$AN$2:$AN$186,0)),"")) | G15: =IF($A15="","",IFERROR(INDEX(計算用!$D$2:$D$186,MATCH("男"&$A15&"-2",計算用!$AN$2:$AN$186,0)),"")) | H15: =IF($A15="","",IFERROR(INDEX(計算用!$M$2:$M$186,MATCH("男"&$A15&"-2",計算用!$AN$2:$AN$186,0)),"")) | I15: =IF($A15="","",IFERROR(INDEX(計算用!$I$2:$I$186,MATCH("男"&$A15&"-2",計算用!$AN$2:$AN$186,0)),"")) | J15: =IF($A15="","",IFERROR(INDEX(計算用!$D$2:$D$186,MATCH("男"&$A15&"-3",計算用!$AN$2:$AN$186,0)),"")) | K15: =IF($A15="","",IFERROR(INDEX(計算用!$M$2:$M$186,MATCH("男"&$A15&"-3",計算用!$AN$2:$AN$186,0)),"")) | L15: =IF($A15="","",IFERROR(INDEX(計算用!$I$2:$I$186,MATCH("男"&$A15&"-3",計算用!$AN$2:$AN$186,0)),"")) | M15: =IF($A15="","",IFERROR(INDEX(計算用!$D$2:$D$186,MATCH("男"&$A15&"-4",計算用!$AN$2:$AN$186,0)),"")) | N15: =IF($A15="","",IFERROR(INDEX(計算用!$M$2:$M$186,MATCH("男"&$A15&"-4",計算用!$AN$2:$AN$186,0)),"")) | O15: =IF($A15="","",IFERROR(INDEX(計算用!$I$2:$I$186,MATCH("男"&$A15&"-4",計算用!$AN$2:$AN$186,0)),"")) | P15: =IF($A15="","",IFERROR(INDEX(計算用!$D$2:$D$186,MATCH("男"&$A15&"-5",計算用!$AN$2:$AN$186,0)),"")) | Q15: =IF($A15="","",IFERROR(INDEX(計算用!$M$2:$M$186,MATCH("男"&$A15&"-5",計算用!$AN$2:$AN$186,0)),"")) | R15: =IF($A15="","",IFERROR(INDEX(計算用!$I$2:$I$186,MATCH("男"&$A15&"-5",計算用!$AN$2:$AN$186,0)),"")) | T15: =IF(ROW()-3<=計算用!$Q$11,ROW()-3,"") | U15: =IF($T15="","",INDEX(計算用!$AC$2:$AC$51,$T15)) | V15: =IF($T15="","","赤"&INDEX(計算用!$AF$2:$AF$51,$T15)&"白"&INDEX(計算用!$AG$2:$AG$51,$T15)) | W15: =IF($T15="","",IFERROR(INDEX(計算用!$D$2:$D$186,MATCH("女"&$T15&"-1",計算用!$AN$2:$AN$186,0)),"")) | X15: =IF($T15="","",IFERROR(INDEX(計算用!$M$2:$M$186,MATCH("女"&$T15&"-1",計算用!$AN$2:$AN$186,0)),"")) | Y15: =IF($T15="","",IFERROR(INDEX(計算用!$I$2:$I$186,MATCH("女"&$T15&"-1",計算用!$AN$2:$AN$186,0)),"")) | Z15: =IF($T15="","",IFERROR(INDEX(計算用!$D$2:$D$186,MATCH("女"&$T15&"-2",計算用!$AN$2:$AN$186,0)),"")) | AA15: =IF($T15="","",IFERROR(INDEX(計算用!$M$2:$M$186,MATCH("女"&$T15&"-2",計算用!$AN$2:$AN$186,0)),"")) | AB15: =IF($T15="","",IFERROR(INDEX(計算用!$I$2:$I$186,MATCH("女"&$T15&"-2",計算用!$AN$2:$AN$186,0)),"")) | AC15: =IF($T15="","",IFERROR(INDEX(計算用!$D$2:$D$186,MATCH("女"&$T15&"-3",計算用!$AN$2:$AN$186,0)),"")) | AD15: =IF($T15="","",IFERROR(INDEX(計算用!$M$2:$M$186,MATCH("女"&$T15&"-3",計算用!$AN$2:$AN$186,0)),"")) | AE15: =IF($T15="","",IFERROR(INDEX(計算用!$I$2:$I$186,MATCH("女"&$T15&"-3",計算用!$AN$2:$AN$186,0)),"")) | AF15: =IF($T15="","",IFERROR(INDEX(計算用!$D$2:$D$186,MATCH("女"&$T15&"-4",計算用!$AN$2:$AN$186,0)),"")) | AG15: =IF($T15="","",IFERROR(INDEX(計算用!$M$2:$M$186,MATCH("女"&$T15&"-4",計算用!$AN$2:$AN$186,0)),"")) | AH15: =IF($T15="","",IFERROR(INDEX(計算用!$I$2:$I$186,MATCH("女"&$T15&"-4",計算用!$AN$2:$AN$186,0)),"")) | AI15: =IF($T15="","",IFERROR(INDEX(計算用!$D$2:$D$186,MATCH("女"&$T15&"-5",計算用!$AN$2:$AN$186,0)),"")) | AJ15: =IF($T15="","",IFERROR(INDEX(計算用!$M$2:$M$186,MATCH("女"&$T15&"-5",計算用!$AN$2:$AN$186,0)),"")) | AK15: =IF($T15="","",IFERROR(INDEX(計算用!$I$2:$I$186,MATCH("女"&$T15&"-5",計算用!$AN$2:$AN$186,0)),""))
... A53: =IF(ROW()-3<=計算用!$Q$9,ROW()-3,"") | B53: =IF($A53="","",INDEX(計算用!$T$2:$T$51,$A53)) | C53: =IF($A53="","","赤"&INDEX(計算用!$W$2:$W$51,$A53)&"白"&INDEX(計算用!$X$2:$X$51,$A53)) | D53: =IF($A53="","",IFERROR(INDEX(計算用!$D$2:$D$186,MATCH("男"&$A53&"-1",計算用!$AN$2:$AN$186,0)),"")) | E53: =IF($A53="","",IFERROR(INDEX(計算用!$M$2:$M$186,MATCH("男"&$A53&"-1",計算用!$AN$2:$AN$186,0)),"")) | F53: =IF($A53="","",IFERROR(INDEX(計算用!$I$2:$I$186,MATCH("男"&$A53&"-1",計算用!$AN$2:$AN$186,0)),"")) | G53: =IF($A53="","",IFERROR(INDEX(計算用!$D$2:$D$186,MATCH("男"&$A53&"-2",計算用!$AN$2:$AN$186,0)),"")) | H53: =IF($A53="","",IFERROR(INDEX(計算用!$M$2:$M$186,MATCH("男"&$A53&"-2",計算用!$AN$2:$AN$186,0)),"")) | I53: =IF($A53="","",IFERROR(INDEX(計算用!$I$2:$I$186,MATCH("男"&$A53&"-2",計算用!$AN$2:$AN$186,0)),"")) | J53: =IF($A53="","",IFERROR(INDEX(計算用!$D$2:$D$186,MATCH("男"&$A53&"-3",計算用!$AN$2:$AN$186,0)),"")) | K53: =IF($A53="","",IFERROR(INDEX(計算用!$M$2:$M$186,MATCH("男"&$A53&"-3",計算用!$AN$2:$AN$186,0)),"")) | L53: =IF($A53="","",IFERROR(INDEX(計算用!$I$2:$I$186,MATCH("男"&$A53&"-3",計算用!$AN$2:$AN$186,0)),"")) | M53: =IF($A53="","",IFERROR(INDEX(計算用!$D$2:$D$186,MATCH("男"&$A53&"-4",計算用!$AN$2:$AN$186,0)),"")) | N53: =IF($A53="","",IFERROR(INDEX(計算用!$M$2:$M$186,MATCH("男"&$A53&"-4",計算用!$AN$2:$AN$186,0)),"")) | O53: =IF($A53="","",IFERROR(INDEX(計算用!$I$2:$I$186,MATCH("男"&$A53&"-4",計算用!$AN$2:$AN$186,0)),"")) | P53: =IF($A53="","",IFERROR(INDEX(計算用!$D$2:$D$186,MATCH("男"&$A53&"-5",計算用!$AN$2:$AN$186,0)),"")) | Q53: =IF($A53="","",IFERROR(INDEX(計算用!$M$2:$M$186,MATCH("男"&$A53&"-5",計算用!$AN$2:$AN$186,0)),"")) | R53: =IF($A53="","",IFERROR(INDEX(計算用!$I$2:$I$186,MATCH("男"&$A53&"-5",計算用!$AN$2:$AN$186,0)),"")) | T53: =IF(ROW()-3<=計算用!$Q$11,ROW()-3,"") | U53: =IF($T53="","",INDEX(計算用!$AC$2:$AC$51,$T53)) | V53: =IF($T53="","","赤"&INDEX(計算用!$AF$2:$AF$51,$T53)&"白"&INDEX(計算用!$AG$2:$AG$51,$T53)) | W53: =IF($T53="","",IFERROR(INDEX(計算用!$D$2:$D$186,MATCH("女"&$T53&"-1",計算用!$AN$2:$AN$186,0)),"")) | X53: =IF($T53="","",IFERROR(INDEX(計算用!$M$2:$M$186,MATCH("女"&$T53&"-1",計算用!$AN$2:$AN$186,0)),"")) | Y53: =IF($T53="","",IFERROR(INDEX(計算用!$I$2:$I$186,MATCH("女"&$T53&"-1",計算用!$AN$2:$AN$186,0)),"")) | Z53: =IF($T53="","",IFERROR(INDEX(計算用!$D$2:$D$186,MATCH("女"&$T53&"-2",計算用!$AN$2:$AN$186,0)),"")) | AA53: =IF($T53="","",IFERROR(INDEX(計算用!$M$2:$M$186,MATCH("女"&$T53&"-2",計算用!$AN$2:$AN$186,0)),"")) | AB53: =IF($T53="","",IFERROR(INDEX(計算用!$I$2:$I$186,MATCH("女"&$T53&"-2",計算用!$AN$2:$AN$186,0)),"")) | AC53: =IF($T53="","",IFERROR(INDEX(計算用!$D$2:$D$186,MATCH("女"&$T53&"-3",計算用!$AN$2:$AN$186,0)),"")) | AD53: =IF($T53="","",IFERROR(INDEX(計算用!$M$2:$M$186,MATCH("女"&$T53&"-3",計算用!$AN$2:$AN$186,0)),"")) | AE53: =IF($T53="","",IFERROR(INDEX(計算用!$I$2:$I$186,MATCH("女"&$T53&"-3",計算用!$AN$2:$AN$186,0)),"")) | AF53: =IF($T53="","",IFERROR(INDEX(計算用!$D$2:$D$186,MATCH("女"&$T53&"-4",計算用!$AN$2:$AN$186,0)),"")) | AG53: =IF($T53="","",IFERROR(INDEX(計算用!$M$2:$M$186,MATCH("女"&$T53&"-4",計算用!$AN$2:$AN$186,0)),"")) | AH53: =IF($T53="","",IFERROR(INDEX(計算用!$I$2:$I$186,MATCH("女"&$T53&"-4",計算用!$AN$2:$AN$186,0)),"")) | AI53: =IF($T53="","",IFERROR(INDEX(計算用!$D$2:$D$186,MATCH("女"&$T53&"-5",計算用!$AN$2:$AN$186,0)),"")) | AJ53: =IF($T53="","",IFERROR(INDEX(計算用!$M$2:$M$186,MATCH("女"&$T53&"-5",計算用!$AN$2:$AN$186,0)),"")) | AK53: =IF($T53="","",IFERROR(INDEX(計算用!$I$2:$I$186,MATCH("女"&$T53&"-5",計算用!$AN$2:$AN$186,0)),""))

Sheet 手直し
A1: 手直し | C1: ① 右の「自動の組（コピー用）」U6:AD55 をコピーし、B6 に「値として貼り付け」します（右クリック →「貼り付けのオプション」の「値」）。 ② 名前を切り取り・貼り付けして、組を直します。結果は「決定版」シートに出ます。 ※名簿やタイムを直したときは、もう一度①からやり直してください。
B2: ="男子：自動 "&計算用!$Q$9&"組 → 手直し "&計算用!$Q$13&"組" | E2: =IF(計算用!$Q$15=0,IF(計算用!$Q$13=0,"","確認：問題なし"),"確認："&IF(計算用!$Q$17>0,"入っていない人 "&計算用!$Q$17&"人 ","")&IF(計算用!$Q$19>0,"2回以上入っている人 "&計算用!$Q$19&"人 ","")&IF(計算用!$Q$21>0,"名簿にない名前 "&計算用!$Q$21&"こ ","")&IF(計算用!$Q$23>0,"同じ名前の人がいます（区別できません）",""))
B3: ="女子：自動 "&計算用!$Q$11&"組 → 手直し "&計算用!$Q$14&"組" | E3: =IF(計算用!$Q$16=0,IF(計算用!$Q$14=0,"","確認：問題なし"),"確認："&IF(計算用!$Q$18>0,"入っていない人 "&計算用!$Q$18&"人 ","")&IF(計算用!$Q$20>0,"2回以上入っている人 "&計算用!$Q$20&"人 ","")&IF(計算用!$Q$22>0,"名簿にない名前 "&計算用!$Q$22&"こ ","")&IF(計算用!$Q$24>0,"同じ名前の人がいます（区別できません）","")) | U3: 自動の組（コピー用）
A4: 組 | B4: 男子 | G4: 女子 | M4: 男子 | O4: 女子 | R4: 入っていない人 | U4: 男子 | Z4: 女子
B5: 1人目 | C5: 2人目 | D5: 3人目 | E5: 4人目 | F5: 5人目 | G5: 1人目 | H5: 2人目 | I5: 3人目 | J5: 4人目 | K5: 5人目 | M5: 人数 | N5: 内訳 | O5: 人数 | P5: 内訳 | R5: 男子 | S5: 女子 | U5: 1人目 | V5: 2人目 | W5: 3人目 | X5: 4人目 | Y5: 5人目 | Z5: 1人目 | AA5: 2人目 | AB5: 3人目 | AC5: 4人目 | AD5: 5人目
A6: 1 | B6: 山本 けんた | C6: 森 りく | D6: 村上 かいと | E6: 伊藤 たいが | G6: 田中 あおい | H6: 高橋 ひまり | I6: 中村 ゆな | J6: 森 みお | K6: 清水 ひな | M6: =COUNTIF(B6:F6,"?*") | N6: =IF(M6=0,"","赤"&計算用!BG2&"白"&計算用!BH2) | O6: =COUNTIF(G6:K6,"?*") | P6: =IF(O6=0,"","赤"&計算用!BI2&"白"&計算用!BJ2) | R6: =IFERROR(INDEX(計算用!$D$2:$D$186,MATCH(1,計算用!$AR$2:$AR$186,0))&"（"&INDEX(計算用!$M$2:$M$186,MATCH(1,計算用!$AR$2:$AR$186,0))&"）","") | S6: =IFERROR(INDEX(計算用!$D$2:$D$186,MATCH(1,計算用!$AS$2:$AS$186,0))&"（"&INDEX(計算用!$M$2:$M$186,MATCH(1,計算用!$AS$2:$AS$186,0))&"）","") | U6: =組分け!D4&"" | V6: =組分け!G4&"" | W6: =組分け!J4&"" | X6: =組分け!M4&"" | Y6: =組分け!P4&"" | Z6: =組分け!W4&"" | AA6: =組分け!Z4&"" | AB6: =組分け!AC4&"" | AC6: =組分け!AF4&"" | AD6: =組分け!AI4&""
A7: 2 | B7: 吉田 あおい | C7: 井上 いつき | D7: 前田 かいと | E7: 高橋 さく | G7: 渡辺 めい | H7: 小林 ほのか | I7: 山田 ゆな | J7: 山本 かのん | K7: 後藤 ゆな | M7: =COUNTIF(B7:F7,"?*") | N7: =IF(M7=0,"","赤"&計算用!BG3&"白"&計算用!BH3) | O7: =COUNTIF(G7:K7,"?*") | P7: =IF(O7=0,"","赤"&計算用!BI3&"白"&計算用!BJ3) | R7: =IFERROR(INDEX(計算用!$D$2:$D$186,MATCH(2,計算用!$AR$2:$AR$186,0))&"（"&INDEX(計算用!$M$2:$M$186,MATCH(2,計算用!$AR$2:$AR$186,0))&"）","") | S7: =IFERROR(INDEX(計算用!$D$2:$D$186,MATCH(2,計算用!$AS$2:$AS$186,0))&"（"&INDEX(計算用!$M$2:$M$186,MATCH(2,計算用!$AS$2:$AS$186,0))&"）","") | U7: =組分け!D5&"" | V7: =組分け!G5&"" | W7: =組分け!J5&"" | X7: =組分け!M5&"" | Y7: =組分け!P5&"" | Z7: =組分け!W5&"" | AA7: =組分け!Z5&"" | AB7: =組分け!AC5&"" | AC7: =組分け!AF5&"" | AD7: =組分け!AI5&""
A8: 3 | B8: 近藤 りく | C8: 高橋 ひなた | D8: 木村 さく | E8: 田中 こうき | G8: 木村 ひまり | H8: 加藤 ひな | I8: 井上 ほのか | J8: 後藤 かのん | K8: 加藤 ことね | M8: =COUNTIF(B8:F8,"?*") | N8: =IF(M8=0,"","赤"&計算用!BG4&"白"&計算用!BH4) | O8: =COUNTIF(G8:K8,"?*") | P8: =IF(O8=0,"","赤"&計算用!BI4&"白"&計算用!BJ4) | R8: =IFERROR(INDEX(計算用!$D$2:$D$186,MATCH(3,計算用!$AR$2:$AR$186,0))&"（"&INDEX(計算用!$M$2:$M$186,MATCH(3,計算用!$AR$2:$AR$186,0))&"）","") | S8: =IFERROR(INDEX(計算用!$D$2:$D$186,MATCH(3,計算用!$AS$2:$AS$186,0))&"（"&INDEX(計算用!$M$2:$M$186,MATCH(3,計算用!$AS$2:$AS$186,0))&"）","") | U8: =組分け!D6&"" | V8: =組分け!G6&"" | W8: =組分け!J6&"" | X8: =組分け!M6&"" | Y8: =組分け!P6&"" | Z8: =組分け!W6&"" | AA8: =組分け!Z6&"" | AB8: =組分け!AC6&"" | AC8: =組分け!AF6&"" | AD8: =組分け!AI6&""
A9: 4 | B9: 伊藤 りょう | C9: 清水 そら | D9: 清水 しょう | E9: 森 みなと | G9: 前田 ひな | H9: 前田 えま | I9: 中村 はな | J9: 木村 ゆな | K9: 斎藤 みお | M9: =COUNTIF(B9:F9,"?*") | N9: =IF(M9=0,"","赤"&計算用!BG5&"白"&計算用!BH5) | O9: =COUNTIF(G9:K9,"?*") | P9: =IF(O9=0,"","赤"&計算用!BI5&"白"&計算用!BJ5) | R9: =IFERROR(INDEX(計算用!$D$2:$D$186,MATCH(4,計算用!$AR$2:$AR$186,0))&"（"&INDEX(計算用!$M$2:$M$186,MATCH(4,計算用!$AR$2:$AR$186,0))&"）","") | S9: =IFERROR(INDEX(計算用!$D$2:$D$186,MATCH(4,計算用!$AS$2:$AS$186,0))&"（"&INDEX(計算用!$M$2:$M$186,MATCH(4,計算用!$AS$2:$AS$186,0))&"）","") | U9: =組分け!D7&"" | V9: =組分け!G7&"" | W9: =組分け!J7&"" | X9: =組分け!M7&"" | Y9: =組分け!P7&"" | Z9: =組分け!W7&"" | AA9: =組分け!Z7&"" | AB9: =組分け!AC7&"" | AC9: =組分け!AF7&"" | AD9: =組分け!AI7&""
A10: 5 | B10: 石川 みなと | C10: 佐藤 けんた | D10: 山本 つばさ | E10: 佐藤 れん | G10: 石川 めい | H10: 清水 こはる | I10: 小林 ゆな | J10: 山田 あかり | K10: 伊藤 りん | M10: =COUNTIF(B10:F10,"?*") | N10: =IF(M10=0,"","赤"&計算用!BG6&"白"&計算用!BH6) | O10: =COUNTIF(G10:K10,"?*") | P10: =IF(O10=0,"","赤"&計算用!BI6&"白"&計算用!BJ6) | R10: =IFERROR(INDEX(計算用!$D$2:$D$186,MATCH(5,計算用!$AR$2:$AR$186,0))&"（"&INDEX(計算用!$M$2:$M$186,MATCH(5,計算用!$AR$2:$AR$186,0))&"）","") | S10: =IFERROR(INDEX(計算用!$D$2:$D$186,MATCH(5,計算用!$AS$2:$AS$186,0))&"（"&INDEX(計算用!$M$2:$M$186,MATCH(5,計算用!$AS$2:$AS$186,0))&"）","") | U10: =組分け!D8&"" | V10: =組分け!G8&"" | W10: =組分け!J8&"" | X10: =組分け!M8&"" | Y10: =組分け!P8&"" | Z10: =組分け!W8&"" | AA10: =組分け!Z8&"" | AB10: =組分け!AC8&"" | AC10: =組分け!AF8&"" | AD10: =組分け!AI8&""
A11: 6 | B11: 佐藤 しょう | C11: 木村 ひなた | D11: 中村 りく | E11: 鈴木 りく | G11: 石川 さら | H11: 井上 ひまり | I11: 伊藤 ひまり | J11: 後藤 つむぎ | K11: 長谷川 ひまり | M11: =COUNTIF(B11:F11,"?*") | N11: =IF(M11=0,"","赤"&計算用!BG7&"白"&計算用!BH7) | O11: =COUNTIF(G11:K11,"?*") | P11: =IF(O11=0,"","赤"&計算用!BI7&"白"&計算用!BJ7) | R11: =IFERROR(INDEX(計算用!$D$2:$D$186,MATCH(6,計算用!$AR$2:$AR$186,0))&"（"&INDEX(計算用!$M$2:$M$186,MATCH(6,計算用!$AR$2:$AR$186,0))&"）","") | S11: =IFERROR(INDEX(計算用!$D$2:$D$186,MATCH(6,計算用!$AS$2:$AS$186,0))&"（"&INDEX(計算用!$M$2:$M$186,MATCH(6,計算用!$AS$2:$AS$186,0))&"）","") | U11: =組分け!D9&"" | V11: =組分け!G9&"" | W11: =組分け!J9&"" | X11: =組分け!M9&"" | Y11: =組分け!P9&"" | Z11: =組分け!W9&"" | AA11: =組分け!Z9&"" | AB11: =組分け!AC9&"" | AC11: =組分け!AF9&"" | AD11: =組分け!AI9&""
A12: 7 | B12: 鈴木 はると | C12: 高橋 たいが | D12: 鈴木 つばさ | E12: 橋本 あおい | G12: 伊藤 つむぎ | H12: 橋本 ひな | I12: 小林 ゆい | J12: 小林 ことね | K12: 近藤 つむぎ | M12: =COUNTIF(B12:F12,"?*") | N12: =IF(M12=0,"","赤"&計算用!BG8&"白"&計算用!BH8) | O12: =COUNTIF(G12:K12,"?*") | P12: =IF(O12=0,"","赤"&計算用!BI8&"白"&計算用!BJ8) | R12: =IFERROR(INDEX(計算用!$D$2:$D$186,MATCH(7,計算用!$AR$2:$AR$186,0))&"（"&INDEX(計算用!$M$2:$M$186,MATCH(7,計算用!$AR$2:$AR$186,0))&"）","") | S12: =IFERROR(INDEX(計算用!$D$2:$D$186,MATCH(7,計算用!$AS$2:$AS$186,0))&"（"&INDEX(計算用!$M$2:$M$186,MATCH(7,計算用!$AS$2:$AS$186,0))&"）","") | U12: =組分け!D10&"" | V12: =組分け!G10&"" | W12: =組分け!J10&"" | X12: =組分け!M10&"" | Y12: =組分け!P10&"" | Z12: =組分け!W10&"" | AA12: =組分け!Z10&"" | AB12: =組分け!AC10&"" | AC12: =組分け!AF10&"" | AD12: =組分け!AI10&""
A13: 8 | B13: 山口 しょう | C13: 池田 りょう | D13: 松本 かいと | E13: 山本 はると | G13: 池田 めい | H13: 橋本 かのん | I13: 長谷川 あかり | J13: 池田 ゆい | M13: =COUNTIF(B13:F13,"?*") | N13: =IF(M13=0,"","赤"&計算用!BG9&"白"&計算用!BH9) | O13: =COUNTIF(G13:K13,"?*") | P13: =IF(O13=0,"","赤"&計算用!BI9&"白"&計算用!BJ9) | R13: =IFERROR(INDEX(計算用!$D$2:$D$186,MATCH(8,計算用!$AR$2:$AR$186,0))&"（"&INDEX(計算用!$M$2:$M$186,MATCH(8,計算用!$AR$2:$AR$186,0))&"）","") | S13: =IFERROR(INDEX(計算用!$D$2:$D$186,MATCH(8,計算用!$AS$2:$AS$186,0))&"（"&INDEX(計算用!$M$2:$M$186,MATCH(8,計算用!$AS$2:$AS$186,0))&"）","") | U13: =組分け!D11&"" | V13: =組分け!G11&"" | W13: =組分け!J11&"" | X13: =組分け!M11&"" | Y13: =組分け!P11&"" | Z13: =組分け!W11&"" | AA13: =組分け!Z11&"" | AB13: =組分け!AC11&"" | AC13: =組分け!AF11&"" | AD13: =組分け!AI11&""
A14: 9 | B14: 松本 たいが | C14: 木村 りょう | D14: 後藤 けんた | E14: 渡辺 みなと | G14: 石川 あかり | H14: 伊藤 ゆな | I14: 岡田 さら | J14: 伊藤 さら | M14: =COUNTIF(B14:F14,"?*") | N14: =IF(M14=0,"","赤"&計算用!BG10&"白"&計算用!BH10) | O14: =COUNTIF(G14:K14,"?*") | P14: =IF(O14=0,"","赤"&計算用!BI10&"白"&計算用!BJ10) | R14: =IFERROR(INDEX(計算用!$D$2:$D$186,MATCH(9,計算用!$AR$2:$AR$186,0))&"（"&INDEX(計算用!$M$2:$M$186,MATCH(9,計算用!$AR$2:$AR$186,0))&"）","") | S14: =IFERROR(INDEX(計算用!$D$2:$D$186,MATCH(9,計算用!$AS$2:$AS$186,0))&"（"&INDEX(計算用!$M$2:$M$186,MATCH(9,計算用!$AS$2:$AS$186,0))&"）","") | U14: =組分け!D12&"" | V14: =組分け!G12&"" | W14: =組分け!J12&"" | X14: =組分け!M12&"" | Y14: =組分け!P12&"" | Z14: =組分け!W12&"" | AA14: =組分け!Z12&"" | AB14: =組分け!AC12&"" | AC14: =組分け!AF12&"" | AD14: =組分け!AI12&""
A15: 10 | B15: 吉田 ひなた | C15: 村上 こうき | D15: 斎藤 だいち | E15: 高橋 けんた | M15: =COUNTIF(B15:F15,"?*") | N15: =IF(M15=0,"","赤"&計算用!BG11&"白"&計算用!BH11) | O15: =COUNTIF(G15:K15,"?*") | P15: =IF(O15=0,"","赤"&計算用!BI11&"白"&計算用!BJ11) | R15: =IFERROR(INDEX(計算用!$D$2:$D$186,MATCH(10,計算用!$AR$2:$AR$186,0))&"（"&INDEX(計算用!$M$2:$M$186,MATCH(10,計算用!$AR$2:$AR$186,0))&"）","") | S15: =IFERROR(INDEX(計算用!$D$2:$D$186,MATCH(10,計算用!$AS$2:$AS$186,0))&"（"&INDEX(計算用!$M$2:$M$186,MATCH(10,計算用!$AS$2:$AS$186,0))&"）","") | U15: =組分け!D13&"" | V15: =組分け!G13&"" | W15: =組分け!J13&"" | X15: =組分け!M13&"" | Y15: =組分け!P13&"" | Z15: =組分け!W13&"" | AA15: =組分け!Z13&"" | AB15: =組分け!AC13&"" | AC15: =組分け!AF13&"" | AD15: =組分け!AI13&""
A16: 11 | B16: 近藤 そうた | C16: 橋本 ひなた | D16: 佐藤 そうた | E16: 林 さく | M16: =COUNTIF(B16:F16,"?*") | N16: =IF(M16=0,"","赤"&計算用!BG12&"白"&計算用!BH12) | O16: =COUNTIF(G16:K16,"?*") | P16: =IF(O16=0,"","赤"&計算用!BI12&"白"&計算用!BJ12) | R16: =IFERROR(INDEX(計算用!$D$2:$D$186,MATCH(11,計算用!$AR$2:$AR$186,0))&"（"&INDEX(計算用!$M$2:$M$186,MATCH(11,計算用!$AR$2:$AR$186,0))&"）","") | S16: =IFERROR(INDEX(計算用!$D$2:$D$186,MATCH(11,計算用!$AS$2:$AS$186,0))&"（"&INDEX(計算用!$M$2:$M$186,MATCH(11,計算用!$AS$2:$AS$186,0))&"）","") | U16: =組分け!D14&"" | V16: =組分け!G14&"" | W16: =組分け!J14&"" | X16: =組分け!M14&"" | Y16: =組分け!P14&"" | Z16: =組分け!W14&"" | AA16: =組分け!Z14&"" | AB16: =組分け!AC14&"" | AC16: =組分け!AF14&"" | AD16: =組分け!AI14&""
A17: 12 | B17: 池田 こうき | C17: 鈴木 たいが | D17: 山口 だいち | M17: =COUNTIF(B17:F17,"?*") | N17: =IF(M17=0,"","赤"&計算用!BG13&"白"&計算用!BH13) | O17: =COUNTIF(G17:K17,"?*") | P17: =IF(O17=0,"","赤"&計算用!BI13&"白"&計算用!BJ13) | R17: =IFERROR(INDEX(計算用!$D$2:$D$186,MATCH(12,計算用!$AR$2:$AR$186,0))&"（"&INDEX(計算用!$M$2:$M$186,MATCH(12,計算用!$AR$2:$AR$186,0))&"）","") | S17: =IFERROR(INDEX(計算用!$D$2:$D$186,MATCH(12,計算用!$AS$2:$AS$186,0))&"（"&INDEX(計算用!$M$2:$M$186,MATCH(12,計算用!$AS$2:$AS$186,0))&"）","") | U17: =組分け!D15&"" | V17: =組分け!G15&"" | W17: =組分け!J15&"" | X17: =組分け!M15&"" | Y17: =組分け!P15&"" | Z17: =組分け!W15&"" | AA17: =組分け!Z15&"" | AB17: =組分け!AC15&"" | AC17: =組分け!AF15&"" | AD17: =組分け!AI15&""
A18: 13 | M18: =COUNTIF(B18:F18,"?*") | N18: =IF(M18=0,"","赤"&計算用!BG14&"白"&計算用!BH14) | O18: =COUNTIF(G18:K18,"?*") | P18: =IF(O18=0,"","赤"&計算用!BI14&"白"&計算用!BJ14) | R18: =IFERROR(INDEX(計算用!$D$2:$D$186,MATCH(13,計算用!$AR$2:$AR$186,0))&"（"&INDEX(計算用!$M$2:$M$186,MATCH(13,計算用!$AR$2:$AR$186,0))&"）","") | S18: =IFERROR(INDEX(計算用!$D$2:$D$186,MATCH(13,計算用!$AS$2:$AS$186,0))&"（"&INDEX(計算用!$M$2:$M$186,MATCH(13,計算用!$AS$2:$AS$186,0))&"）","") | U18: =組分け!D16&"" | V18: =組分け!G16&"" | W18: =組分け!J16&"" | X18: =組分け!M16&"" | Y18: =組分け!P16&"" | Z18: =組分け!W16&"" | AA18: =組分け!Z16&"" | AB18: =組分け!AC16&"" | AC18: =組分け!AF16&"" | AD18: =組分け!AI16&""
A19: 14 | M19: =COUNTIF(B19:F19,"?*") | N19: =IF(M19=0,"","赤"&計算用!BG15&"白"&計算用!BH15) | O19: =COUNTIF(G19:K19,"?*") | P19: =IF(O19=0,"","赤"&計算用!BI15&"白"&計算用!BJ15) | R19: =IFERROR(INDEX(計算用!$D$2:$D$186,MATCH(14,計算用!$AR$2:$AR$186,0))&"（"&INDEX(計算用!$M$2:$M$186,MATCH(14,計算用!$AR$2:$AR$186,0))&"）","") | S19: =IFERROR(INDEX(計算用!$D$2:$D$186,MATCH(14,計算用!$AS$2:$AS$186,0))&"（"&INDEX(計算用!$M$2:$M$186,MATCH(14,計算用!$AS$2:$AS$186,0))&"）","") | U19: =組分け!D17&"" | V19: =組分け!G17&"" | W19: =組分け!J17&"" | X19: =組分け!M17&"" | Y19: =組分け!P17&"" | Z19: =組分け!W17&"" | AA19: =組分け!Z17&"" | AB19: =組分け!AC17&"" | AC19: =組分け!AF17&"" | AD19: =組分け!AI17&""
A20: 15 | M20: =COUNTIF(B20:F20,"?*") | N20: =IF(M20=0,"","赤"&計算用!BG16&"白"&計算用!BH16) | O20: =COUNTIF(G20:K20,"?*") | P20: =IF(O20=0,"","赤"&計算用!BI16&"白"&計算用!BJ16) | R20: =IFERROR(INDEX(計算用!$D$2:$D$186,MATCH(15,計算用!$AR$2:$AR$186,0))&"（"&INDEX(計算用!$M$2:$M$186,MATCH(15,計算用!$AR$2:$AR$186,0))&"）","") | S20: =IFERROR(INDEX(計算用!$D$2:$D$186,MATCH(15,計算用!$AS$2:$AS$186,0))&"（"&INDEX(計算用!$M$2:$M$186,MATCH(15,計算用!$AS$2:$AS$186,0))&"）","") | U20: =組分け!D18&"" | V20: =組分け!G18&"" | W20: =組分け!J18&"" | X20: =組分け!M18&"" | Y20: =組分け!P18&"" | Z20: =組分け!W18&"" | AA20: =組分け!Z18&"" | AB20: =組分け!AC18&"" | AC20: =組分け!AF18&"" | AD20: =組分け!AI18&""
A21: 16 | M21: =COUNTIF(B21:F21,"?*") | N21: =IF(M21=0,"","赤"&計算用!BG17&"白"&計算用!BH17) | O21: =COUNTIF(G21:K21,"?*") | P21: =IF(O21=0,"","赤"&計算用!BI17&"白"&計算用!BJ17) | R21: =IFERROR(INDEX(計算用!$D$2:$D$186,MATCH(16,計算用!$AR$2:$AR$186,0))&"（"&INDEX(計算用!$M$2:$M$186,MATCH(16,計算用!$AR$2:$AR$186,0))&"）","") | S21: =IFERROR(INDEX(計算用!$D$2:$D$186,MATCH(16,計算用!$AS$2:$AS$186,0))&"（"&INDEX(計算用!$M$2:$M$186,MATCH(16,計算用!$AS$2:$AS$186,0))&"）","") | U21: =組分け!D19&"" | V21: =組分け!G19&"" | W21: =組分け!J19&"" | X21: =組分け!M19&"" | Y21: =組分け!P19&"" | Z21: =組分け!W19&"" | AA21: =組分け!Z19&"" | AB21: =組分け!AC19&"" | AC21: =組分け!AF19&"" | AD21: =組分け!AI19&""
A22: 17 | M22: =COUNTIF(B22:F22,"?*") | N22: =IF(M22=0,"","赤"&計算用!BG18&"白"&計算用!BH18) | O22: =COUNTIF(G22:K22,"?*") | P22: =IF(O22=0,"","赤"&計算用!BI18&"白"&計算用!BJ18) | R22: =IFERROR(INDEX(計算用!$D$2:$D$186,MATCH(17,計算用!$AR$2:$AR$186,0))&"（"&INDEX(計算用!$M$2:$M$186,MATCH(17,計算用!$AR$2:$AR$186,0))&"）","") | S22: =IFERROR(INDEX(計算用!$D$2:$D$186,MATCH(17,計算用!$AS$2:$AS$186,0))&"（"&INDEX(計算用!$M$2:$M$186,MATCH(17,計算用!$AS$2:$AS$186,0))&"）","") | U22: =組分け!D20&"" | V22: =組分け!G20&"" | W22: =組分け!J20&"" | X22: =組分け!M20&"" | Y22: =組分け!P20&"" | Z22: =組分け!W20&"" | AA22: =組分け!Z20&"" | AB22: =組分け!AC20&"" | AC22: =組分け!AF20&"" | AD22: =組分け!AI20&""
A23: 18 | M23: =COUNTIF(B23:F23,"?*") | N23: =IF(M23=0,"","赤"&計算用!BG19&"白"&計算用!BH19) | O23: =COUNTIF(G23:K23,"?*") | P23: =IF(O23=0,"","赤"&計算用!BI19&"白"&計算用!BJ19) | R23: =IFERROR(INDEX(計算用!$D$2:$D$186,MATCH(18,計算用!$AR$2:$AR$186,0))&"（"&INDEX(計算用!$M$2:$M$186,MATCH(18,計算用!$AR$2:$AR$186,0))&"）","") | S23: =IFERROR(INDEX(計算用!$D$2:$D$186,MATCH(18,計算用!$AS$2:$AS$186,0))&"（"&INDEX(計算用!$M$2:$M$186,MATCH(18,計算用!$AS$2:$AS$186,0))&"）","") | U23: =組分け!D21&"" | V23: =組分け!G21&"" | W23: =組分け!J21&"" | X23: =組分け!M21&"" | Y23: =組分け!P21&"" | Z23: =組分け!W21&"" | AA23: =組分け!Z21&"" | AB23: =組分け!AC21&"" | AC23: =組分け!AF21&"" | AD23: =組分け!AI21&""
A24: 19 | M24: =COUNTIF(B24:F24,"?*") | N24: =IF(M24=0,"","赤"&計算用!BG20&"白"&計算用!BH20) | O24: =COUNTIF(G24:K24,"?*") | P24: =IF(O24=0,"","赤"&計算用!BI20&"白"&計算用!BJ20) | R24: =IFERROR(INDEX(計算用!$D$2:$D$186,MATCH(19,計算用!$AR$2:$AR$186,0))&"（"&INDEX(計算用!$M$2:$M$186,MATCH(19,計算用!$AR$2:$AR$186,0))&"）","") | S24: =IFERROR(INDEX(計算用!$D$2:$D$186,MATCH(19,計算用!$AS$2:$AS$186,0))&"（"&INDEX(計算用!$M$2:$M$186,MATCH(19,計算用!$AS$2:$AS$186,0))&"）","") | U24: =組分け!D22&"" | V24: =組分け!G22&"" | W24: =組分け!J22&"" | X24: =組分け!M22&"" | Y24: =組分け!P22&"" | Z24: =組分け!W22&"" | AA24: =組分け!Z22&"" | AB24: =組分け!AC22&"" | AC24: =組分け!AF22&"" | AD24: =組分け!AI22&""
A25: 20 | M25: =COUNTIF(B25:F25,"?*") | N25: =IF(M25=0,"","赤"&計算用!BG21&"白"&計算用!BH21) | O25: =COUNTIF(G25:K25,"?*") | P25: =IF(O25=0,"","赤"&計算用!BI21&"白"&計算用!BJ21) | R25: =IFERROR(INDEX(計算用!$D$2:$D$186,MATCH(20,計算用!$AR$2:$AR$186,0))&"（"&INDEX(計算用!$M$2:$M$186,MATCH(20,計算用!$AR$2:$AR$186,0))&"）","") | S25: =IFERROR(INDEX(計算用!$D$2:$D$186,MATCH(20,計算用!$AS$2:$AS$186,0))&"（"&INDEX(計算用!$M$2:$M$186,MATCH(20,計算用!$AS$2:$AS$186,0))&"）","") | U25: =組分け!D23&"" | V25: =組分け!G23&"" | W25: =組分け!J23&"" | X25: =組分け!M23&"" | Y25: =組分け!P23&"" | Z25: =組分け!W23&"" | AA25: =組分け!Z23&"" | AB25: =組分け!AC23&"" | AC25: =組分け!AF23&"" | AD25: =組分け!AI23&""
A26: 21 | M26: =COUNTIF(B26:F26,"?*") | N26: =IF(M26=0,"","赤"&計算用!BG22&"白"&計算用!BH22) | O26: =COUNTIF(G26:K26,"?*") | P26: =IF(O26=0,"","赤"&計算用!BI22&"白"&計算用!BJ22) | R26: =IFERROR(INDEX(計算用!$D$2:$D$186,MATCH(21,計算用!$AR$2:$AR$186,0))&"（"&INDEX(計算用!$M$2:$M$186,MATCH(21,計算用!$AR$2:$AR$186,0))&"）","") | S26: =IFERROR(INDEX(計算用!$D$2:$D$186,MATCH(21,計算用!$AS$2:$AS$186,0))&"（"&INDEX(計算用!$M$2:$M$186,MATCH(21,計算用!$AS$2:$AS$186,0))&"）","") | U26: =組分け!D24&"" | V26: =組分け!G24&"" | W26: =組分け!J24&"" | X26: =組分け!M24&"" | Y26: =組分け!P24&"" | Z26: =組分け!W24&"" | AA26: =組分け!Z24&"" | AB26: =組分け!AC24&"" | AC26: =組分け!AF24&"" | AD26: =組分け!AI24&""
A27: 22 | M27: =COUNTIF(B27:F27,"?*") | N27: =IF(M27=0,"","赤"&計算用!BG23&"白"&計算用!BH23) | O27: =COUNTIF(G27:K27,"?*") | P27: =IF(O27=0,"","赤"&計算用!BI23&"白"&計算用!BJ23) | R27: =IFERROR(INDEX(計算用!$D$2:$D$186,MATCH(22,計算用!$AR$2:$AR$186,0))&"（"&INDEX(計算用!$M$2:$M$186,MATCH(22,計算用!$AR$2:$AR$186,0))&"）","") | S27: =IFERROR(INDEX(計算用!$D$2:$D$186,MATCH(22,計算用!$AS$2:$AS$186,0))&"（"&INDEX(計算用!$M$2:$M$186,MATCH(22,計算用!$AS$2:$AS$186,0))&"）","") | U27: =組分け!D25&"" | V27: =組分け!G25&"" | W27: =組分け!J25&"" | X27: =組分け!M25&"" | Y27: =組分け!P25&"" | Z27: =組分け!W25&"" | AA27: =組分け!Z25&"" | AB27: =組分け!AC25&"" | AC27: =組分け!AF25&"" | AD27: =組分け!AI25&""
A28: 23 | M28: =COUNTIF(B28:F28,"?*") | N28: =IF(M28=0,"","赤"&計算用!BG24&"白"&計算用!BH24) | O28: =COUNTIF(G28:K28,"?*") | P28: =IF(O28=0,"","赤"&計算用!BI24&"白"&計算用!BJ24) | R28: =IFERROR(INDEX(計算用!$D$2:$D$186,MATCH(23,計算用!$AR$2:$AR$186,0))&"（"&INDEX(計算用!$M$2:$M$186,MATCH(23,計算用!$AR$2:$AR$186,0))&"）","") | S28: =IFERROR(INDEX(計算用!$D$2:$D$186,MATCH(23,計算用!$AS$2:$AS$186,0))&"（"&INDEX(計算用!$M$2:$M$186,MATCH(23,計算用!$AS$2:$AS$186,0))&"）","") | U28: =組分け!D26&"" | V28: =組分け!G26&"" | W28: =組分け!J26&"" | X28: =組分け!M26&"" | Y28: =組分け!P26&"" | Z28: =組分け!W26&"" | AA28: =組分け!Z26&"" | AB28: =組分け!AC26&"" | AC28: =組分け!AF26&"" | AD28: =組分け!AI26&""
A29: 24 | M29: =COUNTIF(B29:F29,"?*") | N29: =IF(M29=0,"","赤"&計算用!BG25&"白"&計算用!BH25) | O29: =COUNTIF(G29:K29,"?*") | P29: =IF(O29=0,"","赤"&計算用!BI25&"白"&計算用!BJ25) | R29: =IFERROR(INDEX(計算用!$D$2:$D$186,MATCH(24,計算用!$AR$2:$AR$186,0))&"（"&INDEX(計算用!$M$2:$M$186,MATCH(24,計算用!$AR$2:$AR$186,0))&"）","") | S29: =IFERROR(INDEX(計算用!$D$2:$D$186,MATCH(24,計算用!$AS$2:$AS$186,0))&"（"&INDEX(計算用!$M$2:$M$186,MATCH(24,計算用!$AS$2:$AS$186,0))&"）","") | U29: =組分け!D27&"" | V29: =組分け!G27&"" | W29: =組分け!J27&"" | X29: =組分け!M27&"" | Y29: =組分け!P27&"" | Z29: =組分け!W27&"" | AA29: =組分け!Z27&"" | AB29: =組分け!AC27&"" | AC29: =組分け!AF27&"" | AD29: =組分け!AI27&""
A30: 25 | M30: =COUNTIF(B30:F30,"?*") | N30: =IF(M30=0,"","赤"&計算用!BG26&"白"&計算用!BH26) | O30: =COUNTIF(G30:K30,"?*") | P30: =IF(O30=0,"","赤"&計算用!BI26&"白"&計算用!BJ26) | R30: =IFERROR(INDEX(計算用!$D$2:$D$186,MATCH(25,計算用!$AR$2:$AR$186,0))&"（"&INDEX(計算用!$M$2:$M$186,MATCH(25,計算用!$AR$2:$AR$186,0))&"）","") | S30: =IFERROR(INDEX(計算用!$D$2:$D$186,MATCH(25,計算用!$AS$2:$AS$186,0))&"（"&INDEX(計算用!$M$2:$M$186,MATCH(25,計算用!$AS$2:$AS$186,0))&"）","") | U30: =組分け!D28&"" | V30: =組分け!G28&"" | W30: =組分け!J28&"" | X30: =組分け!M28&"" | Y30: =組分け!P28&"" | Z30: =組分け!W28&"" | AA30: =組分け!Z28&"" | AB30: =組分け!AC28&"" | AC30: =組分け!AF28&"" | AD30: =組分け!AI28&""
A31: 26 | M31: =COUNTIF(B31:F31,"?*") | N31: =IF(M31=0,"","赤"&計算用!BG27&"白"&計算用!BH27) | O31: =COUNTIF(G31:K31,"?*") | P31: =IF(O31=0,"","赤"&計算用!BI27&"白"&計算用!BJ27) | R31: =IFERROR(INDEX(計算用!$D$2:$D$186,MATCH(26,計算用!$AR$2:$AR$186,0))&"（"&INDEX(計算用!$M$2:$M$186,MATCH(26,計算用!$AR$2:$AR$186,0))&"）","") | S31: =IFERROR(INDEX(計算用!$D$2:$D$186,MATCH(26,計算用!$AS$2:$AS$186,0))&"（"&INDEX(計算用!$M$2:$M$186,MATCH(26,計算用!$AS$2:$AS$186,0))&"）","") | U31: =組分け!D29&"" | V31: =組分け!G29&"" | W31: =組分け!J29&"" | X31: =組分け!M29&"" | Y31: =組分け!P29&"" | Z31: =組分け!W29&"" | AA31: =組分け!Z29&"" | AB31: =組分け!AC29&"" | AC31: =組分け!AF29&"" | AD31: =組分け!AI29&""
A32: 27 | M32: =COUNTIF(B32:F32,"?*") | N32: =IF(M32=0,"","赤"&計算用!BG28&"白"&計算用!BH28) | O32: =COUNTIF(G32:K32,"?*") | P32: =IF(O32=0,"","赤"&計算用!BI28&"白"&計算用!BJ28) | R32: =IFERROR(INDEX(計算用!$D$2:$D$186,MATCH(27,計算用!$AR$2:$AR$186,0))&"（"&INDEX(計算用!$M$2:$M$186,MATCH(27,計算用!$AR$2:$AR$186,0))&"）","") | S32: =IFERROR(INDEX(計算用!$D$2:$D$186,MATCH(27,計算用!$AS$2:$AS$186,0))&"（"&INDEX(計算用!$M$2:$M$186,MATCH(27,計算用!$AS$2:$AS$186,0))&"）","") | U32: =組分け!D30&"" | V32: =組分け!G30&"" | W32: =組分け!J30&"" | X32: =組分け!M30&"" | Y32: =組分け!P30&"" | Z32: =組分け!W30&"" | AA32: =組分け!Z30&"" | AB32: =組分け!AC30&"" | AC32: =組分け!AF30&"" | AD32: =組分け!AI30&""
A33: 28 | M33: =COUNTIF(B33:F33,"?*") | N33: =IF(M33=0,"","赤"&計算用!BG29&"白"&計算用!BH29) | O33: =COUNTIF(G33:K33,"?*") | P33: =IF(O33=0,"","赤"&計算用!BI29&"白"&計算用!BJ29) | R33: =IFERROR(INDEX(計算用!$D$2:$D$186,MATCH(28,計算用!$AR$2:$AR$186,0))&"（"&INDEX(計算用!$M$2:$M$186,MATCH(28,計算用!$AR$2:$AR$186,0))&"）","") | S33: =IFERROR(INDEX(計算用!$D$2:$D$186,MATCH(28,計算用!$AS$2:$AS$186,0))&"（"&INDEX(計算用!$M$2:$M$186,MATCH(28,計算用!$AS$2:$AS$186,0))&"）","") | U33: =組分け!D31&"" | V33: =組分け!G31&"" | W33: =組分け!J31&"" | X33: =組分け!M31&"" | Y33: =組分け!P31&"" | Z33: =組分け!W31&"" | AA33: =組分け!Z31&"" | AB33: =組分け!AC31&"" | AC33: =組分け!AF31&"" | AD33: =組分け!AI31&""
A34: 29 | M34: =COUNTIF(B34:F34,"?*") | N34: =IF(M34=0,"","赤"&計算用!BG30&"白"&計算用!BH30) | O34: =COUNTIF(G34:K34,"?*") | P34: =IF(O34=0,"","赤"&計算用!BI30&"白"&計算用!BJ30) | R34: =IFERROR(INDEX(計算用!$D$2:$D$186,MATCH(29,計算用!$AR$2:$AR$186,0))&"（"&INDEX(計算用!$M$2:$M$186,MATCH(29,計算用!$AR$2:$AR$186,0))&"）","") | S34: =IFERROR(INDEX(計算用!$D$2:$D$186,MATCH(29,計算用!$AS$2:$AS$186,0))&"（"&INDEX(計算用!$M$2:$M$186,MATCH(29,計算用!$AS$2:$AS$186,0))&"）","") | U34: =組分け!D32&"" | V34: =組分け!G32&"" | W34: =組分け!J32&"" | X34: =組分け!M32&"" | Y34: =組分け!P32&"" | Z34: =組分け!W32&"" | AA34: =組分け!Z32&"" | AB34: =組分け!AC32&"" | AC34: =組分け!AF32&"" | AD34: =組分け!AI32&""
A35: 30 | M35: =COUNTIF(B35:F35,"?*") | N35: =IF(M35=0,"","赤"&計算用!BG31&"白"&計算用!BH31) | O35: =COUNTIF(G35:K35,"?*") | P35: =IF(O35=0,"","赤"&計算用!BI31&"白"&計算用!BJ31) | R35: =IFERROR(INDEX(計算用!$D$2:$D$186,MATCH(30,計算用!$AR$2:$AR$186,0))&"（"&INDEX(計算用!$M$2:$M$186,MATCH(30,計算用!$AR$2:$AR$186,0))&"）","") | S35: =IFERROR(INDEX(計算用!$D$2:$D$186,MATCH(30,計算用!$AS$2:$AS$186,0))&"（"&INDEX(計算用!$M$2:$M$186,MATCH(30,計算用!$AS$2:$AS$186,0))&"）","") | U35: =組分け!D33&"" | V35: =組分け!G33&"" | W35: =組分け!J33&"" | X35: =組分け!M33&"" | Y35: =組分け!P33&"" | Z35: =組分け!W33&"" | AA35: =組分け!Z33&"" | AB35: =組分け!AC33&"" | AC35: =組分け!AF33&"" | AD35: =組分け!AI33&""
A36: 31 | M36: =COUNTIF(B36:F36,"?*") | N36: =IF(M36=0,"","赤"&計算用!BG32&"白"&計算用!BH32) | O36: =COUNTIF(G36:K36,"?*") | P36: =IF(O36=0,"","赤"&計算用!BI32&"白"&計算用!BJ32) | R36: =IFERROR(INDEX(計算用!$D$2:$D$186,MATCH(31,計算用!$AR$2:$AR$186,0))&"（"&INDEX(計算用!$M$2:$M$186,MATCH(31,計算用!$AR$2:$AR$186,0))&"）","") | S36: =IFERROR(INDEX(計算用!$D$2:$D$186,MATCH(31,計算用!$AS$2:$AS$186,0))&"（"&INDEX(計算用!$M$2:$M$186,MATCH(31,計算用!$AS$2:$AS$186,0))&"）","") | U36: =組分け!D34&"" | V36: =組分け!G34&"" | W36: =組分け!J34&"" | X36: =組分け!M34&"" | Y36: =組分け!P34&"" | Z36: =組分け!W34&"" | AA36: =組分け!Z34&"" | AB36: =組分け!AC34&"" | AC36: =組分け!AF34&"" | AD36: =組分け!AI34&""
A37: 32 | M37: =COUNTIF(B37:F37,"?*") | N37: =IF(M37=0,"","赤"&計算用!BG33&"白"&計算用!BH33) | O37: =COUNTIF(G37:K37,"?*") | P37: =IF(O37=0,"","赤"&計算用!BI33&"白"&計算用!BJ33) | R37: =IFERROR(INDEX(計算用!$D$2:$D$186,MATCH(32,計算用!$AR$2:$AR$186,0))&"（"&INDEX(計算用!$M$2:$M$186,MATCH(32,計算用!$AR$2:$AR$186,0))&"）","") | S37: =IFERROR(INDEX(計算用!$D$2:$D$186,MATCH(32,計算用!$AS$2:$AS$186,0))&"（"&INDEX(計算用!$M$2:$M$186,MATCH(32,計算用!$AS$2:$AS$186,0))&"）","") | U37: =組分け!D35&"" | V37: =組分け!G35&"" | W37: =組分け!J35&"" | X37: =組分け!M35&"" | Y37: =組分け!P35&"" | Z37: =組分け!W35&"" | AA37: =組分け!Z35&"" | AB37: =組分け!AC35&"" | AC37: =組分け!AF35&"" | AD37: =組分け!AI35&""
A38: 33 | M38: =COUNTIF(B38:F38,"?*") | N38: =IF(M38=0,"","赤"&計算用!BG34&"白"&計算用!BH34) | O38: =COUNTIF(G38:K38,"?*") | P38: =IF(O38=0,"","赤"&計算用!BI34&"白"&計算用!BJ34) | R38: =IFERROR(INDEX(計算用!$D$2:$D$186,MATCH(33,計算用!$AR$2:$AR$186,0))&"（"&INDEX(計算用!$M$2:$M$186,MATCH(33,計算用!$AR$2:$AR$186,0))&"）","") | S38: =IFERROR(INDEX(計算用!$D$2:$D$186,MATCH(33,計算用!$AS$2:$AS$186,0))&"（"&INDEX(計算用!$M$2:$M$186,MATCH(33,計算用!$AS$2:$AS$186,0))&"）","") | U38: =組分け!D36&"" | V38: =組分け!G36&"" | W38: =組分け!J36&"" | X38: =組分け!M36&"" | Y38: =組分け!P36&"" | Z38: =組分け!W36&"" | AA38: =組分け!Z36&"" | AB38: =組分け!AC36&"" | AC38: =組分け!AF36&"" | AD38: =組分け!AI36&""
A39: 34 | M39: =COUNTIF(B39:F39,"?*") | N39: =IF(M39=0,"","赤"&計算用!BG35&"白"&計算用!BH35) | O39: =COUNTIF(G39:K39,"?*") | P39: =IF(O39=0,"","赤"&計算用!BI35&"白"&計算用!BJ35) | R39: =IFERROR(INDEX(計算用!$D$2:$D$186,MATCH(34,計算用!$AR$2:$AR$186,0))&"（"&INDEX(計算用!$M$2:$M$186,MATCH(34,計算用!$AR$2:$AR$186,0))&"）","") | S39: =IFERROR(INDEX(計算用!$D$2:$D$186,MATCH(34,計算用!$AS$2:$AS$186,0))&"（"&INDEX(計算用!$M$2:$M$186,MATCH(34,計算用!$AS$2:$AS$186,0))&"）","") | U39: =組分け!D37&"" | V39: =組分け!G37&"" | W39: =組分け!J37&"" | X39: =組分け!M37&"" | Y39: =組分け!P37&"" | Z39: =組分け!W37&"" | AA39: =組分け!Z37&"" | AB39: =組分け!AC37&"" | AC39: =組分け!AF37&"" | AD39: =組分け!AI37&""
A40: 35 | M40: =COUNTIF(B40:F40,"?*") | N40: =IF(M40=0,"","赤"&計算用!BG36&"白"&計算用!BH36) | O40: =COUNTIF(G40:K40,"?*") | P40: =IF(O40=0,"","赤"&計算用!BI36&"白"&計算用!BJ36) | R40: =IFERROR(INDEX(計算用!$D$2:$D$186,MATCH(35,計算用!$AR$2:$AR$186,0))&"（"&INDEX(計算用!$M$2:$M$186,MATCH(35,計算用!$AR$2:$AR$186,0))&"）","") | S40: =IFERROR(INDEX(計算用!$D$2:$D$186,MATCH(35,計算用!$AS$2:$AS$186,0))&"（"&INDEX(計算用!$M$2:$M$186,MATCH(35,計算用!$AS$2:$AS$186,0))&"）","") | U40: =組分け!D38&"" | V40: =組分け!G38&"" | W40: =組分け!J38&"" | X40: =組分け!M38&"" | Y40: =組分け!P38&"" | Z40: =組分け!W38&"" | AA40: =組分け!Z38&"" | AB40: =組分け!AC38&"" | AC40: =組分け!AF38&"" | AD40: =組分け!AI38&""
A41: 36 | M41: =COUNTIF(B41:F41,"?*") | N41: =IF(M41=0,"","赤"&計算用!BG37&"白"&計算用!BH37) | O41: =COUNTIF(G41:K41,"?*") | P41: =IF(O41=0,"","赤"&計算用!BI37&"白"&計算用!BJ37) | R41: =IFERROR(INDEX(計算用!$D$2:$D$186,MATCH(36,計算用!$AR$2:$AR$186,0))&"（"&INDEX(計算用!$M$2:$M$186,MATCH(36,計算用!$AR$2:$AR$186,0))&"）","") | S41: =IFERROR(INDEX(計算用!$D$2:$D$186,MATCH(36,計算用!$AS$2:$AS$186,0))&"（"&INDEX(計算用!$M$2:$M$186,MATCH(36,計算用!$AS$2:$AS$186,0))&"）","") | U41: =組分け!D39&"" | V41: =組分け!G39&"" | W41: =組分け!J39&"" | X41: =組分け!M39&"" | Y41: =組分け!P39&"" | Z41: =組分け!W39&"" | AA41: =組分け!Z39&"" | AB41: =組分け!AC39&"" | AC41: =組分け!AF39&"" | AD41: =組分け!AI39&""
A42: 37 | M42: =COUNTIF(B42:F42,"?*") | N42: =IF(M42=0,"","赤"&計算用!BG38&"白"&計算用!BH38) | O42: =COUNTIF(G42:K42,"?*") | P42: =IF(O42=0,"","赤"&計算用!BI38&"白"&計算用!BJ38) | R42: =IFERROR(INDEX(計算用!$D$2:$D$186,MATCH(37,計算用!$AR$2:$AR$186,0))&"（"&INDEX(計算用!$M$2:$M$186,MATCH(37,計算用!$AR$2:$AR$186,0))&"）","") | S42: =IFERROR(INDEX(計算用!$D$2:$D$186,MATCH(37,計算用!$AS$2:$AS$186,0))&"（"&INDEX(計算用!$M$2:$M$186,MATCH(37,計算用!$AS$2:$AS$186,0))&"）","") | U42: =組分け!D40&"" | V42: =組分け!G40&"" | W42: =組分け!J40&"" | X42: =組分け!M40&"" | Y42: =組分け!P40&"" | Z42: =組分け!W40&"" | AA42: =組分け!Z40&"" | AB42: =組分け!AC40&"" | AC42: =組分け!AF40&"" | AD42: =組分け!AI40&""
A43: 38 | M43: =COUNTIF(B43:F43,"?*") | N43: =IF(M43=0,"","赤"&計算用!BG39&"白"&計算用!BH39) | O43: =COUNTIF(G43:K43,"?*") | P43: =IF(O43=0,"","赤"&計算用!BI39&"白"&計算用!BJ39) | R43: =IFERROR(INDEX(計算用!$D$2:$D$186,MATCH(38,計算用!$AR$2:$AR$186,0))&"（"&INDEX(計算用!$M$2:$M$186,MATCH(38,計算用!$AR$2:$AR$186,0))&"）","") | S43: =IFERROR(INDEX(計算用!$D$2:$D$186,MATCH(38,計算用!$AS$2:$AS$186,0))&"（"&INDEX(計算用!$M$2:$M$186,MATCH(38,計算用!$AS$2:$AS$186,0))&"）","") | U43: =組分け!D41&"" | V43: =組分け!G41&"" | W43: =組分け!J41&"" | X43: =組分け!M41&"" | Y43: =組分け!P41&"" | Z43: =組分け!W41&"" | AA43: =組分け!Z41&"" | AB43: =組分け!AC41&"" | AC43: =組分け!AF41&"" | AD43: =組分け!AI41&""
A44: 39 | M44: =COUNTIF(B44:F44,"?*") | N44: =IF(M44=0,"","赤"&計算用!BG40&"白"&計算用!BH40) | O44: =COUNTIF(G44:K44,"?*") | P44: =IF(O44=0,"","赤"&計算用!BI40&"白"&計算用!BJ40) | R44: =IFERROR(INDEX(計算用!$D$2:$D$186,MATCH(39,計算用!$AR$2:$AR$186,0))&"（"&INDEX(計算用!$M$2:$M$186,MATCH(39,計算用!$AR$2:$AR$186,0))&"）","") | S44: =IFERROR(INDEX(計算用!$D$2:$D$186,MATCH(39,計算用!$AS$2:$AS$186,0))&"（"&INDEX(計算用!$M$2:$M$186,MATCH(39,計算用!$AS$2:$AS$186,0))&"）","") | U44: =組分け!D42&"" | V44: =組分け!G42&"" | W44: =組分け!J42&"" | X44: =組分け!M42&"" | Y44: =組分け!P42&"" | Z44: =組分け!W42&"" | AA44: =組分け!Z42&"" | AB44: =組分け!AC42&"" | AC44: =組分け!AF42&"" | AD44: =組分け!AI42&""
A45: 40 | M45: =COUNTIF(B45:F45,"?*") | N45: =IF(M45=0,"","赤"&計算用!BG41&"白"&計算用!BH41) | O45: =COUNTIF(G45:K45,"?*") | P45: =IF(O45=0,"","赤"&計算用!BI41&"白"&計算用!BJ41) | R45: =IFERROR(INDEX(計算用!$D$2:$D$186,MATCH(40,計算用!$AR$2:$AR$186,0))&"（"&INDEX(計算用!$M$2:$M$186,MATCH(40,計算用!$AR$2:$AR$186,0))&"）","") | S45: =IFERROR(INDEX(計算用!$D$2:$D$186,MATCH(40,計算用!$AS$2:$AS$186,0))&"（"&INDEX(計算用!$M$2:$M$186,MATCH(40,計算用!$AS$2:$AS$186,0))&"）","") | U45: =組分け!D43&"" | V45: =組分け!G43&"" | W45: =組分け!J43&"" | X45: =組分け!M43&"" | Y45: =組分け!P43&"" | Z45: =組分け!W43&"" | AA45: =組分け!Z43&"" | AB45: =組分け!AC43&"" | AC45: =組分け!AF43&"" | AD45: =組分け!AI43&""
A46: 41 | M46: =COUNTIF(B46:F46,"?*") | N46: =IF(M46=0,"","赤"&計算用!BG42&"白"&計算用!BH42) | O46: =COUNTIF(G46:K46,"?*") | P46: =IF(O46=0,"","赤"&計算用!BI42&"白"&計算用!BJ42) | R46: =IFERROR(INDEX(計算用!$D$2:$D$186,MATCH(41,計算用!$AR$2:$AR$186,0))&"（"&INDEX(計算用!$M$2:$M$186,MATCH(41,計算用!$AR$2:$AR$186,0))&"）","") | S46: =IFERROR(INDEX(計算用!$D$2:$D$186,MATCH(41,計算用!$AS$2:$AS$186,0))&"（"&INDEX(計算用!$M$2:$M$186,MATCH(41,計算用!$AS$2:$AS$186,0))&"）","") | U46: =組分け!D44&"" | V46: =組分け!G44&"" | W46: =組分け!J44&"" | X46: =組分け!M44&"" | Y46: =組分け!P44&"" | Z46: =組分け!W44&"" | AA46: =組分け!Z44&"" | AB46: =組分け!AC44&"" | AC46: =組分け!AF44&"" | AD46: =組分け!AI44&""
A47: 42 | M47: =COUNTIF(B47:F47,"?*") | N47: =IF(M47=0,"","赤"&計算用!BG43&"白"&計算用!BH43) | O47: =COUNTIF(G47:K47,"?*") | P47: =IF(O47=0,"","赤"&計算用!BI43&"白"&計算用!BJ43) | R47: =IFERROR(INDEX(計算用!$D$2:$D$186,MATCH(42,計算用!$AR$2:$AR$186,0))&"（"&INDEX(計算用!$M$2:$M$186,MATCH(42,計算用!$AR$2:$AR$186,0))&"）","") | S47: =IFERROR(INDEX(計算用!$D$2:$D$186,MATCH(42,計算用!$AS$2:$AS$186,0))&"（"&INDEX(計算用!$M$2:$M$186,MATCH(42,計算用!$AS$2:$AS$186,0))&"）","") | U47: =組分け!D45&"" | V47: =組分け!G45&"" | W47: =組分け!J45&"" | X47: =組分け!M45&"" | Y47: =組分け!P45&"" | Z47: =組分け!W45&"" | AA47: =組分け!Z45&"" | AB47: =組分け!AC45&"" | AC47: =組分け!AF45&"" | AD47: =組分け!AI45&""
A48: 43 | M48: =COUNTIF(B48:F48,"?*") | N48: =IF(M48=0,"","赤"&計算用!BG44&"白"&計算用!BH44) | O48: =COUNTIF(G48:K48,"?*") | P48: =IF(O48=0,"","赤"&計算用!BI44&"白"&計算用!BJ44) | R48: =IFERROR(INDEX(計算用!$D$2:$D$186,MATCH(43,計算用!$AR$2:$AR$186,0))&"（"&INDEX(計算用!$M$2:$M$186,MATCH(43,計算用!$AR$2:$AR$186,0))&"）","") | S48: =IFERROR(INDEX(計算用!$D$2:$D$186,MATCH(43,計算用!$AS$2:$AS$186,0))&"（"&INDEX(計算用!$M$2:$M$186,MATCH(43,計算用!$AS$2:$AS$186,0))&"）","") | U48: =組分け!D46&"" | V48: =組分け!G46&"" | W48: =組分け!J46&"" | X48: =組分け!M46&"" | Y48: =組分け!P46&"" | Z48: =組分け!W46&"" | AA48: =組分け!Z46&"" | AB48: =組分け!AC46&"" | AC48: =組分け!AF46&"" | AD48: =組分け!AI46&""
A49: 44 | M49: =COUNTIF(B49:F49,"?*") | N49: =IF(M49=0,"","赤"&計算用!BG45&"白"&計算用!BH45) | O49: =COUNTIF(G49:K49,"?*") | P49: =IF(O49=0,"","赤"&計算用!BI45&"白"&計算用!BJ45) | R49: =IFERROR(INDEX(計算用!$D$2:$D$186,MATCH(44,計算用!$AR$2:$AR$186,0))&"（"&INDEX(計算用!$M$2:$M$186,MATCH(44,計算用!$AR$2:$AR$186,0))&"）","") | S49: =IFERROR(INDEX(計算用!$D$2:$D$186,MATCH(44,計算用!$AS$2:$AS$186,0))&"（"&INDEX(計算用!$M$2:$M$186,MATCH(44,計算用!$AS$2:$AS$186,0))&"）","") | U49: =組分け!D47&"" | V49: =組分け!G47&"" | W49: =組分け!J47&"" | X49: =組分け!M47&"" | Y49: =組分け!P47&"" | Z49: =組分け!W47&"" | AA49: =組分け!Z47&"" | AB49: =組分け!AC47&"" | AC49: =組分け!AF47&"" | AD49: =組分け!AI47&""
A50: 45 | M50: =COUNTIF(B50:F50,"?*") | N50: =IF(M50=0,"","赤"&計算用!BG46&"白"&計算用!BH46) | O50: =COUNTIF(G50:K50,"?*") | P50: =IF(O50=0,"","赤"&計算用!BI46&"白"&計算用!BJ46) | R50: =IFERROR(INDEX(計算用!$D$2:$D$186,MATCH(45,計算用!$AR$2:$AR$186,0))&"（"&INDEX(計算用!$M$2:$M$186,MATCH(45,計算用!$AR$2:$AR$186,0))&"）","") | S50: =IFERROR(INDEX(計算用!$D$2:$D$186,MATCH(45,計算用!$AS$2:$AS$186,0))&"（"&INDEX(計算用!$M$2:$M$186,MATCH(45,計算用!$AS$2:$AS$186,0))&"）","") | U50: =組分け!D48&"" | V50: =組分け!G48&"" | W50: =組分け!J48&"" | X50: =組分け!M48&"" | Y50: =組分け!P48&"" | Z50: =組分け!W48&"" | AA50: =組分け!Z48&"" | AB50: =組分け!AC48&"" | AC50: =組分け!AF48&"" | AD50: =組分け!AI48&""
A51: 46 | M51: =COUNTIF(B51:F51,"?*") | N51: =IF(M51=0,"","赤"&計算用!BG47&"白"&計算用!BH47) | O51: =COUNTIF(G51:K51,"?*") | P51: =IF(O51=0,"","赤"&計算用!BI47&"白"&計算用!BJ47) | R51: =IFERROR(INDEX(計算用!$D$2:$D$186,MATCH(46,計算用!$AR$2:$AR$186,0))&"（"&INDEX(計算用!$M$2:$M$186,MATCH(46,計算用!$AR$2:$AR$186,0))&"）","") | S51: =IFERROR(INDEX(計算用!$D$2:$D$186,MATCH(46,計算用!$AS$2:$AS$186,0))&"（"&INDEX(計算用!$M$2:$M$186,MATCH(46,計算用!$AS$2:$AS$186,0))&"）","") | U51: =組分け!D49&"" | V51: =組分け!G49&"" | W51: =組分け!J49&"" | X51: =組分け!M49&"" | Y51: =組分け!P49&"" | Z51: =組分け!W49&"" | AA51: =組分け!Z49&"" | AB51: =組分け!AC49&"" | AC51: =組分け!AF49&"" | AD51: =組分け!AI49&""
A52: 47 | M52: =COUNTIF(B52:F52,"?*") | N52: =IF(M52=0,"","赤"&計算用!BG48&"白"&計算用!BH48) | O52: =COUNTIF(G52:K52,"?*") | P52: =IF(O52=0,"","赤"&計算用!BI48&"白"&計算用!BJ48) | R52: =IFERROR(INDEX(計算用!$D$2:$D$186,MATCH(47,計算用!$AR$2:$AR$186,0))&"（"&INDEX(計算用!$M$2:$M$186,MATCH(47,計算用!$AR$2:$AR$186,0))&"）","") | S52: =IFERROR(INDEX(計算用!$D$2:$D$186,MATCH(47,計算用!$AS$2:$AS$186,0))&"（"&INDEX(計算用!$M$2:$M$186,MATCH(47,計算用!$AS$2:$AS$186,0))&"）","") | U52: =組分け!D50&"" | V52: =組分け!G50&"" | W52: =組分け!J50&"" | X52: =組分け!M50&"" | Y52: =組分け!P50&"" | Z52: =組分け!W50&"" | AA52: =組分け!Z50&"" | AB52: =組分け!AC50&"" | AC52: =組分け!AF50&"" | AD52: =組分け!AI50&""
A53: 48 | M53: =COUNTIF(B53:F53,"?*") | N53: =IF(M53=0,"","赤"&計算用!BG49&"白"&計算用!BH49) | O53: =COUNTIF(G53:K53,"?*") | P53: =IF(O53=0,"","赤"&計算用!BI49&"白"&計算用!BJ49) | R53: =IFERROR(INDEX(計算用!$D$2:$D$186,MATCH(48,計算用!$AR$2:$AR$186,0))&"（"&INDEX(計算用!$M$2:$M$186,MATCH(48,計算用!$AR$2:$AR$186,0))&"）","") | S53: =IFERROR(INDEX(計算用!$D$2:$D$186,MATCH(48,計算用!$AS$2:$AS$186,0))&"（"&INDEX(計算用!$M$2:$M$186,MATCH(48,計算用!$AS$2:$AS$186,0))&"）","") | U53: =組分け!D51&"" | V53: =組分け!G51&"" | W53: =組分け!J51&"" | X53: =組分け!M51&"" | Y53: =組分け!P51&"" | Z53: =組分け!W51&"" | AA53: =組分け!Z51&"" | AB53: =組分け!AC51&"" | AC53: =組分け!AF51&"" | AD53: =組分け!AI51&""
A54: 49 | M54: =COUNTIF(B54:F54,"?*") | N54: =IF(M54=0,"","赤"&計算用!BG50&"白"&計算用!BH50) | O54: =COUNTIF(G54:K54,"?*") | P54: =IF(O54=0,"","赤"&計算用!BI50&"白"&計算用!BJ50) | R54: =IFERROR(INDEX(計算用!$D$2:$D$186,MATCH(49,計算用!$AR$2:$AR$186,0))&"（"&INDEX(計算用!$M$2:$M$186,MATCH(49,計算用!$AR$2:$AR$186,0))&"）","") | S54: =IFERROR(INDEX(計算用!$D$2:$D$186,MATCH(49,計算用!$AS$2:$AS$186,0))&"（"&INDEX(計算用!$M$2:$M$186,MATCH(49,計算用!$AS$2:$AS$186,0))&"）","") | U54: =組分け!D52&"" | V54: =組分け!G52&"" | W54: =組分け!J52&"" | X54: =組分け!M52&"" | Y54: =組分け!P52&"" | Z54: =組分け!W52&"" | AA54: =組分け!Z52&"" | AB54: =組分け!AC52&"" | AC54: =組分け!AF52&"" | AD54: =組分け!AI52&""
A55: 50 | M55: =COUNTIF(B55:F55,"?*") | N55: =IF(M55=0,"","赤"&計算用!BG51&"白"&計算用!BH51) | O55: =COUNTIF(G55:K55,"?*") | P55: =IF(O55=0,"","赤"&計算用!BI51&"白"&計算用!BJ51) | R55: =IFERROR(INDEX(計算用!$D$2:$D$186,MATCH(50,計算用!$AR$2:$AR$186,0))&"（"&INDEX(計算用!$M$2:$M$186,MATCH(50,計算用!$AR$2:$AR$186,0))&"）","") | S55: =IFERROR(INDEX(計算用!$D$2:$D$186,MATCH(50,計算用!$AS$2:$AS$186,0))&"（"&INDEX(計算用!$M$2:$M$186,MATCH(50,計算用!$AS$2:$AS$186,0))&"）","") | U55: =組分け!D53&"" | V55: =組分け!G53&"" | W55: =組分け!J53&"" | X55: =組分け!M53&"" | Y55: =組分け!P53&"" | Z55: =組分け!W53&"" | AA55: =組分け!Z53&"" | AB55: =組分け!AC53&"" | AC55: =組分け!AF53&"" | AD55: =組分け!AI53&""

Sheet 決定版
A1: 男子 | D1: =IF(計算用!$Q$15>0,"※手直しシートに確認が必要なところがあります",IF(SUMPRODUCT((ROW(手直し!$M$6:$M$55)-5<=計算用!$Q$13)*(手直し!$M$6:$M$55=0))>0,"※だれもいない組があります（赤い組）",IF(SUMPRODUCT((ROW(手直し!$M$6:$M$55)-5<=計算用!$Q$13)*(((手直し!$M$6:$M$55<>計算用!$Q$32)+(ABS(計算用!$BG$2:$BG$51-計算用!$BH$2:$BH$51)>1))>0))>0,"※黄色の組は、人数の都合で調整した組です",""))) | O1: ="1組 "&計算用!$Q$32&"人" | T1: 女子 | W1: =IF(計算用!$Q$16>0,"※手直しシートに確認が必要なところがあります",IF(SUMPRODUCT((ROW(手直し!$O$6:$O$55)-5<=計算用!$Q$14)*(手直し!$O$6:$O$55=0))>0,"※だれもいない組があります（赤い組）",IF(SUMPRODUCT((ROW(手直し!$O$6:$O$55)-5<=計算用!$Q$14)*(((手直し!$O$6:$O$55<>計算用!$Q$33)+(ABS(計算用!$BI$2:$BI$51-計算用!$BJ$2:$BJ$51)>1))>0))>0,"※黄色の組は、人数の都合で調整した組です",""))) | AH1: ="1組 "&計算用!$Q$33&"人"
A2: 組 | B2: 人数 | C2: 内訳 | D2: 1人目 | G2: 2人目 | J2: 3人目 | M2: 4人目 | P2: 5人目 | T2: 組 | U2: 人数 | V2: 内訳 | W2: 1人目 | Z2: 2人目 | AC2: 3人目 | AF2: 4人目 | AI2: 5人目
D3: 名前 | E3: クラス | F3: 色 | G3: 名前 | H3: クラス | I3: 色 | J3: 名前 | K3: クラス | L3: 色 | M3: 名前 | N3: クラス | O3: 色 | P3: 名前 | Q3: クラス | R3: 色 | W3: 名前 | X3: クラス | Y3: 色 | Z3: 名前 | AA3: クラス | AB3: 色 | AC3: 名前 | AD3: クラス | AE3: 色 | AF3: 名前 | AG3: クラス | AH3: 色 | AI3: 名前 | AJ3: クラス | AK3: 色
A4: =IF(ROW()-3<=計算用!$Q$13,ROW()-3,"") | B4: =IF($A4="","",手直し!M6) | C4: =IF($A4="","",手直し!N6) | D4: =IF($A4="","",手直し!B6&"") | E4: =IF(OR($A4="",手直し!B6=""),"",IFERROR(INDEX(計算用!$M$2:$M$186,MATCH("男"&手直し!B6,計算用!$AO$2:$AO$186,0)),"？")) | F4: =IF(OR($A4="",手直し!B6=""),"",IFERROR(INDEX(計算用!$I$2:$I$186,MATCH("男"&手直し!B6,計算用!$AO$2:$AO$186,0)),"？")) | G4: =IF($A4="","",手直し!C6&"") | H4: =IF(OR($A4="",手直し!C6=""),"",IFERROR(INDEX(計算用!$M$2:$M$186,MATCH("男"&手直し!C6,計算用!$AO$2:$AO$186,0)),"？")) | I4: =IF(OR($A4="",手直し!C6=""),"",IFERROR(INDEX(計算用!$I$2:$I$186,MATCH("男"&手直し!C6,計算用!$AO$2:$AO$186,0)),"？")) | J4: =IF($A4="","",手直し!D6&"") | K4: =IF(OR($A4="",手直し!D6=""),"",IFERROR(INDEX(計算用!$M$2:$M$186,MATCH("男"&手直し!D6,計算用!$AO$2:$AO$186,0)),"？")) | L4: =IF(OR($A4="",手直し!D6=""),"",IFERROR(INDEX(計算用!$I$2:$I$186,MATCH("男"&手直し!D6,計算用!$AO$2:$AO$186,0)),"？")) | M4: =IF($A4="","",手直し!E6&"") | N4: =IF(OR($A4="",手直し!E6=""),"",IFERROR(INDEX(計算用!$M$2:$M$186,MATCH("男"&手直し!E6,計算用!$AO$2:$AO$186,0)),"？")) | O4: =IF(OR($A4="",手直し!E6=""),"",IFERROR(INDEX(計算用!$I$2:$I$186,MATCH("男"&手直し!E6,計算用!$AO$2:$AO$186,0)),"？")) | P4: =IF($A4="","",手直し!F6&"") | Q4: =IF(OR($A4="",手直し!F6=""),"",IFERROR(INDEX(計算用!$M$2:$M$186,MATCH("男"&手直し!F6,計算用!$AO$2:$AO$186,0)),"？")) | R4: =IF(OR($A4="",手直し!F6=""),"",IFERROR(INDEX(計算用!$I$2:$I$186,MATCH("男"&手直し!F6,計算用!$AO$2:$AO$186,0)),"？")) | T4: =IF(ROW()-3<=計算用!$Q$14,ROW()-3,"") | U4: =IF($T4="","",手直し!O6) | V4: =IF($T4="","",手直し!P6) | W4: =IF($T4="","",手直し!G6&"") | X4: =IF(OR($T4="",手直し!G6=""),"",IFERROR(INDEX(計算用!$M$2:$M$186,MATCH("女"&手直し!G6,計算用!$AO$2:$AO$186,0)),"？")) | Y4: =IF(OR($T4="",手直し!G6=""),"",IFERROR(INDEX(計算用!$I$2:$I$186,MATCH("女"&手直し!G6,計算用!$AO$2:$AO$186,0)),"？")) | Z4: =IF($T4="","",手直し!H6&"") | AA4: =IF(OR($T4="",手直し!H6=""),"",IFERROR(INDEX(計算用!$M$2:$M$186,MATCH("女"&手直し!H6,計算用!$AO$2:$AO$186,0)),"？")) | AB4: =IF(OR($T4="",手直し!H6=""),"",IFERROR(INDEX(計算用!$I$2:$I$186,MATCH("女"&手直し!H6,計算用!$AO$2:$AO$186,0)),"？")) | AC4: =IF($T4="","",手直し!I6&"") | AD4: =IF(OR($T4="",手直し!I6=""),"",IFERROR(INDEX(計算用!$M$2:$M$186,MATCH("女"&手直し!I6,計算用!$AO$2:$AO$186,0)),"？")) | AE4: =IF(OR($T4="",手直し!I6=""),"",IFERROR(INDEX(計算用!$I$2:$I$186,MATCH("女"&手直し!I6,計算用!$AO$2:$AO$186,0)),"？")) | AF4: =IF($T4="","",手直し!J6&"") | AG4: =IF(OR($T4="",手直し!J6=""),"",IFERROR(INDEX(計算用!$M$2:$M$186,MATCH("女"&手直し!J6,計算用!$AO$2:$AO$186,0)),"？")) | AH4: =IF(OR($T4="",手直し!J6=""),"",IFERROR(INDEX(計算用!$I$2:$I$186,MATCH("女"&手直し!J6,計算用!$AO$2:$AO$186,0)),"？")) | AI4: =IF($T4="","",手直し!K6&"") | AJ4: =IF(OR($T4="",手直し!K6=""),"",IFERROR(INDEX(計算用!$M$2:$M$186,MATCH("女"&手直し!K6,計算用!$AO$2:$AO$186,0)),"？")) | AK4: =IF(OR($T4="",手直し!K6=""),"",IFERROR(INDEX(計算用!$I$2:$I$186,MATCH("女"&手直し!K6,計算用!$AO$2:$AO$186,0)),"？"))
A5: =IF(ROW()-3<=計算用!$Q$13,ROW()-3,"") | B5: =IF($A5="","",手直し!M7) | C5: =IF($A5="","",手直し!N7) | D5: =IF($A5="","",手直し!B7&"") | E5: =IF(OR($A5="",手直し!B7=""),"",IFERROR(INDEX(計算用!$M$2:$M$186,MATCH("男"&手直し!B7,計算用!$AO$2:$AO$186,0)),"？")) | F5: =IF(OR($A5="",手直し!B7=""),"",IFERROR(INDEX(計算用!$I$2:$I$186,MATCH("男"&手直し!B7,計算用!$AO$2:$AO$186,0)),"？")) | G5: =IF($A5="","",手直し!C7&"") | H5: =IF(OR($A5="",手直し!C7=""),"",IFERROR(INDEX(計算用!$M$2:$M$186,MATCH("男"&手直し!C7,計算用!$AO$2:$AO$186,0)),"？")) | I5: =IF(OR($A5="",手直し!C7=""),"",IFERROR(INDEX(計算用!$I$2:$I$186,MATCH("男"&手直し!C7,計算用!$AO$2:$AO$186,0)),"？")) | J5: =IF($A5="","",手直し!D7&"") | K5: =IF(OR($A5="",手直し!D7=""),"",IFERROR(INDEX(計算用!$M$2:$M$186,MATCH("男"&手直し!D7,計算用!$AO$2:$AO$186,0)),"？")) | L5: =IF(OR($A5="",手直し!D7=""),"",IFERROR(INDEX(計算用!$I$2:$I$186,MATCH("男"&手直し!D7,計算用!$AO$2:$AO$186,0)),"？")) | M5: =IF($A5="","",手直し!E7&"") | N5: =IF(OR($A5="",手直し!E7=""),"",IFERROR(INDEX(計算用!$M$2:$M$186,MATCH("男"&手直し!E7,計算用!$AO$2:$AO$186,0)),"？")) | O5: =IF(OR($A5="",手直し!E7=""),"",IFERROR(INDEX(計算用!$I$2:$I$186,MATCH("男"&手直し!E7,計算用!$AO$2:$AO$186,0)),"？")) | P5: =IF($A5="","",手直し!F7&"") | Q5: =IF(OR($A5="",手直し!F7=""),"",IFERROR(INDEX(計算用!$M$2:$M$186,MATCH("男"&手直し!F7,計算用!$AO$2:$AO$186,0)),"？")) | R5: =IF(OR($A5="",手直し!F7=""),"",IFERROR(INDEX(計算用!$I$2:$I$186,MATCH("男"&手直し!F7,計算用!$AO$2:$AO$186,0)),"？")) | T5: =IF(ROW()-3<=計算用!$Q$14,ROW()-3,"") | U5: =IF($T5="","",手直し!O7) | V5: =IF($T5="","",手直し!P7) | W5: =IF($T5="","",手直し!G7&"") | X5: =IF(OR($T5="",手直し!G7=""),"",IFERROR(INDEX(計算用!$M$2:$M$186,MATCH("女"&手直し!G7,計算用!$AO$2:$AO$186,0)),"？")) | Y5: =IF(OR($T5="",手直し!G7=""),"",IFERROR(INDEX(計算用!$I$2:$I$186,MATCH("女"&手直し!G7,計算用!$AO$2:$AO$186,0)),"？")) | Z5: =IF($T5="","",手直し!H7&"") | AA5: =IF(OR($T5="",手直し!H7=""),"",IFERROR(INDEX(計算用!$M$2:$M$186,MATCH("女"&手直し!H7,計算用!$AO$2:$AO$186,0)),"？")) | AB5: =IF(OR($T5="",手直し!H7=""),"",IFERROR(INDEX(計算用!$I$2:$I$186,MATCH("女"&手直し!H7,計算用!$AO$2:$AO$186,0)),"？")) | AC5: =IF($T5="","",手直し!I7&"") | AD5: =IF(OR($T5="",手直し!I7=""),"",IFERROR(INDEX(計算用!$M$2:$M$186,MATCH("女"&手直し!I7,計算用!$AO$2:$AO$186,0)),"？")) | AE5: =IF(OR($T5="",手直し!I7=""),"",IFERROR(INDEX(計算用!$I$2:$I$186,MATCH("女"&手直し!I7,計算用!$AO$2:$AO$186,0)),"？")) | AF5: =IF($T5="","",手直し!J7&"") | AG5: =IF(OR($T5="",手直し!J7=""),"",IFERROR(INDEX(計算用!$M$2:$M$186,MATCH("女"&手直し!J7,計算用!$AO$2:$AO$186,0)),"？")) | AH5: =IF(OR($T5="",手直し!J7=""),"",IFERROR(INDEX(計算用!$I$2:$I$186,MATCH("女"&手直し!J7,計算用!$AO$2:$AO$186,0)),"？")) | AI5: =IF($T5="","",手直し!K7&"") | AJ5: =IF(OR($T5="",手直し!K7=""),"",IFERROR(INDEX(計算用!$M$2:$M$186,MATCH("女"&手直し!K7,計算用!$AO$2:$AO$186,0)),"？")) | AK5: =IF(OR($T5="",手直し!K7=""),"",IFERROR(INDEX(計算用!$I$2:$I$186,MATCH("女"&手直し!K7,計算用!$AO$2:$AO$186,0)),"？"))
A6: =IF(ROW()-3<=計算用!$Q$13,ROW()-3,"") | B6: =IF($A6="","",手直し!M8) | C6: =IF($A6="","",手直し!N8) | D6: =IF($A6="","",手直し!B8&"") | E6: =IF(OR($A6="",手直し!B8=""),"",IFERROR(INDEX(計算用!$M$2:$M$186,MATCH("男"&手直し!B8,計算用!$AO$2:$AO$186,0)),"？")) | F6: =IF(OR($A6="",手直し!B8=""),"",IFERROR(INDEX(計算用!$I$2:$I$186,MATCH("男"&手直し!B8,計算用!$AO$2:$AO$186,0)),"？")) | G6: =IF($A6="","",手直し!C8&"") | H6: =IF(OR($A6="",手直し!C8=""),"",IFERROR(INDEX(計算用!$M$2:$M$186,MATCH("男"&手直し!C8,計算用!$AO$2:$AO$186,0)),"？")) | I6: =IF(OR($A6="",手直し!C8=""),"",IFERROR(INDEX(計算用!$I$2:$I$186,MATCH("男"&手直し!C8,計算用!$AO$2:$AO$186,0)),"？")) | J6: =IF($A6="","",手直し!D8&"") | K6: =IF(OR($A6="",手直し!D8=""),"",IFERROR(INDEX(計算用!$M$2:$M$186,MATCH("男"&手直し!D8,計算用!$AO$2:$AO$186,0)),"？")) | L6: =IF(OR($A6="",手直し!D8=""),"",IFERROR(INDEX(計算用!$I$2:$I$186,MATCH("男"&手直し!D8,計算用!$AO$2:$AO$186,0)),"？")) | M6: =IF($A6="","",手直し!E8&"") | N6: =IF(OR($A6="",手直し!E8=""),"",IFERROR(INDEX(計算用!$M$2:$M$186,MATCH("男"&手直し!E8,計算用!$AO$2:$AO$186,0)),"？")) | O6: =IF(OR($A6="",手直し!E8=""),"",IFERROR(INDEX(計算用!$I$2:$I$186,MATCH("男"&手直し!E8,計算用!$AO$2:$AO$186,0)),"？")) | P6: =IF($A6="","",手直し!F8&"") | Q6: =IF(OR($A6="",手直し!F8=""),"",IFERROR(INDEX(計算用!$M$2:$M$186,MATCH("男"&手直し!F8,計算用!$AO$2:$AO$186,0)),"？")) | R6: =IF(OR($A6="",手直し!F8=""),"",IFERROR(INDEX(計算用!$I$2:$I$186,MATCH("男"&手直し!F8,計算用!$AO$2:$AO$186,0)),"？")) | T6: =IF(ROW()-3<=計算用!$Q$14,ROW()-3,"") | U6: =IF($T6="","",手直し!O8) | V6: =IF($T6="","",手直し!P8) | W6: =IF($T6="","",手直し!G8&"") | X6: =IF(OR($T6="",手直し!G8=""),"",IFERROR(INDEX(計算用!$M$2:$M$186,MATCH("女"&手直し!G8,計算用!$AO$2:$AO$186,0)),"？")) | Y6: =IF(OR($T6="",手直し!G8=""),"",IFERROR(INDEX(計算用!$I$2:$I$186,MATCH("女"&手直し!G8,計算用!$AO$2:$AO$186,0)),"？")) | Z6: =IF($T6="","",手直し!H8&"") | AA6: =IF(OR($T6="",手直し!H8=""),"",IFERROR(INDEX(計算用!$M$2:$M$186,MATCH("女"&手直し!H8,計算用!$AO$2:$AO$186,0)),"？")) | AB6: =IF(OR($T6="",手直し!H8=""),"",IFERROR(INDEX(計算用!$I$2:$I$186,MATCH("女"&手直し!H8,計算用!$AO$2:$AO$186,0)),"？")) | AC6: =IF($T6="","",手直し!I8&"") | AD6: =IF(OR($T6="",手直し!I8=""),"",IFERROR(INDEX(計算用!$M$2:$M$186,MATCH("女"&手直し!I8,計算用!$AO$2:$AO$186,0)),"？")) | AE6: =IF(OR($T6="",手直し!I8=""),"",IFERROR(INDEX(計算用!$I$2:$I$186,MATCH("女"&手直し!I8,計算用!$AO$2:$AO$186,0)),"？")) | AF6: =IF($T6="","",手直し!J8&"") | AG6: =IF(OR($T6="",手直し!J8=""),"",IFERROR(INDEX(計算用!$M$2:$M$186,MATCH("女"&手直し!J8,計算用!$AO$2:$AO$186,0)),"？")) | AH6: =IF(OR($T6="",手直し!J8=""),"",IFERROR(INDEX(計算用!$I$2:$I$186,MATCH("女"&手直し!J8,計算用!$AO$2:$AO$186,0)),"？")) | AI6: =IF($T6="","",手直し!K8&"") | AJ6: =IF(OR($T6="",手直し!K8=""),"",IFERROR(INDEX(計算用!$M$2:$M$186,MATCH("女"&手直し!K8,計算用!$AO$2:$AO$186,0)),"？")) | AK6: =IF(OR($T6="",手直し!K8=""),"",IFERROR(INDEX(計算用!$I$2:$I$186,MATCH("女"&手直し!K8,計算用!$AO$2:$AO$186,0)),"？"))
A7: =IF(ROW()-3<=計算用!$Q$13,ROW()-3,"") | B7: =IF($A7="","",手直し!M9) | C7: =IF($A7="","",手直し!N9) | D7: =IF($A7="","",手直し!B9&"") | E7: =IF(OR($A7="",手直し!B9=""),"",IFERROR(INDEX(計算用!$M$2:$M$186,MATCH("男"&手直し!B9,計算用!$AO$2:$AO$186,0)),"？")) | F7: =IF(OR($A7="",手直し!B9=""),"",IFERROR(INDEX(計算用!$I$2:$I$186,MATCH("男"&手直し!B9,計算用!$AO$2:$AO$186,0)),"？")) | G7: =IF($A7="","",手直し!C9&"") | H7: =IF(OR($A7="",手直し!C9=""),"",IFERROR(INDEX(計算用!$M$2:$M$186,MATCH("男"&手直し!C9,計算用!$AO$2:$AO$186,0)),"？")) | I7: =IF(OR($A7="",手直し!C9=""),"",IFERROR(INDEX(計算用!$I$2:$I$186,MATCH("男"&手直し!C9,計算用!$AO$2:$AO$186,0)),"？")) | J7: =IF($A7="","",手直し!D9&"") | K7: =IF(OR($A7="",手直し!D9=""),"",IFERROR(INDEX(計算用!$M$2:$M$186,MATCH("男"&手直し!D9,計算用!$AO$2:$AO$186,0)),"？")) | L7: =IF(OR($A7="",手直し!D9=""),"",IFERROR(INDEX(計算用!$I$2:$I$186,MATCH("男"&手直し!D9,計算用!$AO$2:$AO$186,0)),"？")) | M7: =IF($A7="","",手直し!E9&"") | N7: =IF(OR($A7="",手直し!E9=""),"",IFERROR(INDEX(計算用!$M$2:$M$186,MATCH("男"&手直し!E9,計算用!$AO$2:$AO$186,0)),"？")) | O7: =IF(OR($A7="",手直し!E9=""),"",IFERROR(INDEX(計算用!$I$2:$I$186,MATCH("男"&手直し!E9,計算用!$AO$2:$AO$186,0)),"？")) | P7: =IF($A7="","",手直し!F9&"") | Q7: =IF(OR($A7="",手直し!F9=""),"",IFERROR(INDEX(計算用!$M$2:$M$186,MATCH("男"&手直し!F9,計算用!$AO$2:$AO$186,0)),"？")) | R7: =IF(OR($A7="",手直し!F9=""),"",IFERROR(INDEX(計算用!$I$2:$I$186,MATCH("男"&手直し!F9,計算用!$AO$2:$AO$186,0)),"？")) | T7: =IF(ROW()-3<=計算用!$Q$14,ROW()-3,"") | U7: =IF($T7="","",手直し!O9) | V7: =IF($T7="","",手直し!P9) | W7: =IF($T7="","",手直し!G9&"") | X7: =IF(OR($T7="",手直し!G9=""),"",IFERROR(INDEX(計算用!$M$2:$M$186,MATCH("女"&手直し!G9,計算用!$AO$2:$AO$186,0)),"？")) | Y7: =IF(OR($T7="",手直し!G9=""),"",IFERROR(INDEX(計算用!$I$2:$I$186,MATCH("女"&手直し!G9,計算用!$AO$2:$AO$186,0)),"？")) | Z7: =IF($T7="","",手直し!H9&"") | AA7: =IF(OR($T7="",手直し!H9=""),"",IFERROR(INDEX(計算用!$M$2:$M$186,MATCH("女"&手直し!H9,計算用!$AO$2:$AO$186,0)),"？")) | AB7: =IF(OR($T7="",手直し!H9=""),"",IFERROR(INDEX(計算用!$I$2:$I$186,MATCH("女"&手直し!H9,計算用!$AO$2:$AO$186,0)),"？")) | AC7: =IF($T7="","",手直し!I9&"") | AD7: =IF(OR($T7="",手直し!I9=""),"",IFERROR(INDEX(計算用!$M$2:$M$186,MATCH("女"&手直し!I9,計算用!$AO$2:$AO$186,0)),"？")) | AE7: =IF(OR($T7="",手直し!I9=""),"",IFERROR(INDEX(計算用!$I$2:$I$186,MATCH("女"&手直し!I9,計算用!$AO$2:$AO$186,0)),"？")) | AF7: =IF($T7="","",手直し!J9&"") | AG7: =IF(OR($T7="",手直し!J9=""),"",IFERROR(INDEX(計算用!$M$2:$M$186,MATCH("女"&手直し!J9,計算用!$AO$2:$AO$186,0)),"？")) | AH7: =IF(OR($T7="",手直し!J9=""),"",IFERROR(INDEX(計算用!$I$2:$I$186,MATCH("女"&手直し!J9,計算用!$AO$2:$AO$186,0)),"？")) | AI7: =IF($T7="","",手直し!K9&"") | AJ7: =IF(OR($T7="",手直し!K9=""),"",IFERROR(INDEX(計算用!$M$2:$M$186,MATCH("女"&手直し!K9,計算用!$AO$2:$AO$186,0)),"？")) | AK7: =IF(OR($T7="",手直し!K9=""),"",IFERROR(INDEX(計算用!$I$2:$I$186,MATCH("女"&手直し!K9,計算用!$AO$2:$AO$186,0)),"？"))
A8: =IF(ROW()-3<=計算用!$Q$13,ROW()-3,"") | B8: =IF($A8="","",手直し!M10) | C8: =IF($A8="","",手直し!N10) | D8: =IF($A8="","",手直し!B10&"") | E8: =IF(OR($A8="",手直し!B10=""),"",IFERROR(INDEX(計算用!$M$2:$M$186,MATCH("男"&手直し!B10,計算用!$AO$2:$AO$186,0)),"？")) | F8: =IF(OR($A8="",手直し!B10=""),"",IFERROR(INDEX(計算用!$I$2:$I$186,MATCH("男"&手直し!B10,計算用!$AO$2:$AO$186,0)),"？")) | G8: =IF($A8="","",手直し!C10&"") | H8: =IF(OR($A8="",手直し!C10=""),"",IFERROR(INDEX(計算用!$M$2:$M$186,MATCH("男"&手直し!C10,計算用!$AO$2:$AO$186,0)),"？")) | I8: =IF(OR($A8="",手直し!C10=""),"",IFERROR(INDEX(計算用!$I$2:$I$186,MATCH("男"&手直し!C10,計算用!$AO$2:$AO$186,0)),"？")) | J8: =IF($A8="","",手直し!D10&"") | K8: =IF(OR($A8="",手直し!D10=""),"",IFERROR(INDEX(計算用!$M$2:$M$186,MATCH("男"&手直し!D10,計算用!$AO$2:$AO$186,0)),"？")) | L8: =IF(OR($A8="",手直し!D10=""),"",IFERROR(INDEX(計算用!$I$2:$I$186,MATCH("男"&手直し!D10,計算用!$AO$2:$AO$186,0)),"？")) | M8: =IF($A8="","",手直し!E10&"") | N8: =IF(OR($A8="",手直し!E10=""),"",IFERROR(INDEX(計算用!$M$2:$M$186,MATCH("男"&手直し!E10,計算用!$AO$2:$AO$186,0)),"？")) | O8: =IF(OR($A8="",手直し!E10=""),"",IFERROR(INDEX(計算用!$I$2:$I$186,MATCH("男"&手直し!E10,計算用!$AO$2:$AO$186,0)),"？")) | P8: =IF($A8="","",手直し!F10&"") | Q8: =IF(OR($A8="",手直し!F10=""),"",IFERROR(INDEX(計算用!$M$2:$M$186,MATCH("男"&手直し!F10,計算用!$AO$2:$AO$186,0)),"？")) | R8: =IF(OR($A8="",手直し!F10=""),"",IFERROR(INDEX(計算用!$I$2:$I$186,MATCH("男"&手直し!F10,計算用!$AO$2:$AO$186,0)),"？")) | T8: =IF(ROW()-3<=計算用!$Q$14,ROW()-3,"") | U8: =IF($T8="","",手直し!O10) | V8: =IF($T8="","",手直し!P10) | W8: =IF($T8="","",手直し!G10&"") | X8: =IF(OR($T8="",手直し!G10=""),"",IFERROR(INDEX(計算用!$M$2:$M$186,MATCH("女"&手直し!G10,計算用!$AO$2:$AO$186,0)),"？")) | Y8: =IF(OR($T8="",手直し!G10=""),"",IFERROR(INDEX(計算用!$I$2:$I$186,MATCH("女"&手直し!G10,計算用!$AO$2:$AO$186,0)),"？")) | Z8: =IF($T8="","",手直し!H10&"") | AA8: =IF(OR($T8="",手直し!H10=""),"",IFERROR(INDEX(計算用!$M$2:$M$186,MATCH("女"&手直し!H10,計算用!$AO$2:$AO$186,0)),"？")) | AB8: =IF(OR($T8="",手直し!H10=""),"",IFERROR(INDEX(計算用!$I$2:$I$186,MATCH("女"&手直し!H10,計算用!$AO$2:$AO$186,0)),"？")) | AC8: =IF($T8="","",手直し!I10&"") | AD8: =IF(OR($T8="",手直し!I10=""),"",IFERROR(INDEX(計算用!$M$2:$M$186,MATCH("女"&手直し!I10,計算用!$AO$2:$AO$186,0)),"？")) | AE8: =IF(OR($T8="",手直し!I10=""),"",IFERROR(INDEX(計算用!$I$2:$I$186,MATCH("女"&手直し!I10,計算用!$AO$2:$AO$186,0)),"？")) | AF8: =IF($T8="","",手直し!J10&"") | AG8: =IF(OR($T8="",手直し!J10=""),"",IFERROR(INDEX(計算用!$M$2:$M$186,MATCH("女"&手直し!J10,計算用!$AO$2:$AO$186,0)),"？")) | AH8: =IF(OR($T8="",手直し!J10=""),"",IFERROR(INDEX(計算用!$I$2:$I$186,MATCH("女"&手直し!J10,計算用!$AO$2:$AO$186,0)),"？")) | AI8: =IF($T8="","",手直し!K10&"") | AJ8: =IF(OR($T8="",手直し!K10=""),"",IFERROR(INDEX(計算用!$M$2:$M$186,MATCH("女"&手直し!K10,計算用!$AO$2:$AO$186,0)),"？")) | AK8: =IF(OR($T8="",手直し!K10=""),"",IFERROR(INDEX(計算用!$I$2:$I$186,MATCH("女"&手直し!K10,計算用!$AO$2:$AO$186,0)),"？"))
A9: =IF(ROW()-3<=計算用!$Q$13,ROW()-3,"") | B9: =IF($A9="","",手直し!M11) | C9: =IF($A9="","",手直し!N11) | D9: =IF($A9="","",手直し!B11&"") | E9: =IF(OR($A9="",手直し!B11=""),"",IFERROR(INDEX(計算用!$M$2:$M$186,MATCH("男"&手直し!B11,計算用!$AO$2:$AO$186,0)),"？")) | F9: =IF(OR($A9="",手直し!B11=""),"",IFERROR(INDEX(計算用!$I$2:$I$186,MATCH("男"&手直し!B11,計算用!$AO$2:$AO$186,0)),"？")) | G9: =IF($A9="","",手直し!C11&"") | H9: =IF(OR($A9="",手直し!C11=""),"",IFERROR(INDEX(計算用!$M$2:$M$186,MATCH("男"&手直し!C11,計算用!$AO$2:$AO$186,0)),"？")) | I9: =IF(OR($A9="",手直し!C11=""),"",IFERROR(INDEX(計算用!$I$2:$I$186,MATCH("男"&手直し!C11,計算用!$AO$2:$AO$186,0)),"？")) | J9: =IF($A9="","",手直し!D11&"") | K9: =IF(OR($A9="",手直し!D11=""),"",IFERROR(INDEX(計算用!$M$2:$M$186,MATCH("男"&手直し!D11,計算用!$AO$2:$AO$186,0)),"？")) | L9: =IF(OR($A9="",手直し!D11=""),"",IFERROR(INDEX(計算用!$I$2:$I$186,MATCH("男"&手直し!D11,計算用!$AO$2:$AO$186,0)),"？")) | M9: =IF($A9="","",手直し!E11&"") | N9: =IF(OR($A9="",手直し!E11=""),"",IFERROR(INDEX(計算用!$M$2:$M$186,MATCH("男"&手直し!E11,計算用!$AO$2:$AO$186,0)),"？")) | O9: =IF(OR($A9="",手直し!E11=""),"",IFERROR(INDEX(計算用!$I$2:$I$186,MATCH("男"&手直し!E11,計算用!$AO$2:$AO$186,0)),"？")) | P9: =IF($A9="","",手直し!F11&"") | Q9: =IF(OR($A9="",手直し!F11=""),"",IFERROR(INDEX(計算用!$M$2:$M$186,MATCH("男"&手直し!F11,計算用!$AO$2:$AO$186,0)),"？")) | R9: =IF(OR($A9="",手直し!F11=""),"",IFERROR(INDEX(計算用!$I$2:$I$186,MATCH("男"&手直し!F11,計算用!$AO$2:$AO$186,0)),"？")) | T9: =IF(ROW()-3<=計算用!$Q$14,ROW()-3,"") | U9: =IF($T9="","",手直し!O11) | V9: =IF($T9="","",手直し!P11) | W9: =IF($T9="","",手直し!G11&"") | X9: =IF(OR($T9="",手直し!G11=""),"",IFERROR(INDEX(計算用!$M$2:$M$186,MATCH("女"&手直し!G11,計算用!$AO$2:$AO$186,0)),"？")) | Y9: =IF(OR($T9="",手直し!G11=""),"",IFERROR(INDEX(計算用!$I$2:$I$186,MATCH("女"&手直し!G11,計算用!$AO$2:$AO$186,0)),"？")) | Z9: =IF($T9="","",手直し!H11&"") | AA9: =IF(OR($T9="",手直し!H11=""),"",IFERROR(INDEX(計算用!$M$2:$M$186,MATCH("女"&手直し!H11,計算用!$AO$2:$AO$186,0)),"？")) | AB9: =IF(OR($T9="",手直し!H11=""),"",IFERROR(INDEX(計算用!$I$2:$I$186,MATCH("女"&手直し!H11,計算用!$AO$2:$AO$186,0)),"？")) | AC9: =IF($T9="","",手直し!I11&"") | AD9: =IF(OR($T9="",手直し!I11=""),"",IFERROR(INDEX(計算用!$M$2:$M$186,MATCH("女"&手直し!I11,計算用!$AO$2:$AO$186,0)),"？")) | AE9: =IF(OR($T9="",手直し!I11=""),"",IFERROR(INDEX(計算用!$I$2:$I$186,MATCH("女"&手直し!I11,計算用!$AO$2:$AO$186,0)),"？")) | AF9: =IF($T9="","",手直し!J11&"") | AG9: =IF(OR($T9="",手直し!J11=""),"",IFERROR(INDEX(計算用!$M$2:$M$186,MATCH("女"&手直し!J11,計算用!$AO$2:$AO$186,0)),"？")) | AH9: =IF(OR($T9="",手直し!J11=""),"",IFERROR(INDEX(計算用!$I$2:$I$186,MATCH("女"&手直し!J11,計算用!$AO$2:$AO$186,0)),"？")) | AI9: =IF($T9="","",手直し!K11&"") | AJ9: =IF(OR($T9="",手直し!K11=""),"",IFERROR(INDEX(計算用!$M$2:$M$186,MATCH("女"&手直し!K11,計算用!$AO$2:$AO$186,0)),"？")) | AK9: =IF(OR($T9="",手直し!K11=""),"",IFERROR(INDEX(計算用!$I$2:$I$186,MATCH("女"&手直し!K11,計算用!$AO$2:$AO$186,0)),"？"))
A10: =IF(ROW()-3<=計算用!$Q$13,ROW()-3,"") | B10: =IF($A10="","",手直し!M12) | C10: =IF($A10="","",手直し!N12) | D10: =IF($A10="","",手直し!B12&"") | E10: =IF(OR($A10="",手直し!B12=""),"",IFERROR(INDEX(計算用!$M$2:$M$186,MATCH("男"&手直し!B12,計算用!$AO$2:$AO$186,0)),"？")) | F10: =IF(OR($A10="",手直し!B12=""),"",IFERROR(INDEX(計算用!$I$2:$I$186,MATCH("男"&手直し!B12,計算用!$AO$2:$AO$186,0)),"？")) | G10: =IF($A10="","",手直し!C12&"") | H10: =IF(OR($A10="",手直し!C12=""),"",IFERROR(INDEX(計算用!$M$2:$M$186,MATCH("男"&手直し!C12,計算用!$AO$2:$AO$186,0)),"？")) | I10: =IF(OR($A10="",手直し!C12=""),"",IFERROR(INDEX(計算用!$I$2:$I$186,MATCH("男"&手直し!C12,計算用!$AO$2:$AO$186,0)),"？")) | J10: =IF($A10="","",手直し!D12&"") | K10: =IF(OR($A10="",手直し!D12=""),"",IFERROR(INDEX(計算用!$M$2:$M$186,MATCH("男"&手直し!D12,計算用!$AO$2:$AO$186,0)),"？")) | L10: =IF(OR($A10="",手直し!D12=""),"",IFERROR(INDEX(計算用!$I$2:$I$186,MATCH("男"&手直し!D12,計算用!$AO$2:$AO$186,0)),"？")) | M10: =IF($A10="","",手直し!E12&"") | N10: =IF(OR($A10="",手直し!E12=""),"",IFERROR(INDEX(計算用!$M$2:$M$186,MATCH("男"&手直し!E12,計算用!$AO$2:$AO$186,0)),"？")) | O10: =IF(OR($A10="",手直し!E12=""),"",IFERROR(INDEX(計算用!$I$2:$I$186,MATCH("男"&手直し!E12,計算用!$AO$2:$AO$186,0)),"？")) | P10: =IF($A10="","",手直し!F12&"") | Q10: =IF(OR($A10="",手直し!F12=""),"",IFERROR(INDEX(計算用!$M$2:$M$186,MATCH("男"&手直し!F12,計算用!$AO$2:$AO$186,0)),"？")) | R10: =IF(OR($A10="",手直し!F12=""),"",IFERROR(INDEX(計算用!$I$2:$I$186,MATCH("男"&手直し!F12,計算用!$AO$2:$AO$186,0)),"？")) | T10: =IF(ROW()-3<=計算用!$Q$14,ROW()-3,"") | U10: =IF($T10="","",手直し!O12) | V10: =IF($T10="","",手直し!P12) | W10: =IF($T10="","",手直し!G12&"") | X10: =IF(OR($T10="",手直し!G12=""),"",IFERROR(INDEX(計算用!$M$2:$M$186,MATCH("女"&手直し!G12,計算用!$AO$2:$AO$186,0)),"？")) | Y10: =IF(OR($T10="",手直し!G12=""),"",IFERROR(INDEX(計算用!$I$2:$I$186,MATCH("女"&手直し!G12,計算用!$AO$2:$AO$186,0)),"？")) | Z10: =IF($T10="","",手直し!H12&"") | AA10: =IF(OR($T10="",手直し!H12=""),"",IFERROR(INDEX(計算用!$M$2:$M$186,MATCH("女"&手直し!H12,計算用!$AO$2:$AO$186,0)),"？")) | AB10: =IF(OR($T10="",手直し!H12=""),"",IFERROR(INDEX(計算用!$I$2:$I$186,MATCH("女"&手直し!H12,計算用!$AO$2:$AO$186,0)),"？")) | AC10: =IF($T10="","",手直し!I12&"") | AD10: =IF(OR($T10="",手直し!I12=""),"",IFERROR(INDEX(計算用!$M$2:$M$186,MATCH("女"&手直し!I12,計算用!$AO$2:$AO$186,0)),"？")) | AE10: =IF(OR($T10="",手直し!I12=""),"",IFERROR(INDEX(計算用!$I$2:$I$186,MATCH("女"&手直し!I12,計算用!$AO$2:$AO$186,0)),"？")) | AF10: =IF($T10="","",手直し!J12&"") | AG10: =IF(OR($T10="",手直し!J12=""),"",IFERROR(INDEX(計算用!$M$2:$M$186,MATCH("女"&手直し!J12,計算用!$AO$2:$AO$186,0)),"？")) | AH10: =IF(OR($T10="",手直し!J12=""),"",IFERROR(INDEX(計算用!$I$2:$I$186,MATCH("女"&手直し!J12,計算用!$AO$2:$AO$186,0)),"？")) | AI10: =IF($T10="","",手直し!K12&"") | AJ10: =IF(OR($T10="",手直し!K12=""),"",IFERROR(INDEX(計算用!$M$2:$M$186,MATCH("女"&手直し!K12,計算用!$AO$2:$AO$186,0)),"？")) | AK10: =IF(OR($T10="",手直し!K12=""),"",IFERROR(INDEX(計算用!$I$2:$I$186,MATCH("女"&手直し!K12,計算用!$AO$2:$AO$186,0)),"？"))
A11: =IF(ROW()-3<=計算用!$Q$13,ROW()-3,"") | B11: =IF($A11="","",手直し!M13) | C11: =IF($A11="","",手直し!N13) | D11: =IF($A11="","",手直し!B13&"") | E11: =IF(OR($A11="",手直し!B13=""),"",IFERROR(INDEX(計算用!$M$2:$M$186,MATCH("男"&手直し!B13,計算用!$AO$2:$AO$186,0)),"？")) | F11: =IF(OR($A11="",手直し!B13=""),"",IFERROR(INDEX(計算用!$I$2:$I$186,MATCH("男"&手直し!B13,計算用!$AO$2:$AO$186,0)),"？")) | G11: =IF($A11="","",手直し!C13&"") | H11: =IF(OR($A11="",手直し!C13=""),"",IFERROR(INDEX(計算用!$M$2:$M$186,MATCH("男"&手直し!C13,計算用!$AO$2:$AO$186,0)),"？")) | I11: =IF(OR($A11="",手直し!C13=""),"",IFERROR(INDEX(計算用!$I$2:$I$186,MATCH("男"&手直し!C13,計算用!$AO$2:$AO$186,0)),"？")) | J11: =IF($A11="","",手直し!D13&"") | K11: =IF(OR($A11="",手直し!D13=""),"",IFERROR(INDEX(計算用!$M$2:$M$186,MATCH("男"&手直し!D13,計算用!$AO$2:$AO$186,0)),"？")) | L11: =IF(OR($A11="",手直し!D13=""),"",IFERROR(INDEX(計算用!$I$2:$I$186,MATCH("男"&手直し!D13,計算用!$AO$2:$AO$186,0)),"？")) | M11: =IF($A11="","",手直し!E13&"") | N11: =IF(OR($A11="",手直し!E13=""),"",IFERROR(INDEX(計算用!$M$2:$M$186,MATCH("男"&手直し!E13,計算用!$AO$2:$AO$186,0)),"？")) | O11: =IF(OR($A11="",手直し!E13=""),"",IFERROR(INDEX(計算用!$I$2:$I$186,MATCH("男"&手直し!E13,計算用!$AO$2:$AO$186,0)),"？")) | P11: =IF($A11="","",手直し!F13&"") | Q11: =IF(OR($A11="",手直し!F13=""),"",IFERROR(INDEX(計算用!$M$2:$M$186,MATCH("男"&手直し!F13,計算用!$AO$2:$AO$186,0)),"？")) | R11: =IF(OR($A11="",手直し!F13=""),"",IFERROR(INDEX(計算用!$I$2:$I$186,MATCH("男"&手直し!F13,計算用!$AO$2:$AO$186,0)),"？")) | T11: =IF(ROW()-3<=計算用!$Q$14,ROW()-3,"") | U11: =IF($T11="","",手直し!O13) | V11: =IF($T11="","",手直し!P13) | W11: =IF($T11="","",手直し!G13&"") | X11: =IF(OR($T11="",手直し!G13=""),"",IFERROR(INDEX(計算用!$M$2:$M$186,MATCH("女"&手直し!G13,計算用!$AO$2:$AO$186,0)),"？")) | Y11: =IF(OR($T11="",手直し!G13=""),"",IFERROR(INDEX(計算用!$I$2:$I$186,MATCH("女"&手直し!G13,計算用!$AO$2:$AO$186,0)),"？")) | Z11: =IF($T11="","",手直し!H13&"") | AA11: =IF(OR($T11="",手直し!H13=""),"",IFERROR(INDEX(計算用!$M$2:$M$186,MATCH("女"&手直し!H13,計算用!$AO$2:$AO$186,0)),"？")) | AB11: =IF(OR($T11="",手直し!H13=""),"",IFERROR(INDEX(計算用!$I$2:$I$186,MATCH("女"&手直し!H13,計算用!$AO$2:$AO$186,0)),"？")) | AC11: =IF($T11="","",手直し!I13&"") | AD11: =IF(OR($T11="",手直し!I13=""),"",IFERROR(INDEX(計算用!$M$2:$M$186,MATCH("女"&手直し!I13,計算用!$AO$2:$AO$186,0)),"？")) | AE11: =IF(OR($T11="",手直し!I13=""),"",IFERROR(INDEX(計算用!$I$2:$I$186,MATCH("女"&手直し!I13,計算用!$AO$2:$AO$186,0)),"？")) | AF11: =IF($T11="","",手直し!J13&"") | AG11: =IF(OR($T11="",手直し!J13=""),"",IFERROR(INDEX(計算用!$M$2:$M$186,MATCH("女"&手直し!J13,計算用!$AO$2:$AO$186,0)),"？")) | AH11: =IF(OR($T11="",手直し!J13=""),"",IFERROR(INDEX(計算用!$I$2:$I$186,MATCH("女"&手直し!J13,計算用!$AO$2:$AO$186,0)),"？")) | AI11: =IF($T11="","",手直し!K13&"") | AJ11: =IF(OR($T11="",手直し!K13=""),"",IFERROR(INDEX(計算用!$M$2:$M$186,MATCH("女"&手直し!K13,計算用!$AO$2:$AO$186,0)),"？")) | AK11: =IF(OR($T11="",手直し!K13=""),"",IFERROR(INDEX(計算用!$I$2:$I$186,MATCH("女"&手直し!K13,計算用!$AO$2:$AO$186,0)),"？"))
A12: =IF(ROW()-3<=計算用!$Q$13,ROW()-3,"") | B12: =IF($A12="","",手直し!M14) | C12: =IF($A12="","",手直し!N14) | D12: =IF($A12="","",手直し!B14&"") | E12: =IF(OR($A12="",手直し!B14=""),"",IFERROR(INDEX(計算用!$M$2:$M$186,MATCH("男"&手直し!B14,計算用!$AO$2:$AO$186,0)),"？")) | F12: =IF(OR($A12="",手直し!B14=""),"",IFERROR(INDEX(計算用!$I$2:$I$186,MATCH("男"&手直し!B14,計算用!$AO$2:$AO$186,0)),"？")) | G12: =IF($A12="","",手直し!C14&"") | H12: =IF(OR($A12="",手直し!C14=""),"",IFERROR(INDEX(計算用!$M$2:$M$186,MATCH("男"&手直し!C14,計算用!$AO$2:$AO$186,0)),"？")) | I12: =IF(OR($A12="",手直し!C14=""),"",IFERROR(INDEX(計算用!$I$2:$I$186,MATCH("男"&手直し!C14,計算用!$AO$2:$AO$186,0)),"？")) | J12: =IF($A12="","",手直し!D14&"") | K12: =IF(OR($A12="",手直し!D14=""),"",IFERROR(INDEX(計算用!$M$2:$M$186,MATCH("男"&手直し!D14,計算用!$AO$2:$AO$186,0)),"？")) | L12: =IF(OR($A12="",手直し!D14=""),"",IFERROR(INDEX(計算用!$I$2:$I$186,MATCH("男"&手直し!D14,計算用!$AO$2:$AO$186,0)),"？")) | M12: =IF($A12="","",手直し!E14&"") | N12: =IF(OR($A12="",手直し!E14=""),"",IFERROR(INDEX(計算用!$M$2:$M$186,MATCH("男"&手直し!E14,計算用!$AO$2:$AO$186,0)),"？")) | O12: =IF(OR($A12="",手直し!E14=""),"",IFERROR(INDEX(計算用!$I$2:$I$186,MATCH("男"&手直し!E14,計算用!$AO$2:$AO$186,0)),"？")) | P12: =IF($A12="","",手直し!F14&"") | Q12: =IF(OR($A12="",手直し!F14=""),"",IFERROR(INDEX(計算用!$M$2:$M$186,MATCH("男"&手直し!F14,計算用!$AO$2:$AO$186,0)),"？")) | R12: =IF(OR($A12="",手直し!F14=""),"",IFERROR(INDEX(計算用!$I$2:$I$186,MATCH("男"&手直し!F14,計算用!$AO$2:$AO$186,0)),"？")) | T12: =IF(ROW()-3<=計算用!$Q$14,ROW()-3,"") | U12: =IF($T12="","",手直し!O14) | V12: =IF($T12="","",手直し!P14) | W12: =IF($T12="","",手直し!G14&"") | X12: =IF(OR($T12="",手直し!G14=""),"",IFERROR(INDEX(計算用!$M$2:$M$186,MATCH("女"&手直し!G14,計算用!$AO$2:$AO$186,0)),"？")) | Y12: =IF(OR($T12="",手直し!G14=""),"",IFERROR(INDEX(計算用!$I$2:$I$186,MATCH("女"&手直し!G14,計算用!$AO$2:$AO$186,0)),"？")) | Z12: =IF($T12="","",手直し!H14&"") | AA12: =IF(OR($T12="",手直し!H14=""),"",IFERROR(INDEX(計算用!$M$2:$M$186,MATCH("女"&手直し!H14,計算用!$AO$2:$AO$186,0)),"？")) | AB12: =IF(OR($T12="",手直し!H14=""),"",IFERROR(INDEX(計算用!$I$2:$I$186,MATCH("女"&手直し!H14,計算用!$AO$2:$AO$186,0)),"？")) | AC12: =IF($T12="","",手直し!I14&"") | AD12: =IF(OR($T12="",手直し!I14=""),"",IFERROR(INDEX(計算用!$M$2:$M$186,MATCH("女"&手直し!I14,計算用!$AO$2:$AO$186,0)),"？")) | AE12: =IF(OR($T12="",手直し!I14=""),"",IFERROR(INDEX(計算用!$I$2:$I$186,MATCH("女"&手直し!I14,計算用!$AO$2:$AO$186,0)),"？")) | AF12: =IF($T12="","",手直し!J14&"") | AG12: =IF(OR($T12="",手直し!J14=""),"",IFERROR(INDEX(計算用!$M$2:$M$186,MATCH("女"&手直し!J14,計算用!$AO$2:$AO$186,0)),"？")) | AH12: =IF(OR($T12="",手直し!J14=""),"",IFERROR(INDEX(計算用!$I$2:$I$186,MATCH("女"&手直し!J14,計算用!$AO$2:$AO$186,0)),"？")) | AI12: =IF($T12="","",手直し!K14&"") | AJ12: =IF(OR($T12="",手直し!K14=""),"",IFERROR(INDEX(計算用!$M$2:$M$186,MATCH("女"&手直し!K14,計算用!$AO$2:$AO$186,0)),"？")) | AK12: =IF(OR($T12="",手直し!K14=""),"",IFERROR(INDEX(計算用!$I$2:$I$186,MATCH("女"&手直し!K14,計算用!$AO$2:$AO$186,0)),"？"))
A13: =IF(ROW()-3<=計算用!$Q$13,ROW()-3,"") | B13: =IF($A13="","",手直し!M15) | C13: =IF($A13="","",手直し!N15) | D13: =IF($A13="","",手直し!B15&"") | E13: =IF(OR($A13="",手直し!B15=""),"",IFERROR(INDEX(計算用!$M$2:$M$186,MATCH("男"&手直し!B15,計算用!$AO$2:$AO$186,0)),"？")) | F13: =IF(OR($A13="",手直し!B15=""),"",IFERROR(INDEX(計算用!$I$2:$I$186,MATCH("男"&手直し!B15,計算用!$AO$2:$AO$186,0)),"？")) | G13: =IF($A13="","",手直し!C15&"") | H13: =IF(OR($A13="",手直し!C15=""),"",IFERROR(INDEX(計算用!$M$2:$M$186,MATCH("男"&手直し!C15,計算用!$AO$2:$AO$186,0)),"？")) | I13: =IF(OR($A13="",手直し!C15=""),"",IFERROR(INDEX(計算用!$I$2:$I$186,MATCH("男"&手直し!C15,計算用!$AO$2:$AO$186,0)),"？")) | J13: =IF($A13="","",手直し!D15&"") | K13: =IF(OR($A13="",手直し!D15=""),"",IFERROR(INDEX(計算用!$M$2:$M$186,MATCH("男"&手直し!D15,計算用!$AO$2:$AO$186,0)),"？")) | L13: =IF(OR($A13="",手直し!D15=""),"",IFERROR(INDEX(計算用!$I$2:$I$186,MATCH("男"&手直し!D15,計算用!$AO$2:$AO$186,0)),"？")) | M13: =IF($A13="","",手直し!E15&"") | N13: =IF(OR($A13="",手直し!E15=""),"",IFERROR(INDEX(計算用!$M$2:$M$186,MATCH("男"&手直し!E15,計算用!$AO$2:$AO$186,0)),"？")) | O13: =IF(OR($A13="",手直し!E15=""),"",IFERROR(INDEX(計算用!$I$2:$I$186,MATCH("男"&手直し!E15,計算用!$AO$2:$AO$186,0)),"？")) | P13: =IF($A13="","",手直し!F15&"") | Q13: =IF(OR($A13="",手直し!F15=""),"",IFERROR(INDEX(計算用!$M$2:$M$186,MATCH("男"&手直し!F15,計算用!$AO$2:$AO$186,0)),"？")) | R13: =IF(OR($A13="",手直し!F15=""),"",IFERROR(INDEX(計算用!$I$2:$I$186,MATCH("男"&手直し!F15,計算用!$AO$2:$AO$186,0)),"？")) | T13: =IF(ROW()-3<=計算用!$Q$14,ROW()-3,"") | U13: =IF($T13="","",手直し!O15) | V13: =IF($T13="","",手直し!P15) | W13: =IF($T13="","",手直し!G15&"") | X13: =IF(OR($T13="",手直し!G15=""),"",IFERROR(INDEX(計算用!$M$2:$M$186,MATCH("女"&手直し!G15,計算用!$AO$2:$AO$186,0)),"？")) | Y13: =IF(OR($T13="",手直し!G15=""),"",IFERROR(INDEX(計算用!$I$2:$I$186,MATCH("女"&手直し!G15,計算用!$AO$2:$AO$186,0)),"？")) | Z13: =IF($T13="","",手直し!H15&"") | AA13: =IF(OR($T13="",手直し!H15=""),"",IFERROR(INDEX(計算用!$M$2:$M$186,MATCH("女"&手直し!H15,計算用!$AO$2:$AO$186,0)),"？")) | AB13: =IF(OR($T13="",手直し!H15=""),"",IFERROR(INDEX(計算用!$I$2:$I$186,MATCH("女"&手直し!H15,計算用!$AO$2:$AO$186,0)),"？")) | AC13: =IF($T13="","",手直し!I15&"") | AD13: =IF(OR($T13="",手直し!I15=""),"",IFERROR(INDEX(計算用!$M$2:$M$186,MATCH("女"&手直し!I15,計算用!$AO$2:$AO$186,0)),"？")) | AE13: =IF(OR($T13="",手直し!I15=""),"",IFERROR(INDEX(計算用!$I$2:$I$186,MATCH("女"&手直し!I15,計算用!$AO$2:$AO$186,0)),"？")) | AF13: =IF($T13="","",手直し!J15&"") | AG13: =IF(OR($T13="",手直し!J15=""),"",IFERROR(INDEX(計算用!$M$2:$M$186,MATCH("女"&手直し!J15,計算用!$AO$2:$AO$186,0)),"？")) | AH13: =IF(OR($T13="",手直し!J15=""),"",IFERROR(INDEX(計算用!$I$2:$I$186,MATCH("女"&手直し!J15,計算用!$AO$2:$AO$186,0)),"？")) | AI13: =IF($T13="","",手直し!K15&"") | AJ13: =IF(OR($T13="",手直し!K15=""),"",IFERROR(INDEX(計算用!$M$2:$M$186,MATCH("女"&手直し!K15,計算用!$AO$2:$AO$186,0)),"？")) | AK13: =IF(OR($T13="",手直し!K15=""),"",IFERROR(INDEX(計算用!$I$2:$I$186,MATCH("女"&手直し!K15,計算用!$AO$2:$AO$186,0)),"？"))
A14: =IF(ROW()-3<=計算用!$Q$13,ROW()-3,"") | B14: =IF($A14="","",手直し!M16) | C14: =IF($A14="","",手直し!N16) | D14: =IF($A14="","",手直し!B16&"") | E14: =IF(OR($A14="",手直し!B16=""),"",IFERROR(INDEX(計算用!$M$2:$M$186,MATCH("男"&手直し!B16,計算用!$AO$2:$AO$186,0)),"？")) | F14: =IF(OR($A14="",手直し!B16=""),"",IFERROR(INDEX(計算用!$I$2:$I$186,MATCH("男"&手直し!B16,計算用!$AO$2:$AO$186,0)),"？")) | G14: =IF($A14="","",手直し!C16&"") | H14: =IF(OR($A14="",手直し!C16=""),"",IFERROR(INDEX(計算用!$M$2:$M$186,MATCH("男"&手直し!C16,計算用!$AO$2:$AO$186,0)),"？")) | I14: =IF(OR($A14="",手直し!C16=""),"",IFERROR(INDEX(計算用!$I$2:$I$186,MATCH("男"&手直し!C16,計算用!$AO$2:$AO$186,0)),"？")) | J14: =IF($A14="","",手直し!D16&"") | K14: =IF(OR($A14="",手直し!D16=""),"",IFERROR(INDEX(計算用!$M$2:$M$186,MATCH("男"&手直し!D16,計算用!$AO$2:$AO$186,0)),"？")) | L14: =IF(OR($A14="",手直し!D16=""),"",IFERROR(INDEX(計算用!$I$2:$I$186,MATCH("男"&手直し!D16,計算用!$AO$2:$AO$186,0)),"？")) | M14: =IF($A14="","",手直し!E16&"") | N14: =IF(OR($A14="",手直し!E16=""),"",IFERROR(INDEX(計算用!$M$2:$M$186,MATCH("男"&手直し!E16,計算用!$AO$2:$AO$186,0)),"？")) | O14: =IF(OR($A14="",手直し!E16=""),"",IFERROR(INDEX(計算用!$I$2:$I$186,MATCH("男"&手直し!E16,計算用!$AO$2:$AO$186,0)),"？")) | P14: =IF($A14="","",手直し!F16&"") | Q14: =IF(OR($A14="",手直し!F16=""),"",IFERROR(INDEX(計算用!$M$2:$M$186,MATCH("男"&手直し!F16,計算用!$AO$2:$AO$186,0)),"？")) | R14: =IF(OR($A14="",手直し!F16=""),"",IFERROR(INDEX(計算用!$I$2:$I$186,MATCH("男"&手直し!F16,計算用!$AO$2:$AO$186,0)),"？")) | T14: =IF(ROW()-3<=計算用!$Q$14,ROW()-3,"") | U14: =IF($T14="","",手直し!O16) | V14: =IF($T14="","",手直し!P16) | W14: =IF($T14="","",手直し!G16&"") | X14: =IF(OR($T14="",手直し!G16=""),"",IFERROR(INDEX(計算用!$M$2:$M$186,MATCH("女"&手直し!G16,計算用!$AO$2:$AO$186,0)),"？")) | Y14: =IF(OR($T14="",手直し!G16=""),"",IFERROR(INDEX(計算用!$I$2:$I$186,MATCH("女"&手直し!G16,計算用!$AO$2:$AO$186,0)),"？")) | Z14: =IF($T14="","",手直し!H16&"") | AA14: =IF(OR($T14="",手直し!H16=""),"",IFERROR(INDEX(計算用!$M$2:$M$186,MATCH("女"&手直し!H16,計算用!$AO$2:$AO$186,0)),"？")) | AB14: =IF(OR($T14="",手直し!H16=""),"",IFERROR(INDEX(計算用!$I$2:$I$186,MATCH("女"&手直し!H16,計算用!$AO$2:$AO$186,0)),"？")) | AC14: =IF($T14="","",手直し!I16&"") | AD14: =IF(OR($T14="",手直し!I16=""),"",IFERROR(INDEX(計算用!$M$2:$M$186,MATCH("女"&手直し!I16,計算用!$AO$2:$AO$186,0)),"？")) | AE14: =IF(OR($T14="",手直し!I16=""),"",IFERROR(INDEX(計算用!$I$2:$I$186,MATCH("女"&手直し!I16,計算用!$AO$2:$AO$186,0)),"？")) | AF14: =IF($T14="","",手直し!J16&"") | AG14: =IF(OR($T14="",手直し!J16=""),"",IFERROR(INDEX(計算用!$M$2:$M$186,MATCH("女"&手直し!J16,計算用!$AO$2:$AO$186,0)),"？")) | AH14: =IF(OR($T14="",手直し!J16=""),"",IFERROR(INDEX(計算用!$I$2:$I$186,MATCH("女"&手直し!J16,計算用!$AO$2:$AO$186,0)),"？")) | AI14: =IF($T14="","",手直し!K16&"") | AJ14: =IF(OR($T14="",手直し!K16=""),"",IFERROR(INDEX(計算用!$M$2:$M$186,MATCH("女"&手直し!K16,計算用!$AO$2:$AO$186,0)),"？")) | AK14: =IF(OR($T14="",手直し!K16=""),"",IFERROR(INDEX(計算用!$I$2:$I$186,MATCH("女"&手直し!K16,計算用!$AO$2:$AO$186,0)),"？"))
A15: =IF(ROW()-3<=計算用!$Q$13,ROW()-3,"") | B15: =IF($A15="","",手直し!M17) | C15: =IF($A15="","",手直し!N17) | D15: =IF($A15="","",手直し!B17&"") | E15: =IF(OR($A15="",手直し!B17=""),"",IFERROR(INDEX(計算用!$M$2:$M$186,MATCH("男"&手直し!B17,計算用!$AO$2:$AO$186,0)),"？")) | F15: =IF(OR($A15="",手直し!B17=""),"",IFERROR(INDEX(計算用!$I$2:$I$186,MATCH("男"&手直し!B17,計算用!$AO$2:$AO$186,0)),"？")) | G15: =IF($A15="","",手直し!C17&"") | H15: =IF(OR($A15="",手直し!C17=""),"",IFERROR(INDEX(計算用!$M$2:$M$186,MATCH("男"&手直し!C17,計算用!$AO$2:$AO$186,0)),"？")) | I15: =IF(OR($A15="",手直し!C17=""),"",IFERROR(INDEX(計算用!$I$2:$I$186,MATCH("男"&手直し!C17,計算用!$AO$2:$AO$186,0)),"？")) | J15: =IF($A15="","",手直し!D17&"") | K15: =IF(OR($A15="",手直し!D17=""),"",IFERROR(INDEX(計算用!$M$2:$M$186,MATCH("男"&手直し!D17,計算用!$AO$2:$AO$186,0)),"？")) | L15: =IF(OR($A15="",手直し!D17=""),"",IFERROR(INDEX(計算用!$I$2:$I$186,MATCH("男"&手直し!D17,計算用!$AO$2:$AO$186,0)),"？")) | M15: =IF($A15="","",手直し!E17&"") | N15: =IF(OR($A15="",手直し!E17=""),"",IFERROR(INDEX(計算用!$M$2:$M$186,MATCH("男"&手直し!E17,計算用!$AO$2:$AO$186,0)),"？")) | O15: =IF(OR($A15="",手直し!E17=""),"",IFERROR(INDEX(計算用!$I$2:$I$186,MATCH("男"&手直し!E17,計算用!$AO$2:$AO$186,0)),"？")) | P15: =IF($A15="","",手直し!F17&"") | Q15: =IF(OR($A15="",手直し!F17=""),"",IFERROR(INDEX(計算用!$M$2:$M$186,MATCH("男"&手直し!F17,計算用!$AO$2:$AO$186,0)),"？")) | R15: =IF(OR($A15="",手直し!F17=""),"",IFERROR(INDEX(計算用!$I$2:$I$186,MATCH("男"&手直し!F17,計算用!$AO$2:$AO$186,0)),"？")) | T15: =IF(ROW()-3<=計算用!$Q$14,ROW()-3,"") | U15: =IF($T15="","",手直し!O17) | V15: =IF($T15="","",手直し!P17) | W15: =IF($T15="","",手直し!G17&"") | X15: =IF(OR($T15="",手直し!G17=""),"",IFERROR(INDEX(計算用!$M$2:$M$186,MATCH("女"&手直し!G17,計算用!$AO$2:$AO$186,0)),"？")) | Y15: =IF(OR($T15="",手直し!G17=""),"",IFERROR(INDEX(計算用!$I$2:$I$186,MATCH("女"&手直し!G17,計算用!$AO$2:$AO$186,0)),"？")) | Z15: =IF($T15="","",手直し!H17&"") | AA15: =IF(OR($T15="",手直し!H17=""),"",IFERROR(INDEX(計算用!$M$2:$M$186,MATCH("女"&手直し!H17,計算用!$AO$2:$AO$186,0)),"？")) | AB15: =IF(OR($T15="",手直し!H17=""),"",IFERROR(INDEX(計算用!$I$2:$I$186,MATCH("女"&手直し!H17,計算用!$AO$2:$AO$186,0)),"？")) | AC15: =IF($T15="","",手直し!I17&"") | AD15: =IF(OR($T15="",手直し!I17=""),"",IFERROR(INDEX(計算用!$M$2:$M$186,MATCH("女"&手直し!I17,計算用!$AO$2:$AO$186,0)),"？")) | AE15: =IF(OR($T15="",手直し!I17=""),"",IFERROR(INDEX(計算用!$I$2:$I$186,MATCH("女"&手直し!I17,計算用!$AO$2:$AO$186,0)),"？")) | AF15: =IF($T15="","",手直し!J17&"") | AG15: =IF(OR($T15="",手直し!J17=""),"",IFERROR(INDEX(計算用!$M$2:$M$186,MATCH("女"&手直し!J17,計算用!$AO$2:$AO$186,0)),"？")) | AH15: =IF(OR($T15="",手直し!J17=""),"",IFERROR(INDEX(計算用!$I$2:$I$186,MATCH("女"&手直し!J17,計算用!$AO$2:$AO$186,0)),"？")) | AI15: =IF($T15="","",手直し!K17&"") | AJ15: =IF(OR($T15="",手直し!K17=""),"",IFERROR(INDEX(計算用!$M$2:$M$186,MATCH("女"&手直し!K17,計算用!$AO$2:$AO$186,0)),"？")) | AK15: =IF(OR($T15="",手直し!K17=""),"",IFERROR(INDEX(計算用!$I$2:$I$186,MATCH("女"&手直し!K17,計算用!$AO$2:$AO$186,0)),"？"))
... A53: =IF(ROW()-3<=計算用!$Q$13,ROW()-3,"") | B53: =IF($A53="","",手直し!M55) | C53: =IF($A53="","",手直し!N55) | D53: =IF($A53="","",手直し!B55&"") | E53: =IF(OR($A53="",手直し!B55=""),"",IFERROR(INDEX(計算用!$M$2:$M$186,MATCH("男"&手直し!B55,計算用!$AO$2:$AO$186,0)),"？")) | F53: =IF(OR($A53="",手直し!B55=""),"",IFERROR(INDEX(計算用!$I$2:$I$186,MATCH("男"&手直し!B55,計算用!$AO$2:$AO$186,0)),"？")) | G53: =IF($A53="","",手直し!C55&"") | H53: =IF(OR($A53="",手直し!C55=""),"",IFERROR(INDEX(計算用!$M$2:$M$186,MATCH("男"&手直し!C55,計算用!$AO$2:$AO$186,0)),"？")) | I53: =IF(OR($A53="",手直し!C55=""),"",IFERROR(INDEX(計算用!$I$2:$I$186,MATCH("男"&手直し!C55,計算用!$AO$2:$AO$186,0)),"？")) | J53: =IF($A53="","",手直し!D55&"") | K53: =IF(OR($A53="",手直し!D55=""),"",IFERROR(INDEX(計算用!$M$2:$M$186,MATCH("男"&手直し!D55,計算用!$AO$2:$AO$186,0)),"？")) | L53: =IF(OR($A53="",手直し!D55=""),"",IFERROR(INDEX(計算用!$I$2:$I$186,MATCH("男"&手直し!D55,計算用!$AO$2:$AO$186,0)),"？")) | M53: =IF($A53="","",手直し!E55&"") | N53: =IF(OR($A53="",手直し!E55=""),"",IFERROR(INDEX(計算用!$M$2:$M$186,MATCH("男"&手直し!E55,計算用!$AO$2:$AO$186,0)),"？")) | O53: =IF(OR($A53="",手直し!E55=""),"",IFERROR(INDEX(計算用!$I$2:$I$186,MATCH("男"&手直し!E55,計算用!$AO$2:$AO$186,0)),"？")) | P53: =IF($A53="","",手直し!F55&"") | Q53: =IF(OR($A53="",手直し!F55=""),"",IFERROR(INDEX(計算用!$M$2:$M$186,MATCH("男"&手直し!F55,計算用!$AO$2:$AO$186,0)),"？")) | R53: =IF(OR($A53="",手直し!F55=""),"",IFERROR(INDEX(計算用!$I$2:$I$186,MATCH("男"&手直し!F55,計算用!$AO$2:$AO$186,0)),"？")) | T53: =IF(ROW()-3<=計算用!$Q$14,ROW()-3,"") | U53: =IF($T53="","",手直し!O55) | V53: =IF($T53="","",手直し!P55) | W53: =IF($T53="","",手直し!G55&"") | X53: =IF(OR($T53="",手直し!G55=""),"",IFERROR(INDEX(計算用!$M$2:$M$186,MATCH("女"&手直し!G55,計算用!$AO$2:$AO$186,0)),"？")) | Y53: =IF(OR($T53="",手直し!G55=""),"",IFERROR(INDEX(計算用!$I$2:$I$186,MATCH("女"&手直し!G55,計算用!$AO$2:$AO$186,0)),"？")) | Z53: =IF($T53="","",手直し!H55&"") | AA53: =IF(OR($T53="",手直し!H55=""),"",IFERROR(INDEX(計算用!$M$2:$M$186,MATCH("女"&手直し!H55,計算用!$AO$2:$AO$186,0)),"？")) | AB53: =IF(OR($T53="",手直し!H55=""),"",IFERROR(INDEX(計算用!$I$2:$I$186,MATCH("女"&手直し!H55,計算用!$AO$2:$AO$186,0)),"？")) | AC53: =IF($T53="","",手直し!I55&"") | AD53: =IF(OR($T53="",手直し!I55=""),"",IFERROR(INDEX(計算用!$M$2:$M$186,MATCH("女"&手直し!I55,計算用!$AO$2:$AO$186,0)),"？")) | AE53: =IF(OR($T53="",手直し!I55=""),"",IFERROR(INDEX(計算用!$I$2:$I$186,MATCH("女"&手直し!I55,計算用!$AO$2:$AO$186,0)),"？")) | AF53: =IF($T53="","",手直し!J55&"") | AG53: =IF(OR($T53="",手直し!J55=""),"",IFERROR(INDEX(計算用!$M$2:$M$186,MATCH("女"&手直し!J55,計算用!$AO$2:$AO$186,0)),"？")) | AH53: =IF(OR($T53="",手直し!J55=""),"",IFERROR(INDEX(計算用!$I$2:$I$186,MATCH("女"&手直し!J55,計算用!$AO$2:$AO$186,0)),"？")) | AI53: =IF($T53="","",手直し!K55&"") | AJ53: =IF(OR($T53="",手直し!K55=""),"",IFERROR(INDEX(計算用!$M$2:$M$186,MATCH("女"&手直し!K55,計算用!$AO$2:$AO$186,0)),"？")) | AK53: =IF(OR($T53="",手直し!K55=""),"",IFERROR(INDEX(計算用!$I$2:$I$186,MATCH("女"&手直し!K55,計算用!$AO$2:$AO$186,0)),"？"))

Sheet 走順
A1: 走順 | E1: =IF(計算用!$Q$30=0,"","男子 "&計算用!$Q$13&"レース・女子 "&計算用!$Q$14&"レース 合計 "&計算用!$Q$30&"レース")
A2: 先に走る | C2: 男子 | D2: ← 男子か女子を選んでください | I2: =IF(OR(計算用!$Q$15>0,計算用!$Q$16>0),"※手直しシートに確認が必要なところがあります","")
A4: レース | B4: 1コース | E4: 2コース | H4: 3コース | K4: 4コース | N4: 5コース
B5: 名前 | C5: クラス | D5: 色 | E5: 名前 | F5: クラス | G5: 色 | H5: 名前 | I5: クラス | J5: 色 | K5: 名前 | L5: クラス | M5: 色 | N5: 名前 | O5: クラス | P5: 色
A6: =IF(計算用!$BB$2="","",計算用!$BA$2) | B6: =IF($A6="","",INDEX(決定版!$A$4:$AK$53,計算用!$BE$2,IF(計算用!$BB$2="男",0,19)+4)) | C6: =IF($A6="","",INDEX(決定版!$A$4:$AK$53,計算用!$BE$2,IF(計算用!$BB$2="男",0,19)+5)) | D6: =IF($A6="","",INDEX(決定版!$A$4:$AK$53,計算用!$BE$2,IF(計算用!$BB$2="男",0,19)+6)) | E6: =IF($A6="","",INDEX(決定版!$A$4:$AK$53,計算用!$BE$2,IF(計算用!$BB$2="男",0,19)+7)) | F6: =IF($A6="","",INDEX(決定版!$A$4:$AK$53,計算用!$BE$2,IF(計算用!$BB$2="男",0,19)+8)) | G6: =IF($A6="","",INDEX(決定版!$A$4:$AK$53,計算用!$BE$2,IF(計算用!$BB$2="男",0,19)+9)) | H6: =IF($A6="","",INDEX(決定版!$A$4:$AK$53,計算用!$BE$2,IF(計算用!$BB$2="男",0,19)+10)) | I6: =IF($A6="","",INDEX(決定版!$A$4:$AK$53,計算用!$BE$2,IF(計算用!$BB$2="男",0,19)+11)) | J6: =IF($A6="","",INDEX(決定版!$A$4:$AK$53,計算用!$BE$2,IF(計算用!$BB$2="男",0,19)+12)) | K6: =IF($A6="","",INDEX(決定版!$A$4:$AK$53,計算用!$BE$2,IF(計算用!$BB$2="男",0,19)+13)) | L6: =IF($A6="","",INDEX(決定版!$A$4:$AK$53,計算用!$BE$2,IF(計算用!$BB$2="男",0,19)+14)) | M6: =IF($A6="","",INDEX(決定版!$A$4:$AK$53,計算用!$BE$2,IF(計算用!$BB$2="男",0,19)+15)) | N6: =IF($A6="","",INDEX(決定版!$A$4:$AK$53,計算用!$BE$2,IF(計算用!$BB$2="男",0,19)+16)) | O6: =IF($A6="","",INDEX(決定版!$A$4:$AK$53,計算用!$BE$2,IF(計算用!$BB$2="男",0,19)+17)) | P6: =IF($A6="","",INDEX(決定版!$A$4:$AK$53,計算用!$BE$2,IF(計算用!$BB$2="男",0,19)+18))
A7: =IF(計算用!$BB$3="","",計算用!$BA$3) | B7: =IF($A7="","",INDEX(決定版!$A$4:$AK$53,計算用!$BE$3,IF(計算用!$BB$3="男",0,19)+4)) | C7: =IF($A7="","",INDEX(決定版!$A$4:$AK$53,計算用!$BE$3,IF(計算用!$BB$3="男",0,19)+5)) | D7: =IF($A7="","",INDEX(決定版!$A$4:$AK$53,計算用!$BE$3,IF(計算用!$BB$3="男",0,19)+6)) | E7: =IF($A7="","",INDEX(決定版!$A$4:$AK$53,計算用!$BE$3,IF(計算用!$BB$3="男",0,19)+7)) | F7: =IF($A7="","",INDEX(決定版!$A$4:$AK$53,計算用!$BE$3,IF(計算用!$BB$3="男",0,19)+8)) | G7: =IF($A7="","",INDEX(決定版!$A$4:$AK$53,計算用!$BE$3,IF(計算用!$BB$3="男",0,19)+9)) | H7: =IF($A7="","",INDEX(決定版!$A$4:$AK$53,計算用!$BE$3,IF(計算用!$BB$3="男",0,19)+10)) | I7: =IF($A7="","",INDEX(決定版!$A$4:$AK$53,計算用!$BE$3,IF(計算用!$BB$3="男",0,19)+11)) | J7: =IF($A7="","",INDEX(決定版!$A$4:$AK$53,計算用!$BE$3,IF(計算用!$BB$3="男",0,19)+12)) | K7: =IF($A7="","",INDEX(決定版!$A$4:$AK$53,計算用!$BE$3,IF(計算用!$BB$3="男",0,19)+13)) | L7: =IF($A7="","",INDEX(決定版!$A$4:$AK$53,計算用!$BE$3,IF(計算用!$BB$3="男",0,19)+14)) | M7: =IF($A7="","",INDEX(決定版!$A$4:$AK$53,計算用!$BE$3,IF(計算用!$BB$3="男",0,19)+15)) | N7: =IF($A7="","",INDEX(決定版!$A$4:$AK$53,計算用!$BE$3,IF(計算用!$BB$3="男",0,19)+16)) | O7: =IF($A7="","",INDEX(決定版!$A$4:$AK$53,計算用!$BE$3,IF(計算用!$BB$3="男",0,19)+17)) | P7: =IF($A7="","",INDEX(決定版!$A$4:$AK$53,計算用!$BE$3,IF(計算用!$BB$3="男",0,19)+18))
A8: =IF(計算用!$BB$4="","",計算用!$BA$4) | B8: =IF($A8="","",INDEX(決定版!$A$4:$AK$53,計算用!$BE$4,IF(計算用!$BB$4="男",0,19)+4)) | C8: =IF($A8="","",INDEX(決定版!$A$4:$AK$53,計算用!$BE$4,IF(計算用!$BB$4="男",0,19)+5)) | D8: =IF($A8="","",INDEX(決定版!$A$4:$AK$53,計算用!$BE$4,IF(計算用!$BB$4="男",0,19)+6)) | E8: =IF($A8="","",INDEX(決定版!$A$4:$AK$53,計算用!$BE$4,IF(計算用!$BB$4="男",0,19)+7)) | F8: =IF($A8="","",INDEX(決定版!$A$4:$AK$53,計算用!$BE$4,IF(計算用!$BB$4="男",0,19)+8)) | G8: =IF($A8="","",INDEX(決定版!$A$4:$AK$53,計算用!$BE$4,IF(計算用!$BB$4="男",0,19)+9)) | H8: =IF($A8="","",INDEX(決定版!$A$4:$AK$53,計算用!$BE$4,IF(計算用!$BB$4="男",0,19)+10)) | I8: =IF($A8="","",INDEX(決定版!$A$4:$AK$53,計算用!$BE$4,IF(計算用!$BB$4="男",0,19)+11)) | J8: =IF($A8="","",INDEX(決定版!$A$4:$AK$53,計算用!$BE$4,IF(計算用!$BB$4="男",0,19)+12)) | K8: =IF($A8="","",INDEX(決定版!$A$4:$AK$53,計算用!$BE$4,IF(計算用!$BB$4="男",0,19)+13)) | L8: =IF($A8="","",INDEX(決定版!$A$4:$AK$53,計算用!$BE$4,IF(計算用!$BB$4="男",0,19)+14)) | M8: =IF($A8="","",INDEX(決定版!$A$4:$AK$53,計算用!$BE$4,IF(計算用!$BB$4="男",0,19)+15)) | N8: =IF($A8="","",INDEX(決定版!$A$4:$AK$53,計算用!$BE$4,IF(計算用!$BB$4="男",0,19)+16)) | O8: =IF($A8="","",INDEX(決定版!$A$4:$AK$53,計算用!$BE$4,IF(計算用!$BB$4="男",0,19)+17)) | P8: =IF($A8="","",INDEX(決定版!$A$4:$AK$53,計算用!$BE$4,IF(計算用!$BB$4="男",0,19)+18))
A9: =IF(計算用!$BB$5="","",計算用!$BA$5) | B9: =IF($A9="","",INDEX(決定版!$A$4:$AK$53,計算用!$BE$5,IF(計算用!$BB$5="男",0,19)+4)) | C9: =IF($A9="","",INDEX(決定版!$A$4:$AK$53,計算用!$BE$5,IF(計算用!$BB$5="男",0,19)+5)) | D9: =IF($A9="","",INDEX(決定版!$A$4:$AK$53,計算用!$BE$5,IF(計算用!$BB$5="男",0,19)+6)) | E9: =IF($A9="","",INDEX(決定版!$A$4:$AK$53,計算用!$BE$5,IF(計算用!$BB$5="男",0,19)+7)) | F9: =IF($A9="","",INDEX(決定版!$A$4:$AK$53,計算用!$BE$5,IF(計算用!$BB$5="男",0,19)+8)) | G9: =IF($A9="","",INDEX(決定版!$A$4:$AK$53,計算用!$BE$5,IF(計算用!$BB$5="男",0,19)+9)) | H9: =IF($A9="","",INDEX(決定版!$A$4:$AK$53,計算用!$BE$5,IF(計算用!$BB$5="男",0,19)+10)) | I9: =IF($A9="","",INDEX(決定版!$A$4:$AK$53,計算用!$BE$5,IF(計算用!$BB$5="男",0,19)+11)) | J9: =IF($A9="","",INDEX(決定版!$A$4:$AK$53,計算用!$BE$5,IF(計算用!$BB$5="男",0,19)+12)) | K9: =IF($A9="","",INDEX(決定版!$A$4:$AK$53,計算用!$BE$5,IF(計算用!$BB$5="男",0,19)+13)) | L9: =IF($A9="","",INDEX(決定版!$A$4:$AK$53,計算用!$BE$5,IF(計算用!$BB$5="男",0,19)+14)) | M9: =IF($A9="","",INDEX(決定版!$A$4:$AK$53,計算用!$BE$5,IF(計算用!$BB$5="男",0,19)+15)) | N9: =IF($A9="","",INDEX(決定版!$A$4:$AK$53,計算用!$BE$5,IF(計算用!$BB$5="男",0,19)+16)) | O9: =IF($A9="","",INDEX(決定版!$A$4:$AK$53,計算用!$BE$5,IF(計算用!$BB$5="男",0,19)+17)) | P9: =IF($A9="","",INDEX(決定版!$A$4:$AK$53,計算用!$BE$5,IF(計算用!$BB$5="男",0,19)+18))
A10: =IF(計算用!$BB$6="","",計算用!$BA$6) | B10: =IF($A10="","",INDEX(決定版!$A$4:$AK$53,計算用!$BE$6,IF(計算用!$BB$6="男",0,19)+4)) | C10: =IF($A10="","",INDEX(決定版!$A$4:$AK$53,計算用!$BE$6,IF(計算用!$BB$6="男",0,19)+5)) | D10: =IF($A10="","",INDEX(決定版!$A$4:$AK$53,計算用!$BE$6,IF(計算用!$BB$6="男",0,19)+6)) | E10: =IF($A10="","",INDEX(決定版!$A$4:$AK$53,計算用!$BE$6,IF(計算用!$BB$6="男",0,19)+7)) | F10: =IF($A10="","",INDEX(決定版!$A$4:$AK$53,計算用!$BE$6,IF(計算用!$BB$6="男",0,19)+8)) | G10: =IF($A10="","",INDEX(決定版!$A$4:$AK$53,計算用!$BE$6,IF(計算用!$BB$6="男",0,19)+9)) | H10: =IF($A10="","",INDEX(決定版!$A$4:$AK$53,計算用!$BE$6,IF(計算用!$BB$6="男",0,19)+10)) | I10: =IF($A10="","",INDEX(決定版!$A$4:$AK$53,計算用!$BE$6,IF(計算用!$BB$6="男",0,19)+11)) | J10: =IF($A10="","",INDEX(決定版!$A$4:$AK$53,計算用!$BE$6,IF(計算用!$BB$6="男",0,19)+12)) | K10: =IF($A10="","",INDEX(決定版!$A$4:$AK$53,計算用!$BE$6,IF(計算用!$BB$6="男",0,19)+13)) | L10: =IF($A10="","",INDEX(決定版!$A$4:$AK$53,計算用!$BE$6,IF(計算用!$BB$6="男",0,19)+14)) | M10: =IF($A10="","",INDEX(決定版!$A$4:$AK$53,計算用!$BE$6,IF(計算用!$BB$6="男",0,19)+15)) | N10: =IF($A10="","",INDEX(決定版!$A$4:$AK$53,計算用!$BE$6,IF(計算用!$BB$6="男",0,19)+16)) | O10: =IF($A10="","",INDEX(決定版!$A$4:$AK$53,計算用!$BE$6,IF(計算用!$BB$6="男",0,19)+17)) | P10: =IF($A10="","",INDEX(決定版!$A$4:$AK$53,計算用!$BE$6,IF(計算用!$BB$6="男",0,19)+18))
A11: =IF(計算用!$BB$7="","",計算用!$BA$7) | B11: =IF($A11="","",INDEX(決定版!$A$4:$AK$53,計算用!$BE$7,IF(計算用!$BB$7="男",0,19)+4)) | C11: =IF($A11="","",INDEX(決定版!$A$4:$AK$53,計算用!$BE$7,IF(計算用!$BB$7="男",0,19)+5)) | D11: =IF($A11="","",INDEX(決定版!$A$4:$AK$53,計算用!$BE$7,IF(計算用!$BB$7="男",0,19)+6)) | E11: =IF($A11="","",INDEX(決定版!$A$4:$AK$53,計算用!$BE$7,IF(計算用!$BB$7="男",0,19)+7)) | F11: =IF($A11="","",INDEX(決定版!$A$4:$AK$53,計算用!$BE$7,IF(計算用!$BB$7="男",0,19)+8)) | G11: =IF($A11="","",INDEX(決定版!$A$4:$AK$53,計算用!$BE$7,IF(計算用!$BB$7="男",0,19)+9)) | H11: =IF($A11="","",INDEX(決定版!$A$4:$AK$53,計算用!$BE$7,IF(計算用!$BB$7="男",0,19)+10)) | I11: =IF($A11="","",INDEX(決定版!$A$4:$AK$53,計算用!$BE$7,IF(計算用!$BB$7="男",0,19)+11)) | J11: =IF($A11="","",INDEX(決定版!$A$4:$AK$53,計算用!$BE$7,IF(計算用!$BB$7="男",0,19)+12)) | K11: =IF($A11="","",INDEX(決定版!$A$4:$AK$53,計算用!$BE$7,IF(計算用!$BB$7="男",0,19)+13)) | L11: =IF($A11="","",INDEX(決定版!$A$4:$AK$53,計算用!$BE$7,IF(計算用!$BB$7="男",0,19)+14)) | M11: =IF($A11="","",INDEX(決定版!$A$4:$AK$53,計算用!$BE$7,IF(計算用!$BB$7="男",0,19)+15)) | N11: =IF($A11="","",INDEX(決定版!$A$4:$AK$53,計算用!$BE$7,IF(計算用!$BB$7="男",0,19)+16)) | O11: =IF($A11="","",INDEX(決定版!$A$4:$AK$53,計算用!$BE$7,IF(計算用!$BB$7="男",0,19)+17)) | P11: =IF($A11="","",INDEX(決定版!$A$4:$AK$53,計算用!$BE$7,IF(計算用!$BB$7="男",0,19)+18))
A12: =IF(計算用!$BB$8="","",計算用!$BA$8) | B12: =IF($A12="","",INDEX(決定版!$A$4:$AK$53,計算用!$BE$8,IF(計算用!$BB$8="男",0,19)+4)) | C12: =IF($A12="","",INDEX(決定版!$A$4:$AK$53,計算用!$BE$8,IF(計算用!$BB$8="男",0,19)+5)) | D12: =IF($A12="","",INDEX(決定版!$A$4:$AK$53,計算用!$BE$8,IF(計算用!$BB$8="男",0,19)+6)) | E12: =IF($A12="","",INDEX(決定版!$A$4:$AK$53,計算用!$BE$8,IF(計算用!$BB$8="男",0,19)+7)) | F12: =IF($A12="","",INDEX(決定版!$A$4:$AK$53,計算用!$BE$8,IF(計算用!$BB$8="男",0,19)+8)) | G12: =IF($A12="","",INDEX(決定版!$A$4:$AK$53,計算用!$BE$8,IF(計算用!$BB$8="男",0,19)+9)) | H12: =IF($A12="","",INDEX(決定版!$A$4:$AK$53,計算用!$BE$8,IF(計算用!$BB$8="男",0,19)+10)) | I12: =IF($A12="","",INDEX(決定版!$A$4:$AK$53,計算用!$BE$8,IF(計算用!$BB$8="男",0,19)+11)) | J12: =IF($A12="","",INDEX(決定版!$A$4:$AK$53,計算用!$BE$8,IF(計算用!$BB$8="男",0,19)+12)) | K12: =IF($A12="","",INDEX(決定版!$A$4:$AK$53,計算用!$BE$8,IF(計算用!$BB$8="男",0,19)+13)) | L12: =IF($A12="","",INDEX(決定版!$A$4:$AK$53,計算用!$BE$8,IF(計算用!$BB$8="男",0,19)+14)) | M12: =IF($A12="","",INDEX(決定版!$A$4:$AK$53,計算用!$BE$8,IF(計算用!$BB$8="男",0,19)+15)) | N12: =IF($A12="","",INDEX(決定版!$A$4:$AK$53,計算用!$BE$8,IF(計算用!$BB$8="男",0,19)+16)) | O12: =IF($A12="","",INDEX(決定版!$A$4:$AK$53,計算用!$BE$8,IF(計算用!$BB$8="男",0,19)+17)) | P12: =IF($A12="","",INDEX(決定版!$A$4:$AK$53,計算用!$BE$8,IF(計算用!$BB$8="男",0,19)+18))
A13: =IF(計算用!$BB$9="","",計算用!$BA$9) | B13: =IF($A13="","",INDEX(決定版!$A$4:$AK$53,計算用!$BE$9,IF(計算用!$BB$9="男",0,19)+4)) | C13: =IF($A13="","",INDEX(決定版!$A$4:$AK$53,計算用!$BE$9,IF(計算用!$BB$9="男",0,19)+5)) | D13: =IF($A13="","",INDEX(決定版!$A$4:$AK$53,計算用!$BE$9,IF(計算用!$BB$9="男",0,19)+6)) | E13: =IF($A13="","",INDEX(決定版!$A$4:$AK$53,計算用!$BE$9,IF(計算用!$BB$9="男",0,19)+7)) | F13: =IF($A13="","",INDEX(決定版!$A$4:$AK$53,計算用!$BE$9,IF(計算用!$BB$9="男",0,19)+8)) | G13: =IF($A13="","",INDEX(決定版!$A$4:$AK$53,計算用!$BE$9,IF(計算用!$BB$9="男",0,19)+9)) | H13: =IF($A13="","",INDEX(決定版!$A$4:$AK$53,計算用!$BE$9,IF(計算用!$BB$9="男",0,19)+10)) | I13: =IF($A13="","",INDEX(決定版!$A$4:$AK$53,計算用!$BE$9,IF(計算用!$BB$9="男",0,19)+11)) | J13: =IF($A13="","",INDEX(決定版!$A$4:$AK$53,計算用!$BE$9,IF(計算用!$BB$9="男",0,19)+12)) | K13: =IF($A13="","",INDEX(決定版!$A$4:$AK$53,計算用!$BE$9,IF(計算用!$BB$9="男",0,19)+13)) | L13: =IF($A13="","",INDEX(決定版!$A$4:$AK$53,計算用!$BE$9,IF(計算用!$BB$9="男",0,19)+14)) | M13: =IF($A13="","",INDEX(決定版!$A$4:$AK$53,計算用!$BE$9,IF(計算用!$BB$9="男",0,19)+15)) | N13: =IF($A13="","",INDEX(決定版!$A$4:$AK$53,計算用!$BE$9,IF(計算用!$BB$9="男",0,19)+16)) | O13: =IF($A13="","",INDEX(決定版!$A$4:$AK$53,計算用!$BE$9,IF(計算用!$BB$9="男",0,19)+17)) | P13: =IF($A13="","",INDEX(決定版!$A$4:$AK$53,計算用!$BE$9,IF(計算用!$BB$9="男",0,19)+18))
A14: =IF(計算用!$BB$10="","",計算用!$BA$10) | B14: =IF($A14="","",INDEX(決定版!$A$4:$AK$53,計算用!$BE$10,IF(計算用!$BB$10="男",0,19)+4)) | C14: =IF($A14="","",INDEX(決定版!$A$4:$AK$53,計算用!$BE$10,IF(計算用!$BB$10="男",0,19)+5)) | D14: =IF($A14="","",INDEX(決定版!$A$4:$AK$53,計算用!$BE$10,IF(計算用!$BB$10="男",0,19)+6)) | E14: =IF($A14="","",INDEX(決定版!$A$4:$AK$53,計算用!$BE$10,IF(計算用!$BB$10="男",0,19)+7)) | F14: =IF($A14="","",INDEX(決定版!$A$4:$AK$53,計算用!$BE$10,IF(計算用!$BB$10="男",0,19)+8)) | G14: =IF($A14="","",INDEX(決定版!$A$4:$AK$53,計算用!$BE$10,IF(計算用!$BB$10="男",0,19)+9)) | H14: =IF($A14="","",INDEX(決定版!$A$4:$AK$53,計算用!$BE$10,IF(計算用!$BB$10="男",0,19)+10)) | I14: =IF($A14="","",INDEX(決定版!$A$4:$AK$53,計算用!$BE$10,IF(計算用!$BB$10="男",0,19)+11)) | J14: =IF($A14="","",INDEX(決定版!$A$4:$AK$53,計算用!$BE$10,IF(計算用!$BB$10="男",0,19)+12)) | K14: =IF($A14="","",INDEX(決定版!$A$4:$AK$53,計算用!$BE$10,IF(計算用!$BB$10="男",0,19)+13)) | L14: =IF($A14="","",INDEX(決定版!$A$4:$AK$53,計算用!$BE$10,IF(計算用!$BB$10="男",0,19)+14)) | M14: =IF($A14="","",INDEX(決定版!$A$4:$AK$53,計算用!$BE$10,IF(計算用!$BB$10="男",0,19)+15)) | N14: =IF($A14="","",INDEX(決定版!$A$4:$AK$53,計算用!$BE$10,IF(計算用!$BB$10="男",0,19)+16)) | O14: =IF($A14="","",INDEX(決定版!$A$4:$AK$53,計算用!$BE$10,IF(計算用!$BB$10="男",0,19)+17)) | P14: =IF($A14="","",INDEX(決定版!$A$4:$AK$53,計算用!$BE$10,IF(計算用!$BB$10="男",0,19)+18))
A15: =IF(計算用!$BB$11="","",計算用!$BA$11) | B15: =IF($A15="","",INDEX(決定版!$A$4:$AK$53,計算用!$BE$11,IF(計算用!$BB$11="男",0,19)+4)) | C15: =IF($A15="","",INDEX(決定版!$A$4:$AK$53,計算用!$BE$11,IF(計算用!$BB$11="男",0,19)+5)) | D15: =IF($A15="","",INDEX(決定版!$A$4:$AK$53,計算用!$BE$11,IF(計算用!$BB$11="男",0,19)+6)) | E15: =IF($A15="","",INDEX(決定版!$A$4:$AK$53,計算用!$BE$11,IF(計算用!$BB$11="男",0,19)+7)) | F15: =IF($A15="","",INDEX(決定版!$A$4:$AK$53,計算用!$BE$11,IF(計算用!$BB$11="男",0,19)+8)) | G15: =IF($A15="","",INDEX(決定版!$A$4:$AK$53,計算用!$BE$11,IF(計算用!$BB$11="男",0,19)+9)) | H15: =IF($A15="","",INDEX(決定版!$A$4:$AK$53,計算用!$BE$11,IF(計算用!$BB$11="男",0,19)+10)) | I15: =IF($A15="","",INDEX(決定版!$A$4:$AK$53,計算用!$BE$11,IF(計算用!$BB$11="男",0,19)+11)) | J15: =IF($A15="","",INDEX(決定版!$A$4:$AK$53,計算用!$BE$11,IF(計算用!$BB$11="男",0,19)+12)) | K15: =IF($A15="","",INDEX(決定版!$A$4:$AK$53,計算用!$BE$11,IF(計算用!$BB$11="男",0,19)+13)) | L15: =IF($A15="","",INDEX(決定版!$A$4:$AK$53,計算用!$BE$11,IF(計算用!$BB$11="男",0,19)+14)) | M15: =IF($A15="","",INDEX(決定版!$A$4:$AK$53,計算用!$BE$11,IF(計算用!$BB$11="男",0,19)+15)) | N15: =IF($A15="","",INDEX(決定版!$A$4:$AK$53,計算用!$BE$11,IF(計算用!$BB$11="男",0,19)+16)) | O15: =IF($A15="","",INDEX(決定版!$A$4:$AK$53,計算用!$BE$11,IF(計算用!$BB$11="男",0,19)+17)) | P15: =IF($A15="","",INDEX(決定版!$A$4:$AK$53,計算用!$BE$11,IF(計算用!$BB$11="男",0,19)+18))
A16: =IF(計算用!$BB$12="","",計算用!$BA$12) | B16: =IF($A16="","",INDEX(決定版!$A$4:$AK$53,計算用!$BE$12,IF(計算用!$BB$12="男",0,19)+4)) | C16: =IF($A16="","",INDEX(決定版!$A$4:$AK$53,計算用!$BE$12,IF(計算用!$BB$12="男",0,19)+5)) | D16: =IF($A16="","",INDEX(決定版!$A$4:$AK$53,計算用!$BE$12,IF(計算用!$BB$12="男",0,19)+6)) | E16: =IF($A16="","",INDEX(決定版!$A$4:$AK$53,計算用!$BE$12,IF(計算用!$BB$12="男",0,19)+7)) | F16: =IF($A16="","",INDEX(決定版!$A$4:$AK$53,計算用!$BE$12,IF(計算用!$BB$12="男",0,19)+8)) | G16: =IF($A16="","",INDEX(決定版!$A$4:$AK$53,計算用!$BE$12,IF(計算用!$BB$12="男",0,19)+9)) | H16: =IF($A16="","",INDEX(決定版!$A$4:$AK$53,計算用!$BE$12,IF(計算用!$BB$12="男",0,19)+10)) | I16: =IF($A16="","",INDEX(決定版!$A$4:$AK$53,計算用!$BE$12,IF(計算用!$BB$12="男",0,19)+11)) | J16: =IF($A16="","",INDEX(決定版!$A$4:$AK$53,計算用!$BE$12,IF(計算用!$BB$12="男",0,19)+12)) | K16: =IF($A16="","",INDEX(決定版!$A$4:$AK$53,計算用!$BE$12,IF(計算用!$BB$12="男",0,19)+13)) | L16: =IF($A16="","",INDEX(決定版!$A$4:$AK$53,計算用!$BE$12,IF(計算用!$BB$12="男",0,19)+14)) | M16: =IF($A16="","",INDEX(決定版!$A$4:$AK$53,計算用!$BE$12,IF(計算用!$BB$12="男",0,19)+15)) | N16: =IF($A16="","",INDEX(決定版!$A$4:$AK$53,計算用!$BE$12,IF(計算用!$BB$12="男",0,19)+16)) | O16: =IF($A16="","",INDEX(決定版!$A$4:$AK$53,計算用!$BE$12,IF(計算用!$BB$12="男",0,19)+17)) | P16: =IF($A16="","",INDEX(決定版!$A$4:$AK$53,計算用!$BE$12,IF(計算用!$BB$12="男",0,19)+18))
A17: =IF(計算用!$BB$13="","",計算用!$BA$13) | B17: =IF($A17="","",INDEX(決定版!$A$4:$AK$53,計算用!$BE$13,IF(計算用!$BB$13="男",0,19)+4)) | C17: =IF($A17="","",INDEX(決定版!$A$4:$AK$53,計算用!$BE$13,IF(計算用!$BB$13="男",0,19)+5)) | D17: =IF($A17="","",INDEX(決定版!$A$4:$AK$53,計算用!$BE$13,IF(計算用!$BB$13="男",0,19)+6)) | E17: =IF($A17="","",INDEX(決定版!$A$4:$AK$53,計算用!$BE$13,IF(計算用!$BB$13="男",0,19)+7)) | F17: =IF($A17="","",INDEX(決定版!$A$4:$AK$53,計算用!$BE$13,IF(計算用!$BB$13="男",0,19)+8)) | G17: =IF($A17="","",INDEX(決定版!$A$4:$AK$53,計算用!$BE$13,IF(計算用!$BB$13="男",0,19)+9)) | H17: =IF($A17="","",INDEX(決定版!$A$4:$AK$53,計算用!$BE$13,IF(計算用!$BB$13="男",0,19)+10)) | I17: =IF($A17="","",INDEX(決定版!$A$4:$AK$53,計算用!$BE$13,IF(計算用!$BB$13="男",0,19)+11)) | J17: =IF($A17="","",INDEX(決定版!$A$4:$AK$53,計算用!$BE$13,IF(計算用!$BB$13="男",0,19)+12)) | K17: =IF($A17="","",INDEX(決定版!$A$4:$AK$53,計算用!$BE$13,IF(計算用!$BB$13="男",0,19)+13)) | L17: =IF($A17="","",INDEX(決定版!$A$4:$AK$53,計算用!$BE$13,IF(計算用!$BB$13="男",0,19)+14)) | M17: =IF($A17="","",INDEX(決定版!$A$4:$AK$53,計算用!$BE$13,IF(計算用!$BB$13="男",0,19)+15)) | N17: =IF($A17="","",INDEX(決定版!$A$4:$AK$53,計算用!$BE$13,IF(計算用!$BB$13="男",0,19)+16)) | O17: =IF($A17="","",INDEX(決定版!$A$4:$AK$53,計算用!$BE$13,IF(計算用!$BB$13="男",0,19)+17)) | P17: =IF($A17="","",INDEX(決定版!$A$4:$AK$53,計算用!$BE$13,IF(計算用!$BB$13="男",0,19)+18))
A18: =IF(計算用!$BB$14="","",計算用!$BA$14) | B18: =IF($A18="","",INDEX(決定版!$A$4:$AK$53,計算用!$BE$14,IF(計算用!$BB$14="男",0,19)+4)) | C18: =IF($A18="","",INDEX(決定版!$A$4:$AK$53,計算用!$BE$14,IF(計算用!$BB$14="男",0,19)+5)) | D18: =IF($A18="","",INDEX(決定版!$A$4:$AK$53,計算用!$BE$14,IF(計算用!$BB$14="男",0,19)+6)) | E18: =IF($A18="","",INDEX(決定版!$A$4:$AK$53,計算用!$BE$14,IF(計算用!$BB$14="男",0,19)+7)) | F18: =IF($A18="","",INDEX(決定版!$A$4:$AK$53,計算用!$BE$14,IF(計算用!$BB$14="男",0,19)+8)) | G18: =IF($A18="","",INDEX(決定版!$A$4:$AK$53,計算用!$BE$14,IF(計算用!$BB$14="男",0,19)+9)) | H18: =IF($A18="","",INDEX(決定版!$A$4:$AK$53,計算用!$BE$14,IF(計算用!$BB$14="男",0,19)+10)) | I18: =IF($A18="","",INDEX(決定版!$A$4:$AK$53,計算用!$BE$14,IF(計算用!$BB$14="男",0,19)+11)) | J18: =IF($A18="","",INDEX(決定版!$A$4:$AK$53,計算用!$BE$14,IF(計算用!$BB$14="男",0,19)+12)) | K18: =IF($A18="","",INDEX(決定版!$A$4:$AK$53,計算用!$BE$14,IF(計算用!$BB$14="男",0,19)+13)) | L18: =IF($A18="","",INDEX(決定版!$A$4:$AK$53,計算用!$BE$14,IF(計算用!$BB$14="男",0,19)+14)) | M18: =IF($A18="","",INDEX(決定版!$A$4:$AK$53,計算用!$BE$14,IF(計算用!$BB$14="男",0,19)+15)) | N18: =IF($A18="","",INDEX(決定版!$A$4:$AK$53,計算用!$BE$14,IF(計算用!$BB$14="男",0,19)+16)) | O18: =IF($A18="","",INDEX(決定版!$A$4:$AK$53,計算用!$BE$14,IF(計算用!$BB$14="男",0,19)+17)) | P18: =IF($A18="","",INDEX(決定版!$A$4:$AK$53,計算用!$BE$14,IF(計算用!$BB$14="男",0,19)+18))
A19: =IF(計算用!$BB$15="","",計算用!$BA$15) | B19: =IF($A19="","",INDEX(決定版!$A$4:$AK$53,計算用!$BE$15,IF(計算用!$BB$15="男",0,19)+4)) | C19: =IF($A19="","",INDEX(決定版!$A$4:$AK$53,計算用!$BE$15,IF(計算用!$BB$15="男",0,19)+5)) | D19: =IF($A19="","",INDEX(決定版!$A$4:$AK$53,計算用!$BE$15,IF(計算用!$BB$15="男",0,19)+6)) | E19: =IF($A19="","",INDEX(決定版!$A$4:$AK$53,計算用!$BE$15,IF(計算用!$BB$15="男",0,19)+7)) | F19: =IF($A19="","",INDEX(決定版!$A$4:$AK$53,計算用!$BE$15,IF(計算用!$BB$15="男",0,19)+8)) | G19: =IF($A19="","",INDEX(決定版!$A$4:$AK$53,計算用!$BE$15,IF(計算用!$BB$15="男",0,19)+9)) | H19: =IF($A19="","",INDEX(決定版!$A$4:$AK$53,計算用!$BE$15,IF(計算用!$BB$15="男",0,19)+10)) | I19: =IF($A19="","",INDEX(決定版!$A$4:$AK$53,計算用!$BE$15,IF(計算用!$BB$15="男",0,19)+11)) | J19: =IF($A19="","",INDEX(決定版!$A$4:$AK$53,計算用!$BE$15,IF(計算用!$BB$15="男",0,19)+12)) | K19: =IF($A19="","",INDEX(決定版!$A$4:$AK$53,計算用!$BE$15,IF(計算用!$BB$15="男",0,19)+13)) | L19: =IF($A19="","",INDEX(決定版!$A$4:$AK$53,計算用!$BE$15,IF(計算用!$BB$15="男",0,19)+14)) | M19: =IF($A19="","",INDEX(決定版!$A$4:$AK$53,計算用!$BE$15,IF(計算用!$BB$15="男",0,19)+15)) | N19: =IF($A19="","",INDEX(決定版!$A$4:$AK$53,計算用!$BE$15,IF(計算用!$BB$15="男",0,19)+16)) | O19: =IF($A19="","",INDEX(決定版!$A$4:$AK$53,計算用!$BE$15,IF(計算用!$BB$15="男",0,19)+17)) | P19: =IF($A19="","",INDEX(決定版!$A$4:$AK$53,計算用!$BE$15,IF(計算用!$BB$15="男",0,19)+18))
A20: =IF(計算用!$BB$16="","",計算用!$BA$16) | B20: =IF($A20="","",INDEX(決定版!$A$4:$AK$53,計算用!$BE$16,IF(計算用!$BB$16="男",0,19)+4)) | C20: =IF($A20="","",INDEX(決定版!$A$4:$AK$53,計算用!$BE$16,IF(計算用!$BB$16="男",0,19)+5)) | D20: =IF($A20="","",INDEX(決定版!$A$4:$AK$53,計算用!$BE$16,IF(計算用!$BB$16="男",0,19)+6)) | E20: =IF($A20="","",INDEX(決定版!$A$4:$AK$53,計算用!$BE$16,IF(計算用!$BB$16="男",0,19)+7)) | F20: =IF($A20="","",INDEX(決定版!$A$4:$AK$53,計算用!$BE$16,IF(計算用!$BB$16="男",0,19)+8)) | G20: =IF($A20="","",INDEX(決定版!$A$4:$AK$53,計算用!$BE$16,IF(計算用!$BB$16="男",0,19)+9)) | H20: =IF($A20="","",INDEX(決定版!$A$4:$AK$53,計算用!$BE$16,IF(計算用!$BB$16="男",0,19)+10)) | I20: =IF($A20="","",INDEX(決定版!$A$4:$AK$53,計算用!$BE$16,IF(計算用!$BB$16="男",0,19)+11)) | J20: =IF($A20="","",INDEX(決定版!$A$4:$AK$53,計算用!$BE$16,IF(計算用!$BB$16="男",0,19)+12)) | K20: =IF($A20="","",INDEX(決定版!$A$4:$AK$53,計算用!$BE$16,IF(計算用!$BB$16="男",0,19)+13)) | L20: =IF($A20="","",INDEX(決定版!$A$4:$AK$53,計算用!$BE$16,IF(計算用!$BB$16="男",0,19)+14)) | M20: =IF($A20="","",INDEX(決定版!$A$4:$AK$53,計算用!$BE$16,IF(計算用!$BB$16="男",0,19)+15)) | N20: =IF($A20="","",INDEX(決定版!$A$4:$AK$53,計算用!$BE$16,IF(計算用!$BB$16="男",0,19)+16)) | O20: =IF($A20="","",INDEX(決定版!$A$4:$AK$53,計算用!$BE$16,IF(計算用!$BB$16="男",0,19)+17)) | P20: =IF($A20="","",INDEX(決定版!$A$4:$AK$53,計算用!$BE$16,IF(計算用!$BB$16="男",0,19)+18))
A21: =IF(計算用!$BB$17="","",計算用!$BA$17) | B21: =IF($A21="","",INDEX(決定版!$A$4:$AK$53,計算用!$BE$17,IF(計算用!$BB$17="男",0,19)+4)) | C21: =IF($A21="","",INDEX(決定版!$A$4:$AK$53,計算用!$BE$17,IF(計算用!$BB$17="男",0,19)+5)) | D21: =IF($A21="","",INDEX(決定版!$A$4:$AK$53,計算用!$BE$17,IF(計算用!$BB$17="男",0,19)+6)) | E21: =IF($A21="","",INDEX(決定版!$A$4:$AK$53,計算用!$BE$17,IF(計算用!$BB$17="男",0,19)+7)) | F21: =IF($A21="","",INDEX(決定版!$A$4:$AK$53,計算用!$BE$17,IF(計算用!$BB$17="男",0,19)+8)) | G21: =IF($A21="","",INDEX(決定版!$A$4:$AK$53,計算用!$BE$17,IF(計算用!$BB$17="男",0,19)+9)) | H21: =IF($A21="","",INDEX(決定版!$A$4:$AK$53,計算用!$BE$17,IF(計算用!$BB$17="男",0,19)+10)) | I21: =IF($A21="","",INDEX(決定版!$A$4:$AK$53,計算用!$BE$17,IF(計算用!$BB$17="男",0,19)+11)) | J21: =IF($A21="","",INDEX(決定版!$A$4:$AK$53,計算用!$BE$17,IF(計算用!$BB$17="男",0,19)+12)) | K21: =IF($A21="","",INDEX(決定版!$A$4:$AK$53,計算用!$BE$17,IF(計算用!$BB$17="男",0,19)+13)) | L21: =IF($A21="","",INDEX(決定版!$A$4:$AK$53,計算用!$BE$17,IF(計算用!$BB$17="男",0,19)+14)) | M21: =IF($A21="","",INDEX(決定版!$A$4:$AK$53,計算用!$BE$17,IF(計算用!$BB$17="男",0,19)+15)) | N21: =IF($A21="","",INDEX(決定版!$A$4:$AK$53,計算用!$BE$17,IF(計算用!$BB$17="男",0,19)+16)) | O21: =IF($A21="","",INDEX(決定版!$A$4:$AK$53,計算用!$BE$17,IF(計算用!$BB$17="男",0,19)+17)) | P21: =IF($A21="","",INDEX(決定版!$A$4:$AK$53,計算用!$BE$17,IF(計算用!$BB$17="男",0,19)+18))
A22: =IF(計算用!$BB$18="","",計算用!$BA$18) | B22: =IF($A22="","",INDEX(決定版!$A$4:$AK$53,計算用!$BE$18,IF(計算用!$BB$18="男",0,19)+4)) | C22: =IF($A22="","",INDEX(決定版!$A$4:$AK$53,計算用!$BE$18,IF(計算用!$BB$18="男",0,19)+5)) | D22: =IF($A22="","",INDEX(決定版!$A$4:$AK$53,計算用!$BE$18,IF(計算用!$BB$18="男",0,19)+6)) | E22: =IF($A22="","",INDEX(決定版!$A$4:$AK$53,計算用!$BE$18,IF(計算用!$BB$18="男",0,19)+7)) | F22: =IF($A22="","",INDEX(決定版!$A$4:$AK$53,計算用!$BE$18,IF(計算用!$BB$18="男",0,19)+8)) | G22: =IF($A22="","",INDEX(決定版!$A$4:$AK$53,計算用!$BE$18,IF(計算用!$BB$18="男",0,19)+9)) | H22: =IF($A22="","",INDEX(決定版!$A$4:$AK$53,計算用!$BE$18,IF(計算用!$BB$18="男",0,19)+10)) | I22: =IF($A22="","",INDEX(決定版!$A$4:$AK$53,計算用!$BE$18,IF(計算用!$BB$18="男",0,19)+11)) | J22: =IF($A22="","",INDEX(決定版!$A$4:$AK$53,計算用!$BE$18,IF(計算用!$BB$18="男",0,19)+12)) | K22: =IF($A22="","",INDEX(決定版!$A$4:$AK$53,計算用!$BE$18,IF(計算用!$BB$18="男",0,19)+13)) | L22: =IF($A22="","",INDEX(決定版!$A$4:$AK$53,計算用!$BE$18,IF(計算用!$BB$18="男",0,19)+14)) | M22: =IF($A22="","",INDEX(決定版!$A$4:$AK$53,計算用!$BE$18,IF(計算用!$BB$18="男",0,19)+15)) | N22: =IF($A22="","",INDEX(決定版!$A$4:$AK$53,計算用!$BE$18,IF(計算用!$BB$18="男",0,19)+16)) | O22: =IF($A22="","",INDEX(決定版!$A$4:$AK$53,計算用!$BE$18,IF(計算用!$BB$18="男",0,19)+17)) | P22: =IF($A22="","",INDEX(決定版!$A$4:$AK$53,計算用!$BE$18,IF(計算用!$BB$18="男",0,19)+18))
A23: =IF(計算用!$BB$19="","",計算用!$BA$19) | B23: =IF($A23="","",INDEX(決定版!$A$4:$AK$53,計算用!$BE$19,IF(計算用!$BB$19="男",0,19)+4)) | C23: =IF($A23="","",INDEX(決定版!$A$4:$AK$53,計算用!$BE$19,IF(計算用!$BB$19="男",0,19)+5)) | D23: =IF($A23="","",INDEX(決定版!$A$4:$AK$53,計算用!$BE$19,IF(計算用!$BB$19="男",0,19)+6)) | E23: =IF($A23="","",INDEX(決定版!$A$4:$AK$53,計算用!$BE$19,IF(計算用!$BB$19="男",0,19)+7)) | F23: =IF($A23="","",INDEX(決定版!$A$4:$AK$53,計算用!$BE$19,IF(計算用!$BB$19="男",0,19)+8)) | G23: =IF($A23="","",INDEX(決定版!$A$4:$AK$53,計算用!$BE$19,IF(計算用!$BB$19="男",0,19)+9)) | H23: =IF($A23="","",INDEX(決定版!$A$4:$AK$53,計算用!$BE$19,IF(計算用!$BB$19="男",0,19)+10)) | I23: =IF($A23="","",INDEX(決定版!$A$4:$AK$53,計算用!$BE$19,IF(計算用!$BB$19="男",0,19)+11)) | J23: =IF($A23="","",INDEX(決定版!$A$4:$AK$53,計算用!$BE$19,IF(計算用!$BB$19="男",0,19)+12)) | K23: =IF($A23="","",INDEX(決定版!$A$4:$AK$53,計算用!$BE$19,IF(計算用!$BB$19="男",0,19)+13)) | L23: =IF($A23="","",INDEX(決定版!$A$4:$AK$53,計算用!$BE$19,IF(計算用!$BB$19="男",0,19)+14)) | M23: =IF($A23="","",INDEX(決定版!$A$4:$AK$53,計算用!$BE$19,IF(計算用!$BB$19="男",0,19)+15)) | N23: =IF($A23="","",INDEX(決定版!$A$4:$AK$53,計算用!$BE$19,IF(計算用!$BB$19="男",0,19)+16)) | O23: =IF($A23="","",INDEX(決定版!$A$4:$AK$53,計算用!$BE$19,IF(計算用!$BB$19="男",0,19)+17)) | P23: =IF($A23="","",INDEX(決定版!$A$4:$AK$53,計算用!$BE$19,IF(計算用!$BB$19="男",0,19)+18))
A24: =IF(計算用!$BB$20="","",計算用!$BA$20) | B24: =IF($A24="","",INDEX(決定版!$A$4:$AK$53,計算用!$BE$20,IF(計算用!$BB$20="男",0,19)+4)) | C24: =IF($A24="","",INDEX(決定版!$A$4:$AK$53,計算用!$BE$20,IF(計算用!$BB$20="男",0,19)+5)) | D24: =IF($A24="","",INDEX(決定版!$A$4:$AK$53,計算用!$BE$20,IF(計算用!$BB$20="男",0,19)+6)) | E24: =IF($A24="","",INDEX(決定版!$A$4:$AK$53,計算用!$BE$20,IF(計算用!$BB$20="男",0,19)+7)) | F24: =IF($A24="","",INDEX(決定版!$A$4:$AK$53,計算用!$BE$20,IF(計算用!$BB$20="男",0,19)+8)) | G24: =IF($A24="","",INDEX(決定版!$A$4:$AK$53,計算用!$BE$20,IF(計算用!$BB$20="男",0,19)+9)) | H24: =IF($A24="","",INDEX(決定版!$A$4:$AK$53,計算用!$BE$20,IF(計算用!$BB$20="男",0,19)+10)) | I24: =IF($A24="","",INDEX(決定版!$A$4:$AK$53,計算用!$BE$20,IF(計算用!$BB$20="男",0,19)+11)) | J24: =IF($A24="","",INDEX(決定版!$A$4:$AK$53,計算用!$BE$20,IF(計算用!$BB$20="男",0,19)+12)) | K24: =IF($A24="","",INDEX(決定版!$A$4:$AK$53,計算用!$BE$20,IF(計算用!$BB$20="男",0,19)+13)) | L24: =IF($A24="","",INDEX(決定版!$A$4:$AK$53,計算用!$BE$20,IF(計算用!$BB$20="男",0,19)+14)) | M24: =IF($A24="","",INDEX(決定版!$A$4:$AK$53,計算用!$BE$20,IF(計算用!$BB$20="男",0,19)+15)) | N24: =IF($A24="","",INDEX(決定版!$A$4:$AK$53,計算用!$BE$20,IF(計算用!$BB$20="男",0,19)+16)) | O24: =IF($A24="","",INDEX(決定版!$A$4:$AK$53,計算用!$BE$20,IF(計算用!$BB$20="男",0,19)+17)) | P24: =IF($A24="","",INDEX(決定版!$A$4:$AK$53,計算用!$BE$20,IF(計算用!$BB$20="男",0,19)+18))
A25: =IF(計算用!$BB$21="","",計算用!$BA$21) | B25: =IF($A25="","",INDEX(決定版!$A$4:$AK$53,計算用!$BE$21,IF(計算用!$BB$21="男",0,19)+4)) | C25: =IF($A25="","",INDEX(決定版!$A$4:$AK$53,計算用!$BE$21,IF(計算用!$BB$21="男",0,19)+5)) | D25: =IF($A25="","",INDEX(決定版!$A$4:$AK$53,計算用!$BE$21,IF(計算用!$BB$21="男",0,19)+6)) | E25: =IF($A25="","",INDEX(決定版!$A$4:$AK$53,計算用!$BE$21,IF(計算用!$BB$21="男",0,19)+7)) | F25: =IF($A25="","",INDEX(決定版!$A$4:$AK$53,計算用!$BE$21,IF(計算用!$BB$21="男",0,19)+8)) | G25: =IF($A25="","",INDEX(決定版!$A$4:$AK$53,計算用!$BE$21,IF(計算用!$BB$21="男",0,19)+9)) | H25: =IF($A25="","",INDEX(決定版!$A$4:$AK$53,計算用!$BE$21,IF(計算用!$BB$21="男",0,19)+10)) | I25: =IF($A25="","",INDEX(決定版!$A$4:$AK$53,計算用!$BE$21,IF(計算用!$BB$21="男",0,19)+11)) | J25: =IF($A25="","",INDEX(決定版!$A$4:$AK$53,計算用!$BE$21,IF(計算用!$BB$21="男",0,19)+12)) | K25: =IF($A25="","",INDEX(決定版!$A$4:$AK$53,計算用!$BE$21,IF(計算用!$BB$21="男",0,19)+13)) | L25: =IF($A25="","",INDEX(決定版!$A$4:$AK$53,計算用!$BE$21,IF(計算用!$BB$21="男",0,19)+14)) | M25: =IF($A25="","",INDEX(決定版!$A$4:$AK$53,計算用!$BE$21,IF(計算用!$BB$21="男",0,19)+15)) | N25: =IF($A25="","",INDEX(決定版!$A$4:$AK$53,計算用!$BE$21,IF(計算用!$BB$21="男",0,19)+16)) | O25: =IF($A25="","",INDEX(決定版!$A$4:$AK$53,計算用!$BE$21,IF(計算用!$BB$21="男",0,19)+17)) | P25: =IF($A25="","",INDEX(決定版!$A$4:$AK$53,計算用!$BE$21,IF(計算用!$BB$21="男",0,19)+18))
A26: =IF(計算用!$BB$22="","",計算用!$BA$22) | B26: =IF($A26="","",INDEX(決定版!$A$4:$AK$53,計算用!$BE$22,IF(計算用!$BB$22="男",0,19)+4)) | C26: =IF($A26="","",INDEX(決定版!$A$4:$AK$53,計算用!$BE$22,IF(計算用!$BB$22="男",0,19)+5)) | D26: =IF($A26="","",INDEX(決定版!$A$4:$AK$53,計算用!$BE$22,IF(計算用!$BB$22="男",0,19)+6)) | E26: =IF($A26="","",INDEX(決定版!$A$4:$AK$53,計算用!$BE$22,IF(計算用!$BB$22="男",0,19)+7)) | F26: =IF($A26="","",INDEX(決定版!$A$4:$AK$53,計算用!$BE$22,IF(計算用!$BB$22="男",0,19)+8)) | G26: =IF($A26="","",INDEX(決定版!$A$4:$AK$53,計算用!$BE$22,IF(計算用!$BB$22="男",0,19)+9)) | H26: =IF($A26="","",INDEX(決定版!$A$4:$AK$53,計算用!$BE$22,IF(計算用!$BB$22="男",0,19)+10)) | I26: =IF($A26="","",INDEX(決定版!$A$4:$AK$53,計算用!$BE$22,IF(計算用!$BB$22="男",0,19)+11)) | J26: =IF($A26="","",INDEX(決定版!$A$4:$AK$53,計算用!$BE$22,IF(計算用!$BB$22="男",0,19)+12)) | K26: =IF($A26="","",INDEX(決定版!$A$4:$AK$53,計算用!$BE$22,IF(計算用!$BB$22="男",0,19)+13)) | L26: =IF($A26="","",INDEX(決定版!$A$4:$AK$53,計算用!$BE$22,IF(計算用!$BB$22="男",0,19)+14)) | M26: =IF($A26="","",INDEX(決定版!$A$4:$AK$53,計算用!$BE$22,IF(計算用!$BB$22="男",0,19)+15)) | N26: =IF($A26="","",INDEX(決定版!$A$4:$AK$53,計算用!$BE$22,IF(計算用!$BB$22="男",0,19)+16)) | O26: =IF($A26="","",INDEX(決定版!$A$4:$AK$53,計算用!$BE$22,IF(計算用!$BB$22="男",0,19)+17)) | P26: =IF($A26="","",INDEX(決定版!$A$4:$AK$53,計算用!$BE$22,IF(計算用!$BB$22="男",0,19)+18))
A27: =IF(計算用!$BB$23="","",計算用!$BA$23) | B27: =IF($A27="","",INDEX(決定版!$A$4:$AK$53,計算用!$BE$23,IF(計算用!$BB$23="男",0,19)+4)) | C27: =IF($A27="","",INDEX(決定版!$A$4:$AK$53,計算用!$BE$23,IF(計算用!$BB$23="男",0,19)+5)) | D27: =IF($A27="","",INDEX(決定版!$A$4:$AK$53,計算用!$BE$23,IF(計算用!$BB$23="男",0,19)+6)) | E27: =IF($A27="","",INDEX(決定版!$A$4:$AK$53,計算用!$BE$23,IF(計算用!$BB$23="男",0,19)+7)) | F27: =IF($A27="","",INDEX(決定版!$A$4:$AK$53,計算用!$BE$23,IF(計算用!$BB$23="男",0,19)+8)) | G27: =IF($A27="","",INDEX(決定版!$A$4:$AK$53,計算用!$BE$23,IF(計算用!$BB$23="男",0,19)+9)) | H27: =IF($A27="","",INDEX(決定版!$A$4:$AK$53,計算用!$BE$23,IF(計算用!$BB$23="男",0,19)+10)) | I27: =IF($A27="","",INDEX(決定版!$A$4:$AK$53,計算用!$BE$23,IF(計算用!$BB$23="男",0,19)+11)) | J27: =IF($A27="","",INDEX(決定版!$A$4:$AK$53,計算用!$BE$23,IF(計算用!$BB$23="男",0,19)+12)) | K27: =IF($A27="","",INDEX(決定版!$A$4:$AK$53,計算用!$BE$23,IF(計算用!$BB$23="男",0,19)+13)) | L27: =IF($A27="","",INDEX(決定版!$A$4:$AK$53,計算用!$BE$23,IF(計算用!$BB$23="男",0,19)+14)) | M27: =IF($A27="","",INDEX(決定版!$A$4:$AK$53,計算用!$BE$23,IF(計算用!$BB$23="男",0,19)+15)) | N27: =IF($A27="","",INDEX(決定版!$A$4:$AK$53,計算用!$BE$23,IF(計算用!$BB$23="男",0,19)+16)) | O27: =IF($A27="","",INDEX(決定版!$A$4:$AK$53,計算用!$BE$23,IF(計算用!$BB$23="男",0,19)+17)) | P27: =IF($A27="","",INDEX(決定版!$A$4:$AK$53,計算用!$BE$23,IF(計算用!$BB$23="男",0,19)+18))
A28: =IF(計算用!$BB$24="","",計算用!$BA$24) | B28: =IF($A28="","",INDEX(決定版!$A$4:$AK$53,計算用!$BE$24,IF(計算用!$BB$24="男",0,19)+4)) | C28: =IF($A28="","",INDEX(決定版!$A$4:$AK$53,計算用!$BE$24,IF(計算用!$BB$24="男",0,19)+5)) | D28: =IF($A28="","",INDEX(決定版!$A$4:$AK$53,計算用!$BE$24,IF(計算用!$BB$24="男",0,19)+6)) | E28: =IF($A28="","",INDEX(決定版!$A$4:$AK$53,計算用!$BE$24,IF(計算用!$BB$24="男",0,19)+7)) | F28: =IF($A28="","",INDEX(決定版!$A$4:$AK$53,計算用!$BE$24,IF(計算用!$BB$24="男",0,19)+8)) | G28: =IF($A28="","",INDEX(決定版!$A$4:$AK$53,計算用!$BE$24,IF(計算用!$BB$24="男",0,19)+9)) | H28: =IF($A28="","",INDEX(決定版!$A$4:$AK$53,計算用!$BE$24,IF(計算用!$BB$24="男",0,19)+10)) | I28: =IF($A28="","",INDEX(決定版!$A$4:$AK$53,計算用!$BE$24,IF(計算用!$BB$24="男",0,19)+11)) | J28: =IF($A28="","",INDEX(決定版!$A$4:$AK$53,計算用!$BE$24,IF(計算用!$BB$24="男",0,19)+12)) | K28: =IF($A28="","",INDEX(決定版!$A$4:$AK$53,計算用!$BE$24,IF(計算用!$BB$24="男",0,19)+13)) | L28: =IF($A28="","",INDEX(決定版!$A$4:$AK$53,計算用!$BE$24,IF(計算用!$BB$24="男",0,19)+14)) | M28: =IF($A28="","",INDEX(決定版!$A$4:$AK$53,計算用!$BE$24,IF(計算用!$BB$24="男",0,19)+15)) | N28: =IF($A28="","",INDEX(決定版!$A$4:$AK$53,計算用!$BE$24,IF(計算用!$BB$24="男",0,19)+16)) | O28: =IF($A28="","",INDEX(決定版!$A$4:$AK$53,計算用!$BE$24,IF(計算用!$BB$24="男",0,19)+17)) | P28: =IF($A28="","",INDEX(決定版!$A$4:$AK$53,計算用!$BE$24,IF(計算用!$BB$24="男",0,19)+18))
A29: =IF(計算用!$BB$25="","",計算用!$BA$25) | B29: =IF($A29="","",INDEX(決定版!$A$4:$AK$53,計算用!$BE$25,IF(計算用!$BB$25="男",0,19)+4)) | C29: =IF($A29="","",INDEX(決定版!$A$4:$AK$53,計算用!$BE$25,IF(計算用!$BB$25="男",0,19)+5)) | D29: =IF($A29="","",INDEX(決定版!$A$4:$AK$53,計算用!$BE$25,IF(計算用!$BB$25="男",0,19)+6)) | E29: =IF($A29="","",INDEX(決定版!$A$4:$AK$53,計算用!$BE$25,IF(計算用!$BB$25="男",0,19)+7)) | F29: =IF($A29="","",INDEX(決定版!$A$4:$AK$53,計算用!$BE$25,IF(計算用!$BB$25="男",0,19)+8)) | G29: =IF($A29="","",INDEX(決定版!$A$4:$AK$53,計算用!$BE$25,IF(計算用!$BB$25="男",0,19)+9)) | H29: =IF($A29="","",INDEX(決定版!$A$4:$AK$53,計算用!$BE$25,IF(計算用!$BB$25="男",0,19)+10)) | I29: =IF($A29="","",INDEX(決定版!$A$4:$AK$53,計算用!$BE$25,IF(計算用!$BB$25="男",0,19)+11)) | J29: =IF($A29="","",INDEX(決定版!$A$4:$AK$53,計算用!$BE$25,IF(計算用!$BB$25="男",0,19)+12)) | K29: =IF($A29="","",INDEX(決定版!$A$4:$AK$53,計算用!$BE$25,IF(計算用!$BB$25="男",0,19)+13)) | L29: =IF($A29="","",INDEX(決定版!$A$4:$AK$53,計算用!$BE$25,IF(計算用!$BB$25="男",0,19)+14)) | M29: =IF($A29="","",INDEX(決定版!$A$4:$AK$53,計算用!$BE$25,IF(計算用!$BB$25="男",0,19)+15)) | N29: =IF($A29="","",INDEX(決定版!$A$4:$AK$53,計算用!$BE$25,IF(計算用!$BB$25="男",0,19)+16)) | O29: =IF($A29="","",INDEX(決定版!$A$4:$AK$53,計算用!$BE$25,IF(計算用!$BB$25="男",0,19)+17)) | P29: =IF($A29="","",INDEX(決定版!$A$4:$AK$53,計算用!$BE$25,IF(計算用!$BB$25="男",0,19)+18))
A30: =IF(計算用!$BB$26="","",計算用!$BA$26) | B30: =IF($A30="","",INDEX(決定版!$A$4:$AK$53,計算用!$BE$26,IF(計算用!$BB$26="男",0,19)+4)) | C30: =IF($A30="","",INDEX(決定版!$A$4:$AK$53,計算用!$BE$26,IF(計算用!$BB$26="男",0,19)+5)) | D30: =IF($A30="","",INDEX(決定版!$A$4:$AK$53,計算用!$BE$26,IF(計算用!$BB$26="男",0,19)+6)) | E30: =IF($A30="","",INDEX(決定版!$A$4:$AK$53,計算用!$BE$26,IF(計算用!$BB$26="男",0,19)+7)) | F30: =IF($A30="","",INDEX(決定版!$A$4:$AK$53,計算用!$BE$26,IF(計算用!$BB$26="男",0,19)+8)) | G30: =IF($A30="","",INDEX(決定版!$A$4:$AK$53,計算用!$BE$26,IF(計算用!$BB$26="男",0,19)+9)) | H30: =IF($A30="","",INDEX(決定版!$A$4:$AK$53,計算用!$BE$26,IF(計算用!$BB$26="男",0,19)+10)) | I30: =IF($A30="","",INDEX(決定版!$A$4:$AK$53,計算用!$BE$26,IF(計算用!$BB$26="男",0,19)+11)) | J30: =IF($A30="","",INDEX(決定版!$A$4:$AK$53,計算用!$BE$26,IF(計算用!$BB$26="男",0,19)+12)) | K30: =IF($A30="","",INDEX(決定版!$A$4:$AK$53,計算用!$BE$26,IF(計算用!$BB$26="男",0,19)+13)) | L30: =IF($A30="","",INDEX(決定版!$A$4:$AK$53,計算用!$BE$26,IF(計算用!$BB$26="男",0,19)+14)) | M30: =IF($A30="","",INDEX(決定版!$A$4:$AK$53,計算用!$BE$26,IF(計算用!$BB$26="男",0,19)+15)) | N30: =IF($A30="","",INDEX(決定版!$A$4:$AK$53,計算用!$BE$26,IF(計算用!$BB$26="男",0,19)+16)) | O30: =IF($A30="","",INDEX(決定版!$A$4:$AK$53,計算用!$BE$26,IF(計算用!$BB$26="男",0,19)+17)) | P30: =IF($A30="","",INDEX(決定版!$A$4:$AK$53,計算用!$BE$26,IF(計算用!$BB$26="男",0,19)+18))
A31: =IF(計算用!$BB$27="","",計算用!$BA$27) | B31: =IF($A31="","",INDEX(決定版!$A$4:$AK$53,計算用!$BE$27,IF(計算用!$BB$27="男",0,19)+4)) | C31: =IF($A31="","",INDEX(決定版!$A$4:$AK$53,計算用!$BE$27,IF(計算用!$BB$27="男",0,19)+5)) | D31: =IF($A31="","",INDEX(決定版!$A$4:$AK$53,計算用!$BE$27,IF(計算用!$BB$27="男",0,19)+6)) | E31: =IF($A31="","",INDEX(決定版!$A$4:$AK$53,計算用!$BE$27,IF(計算用!$BB$27="男",0,19)+7)) | F31: =IF($A31="","",INDEX(決定版!$A$4:$AK$53,計算用!$BE$27,IF(計算用!$BB$27="男",0,19)+8)) | G31: =IF($A31="","",INDEX(決定版!$A$4:$AK$53,計算用!$BE$27,IF(計算用!$BB$27="男",0,19)+9)) | H31: =IF($A31="","",INDEX(決定版!$A$4:$AK$53,計算用!$BE$27,IF(計算用!$BB$27="男",0,19)+10)) | I31: =IF($A31="","",INDEX(決定版!$A$4:$AK$53,計算用!$BE$27,IF(計算用!$BB$27="男",0,19)+11)) | J31: =IF($A31="","",INDEX(決定版!$A$4:$AK$53,計算用!$BE$27,IF(計算用!$BB$27="男",0,19)+12)) | K31: =IF($A31="","",INDEX(決定版!$A$4:$AK$53,計算用!$BE$27,IF(計算用!$BB$27="男",0,19)+13)) | L31: =IF($A31="","",INDEX(決定版!$A$4:$AK$53,計算用!$BE$27,IF(計算用!$BB$27="男",0,19)+14)) | M31: =IF($A31="","",INDEX(決定版!$A$4:$AK$53,計算用!$BE$27,IF(計算用!$BB$27="男",0,19)+15)) | N31: =IF($A31="","",INDEX(決定版!$A$4:$AK$53,計算用!$BE$27,IF(計算用!$BB$27="男",0,19)+16)) | O31: =IF($A31="","",INDEX(決定版!$A$4:$AK$53,計算用!$BE$27,IF(計算用!$BB$27="男",0,19)+17)) | P31: =IF($A31="","",INDEX(決定版!$A$4:$AK$53,計算用!$BE$27,IF(計算用!$BB$27="男",0,19)+18))
A32: =IF(計算用!$BB$28="","",計算用!$BA$28) | B32: =IF($A32="","",INDEX(決定版!$A$4:$AK$53,計算用!$BE$28,IF(計算用!$BB$28="男",0,19)+4)) | C32: =IF($A32="","",INDEX(決定版!$A$4:$AK$53,計算用!$BE$28,IF(計算用!$BB$28="男",0,19)+5)) | D32: =IF($A32="","",INDEX(決定版!$A$4:$AK$53,計算用!$BE$28,IF(計算用!$BB$28="男",0,19)+6)) | E32: =IF($A32="","",INDEX(決定版!$A$4:$AK$53,計算用!$BE$28,IF(計算用!$BB$28="男",0,19)+7)) | F32: =IF($A32="","",INDEX(決定版!$A$4:$AK$53,計算用!$BE$28,IF(計算用!$BB$28="男",0,19)+8)) | G32: =IF($A32="","",INDEX(決定版!$A$4:$AK$53,計算用!$BE$28,IF(計算用!$BB$28="男",0,19)+9)) | H32: =IF($A32="","",INDEX(決定版!$A$4:$AK$53,計算用!$BE$28,IF(計算用!$BB$28="男",0,19)+10)) | I32: =IF($A32="","",INDEX(決定版!$A$4:$AK$53,計算用!$BE$28,IF(計算用!$BB$28="男",0,19)+11)) | J32: =IF($A32="","",INDEX(決定版!$A$4:$AK$53,計算用!$BE$28,IF(計算用!$BB$28="男",0,19)+12)) | K32: =IF($A32="","",INDEX(決定版!$A$4:$AK$53,計算用!$BE$28,IF(計算用!$BB$28="男",0,19)+13)) | L32: =IF($A32="","",INDEX(決定版!$A$4:$AK$53,計算用!$BE$28,IF(計算用!$BB$28="男",0,19)+14)) | M32: =IF($A32="","",INDEX(決定版!$A$4:$AK$53,計算用!$BE$28,IF(計算用!$BB$28="男",0,19)+15)) | N32: =IF($A32="","",INDEX(決定版!$A$4:$AK$53,計算用!$BE$28,IF(計算用!$BB$28="男",0,19)+16)) | O32: =IF($A32="","",INDEX(決定版!$A$4:$AK$53,計算用!$BE$28,IF(計算用!$BB$28="男",0,19)+17)) | P32: =IF($A32="","",INDEX(決定版!$A$4:$AK$53,計算用!$BE$28,IF(計算用!$BB$28="男",0,19)+18))
A33: =IF(計算用!$BB$29="","",計算用!$BA$29) | B33: =IF($A33="","",INDEX(決定版!$A$4:$AK$53,計算用!$BE$29,IF(計算用!$BB$29="男",0,19)+4)) | C33: =IF($A33="","",INDEX(決定版!$A$4:$AK$53,計算用!$BE$29,IF(計算用!$BB$29="男",0,19)+5)) | D33: =IF($A33="","",INDEX(決定版!$A$4:$AK$53,計算用!$BE$29,IF(計算用!$BB$29="男",0,19)+6)) | E33: =IF($A33="","",INDEX(決定版!$A$4:$AK$53,計算用!$BE$29,IF(計算用!$BB$29="男",0,19)+7)) | F33: =IF($A33="","",INDEX(決定版!$A$4:$AK$53,計算用!$BE$29,IF(計算用!$BB$29="男",0,19)+8)) | G33: =IF($A33="","",INDEX(決定版!$A$4:$AK$53,計算用!$BE$29,IF(計算用!$BB$29="男",0,19)+9)) | H33: =IF($A33="","",INDEX(決定版!$A$4:$AK$53,計算用!$BE$29,IF(計算用!$BB$29="男",0,19)+10)) | I33: =IF($A33="","",INDEX(決定版!$A$4:$AK$53,計算用!$BE$29,IF(計算用!$BB$29="男",0,19)+11)) | J33: =IF($A33="","",INDEX(決定版!$A$4:$AK$53,計算用!$BE$29,IF(計算用!$BB$29="男",0,19)+12)) | K33: =IF($A33="","",INDEX(決定版!$A$4:$AK$53,計算用!$BE$29,IF(計算用!$BB$29="男",0,19)+13)) | L33: =IF($A33="","",INDEX(決定版!$A$4:$AK$53,計算用!$BE$29,IF(計算用!$BB$29="男",0,19)+14)) | M33: =IF($A33="","",INDEX(決定版!$A$4:$AK$53,計算用!$BE$29,IF(計算用!$BB$29="男",0,19)+15)) | N33: =IF($A33="","",INDEX(決定版!$A$4:$AK$53,計算用!$BE$29,IF(計算用!$BB$29="男",0,19)+16)) | O33: =IF($A33="","",INDEX(決定版!$A$4:$AK$53,計算用!$BE$29,IF(計算用!$BB$29="男",0,19)+17)) | P33: =IF($A33="","",INDEX(決定版!$A$4:$AK$53,計算用!$BE$29,IF(計算用!$BB$29="男",0,19)+18))
A34: =IF(計算用!$BB$30="","",計算用!$BA$30) | B34: =IF($A34="","",INDEX(決定版!$A$4:$AK$53,計算用!$BE$30,IF(計算用!$BB$30="男",0,19)+4)) | C34: =IF($A34="","",INDEX(決定版!$A$4:$AK$53,計算用!$BE$30,IF(計算用!$BB$30="男",0,19)+5)) | D34: =IF($A34="","",INDEX(決定版!$A$4:$AK$53,計算用!$BE$30,IF(計算用!$BB$30="男",0,19)+6)) | E34: =IF($A34="","",INDEX(決定版!$A$4:$AK$53,計算用!$BE$30,IF(計算用!$BB$30="男",0,19)+7)) | F34: =IF($A34="","",INDEX(決定版!$A$4:$AK$53,計算用!$BE$30,IF(計算用!$BB$30="男",0,19)+8)) | G34: =IF($A34="","",INDEX(決定版!$A$4:$AK$53,計算用!$BE$30,IF(計算用!$BB$30="男",0,19)+9)) | H34: =IF($A34="","",INDEX(決定版!$A$4:$AK$53,計算用!$BE$30,IF(計算用!$BB$30="男",0,19)+10)) | I34: =IF($A34="","",INDEX(決定版!$A$4:$AK$53,計算用!$BE$30,IF(計算用!$BB$30="男",0,19)+11)) | J34: =IF($A34="","",INDEX(決定版!$A$4:$AK$53,計算用!$BE$30,IF(計算用!$BB$30="男",0,19)+12)) | K34: =IF($A34="","",INDEX(決定版!$A$4:$AK$53,計算用!$BE$30,IF(計算用!$BB$30="男",0,19)+13)) | L34: =IF($A34="","",INDEX(決定版!$A$4:$AK$53,計算用!$BE$30,IF(計算用!$BB$30="男",0,19)+14)) | M34: =IF($A34="","",INDEX(決定版!$A$4:$AK$53,計算用!$BE$30,IF(計算用!$BB$30="男",0,19)+15)) | N34: =IF($A34="","",INDEX(決定版!$A$4:$AK$53,計算用!$BE$30,IF(計算用!$BB$30="男",0,19)+16)) | O34: =IF($A34="","",INDEX(決定版!$A$4:$AK$53,計算用!$BE$30,IF(計算用!$BB$30="男",0,19)+17)) | P34: =IF($A34="","",INDEX(決定版!$A$4:$AK$53,計算用!$BE$30,IF(計算用!$BB$30="男",0,19)+18))
A35: =IF(計算用!$BB$31="","",計算用!$BA$31) | B35: =IF($A35="","",INDEX(決定版!$A$4:$AK$53,計算用!$BE$31,IF(計算用!$BB$31="男",0,19)+4)) | C35: =IF($A35="","",INDEX(決定版!$A$4:$AK$53,計算用!$BE$31,IF(計算用!$BB$31="男",0,19)+5)) | D35: =IF($A35="","",INDEX(決定版!$A$4:$AK$53,計算用!$BE$31,IF(計算用!$BB$31="男",0,19)+6)) | E35: =IF($A35="","",INDEX(決定版!$A$4:$AK$53,計算用!$BE$31,IF(計算用!$BB$31="男",0,19)+7)) | F35: =IF($A35="","",INDEX(決定版!$A$4:$AK$53,計算用!$BE$31,IF(計算用!$BB$31="男",0,19)+8)) | G35: =IF($A35="","",INDEX(決定版!$A$4:$AK$53,計算用!$BE$31,IF(計算用!$BB$31="男",0,19)+9)) | H35: =IF($A35="","",INDEX(決定版!$A$4:$AK$53,計算用!$BE$31,IF(計算用!$BB$31="男",0,19)+10)) | I35: =IF($A35="","",INDEX(決定版!$A$4:$AK$53,計算用!$BE$31,IF(計算用!$BB$31="男",0,19)+11)) | J35: =IF($A35="","",INDEX(決定版!$A$4:$AK$53,計算用!$BE$31,IF(計算用!$BB$31="男",0,19)+12)) | K35: =IF($A35="","",INDEX(決定版!$A$4:$AK$53,計算用!$BE$31,IF(計算用!$BB$31="男",0,19)+13)) | L35: =IF($A35="","",INDEX(決定版!$A$4:$AK$53,計算用!$BE$31,IF(計算用!$BB$31="男",0,19)+14)) | M35: =IF($A35="","",INDEX(決定版!$A$4:$AK$53,計算用!$BE$31,IF(計算用!$BB$31="男",0,19)+15)) | N35: =IF($A35="","",INDEX(決定版!$A$4:$AK$53,計算用!$BE$31,IF(計算用!$BB$31="男",0,19)+16)) | O35: =IF($A35="","",INDEX(決定版!$A$4:$AK$53,計算用!$BE$31,IF(計算用!$BB$31="男",0,19)+17)) | P35: =IF($A35="","",INDEX(決定版!$A$4:$AK$53,計算用!$BE$31,IF(計算用!$BB$31="男",0,19)+18))
A36: =IF(計算用!$BB$32="","",計算用!$BA$32) | B36: =IF($A36="","",INDEX(決定版!$A$4:$AK$53,計算用!$BE$32,IF(計算用!$BB$32="男",0,19)+4)) | C36: =IF($A36="","",INDEX(決定版!$A$4:$AK$53,計算用!$BE$32,IF(計算用!$BB$32="男",0,19)+5)) | D36: =IF($A36="","",INDEX(決定版!$A$4:$AK$53,計算用!$BE$32,IF(計算用!$BB$32="男",0,19)+6)) | E36: =IF($A36="","",INDEX(決定版!$A$4:$AK$53,計算用!$BE$32,IF(計算用!$BB$32="男",0,19)+7)) | F36: =IF($A36="","",INDEX(決定版!$A$4:$AK$53,計算用!$BE$32,IF(計算用!$BB$32="男",0,19)+8)) | G36: =IF($A36="","",INDEX(決定版!$A$4:$AK$53,計算用!$BE$32,IF(計算用!$BB$32="男",0,19)+9)) | H36: =IF($A36="","",INDEX(決定版!$A$4:$AK$53,計算用!$BE$32,IF(計算用!$BB$32="男",0,19)+10)) | I36: =IF($A36="","",INDEX(決定版!$A$4:$AK$53,計算用!$BE$32,IF(計算用!$BB$32="男",0,19)+11)) | J36: =IF($A36="","",INDEX(決定版!$A$4:$AK$53,計算用!$BE$32,IF(計算用!$BB$32="男",0,19)+12)) | K36: =IF($A36="","",INDEX(決定版!$A$4:$AK$53,計算用!$BE$32,IF(計算用!$BB$32="男",0,19)+13)) | L36: =IF($A36="","",INDEX(決定版!$A$4:$AK$53,計算用!$BE$32,IF(計算用!$BB$32="男",0,19)+14)) | M36: =IF($A36="","",INDEX(決定版!$A$4:$AK$53,計算用!$BE$32,IF(計算用!$BB$32="男",0,19)+15)) | N36: =IF($A36="","",INDEX(決定版!$A$4:$AK$53,計算用!$BE$32,IF(計算用!$BB$32="男",0,19)+16)) | O36: =IF($A36="","",INDEX(決定版!$A$4:$AK$53,計算用!$BE$32,IF(計算用!$BB$32="男",0,19)+17)) | P36: =IF($A36="","",INDEX(決定版!$A$4:$AK$53,計算用!$BE$32,IF(計算用!$BB$32="男",0,19)+18))
A37: =IF(計算用!$BB$33="","",計算用!$BA$33) | B37: =IF($A37="","",INDEX(決定版!$A$4:$AK$53,計算用!$BE$33,IF(計算用!$BB$33="男",0,19)+4)) | C37: =IF($A37="","",INDEX(決定版!$A$4:$AK$53,計算用!$BE$33,IF(計算用!$BB$33="男",0,19)+5)) | D37: =IF($A37="","",INDEX(決定版!$A$4:$AK$53,計算用!$BE$33,IF(計算用!$BB$33="男",0,19)+6)) | E37: =IF($A37="","",INDEX(決定版!$A$4:$AK$53,計算用!$BE$33,IF(計算用!$BB$33="男",0,19)+7)) | F37: =IF($A37="","",INDEX(決定版!$A$4:$AK$53,計算用!$BE$33,IF(計算用!$BB$33="男",0,19)+8)) | G37: =IF($A37="","",INDEX(決定版!$A$4:$AK$53,計算用!$BE$33,IF(計算用!$BB$33="男",0,19)+9)) | H37: =IF($A37="","",INDEX(決定版!$A$4:$AK$53,計算用!$BE$33,IF(計算用!$BB$33="男",0,19)+10)) | I37: =IF($A37="","",INDEX(決定版!$A$4:$AK$53,計算用!$BE$33,IF(計算用!$BB$33="男",0,19)+11)) | J37: =IF($A37="","",INDEX(決定版!$A$4:$AK$53,計算用!$BE$33,IF(計算用!$BB$33="男",0,19)+12)) | K37: =IF($A37="","",INDEX(決定版!$A$4:$AK$53,計算用!$BE$33,IF(計算用!$BB$33="男",0,19)+13)) | L37: =IF($A37="","",INDEX(決定版!$A$4:$AK$53,計算用!$BE$33,IF(計算用!$BB$33="男",0,19)+14)) | M37: =IF($A37="","",INDEX(決定版!$A$4:$AK$53,計算用!$BE$33,IF(計算用!$BB$33="男",0,19)+15)) | N37: =IF($A37="","",INDEX(決定版!$A$4:$AK$53,計算用!$BE$33,IF(計算用!$BB$33="男",0,19)+16)) | O37: =IF($A37="","",INDEX(決定版!$A$4:$AK$53,計算用!$BE$33,IF(計算用!$BB$33="男",0,19)+17)) | P37: =IF($A37="","",INDEX(決定版!$A$4:$AK$53,計算用!$BE$33,IF(計算用!$BB$33="男",0,19)+18))
A38: =IF(計算用!$BB$34="","",計算用!$BA$34) | B38: =IF($A38="","",INDEX(決定版!$A$4:$AK$53,計算用!$BE$34,IF(計算用!$BB$34="男",0,19)+4)) | C38: =IF($A38="","",INDEX(決定版!$A$4:$AK$53,計算用!$BE$34,IF(計算用!$BB$34="男",0,19)+5)) | D38: =IF($A38="","",INDEX(決定版!$A$4:$AK$53,計算用!$BE$34,IF(計算用!$BB$34="男",0,19)+6)) | E38: =IF($A38="","",INDEX(決定版!$A$4:$AK$53,計算用!$BE$34,IF(計算用!$BB$34="男",0,19)+7)) | F38: =IF($A38="","",INDEX(決定版!$A$4:$AK$53,計算用!$BE$34,IF(計算用!$BB$34="男",0,19)+8)) | G38: =IF($A38="","",INDEX(決定版!$A$4:$AK$53,計算用!$BE$34,IF(計算用!$BB$34="男",0,19)+9)) | H38: =IF($A38="","",INDEX(決定版!$A$4:$AK$53,計算用!$BE$34,IF(計算用!$BB$34="男",0,19)+10)) | I38: =IF($A38="","",INDEX(決定版!$A$4:$AK$53,計算用!$BE$34,IF(計算用!$BB$34="男",0,19)+11)) | J38: =IF($A38="","",INDEX(決定版!$A$4:$AK$53,計算用!$BE$34,IF(計算用!$BB$34="男",0,19)+12)) | K38: =IF($A38="","",INDEX(決定版!$A$4:$AK$53,計算用!$BE$34,IF(計算用!$BB$34="男",0,19)+13)) | L38: =IF($A38="","",INDEX(決定版!$A$4:$AK$53,計算用!$BE$34,IF(計算用!$BB$34="男",0,19)+14)) | M38: =IF($A38="","",INDEX(決定版!$A$4:$AK$53,計算用!$BE$34,IF(計算用!$BB$34="男",0,19)+15)) | N38: =IF($A38="","",INDEX(決定版!$A$4:$AK$53,計算用!$BE$34,IF(計算用!$BB$34="男",0,19)+16)) | O38: =IF($A38="","",INDEX(決定版!$A$4:$AK$53,計算用!$BE$34,IF(計算用!$BB$34="男",0,19)+17)) | P38: =IF($A38="","",INDEX(決定版!$A$4:$AK$53,計算用!$BE$34,IF(計算用!$BB$34="男",0,19)+18))
A39: =IF(計算用!$BB$35="","",計算用!$BA$35) | B39: =IF($A39="","",INDEX(決定版!$A$4:$AK$53,計算用!$BE$35,IF(計算用!$BB$35="男",0,19)+4)) | C39: =IF($A39="","",INDEX(決定版!$A$4:$AK$53,計算用!$BE$35,IF(計算用!$BB$35="男",0,19)+5)) | D39: =IF($A39="","",INDEX(決定版!$A$4:$AK$53,計算用!$BE$35,IF(計算用!$BB$35="男",0,19)+6)) | E39: =IF($A39="","",INDEX(決定版!$A$4:$AK$53,計算用!$BE$35,IF(計算用!$BB$35="男",0,19)+7)) | F39: =IF($A39="","",INDEX(決定版!$A$4:$AK$53,計算用!$BE$35,IF(計算用!$BB$35="男",0,19)+8)) | G39: =IF($A39="","",INDEX(決定版!$A$4:$AK$53,計算用!$BE$35,IF(計算用!$BB$35="男",0,19)+9)) | H39: =IF($A39="","",INDEX(決定版!$A$4:$AK$53,計算用!$BE$35,IF(計算用!$BB$35="男",0,19)+10)) | I39: =IF($A39="","",INDEX(決定版!$A$4:$AK$53,計算用!$BE$35,IF(計算用!$BB$35="男",0,19)+11)) | J39: =IF($A39="","",INDEX(決定版!$A$4:$AK$53,計算用!$BE$35,IF(計算用!$BB$35="男",0,19)+12)) | K39: =IF($A39="","",INDEX(決定版!$A$4:$AK$53,計算用!$BE$35,IF(計算用!$BB$35="男",0,19)+13)) | L39: =IF($A39="","",INDEX(決定版!$A$4:$AK$53,計算用!$BE$35,IF(計算用!$BB$35="男",0,19)+14)) | M39: =IF($A39="","",INDEX(決定版!$A$4:$AK$53,計算用!$BE$35,IF(計算用!$BB$35="男",0,19)+15)) | N39: =IF($A39="","",INDEX(決定版!$A$4:$AK$53,計算用!$BE$35,IF(計算用!$BB$35="男",0,19)+16)) | O39: =IF($A39="","",INDEX(決定版!$A$4:$AK$53,計算用!$BE$35,IF(計算用!$BB$35="男",0,19)+17)) | P39: =IF($A39="","",INDEX(決定版!$A$4:$AK$53,計算用!$BE$35,IF(計算用!$BB$35="男",0,19)+18))
A40: =IF(計算用!$BB$36="","",計算用!$BA$36) | B40: =IF($A40="","",INDEX(決定版!$A$4:$AK$53,計算用!$BE$36,IF(計算用!$BB$36="男",0,19)+4)) | C40: =IF($A40="","",INDEX(決定版!$A$4:$AK$53,計算用!$BE$36,IF(計算用!$BB$36="男",0,19)+5)) | D40: =IF($A40="","",INDEX(決定版!$A$4:$AK$53,計算用!$BE$36,IF(計算用!$BB$36="男",0,19)+6)) | E40: =IF($A40="","",INDEX(決定版!$A$4:$AK$53,計算用!$BE$36,IF(計算用!$BB$36="男",0,19)+7)) | F40: =IF($A40="","",INDEX(決定版!$A$4:$AK$53,計算用!$BE$36,IF(計算用!$BB$36="男",0,19)+8)) | G40: =IF($A40="","",INDEX(決定版!$A$4:$AK$53,計算用!$BE$36,IF(計算用!$BB$36="男",0,19)+9)) | H40: =IF($A40="","",INDEX(決定版!$A$4:$AK$53,計算用!$BE$36,IF(計算用!$BB$36="男",0,19)+10)) | I40: =IF($A40="","",INDEX(決定版!$A$4:$AK$53,計算用!$BE$36,IF(計算用!$BB$36="男",0,19)+11)) | J40: =IF($A40="","",INDEX(決定版!$A$4:$AK$53,計算用!$BE$36,IF(計算用!$BB$36="男",0,19)+12)) | K40: =IF($A40="","",INDEX(決定版!$A$4:$AK$53,計算用!$BE$36,IF(計算用!$BB$36="男",0,19)+13)) | L40: =IF($A40="","",INDEX(決定版!$A$4:$AK$53,計算用!$BE$36,IF(計算用!$BB$36="男",0,19)+14)) | M40: =IF($A40="","",INDEX(決定版!$A$4:$AK$53,計算用!$BE$36,IF(計算用!$BB$36="男",0,19)+15)) | N40: =IF($A40="","",INDEX(決定版!$A$4:$AK$53,計算用!$BE$36,IF(計算用!$BB$36="男",0,19)+16)) | O40: =IF($A40="","",INDEX(決定版!$A$4:$AK$53,計算用!$BE$36,IF(計算用!$BB$36="男",0,19)+17)) | P40: =IF($A40="","",INDEX(決定版!$A$4:$AK$53,計算用!$BE$36,IF(計算用!$BB$36="男",0,19)+18))
A41: =IF(計算用!$BB$37="","",計算用!$BA$37) | B41: =IF($A41="","",INDEX(決定版!$A$4:$AK$53,計算用!$BE$37,IF(計算用!$BB$37="男",0,19)+4)) | C41: =IF($A41="","",INDEX(決定版!$A$4:$AK$53,計算用!$BE$37,IF(計算用!$BB$37="男",0,19)+5)) | D41: =IF($A41="","",INDEX(決定版!$A$4:$AK$53,計算用!$BE$37,IF(計算用!$BB$37="男",0,19)+6)) | E41: =IF($A41="","",INDEX(決定版!$A$4:$AK$53,計算用!$BE$37,IF(計算用!$BB$37="男",0,19)+7)) | F41: =IF($A41="","",INDEX(決定版!$A$4:$AK$53,計算用!$BE$37,IF(計算用!$BB$37="男",0,19)+8)) | G41: =IF($A41="","",INDEX(決定版!$A$4:$AK$53,計算用!$BE$37,IF(計算用!$BB$37="男",0,19)+9)) | H41: =IF($A41="","",INDEX(決定版!$A$4:$AK$53,計算用!$BE$37,IF(計算用!$BB$37="男",0,19)+10)) | I41: =IF($A41="","",INDEX(決定版!$A$4:$AK$53,計算用!$BE$37,IF(計算用!$BB$37="男",0,19)+11)) | J41: =IF($A41="","",INDEX(決定版!$A$4:$AK$53,計算用!$BE$37,IF(計算用!$BB$37="男",0,19)+12)) | K41: =IF($A41="","",INDEX(決定版!$A$4:$AK$53,計算用!$BE$37,IF(計算用!$BB$37="男",0,19)+13)) | L41: =IF($A41="","",INDEX(決定版!$A$4:$AK$53,計算用!$BE$37,IF(計算用!$BB$37="男",0,19)+14)) | M41: =IF($A41="","",INDEX(決定版!$A$4:$AK$53,計算用!$BE$37,IF(計算用!$BB$37="男",0,19)+15)) | N41: =IF($A41="","",INDEX(決定版!$A$4:$AK$53,計算用!$BE$37,IF(計算用!$BB$37="男",0,19)+16)) | O41: =IF($A41="","",INDEX(決定版!$A$4:$AK$53,計算用!$BE$37,IF(計算用!$BB$37="男",0,19)+17)) | P41: =IF($A41="","",INDEX(決定版!$A$4:$AK$53,計算用!$BE$37,IF(計算用!$BB$37="男",0,19)+18))
A42: =IF(計算用!$BB$38="","",計算用!$BA$38) | B42: =IF($A42="","",INDEX(決定版!$A$4:$AK$53,計算用!$BE$38,IF(計算用!$BB$38="男",0,19)+4)) | C42: =IF($A42="","",INDEX(決定版!$A$4:$AK$53,計算用!$BE$38,IF(計算用!$BB$38="男",0,19)+5)) | D42: =IF($A42="","",INDEX(決定版!$A$4:$AK$53,計算用!$BE$38,IF(計算用!$BB$38="男",0,19)+6)) | E42: =IF($A42="","",INDEX(決定版!$A$4:$AK$53,計算用!$BE$38,IF(計算用!$BB$38="男",0,19)+7)) | F42: =IF($A42="","",INDEX(決定版!$A$4:$AK$53,計算用!$BE$38,IF(計算用!$BB$38="男",0,19)+8)) | G42: =IF($A42="","",INDEX(決定版!$A$4:$AK$53,計算用!$BE$38,IF(計算用!$BB$38="男",0,19)+9)) | H42: =IF($A42="","",INDEX(決定版!$A$4:$AK$53,計算用!$BE$38,IF(計算用!$BB$38="男",0,19)+10)) | I42: =IF($A42="","",INDEX(決定版!$A$4:$AK$53,計算用!$BE$38,IF(計算用!$BB$38="男",0,19)+11)) | J42: =IF($A42="","",INDEX(決定版!$A$4:$AK$53,計算用!$BE$38,IF(計算用!$BB$38="男",0,19)+12)) | K42: =IF($A42="","",INDEX(決定版!$A$4:$AK$53,計算用!$BE$38,IF(計算用!$BB$38="男",0,19)+13)) | L42: =IF($A42="","",INDEX(決定版!$A$4:$AK$53,計算用!$BE$38,IF(計算用!$BB$38="男",0,19)+14)) | M42: =IF($A42="","",INDEX(決定版!$A$4:$AK$53,計算用!$BE$38,IF(計算用!$BB$38="男",0,19)+15)) | N42: =IF($A42="","",INDEX(決定版!$A$4:$AK$53,計算用!$BE$38,IF(計算用!$BB$38="男",0,19)+16)) | O42: =IF($A42="","",INDEX(決定版!$A$4:$AK$53,計算用!$BE$38,IF(計算用!$BB$38="男",0,19)+17)) | P42: =IF($A42="","",INDEX(決定版!$A$4:$AK$53,計算用!$BE$38,IF(計算用!$BB$38="男",0,19)+18))
A43: =IF(計算用!$BB$39="","",計算用!$BA$39) | B43: =IF($A43="","",INDEX(決定版!$A$4:$AK$53,計算用!$BE$39,IF(計算用!$BB$39="男",0,19)+4)) | C43: =IF($A43="","",INDEX(決定版!$A$4:$AK$53,計算用!$BE$39,IF(計算用!$BB$39="男",0,19)+5)) | D43: =IF($A43="","",INDEX(決定版!$A$4:$AK$53,計算用!$BE$39,IF(計算用!$BB$39="男",0,19)+6)) | E43: =IF($A43="","",INDEX(決定版!$A$4:$AK$53,計算用!$BE$39,IF(計算用!$BB$39="男",0,19)+7)) | F43: =IF($A43="","",INDEX(決定版!$A$4:$AK$53,計算用!$BE$39,IF(計算用!$BB$39="男",0,19)+8)) | G43: =IF($A43="","",INDEX(決定版!$A$4:$AK$53,計算用!$BE$39,IF(計算用!$BB$39="男",0,19)+9)) | H43: =IF($A43="","",INDEX(決定版!$A$4:$AK$53,計算用!$BE$39,IF(計算用!$BB$39="男",0,19)+10)) | I43: =IF($A43="","",INDEX(決定版!$A$4:$AK$53,計算用!$BE$39,IF(計算用!$BB$39="男",0,19)+11)) | J43: =IF($A43="","",INDEX(決定版!$A$4:$AK$53,計算用!$BE$39,IF(計算用!$BB$39="男",0,19)+12)) | K43: =IF($A43="","",INDEX(決定版!$A$4:$AK$53,計算用!$BE$39,IF(計算用!$BB$39="男",0,19)+13)) | L43: =IF($A43="","",INDEX(決定版!$A$4:$AK$53,計算用!$BE$39,IF(計算用!$BB$39="男",0,19)+14)) | M43: =IF($A43="","",INDEX(決定版!$A$4:$AK$53,計算用!$BE$39,IF(計算用!$BB$39="男",0,19)+15)) | N43: =IF($A43="","",INDEX(決定版!$A$4:$AK$53,計算用!$BE$39,IF(計算用!$BB$39="男",0,19)+16)) | O43: =IF($A43="","",INDEX(決定版!$A$4:$AK$53,計算用!$BE$39,IF(計算用!$BB$39="男",0,19)+17)) | P43: =IF($A43="","",INDEX(決定版!$A$4:$AK$53,計算用!$BE$39,IF(計算用!$BB$39="男",0,19)+18))
A44: =IF(計算用!$BB$40="","",計算用!$BA$40) | B44: =IF($A44="","",INDEX(決定版!$A$4:$AK$53,計算用!$BE$40,IF(計算用!$BB$40="男",0,19)+4)) | C44: =IF($A44="","",INDEX(決定版!$A$4:$AK$53,計算用!$BE$40,IF(計算用!$BB$40="男",0,19)+5)) | D44: =IF($A44="","",INDEX(決定版!$A$4:$AK$53,計算用!$BE$40,IF(計算用!$BB$40="男",0,19)+6)) | E44: =IF($A44="","",INDEX(決定版!$A$4:$AK$53,計算用!$BE$40,IF(計算用!$BB$40="男",0,19)+7)) | F44: =IF($A44="","",INDEX(決定版!$A$4:$AK$53,計算用!$BE$40,IF(計算用!$BB$40="男",0,19)+8)) | G44: =IF($A44="","",INDEX(決定版!$A$4:$AK$53,計算用!$BE$40,IF(計算用!$BB$40="男",0,19)+9)) | H44: =IF($A44="","",INDEX(決定版!$A$4:$AK$53,計算用!$BE$40,IF(計算用!$BB$40="男",0,19)+10)) | I44: =IF($A44="","",INDEX(決定版!$A$4:$AK$53,計算用!$BE$40,IF(計算用!$BB$40="男",0,19)+11)) | J44: =IF($A44="","",INDEX(決定版!$A$4:$AK$53,計算用!$BE$40,IF(計算用!$BB$40="男",0,19)+12)) | K44: =IF($A44="","",INDEX(決定版!$A$4:$AK$53,計算用!$BE$40,IF(計算用!$BB$40="男",0,19)+13)) | L44: =IF($A44="","",INDEX(決定版!$A$4:$AK$53,計算用!$BE$40,IF(計算用!$BB$40="男",0,19)+14)) | M44: =IF($A44="","",INDEX(決定版!$A$4:$AK$53,計算用!$BE$40,IF(計算用!$BB$40="男",0,19)+15)) | N44: =IF($A44="","",INDEX(決定版!$A$4:$AK$53,計算用!$BE$40,IF(計算用!$BB$40="男",0,19)+16)) | O44: =IF($A44="","",INDEX(決定版!$A$4:$AK$53,計算用!$BE$40,IF(計算用!$BB$40="男",0,19)+17)) | P44: =IF($A44="","",INDEX(決定版!$A$4:$AK$53,計算用!$BE$40,IF(計算用!$BB$40="男",0,19)+18))
A45: =IF(計算用!$BB$41="","",計算用!$BA$41) | B45: =IF($A45="","",INDEX(決定版!$A$4:$AK$53,計算用!$BE$41,IF(計算用!$BB$41="男",0,19)+4)) | C45: =IF($A45="","",INDEX(決定版!$A$4:$AK$53,計算用!$BE$41,IF(計算用!$BB$41="男",0,19)+5)) | D45: =IF($A45="","",INDEX(決定版!$A$4:$AK$53,計算用!$BE$41,IF(計算用!$BB$41="男",0,19)+6)) | E45: =IF($A45="","",INDEX(決定版!$A$4:$AK$53,計算用!$BE$41,IF(計算用!$BB$41="男",0,19)+7)) | F45: =IF($A45="","",INDEX(決定版!$A$4:$AK$53,計算用!$BE$41,IF(計算用!$BB$41="男",0,19)+8)) | G45: =IF($A45="","",INDEX(決定版!$A$4:$AK$53,計算用!$BE$41,IF(計算用!$BB$41="男",0,19)+9)) | H45: =IF($A45="","",INDEX(決定版!$A$4:$AK$53,計算用!$BE$41,IF(計算用!$BB$41="男",0,19)+10)) | I45: =IF($A45="","",INDEX(決定版!$A$4:$AK$53,計算用!$BE$41,IF(計算用!$BB$41="男",0,19)+11)) | J45: =IF($A45="","",INDEX(決定版!$A$4:$AK$53,計算用!$BE$41,IF(計算用!$BB$41="男",0,19)+12)) | K45: =IF($A45="","",INDEX(決定版!$A$4:$AK$53,計算用!$BE$41,IF(計算用!$BB$41="男",0,19)+13)) | L45: =IF($A45="","",INDEX(決定版!$A$4:$AK$53,計算用!$BE$41,IF(計算用!$BB$41="男",0,19)+14)) | M45: =IF($A45="","",INDEX(決定版!$A$4:$AK$53,計算用!$BE$41,IF(計算用!$BB$41="男",0,19)+15)) | N45: =IF($A45="","",INDEX(決定版!$A$4:$AK$53,計算用!$BE$41,IF(計算用!$BB$41="男",0,19)+16)) | O45: =IF($A45="","",INDEX(決定版!$A$4:$AK$53,計算用!$BE$41,IF(計算用!$BB$41="男",0,19)+17)) | P45: =IF($A45="","",INDEX(決定版!$A$4:$AK$53,計算用!$BE$41,IF(計算用!$BB$41="男",0,19)+18))
A46: =IF(計算用!$BB$42="","",計算用!$BA$42) | B46: =IF($A46="","",INDEX(決定版!$A$4:$AK$53,計算用!$BE$42,IF(計算用!$BB$42="男",0,19)+4)) | C46: =IF($A46="","",INDEX(決定版!$A$4:$AK$53,計算用!$BE$42,IF(計算用!$BB$42="男",0,19)+5)) | D46: =IF($A46="","",INDEX(決定版!$A$4:$AK$53,計算用!$BE$42,IF(計算用!$BB$42="男",0,19)+6)) | E46: =IF($A46="","",INDEX(決定版!$A$4:$AK$53,計算用!$BE$42,IF(計算用!$BB$42="男",0,19)+7)) | F46: =IF($A46="","",INDEX(決定版!$A$4:$AK$53,計算用!$BE$42,IF(計算用!$BB$42="男",0,19)+8)) | G46: =IF($A46="","",INDEX(決定版!$A$4:$AK$53,計算用!$BE$42,IF(計算用!$BB$42="男",0,19)+9)) | H46: =IF($A46="","",INDEX(決定版!$A$4:$AK$53,計算用!$BE$42,IF(計算用!$BB$42="男",0,19)+10)) | I46: =IF($A46="","",INDEX(決定版!$A$4:$AK$53,計算用!$BE$42,IF(計算用!$BB$42="男",0,19)+11)) | J46: =IF($A46="","",INDEX(決定版!$A$4:$AK$53,計算用!$BE$42,IF(計算用!$BB$42="男",0,19)+12)) | K46: =IF($A46="","",INDEX(決定版!$A$4:$AK$53,計算用!$BE$42,IF(計算用!$BB$42="男",0,19)+13)) | L46: =IF($A46="","",INDEX(決定版!$A$4:$AK$53,計算用!$BE$42,IF(計算用!$BB$42="男",0,19)+14)) | M46: =IF($A46="","",INDEX(決定版!$A$4:$AK$53,計算用!$BE$42,IF(計算用!$BB$42="男",0,19)+15)) | N46: =IF($A46="","",INDEX(決定版!$A$4:$AK$53,計算用!$BE$42,IF(計算用!$BB$42="男",0,19)+16)) | O46: =IF($A46="","",INDEX(決定版!$A$4:$AK$53,計算用!$BE$42,IF(計算用!$BB$42="男",0,19)+17)) | P46: =IF($A46="","",INDEX(決定版!$A$4:$AK$53,計算用!$BE$42,IF(計算用!$BB$42="男",0,19)+18))
A47: =IF(計算用!$BB$43="","",計算用!$BA$43) | B47: =IF($A47="","",INDEX(決定版!$A$4:$AK$53,計算用!$BE$43,IF(計算用!$BB$43="男",0,19)+4)) | C47: =IF($A47="","",INDEX(決定版!$A$4:$AK$53,計算用!$BE$43,IF(計算用!$BB$43="男",0,19)+5)) | D47: =IF($A47="","",INDEX(決定版!$A$4:$AK$53,計算用!$BE$43,IF(計算用!$BB$43="男",0,19)+6)) | E47: =IF($A47="","",INDEX(決定版!$A$4:$AK$53,計算用!$BE$43,IF(計算用!$BB$43="男",0,19)+7)) | F47: =IF($A47="","",INDEX(決定版!$A$4:$AK$53,計算用!$BE$43,IF(計算用!$BB$43="男",0,19)+8)) | G47: =IF($A47="","",INDEX(決定版!$A$4:$AK$53,計算用!$BE$43,IF(計算用!$BB$43="男",0,19)+9)) | H47: =IF($A47="","",INDEX(決定版!$A$4:$AK$53,計算用!$BE$43,IF(計算用!$BB$43="男",0,19)+10)) | I47: =IF($A47="","",INDEX(決定版!$A$4:$AK$53,計算用!$BE$43,IF(計算用!$BB$43="男",0,19)+11)) | J47: =IF($A47="","",INDEX(決定版!$A$4:$AK$53,計算用!$BE$43,IF(計算用!$BB$43="男",0,19)+12)) | K47: =IF($A47="","",INDEX(決定版!$A$4:$AK$53,計算用!$BE$43,IF(計算用!$BB$43="男",0,19)+13)) | L47: =IF($A47="","",INDEX(決定版!$A$4:$AK$53,計算用!$BE$43,IF(計算用!$BB$43="男",0,19)+14)) | M47: =IF($A47="","",INDEX(決定版!$A$4:$AK$53,計算用!$BE$43,IF(計算用!$BB$43="男",0,19)+15)) | N47: =IF($A47="","",INDEX(決定版!$A$4:$AK$53,計算用!$BE$43,IF(計算用!$BB$43="男",0,19)+16)) | O47: =IF($A47="","",INDEX(決定版!$A$4:$AK$53,計算用!$BE$43,IF(計算用!$BB$43="男",0,19)+17)) | P47: =IF($A47="","",INDEX(決定版!$A$4:$AK$53,計算用!$BE$43,IF(計算用!$BB$43="男",0,19)+18))
A48: =IF(計算用!$BB$44="","",計算用!$BA$44) | B48: =IF($A48="","",INDEX(決定版!$A$4:$AK$53,計算用!$BE$44,IF(計算用!$BB$44="男",0,19)+4)) | C48: =IF($A48="","",INDEX(決定版!$A$4:$AK$53,計算用!$BE$44,IF(計算用!$BB$44="男",0,19)+5)) | D48: =IF($A48="","",INDEX(決定版!$A$4:$AK$53,計算用!$BE$44,IF(計算用!$BB$44="男",0,19)+6)) | E48: =IF($A48="","",INDEX(決定版!$A$4:$AK$53,計算用!$BE$44,IF(計算用!$BB$44="男",0,19)+7)) | F48: =IF($A48="","",INDEX(決定版!$A$4:$AK$53,計算用!$BE$44,IF(計算用!$BB$44="男",0,19)+8)) | G48: =IF($A48="","",INDEX(決定版!$A$4:$AK$53,計算用!$BE$44,IF(計算用!$BB$44="男",0,19)+9)) | H48: =IF($A48="","",INDEX(決定版!$A$4:$AK$53,計算用!$BE$44,IF(計算用!$BB$44="男",0,19)+10)) | I48: =IF($A48="","",INDEX(決定版!$A$4:$AK$53,計算用!$BE$44,IF(計算用!$BB$44="男",0,19)+11)) | J48: =IF($A48="","",INDEX(決定版!$A$4:$AK$53,計算用!$BE$44,IF(計算用!$BB$44="男",0,19)+12)) | K48: =IF($A48="","",INDEX(決定版!$A$4:$AK$53,計算用!$BE$44,IF(計算用!$BB$44="男",0,19)+13)) | L48: =IF($A48="","",INDEX(決定版!$A$4:$AK$53,計算用!$BE$44,IF(計算用!$BB$44="男",0,19)+14)) | M48: =IF($A48="","",INDEX(決定版!$A$4:$AK$53,計算用!$BE$44,IF(計算用!$BB$44="男",0,19)+15)) | N48: =IF($A48="","",INDEX(決定版!$A$4:$AK$53,計算用!$BE$44,IF(計算用!$BB$44="男",0,19)+16)) | O48: =IF($A48="","",INDEX(決定版!$A$4:$AK$53,計算用!$BE$44,IF(計算用!$BB$44="男",0,19)+17)) | P48: =IF($A48="","",INDEX(決定版!$A$4:$AK$53,計算用!$BE$44,IF(計算用!$BB$44="男",0,19)+18))
A49: =IF(計算用!$BB$45="","",計算用!$BA$45) | B49: =IF($A49="","",INDEX(決定版!$A$4:$AK$53,計算用!$BE$45,IF(計算用!$BB$45="男",0,19)+4)) | C49: =IF($A49="","",INDEX(決定版!$A$4:$AK$53,計算用!$BE$45,IF(計算用!$BB$45="男",0,19)+5)) | D49: =IF($A49="","",INDEX(決定版!$A$4:$AK$53,計算用!$BE$45,IF(計算用!$BB$45="男",0,19)+6)) | E49: =IF($A49="","",INDEX(決定版!$A$4:$AK$53,計算用!$BE$45,IF(計算用!$BB$45="男",0,19)+7)) | F49: =IF($A49="","",INDEX(決定版!$A$4:$AK$53,計算用!$BE$45,IF(計算用!$BB$45="男",0,19)+8)) | G49: =IF($A49="","",INDEX(決定版!$A$4:$AK$53,計算用!$BE$45,IF(計算用!$BB$45="男",0,19)+9)) | H49: =IF($A49="","",INDEX(決定版!$A$4:$AK$53,計算用!$BE$45,IF(計算用!$BB$45="男",0,19)+10)) | I49: =IF($A49="","",INDEX(決定版!$A$4:$AK$53,計算用!$BE$45,IF(計算用!$BB$45="男",0,19)+11)) | J49: =IF($A49="","",INDEX(決定版!$A$4:$AK$53,計算用!$BE$45,IF(計算用!$BB$45="男",0,19)+12)) | K49: =IF($A49="","",INDEX(決定版!$A$4:$AK$53,計算用!$BE$45,IF(計算用!$BB$45="男",0,19)+13)) | L49: =IF($A49="","",INDEX(決定版!$A$4:$AK$53,計算用!$BE$45,IF(計算用!$BB$45="男",0,19)+14)) | M49: =IF($A49="","",INDEX(決定版!$A$4:$AK$53,計算用!$BE$45,IF(計算用!$BB$45="男",0,19)+15)) | N49: =IF($A49="","",INDEX(決定版!$A$4:$AK$53,計算用!$BE$45,IF(計算用!$BB$45="男",0,19)+16)) | O49: =IF($A49="","",INDEX(決定版!$A$4:$AK$53,計算用!$BE$45,IF(計算用!$BB$45="男",0,19)+17)) | P49: =IF($A49="","",INDEX(決定版!$A$4:$AK$53,計算用!$BE$45,IF(計算用!$BB$45="男",0,19)+18))
A50: =IF(計算用!$BB$46="","",計算用!$BA$46) | B50: =IF($A50="","",INDEX(決定版!$A$4:$AK$53,計算用!$BE$46,IF(計算用!$BB$46="男",0,19)+4)) | C50: =IF($A50="","",INDEX(決定版!$A$4:$AK$53,計算用!$BE$46,IF(計算用!$BB$46="男",0,19)+5)) | D50: =IF($A50="","",INDEX(決定版!$A$4:$AK$53,計算用!$BE$46,IF(計算用!$BB$46="男",0,19)+6)) | E50: =IF($A50="","",INDEX(決定版!$A$4:$AK$53,計算用!$BE$46,IF(計算用!$BB$46="男",0,19)+7)) | F50: =IF($A50="","",INDEX(決定版!$A$4:$AK$53,計算用!$BE$46,IF(計算用!$BB$46="男",0,19)+8)) | G50: =IF($A50="","",INDEX(決定版!$A$4:$AK$53,計算用!$BE$46,IF(計算用!$BB$46="男",0,19)+9)) | H50: =IF($A50="","",INDEX(決定版!$A$4:$AK$53,計算用!$BE$46,IF(計算用!$BB$46="男",0,19)+10)) | I50: =IF($A50="","",INDEX(決定版!$A$4:$AK$53,計算用!$BE$46,IF(計算用!$BB$46="男",0,19)+11)) | J50: =IF($A50="","",INDEX(決定版!$A$4:$AK$53,計算用!$BE$46,IF(計算用!$BB$46="男",0,19)+12)) | K50: =IF($A50="","",INDEX(決定版!$A$4:$AK$53,計算用!$BE$46,IF(計算用!$BB$46="男",0,19)+13)) | L50: =IF($A50="","",INDEX(決定版!$A$4:$AK$53,計算用!$BE$46,IF(計算用!$BB$46="男",0,19)+14)) | M50: =IF($A50="","",INDEX(決定版!$A$4:$AK$53,計算用!$BE$46,IF(計算用!$BB$46="男",0,19)+15)) | N50: =IF($A50="","",INDEX(決定版!$A$4:$AK$53,計算用!$BE$46,IF(計算用!$BB$46="男",0,19)+16)) | O50: =IF($A50="","",INDEX(決定版!$A$4:$AK$53,計算用!$BE$46,IF(計算用!$BB$46="男",0,19)+17)) | P50: =IF($A50="","",INDEX(決定版!$A$4:$AK$53,計算用!$BE$46,IF(計算用!$BB$46="男",0,19)+18))
A51: =IF(計算用!$BB$47="","",計算用!$BA$47) | B51: =IF($A51="","",INDEX(決定版!$A$4:$AK$53,計算用!$BE$47,IF(計算用!$BB$47="男",0,19)+4)) | C51: =IF($A51="","",INDEX(決定版!$A$4:$AK$53,計算用!$BE$47,IF(計算用!$BB$47="男",0,19)+5)) | D51: =IF($A51="","",INDEX(決定版!$A$4:$AK$53,計算用!$BE$47,IF(計算用!$BB$47="男",0,19)+6)) | E51: =IF($A51="","",INDEX(決定版!$A$4:$AK$53,計算用!$BE$47,IF(計算用!$BB$47="男",0,19)+7)) | F51: =IF($A51="","",INDEX(決定版!$A$4:$AK$53,計算用!$BE$47,IF(計算用!$BB$47="男",0,19)+8)) | G51: =IF($A51="","",INDEX(決定版!$A$4:$AK$53,計算用!$BE$47,IF(計算用!$BB$47="男",0,19)+9)) | H51: =IF($A51="","",INDEX(決定版!$A$4:$AK$53,計算用!$BE$47,IF(計算用!$BB$47="男",0,19)+10)) | I51: =IF($A51="","",INDEX(決定版!$A$4:$AK$53,計算用!$BE$47,IF(計算用!$BB$47="男",0,19)+11)) | J51: =IF($A51="","",INDEX(決定版!$A$4:$AK$53,計算用!$BE$47,IF(計算用!$BB$47="男",0,19)+12)) | K51: =IF($A51="","",INDEX(決定版!$A$4:$AK$53,計算用!$BE$47,IF(計算用!$BB$47="男",0,19)+13)) | L51: =IF($A51="","",INDEX(決定版!$A$4:$AK$53,計算用!$BE$47,IF(計算用!$BB$47="男",0,19)+14)) | M51: =IF($A51="","",INDEX(決定版!$A$4:$AK$53,計算用!$BE$47,IF(計算用!$BB$47="男",0,19)+15)) | N51: =IF($A51="","",INDEX(決定版!$A$4:$AK$53,計算用!$BE$47,IF(計算用!$BB$47="男",0,19)+16)) | O51: =IF($A51="","",INDEX(決定版!$A$4:$AK$53,計算用!$BE$47,IF(計算用!$BB$47="男",0,19)+17)) | P51: =IF($A51="","",INDEX(決定版!$A$4:$AK$53,計算用!$BE$47,IF(計算用!$BB$47="男",0,19)+18))
A52: =IF(計算用!$BB$48="","",計算用!$BA$48) | B52: =IF($A52="","",INDEX(決定版!$A$4:$AK$53,計算用!$BE$48,IF(計算用!$BB$48="男",0,19)+4)) | C52: =IF($A52="","",INDEX(決定版!$A$4:$AK$53,計算用!$BE$48,IF(計算用!$BB$48="男",0,19)+5)) | D52: =IF($A52="","",INDEX(決定版!$A$4:$AK$53,計算用!$BE$48,IF(計算用!$BB$48="男",0,19)+6)) | E52: =IF($A52="","",INDEX(決定版!$A$4:$AK$53,計算用!$BE$48,IF(計算用!$BB$48="男",0,19)+7)) | F52: =IF($A52="","",INDEX(決定版!$A$4:$AK$53,計算用!$BE$48,IF(計算用!$BB$48="男",0,19)+8)) | G52: =IF($A52="","",INDEX(決定版!$A$4:$AK$53,計算用!$BE$48,IF(計算用!$BB$48="男",0,19)+9)) | H52: =IF($A52="","",INDEX(決定版!$A$4:$AK$53,計算用!$BE$48,IF(計算用!$BB$48="男",0,19)+10)) | I52: =IF($A52="","",INDEX(決定版!$A$4:$AK$53,計算用!$BE$48,IF(計算用!$BB$48="男",0,19)+11)) | J52: =IF($A52="","",INDEX(決定版!$A$4:$AK$53,計算用!$BE$48,IF(計算用!$BB$48="男",0,19)+12)) | K52: =IF($A52="","",INDEX(決定版!$A$4:$AK$53,計算用!$BE$48,IF(計算用!$BB$48="男",0,19)+13)) | L52: =IF($A52="","",INDEX(決定版!$A$4:$AK$53,計算用!$BE$48,IF(計算用!$BB$48="男",0,19)+14)) | M52: =IF($A52="","",INDEX(決定版!$A$4:$AK$53,計算用!$BE$48,IF(計算用!$BB$48="男",0,19)+15)) | N52: =IF($A52="","",INDEX(決定版!$A$4:$AK$53,計算用!$BE$48,IF(計算用!$BB$48="男",0,19)+16)) | O52: =IF($A52="","",INDEX(決定版!$A$4:$AK$53,計算用!$BE$48,IF(計算用!$BB$48="男",0,19)+17)) | P52: =IF($A52="","",INDEX(決定版!$A$4:$AK$53,計算用!$BE$48,IF(計算用!$BB$48="男",0,19)+18))
A53: =IF(計算用!$BB$49="","",計算用!$BA$49) | B53: =IF($A53="","",INDEX(決定版!$A$4:$AK$53,計算用!$BE$49,IF(計算用!$BB$49="男",0,19)+4)) | C53: =IF($A53="","",INDEX(決定版!$A$4:$AK$53,計算用!$BE$49,IF(計算用!$BB$49="男",0,19)+5)) | D53: =IF($A53="","",INDEX(決定版!$A$4:$AK$53,計算用!$BE$49,IF(計算用!$BB$49="男",0,19)+6)) | E53: =IF($A53="","",INDEX(決定版!$A$4:$AK$53,計算用!$BE$49,IF(計算用!$BB$49="男",0,19)+7)) | F53: =IF($A53="","",INDEX(決定版!$A$4:$AK$53,計算用!$BE$49,IF(計算用!$BB$49="男",0,19)+8)) | G53: =IF($A53="","",INDEX(決定版!$A$4:$AK$53,計算用!$BE$49,IF(計算用!$BB$49="男",0,19)+9)) | H53: =IF($A53="","",INDEX(決定版!$A$4:$AK$53,計算用!$BE$49,IF(計算用!$BB$49="男",0,19)+10)) | I53: =IF($A53="","",INDEX(決定版!$A$4:$AK$53,計算用!$BE$49,IF(計算用!$BB$49="男",0,19)+11)) | J53: =IF($A53="","",INDEX(決定版!$A$4:$AK$53,計算用!$BE$49,IF(計算用!$BB$49="男",0,19)+12)) | K53: =IF($A53="","",INDEX(決定版!$A$4:$AK$53,計算用!$BE$49,IF(計算用!$BB$49="男",0,19)+13)) | L53: =IF($A53="","",INDEX(決定版!$A$4:$AK$53,計算用!$BE$49,IF(計算用!$BB$49="男",0,19)+14)) | M53: =IF($A53="","",INDEX(決定版!$A$4:$AK$53,計算用!$BE$49,IF(計算用!$BB$49="男",0,19)+15)) | N53: =IF($A53="","",INDEX(決定版!$A$4:$AK$53,計算用!$BE$49,IF(計算用!$BB$49="男",0,19)+16)) | O53: =IF($A53="","",INDEX(決定版!$A$4:$AK$53,計算用!$BE$49,IF(計算用!$BB$49="男",0,19)+17)) | P53: =IF($A53="","",INDEX(決定版!$A$4:$AK$53,計算用!$BE$49,IF(計算用!$BB$49="男",0,19)+18))
A54: =IF(計算用!$BB$50="","",計算用!$BA$50) | B54: =IF($A54="","",INDEX(決定版!$A$4:$AK$53,計算用!$BE$50,IF(計算用!$BB$50="男",0,19)+4)) | C54: =IF($A54="","",INDEX(決定版!$A$4:$AK$53,計算用!$BE$50,IF(計算用!$BB$50="男",0,19)+5)) | D54: =IF($A54="","",INDEX(決定版!$A$4:$AK$53,計算用!$BE$50,IF(計算用!$BB$50="男",0,19)+6)) | E54: =IF($A54="","",INDEX(決定版!$A$4:$AK$53,計算用!$BE$50,IF(計算用!$BB$50="男",0,19)+7)) | F54: =IF($A54="","",INDEX(決定版!$A$4:$AK$53,計算用!$BE$50,IF(計算用!$BB$50="男",0,19)+8)) | G54: =IF($A54="","",INDEX(決定版!$A$4:$AK$53,計算用!$BE$50,IF(計算用!$BB$50="男",0,19)+9)) | H54: =IF($A54="","",INDEX(決定版!$A$4:$AK$53,計算用!$BE$50,IF(計算用!$BB$50="男",0,19)+10)) | I54: =IF($A54="","",INDEX(決定版!$A$4:$AK$53,計算用!$BE$50,IF(計算用!$BB$50="男",0,19)+11)) | J54: =IF($A54="","",INDEX(決定版!$A$4:$AK$53,計算用!$BE$50,IF(計算用!$BB$50="男",0,19)+12)) | K54: =IF($A54="","",INDEX(決定版!$A$4:$AK$53,計算用!$BE$50,IF(計算用!$BB$50="男",0,19)+13)) | L54: =IF($A54="","",INDEX(決定版!$A$4:$AK$53,計算用!$BE$50,IF(計算用!$BB$50="男",0,19)+14)) | M54: =IF($A54="","",INDEX(決定版!$A$4:$AK$53,計算用!$BE$50,IF(計算用!$BB$50="男",0,19)+15)) | N54: =IF($A54="","",INDEX(決定版!$A$4:$AK$53,計算用!$BE$50,IF(計算用!$BB$50="男",0,19)+16)) | O54: =IF($A54="","",INDEX(決定版!$A$4:$AK$53,計算用!$BE$50,IF(計算用!$BB$50="男",0,19)+17)) | P54: =IF($A54="","",INDEX(決定版!$A$4:$AK$53,計算用!$BE$50,IF(計算用!$BB$50="男",0,19)+18))
A55: =IF(計算用!$BB$51="","",計算用!$BA$51) | B55: =IF($A55="","",INDEX(決定版!$A$4:$AK$53,計算用!$BE$51,IF(計算用!$BB$51="男",0,19)+4)) | C55: =IF($A55="","",INDEX(決定版!$A$4:$AK$53,計算用!$BE$51,IF(計算用!$BB$51="男",0,19)+5)) | D55: =IF($A55="","",INDEX(決定版!$A$4:$AK$53,計算用!$BE$51,IF(計算用!$BB$51="男",0,19)+6)) | E55: =IF($A55="","",INDEX(決定版!$A$4:$AK$53,計算用!$BE$51,IF(計算用!$BB$51="男",0,19)+7)) | F55: =IF($A55="","",INDEX(決定版!$A$4:$AK$53,計算用!$BE$51,IF(計算用!$BB$51="男",0,19)+8)) | G55: =IF($A55="","",INDEX(決定版!$A$4:$AK$53,計算用!$BE$51,IF(計算用!$BB$51="男",0,19)+9)) | H55: =IF($A55="","",INDEX(決定版!$A$4:$AK$53,計算用!$BE$51,IF(計算用!$BB$51="男",0,19)+10)) | I55: =IF($A55="","",INDEX(決定版!$A$4:$AK$53,計算用!$BE$51,IF(計算用!$BB$51="男",0,19)+11)) | J55: =IF($A55="","",INDEX(決定版!$A$4:$AK$53,計算用!$BE$51,IF(計算用!$BB$51="男",0,19)+12)) | K55: =IF($A55="","",INDEX(決定版!$A$4:$AK$53,計算用!$BE$51,IF(計算用!$BB$51="男",0,19)+13)) | L55: =IF($A55="","",INDEX(決定版!$A$4:$AK$53,計算用!$BE$51,IF(計算用!$BB$51="男",0,19)+14)) | M55: =IF($A55="","",INDEX(決定版!$A$4:$AK$53,計算用!$BE$51,IF(計算用!$BB$51="男",0,19)+15)) | N55: =IF($A55="","",INDEX(決定版!$A$4:$AK$53,計算用!$BE$51,IF(計算用!$BB$51="男",0,19)+16)) | O55: =IF($A55="","",INDEX(決定版!$A$4:$AK$53,計算用!$BE$51,IF(計算用!$BB$51="男",0,19)+17)) | P55: =IF($A55="","",INDEX(決定版!$A$4:$AK$53,計算用!$BE$51,IF(計算用!$BB$51="男",0,19)+18))
A56: =IF(計算用!$BB$52="","",計算用!$BA$52) | B56: =IF($A56="","",INDEX(決定版!$A$4:$AK$53,計算用!$BE$52,IF(計算用!$BB$52="男",0,19)+4)) | C56: =IF($A56="","",INDEX(決定版!$A$4:$AK$53,計算用!$BE$52,IF(計算用!$BB$52="男",0,19)+5)) | D56: =IF($A56="","",INDEX(決定版!$A$4:$AK$53,計算用!$BE$52,IF(計算用!$BB$52="男",0,19)+6)) | E56: =IF($A56="","",INDEX(決定版!$A$4:$AK$53,計算用!$BE$52,IF(計算用!$BB$52="男",0,19)+7)) | F56: =IF($A56="","",INDEX(決定版!$A$4:$AK$53,計算用!$BE$52,IF(計算用!$BB$52="男",0,19)+8)) | G56: =IF($A56="","",INDEX(決定版!$A$4:$AK$53,計算用!$BE$52,IF(計算用!$BB$52="男",0,19)+9)) | H56: =IF($A56="","",INDEX(決定版!$A$4:$AK$53,計算用!$BE$52,IF(計算用!$BB$52="男",0,19)+10)) | I56: =IF($A56="","",INDEX(決定版!$A$4:$AK$53,計算用!$BE$52,IF(計算用!$BB$52="男",0,19)+11)) | J56: =IF($A56="","",INDEX(決定版!$A$4:$AK$53,計算用!$BE$52,IF(計算用!$BB$52="男",0,19)+12)) | K56: =IF($A56="","",INDEX(決定版!$A$4:$AK$53,計算用!$BE$52,IF(計算用!$BB$52="男",0,19)+13)) | L56: =IF($A56="","",INDEX(決定版!$A$4:$AK$53,計算用!$BE$52,IF(計算用!$BB$52="男",0,19)+14)) | M56: =IF($A56="","",INDEX(決定版!$A$4:$AK$53,計算用!$BE$52,IF(計算用!$BB$52="男",0,19)+15)) | N56: =IF($A56="","",INDEX(決定版!$A$4:$AK$53,計算用!$BE$52,IF(計算用!$BB$52="男",0,19)+16)) | O56: =IF($A56="","",INDEX(決定版!$A$4:$AK$53,計算用!$BE$52,IF(計算用!$BB$52="男",0,19)+17)) | P56: =IF($A56="","",INDEX(決定版!$A$4:$AK$53,計算用!$BE$52,IF(計算用!$BB$52="男",0,19)+18))
A57: =IF(計算用!$BB$53="","",計算用!$BA$53) | B57: =IF($A57="","",INDEX(決定版!$A$4:$AK$53,計算用!$BE$53,IF(計算用!$BB$53="男",0,19)+4)) | C57: =IF($A57="","",INDEX(決定版!$A$4:$AK$53,計算用!$BE$53,IF(計算用!$BB$53="男",0,19)+5)) | D57: =IF($A57="","",INDEX(決定版!$A$4:$AK$53,計算用!$BE$53,IF(計算用!$BB$53="男",0,19)+6)) | E57: =IF($A57="","",INDEX(決定版!$A$4:$AK$53,計算用!$BE$53,IF(計算用!$BB$53="男",0,19)+7)) | F57: =IF($A57="","",INDEX(決定版!$A$4:$AK$53,計算用!$BE$53,IF(計算用!$BB$53="男",0,19)+8)) | G57: =IF($A57="","",INDEX(決定版!$A$4:$AK$53,計算用!$BE$53,IF(計算用!$BB$53="男",0,19)+9)) | H57: =IF($A57="","",INDEX(決定版!$A$4:$AK$53,計算用!$BE$53,IF(計算用!$BB$53="男",0,19)+10)) | I57: =IF($A57="","",INDEX(決定版!$A$4:$AK$53,計算用!$BE$53,IF(計算用!$BB$53="男",0,19)+11)) | J57: =IF($A57="","",INDEX(決定版!$A$4:$AK$53,計算用!$BE$53,IF(計算用!$BB$53="男",0,19)+12)) | K57: =IF($A57="","",INDEX(決定版!$A$4:$AK$53,計算用!$BE$53,IF(計算用!$BB$53="男",0,19)+13)) | L57: =IF($A57="","",INDEX(決定版!$A$4:$AK$53,計算用!$BE$53,IF(計算用!$BB$53="男",0,19)+14)) | M57: =IF($A57="","",INDEX(決定版!$A$4:$AK$53,計算用!$BE$53,IF(計算用!$BB$53="男",0,19)+15)) | N57: =IF($A57="","",INDEX(決定版!$A$4:$AK$53,計算用!$BE$53,IF(計算用!$BB$53="男",0,19)+16)) | O57: =IF($A57="","",INDEX(決定版!$A$4:$AK$53,計算用!$BE$53,IF(計算用!$BB$53="男",0,19)+17)) | P57: =IF($A57="","",INDEX(決定版!$A$4:$AK$53,計算用!$BE$53,IF(計算用!$BB$53="男",0,19)+18))
A58: =IF(計算用!$BB$54="","",計算用!$BA$54) | B58: =IF($A58="","",INDEX(決定版!$A$4:$AK$53,計算用!$BE$54,IF(計算用!$BB$54="男",0,19)+4)) | C58: =IF($A58="","",INDEX(決定版!$A$4:$AK$53,計算用!$BE$54,IF(計算用!$BB$54="男",0,19)+5)) | D58: =IF($A58="","",INDEX(決定版!$A$4:$AK$53,計算用!$BE$54,IF(計算用!$BB$54="男",0,19)+6)) | E58: =IF($A58="","",INDEX(決定版!$A$4:$AK$53,計算用!$BE$54,IF(計算用!$BB$54="男",0,19)+7)) | F58: =IF($A58="","",INDEX(決定版!$A$4:$AK$53,計算用!$BE$54,IF(計算用!$BB$54="男",0,19)+8)) | G58: =IF($A58="","",INDEX(決定版!$A$4:$AK$53,計算用!$BE$54,IF(計算用!$BB$54="男",0,19)+9)) | H58: =IF($A58="","",INDEX(決定版!$A$4:$AK$53,計算用!$BE$54,IF(計算用!$BB$54="男",0,19)+10)) | I58: =IF($A58="","",INDEX(決定版!$A$4:$AK$53,計算用!$BE$54,IF(計算用!$BB$54="男",0,19)+11)) | J58: =IF($A58="","",INDEX(決定版!$A$4:$AK$53,計算用!$BE$54,IF(計算用!$BB$54="男",0,19)+12)) | K58: =IF($A58="","",INDEX(決定版!$A$4:$AK$53,計算用!$BE$54,IF(計算用!$BB$54="男",0,19)+13)) | L58: =IF($A58="","",INDEX(決定版!$A$4:$AK$53,計算用!$BE$54,IF(計算用!$BB$54="男",0,19)+14)) | M58: =IF($A58="","",INDEX(決定版!$A$4:$AK$53,計算用!$BE$54,IF(計算用!$BB$54="男",0,19)+15)) | N58: =IF($A58="","",INDEX(決定版!$A$4:$AK$53,計算用!$BE$54,IF(計算用!$BB$54="男",0,19)+16)) | O58: =IF($A58="","",INDEX(決定版!$A$4:$AK$53,計算用!$BE$54,IF(計算用!$BB$54="男",0,19)+17)) | P58: =IF($A58="","",INDEX(決定版!$A$4:$AK$53,計算用!$BE$54,IF(計算用!$BB$54="男",0,19)+18))
