Workbook

Sheet ①データ入力
I1: 名簿から名前をコピペして使ってください。３年生以上は性別欄を記入しないと動きません。タイムまで入力したら②のシートへ
A2: No. | B2: 1組 名前 | C2: 性別 (1=男子 2=女子) | D2: タイム (1/100秒) | E2: 赤or白 | G2: 2組 名前 | H2: 性別 (1=男子 2=女子) | I2: タイム (1/100秒) | J2: 赤or白 | L2: 3組 名前 | M2: 性別 (1=男子 2=女子) | N2: タイム (1/100秒) | O2: 赤or白 | Q2: 4組 名前 | R2: 性別 (1=男子 2=女子) | S2: タイム (1/100秒) | T2: 赤or白 | V2: 5組 名前 | W2: 性別 (1=男子 2=女子) | X2: タイム (1/100秒) | Y2: 赤or白
A3: 1 | B3: 近藤 りく | C3: 1 | D3: 8.89 | E3: 赤 | G3: 木村 ひまり | H3: 2 | I3: 9.58 | J3: 赤 | L3: 鈴木 たいが | M3: 1 | N3: 10.43 | O3: 赤 | Q3: 山口 しょう | R3: 1 | S3: 9.57 | T3: 赤
A4: 2 | B4: 小林 ゆな | C4: 2 | D4: 9.63 | E4: 白 | G4: 高橋 ひまり | H4: 2 | I4: 8.97 | J4: 赤 | L4: 伊藤 たいが | M4: 1 | N4: 8.05 | O4: 白 | Q4: 池田 ゆい | R4: 2 | S4: 10.31 | T4: 白
A5: 3 | B5: 木村 ひなた | C5: 1 | D5: 9.34 | E5: 赤 | G5: 鈴木 はると | H5: 1 | I5: 9.34 | J5: 赤 | L5: 木村 さく | M5: 1 | N5: 8.47 | O5: 白 | Q5: 清水 そら | R5: 1 | S5: 9.11 | T5: 赤
A6: 4 | B6: 後藤 かのん | C6: 2 | D6: 9.31 | E6: 白 | G6: 高橋 さく | H6: 1 | I6: 8.47 | J6: 白 | L6: 井上 いつき | M6: 1 | N6: 8.82 | O6: 赤 | Q6: 後藤 ゆな | R6: 2 | S6: 9.29 | T6: 白
A7: 5 | B7: 井上 ほのか | C7: 2 | D7: 9.3 | E7: 白 | G7: 後藤 けんた | H7: 1 | I7: 9.71 | J7: 白 | L7: 斎藤 だいち | M7: 1 | N7: 10.02 | O7: 白 | Q7: 清水 しょう | R7: 1 | S7: 8.73 | T7: 白
A8: 6 | B8: 前田 かいと | C8: 1 | D8: 8.36 | E8: 白 | G8: 松本 かいと | H8: 1 | I8: 9.42 | J8: 白 | L8: 木村 ゆな | M8: 2 | N8: 9.49 | O8: 白 | Q8: 長谷川 ひまり | R8: 2 | S8: 10.17 | T8: 白
A9: 7 | B9: 山本 けんた | C9: 1 | D9: 8.37 | E9: 赤 | G9: 松本 たいが | H9: 1 | I9: 9.61 | J9: 赤 | L9: 伊藤 つむぎ | M9: 2 | N9: 10.12 | O9: 赤 | Q9: 佐藤 そうた | R9: 1 | S9: 10.24 | T9: 白
A10: 8 | B10: 清水 こはる | C10: 2 | D10: 9.93 | E10: 赤 | G10: 伊藤 ゆな | H10: 2 | I10: 11.04 | J10: 赤 | L10: 橋本 ひなた | M10: 1 | N10: 10.03 | O10: 赤 | Q10: 山本 つばさ | R10: 1 | S10: 8.85 | T10: 白
A11: 9 | B11: 佐藤 けんた | C11: 1 | D11: 9.17 | E11: 赤 | G11: 渡辺 みなと | H11: 1 | I11: 9.81 | J11: 白 | L11: 吉田 ひなた | M11: 1 | N11: 9.63 | O11: 赤 | Q11: 清水 ひな | R11: 2 | S11: 9.24 | T11: 白
A12: 10 | B12: 岡田 さら | C12: 2 | D12: 10.33 | E12: 白 | G12: 山田 あかり | H12: 2 | I12: 9.67 | J12: 白 | L12: 石川 めい | M12: 2 | N12: 9.84 | O12: 赤 | Q12: 伊藤 ひまり | R12: 2 | S12: 10.05 | T12: 赤
A13: 11 | B13: 中村 ゆな | C13: 2 | D13: 8.62 | E13: 白 | G13: 山本 かのん | H13: 2 | I13: 9.29 | J13: 白 | L13: 小林 ほのか | M13: 2 | N13: 9.51 | O13: 赤 | Q13: 森 りく | R13: 1 | S13: 8.5 | T13: 赤
A14: 12 | B14: 木村 りょう | C14: 1 | D14: 9.62 | E14: 赤 | G14: 中村 りく | H14: 1 | I14: 9 | J14: 白 | L14: 森 みなと | M14: 1 | N14: 8.74 | O14: 白 | Q14: 石川 あかり | R14: 2 | S14: 10.83 | T14: 赤
... A24: 22 | B24: 佐藤 れん | C24: 1 | D24: 8.86 | E24: 白 | G24: 加藤 ことね | H24: 2 | I24: 9.42 | J24: 白 | L24: 森 みお | M24: 2 | N24: 9.19 | O24: 白 | Q24: 田中 こうき | R24: 1 | S24: 8.68 | T24: 白
A25: 23 | B25: 石川 さら | C25: 2 | D25: 10.04 | E25: 赤
A26: 24 | B26: 村上 かいと | C26: 1 | D26: 7.97 | E26: 白
A27: 25
A28: 26
A29: 27
A30: 28
A31: 29
A32: 30
A33: 31
A34: 32
A35: 33
A36: 34
A37: 35
A38: 36
A39: 37

Sheet 組ごとタイム順
A1: 男子 | J1: 女子 | S1: =IF(計算用!$Q$6>0,"※名前はあるのに性別・タイム・赤白のどれかが未入力で、表に出ていない人が"&計算用!$Q$6&"人います","")
B2: 赤組 | F2: 白組 | K2: 赤組 | O2: 白組
B3: 名前 | C3: クラス | D3: タイム | F3: 名前 | G3: クラス | H3: タイム | K3: 名前 | L3: クラス | M3: タイム | O3: 名前 | P3: クラス | Q3: タイム
A4: =IF(ROW()-3<=MAX(計算用!$Q$2,計算用!$Q$3),ROW()-3,"") | B4: =IFERROR(INDEX(計算用!$D$2:$D$186,MATCH("男赤"&$A4,計算用!$L$2:$L$186,0)),"") | C4: =IFERROR(INDEX(計算用!$M$2:$M$186,MATCH("男赤"&$A4,計算用!$L$2:$L$186,0)),"") | D4: =IFERROR(INDEX(計算用!$G$2:$G$186,MATCH("男赤"&$A4,計算用!$L$2:$L$186,0)),"") | F4: =IFERROR(INDEX(計算用!$D$2:$D$186,MATCH("男白"&$A4,計算用!$L$2:$L$186,0)),"") | G4: =IFERROR(INDEX(計算用!$M$2:$M$186,MATCH("男白"&$A4,計算用!$L$2:$L$186,0)),"") | H4: =IFERROR(INDEX(計算用!$G$2:$G$186,MATCH("男白"&$A4,計算用!$L$2:$L$186,0)),"") | J4: =IF(ROW()-3<=MAX(計算用!$Q$4,計算用!$Q$5),ROW()-3,"") | K4: =IFERROR(INDEX(計算用!$D$2:$D$186,MATCH("女赤"&$J4,計算用!$L$2:$L$186,0)),"") | L4: =IFERROR(INDEX(計算用!$M$2:$M$186,MATCH("女赤"&$J4,計算用!$L$2:$L$186,0)),"") | M4: =IFERROR(INDEX(計算用!$G$2:$G$186,MATCH("女赤"&$J4,計算用!$L$2:$L$186,0)),"") | O4: =IFERROR(INDEX(計算用!$D$2:$D$186,MATCH("女白"&$J4,計算用!$L$2:$L$186,0)),"") | P4: =IFERROR(INDEX(計算用!$M$2:$M$186,MATCH("女白"&$J4,計算用!$L$2:$L$186,0)),"") | Q4: =IFERROR(INDEX(計算用!$G$2:$G$186,MATCH("女白"&$J4,計算用!$L$2:$L$186,0)),"")
A5: =IF(ROW()-3<=MAX(計算用!$Q$2,計算用!$Q$3),ROW()-3,"") | B5: =IFERROR(INDEX(計算用!$D$2:$D$186,MATCH("男赤"&$A5,計算用!$L$2:$L$186,0)),"") | C5: =IFERROR(INDEX(計算用!$M$2:$M$186,MATCH("男赤"&$A5,計算用!$L$2:$L$186,0)),"") | D5: =IFERROR(INDEX(計算用!$G$2:$G$186,MATCH("男赤"&$A5,計算用!$L$2:$L$186,0)),"") | F5: =IFERROR(INDEX(計算用!$D$2:$D$186,MATCH("男白"&$A5,計算用!$L$2:$L$186,0)),"") | G5: =IFERROR(INDEX(計算用!$M$2:$M$186,MATCH("男白"&$A5,計算用!$L$2:$L$186,0)),"") | H5: =IFERROR(INDEX(計算用!$G$2:$G$186,MATCH("男白"&$A5,計算用!$L$2:$L$186,0)),"") | J5: =IF(ROW()-3<=MAX(計算用!$Q$4,計算用!$Q$5),ROW()-3,"") | K5: =IFERROR(INDEX(計算用!$D$2:$D$186,MATCH("女赤"&$J5,計算用!$L$2:$L$186,0)),"") | L5: =IFERROR(INDEX(計算用!$M$2:$M$186,MATCH("女赤"&$J5,計算用!$L$2:$L$186,0)),"") | M5: =IFERROR(INDEX(計算用!$G$2:$G$186,MATCH("女赤"&$J5,計算用!$L$2:$L$186,0)),"") | O5: =IFERROR(INDEX(計算用!$D$2:$D$186,MATCH("女白"&$J5,計算用!$L$2:$L$186,0)),"") | P5: =IFERROR(INDEX(計算用!$M$2:$M$186,MATCH("女白"&$J5,計算用!$L$2:$L$186,0)),"") | Q5: =IFERROR(INDEX(計算用!$G$2:$G$186,MATCH("女白"&$J5,計算用!$L$2:$L$186,0)),"")
A6: =IF(ROW()-3<=MAX(計算用!$Q$2,計算用!$Q$3),ROW()-3,"") | B6: =IFERROR(INDEX(計算用!$D$2:$D$186,MATCH("男赤"&$A6,計算用!$L$2:$L$186,0)),"") | C6: =IFERROR(INDEX(計算用!$M$2:$M$186,MATCH("男赤"&$A6,計算用!$L$2:$L$186,0)),"") | D6: =IFERROR(INDEX(計算用!$G$2:$G$186,MATCH("男赤"&$A6,計算用!$L$2:$L$186,0)),"") | F6: =IFERROR(INDEX(計算用!$D$2:$D$186,MATCH("男白"&$A6,計算用!$L$2:$L$186,0)),"") | G6: =IFERROR(INDEX(計算用!$M$2:$M$186,MATCH("男白"&$A6,計算用!$L$2:$L$186,0)),"") | H6: =IFERROR(INDEX(計算用!$G$2:$G$186,MATCH("男白"&$A6,計算用!$L$2:$L$186,0)),"") | J6: =IF(ROW()-3<=MAX(計算用!$Q$4,計算用!$Q$5),ROW()-3,"") | K6: =IFERROR(INDEX(計算用!$D$2:$D$186,MATCH("女赤"&$J6,計算用!$L$2:$L$186,0)),"") | L6: =IFERROR(INDEX(計算用!$M$2:$M$186,MATCH("女赤"&$J6,計算用!$L$2:$L$186,0)),"") | M6: =IFERROR(INDEX(計算用!$G$2:$G$186,MATCH("女赤"&$J6,計算用!$L$2:$L$186,0)),"") | O6: =IFERROR(INDEX(計算用!$D$2:$D$186,MATCH("女白"&$J6,計算用!$L$2:$L$186,0)),"") | P6: =IFERROR(INDEX(計算用!$M$2:$M$186,MATCH("女白"&$J6,計算用!$L$2:$L$186,0)),"") | Q6: =IFERROR(INDEX(計算用!$G$2:$G$186,MATCH("女白"&$J6,計算用!$L$2:$L$186,0)),"")
A7: =IF(ROW()-3<=MAX(計算用!$Q$2,計算用!$Q$3),ROW()-3,"") | B7: =IFERROR(INDEX(計算用!$D$2:$D$186,MATCH("男赤"&$A7,計算用!$L$2:$L$186,0)),"") | C7: =IFERROR(INDEX(計算用!$M$2:$M$186,MATCH("男赤"&$A7,計算用!$L$2:$L$186,0)),"") | D7: =IFERROR(INDEX(計算用!$G$2:$G$186,MATCH("男赤"&$A7,計算用!$L$2:$L$186,0)),"") | F7: =IFERROR(INDEX(計算用!$D$2:$D$186,MATCH("男白"&$A7,計算用!$L$2:$L$186,0)),"") | G7: =IFERROR(INDEX(計算用!$M$2:$M$186,MATCH("男白"&$A7,計算用!$L$2:$L$186,0)),"") | H7: =IFERROR(INDEX(計算用!$G$2:$G$186,MATCH("男白"&$A7,計算用!$L$2:$L$186,0)),"") | J7: =IF(ROW()-3<=MAX(計算用!$Q$4,計算用!$Q$5),ROW()-3,"") | K7: =IFERROR(INDEX(計算用!$D$2:$D$186,MATCH("女赤"&$J7,計算用!$L$2:$L$186,0)),"") | L7: =IFERROR(INDEX(計算用!$M$2:$M$186,MATCH("女赤"&$J7,計算用!$L$2:$L$186,0)),"") | M7: =IFERROR(INDEX(計算用!$G$2:$G$186,MATCH("女赤"&$J7,計算用!$L$2:$L$186,0)),"") | O7: =IFERROR(INDEX(計算用!$D$2:$D$186,MATCH("女白"&$J7,計算用!$L$2:$L$186,0)),"") | P7: =IFERROR(INDEX(計算用!$M$2:$M$186,MATCH("女白"&$J7,計算用!$L$2:$L$186,0)),"") | Q7: =IFERROR(INDEX(計算用!$G$2:$G$186,MATCH("女白"&$J7,計算用!$L$2:$L$186,0)),"")
A8: =IF(ROW()-3<=MAX(計算用!$Q$2,計算用!$Q$3),ROW()-3,"") | B8: =IFERROR(INDEX(計算用!$D$2:$D$186,MATCH("男赤"&$A8,計算用!$L$2:$L$186,0)),"") | C8: =IFERROR(INDEX(計算用!$M$2:$M$186,MATCH("男赤"&$A8,計算用!$L$2:$L$186,0)),"") | D8: =IFERROR(INDEX(計算用!$G$2:$G$186,MATCH("男赤"&$A8,計算用!$L$2:$L$186,0)),"") | F8: =IFERROR(INDEX(計算用!$D$2:$D$186,MATCH("男白"&$A8,計算用!$L$2:$L$186,0)),"") | G8: =IFERROR(INDEX(計算用!$M$2:$M$186,MATCH("男白"&$A8,計算用!$L$2:$L$186,0)),"") | H8: =IFERROR(INDEX(計算用!$G$2:$G$186,MATCH("男白"&$A8,計算用!$L$2:$L$186,0)),"") | J8: =IF(ROW()-3<=MAX(計算用!$Q$4,計算用!$Q$5),ROW()-3,"") | K8: =IFERROR(INDEX(計算用!$D$2:$D$186,MATCH("女赤"&$J8,計算用!$L$2:$L$186,0)),"") | L8: =IFERROR(INDEX(計算用!$M$2:$M$186,MATCH("女赤"&$J8,計算用!$L$2:$L$186,0)),"") | M8: =IFERROR(INDEX(計算用!$G$2:$G$186,MATCH("女赤"&$J8,計算用!$L$2:$L$186,0)),"") | O8: =IFERROR(INDEX(計算用!$D$2:$D$186,MATCH("女白"&$J8,計算用!$L$2:$L$186,0)),"") | P8: =IFERROR(INDEX(計算用!$M$2:$M$186,MATCH("女白"&$J8,計算用!$L$2:$L$186,0)),"") | Q8: =IFERROR(INDEX(計算用!$G$2:$G$186,MATCH("女白"&$J8,計算用!$L$2:$L$186,0)),"")
A9: =IF(ROW()-3<=MAX(計算用!$Q$2,計算用!$Q$3),ROW()-3,"") | B9: =IFERROR(INDEX(計算用!$D$2:$D$186,MATCH("男赤"&$A9,計算用!$L$2:$L$186,0)),"") | C9: =IFERROR(INDEX(計算用!$M$2:$M$186,MATCH("男赤"&$A9,計算用!$L$2:$L$186,0)),"") | D9: =IFERROR(INDEX(計算用!$G$2:$G$186,MATCH("男赤"&$A9,計算用!$L$2:$L$186,0)),"") | F9: =IFERROR(INDEX(計算用!$D$2:$D$186,MATCH("男白"&$A9,計算用!$L$2:$L$186,0)),"") | G9: =IFERROR(INDEX(計算用!$M$2:$M$186,MATCH("男白"&$A9,計算用!$L$2:$L$186,0)),"") | H9: =IFERROR(INDEX(計算用!$G$2:$G$186,MATCH("男白"&$A9,計算用!$L$2:$L$186,0)),"") | J9: =IF(ROW()-3<=MAX(計算用!$Q$4,計算用!$Q$5),ROW()-3,"") | K9: =IFERROR(INDEX(計算用!$D$2:$D$186,MATCH("女赤"&$J9,計算用!$L$2:$L$186,0)),"") | L9: =IFERROR(INDEX(計算用!$M$2:$M$186,MATCH("女赤"&$J9,計算用!$L$2:$L$186,0)),"") | M9: =IFERROR(INDEX(計算用!$G$2:$G$186,MATCH("女赤"&$J9,計算用!$L$2:$L$186,0)),"") | O9: =IFERROR(INDEX(計算用!$D$2:$D$186,MATCH("女白"&$J9,計算用!$L$2:$L$186,0)),"") | P9: =IFERROR(INDEX(計算用!$M$2:$M$186,MATCH("女白"&$J9,計算用!$L$2:$L$186,0)),"") | Q9: =IFERROR(INDEX(計算用!$G$2:$G$186,MATCH("女白"&$J9,計算用!$L$2:$L$186,0)),"")
A10: =IF(ROW()-3<=MAX(計算用!$Q$2,計算用!$Q$3),ROW()-3,"") | B10: =IFERROR(INDEX(計算用!$D$2:$D$186,MATCH("男赤"&$A10,計算用!$L$2:$L$186,0)),"") | C10: =IFERROR(INDEX(計算用!$M$2:$M$186,MATCH("男赤"&$A10,計算用!$L$2:$L$186,0)),"") | D10: =IFERROR(INDEX(計算用!$G$2:$G$186,MATCH("男赤"&$A10,計算用!$L$2:$L$186,0)),"") | F10: =IFERROR(INDEX(計算用!$D$2:$D$186,MATCH("男白"&$A10,計算用!$L$2:$L$186,0)),"") | G10: =IFERROR(INDEX(計算用!$M$2:$M$186,MATCH("男白"&$A10,計算用!$L$2:$L$186,0)),"") | H10: =IFERROR(INDEX(計算用!$G$2:$G$186,MATCH("男白"&$A10,計算用!$L$2:$L$186,0)),"") | J10: =IF(ROW()-3<=MAX(計算用!$Q$4,計算用!$Q$5),ROW()-3,"") | K10: =IFERROR(INDEX(計算用!$D$2:$D$186,MATCH("女赤"&$J10,計算用!$L$2:$L$186,0)),"") | L10: =IFERROR(INDEX(計算用!$M$2:$M$186,MATCH("女赤"&$J10,計算用!$L$2:$L$186,0)),"") | M10: =IFERROR(INDEX(計算用!$G$2:$G$186,MATCH("女赤"&$J10,計算用!$L$2:$L$186,0)),"") | O10: =IFERROR(INDEX(計算用!$D$2:$D$186,MATCH("女白"&$J10,計算用!$L$2:$L$186,0)),"") | P10: =IFERROR(INDEX(計算用!$M$2:$M$186,MATCH("女白"&$J10,計算用!$L$2:$L$186,0)),"") | Q10: =IFERROR(INDEX(計算用!$G$2:$G$186,MATCH("女白"&$J10,計算用!$L$2:$L$186,0)),"")
A11: =IF(ROW()-3<=MAX(計算用!$Q$2,計算用!$Q$3),ROW()-3,"") | B11: =IFERROR(INDEX(計算用!$D$2:$D$186,MATCH("男赤"&$A11,計算用!$L$2:$L$186,0)),"") | C11: =IFERROR(INDEX(計算用!$M$2:$M$186,MATCH("男赤"&$A11,計算用!$L$2:$L$186,0)),"") | D11: =IFERROR(INDEX(計算用!$G$2:$G$186,MATCH("男赤"&$A11,計算用!$L$2:$L$186,0)),"") | F11: =IFERROR(INDEX(計算用!$D$2:$D$186,MATCH("男白"&$A11,計算用!$L$2:$L$186,0)),"") | G11: =IFERROR(INDEX(計算用!$M$2:$M$186,MATCH("男白"&$A11,計算用!$L$2:$L$186,0)),"") | H11: =IFERROR(INDEX(計算用!$G$2:$G$186,MATCH("男白"&$A11,計算用!$L$2:$L$186,0)),"") | J11: =IF(ROW()-3<=MAX(計算用!$Q$4,計算用!$Q$5),ROW()-3,"") | K11: =IFERROR(INDEX(計算用!$D$2:$D$186,MATCH("女赤"&$J11,計算用!$L$2:$L$186,0)),"") | L11: =IFERROR(INDEX(計算用!$M$2:$M$186,MATCH("女赤"&$J11,計算用!$L$2:$L$186,0)),"") | M11: =IFERROR(INDEX(計算用!$G$2:$G$186,MATCH("女赤"&$J11,計算用!$L$2:$L$186,0)),"") | O11: =IFERROR(INDEX(計算用!$D$2:$D$186,MATCH("女白"&$J11,計算用!$L$2:$L$186,0)),"") | P11: =IFERROR(INDEX(計算用!$M$2:$M$186,MATCH("女白"&$J11,計算用!$L$2:$L$186,0)),"") | Q11: =IFERROR(INDEX(計算用!$G$2:$G$186,MATCH("女白"&$J11,計算用!$L$2:$L$186,0)),"")
A12: =IF(ROW()-3<=MAX(計算用!$Q$2,計算用!$Q$3),ROW()-3,"") | B12: =IFERROR(INDEX(計算用!$D$2:$D$186,MATCH("男赤"&$A12,計算用!$L$2:$L$186,0)),"") | C12: =IFERROR(INDEX(計算用!$M$2:$M$186,MATCH("男赤"&$A12,計算用!$L$2:$L$186,0)),"") | D12: =IFERROR(INDEX(計算用!$G$2:$G$186,MATCH("男赤"&$A12,計算用!$L$2:$L$186,0)),"") | F12: =IFERROR(INDEX(計算用!$D$2:$D$186,MATCH("男白"&$A12,計算用!$L$2:$L$186,0)),"") | G12: =IFERROR(INDEX(計算用!$M$2:$M$186,MATCH("男白"&$A12,計算用!$L$2:$L$186,0)),"") | H12: =IFERROR(INDEX(計算用!$G$2:$G$186,MATCH("男白"&$A12,計算用!$L$2:$L$186,0)),"") | J12: =IF(ROW()-3<=MAX(計算用!$Q$4,計算用!$Q$5),ROW()-3,"") | K12: =IFERROR(INDEX(計算用!$D$2:$D$186,MATCH("女赤"&$J12,計算用!$L$2:$L$186,0)),"") | L12: =IFERROR(INDEX(計算用!$M$2:$M$186,MATCH("女赤"&$J12,計算用!$L$2:$L$186,0)),"") | M12: =IFERROR(INDEX(計算用!$G$2:$G$186,MATCH("女赤"&$J12,計算用!$L$2:$L$186,0)),"") | O12: =IFERROR(INDEX(計算用!$D$2:$D$186,MATCH("女白"&$J12,計算用!$L$2:$L$186,0)),"") | P12: =IFERROR(INDEX(計算用!$M$2:$M$186,MATCH("女白"&$J12,計算用!$L$2:$L$186,0)),"") | Q12: =IFERROR(INDEX(計算用!$G$2:$G$186,MATCH("女白"&$J12,計算用!$L$2:$L$186,0)),"")
A13: =IF(ROW()-3<=MAX(計算用!$Q$2,計算用!$Q$3),ROW()-3,"") | B13: =IFERROR(INDEX(計算用!$D$2:$D$186,MATCH("男赤"&$A13,計算用!$L$2:$L$186,0)),"") | C13: =IFERROR(INDEX(計算用!$M$2:$M$186,MATCH("男赤"&$A13,計算用!$L$2:$L$186,0)),"") | D13: =IFERROR(INDEX(計算用!$G$2:$G$186,MATCH("男赤"&$A13,計算用!$L$2:$L$186,0)),"") | F13: =IFERROR(INDEX(計算用!$D$2:$D$186,MATCH("男白"&$A13,計算用!$L$2:$L$186,0)),"") | G13: =IFERROR(INDEX(計算用!$M$2:$M$186,MATCH("男白"&$A13,計算用!$L$2:$L$186,0)),"") | H13: =IFERROR(INDEX(計算用!$G$2:$G$186,MATCH("男白"&$A13,計算用!$L$2:$L$186,0)),"") | J13: =IF(ROW()-3<=MAX(計算用!$Q$4,計算用!$Q$5),ROW()-3,"") | K13: =IFERROR(INDEX(計算用!$D$2:$D$186,MATCH("女赤"&$J13,計算用!$L$2:$L$186,0)),"") | L13: =IFERROR(INDEX(計算用!$M$2:$M$186,MATCH("女赤"&$J13,計算用!$L$2:$L$186,0)),"") | M13: =IFERROR(INDEX(計算用!$G$2:$G$186,MATCH("女赤"&$J13,計算用!$L$2:$L$186,0)),"") | O13: =IFERROR(INDEX(計算用!$D$2:$D$186,MATCH("女白"&$J13,計算用!$L$2:$L$186,0)),"") | P13: =IFERROR(INDEX(計算用!$M$2:$M$186,MATCH("女白"&$J13,計算用!$L$2:$L$186,0)),"") | Q13: =IFERROR(INDEX(計算用!$G$2:$G$186,MATCH("女白"&$J13,計算用!$L$2:$L$186,0)),"")
A14: =IF(ROW()-3<=MAX(計算用!$Q$2,計算用!$Q$3),ROW()-3,"") | B14: =IFERROR(INDEX(計算用!$D$2:$D$186,MATCH("男赤"&$A14,計算用!$L$2:$L$186,0)),"") | C14: =IFERROR(INDEX(計算用!$M$2:$M$186,MATCH("男赤"&$A14,計算用!$L$2:$L$186,0)),"") | D14: =IFERROR(INDEX(計算用!$G$2:$G$186,MATCH("男赤"&$A14,計算用!$L$2:$L$186,0)),"") | F14: =IFERROR(INDEX(計算用!$D$2:$D$186,MATCH("男白"&$A14,計算用!$L$2:$L$186,0)),"") | G14: =IFERROR(INDEX(計算用!$M$2:$M$186,MATCH("男白"&$A14,計算用!$L$2:$L$186,0)),"") | H14: =IFERROR(INDEX(計算用!$G$2:$G$186,MATCH("男白"&$A14,計算用!$L$2:$L$186,0)),"") | J14: =IF(ROW()-3<=MAX(計算用!$Q$4,計算用!$Q$5),ROW()-3,"") | K14: =IFERROR(INDEX(計算用!$D$2:$D$186,MATCH("女赤"&$J14,計算用!$L$2:$L$186,0)),"") | L14: =IFERROR(INDEX(計算用!$M$2:$M$186,MATCH("女赤"&$J14,計算用!$L$2:$L$186,0)),"") | M14: =IFERROR(INDEX(計算用!$G$2:$G$186,MATCH("女赤"&$J14,計算用!$L$2:$L$186,0)),"") | O14: =IFERROR(INDEX(計算用!$D$2:$D$186,MATCH("女白"&$J14,計算用!$L$2:$L$186,0)),"") | P14: =IFERROR(INDEX(計算用!$M$2:$M$186,MATCH("女白"&$J14,計算用!$L$2:$L$186,0)),"") | Q14: =IFERROR(INDEX(計算用!$G$2:$G$186,MATCH("女白"&$J14,計算用!$L$2:$L$186,0)),"")
A15: =IF(ROW()-3<=MAX(計算用!$Q$2,計算用!$Q$3),ROW()-3,"") | B15: =IFERROR(INDEX(計算用!$D$2:$D$186,MATCH("男赤"&$A15,計算用!$L$2:$L$186,0)),"") | C15: =IFERROR(INDEX(計算用!$M$2:$M$186,MATCH("男赤"&$A15,計算用!$L$2:$L$186,0)),"") | D15: =IFERROR(INDEX(計算用!$G$2:$G$186,MATCH("男赤"&$A15,計算用!$L$2:$L$186,0)),"") | F15: =IFERROR(INDEX(計算用!$D$2:$D$186,MATCH("男白"&$A15,計算用!$L$2:$L$186,0)),"") | G15: =IFERROR(INDEX(計算用!$M$2:$M$186,MATCH("男白"&$A15,計算用!$L$2:$L$186,0)),"") | H15: =IFERROR(INDEX(計算用!$G$2:$G$186,MATCH("男白"&$A15,計算用!$L$2:$L$186,0)),"") | J15: =IF(ROW()-3<=MAX(計算用!$Q$4,計算用!$Q$5),ROW()-3,"") | K15: =IFERROR(INDEX(計算用!$D$2:$D$186,MATCH("女赤"&$J15,計算用!$L$2:$L$186,0)),"") | L15: =IFERROR(INDEX(計算用!$M$2:$M$186,MATCH("女赤"&$J15,計算用!$L$2:$L$186,0)),"") | M15: =IFERROR(INDEX(計算用!$G$2:$G$186,MATCH("女赤"&$J15,計算用!$L$2:$L$186,0)),"") | O15: =IFERROR(INDEX(計算用!$D$2:$D$186,MATCH("女白"&$J15,計算用!$L$2:$L$186,0)),"") | P15: =IFERROR(INDEX(計算用!$M$2:$M$186,MATCH("女白"&$J15,計算用!$L$2:$L$186,0)),"") | Q15: =IFERROR(INDEX(計算用!$G$2:$G$186,MATCH("女白"&$J15,計算用!$L$2:$L$186,0)),"")
... A188: =IF(ROW()-3<=MAX(計算用!$Q$2,計算用!$Q$3),ROW()-3,"") | B188: =IFERROR(INDEX(計算用!$D$2:$D$186,MATCH("男赤"&$A188,計算用!$L$2:$L$186,0)),"") | C188: =IFERROR(INDEX(計算用!$M$2:$M$186,MATCH("男赤"&$A188,計算用!$L$2:$L$186,0)),"") | D188: =IFERROR(INDEX(計算用!$G$2:$G$186,MATCH("男赤"&$A188,計算用!$L$2:$L$186,0)),"") | F188: =IFERROR(INDEX(計算用!$D$2:$D$186,MATCH("男白"&$A188,計算用!$L$2:$L$186,0)),"") | G188: =IFERROR(INDEX(計算用!$M$2:$M$186,MATCH("男白"&$A188,計算用!$L$2:$L$186,0)),"") | H188: =IFERROR(INDEX(計算用!$G$2:$G$186,MATCH("男白"&$A188,計算用!$L$2:$L$186,0)),"") | J188: =IF(ROW()-3<=MAX(計算用!$Q$4,計算用!$Q$5),ROW()-3,"") | K188: =IFERROR(INDEX(計算用!$D$2:$D$186,MATCH("女赤"&$J188,計算用!$L$2:$L$186,0)),"") | L188: =IFERROR(INDEX(計算用!$M$2:$M$186,MATCH("女赤"&$J188,計算用!$L$2:$L$186,0)),"") | M188: =IFERROR(INDEX(計算用!$G$2:$G$186,MATCH("女赤"&$J188,計算用!$L$2:$L$186,0)),"") | O188: =IFERROR(INDEX(計算用!$D$2:$D$186,MATCH("女白"&$J188,計算用!$L$2:$L$186,0)),"") | P188: =IFERROR(INDEX(計算用!$M$2:$M$186,MATCH("女白"&$J188,計算用!$L$2:$L$186,0)),"") | Q188: =IFERROR(INDEX(計算用!$G$2:$G$186,MATCH("女白"&$J188,計算用!$L$2:$L$186,0)),"")

Sheet 4人組
A1: 男子 | D1: =IF(SUMPRODUCT((計算用!$T$2:$T$51>0)*(((計算用!$T$2:$T$51<>4)+(計算用!$W$2:$W$51<>2))>0))>0,"※黄色の組は、人数の都合で調整した組です","") | Q1: 女子 | T1: =IF(SUMPRODUCT((計算用!$AC$2:$AC$51>0)*(((計算用!$AC$2:$AC$51<>4)+(計算用!$AF$2:$AF$51<>2))>0))>0,"※黄色の組は、人数の都合で調整した組です","")
A2: 組 | B2: 人数 | C2: 内訳 | D2: 1人目 | G2: 2人目 | J2: 3人目 | M2: 4人目 | Q2: 組 | R2: 人数 | S2: 内訳 | T2: 1人目 | W2: 2人目 | Z2: 3人目 | AC2: 4人目
D3: 名前 | E3: クラス | F3: 色 | G3: 名前 | H3: クラス | I3: 色 | J3: 名前 | K3: クラス | L3: 色 | M3: 名前 | N3: クラス | O3: 色 | T3: 名前 | U3: クラス | V3: 色 | W3: 名前 | X3: クラス | Y3: 色 | Z3: 名前 | AA3: クラス | AB3: 色 | AC3: 名前 | AD3: クラス | AE3: 色
A4: =IF(ROW()-3<=計算用!$Q$9,ROW()-3,"") | B4: =IF($A4="","",INDEX(計算用!$T$2:$T$51,$A4)) | C4: =IF($A4="","","赤"&INDEX(計算用!$W$2:$W$51,$A4)&"白"&INDEX(計算用!$X$2:$X$51,$A4)) | D4: =IF($A4="","",IFERROR(INDEX(計算用!$D$2:$D$186,MATCH("男"&$A4&"-1",計算用!$AN$2:$AN$186,0)),"")) | E4: =IF($A4="","",IFERROR(INDEX(計算用!$M$2:$M$186,MATCH("男"&$A4&"-1",計算用!$AN$2:$AN$186,0)),"")) | F4: =IF($A4="","",IFERROR(INDEX(計算用!$I$2:$I$186,MATCH("男"&$A4&"-1",計算用!$AN$2:$AN$186,0)),"")) | G4: =IF($A4="","",IFERROR(INDEX(計算用!$D$2:$D$186,MATCH("男"&$A4&"-2",計算用!$AN$2:$AN$186,0)),"")) | H4: =IF($A4="","",IFERROR(INDEX(計算用!$M$2:$M$186,MATCH("男"&$A4&"-2",計算用!$AN$2:$AN$186,0)),"")) | I4: =IF($A4="","",IFERROR(INDEX(計算用!$I$2:$I$186,MATCH("男"&$A4&"-2",計算用!$AN$2:$AN$186,0)),"")) | J4: =IF($A4="","",IFERROR(INDEX(計算用!$D$2:$D$186,MATCH("男"&$A4&"-3",計算用!$AN$2:$AN$186,0)),"")) | K4: =IF($A4="","",IFERROR(INDEX(計算用!$M$2:$M$186,MATCH("男"&$A4&"-3",計算用!$AN$2:$AN$186,0)),"")) | L4: =IF($A4="","",IFERROR(INDEX(計算用!$I$2:$I$186,MATCH("男"&$A4&"-3",計算用!$AN$2:$AN$186,0)),"")) | M4: =IF($A4="","",IFERROR(INDEX(計算用!$D$2:$D$186,MATCH("男"&$A4&"-4",計算用!$AN$2:$AN$186,0)),"")) | N4: =IF($A4="","",IFERROR(INDEX(計算用!$M$2:$M$186,MATCH("男"&$A4&"-4",計算用!$AN$2:$AN$186,0)),"")) | O4: =IF($A4="","",IFERROR(INDEX(計算用!$I$2:$I$186,MATCH("男"&$A4&"-4",計算用!$AN$2:$AN$186,0)),"")) | Q4: =IF(ROW()-3<=計算用!$Q$11,ROW()-3,"") | R4: =IF($Q4="","",INDEX(計算用!$AC$2:$AC$51,$Q4)) | S4: =IF($Q4="","","赤"&INDEX(計算用!$AF$2:$AF$51,$Q4)&"白"&INDEX(計算用!$AG$2:$AG$51,$Q4)) | T4: =IF($Q4="","",IFERROR(INDEX(計算用!$D$2:$D$186,MATCH("女"&$Q4&"-1",計算用!$AN$2:$AN$186,0)),"")) | U4: =IF($Q4="","",IFERROR(INDEX(計算用!$M$2:$M$186,MATCH("女"&$Q4&"-1",計算用!$AN$2:$AN$186,0)),"")) | V4: =IF($Q4="","",IFERROR(INDEX(計算用!$I$2:$I$186,MATCH("女"&$Q4&"-1",計算用!$AN$2:$AN$186,0)),"")) | W4: =IF($Q4="","",IFERROR(INDEX(計算用!$D$2:$D$186,MATCH("女"&$Q4&"-2",計算用!$AN$2:$AN$186,0)),"")) | X4: =IF($Q4="","",IFERROR(INDEX(計算用!$M$2:$M$186,MATCH("女"&$Q4&"-2",計算用!$AN$2:$AN$186,0)),"")) | Y4: =IF($Q4="","",IFERROR(INDEX(計算用!$I$2:$I$186,MATCH("女"&$Q4&"-2",計算用!$AN$2:$AN$186,0)),"")) | Z4: =IF($Q4="","",IFERROR(INDEX(計算用!$D$2:$D$186,MATCH("女"&$Q4&"-3",計算用!$AN$2:$AN$186,0)),"")) | AA4: =IF($Q4="","",IFERROR(INDEX(計算用!$M$2:$M$186,MATCH("女"&$Q4&"-3",計算用!$AN$2:$AN$186,0)),"")) | AB4: =IF($Q4="","",IFERROR(INDEX(計算用!$I$2:$I$186,MATCH("女"&$Q4&"-3",計算用!$AN$2:$AN$186,0)),"")) | AC4: =IF($Q4="","",IFERROR(INDEX(計算用!$D$2:$D$186,MATCH("女"&$Q4&"-4",計算用!$AN$2:$AN$186,0)),"")) | AD4: =IF($Q4="","",IFERROR(INDEX(計算用!$M$2:$M$186,MATCH("女"&$Q4&"-4",計算用!$AN$2:$AN$186,0)),"")) | AE4: =IF($Q4="","",IFERROR(INDEX(計算用!$I$2:$I$186,MATCH("女"&$Q4&"-4",計算用!$AN$2:$AN$186,0)),""))
A5: =IF(ROW()-3<=計算用!$Q$9,ROW()-3,"") | B5: =IF($A5="","",INDEX(計算用!$T$2:$T$51,$A5)) | C5: =IF($A5="","","赤"&INDEX(計算用!$W$2:$W$51,$A5)&"白"&INDEX(計算用!$X$2:$X$51,$A5)) | D5: =IF($A5="","",IFERROR(INDEX(計算用!$D$2:$D$186,MATCH("男"&$A5&"-1",計算用!$AN$2:$AN$186,0)),"")) | E5: =IF($A5="","",IFERROR(INDEX(計算用!$M$2:$M$186,MATCH("男"&$A5&"-1",計算用!$AN$2:$AN$186,0)),"")) | F5: =IF($A5="","",IFERROR(INDEX(計算用!$I$2:$I$186,MATCH("男"&$A5&"-1",計算用!$AN$2:$AN$186,0)),"")) | G5: =IF($A5="","",IFERROR(INDEX(計算用!$D$2:$D$186,MATCH("男"&$A5&"-2",計算用!$AN$2:$AN$186,0)),"")) | H5: =IF($A5="","",IFERROR(INDEX(計算用!$M$2:$M$186,MATCH("男"&$A5&"-2",計算用!$AN$2:$AN$186,0)),"")) | I5: =IF($A5="","",IFERROR(INDEX(計算用!$I$2:$I$186,MATCH("男"&$A5&"-2",計算用!$AN$2:$AN$186,0)),"")) | J5: =IF($A5="","",IFERROR(INDEX(計算用!$D$2:$D$186,MATCH("男"&$A5&"-3",計算用!$AN$2:$AN$186,0)),"")) | K5: =IF($A5="","",IFERROR(INDEX(計算用!$M$2:$M$186,MATCH("男"&$A5&"-3",計算用!$AN$2:$AN$186,0)),"")) | L5: =IF($A5="","",IFERROR(INDEX(計算用!$I$2:$I$186,MATCH("男"&$A5&"-3",計算用!$AN$2:$AN$186,0)),"")) | M5: =IF($A5="","",IFERROR(INDEX(計算用!$D$2:$D$186,MATCH("男"&$A5&"-4",計算用!$AN$2:$AN$186,0)),"")) | N5: =IF($A5="","",IFERROR(INDEX(計算用!$M$2:$M$186,MATCH("男"&$A5&"-4",計算用!$AN$2:$AN$186,0)),"")) | O5: =IF($A5="","",IFERROR(INDEX(計算用!$I$2:$I$186,MATCH("男"&$A5&"-4",計算用!$AN$2:$AN$186,0)),"")) | Q5: =IF(ROW()-3<=計算用!$Q$11,ROW()-3,"") | R5: =IF($Q5="","",INDEX(計算用!$AC$2:$AC$51,$Q5)) | S5: =IF($Q5="","","赤"&INDEX(計算用!$AF$2:$AF$51,$Q5)&"白"&INDEX(計算用!$AG$2:$AG$51,$Q5)) | T5: =IF($Q5="","",IFERROR(INDEX(計算用!$D$2:$D$186,MATCH("女"&$Q5&"-1",計算用!$AN$2:$AN$186,0)),"")) | U5: =IF($Q5="","",IFERROR(INDEX(計算用!$M$2:$M$186,MATCH("女"&$Q5&"-1",計算用!$AN$2:$AN$186,0)),"")) | V5: =IF($Q5="","",IFERROR(INDEX(計算用!$I$2:$I$186,MATCH("女"&$Q5&"-1",計算用!$AN$2:$AN$186,0)),"")) | W5: =IF($Q5="","",IFERROR(INDEX(計算用!$D$2:$D$186,MATCH("女"&$Q5&"-2",計算用!$AN$2:$AN$186,0)),"")) | X5: =IF($Q5="","",IFERROR(INDEX(計算用!$M$2:$M$186,MATCH("女"&$Q5&"-2",計算用!$AN$2:$AN$186,0)),"")) | Y5: =IF($Q5="","",IFERROR(INDEX(計算用!$I$2:$I$186,MATCH("女"&$Q5&"-2",計算用!$AN$2:$AN$186,0)),"")) | Z5: =IF($Q5="","",IFERROR(INDEX(計算用!$D$2:$D$186,MATCH("女"&$Q5&"-3",計算用!$AN$2:$AN$186,0)),"")) | AA5: =IF($Q5="","",IFERROR(INDEX(計算用!$M$2:$M$186,MATCH("女"&$Q5&"-3",計算用!$AN$2:$AN$186,0)),"")) | AB5: =IF($Q5="","",IFERROR(INDEX(計算用!$I$2:$I$186,MATCH("女"&$Q5&"-3",計算用!$AN$2:$AN$186,0)),"")) | AC5: =IF($Q5="","",IFERROR(INDEX(計算用!$D$2:$D$186,MATCH("女"&$Q5&"-4",計算用!$AN$2:$AN$186,0)),"")) | AD5: =IF($Q5="","",IFERROR(INDEX(計算用!$M$2:$M$186,MATCH("女"&$Q5&"-4",計算用!$AN$2:$AN$186,0)),"")) | AE5: =IF($Q5="","",IFERROR(INDEX(計算用!$I$2:$I$186,MATCH("女"&$Q5&"-4",計算用!$AN$2:$AN$186,0)),""))
A6: =IF(ROW()-3<=計算用!$Q$9,ROW()-3,"") | B6: =IF($A6="","",INDEX(計算用!$T$2:$T$51,$A6)) | C6: =IF($A6="","","赤"&INDEX(計算用!$W$2:$W$51,$A6)&"白"&INDEX(計算用!$X$2:$X$51,$A6)) | D6: =IF($A6="","",IFERROR(INDEX(計算用!$D$2:$D$186,MATCH("男"&$A6&"-1",計算用!$AN$2:$AN$186,0)),"")) | E6: =IF($A6="","",IFERROR(INDEX(計算用!$M$2:$M$186,MATCH("男"&$A6&"-1",計算用!$AN$2:$AN$186,0)),"")) | F6: =IF($A6="","",IFERROR(INDEX(計算用!$I$2:$I$186,MATCH("男"&$A6&"-1",計算用!$AN$2:$AN$186,0)),"")) | G6: =IF($A6="","",IFERROR(INDEX(計算用!$D$2:$D$186,MATCH("男"&$A6&"-2",計算用!$AN$2:$AN$186,0)),"")) | H6: =IF($A6="","",IFERROR(INDEX(計算用!$M$2:$M$186,MATCH("男"&$A6&"-2",計算用!$AN$2:$AN$186,0)),"")) | I6: =IF($A6="","",IFERROR(INDEX(計算用!$I$2:$I$186,MATCH("男"&$A6&"-2",計算用!$AN$2:$AN$186,0)),"")) | J6: =IF($A6="","",IFERROR(INDEX(計算用!$D$2:$D$186,MATCH("男"&$A6&"-3",計算用!$AN$2:$AN$186,0)),"")) | K6: =IF($A6="","",IFERROR(INDEX(計算用!$M$2:$M$186,MATCH("男"&$A6&"-3",計算用!$AN$2:$AN$186,0)),"")) | L6: =IF($A6="","",IFERROR(INDEX(計算用!$I$2:$I$186,MATCH("男"&$A6&"-3",計算用!$AN$2:$AN$186,0)),"")) | M6: =IF($A6="","",IFERROR(INDEX(計算用!$D$2:$D$186,MATCH("男"&$A6&"-4",計算用!$AN$2:$AN$186,0)),"")) | N6: =IF($A6="","",IFERROR(INDEX(計算用!$M$2:$M$186,MATCH("男"&$A6&"-4",計算用!$AN$2:$AN$186,0)),"")) | O6: =IF($A6="","",IFERROR(INDEX(計算用!$I$2:$I$186,MATCH("男"&$A6&"-4",計算用!$AN$2:$AN$186,0)),"")) | Q6: =IF(ROW()-3<=計算用!$Q$11,ROW()-3,"") | R6: =IF($Q6="","",INDEX(計算用!$AC$2:$AC$51,$Q6)) | S6: =IF($Q6="","","赤"&INDEX(計算用!$AF$2:$AF$51,$Q6)&"白"&INDEX(計算用!$AG$2:$AG$51,$Q6)) | T6: =IF($Q6="","",IFERROR(INDEX(計算用!$D$2:$D$186,MATCH("女"&$Q6&"-1",計算用!$AN$2:$AN$186,0)),"")) | U6: =IF($Q6="","",IFERROR(INDEX(計算用!$M$2:$M$186,MATCH("女"&$Q6&"-1",計算用!$AN$2:$AN$186,0)),"")) | V6: =IF($Q6="","",IFERROR(INDEX(計算用!$I$2:$I$186,MATCH("女"&$Q6&"-1",計算用!$AN$2:$AN$186,0)),"")) | W6: =IF($Q6="","",IFERROR(INDEX(計算用!$D$2:$D$186,MATCH("女"&$Q6&"-2",計算用!$AN$2:$AN$186,0)),"")) | X6: =IF($Q6="","",IFERROR(INDEX(計算用!$M$2:$M$186,MATCH("女"&$Q6&"-2",計算用!$AN$2:$AN$186,0)),"")) | Y6: =IF($Q6="","",IFERROR(INDEX(計算用!$I$2:$I$186,MATCH("女"&$Q6&"-2",計算用!$AN$2:$AN$186,0)),"")) | Z6: =IF($Q6="","",IFERROR(INDEX(計算用!$D$2:$D$186,MATCH("女"&$Q6&"-3",計算用!$AN$2:$AN$186,0)),"")) | AA6: =IF($Q6="","",IFERROR(INDEX(計算用!$M$2:$M$186,MATCH("女"&$Q6&"-3",計算用!$AN$2:$AN$186,0)),"")) | AB6: =IF($Q6="","",IFERROR(INDEX(計算用!$I$2:$I$186,MATCH("女"&$Q6&"-3",計算用!$AN$2:$AN$186,0)),"")) | AC6: =IF($Q6="","",IFERROR(INDEX(計算用!$D$2:$D$186,MATCH("女"&$Q6&"-4",計算用!$AN$2:$AN$186,0)),"")) | AD6: =IF($Q6="","",IFERROR(INDEX(計算用!$M$2:$M$186,MATCH("女"&$Q6&"-4",計算用!$AN$2:$AN$186,0)),"")) | AE6: =IF($Q6="","",IFERROR(INDEX(計算用!$I$2:$I$186,MATCH("女"&$Q6&"-4",計算用!$AN$2:$AN$186,0)),""))
A7: =IF(ROW()-3<=計算用!$Q$9,ROW()-3,"") | B7: =IF($A7="","",INDEX(計算用!$T$2:$T$51,$A7)) | C7: =IF($A7="","","赤"&INDEX(計算用!$W$2:$W$51,$A7)&"白"&INDEX(計算用!$X$2:$X$51,$A7)) | D7: =IF($A7="","",IFERROR(INDEX(計算用!$D$2:$D$186,MATCH("男"&$A7&"-1",計算用!$AN$2:$AN$186,0)),"")) | E7: =IF($A7="","",IFERROR(INDEX(計算用!$M$2:$M$186,MATCH("男"&$A7&"-1",計算用!$AN$2:$AN$186,0)),"")) | F7: =IF($A7="","",IFERROR(INDEX(計算用!$I$2:$I$186,MATCH("男"&$A7&"-1",計算用!$AN$2:$AN$186,0)),"")) | G7: =IF($A7="","",IFERROR(INDEX(計算用!$D$2:$D$186,MATCH("男"&$A7&"-2",計算用!$AN$2:$AN$186,0)),"")) | H7: =IF($A7="","",IFERROR(INDEX(計算用!$M$2:$M$186,MATCH("男"&$A7&"-2",計算用!$AN$2:$AN$186,0)),"")) | I7: =IF($A7="","",IFERROR(INDEX(計算用!$I$2:$I$186,MATCH("男"&$A7&"-2",計算用!$AN$2:$AN$186,0)),"")) | J7: =IF($A7="","",IFERROR(INDEX(計算用!$D$2:$D$186,MATCH("男"&$A7&"-3",計算用!$AN$2:$AN$186,0)),"")) | K7: =IF($A7="","",IFERROR(INDEX(計算用!$M$2:$M$186,MATCH("男"&$A7&"-3",計算用!$AN$2:$AN$186,0)),"")) | L7: =IF($A7="","",IFERROR(INDEX(計算用!$I$2:$I$186,MATCH("男"&$A7&"-3",計算用!$AN$2:$AN$186,0)),"")) | M7: =IF($A7="","",IFERROR(INDEX(計算用!$D$2:$D$186,MATCH("男"&$A7&"-4",計算用!$AN$2:$AN$186,0)),"")) | N7: =IF($A7="","",IFERROR(INDEX(計算用!$M$2:$M$186,MATCH("男"&$A7&"-4",計算用!$AN$2:$AN$186,0)),"")) | O7: =IF($A7="","",IFERROR(INDEX(計算用!$I$2:$I$186,MATCH("男"&$A7&"-4",計算用!$AN$2:$AN$186,0)),"")) | Q7: =IF(ROW()-3<=計算用!$Q$11,ROW()-3,"") | R7: =IF($Q7="","",INDEX(計算用!$AC$2:$AC$51,$Q7)) | S7: =IF($Q7="","","赤"&INDEX(計算用!$AF$2:$AF$51,$Q7)&"白"&INDEX(計算用!$AG$2:$AG$51,$Q7)) | T7: =IF($Q7="","",IFERROR(INDEX(計算用!$D$2:$D$186,MATCH("女"&$Q7&"-1",計算用!$AN$2:$AN$186,0)),"")) | U7: =IF($Q7="","",IFERROR(INDEX(計算用!$M$2:$M$186,MATCH("女"&$Q7&"-1",計算用!$AN$2:$AN$186,0)),"")) | V7: =IF($Q7="","",IFERROR(INDEX(計算用!$I$2:$I$186,MATCH("女"&$Q7&"-1",計算用!$AN$2:$AN$186,0)),"")) | W7: =IF($Q7="","",IFERROR(INDEX(計算用!$D$2:$D$186,MATCH("女"&$Q7&"-2",計算用!$AN$2:$AN$186,0)),"")) | X7: =IF($Q7="","",IFERROR(INDEX(計算用!$M$2:$M$186,MATCH("女"&$Q7&"-2",計算用!$AN$2:$AN$186,0)),"")) | Y7: =IF($Q7="","",IFERROR(INDEX(計算用!$I$2:$I$186,MATCH("女"&$Q7&"-2",計算用!$AN$2:$AN$186,0)),"")) | Z7: =IF($Q7="","",IFERROR(INDEX(計算用!$D$2:$D$186,MATCH("女"&$Q7&"-3",計算用!$AN$2:$AN$186,0)),"")) | AA7: =IF($Q7="","",IFERROR(INDEX(計算用!$M$2:$M$186,MATCH("女"&$Q7&"-3",計算用!$AN$2:$AN$186,0)),"")) | AB7: =IF($Q7="","",IFERROR(INDEX(計算用!$I$2:$I$186,MATCH("女"&$Q7&"-3",計算用!$AN$2:$AN$186,0)),"")) | AC7: =IF($Q7="","",IFERROR(INDEX(計算用!$D$2:$D$186,MATCH("女"&$Q7&"-4",計算用!$AN$2:$AN$186,0)),"")) | AD7: =IF($Q7="","",IFERROR(INDEX(計算用!$M$2:$M$186,MATCH("女"&$Q7&"-4",計算用!$AN$2:$AN$186,0)),"")) | AE7: =IF($Q7="","",IFERROR(INDEX(計算用!$I$2:$I$186,MATCH("女"&$Q7&"-4",計算用!$AN$2:$AN$186,0)),""))
A8: =IF(ROW()-3<=計算用!$Q$9,ROW()-3,"") | B8: =IF($A8="","",INDEX(計算用!$T$2:$T$51,$A8)) | C8: =IF($A8="","","赤"&INDEX(計算用!$W$2:$W$51,$A8)&"白"&INDEX(計算用!$X$2:$X$51,$A8)) | D8: =IF($A8="","",IFERROR(INDEX(計算用!$D$2:$D$186,MATCH("男"&$A8&"-1",計算用!$AN$2:$AN$186,0)),"")) | E8: =IF($A8="","",IFERROR(INDEX(計算用!$M$2:$M$186,MATCH("男"&$A8&"-1",計算用!$AN$2:$AN$186,0)),"")) | F8: =IF($A8="","",IFERROR(INDEX(計算用!$I$2:$I$186,MATCH("男"&$A8&"-1",計算用!$AN$2:$AN$186,0)),"")) | G8: =IF($A8="","",IFERROR(INDEX(計算用!$D$2:$D$186,MATCH("男"&$A8&"-2",計算用!$AN$2:$AN$186,0)),"")) | H8: =IF($A8="","",IFERROR(INDEX(計算用!$M$2:$M$186,MATCH("男"&$A8&"-2",計算用!$AN$2:$AN$186,0)),"")) | I8: =IF($A8="","",IFERROR(INDEX(計算用!$I$2:$I$186,MATCH("男"&$A8&"-2",計算用!$AN$2:$AN$186,0)),"")) | J8: =IF($A8="","",IFERROR(INDEX(計算用!$D$2:$D$186,MATCH("男"&$A8&"-3",計算用!$AN$2:$AN$186,0)),"")) | K8: =IF($A8="","",IFERROR(INDEX(計算用!$M$2:$M$186,MATCH("男"&$A8&"-3",計算用!$AN$2:$AN$186,0)),"")) | L8: =IF($A8="","",IFERROR(INDEX(計算用!$I$2:$I$186,MATCH("男"&$A8&"-3",計算用!$AN$2:$AN$186,0)),"")) | M8: =IF($A8="","",IFERROR(INDEX(計算用!$D$2:$D$186,MATCH("男"&$A8&"-4",計算用!$AN$2:$AN$186,0)),"")) | N8: =IF($A8="","",IFERROR(INDEX(計算用!$M$2:$M$186,MATCH("男"&$A8&"-4",計算用!$AN$2:$AN$186,0)),"")) | O8: =IF($A8="","",IFERROR(INDEX(計算用!$I$2:$I$186,MATCH("男"&$A8&"-4",計算用!$AN$2:$AN$186,0)),"")) | Q8: =IF(ROW()-3<=計算用!$Q$11,ROW()-3,"") | R8: =IF($Q8="","",INDEX(計算用!$AC$2:$AC$51,$Q8)) | S8: =IF($Q8="","","赤"&INDEX(計算用!$AF$2:$AF$51,$Q8)&"白"&INDEX(計算用!$AG$2:$AG$51,$Q8)) | T8: =IF($Q8="","",IFERROR(INDEX(計算用!$D$2:$D$186,MATCH("女"&$Q8&"-1",計算用!$AN$2:$AN$186,0)),"")) | U8: =IF($Q8="","",IFERROR(INDEX(計算用!$M$2:$M$186,MATCH("女"&$Q8&"-1",計算用!$AN$2:$AN$186,0)),"")) | V8: =IF($Q8="","",IFERROR(INDEX(計算用!$I$2:$I$186,MATCH("女"&$Q8&"-1",計算用!$AN$2:$AN$186,0)),"")) | W8: =IF($Q8="","",IFERROR(INDEX(計算用!$D$2:$D$186,MATCH("女"&$Q8&"-2",計算用!$AN$2:$AN$186,0)),"")) | X8: =IF($Q8="","",IFERROR(INDEX(計算用!$M$2:$M$186,MATCH("女"&$Q8&"-2",計算用!$AN$2:$AN$186,0)),"")) | Y8: =IF($Q8="","",IFERROR(INDEX(計算用!$I$2:$I$186,MATCH("女"&$Q8&"-2",計算用!$AN$2:$AN$186,0)),"")) | Z8: =IF($Q8="","",IFERROR(INDEX(計算用!$D$2:$D$186,MATCH("女"&$Q8&"-3",計算用!$AN$2:$AN$186,0)),"")) | AA8: =IF($Q8="","",IFERROR(INDEX(計算用!$M$2:$M$186,MATCH("女"&$Q8&"-3",計算用!$AN$2:$AN$186,0)),"")) | AB8: =IF($Q8="","",IFERROR(INDEX(計算用!$I$2:$I$186,MATCH("女"&$Q8&"-3",計算用!$AN$2:$AN$186,0)),"")) | AC8: =IF($Q8="","",IFERROR(INDEX(計算用!$D$2:$D$186,MATCH("女"&$Q8&"-4",計算用!$AN$2:$AN$186,0)),"")) | AD8: =IF($Q8="","",IFERROR(INDEX(計算用!$M$2:$M$186,MATCH("女"&$Q8&"-4",計算用!$AN$2:$AN$186,0)),"")) | AE8: =IF($Q8="","",IFERROR(INDEX(計算用!$I$2:$I$186,MATCH("女"&$Q8&"-4",計算用!$AN$2:$AN$186,0)),""))
A9: =IF(ROW()-3<=計算用!$Q$9,ROW()-3,"") | B9: =IF($A9="","",INDEX(計算用!$T$2:$T$51,$A9)) | C9: =IF($A9="","","赤"&INDEX(計算用!$W$2:$W$51,$A9)&"白"&INDEX(計算用!$X$2:$X$51,$A9)) | D9: =IF($A9="","",IFERROR(INDEX(計算用!$D$2:$D$186,MATCH("男"&$A9&"-1",計算用!$AN$2:$AN$186,0)),"")) | E9: =IF($A9="","",IFERROR(INDEX(計算用!$M$2:$M$186,MATCH("男"&$A9&"-1",計算用!$AN$2:$AN$186,0)),"")) | F9: =IF($A9="","",IFERROR(INDEX(計算用!$I$2:$I$186,MATCH("男"&$A9&"-1",計算用!$AN$2:$AN$186,0)),"")) | G9: =IF($A9="","",IFERROR(INDEX(計算用!$D$2:$D$186,MATCH("男"&$A9&"-2",計算用!$AN$2:$AN$186,0)),"")) | H9: =IF($A9="","",IFERROR(INDEX(計算用!$M$2:$M$186,MATCH("男"&$A9&"-2",計算用!$AN$2:$AN$186,0)),"")) | I9: =IF($A9="","",IFERROR(INDEX(計算用!$I$2:$I$186,MATCH("男"&$A9&"-2",計算用!$AN$2:$AN$186,0)),"")) | J9: =IF($A9="","",IFERROR(INDEX(計算用!$D$2:$D$186,MATCH("男"&$A9&"-3",計算用!$AN$2:$AN$186,0)),"")) | K9: =IF($A9="","",IFERROR(INDEX(計算用!$M$2:$M$186,MATCH("男"&$A9&"-3",計算用!$AN$2:$AN$186,0)),"")) | L9: =IF($A9="","",IFERROR(INDEX(計算用!$I$2:$I$186,MATCH("男"&$A9&"-3",計算用!$AN$2:$AN$186,0)),"")) | M9: =IF($A9="","",IFERROR(INDEX(計算用!$D$2:$D$186,MATCH("男"&$A9&"-4",計算用!$AN$2:$AN$186,0)),"")) | N9: =IF($A9="","",IFERROR(INDEX(計算用!$M$2:$M$186,MATCH("男"&$A9&"-4",計算用!$AN$2:$AN$186,0)),"")) | O9: =IF($A9="","",IFERROR(INDEX(計算用!$I$2:$I$186,MATCH("男"&$A9&"-4",計算用!$AN$2:$AN$186,0)),"")) | Q9: =IF(ROW()-3<=計算用!$Q$11,ROW()-3,"") | R9: =IF($Q9="","",INDEX(計算用!$AC$2:$AC$51,$Q9)) | S9: =IF($Q9="","","赤"&INDEX(計算用!$AF$2:$AF$51,$Q9)&"白"&INDEX(計算用!$AG$2:$AG$51,$Q9)) | T9: =IF($Q9="","",IFERROR(INDEX(計算用!$D$2:$D$186,MATCH("女"&$Q9&"-1",計算用!$AN$2:$AN$186,0)),"")) | U9: =IF($Q9="","",IFERROR(INDEX(計算用!$M$2:$M$186,MATCH("女"&$Q9&"-1",計算用!$AN$2:$AN$186,0)),"")) | V9: =IF($Q9="","",IFERROR(INDEX(計算用!$I$2:$I$186,MATCH("女"&$Q9&"-1",計算用!$AN$2:$AN$186,0)),"")) | W9: =IF($Q9="","",IFERROR(INDEX(計算用!$D$2:$D$186,MATCH("女"&$Q9&"-2",計算用!$AN$2:$AN$186,0)),"")) | X9: =IF($Q9="","",IFERROR(INDEX(計算用!$M$2:$M$186,MATCH("女"&$Q9&"-2",計算用!$AN$2:$AN$186,0)),"")) | Y9: =IF($Q9="","",IFERROR(INDEX(計算用!$I$2:$I$186,MATCH("女"&$Q9&"-2",計算用!$AN$2:$AN$186,0)),"")) | Z9: =IF($Q9="","",IFERROR(INDEX(計算用!$D$2:$D$186,MATCH("女"&$Q9&"-3",計算用!$AN$2:$AN$186,0)),"")) | AA9: =IF($Q9="","",IFERROR(INDEX(計算用!$M$2:$M$186,MATCH("女"&$Q9&"-3",計算用!$AN$2:$AN$186,0)),"")) | AB9: =IF($Q9="","",IFERROR(INDEX(計算用!$I$2:$I$186,MATCH("女"&$Q9&"-3",計算用!$AN$2:$AN$186,0)),"")) | AC9: =IF($Q9="","",IFERROR(INDEX(計算用!$D$2:$D$186,MATCH("女"&$Q9&"-4",計算用!$AN$2:$AN$186,0)),"")) | AD9: =IF($Q9="","",IFERROR(INDEX(計算用!$M$2:$M$186,MATCH("女"&$Q9&"-4",計算用!$AN$2:$AN$186,0)),"")) | AE9: =IF($Q9="","",IFERROR(INDEX(計算用!$I$2:$I$186,MATCH("女"&$Q9&"-4",計算用!$AN$2:$AN$186,0)),""))
A10: =IF(ROW()-3<=計算用!$Q$9,ROW()-3,"") | B10: =IF($A10="","",INDEX(計算用!$T$2:$T$51,$A10)) | C10: =IF($A10="","","赤"&INDEX(計算用!$W$2:$W$51,$A10)&"白"&INDEX(計算用!$X$2:$X$51,$A10)) | D10: =IF($A10="","",IFERROR(INDEX(計算用!$D$2:$D$186,MATCH("男"&$A10&"-1",計算用!$AN$2:$AN$186,0)),"")) | E10: =IF($A10="","",IFERROR(INDEX(計算用!$M$2:$M$186,MATCH("男"&$A10&"-1",計算用!$AN$2:$AN$186,0)),"")) | F10: =IF($A10="","",IFERROR(INDEX(計算用!$I$2:$I$186,MATCH("男"&$A10&"-1",計算用!$AN$2:$AN$186,0)),"")) | G10: =IF($A10="","",IFERROR(INDEX(計算用!$D$2:$D$186,MATCH("男"&$A10&"-2",計算用!$AN$2:$AN$186,0)),"")) | H10: =IF($A10="","",IFERROR(INDEX(計算用!$M$2:$M$186,MATCH("男"&$A10&"-2",計算用!$AN$2:$AN$186,0)),"")) | I10: =IF($A10="","",IFERROR(INDEX(計算用!$I$2:$I$186,MATCH("男"&$A10&"-2",計算用!$AN$2:$AN$186,0)),"")) | J10: =IF($A10="","",IFERROR(INDEX(計算用!$D$2:$D$186,MATCH("男"&$A10&"-3",計算用!$AN$2:$AN$186,0)),"")) | K10: =IF($A10="","",IFERROR(INDEX(計算用!$M$2:$M$186,MATCH("男"&$A10&"-3",計算用!$AN$2:$AN$186,0)),"")) | L10: =IF($A10="","",IFERROR(INDEX(計算用!$I$2:$I$186,MATCH("男"&$A10&"-3",計算用!$AN$2:$AN$186,0)),"")) | M10: =IF($A10="","",IFERROR(INDEX(計算用!$D$2:$D$186,MATCH("男"&$A10&"-4",計算用!$AN$2:$AN$186,0)),"")) | N10: =IF($A10="","",IFERROR(INDEX(計算用!$M$2:$M$186,MATCH("男"&$A10&"-4",計算用!$AN$2:$AN$186,0)),"")) | O10: =IF($A10="","",IFERROR(INDEX(計算用!$I$2:$I$186,MATCH("男"&$A10&"-4",計算用!$AN$2:$AN$186,0)),"")) | Q10: =IF(ROW()-3<=計算用!$Q$11,ROW()-3,"") | R10: =IF($Q10="","",INDEX(計算用!$AC$2:$AC$51,$Q10)) | S10: =IF($Q10="","","赤"&INDEX(計算用!$AF$2:$AF$51,$Q10)&"白"&INDEX(計算用!$AG$2:$AG$51,$Q10)) | T10: =IF($Q10="","",IFERROR(INDEX(計算用!$D$2:$D$186,MATCH("女"&$Q10&"-1",計算用!$AN$2:$AN$186,0)),"")) | U10: =IF($Q10="","",IFERROR(INDEX(計算用!$M$2:$M$186,MATCH("女"&$Q10&"-1",計算用!$AN$2:$AN$186,0)),"")) | V10: =IF($Q10="","",IFERROR(INDEX(計算用!$I$2:$I$186,MATCH("女"&$Q10&"-1",計算用!$AN$2:$AN$186,0)),"")) | W10: =IF($Q10="","",IFERROR(INDEX(計算用!$D$2:$D$186,MATCH("女"&$Q10&"-2",計算用!$AN$2:$AN$186,0)),"")) | X10: =IF($Q10="","",IFERROR(INDEX(計算用!$M$2:$M$186,MATCH("女"&$Q10&"-2",計算用!$AN$2:$AN$186,0)),"")) | Y10: =IF($Q10="","",IFERROR(INDEX(計算用!$I$2:$I$186,MATCH("女"&$Q10&"-2",計算用!$AN$2:$AN$186,0)),"")) | Z10: =IF($Q10="","",IFERROR(INDEX(計算用!$D$2:$D$186,MATCH("女"&$Q10&"-3",計算用!$AN$2:$AN$186,0)),"")) | AA10: =IF($Q10="","",IFERROR(INDEX(計算用!$M$2:$M$186,MATCH("女"&$Q10&"-3",計算用!$AN$2:$AN$186,0)),"")) | AB10: =IF($Q10="","",IFERROR(INDEX(計算用!$I$2:$I$186,MATCH("女"&$Q10&"-3",計算用!$AN$2:$AN$186,0)),"")) | AC10: =IF($Q10="","",IFERROR(INDEX(計算用!$D$2:$D$186,MATCH("女"&$Q10&"-4",計算用!$AN$2:$AN$186,0)),"")) | AD10: =IF($Q10="","",IFERROR(INDEX(計算用!$M$2:$M$186,MATCH("女"&$Q10&"-4",計算用!$AN$2:$AN$186,0)),"")) | AE10: =IF($Q10="","",IFERROR(INDEX(計算用!$I$2:$I$186,MATCH("女"&$Q10&"-4",計算用!$AN$2:$AN$186,0)),""))
A11: =IF(ROW()-3<=計算用!$Q$9,ROW()-3,"") | B11: =IF($A11="","",INDEX(計算用!$T$2:$T$51,$A11)) | C11: =IF($A11="","","赤"&INDEX(計算用!$W$2:$W$51,$A11)&"白"&INDEX(計算用!$X$2:$X$51,$A11)) | D11: =IF($A11="","",IFERROR(INDEX(計算用!$D$2:$D$186,MATCH("男"&$A11&"-1",計算用!$AN$2:$AN$186,0)),"")) | E11: =IF($A11="","",IFERROR(INDEX(計算用!$M$2:$M$186,MATCH("男"&$A11&"-1",計算用!$AN$2:$AN$186,0)),"")) | F11: =IF($A11="","",IFERROR(INDEX(計算用!$I$2:$I$186,MATCH("男"&$A11&"-1",計算用!$AN$2:$AN$186,0)),"")) | G11: =IF($A11="","",IFERROR(INDEX(計算用!$D$2:$D$186,MATCH("男"&$A11&"-2",計算用!$AN$2:$AN$186,0)),"")) | H11: =IF($A11="","",IFERROR(INDEX(計算用!$M$2:$M$186,MATCH("男"&$A11&"-2",計算用!$AN$2:$AN$186,0)),"")) | I11: =IF($A11="","",IFERROR(INDEX(計算用!$I$2:$I$186,MATCH("男"&$A11&"-2",計算用!$AN$2:$AN$186,0)),"")) | J11: =IF($A11="","",IFERROR(INDEX(計算用!$D$2:$D$186,MATCH("男"&$A11&"-3",計算用!$AN$2:$AN$186,0)),"")) | K11: =IF($A11="","",IFERROR(INDEX(計算用!$M$2:$M$186,MATCH("男"&$A11&"-3",計算用!$AN$2:$AN$186,0)),"")) | L11: =IF($A11="","",IFERROR(INDEX(計算用!$I$2:$I$186,MATCH("男"&$A11&"-3",計算用!$AN$2:$AN$186,0)),"")) | M11: =IF($A11="","",IFERROR(INDEX(計算用!$D$2:$D$186,MATCH("男"&$A11&"-4",計算用!$AN$2:$AN$186,0)),"")) | N11: =IF($A11="","",IFERROR(INDEX(計算用!$M$2:$M$186,MATCH("男"&$A11&"-4",計算用!$AN$2:$AN$186,0)),"")) | O11: =IF($A11="","",IFERROR(INDEX(計算用!$I$2:$I$186,MATCH("男"&$A11&"-4",計算用!$AN$2:$AN$186,0)),"")) | Q11: =IF(ROW()-3<=計算用!$Q$11,ROW()-3,"") | R11: =IF($Q11="","",INDEX(計算用!$AC$2:$AC$51,$Q11)) | S11: =IF($Q11="","","赤"&INDEX(計算用!$AF$2:$AF$51,$Q11)&"白"&INDEX(計算用!$AG$2:$AG$51,$Q11)) | T11: =IF($Q11="","",IFERROR(INDEX(計算用!$D$2:$D$186,MATCH("女"&$Q11&"-1",計算用!$AN$2:$AN$186,0)),"")) | U11: =IF($Q11="","",IFERROR(INDEX(計算用!$M$2:$M$186,MATCH("女"&$Q11&"-1",計算用!$AN$2:$AN$186,0)),"")) | V11: =IF($Q11="","",IFERROR(INDEX(計算用!$I$2:$I$186,MATCH("女"&$Q11&"-1",計算用!$AN$2:$AN$186,0)),"")) | W11: =IF($Q11="","",IFERROR(INDEX(計算用!$D$2:$D$186,MATCH("女"&$Q11&"-2",計算用!$AN$2:$AN$186,0)),"")) | X11: =IF($Q11="","",IFERROR(INDEX(計算用!$M$2:$M$186,MATCH("女"&$Q11&"-2",計算用!$AN$2:$AN$186,0)),"")) | Y11: =IF($Q11="","",IFERROR(INDEX(計算用!$I$2:$I$186,MATCH("女"&$Q11&"-2",計算用!$AN$2:$AN$186,0)),"")) | Z11: =IF($Q11="","",IFERROR(INDEX(計算用!$D$2:$D$186,MATCH("女"&$Q11&"-3",計算用!$AN$2:$AN$186,0)),"")) | AA11: =IF($Q11="","",IFERROR(INDEX(計算用!$M$2:$M$186,MATCH("女"&$Q11&"-3",計算用!$AN$2:$AN$186,0)),"")) | AB11: =IF($Q11="","",IFERROR(INDEX(計算用!$I$2:$I$186,MATCH("女"&$Q11&"-3",計算用!$AN$2:$AN$186,0)),"")) | AC11: =IF($Q11="","",IFERROR(INDEX(計算用!$D$2:$D$186,MATCH("女"&$Q11&"-4",計算用!$AN$2:$AN$186,0)),"")) | AD11: =IF($Q11="","",IFERROR(INDEX(計算用!$M$2:$M$186,MATCH("女"&$Q11&"-4",計算用!$AN$2:$AN$186,0)),"")) | AE11: =IF($Q11="","",IFERROR(INDEX(計算用!$I$2:$I$186,MATCH("女"&$Q11&"-4",計算用!$AN$2:$AN$186,0)),""))
A12: =IF(ROW()-3<=計算用!$Q$9,ROW()-3,"") | B12: =IF($A12="","",INDEX(計算用!$T$2:$T$51,$A12)) | C12: =IF($A12="","","赤"&INDEX(計算用!$W$2:$W$51,$A12)&"白"&INDEX(計算用!$X$2:$X$51,$A12)) | D12: =IF($A12="","",IFERROR(INDEX(計算用!$D$2:$D$186,MATCH("男"&$A12&"-1",計算用!$AN$2:$AN$186,0)),"")) | E12: =IF($A12="","",IFERROR(INDEX(計算用!$M$2:$M$186,MATCH("男"&$A12&"-1",計算用!$AN$2:$AN$186,0)),"")) | F12: =IF($A12="","",IFERROR(INDEX(計算用!$I$2:$I$186,MATCH("男"&$A12&"-1",計算用!$AN$2:$AN$186,0)),"")) | G12: =IF($A12="","",IFERROR(INDEX(計算用!$D$2:$D$186,MATCH("男"&$A12&"-2",計算用!$AN$2:$AN$186,0)),"")) | H12: =IF($A12="","",IFERROR(INDEX(計算用!$M$2:$M$186,MATCH("男"&$A12&"-2",計算用!$AN$2:$AN$186,0)),"")) | I12: =IF($A12="","",IFERROR(INDEX(計算用!$I$2:$I$186,MATCH("男"&$A12&"-2",計算用!$AN$2:$AN$186,0)),"")) | J12: =IF($A12="","",IFERROR(INDEX(計算用!$D$2:$D$186,MATCH("男"&$A12&"-3",計算用!$AN$2:$AN$186,0)),"")) | K12: =IF($A12="","",IFERROR(INDEX(計算用!$M$2:$M$186,MATCH("男"&$A12&"-3",計算用!$AN$2:$AN$186,0)),"")) | L12: =IF($A12="","",IFERROR(INDEX(計算用!$I$2:$I$186,MATCH("男"&$A12&"-3",計算用!$AN$2:$AN$186,0)),"")) | M12: =IF($A12="","",IFERROR(INDEX(計算用!$D$2:$D$186,MATCH("男"&$A12&"-4",計算用!$AN$2:$AN$186,0)),"")) | N12: =IF($A12="","",IFERROR(INDEX(計算用!$M$2:$M$186,MATCH("男"&$A12&"-4",計算用!$AN$2:$AN$186,0)),"")) | O12: =IF($A12="","",IFERROR(INDEX(計算用!$I$2:$I$186,MATCH("男"&$A12&"-4",計算用!$AN$2:$AN$186,0)),"")) | Q12: =IF(ROW()-3<=計算用!$Q$11,ROW()-3,"") | R12: =IF($Q12="","",INDEX(計算用!$AC$2:$AC$51,$Q12)) | S12: =IF($Q12="","","赤"&INDEX(計算用!$AF$2:$AF$51,$Q12)&"白"&INDEX(計算用!$AG$2:$AG$51,$Q12)) | T12: =IF($Q12="","",IFERROR(INDEX(計算用!$D$2:$D$186,MATCH("女"&$Q12&"-1",計算用!$AN$2:$AN$186,0)),"")) | U12: =IF($Q12="","",IFERROR(INDEX(計算用!$M$2:$M$186,MATCH("女"&$Q12&"-1",計算用!$AN$2:$AN$186,0)),"")) | V12: =IF($Q12="","",IFERROR(INDEX(計算用!$I$2:$I$186,MATCH("女"&$Q12&"-1",計算用!$AN$2:$AN$186,0)),"")) | W12: =IF($Q12="","",IFERROR(INDEX(計算用!$D$2:$D$186,MATCH("女"&$Q12&"-2",計算用!$AN$2:$AN$186,0)),"")) | X12: =IF($Q12="","",IFERROR(INDEX(計算用!$M$2:$M$186,MATCH("女"&$Q12&"-2",計算用!$AN$2:$AN$186,0)),"")) | Y12: =IF($Q12="","",IFERROR(INDEX(計算用!$I$2:$I$186,MATCH("女"&$Q12&"-2",計算用!$AN$2:$AN$186,0)),"")) | Z12: =IF($Q12="","",IFERROR(INDEX(計算用!$D$2:$D$186,MATCH("女"&$Q12&"-3",計算用!$AN$2:$AN$186,0)),"")) | AA12: =IF($Q12="","",IFERROR(INDEX(計算用!$M$2:$M$186,MATCH("女"&$Q12&"-3",計算用!$AN$2:$AN$186,0)),"")) | AB12: =IF($Q12="","",IFERROR(INDEX(計算用!$I$2:$I$186,MATCH("女"&$Q12&"-3",計算用!$AN$2:$AN$186,0)),"")) | AC12: =IF($Q12="","",IFERROR(INDEX(計算用!$D$2:$D$186,MATCH("女"&$Q12&"-4",計算用!$AN$2:$AN$186,0)),"")) | AD12: =IF($Q12="","",IFERROR(INDEX(計算用!$M$2:$M$186,MATCH("女"&$Q12&"-4",計算用!$AN$2:$AN$186,0)),"")) | AE12: =IF($Q12="","",IFERROR(INDEX(計算用!$I$2:$I$186,MATCH("女"&$Q12&"-4",計算用!$AN$2:$AN$186,0)),""))
A13: =IF(ROW()-3<=計算用!$Q$9,ROW()-3,"") | B13: =IF($A13="","",INDEX(計算用!$T$2:$T$51,$A13)) | C13: =IF($A13="","","赤"&INDEX(計算用!$W$2:$W$51,$A13)&"白"&INDEX(計算用!$X$2:$X$51,$A13)) | D13: =IF($A13="","",IFERROR(INDEX(計算用!$D$2:$D$186,MATCH("男"&$A13&"-1",計算用!$AN$2:$AN$186,0)),"")) | E13: =IF($A13="","",IFERROR(INDEX(計算用!$M$2:$M$186,MATCH("男"&$A13&"-1",計算用!$AN$2:$AN$186,0)),"")) | F13: =IF($A13="","",IFERROR(INDEX(計算用!$I$2:$I$186,MATCH("男"&$A13&"-1",計算用!$AN$2:$AN$186,0)),"")) | G13: =IF($A13="","",IFERROR(INDEX(計算用!$D$2:$D$186,MATCH("男"&$A13&"-2",計算用!$AN$2:$AN$186,0)),"")) | H13: =IF($A13="","",IFERROR(INDEX(計算用!$M$2:$M$186,MATCH("男"&$A13&"-2",計算用!$AN$2:$AN$186,0)),"")) | I13: =IF($A13="","",IFERROR(INDEX(計算用!$I$2:$I$186,MATCH("男"&$A13&"-2",計算用!$AN$2:$AN$186,0)),"")) | J13: =IF($A13="","",IFERROR(INDEX(計算用!$D$2:$D$186,MATCH("男"&$A13&"-3",計算用!$AN$2:$AN$186,0)),"")) | K13: =IF($A13="","",IFERROR(INDEX(計算用!$M$2:$M$186,MATCH("男"&$A13&"-3",計算用!$AN$2:$AN$186,0)),"")) | L13: =IF($A13="","",IFERROR(INDEX(計算用!$I$2:$I$186,MATCH("男"&$A13&"-3",計算用!$AN$2:$AN$186,0)),"")) | M13: =IF($A13="","",IFERROR(INDEX(計算用!$D$2:$D$186,MATCH("男"&$A13&"-4",計算用!$AN$2:$AN$186,0)),"")) | N13: =IF($A13="","",IFERROR(INDEX(計算用!$M$2:$M$186,MATCH("男"&$A13&"-4",計算用!$AN$2:$AN$186,0)),"")) | O13: =IF($A13="","",IFERROR(INDEX(計算用!$I$2:$I$186,MATCH("男"&$A13&"-4",計算用!$AN$2:$AN$186,0)),"")) | Q13: =IF(ROW()-3<=計算用!$Q$11,ROW()-3,"") | R13: =IF($Q13="","",INDEX(計算用!$AC$2:$AC$51,$Q13)) | S13: =IF($Q13="","","赤"&INDEX(計算用!$AF$2:$AF$51,$Q13)&"白"&INDEX(計算用!$AG$2:$AG$51,$Q13)) | T13: =IF($Q13="","",IFERROR(INDEX(計算用!$D$2:$D$186,MATCH("女"&$Q13&"-1",計算用!$AN$2:$AN$186,0)),"")) | U13: =IF($Q13="","",IFERROR(INDEX(計算用!$M$2:$M$186,MATCH("女"&$Q13&"-1",計算用!$AN$2:$AN$186,0)),"")) | V13: =IF($Q13="","",IFERROR(INDEX(計算用!$I$2:$I$186,MATCH("女"&$Q13&"-1",計算用!$AN$2:$AN$186,0)),"")) | W13: =IF($Q13="","",IFERROR(INDEX(計算用!$D$2:$D$186,MATCH("女"&$Q13&"-2",計算用!$AN$2:$AN$186,0)),"")) | X13: =IF($Q13="","",IFERROR(INDEX(計算用!$M$2:$M$186,MATCH("女"&$Q13&"-2",計算用!$AN$2:$AN$186,0)),"")) | Y13: =IF($Q13="","",IFERROR(INDEX(計算用!$I$2:$I$186,MATCH("女"&$Q13&"-2",計算用!$AN$2:$AN$186,0)),"")) | Z13: =IF($Q13="","",IFERROR(INDEX(計算用!$D$2:$D$186,MATCH("女"&$Q13&"-3",計算用!$AN$2:$AN$186,0)),"")) | AA13: =IF($Q13="","",IFERROR(INDEX(計算用!$M$2:$M$186,MATCH("女"&$Q13&"-3",計算用!$AN$2:$AN$186,0)),"")) | AB13: =IF($Q13="","",IFERROR(INDEX(計算用!$I$2:$I$186,MATCH("女"&$Q13&"-3",計算用!$AN$2:$AN$186,0)),"")) | AC13: =IF($Q13="","",IFERROR(INDEX(計算用!$D$2:$D$186,MATCH("女"&$Q13&"-4",計算用!$AN$2:$AN$186,0)),"")) | AD13: =IF($Q13="","",IFERROR(INDEX(計算用!$M$2:$M$186,MATCH("女"&$Q13&"-4",計算用!$AN$2:$AN$186,0)),"")) | AE13: =IF($Q13="","",IFERROR(INDEX(計算用!$I$2:$I$186,MATCH("女"&$Q13&"-4",計算用!$AN$2:$AN$186,0)),""))
A14: =IF(ROW()-3<=計算用!$Q$9,ROW()-3,"") | B14: =IF($A14="","",INDEX(計算用!$T$2:$T$51,$A14)) | C14: =IF($A14="","","赤"&INDEX(計算用!$W$2:$W$51,$A14)&"白"&INDEX(計算用!$X$2:$X$51,$A14)) | D14: =IF($A14="","",IFERROR(INDEX(計算用!$D$2:$D$186,MATCH("男"&$A14&"-1",計算用!$AN$2:$AN$186,0)),"")) | E14: =IF($A14="","",IFERROR(INDEX(計算用!$M$2:$M$186,MATCH("男"&$A14&"-1",計算用!$AN$2:$AN$186,0)),"")) | F14: =IF($A14="","",IFERROR(INDEX(計算用!$I$2:$I$186,MATCH("男"&$A14&"-1",計算用!$AN$2:$AN$186,0)),"")) | G14: =IF($A14="","",IFERROR(INDEX(計算用!$D$2:$D$186,MATCH("男"&$A14&"-2",計算用!$AN$2:$AN$186,0)),"")) | H14: =IF($A14="","",IFERROR(INDEX(計算用!$M$2:$M$186,MATCH("男"&$A14&"-2",計算用!$AN$2:$AN$186,0)),"")) | I14: =IF($A14="","",IFERROR(INDEX(計算用!$I$2:$I$186,MATCH("男"&$A14&"-2",計算用!$AN$2:$AN$186,0)),"")) | J14: =IF($A14="","",IFERROR(INDEX(計算用!$D$2:$D$186,MATCH("男"&$A14&"-3",計算用!$AN$2:$AN$186,0)),"")) | K14: =IF($A14="","",IFERROR(INDEX(計算用!$M$2:$M$186,MATCH("男"&$A14&"-3",計算用!$AN$2:$AN$186,0)),"")) | L14: =IF($A14="","",IFERROR(INDEX(計算用!$I$2:$I$186,MATCH("男"&$A14&"-3",計算用!$AN$2:$AN$186,0)),"")) | M14: =IF($A14="","",IFERROR(INDEX(計算用!$D$2:$D$186,MATCH("男"&$A14&"-4",計算用!$AN$2:$AN$186,0)),"")) | N14: =IF($A14="","",IFERROR(INDEX(計算用!$M$2:$M$186,MATCH("男"&$A14&"-4",計算用!$AN$2:$AN$186,0)),"")) | O14: =IF($A14="","",IFERROR(INDEX(計算用!$I$2:$I$186,MATCH("男"&$A14&"-4",計算用!$AN$2:$AN$186,0)),"")) | Q14: =IF(ROW()-3<=計算用!$Q$11,ROW()-3,"") | R14: =IF($Q14="","",INDEX(計算用!$AC$2:$AC$51,$Q14)) | S14: =IF($Q14="","","赤"&INDEX(計算用!$AF$2:$AF$51,$Q14)&"白"&INDEX(計算用!$AG$2:$AG$51,$Q14)) | T14: =IF($Q14="","",IFERROR(INDEX(計算用!$D$2:$D$186,MATCH("女"&$Q14&"-1",計算用!$AN$2:$AN$186,0)),"")) | U14: =IF($Q14="","",IFERROR(INDEX(計算用!$M$2:$M$186,MATCH("女"&$Q14&"-1",計算用!$AN$2:$AN$186,0)),"")) | V14: =IF($Q14="","",IFERROR(INDEX(計算用!$I$2:$I$186,MATCH("女"&$Q14&"-1",計算用!$AN$2:$AN$186,0)),"")) | W14: =IF($Q14="","",IFERROR(INDEX(計算用!$D$2:$D$186,MATCH("女"&$Q14&"-2",計算用!$AN$2:$AN$186,0)),"")) | X14: =IF($Q14="","",IFERROR(INDEX(計算用!$M$2:$M$186,MATCH("女"&$Q14&"-2",計算用!$AN$2:$AN$186,0)),"")) | Y14: =IF($Q14="","",IFERROR(INDEX(計算用!$I$2:$I$186,MATCH("女"&$Q14&"-2",計算用!$AN$2:$AN$186,0)),"")) | Z14: =IF($Q14="","",IFERROR(INDEX(計算用!$D$2:$D$186,MATCH("女"&$Q14&"-3",計算用!$AN$2:$AN$186,0)),"")) | AA14: =IF($Q14="","",IFERROR(INDEX(計算用!$M$2:$M$186,MATCH("女"&$Q14&"-3",計算用!$AN$2:$AN$186,0)),"")) | AB14: =IF($Q14="","",IFERROR(INDEX(計算用!$I$2:$I$186,MATCH("女"&$Q14&"-3",計算用!$AN$2:$AN$186,0)),"")) | AC14: =IF($Q14="","",IFERROR(INDEX(計算用!$D$2:$D$186,MATCH("女"&$Q14&"-4",計算用!$AN$2:$AN$186,0)),"")) | AD14: =IF($Q14="","",IFERROR(INDEX(計算用!$M$2:$M$186,MATCH("女"&$Q14&"-4",計算用!$AN$2:$AN$186,0)),"")) | AE14: =IF($Q14="","",IFERROR(INDEX(計算用!$I$2:$I$186,MATCH("女"&$Q14&"-4",計算用!$AN$2:$AN$186,0)),""))
A15: =IF(ROW()-3<=計算用!$Q$9,ROW()-3,"") | B15: =IF($A15="","",INDEX(計算用!$T$2:$T$51,$A15)) | C15: =IF($A15="","","赤"&INDEX(計算用!$W$2:$W$51,$A15)&"白"&INDEX(計算用!$X$2:$X$51,$A15)) | D15: =IF($A15="","",IFERROR(INDEX(計算用!$D$2:$D$186,MATCH("男"&$A15&"-1",計算用!$AN$2:$AN$186,0)),"")) | E15: =IF($A15="","",IFERROR(INDEX(計算用!$M$2:$M$186,MATCH("男"&$A15&"-1",計算用!$AN$2:$AN$186,0)),"")) | F15: =IF($A15="","",IFERROR(INDEX(計算用!$I$2:$I$186,MATCH("男"&$A15&"-1",計算用!$AN$2:$AN$186,0)),"")) | G15: =IF($A15="","",IFERROR(INDEX(計算用!$D$2:$D$186,MATCH("男"&$A15&"-2",計算用!$AN$2:$AN$186,0)),"")) | H15: =IF($A15="","",IFERROR(INDEX(計算用!$M$2:$M$186,MATCH("男"&$A15&"-2",計算用!$AN$2:$AN$186,0)),"")) | I15: =IF($A15="","",IFERROR(INDEX(計算用!$I$2:$I$186,MATCH("男"&$A15&"-2",計算用!$AN$2:$AN$186,0)),"")) | J15: =IF($A15="","",IFERROR(INDEX(計算用!$D$2:$D$186,MATCH("男"&$A15&"-3",計算用!$AN$2:$AN$186,0)),"")) | K15: =IF($A15="","",IFERROR(INDEX(計算用!$M$2:$M$186,MATCH("男"&$A15&"-3",計算用!$AN$2:$AN$186,0)),"")) | L15: =IF($A15="","",IFERROR(INDEX(計算用!$I$2:$I$186,MATCH("男"&$A15&"-3",計算用!$AN$2:$AN$186,0)),"")) | M15: =IF($A15="","",IFERROR(INDEX(計算用!$D$2:$D$186,MATCH("男"&$A15&"-4",計算用!$AN$2:$AN$186,0)),"")) | N15: =IF($A15="","",IFERROR(INDEX(計算用!$M$2:$M$186,MATCH("男"&$A15&"-4",計算用!$AN$2:$AN$186,0)),"")) | O15: =IF($A15="","",IFERROR(INDEX(計算用!$I$2:$I$186,MATCH("男"&$A15&"-4",計算用!$AN$2:$AN$186,0)),"")) | Q15: =IF(ROW()-3<=計算用!$Q$11,ROW()-3,"") | R15: =IF($Q15="","",INDEX(計算用!$AC$2:$AC$51,$Q15)) | S15: =IF($Q15="","","赤"&INDEX(計算用!$AF$2:$AF$51,$Q15)&"白"&INDEX(計算用!$AG$2:$AG$51,$Q15)) | T15: =IF($Q15="","",IFERROR(INDEX(計算用!$D$2:$D$186,MATCH("女"&$Q15&"-1",計算用!$AN$2:$AN$186,0)),"")) | U15: =IF($Q15="","",IFERROR(INDEX(計算用!$M$2:$M$186,MATCH("女"&$Q15&"-1",計算用!$AN$2:$AN$186,0)),"")) | V15: =IF($Q15="","",IFERROR(INDEX(計算用!$I$2:$I$186,MATCH("女"&$Q15&"-1",計算用!$AN$2:$AN$186,0)),"")) | W15: =IF($Q15="","",IFERROR(INDEX(計算用!$D$2:$D$186,MATCH("女"&$Q15&"-2",計算用!$AN$2:$AN$186,0)),"")) | X15: =IF($Q15="","",IFERROR(INDEX(計算用!$M$2:$M$186,MATCH("女"&$Q15&"-2",計算用!$AN$2:$AN$186,0)),"")) | Y15: =IF($Q15="","",IFERROR(INDEX(計算用!$I$2:$I$186,MATCH("女"&$Q15&"-2",計算用!$AN$2:$AN$186,0)),"")) | Z15: =IF($Q15="","",IFERROR(INDEX(計算用!$D$2:$D$186,MATCH("女"&$Q15&"-3",計算用!$AN$2:$AN$186,0)),"")) | AA15: =IF($Q15="","",IFERROR(INDEX(計算用!$M$2:$M$186,MATCH("女"&$Q15&"-3",計算用!$AN$2:$AN$186,0)),"")) | AB15: =IF($Q15="","",IFERROR(INDEX(計算用!$I$2:$I$186,MATCH("女"&$Q15&"-3",計算用!$AN$2:$AN$186,0)),"")) | AC15: =IF($Q15="","",IFERROR(INDEX(計算用!$D$2:$D$186,MATCH("女"&$Q15&"-4",計算用!$AN$2:$AN$186,0)),"")) | AD15: =IF($Q15="","",IFERROR(INDEX(計算用!$M$2:$M$186,MATCH("女"&$Q15&"-4",計算用!$AN$2:$AN$186,0)),"")) | AE15: =IF($Q15="","",IFERROR(INDEX(計算用!$I$2:$I$186,MATCH("女"&$Q15&"-4",計算用!$AN$2:$AN$186,0)),""))
... A53: =IF(ROW()-3<=計算用!$Q$9,ROW()-3,"") | B53: =IF($A53="","",INDEX(計算用!$T$2:$T$51,$A53)) | C53: =IF($A53="","","赤"&INDEX(計算用!$W$2:$W$51,$A53)&"白"&INDEX(計算用!$X$2:$X$51,$A53)) | D53: =IF($A53="","",IFERROR(INDEX(計算用!$D$2:$D$186,MATCH("男"&$A53&"-1",計算用!$AN$2:$AN$186,0)),"")) | E53: =IF($A53="","",IFERROR(INDEX(計算用!$M$2:$M$186,MATCH("男"&$A53&"-1",計算用!$AN$2:$AN$186,0)),"")) | F53: =IF($A53="","",IFERROR(INDEX(計算用!$I$2:$I$186,MATCH("男"&$A53&"-1",計算用!$AN$2:$AN$186,0)),"")) | G53: =IF($A53="","",IFERROR(INDEX(計算用!$D$2:$D$186,MATCH("男"&$A53&"-2",計算用!$AN$2:$AN$186,0)),"")) | H53: =IF($A53="","",IFERROR(INDEX(計算用!$M$2:$M$186,MATCH("男"&$A53&"-2",計算用!$AN$2:$AN$186,0)),"")) | I53: =IF($A53="","",IFERROR(INDEX(計算用!$I$2:$I$186,MATCH("男"&$A53&"-2",計算用!$AN$2:$AN$186,0)),"")) | J53: =IF($A53="","",IFERROR(INDEX(計算用!$D$2:$D$186,MATCH("男"&$A53&"-3",計算用!$AN$2:$AN$186,0)),"")) | K53: =IF($A53="","",IFERROR(INDEX(計算用!$M$2:$M$186,MATCH("男"&$A53&"-3",計算用!$AN$2:$AN$186,0)),"")) | L53: =IF($A53="","",IFERROR(INDEX(計算用!$I$2:$I$186,MATCH("男"&$A53&"-3",計算用!$AN$2:$AN$186,0)),"")) | M53: =IF($A53="","",IFERROR(INDEX(計算用!$D$2:$D$186,MATCH("男"&$A53&"-4",計算用!$AN$2:$AN$186,0)),"")) | N53: =IF($A53="","",IFERROR(INDEX(計算用!$M$2:$M$186,MATCH("男"&$A53&"-4",計算用!$AN$2:$AN$186,0)),"")) | O53: =IF($A53="","",IFERROR(INDEX(計算用!$I$2:$I$186,MATCH("男"&$A53&"-4",計算用!$AN$2:$AN$186,0)),"")) | Q53: =IF(ROW()-3<=計算用!$Q$11,ROW()-3,"") | R53: =IF($Q53="","",INDEX(計算用!$AC$2:$AC$51,$Q53)) | S53: =IF($Q53="","","赤"&INDEX(計算用!$AF$2:$AF$51,$Q53)&"白"&INDEX(計算用!$AG$2:$AG$51,$Q53)) | T53: =IF($Q53="","",IFERROR(INDEX(計算用!$D$2:$D$186,MATCH("女"&$Q53&"-1",計算用!$AN$2:$AN$186,0)),"")) | U53: =IF($Q53="","",IFERROR(INDEX(計算用!$M$2:$M$186,MATCH("女"&$Q53&"-1",計算用!$AN$2:$AN$186,0)),"")) | V53: =IF($Q53="","",IFERROR(INDEX(計算用!$I$2:$I$186,MATCH("女"&$Q53&"-1",計算用!$AN$2:$AN$186,0)),"")) | W53: =IF($Q53="","",IFERROR(INDEX(計算用!$D$2:$D$186,MATCH("女"&$Q53&"-2",計算用!$AN$2:$AN$186,0)),"")) | X53: =IF($Q53="","",IFERROR(INDEX(計算用!$M$2:$M$186,MATCH("女"&$Q53&"-2",計算用!$AN$2:$AN$186,0)),"")) | Y53: =IF($Q53="","",IFERROR(INDEX(計算用!$I$2:$I$186,MATCH("女"&$Q53&"-2",計算用!$AN$2:$AN$186,0)),"")) | Z53: =IF($Q53="","",IFERROR(INDEX(計算用!$D$2:$D$186,MATCH("女"&$Q53&"-3",計算用!$AN$2:$AN$186,0)),"")) | AA53: =IF($Q53="","",IFERROR(INDEX(計算用!$M$2:$M$186,MATCH("女"&$Q53&"-3",計算用!$AN$2:$AN$186,0)),"")) | AB53: =IF($Q53="","",IFERROR(INDEX(計算用!$I$2:$I$186,MATCH("女"&$Q53&"-3",計算用!$AN$2:$AN$186,0)),"")) | AC53: =IF($Q53="","",IFERROR(INDEX(計算用!$D$2:$D$186,MATCH("女"&$Q53&"-4",計算用!$AN$2:$AN$186,0)),"")) | AD53: =IF($Q53="","",IFERROR(INDEX(計算用!$M$2:$M$186,MATCH("女"&$Q53&"-4",計算用!$AN$2:$AN$186,0)),"")) | AE53: =IF($Q53="","",IFERROR(INDEX(計算用!$I$2:$I$186,MATCH("女"&$Q53&"-4",計算用!$AN$2:$AN$186,0)),""))

Sheet 手直し
A1: 手直し | C1: ① 右の「自動の組（コピー用）」S6:Z55 をコピーし、B6 に「値として貼り付け」します（右クリック →「貼り付けのオプション」の「値」）。 ② 名前を切り取り・貼り付けして、組を直します。結果は「決定版」シートに出ます。 ※名簿やタイムを直したときは、もう一度①からやり直してください。
B2: ="男子：自動 "&計算用!$Q$9&"組 → 手直し "&計算用!$Q$13&"組" | E2: =IF(計算用!$Q$15=0,IF(計算用!$Q$13=0,"","確認：問題なし"),"確認："&IF(計算用!$Q$17>0,"入っていない人 "&計算用!$Q$17&"人 ","")&IF(計算用!$Q$19>0,"2回以上入っている人 "&計算用!$Q$19&"人 ","")&IF(計算用!$Q$21>0,"名簿にない名前 "&計算用!$Q$21&"こ ","")&IF(計算用!$Q$23>0,"同じ名前の人がいます（区別できません）",""))
B3: ="女子：自動 "&計算用!$Q$11&"組 → 手直し "&計算用!$Q$14&"組" | E3: =IF(計算用!$Q$16=0,IF(計算用!$Q$14=0,"","確認：問題なし"),"確認："&IF(計算用!$Q$18>0,"入っていない人 "&計算用!$Q$18&"人 ","")&IF(計算用!$Q$20>0,"2回以上入っている人 "&計算用!$Q$20&"人 ","")&IF(計算用!$Q$22>0,"名簿にない名前 "&計算用!$Q$22&"こ ","")&IF(計算用!$Q$24>0,"同じ名前の人がいます（区別できません）","")) | S3: 自動の組（コピー用）
A4: 組 | B4: 男子 | F4: 女子 | K4: 男子 | M4: 女子 | P4: 入っていない人 | S4: 男子 | W4: 女子
B5: 1人目 | C5: 2人目 | D5: 3人目 | E5: 4人目 | F5: 1人目 | G5: 2人目 | H5: 3人目 | I5: 4人目 | K5: 人数 | L5: 内訳 | M5: 人数 | N5: 内訳 | P5: 男子 | Q5: 女子 | S5: 1人目 | T5: 2人目 | U5: 3人目 | V5: 4人目 | W5: 1人目 | X5: 2人目 | Y5: 3人目 | Z5: 4人目
A6: 1 | B6: 山本 けんた | C6: 森 りく | D6: 村上 かいと | E6: 伊藤 たいが | F6: 田中 あおい | G6: 高橋 ひまり | H6: 中村 ゆな | I6: 森 みお | K6: =COUNTIF(B6:E6,"?*") | L6: =IF(K6=0,"","赤"&SUMPRODUCT(COUNTIFS(計算用!$AO$2:$AO$186,"男"&B6:E6,計算用!$I$2:$I$186,"赤"))&"白"&SUMPRODUCT(COUNTIFS(計算用!$AO$2:$AO$186,"男"&B6:E6,計算用!$I$2:$I$186,"白"))) | M6: =COUNTIF(F6:I6,"?*") | N6: =IF(M6=0,"","赤"&SUMPRODUCT(COUNTIFS(計算用!$AO$2:$AO$186,"女"&F6:I6,計算用!$I$2:$I$186,"赤"))&"白"&SUMPRODUCT(COUNTIFS(計算用!$AO$2:$AO$186,"女"&F6:I6,計算用!$I$2:$I$186,"白"))) | P6: =IFERROR(INDEX(計算用!$D$2:$D$186,MATCH(1,計算用!$AR$2:$AR$186,0))&"（"&INDEX(計算用!$M$2:$M$186,MATCH(1,計算用!$AR$2:$AR$186,0))&"）","") | Q6: =IFERROR(INDEX(計算用!$D$2:$D$186,MATCH(1,計算用!$AS$2:$AS$186,0))&"（"&INDEX(計算用!$M$2:$M$186,MATCH(1,計算用!$AS$2:$AS$186,0))&"）","") | S6: ='4人組'!D4&"" | T6: ='4人組'!G4&"" | U6: ='4人組'!J4&"" | V6: ='4人組'!M4&"" | W6: ='4人組'!T4&"" | X6: ='4人組'!W4&"" | Y6: ='4人組'!Z4&"" | Z6: ='4人組'!AC4&""
A7: 2 | B7: 吉田 あおい | C7: 井上 いつき | D7: 前田 かいと | E7: 高橋 さく | F7: 渡辺 めい | G7: 小林 ほのか | H7: 清水 ひな | I7: 山田 ゆな | K7: =COUNTIF(B7:E7,"?*") | L7: =IF(K7=0,"","赤"&SUMPRODUCT(COUNTIFS(計算用!$AO$2:$AO$186,"男"&B7:E7,計算用!$I$2:$I$186,"赤"))&"白"&SUMPRODUCT(COUNTIFS(計算用!$AO$2:$AO$186,"男"&B7:E7,計算用!$I$2:$I$186,"白"))) | M7: =COUNTIF(F7:I7,"?*") | N7: =IF(M7=0,"","赤"&SUMPRODUCT(COUNTIFS(計算用!$AO$2:$AO$186,"女"&F7:I7,計算用!$I$2:$I$186,"赤"))&"白"&SUMPRODUCT(COUNTIFS(計算用!$AO$2:$AO$186,"女"&F7:I7,計算用!$I$2:$I$186,"白"))) | P7: =IFERROR(INDEX(計算用!$D$2:$D$186,MATCH(2,計算用!$AR$2:$AR$186,0))&"（"&INDEX(計算用!$M$2:$M$186,MATCH(2,計算用!$AR$2:$AR$186,0))&"）","") | Q7: =IFERROR(INDEX(計算用!$D$2:$D$186,MATCH(2,計算用!$AS$2:$AS$186,0))&"（"&INDEX(計算用!$M$2:$M$186,MATCH(2,計算用!$AS$2:$AS$186,0))&"）","") | S7: ='4人組'!D5&"" | T7: ='4人組'!G5&"" | U7: ='4人組'!J5&"" | V7: ='4人組'!M5&"" | W7: ='4人組'!T5&"" | X7: ='4人組'!W5&"" | Y7: ='4人組'!Z5&"" | Z7: ='4人組'!AC5&""
A8: 3 | B8: 近藤 りく | C8: 高橋 ひなた | D8: 木村 さく | E8: 田中 こうき | F8: 木村 ひまり | G8: 加藤 ひな | H8: 山本 かのん | I8: 後藤 ゆな | K8: =COUNTIF(B8:E8,"?*") | L8: =IF(K8=0,"","赤"&SUMPRODUCT(COUNTIFS(計算用!$AO$2:$AO$186,"男"&B8:E8,計算用!$I$2:$I$186,"赤"))&"白"&SUMPRODUCT(COUNTIFS(計算用!$AO$2:$AO$186,"男"&B8:E8,計算用!$I$2:$I$186,"白"))) | M8: =COUNTIF(F8:I8,"?*") | N8: =IF(M8=0,"","赤"&SUMPRODUCT(COUNTIFS(計算用!$AO$2:$AO$186,"女"&F8:I8,計算用!$I$2:$I$186,"赤"))&"白"&SUMPRODUCT(COUNTIFS(計算用!$AO$2:$AO$186,"女"&F8:I8,計算用!$I$2:$I$186,"白"))) | P8: =IFERROR(INDEX(計算用!$D$2:$D$186,MATCH(3,計算用!$AR$2:$AR$186,0))&"（"&INDEX(計算用!$M$2:$M$186,MATCH(3,計算用!$AR$2:$AR$186,0))&"）","") | Q8: =IFERROR(INDEX(計算用!$D$2:$D$186,MATCH(3,計算用!$AS$2:$AS$186,0))&"（"&INDEX(計算用!$M$2:$M$186,MATCH(3,計算用!$AS$2:$AS$186,0))&"）","") | S8: ='4人組'!D6&"" | T8: ='4人組'!G6&"" | U8: ='4人組'!J6&"" | V8: ='4人組'!M6&"" | W8: ='4人組'!T6&"" | X8: ='4人組'!W6&"" | Y8: ='4人組'!Z6&"" | Z8: ='4人組'!AC6&""
A9: 4 | B9: 伊藤 りょう | C9: 清水 そら | D9: 清水 しょう | E9: 森 みなと | F9: 前田 ひな | G9: 前田 えま | H9: 井上 ほのか | I9: 後藤 かのん | K9: =COUNTIF(B9:E9,"?*") | L9: =IF(K9=0,"","赤"&SUMPRODUCT(COUNTIFS(計算用!$AO$2:$AO$186,"男"&B9:E9,計算用!$I$2:$I$186,"赤"))&"白"&SUMPRODUCT(COUNTIFS(計算用!$AO$2:$AO$186,"男"&B9:E9,計算用!$I$2:$I$186,"白"))) | M9: =COUNTIF(F9:I9,"?*") | N9: =IF(M9=0,"","赤"&SUMPRODUCT(COUNTIFS(計算用!$AO$2:$AO$186,"女"&F9:I9,計算用!$I$2:$I$186,"赤"))&"白"&SUMPRODUCT(COUNTIFS(計算用!$AO$2:$AO$186,"女"&F9:I9,計算用!$I$2:$I$186,"白"))) | P9: =IFERROR(INDEX(計算用!$D$2:$D$186,MATCH(4,計算用!$AR$2:$AR$186,0))&"（"&INDEX(計算用!$M$2:$M$186,MATCH(4,計算用!$AR$2:$AR$186,0))&"）","") | Q9: =IFERROR(INDEX(計算用!$D$2:$D$186,MATCH(4,計算用!$AS$2:$AS$186,0))&"（"&INDEX(計算用!$M$2:$M$186,MATCH(4,計算用!$AS$2:$AS$186,0))&"）","") | S9: ='4人組'!D7&"" | T9: ='4人組'!G7&"" | U9: ='4人組'!J7&"" | V9: ='4人組'!M7&"" | W9: ='4人組'!T7&"" | X9: ='4人組'!W7&"" | Y9: ='4人組'!Z7&"" | Z9: ='4人組'!AC7&""
A10: 5 | B10: 石川 みなと | C10: 佐藤 けんた | D10: 山本 つばさ | E10: 佐藤 れん | F10: 中村 はな | G10: 石川 めい | H10: 加藤 ことね | I10: 木村 ゆな | K10: =COUNTIF(B10:E10,"?*") | L10: =IF(K10=0,"","赤"&SUMPRODUCT(COUNTIFS(計算用!$AO$2:$AO$186,"男"&B10:E10,計算用!$I$2:$I$186,"赤"))&"白"&SUMPRODUCT(COUNTIFS(計算用!$AO$2:$AO$186,"男"&B10:E10,計算用!$I$2:$I$186,"白"))) | M10: =COUNTIF(F10:I10,"?*") | N10: =IF(M10=0,"","赤"&SUMPRODUCT(COUNTIFS(計算用!$AO$2:$AO$186,"女"&F10:I10,計算用!$I$2:$I$186,"赤"))&"白"&SUMPRODUCT(COUNTIFS(計算用!$AO$2:$AO$186,"女"&F10:I10,計算用!$I$2:$I$186,"白"))) | P10: =IFERROR(INDEX(計算用!$D$2:$D$186,MATCH(5,計算用!$AR$2:$AR$186,0))&"（"&INDEX(計算用!$M$2:$M$186,MATCH(5,計算用!$AR$2:$AR$186,0))&"）","") | Q10: =IFERROR(INDEX(計算用!$D$2:$D$186,MATCH(5,計算用!$AS$2:$AS$186,0))&"（"&INDEX(計算用!$M$2:$M$186,MATCH(5,計算用!$AS$2:$AS$186,0))&"）","") | S10: ='4人組'!D8&"" | T10: ='4人組'!G8&"" | U10: ='4人組'!J8&"" | V10: ='4人組'!M8&"" | W10: ='4人組'!T8&"" | X10: ='4人組'!W8&"" | Y10: ='4人組'!Z8&"" | Z10: ='4人組'!AC8&""
A11: 6 | B11: 佐藤 しょう | C11: 木村 ひなた | D11: 中村 りく | E11: 鈴木 りく | F11: 清水 こはる | G11: 石川 さら | H11: 斎藤 みお | I11: 小林 ゆな | K11: =COUNTIF(B11:E11,"?*") | L11: =IF(K11=0,"","赤"&SUMPRODUCT(COUNTIFS(計算用!$AO$2:$AO$186,"男"&B11:E11,計算用!$I$2:$I$186,"赤"))&"白"&SUMPRODUCT(COUNTIFS(計算用!$AO$2:$AO$186,"男"&B11:E11,計算用!$I$2:$I$186,"白"))) | M11: =COUNTIF(F11:I11,"?*") | N11: =IF(M11=0,"","赤"&SUMPRODUCT(COUNTIFS(計算用!$AO$2:$AO$186,"女"&F11:I11,計算用!$I$2:$I$186,"赤"))&"白"&SUMPRODUCT(COUNTIFS(計算用!$AO$2:$AO$186,"女"&F11:I11,計算用!$I$2:$I$186,"白"))) | P11: =IFERROR(INDEX(計算用!$D$2:$D$186,MATCH(6,計算用!$AR$2:$AR$186,0))&"（"&INDEX(計算用!$M$2:$M$186,MATCH(6,計算用!$AR$2:$AR$186,0))&"）","") | Q11: =IFERROR(INDEX(計算用!$D$2:$D$186,MATCH(6,計算用!$AS$2:$AS$186,0))&"（"&INDEX(計算用!$M$2:$M$186,MATCH(6,計算用!$AS$2:$AS$186,0))&"）","") | S11: ='4人組'!D9&"" | T11: ='4人組'!G9&"" | U11: ='4人組'!J9&"" | V11: ='4人組'!M9&"" | W11: ='4人組'!T9&"" | X11: ='4人組'!W9&"" | Y11: ='4人組'!Z9&"" | Z11: ='4人組'!AC9&""
A12: 7 | B12: 鈴木 はると | C12: 高橋 たいが | D12: 鈴木 つばさ | E12: 橋本 あおい | F12: 井上 ひまり | G12: 伊藤 ひまり | H12: 山田 あかり | I12: 伊藤 りん | K12: =COUNTIF(B12:E12,"?*") | L12: =IF(K12=0,"","赤"&SUMPRODUCT(COUNTIFS(計算用!$AO$2:$AO$186,"男"&B12:E12,計算用!$I$2:$I$186,"赤"))&"白"&SUMPRODUCT(COUNTIFS(計算用!$AO$2:$AO$186,"男"&B12:E12,計算用!$I$2:$I$186,"白"))) | M12: =COUNTIF(F12:I12,"?*") | N12: =IF(M12=0,"","赤"&SUMPRODUCT(COUNTIFS(計算用!$AO$2:$AO$186,"女"&F12:I12,計算用!$I$2:$I$186,"赤"))&"白"&SUMPRODUCT(COUNTIFS(計算用!$AO$2:$AO$186,"女"&F12:I12,計算用!$I$2:$I$186,"白"))) | P12: =IFERROR(INDEX(計算用!$D$2:$D$186,MATCH(7,計算用!$AR$2:$AR$186,0))&"（"&INDEX(計算用!$M$2:$M$186,MATCH(7,計算用!$AR$2:$AR$186,0))&"）","") | Q12: =IFERROR(INDEX(計算用!$D$2:$D$186,MATCH(7,計算用!$AS$2:$AS$186,0))&"（"&INDEX(計算用!$M$2:$M$186,MATCH(7,計算用!$AS$2:$AS$186,0))&"）","") | S12: ='4人組'!D10&"" | T12: ='4人組'!G10&"" | U12: ='4人組'!J10&"" | V12: ='4人組'!M10&"" | W12: ='4人組'!T10&"" | X12: ='4人組'!W10&"" | Y12: ='4人組'!Z10&"" | Z12: ='4人組'!AC10&""
A13: 8 | B13: 山口 しょう | C13: 池田 りょう | D13: 松本 かいと | E13: 山本 はると | F13: 伊藤 つむぎ | G13: 橋本 ひな | H13: 後藤 つむぎ | I13: 長谷川 ひまり | K13: =COUNTIF(B13:E13,"?*") | L13: =IF(K13=0,"","赤"&SUMPRODUCT(COUNTIFS(計算用!$AO$2:$AO$186,"男"&B13:E13,計算用!$I$2:$I$186,"赤"))&"白"&SUMPRODUCT(COUNTIFS(計算用!$AO$2:$AO$186,"男"&B13:E13,計算用!$I$2:$I$186,"白"))) | M13: =COUNTIF(F13:I13,"?*") | N13: =IF(M13=0,"","赤"&SUMPRODUCT(COUNTIFS(計算用!$AO$2:$AO$186,"女"&F13:I13,計算用!$I$2:$I$186,"赤"))&"白"&SUMPRODUCT(COUNTIFS(計算用!$AO$2:$AO$186,"女"&F13:I13,計算用!$I$2:$I$186,"白"))) | P13: =IFERROR(INDEX(計算用!$D$2:$D$186,MATCH(8,計算用!$AR$2:$AR$186,0))&"（"&INDEX(計算用!$M$2:$M$186,MATCH(8,計算用!$AR$2:$AR$186,0))&"）","") | Q13: =IFERROR(INDEX(計算用!$D$2:$D$186,MATCH(8,計算用!$AS$2:$AS$186,0))&"（"&INDEX(計算用!$M$2:$M$186,MATCH(8,計算用!$AS$2:$AS$186,0))&"）","") | S13: ='4人組'!D11&"" | T13: ='4人組'!G11&"" | U13: ='4人組'!J11&"" | V13: ='4人組'!M11&"" | W13: ='4人組'!T11&"" | X13: ='4人組'!W11&"" | Y13: ='4人組'!Z11&"" | Z13: ='4人組'!AC11&""
A14: 9 | B14: 松本 たいが | C14: 木村 りょう | D14: 後藤 けんた | E14: 渡辺 みなと | F14: 池田 めい | G14: 橋本 かのん | H14: 小林 ゆい | I14: 小林 ことね | K14: =COUNTIF(B14:E14,"?*") | L14: =IF(K14=0,"","赤"&SUMPRODUCT(COUNTIFS(計算用!$AO$2:$AO$186,"男"&B14:E14,計算用!$I$2:$I$186,"赤"))&"白"&SUMPRODUCT(COUNTIFS(計算用!$AO$2:$AO$186,"男"&B14:E14,計算用!$I$2:$I$186,"白"))) | M14: =COUNTIF(F14:I14,"?*") | N14: =IF(M14=0,"","赤"&SUMPRODUCT(COUNTIFS(計算用!$AO$2:$AO$186,"女"&F14:I14,計算用!$I$2:$I$186,"赤"))&"白"&SUMPRODUCT(COUNTIFS(計算用!$AO$2:$AO$186,"女"&F14:I14,計算用!$I$2:$I$186,"白"))) | P14: =IFERROR(INDEX(計算用!$D$2:$D$186,MATCH(9,計算用!$AR$2:$AR$186,0))&"（"&INDEX(計算用!$M$2:$M$186,MATCH(9,計算用!$AR$2:$AR$186,0))&"）","") | Q14: =IFERROR(INDEX(計算用!$D$2:$D$186,MATCH(9,計算用!$AS$2:$AS$186,0))&"（"&INDEX(計算用!$M$2:$M$186,MATCH(9,計算用!$AS$2:$AS$186,0))&"）","") | S14: ='4人組'!D12&"" | T14: ='4人組'!G12&"" | U14: ='4人組'!J12&"" | V14: ='4人組'!M12&"" | W14: ='4人組'!T12&"" | X14: ='4人組'!W12&"" | Y14: ='4人組'!Z12&"" | Z14: ='4人組'!AC12&""
A15: 10 | B15: 吉田 ひなた | C15: 村上 こうき | D15: 斎藤 だいち | E15: 高橋 けんた | F15: 石川 あかり | G15: 伊藤 ゆな | H15: 近藤 つむぎ | I15: 長谷川 あかり | K15: =COUNTIF(B15:E15,"?*") | L15: =IF(K15=0,"","赤"&SUMPRODUCT(COUNTIFS(計算用!$AO$2:$AO$186,"男"&B15:E15,計算用!$I$2:$I$186,"赤"))&"白"&SUMPRODUCT(COUNTIFS(計算用!$AO$2:$AO$186,"男"&B15:E15,計算用!$I$2:$I$186,"白"))) | M15: =COUNTIF(F15:I15,"?*") | N15: =IF(M15=0,"","赤"&SUMPRODUCT(COUNTIFS(計算用!$AO$2:$AO$186,"女"&F15:I15,計算用!$I$2:$I$186,"赤"))&"白"&SUMPRODUCT(COUNTIFS(計算用!$AO$2:$AO$186,"女"&F15:I15,計算用!$I$2:$I$186,"白"))) | P15: =IFERROR(INDEX(計算用!$D$2:$D$186,MATCH(10,計算用!$AR$2:$AR$186,0))&"（"&INDEX(計算用!$M$2:$M$186,MATCH(10,計算用!$AR$2:$AR$186,0))&"）","") | Q15: =IFERROR(INDEX(計算用!$D$2:$D$186,MATCH(10,計算用!$AS$2:$AS$186,0))&"（"&INDEX(計算用!$M$2:$M$186,MATCH(10,計算用!$AS$2:$AS$186,0))&"）","") | S15: ='4人組'!D13&"" | T15: ='4人組'!G13&"" | U15: ='4人組'!J13&"" | V15: ='4人組'!M13&"" | W15: ='4人組'!T13&"" | X15: ='4人組'!W13&"" | Y15: ='4人組'!Z13&"" | Z15: ='4人組'!AC13&""
A16: 11 | B16: 近藤 そうた | C16: 橋本 ひなた | D16: 佐藤 そうた | E16: 林 さく | F16: 池田 ゆい | G16: 岡田 さら | H16: 伊藤 さら | K16: =COUNTIF(B16:E16,"?*") | L16: =IF(K16=0,"","赤"&SUMPRODUCT(COUNTIFS(計算用!$AO$2:$AO$186,"男"&B16:E16,計算用!$I$2:$I$186,"赤"))&"白"&SUMPRODUCT(COUNTIFS(計算用!$AO$2:$AO$186,"男"&B16:E16,計算用!$I$2:$I$186,"白"))) | M16: =COUNTIF(F16:I16,"?*") | N16: =IF(M16=0,"","赤"&SUMPRODUCT(COUNTIFS(計算用!$AO$2:$AO$186,"女"&F16:I16,計算用!$I$2:$I$186,"赤"))&"白"&SUMPRODUCT(COUNTIFS(計算用!$AO$2:$AO$186,"女"&F16:I16,計算用!$I$2:$I$186,"白"))) | P16: =IFERROR(INDEX(計算用!$D$2:$D$186,MATCH(11,計算用!$AR$2:$AR$186,0))&"（"&INDEX(計算用!$M$2:$M$186,MATCH(11,計算用!$AR$2:$AR$186,0))&"）","") | Q16: =IFERROR(INDEX(計算用!$D$2:$D$186,MATCH(11,計算用!$AS$2:$AS$186,0))&"（"&INDEX(計算用!$M$2:$M$186,MATCH(11,計算用!$AS$2:$AS$186,0))&"）","") | S16: ='4人組'!D14&"" | T16: ='4人組'!G14&"" | U16: ='4人組'!J14&"" | V16: ='4人組'!M14&"" | W16: ='4人組'!T14&"" | X16: ='4人組'!W14&"" | Y16: ='4人組'!Z14&"" | Z16: ='4人組'!AC14&""
A17: 12 | B17: 池田 こうき | C17: 鈴木 たいが | D17: 山口 だいち | K17: =COUNTIF(B17:E17,"?*") | L17: =IF(K17=0,"","赤"&SUMPRODUCT(COUNTIFS(計算用!$AO$2:$AO$186,"男"&B17:E17,計算用!$I$2:$I$186,"赤"))&"白"&SUMPRODUCT(COUNTIFS(計算用!$AO$2:$AO$186,"男"&B17:E17,計算用!$I$2:$I$186,"白"))) | M17: =COUNTIF(F17:I17,"?*") | N17: =IF(M17=0,"","赤"&SUMPRODUCT(COUNTIFS(計算用!$AO$2:$AO$186,"女"&F17:I17,計算用!$I$2:$I$186,"赤"))&"白"&SUMPRODUCT(COUNTIFS(計算用!$AO$2:$AO$186,"女"&F17:I17,計算用!$I$2:$I$186,"白"))) | P17: =IFERROR(INDEX(計算用!$D$2:$D$186,MATCH(12,計算用!$AR$2:$AR$186,0))&"（"&INDEX(計算用!$M$2:$M$186,MATCH(12,計算用!$AR$2:$AR$186,0))&"）","") | Q17: =IFERROR(INDEX(計算用!$D$2:$D$186,MATCH(12,計算用!$AS$2:$AS$186,0))&"（"&INDEX(計算用!$M$2:$M$186,MATCH(12,計算用!$AS$2:$AS$186,0))&"）","") | S17: ='4人組'!D15&"" | T17: ='4人組'!G15&"" | U17: ='4人組'!J15&"" | V17: ='4人組'!M15&"" | W17: ='4人組'!T15&"" | X17: ='4人組'!W15&"" | Y17: ='4人組'!Z15&"" | Z17: ='4人組'!AC15&""
A18: 13 | K18: =COUNTIF(B18:E18,"?*") | L18: =IF(K18=0,"","赤"&SUMPRODUCT(COUNTIFS(計算用!$AO$2:$AO$186,"男"&B18:E18,計算用!$I$2:$I$186,"赤"))&"白"&SUMPRODUCT(COUNTIFS(計算用!$AO$2:$AO$186,"男"&B18:E18,計算用!$I$2:$I$186,"白"))) | M18: =COUNTIF(F18:I18,"?*") | N18: =IF(M18=0,"","赤"&SUMPRODUCT(COUNTIFS(計算用!$AO$2:$AO$186,"女"&F18:I18,計算用!$I$2:$I$186,"赤"))&"白"&SUMPRODUCT(COUNTIFS(計算用!$AO$2:$AO$186,"女"&F18:I18,計算用!$I$2:$I$186,"白"))) | P18: =IFERROR(INDEX(計算用!$D$2:$D$186,MATCH(13,計算用!$AR$2:$AR$186,0))&"（"&INDEX(計算用!$M$2:$M$186,MATCH(13,計算用!$AR$2:$AR$186,0))&"）","") | Q18: =IFERROR(INDEX(計算用!$D$2:$D$186,MATCH(13,計算用!$AS$2:$AS$186,0))&"（"&INDEX(計算用!$M$2:$M$186,MATCH(13,計算用!$AS$2:$AS$186,0))&"）","") | S18: ='4人組'!D16&"" | T18: ='4人組'!G16&"" | U18: ='4人組'!J16&"" | V18: ='4人組'!M16&"" | W18: ='4人組'!T16&"" | X18: ='4人組'!W16&"" | Y18: ='4人組'!Z16&"" | Z18: ='4人組'!AC16&""
A19: 14 | K19: =COUNTIF(B19:E19,"?*") | L19: =IF(K19=0,"","赤"&SUMPRODUCT(COUNTIFS(計算用!$AO$2:$AO$186,"男"&B19:E19,計算用!$I$2:$I$186,"赤"))&"白"&SUMPRODUCT(COUNTIFS(計算用!$AO$2:$AO$186,"男"&B19:E19,計算用!$I$2:$I$186,"白"))) | M19: =COUNTIF(F19:I19,"?*") | N19: =IF(M19=0,"","赤"&SUMPRODUCT(COUNTIFS(計算用!$AO$2:$AO$186,"女"&F19:I19,計算用!$I$2:$I$186,"赤"))&"白"&SUMPRODUCT(COUNTIFS(計算用!$AO$2:$AO$186,"女"&F19:I19,計算用!$I$2:$I$186,"白"))) | P19: =IFERROR(INDEX(計算用!$D$2:$D$186,MATCH(14,計算用!$AR$2:$AR$186,0))&"（"&INDEX(計算用!$M$2:$M$186,MATCH(14,計算用!$AR$2:$AR$186,0))&"）","") | Q19: =IFERROR(INDEX(計算用!$D$2:$D$186,MATCH(14,計算用!$AS$2:$AS$186,0))&"（"&INDEX(計算用!$M$2:$M$186,MATCH(14,計算用!$AS$2:$AS$186,0))&"）","") | S19: ='4人組'!D17&"" | T19: ='4人組'!G17&"" | U19: ='4人組'!J17&"" | V19: ='4人組'!M17&"" | W19: ='4人組'!T17&"" | X19: ='4人組'!W17&"" | Y19: ='4人組'!Z17&"" | Z19: ='4人組'!AC17&""
A20: 15 | K20: =COUNTIF(B20:E20,"?*") | L20: =IF(K20=0,"","赤"&SUMPRODUCT(COUNTIFS(計算用!$AO$2:$AO$186,"男"&B20:E20,計算用!$I$2:$I$186,"赤"))&"白"&SUMPRODUCT(COUNTIFS(計算用!$AO$2:$AO$186,"男"&B20:E20,計算用!$I$2:$I$186,"白"))) | M20: =COUNTIF(F20:I20,"?*") | N20: =IF(M20=0,"","赤"&SUMPRODUCT(COUNTIFS(計算用!$AO$2:$AO$186,"女"&F20:I20,計算用!$I$2:$I$186,"赤"))&"白"&SUMPRODUCT(COUNTIFS(計算用!$AO$2:$AO$186,"女"&F20:I20,計算用!$I$2:$I$186,"白"))) | P20: =IFERROR(INDEX(計算用!$D$2:$D$186,MATCH(15,計算用!$AR$2:$AR$186,0))&"（"&INDEX(計算用!$M$2:$M$186,MATCH(15,計算用!$AR$2:$AR$186,0))&"）","") | Q20: =IFERROR(INDEX(計算用!$D$2:$D$186,MATCH(15,計算用!$AS$2:$AS$186,0))&"（"&INDEX(計算用!$M$2:$M$186,MATCH(15,計算用!$AS$2:$AS$186,0))&"）","") | S20: ='4人組'!D18&"" | T20: ='4人組'!G18&"" | U20: ='4人組'!J18&"" | V20: ='4人組'!M18&"" | W20: ='4人組'!T18&"" | X20: ='4人組'!W18&"" | Y20: ='4人組'!Z18&"" | Z20: ='4人組'!AC18&""
A21: 16 | K21: =COUNTIF(B21:E21,"?*") | L21: =IF(K21=0,"","赤"&SUMPRODUCT(COUNTIFS(計算用!$AO$2:$AO$186,"男"&B21:E21,計算用!$I$2:$I$186,"赤"))&"白"&SUMPRODUCT(COUNTIFS(計算用!$AO$2:$AO$186,"男"&B21:E21,計算用!$I$2:$I$186,"白"))) | M21: =COUNTIF(F21:I21,"?*") | N21: =IF(M21=0,"","赤"&SUMPRODUCT(COUNTIFS(計算用!$AO$2:$AO$186,"女"&F21:I21,計算用!$I$2:$I$186,"赤"))&"白"&SUMPRODUCT(COUNTIFS(計算用!$AO$2:$AO$186,"女"&F21:I21,計算用!$I$2:$I$186,"白"))) | P21: =IFERROR(INDEX(計算用!$D$2:$D$186,MATCH(16,計算用!$AR$2:$AR$186,0))&"（"&INDEX(計算用!$M$2:$M$186,MATCH(16,計算用!$AR$2:$AR$186,0))&"）","") | Q21: =IFERROR(INDEX(計算用!$D$2:$D$186,MATCH(16,計算用!$AS$2:$AS$186,0))&"（"&INDEX(計算用!$M$2:$M$186,MATCH(16,計算用!$AS$2:$AS$186,0))&"）","") | S21: ='4人組'!D19&"" | T21: ='4人組'!G19&"" | U21: ='4人組'!J19&"" | V21: ='4人組'!M19&"" | W21: ='4人組'!T19&"" | X21: ='4人組'!W19&"" | Y21: ='4人組'!Z19&"" | Z21: ='4人組'!AC19&""
A22: 17 | K22: =COUNTIF(B22:E22,"?*") | L22: =IF(K22=0,"","赤"&SUMPRODUCT(COUNTIFS(計算用!$AO$2:$AO$186,"男"&B22:E22,計算用!$I$2:$I$186,"赤"))&"白"&SUMPRODUCT(COUNTIFS(計算用!$AO$2:$AO$186,"男"&B22:E22,計算用!$I$2:$I$186,"白"))) | M22: =COUNTIF(F22:I22,"?*") | N22: =IF(M22=0,"","赤"&SUMPRODUCT(COUNTIFS(計算用!$AO$2:$AO$186,"女"&F22:I22,計算用!$I$2:$I$186,"赤"))&"白"&SUMPRODUCT(COUNTIFS(計算用!$AO$2:$AO$186,"女"&F22:I22,計算用!$I$2:$I$186,"白"))) | P22: =IFERROR(INDEX(計算用!$D$2:$D$186,MATCH(17,計算用!$AR$2:$AR$186,0))&"（"&INDEX(計算用!$M$2:$M$186,MATCH(17,計算用!$AR$2:$AR$186,0))&"）","") | Q22: =IFERROR(INDEX(計算用!$D$2:$D$186,MATCH(17,計算用!$AS$2:$AS$186,0))&"（"&INDEX(計算用!$M$2:$M$186,MATCH(17,計算用!$AS$2:$AS$186,0))&"）","") | S22: ='4人組'!D20&"" | T22: ='4人組'!G20&"" | U22: ='4人組'!J20&"" | V22: ='4人組'!M20&"" | W22: ='4人組'!T20&"" | X22: ='4人組'!W20&"" | Y22: ='4人組'!Z20&"" | Z22: ='4人組'!AC20&""
A23: 18 | K23: =COUNTIF(B23:E23,"?*") | L23: =IF(K23=0,"","赤"&SUMPRODUCT(COUNTIFS(計算用!$AO$2:$AO$186,"男"&B23:E23,計算用!$I$2:$I$186,"赤"))&"白"&SUMPRODUCT(COUNTIFS(計算用!$AO$2:$AO$186,"男"&B23:E23,計算用!$I$2:$I$186,"白"))) | M23: =COUNTIF(F23:I23,"?*") | N23: =IF(M23=0,"","赤"&SUMPRODUCT(COUNTIFS(計算用!$AO$2:$AO$186,"女"&F23:I23,計算用!$I$2:$I$186,"赤"))&"白"&SUMPRODUCT(COUNTIFS(計算用!$AO$2:$AO$186,"女"&F23:I23,計算用!$I$2:$I$186,"白"))) | P23: =IFERROR(INDEX(計算用!$D$2:$D$186,MATCH(18,計算用!$AR$2:$AR$186,0))&"（"&INDEX(計算用!$M$2:$M$186,MATCH(18,計算用!$AR$2:$AR$186,0))&"）","") | Q23: =IFERROR(INDEX(計算用!$D$2:$D$186,MATCH(18,計算用!$AS$2:$AS$186,0))&"（"&INDEX(計算用!$M$2:$M$186,MATCH(18,計算用!$AS$2:$AS$186,0))&"）","") | S23: ='4人組'!D21&"" | T23: ='4人組'!G21&"" | U23: ='4人組'!J21&"" | V23: ='4人組'!M21&"" | W23: ='4人組'!T21&"" | X23: ='4人組'!W21&"" | Y23: ='4人組'!Z21&"" | Z23: ='4人組'!AC21&""
A24: 19 | K24: =COUNTIF(B24:E24,"?*") | L24: =IF(K24=0,"","赤"&SUMPRODUCT(COUNTIFS(計算用!$AO$2:$AO$186,"男"&B24:E24,計算用!$I$2:$I$186,"赤"))&"白"&SUMPRODUCT(COUNTIFS(計算用!$AO$2:$AO$186,"男"&B24:E24,計算用!$I$2:$I$186,"白"))) | M24: =COUNTIF(F24:I24,"?*") | N24: =IF(M24=0,"","赤"&SUMPRODUCT(COUNTIFS(計算用!$AO$2:$AO$186,"女"&F24:I24,計算用!$I$2:$I$186,"赤"))&"白"&SUMPRODUCT(COUNTIFS(計算用!$AO$2:$AO$186,"女"&F24:I24,計算用!$I$2:$I$186,"白"))) | P24: =IFERROR(INDEX(計算用!$D$2:$D$186,MATCH(19,計算用!$AR$2:$AR$186,0))&"（"&INDEX(計算用!$M$2:$M$186,MATCH(19,計算用!$AR$2:$AR$186,0))&"）","") | Q24: =IFERROR(INDEX(計算用!$D$2:$D$186,MATCH(19,計算用!$AS$2:$AS$186,0))&"（"&INDEX(計算用!$M$2:$M$186,MATCH(19,計算用!$AS$2:$AS$186,0))&"）","") | S24: ='4人組'!D22&"" | T24: ='4人組'!G22&"" | U24: ='4人組'!J22&"" | V24: ='4人組'!M22&"" | W24: ='4人組'!T22&"" | X24: ='4人組'!W22&"" | Y24: ='4人組'!Z22&"" | Z24: ='4人組'!AC22&""
A25: 20 | K25: =COUNTIF(B25:E25,"?*") | L25: =IF(K25=0,"","赤"&SUMPRODUCT(COUNTIFS(計算用!$AO$2:$AO$186,"男"&B25:E25,計算用!$I$2:$I$186,"赤"))&"白"&SUMPRODUCT(COUNTIFS(計算用!$AO$2:$AO$186,"男"&B25:E25,計算用!$I$2:$I$186,"白"))) | M25: =COUNTIF(F25:I25,"?*") | N25: =IF(M25=0,"","赤"&SUMPRODUCT(COUNTIFS(計算用!$AO$2:$AO$186,"女"&F25:I25,計算用!$I$2:$I$186,"赤"))&"白"&SUMPRODUCT(COUNTIFS(計算用!$AO$2:$AO$186,"女"&F25:I25,計算用!$I$2:$I$186,"白"))) | P25: =IFERROR(INDEX(計算用!$D$2:$D$186,MATCH(20,計算用!$AR$2:$AR$186,0))&"（"&INDEX(計算用!$M$2:$M$186,MATCH(20,計算用!$AR$2:$AR$186,0))&"）","") | Q25: =IFERROR(INDEX(計算用!$D$2:$D$186,MATCH(20,計算用!$AS$2:$AS$186,0))&"（"&INDEX(計算用!$M$2:$M$186,MATCH(20,計算用!$AS$2:$AS$186,0))&"）","") | S25: ='4人組'!D23&"" | T25: ='4人組'!G23&"" | U25: ='4人組'!J23&"" | V25: ='4人組'!M23&"" | W25: ='4人組'!T23&"" | X25: ='4人組'!W23&"" | Y25: ='4人組'!Z23&"" | Z25: ='4人組'!AC23&""
A26: 21 | K26: =COUNTIF(B26:E26,"?*") | L26: =IF(K26=0,"","赤"&SUMPRODUCT(COUNTIFS(計算用!$AO$2:$AO$186,"男"&B26:E26,計算用!$I$2:$I$186,"赤"))&"白"&SUMPRODUCT(COUNTIFS(計算用!$AO$2:$AO$186,"男"&B26:E26,計算用!$I$2:$I$186,"白"))) | M26: =COUNTIF(F26:I26,"?*") | N26: =IF(M26=0,"","赤"&SUMPRODUCT(COUNTIFS(計算用!$AO$2:$AO$186,"女"&F26:I26,計算用!$I$2:$I$186,"赤"))&"白"&SUMPRODUCT(COUNTIFS(計算用!$AO$2:$AO$186,"女"&F26:I26,計算用!$I$2:$I$186,"白"))) | P26: =IFERROR(INDEX(計算用!$D$2:$D$186,MATCH(21,計算用!$AR$2:$AR$186,0))&"（"&INDEX(計算用!$M$2:$M$186,MATCH(21,計算用!$AR$2:$AR$186,0))&"）","") | Q26: =IFERROR(INDEX(計算用!$D$2:$D$186,MATCH(21,計算用!$AS$2:$AS$186,0))&"（"&INDEX(計算用!$M$2:$M$186,MATCH(21,計算用!$AS$2:$AS$186,0))&"）","") | S26: ='4人組'!D24&"" | T26: ='4人組'!G24&"" | U26: ='4人組'!J24&"" | V26: ='4人組'!M24&"" | W26: ='4人組'!T24&"" | X26: ='4人組'!W24&"" | Y26: ='4人組'!Z24&"" | Z26: ='4人組'!AC24&""
A27: 22 | K27: =COUNTIF(B27:E27,"?*") | L27: =IF(K27=0,"","赤"&SUMPRODUCT(COUNTIFS(計算用!$AO$2:$AO$186,"男"&B27:E27,計算用!$I$2:$I$186,"赤"))&"白"&SUMPRODUCT(COUNTIFS(計算用!$AO$2:$AO$186,"男"&B27:E27,計算用!$I$2:$I$186,"白"))) | M27: =COUNTIF(F27:I27,"?*") | N27: =IF(M27=0,"","赤"&SUMPRODUCT(COUNTIFS(計算用!$AO$2:$AO$186,"女"&F27:I27,計算用!$I$2:$I$186,"赤"))&"白"&SUMPRODUCT(COUNTIFS(計算用!$AO$2:$AO$186,"女"&F27:I27,計算用!$I$2:$I$186,"白"))) | P27: =IFERROR(INDEX(計算用!$D$2:$D$186,MATCH(22,計算用!$AR$2:$AR$186,0))&"（"&INDEX(計算用!$M$2:$M$186,MATCH(22,計算用!$AR$2:$AR$186,0))&"）","") | Q27: =IFERROR(INDEX(計算用!$D$2:$D$186,MATCH(22,計算用!$AS$2:$AS$186,0))&"（"&INDEX(計算用!$M$2:$M$186,MATCH(22,計算用!$AS$2:$AS$186,0))&"）","") | S27: ='4人組'!D25&"" | T27: ='4人組'!G25&"" | U27: ='4人組'!J25&"" | V27: ='4人組'!M25&"" | W27: ='4人組'!T25&"" | X27: ='4人組'!W25&"" | Y27: ='4人組'!Z25&"" | Z27: ='4人組'!AC25&""
A28: 23 | K28: =COUNTIF(B28:E28,"?*") | L28: =IF(K28=0,"","赤"&SUMPRODUCT(COUNTIFS(計算用!$AO$2:$AO$186,"男"&B28:E28,計算用!$I$2:$I$186,"赤"))&"白"&SUMPRODUCT(COUNTIFS(計算用!$AO$2:$AO$186,"男"&B28:E28,計算用!$I$2:$I$186,"白"))) | M28: =COUNTIF(F28:I28,"?*") | N28: =IF(M28=0,"","赤"&SUMPRODUCT(COUNTIFS(計算用!$AO$2:$AO$186,"女"&F28:I28,計算用!$I$2:$I$186,"赤"))&"白"&SUMPRODUCT(COUNTIFS(計算用!$AO$2:$AO$186,"女"&F28:I28,計算用!$I$2:$I$186,"白"))) | P28: =IFERROR(INDEX(計算用!$D$2:$D$186,MATCH(23,計算用!$AR$2:$AR$186,0))&"（"&INDEX(計算用!$M$2:$M$186,MATCH(23,計算用!$AR$2:$AR$186,0))&"）","") | Q28: =IFERROR(INDEX(計算用!$D$2:$D$186,MATCH(23,計算用!$AS$2:$AS$186,0))&"（"&INDEX(計算用!$M$2:$M$186,MATCH(23,計算用!$AS$2:$AS$186,0))&"）","") | S28: ='4人組'!D26&"" | T28: ='4人組'!G26&"" | U28: ='4人組'!J26&"" | V28: ='4人組'!M26&"" | W28: ='4人組'!T26&"" | X28: ='4人組'!W26&"" | Y28: ='4人組'!Z26&"" | Z28: ='4人組'!AC26&""
A29: 24 | K29: =COUNTIF(B29:E29,"?*") | L29: =IF(K29=0,"","赤"&SUMPRODUCT(COUNTIFS(計算用!$AO$2:$AO$186,"男"&B29:E29,計算用!$I$2:$I$186,"赤"))&"白"&SUMPRODUCT(COUNTIFS(計算用!$AO$2:$AO$186,"男"&B29:E29,計算用!$I$2:$I$186,"白"))) | M29: =COUNTIF(F29:I29,"?*") | N29: =IF(M29=0,"","赤"&SUMPRODUCT(COUNTIFS(計算用!$AO$2:$AO$186,"女"&F29:I29,計算用!$I$2:$I$186,"赤"))&"白"&SUMPRODUCT(COUNTIFS(計算用!$AO$2:$AO$186,"女"&F29:I29,計算用!$I$2:$I$186,"白"))) | P29: =IFERROR(INDEX(計算用!$D$2:$D$186,MATCH(24,計算用!$AR$2:$AR$186,0))&"（"&INDEX(計算用!$M$2:$M$186,MATCH(24,計算用!$AR$2:$AR$186,0))&"）","") | Q29: =IFERROR(INDEX(計算用!$D$2:$D$186,MATCH(24,計算用!$AS$2:$AS$186,0))&"（"&INDEX(計算用!$M$2:$M$186,MATCH(24,計算用!$AS$2:$AS$186,0))&"）","") | S29: ='4人組'!D27&"" | T29: ='4人組'!G27&"" | U29: ='4人組'!J27&"" | V29: ='4人組'!M27&"" | W29: ='4人組'!T27&"" | X29: ='4人組'!W27&"" | Y29: ='4人組'!Z27&"" | Z29: ='4人組'!AC27&""
A30: 25 | K30: =COUNTIF(B30:E30,"?*") | L30: =IF(K30=0,"","赤"&SUMPRODUCT(COUNTIFS(計算用!$AO$2:$AO$186,"男"&B30:E30,計算用!$I$2:$I$186,"赤"))&"白"&SUMPRODUCT(COUNTIFS(計算用!$AO$2:$AO$186,"男"&B30:E30,計算用!$I$2:$I$186,"白"))) | M30: =COUNTIF(F30:I30,"?*") | N30: =IF(M30=0,"","赤"&SUMPRODUCT(COUNTIFS(計算用!$AO$2:$AO$186,"女"&F30:I30,計算用!$I$2:$I$186,"赤"))&"白"&SUMPRODUCT(COUNTIFS(計算用!$AO$2:$AO$186,"女"&F30:I30,計算用!$I$2:$I$186,"白"))) | P30: =IFERROR(INDEX(計算用!$D$2:$D$186,MATCH(25,計算用!$AR$2:$AR$186,0))&"（"&INDEX(計算用!$M$2:$M$186,MATCH(25,計算用!$AR$2:$AR$186,0))&"）","") | Q30: =IFERROR(INDEX(計算用!$D$2:$D$186,MATCH(25,計算用!$AS$2:$AS$186,0))&"（"&INDEX(計算用!$M$2:$M$186,MATCH(25,計算用!$AS$2:$AS$186,0))&"）","") | S30: ='4人組'!D28&"" | T30: ='4人組'!G28&"" | U30: ='4人組'!J28&"" | V30: ='4人組'!M28&"" | W30: ='4人組'!T28&"" | X30: ='4人組'!W28&"" | Y30: ='4人組'!Z28&"" | Z30: ='4人組'!AC28&""
A31: 26 | K31: =COUNTIF(B31:E31,"?*") | L31: =IF(K31=0,"","赤"&SUMPRODUCT(COUNTIFS(計算用!$AO$2:$AO$186,"男"&B31:E31,計算用!$I$2:$I$186,"赤"))&"白"&SUMPRODUCT(COUNTIFS(計算用!$AO$2:$AO$186,"男"&B31:E31,計算用!$I$2:$I$186,"白"))) | M31: =COUNTIF(F31:I31,"?*") | N31: =IF(M31=0,"","赤"&SUMPRODUCT(COUNTIFS(計算用!$AO$2:$AO$186,"女"&F31:I31,計算用!$I$2:$I$186,"赤"))&"白"&SUMPRODUCT(COUNTIFS(計算用!$AO$2:$AO$186,"女"&F31:I31,計算用!$I$2:$I$186,"白"))) | P31: =IFERROR(INDEX(計算用!$D$2:$D$186,MATCH(26,計算用!$AR$2:$AR$186,0))&"（"&INDEX(計算用!$M$2:$M$186,MATCH(26,計算用!$AR$2:$AR$186,0))&"）","") | Q31: =IFERROR(INDEX(計算用!$D$2:$D$186,MATCH(26,計算用!$AS$2:$AS$186,0))&"（"&INDEX(計算用!$M$2:$M$186,MATCH(26,計算用!$AS$2:$AS$186,0))&"）","") | S31: ='4人組'!D29&"" | T31: ='4人組'!G29&"" | U31: ='4人組'!J29&"" | V31: ='4人組'!M29&"" | W31: ='4人組'!T29&"" | X31: ='4人組'!W29&"" | Y31: ='4人組'!Z29&"" | Z31: ='4人組'!AC29&""
A32: 27 | K32: =COUNTIF(B32:E32,"?*") | L32: =IF(K32=0,"","赤"&SUMPRODUCT(COUNTIFS(計算用!$AO$2:$AO$186,"男"&B32:E32,計算用!$I$2:$I$186,"赤"))&"白"&SUMPRODUCT(COUNTIFS(計算用!$AO$2:$AO$186,"男"&B32:E32,計算用!$I$2:$I$186,"白"))) | M32: =COUNTIF(F32:I32,"?*") | N32: =IF(M32=0,"","赤"&SUMPRODUCT(COUNTIFS(計算用!$AO$2:$AO$186,"女"&F32:I32,計算用!$I$2:$I$186,"赤"))&"白"&SUMPRODUCT(COUNTIFS(計算用!$AO$2:$AO$186,"女"&F32:I32,計算用!$I$2:$I$186,"白"))) | P32: =IFERROR(INDEX(計算用!$D$2:$D$186,MATCH(27,計算用!$AR$2:$AR$186,0))&"（"&INDEX(計算用!$M$2:$M$186,MATCH(27,計算用!$AR$2:$AR$186,0))&"）","") | Q32: =IFERROR(INDEX(計算用!$D$2:$D$186,MATCH(27,計算用!$AS$2:$AS$186,0))&"（"&INDEX(計算用!$M$2:$M$186,MATCH(27,計算用!$AS$2:$AS$186,0))&"）","") | S32: ='4人組'!D30&"" | T32: ='4人組'!G30&"" | U32: ='4人組'!J30&"" | V32: ='4人組'!M30&"" | W32: ='4人組'!T30&"" | X32: ='4人組'!W30&"" | Y32: ='4人組'!Z30&"" | Z32: ='4人組'!AC30&""
A33: 28 | K33: =COUNTIF(B33:E33,"?*") | L33: =IF(K33=0,"","赤"&SUMPRODUCT(COUNTIFS(計算用!$AO$2:$AO$186,"男"&B33:E33,計算用!$I$2:$I$186,"赤"))&"白"&SUMPRODUCT(COUNTIFS(計算用!$AO$2:$AO$186,"男"&B33:E33,計算用!$I$2:$I$186,"白"))) | M33: =COUNTIF(F33:I33,"?*") | N33: =IF(M33=0,"","赤"&SUMPRODUCT(COUNTIFS(計算用!$AO$2:$AO$186,"女"&F33:I33,計算用!$I$2:$I$186,"赤"))&"白"&SUMPRODUCT(COUNTIFS(計算用!$AO$2:$AO$186,"女"&F33:I33,計算用!$I$2:$I$186,"白"))) | P33: =IFERROR(INDEX(計算用!$D$2:$D$186,MATCH(28,計算用!$AR$2:$AR$186,0))&"（"&INDEX(計算用!$M$2:$M$186,MATCH(28,計算用!$AR$2:$AR$186,0))&"）","") | Q33: =IFERROR(INDEX(計算用!$D$2:$D$186,MATCH(28,計算用!$AS$2:$AS$186,0))&"（"&INDEX(計算用!$M$2:$M$186,MATCH(28,計算用!$AS$2:$AS$186,0))&"）","") | S33: ='4人組'!D31&"" | T33: ='4人組'!G31&"" | U33: ='4人組'!J31&"" | V33: ='4人組'!M31&"" | W33: ='4人組'!T31&"" | X33: ='4人組'!W31&"" | Y33: ='4人組'!Z31&"" | Z33: ='4人組'!AC31&""
A34: 29 | K34: =COUNTIF(B34:E34,"?*") | L34: =IF(K34=0,"","赤"&SUMPRODUCT(COUNTIFS(計算用!$AO$2:$AO$186,"男"&B34:E34,計算用!$I$2:$I$186,"赤"))&"白"&SUMPRODUCT(COUNTIFS(計算用!$AO$2:$AO$186,"男"&B34:E34,計算用!$I$2:$I$186,"白"))) | M34: =COUNTIF(F34:I34,"?*") | N34: =IF(M34=0,"","赤"&SUMPRODUCT(COUNTIFS(計算用!$AO$2:$AO$186,"女"&F34:I34,計算用!$I$2:$I$186,"赤"))&"白"&SUMPRODUCT(COUNTIFS(計算用!$AO$2:$AO$186,"女"&F34:I34,計算用!$I$2:$I$186,"白"))) | P34: =IFERROR(INDEX(計算用!$D$2:$D$186,MATCH(29,計算用!$AR$2:$AR$186,0))&"（"&INDEX(計算用!$M$2:$M$186,MATCH(29,計算用!$AR$2:$AR$186,0))&"）","") | Q34: =IFERROR(INDEX(計算用!$D$2:$D$186,MATCH(29,計算用!$AS$2:$AS$186,0))&"（"&INDEX(計算用!$M$2:$M$186,MATCH(29,計算用!$AS$2:$AS$186,0))&"）","") | S34: ='4人組'!D32&"" | T34: ='4人組'!G32&"" | U34: ='4人組'!J32&"" | V34: ='4人組'!M32&"" | W34: ='4人組'!T32&"" | X34: ='4人組'!W32&"" | Y34: ='4人組'!Z32&"" | Z34: ='4人組'!AC32&""
A35: 30 | K35: =COUNTIF(B35:E35,"?*") | L35: =IF(K35=0,"","赤"&SUMPRODUCT(COUNTIFS(計算用!$AO$2:$AO$186,"男"&B35:E35,計算用!$I$2:$I$186,"赤"))&"白"&SUMPRODUCT(COUNTIFS(計算用!$AO$2:$AO$186,"男"&B35:E35,計算用!$I$2:$I$186,"白"))) | M35: =COUNTIF(F35:I35,"?*") | N35: =IF(M35=0,"","赤"&SUMPRODUCT(COUNTIFS(計算用!$AO$2:$AO$186,"女"&F35:I35,計算用!$I$2:$I$186,"赤"))&"白"&SUMPRODUCT(COUNTIFS(計算用!$AO$2:$AO$186,"女"&F35:I35,計算用!$I$2:$I$186,"白"))) | P35: =IFERROR(INDEX(計算用!$D$2:$D$186,MATCH(30,計算用!$AR$2:$AR$186,0))&"（"&INDEX(計算用!$M$2:$M$186,MATCH(30,計算用!$AR$2:$AR$186,0))&"）","") | Q35: =IFERROR(INDEX(計算用!$D$2:$D$186,MATCH(30,計算用!$AS$2:$AS$186,0))&"（"&INDEX(計算用!$M$2:$M$186,MATCH(30,計算用!$AS$2:$AS$186,0))&"）","") | S35: ='4人組'!D33&"" | T35: ='4人組'!G33&"" | U35: ='4人組'!J33&"" | V35: ='4人組'!M33&"" | W35: ='4人組'!T33&"" | X35: ='4人組'!W33&"" | Y35: ='4人組'!Z33&"" | Z35: ='4人組'!AC33&""
A36: 31 | K36: =COUNTIF(B36:E36,"?*") | L36: =IF(K36=0,"","赤"&SUMPRODUCT(COUNTIFS(計算用!$AO$2:$AO$186,"男"&B36:E36,計算用!$I$2:$I$186,"赤"))&"白"&SUMPRODUCT(COUNTIFS(計算用!$AO$2:$AO$186,"男"&B36:E36,計算用!$I$2:$I$186,"白"))) | M36: =COUNTIF(F36:I36,"?*") | N36: =IF(M36=0,"","赤"&SUMPRODUCT(COUNTIFS(計算用!$AO$2:$AO$186,"女"&F36:I36,計算用!$I$2:$I$186,"赤"))&"白"&SUMPRODUCT(COUNTIFS(計算用!$AO$2:$AO$186,"女"&F36:I36,計算用!$I$2:$I$186,"白"))) | P36: =IFERROR(INDEX(計算用!$D$2:$D$186,MATCH(31,計算用!$AR$2:$AR$186,0))&"（"&INDEX(計算用!$M$2:$M$186,MATCH(31,計算用!$AR$2:$AR$186,0))&"）","") | Q36: =IFERROR(INDEX(計算用!$D$2:$D$186,MATCH(31,計算用!$AS$2:$AS$186,0))&"（"&INDEX(計算用!$M$2:$M$186,MATCH(31,計算用!$AS$2:$AS$186,0))&"）","") | S36: ='4人組'!D34&"" | T36: ='4人組'!G34&"" | U36: ='4人組'!J34&"" | V36: ='4人組'!M34&"" | W36: ='4人組'!T34&"" | X36: ='4人組'!W34&"" | Y36: ='4人組'!Z34&"" | Z36: ='4人組'!AC34&""
A37: 32 | K37: =COUNTIF(B37:E37,"?*") | L37: =IF(K37=0,"","赤"&SUMPRODUCT(COUNTIFS(計算用!$AO$2:$AO$186,"男"&B37:E37,計算用!$I$2:$I$186,"赤"))&"白"&SUMPRODUCT(COUNTIFS(計算用!$AO$2:$AO$186,"男"&B37:E37,計算用!$I$2:$I$186,"白"))) | M37: =COUNTIF(F37:I37,"?*") | N37: =IF(M37=0,"","赤"&SUMPRODUCT(COUNTIFS(計算用!$AO$2:$AO$186,"女"&F37:I37,計算用!$I$2:$I$186,"赤"))&"白"&SUMPRODUCT(COUNTIFS(計算用!$AO$2:$AO$186,"女"&F37:I37,計算用!$I$2:$I$186,"白"))) | P37: =IFERROR(INDEX(計算用!$D$2:$D$186,MATCH(32,計算用!$AR$2:$AR$186,0))&"（"&INDEX(計算用!$M$2:$M$186,MATCH(32,計算用!$AR$2:$AR$186,0))&"）","") | Q37: =IFERROR(INDEX(計算用!$D$2:$D$186,MATCH(32,計算用!$AS$2:$AS$186,0))&"（"&INDEX(計算用!$M$2:$M$186,MATCH(32,計算用!$AS$2:$AS$186,0))&"）","") | S37: ='4人組'!D35&"" | T37: ='4人組'!G35&"" | U37: ='4人組'!J35&"" | V37: ='4人組'!M35&"" | W37: ='4人組'!T35&"" | X37: ='4人組'!W35&"" | Y37: ='4人組'!Z35&"" | Z37: ='4人組'!AC35&""
A38: 33 | K38: =COUNTIF(B38:E38,"?*") | L38: =IF(K38=0,"","赤"&SUMPRODUCT(COUNTIFS(計算用!$AO$2:$AO$186,"男"&B38:E38,計算用!$I$2:$I$186,"赤"))&"白"&SUMPRODUCT(COUNTIFS(計算用!$AO$2:$AO$186,"男"&B38:E38,計算用!$I$2:$I$186,"白"))) | M38: =COUNTIF(F38:I38,"?*") | N38: =IF(M38=0,"","赤"&SUMPRODUCT(COUNTIFS(計算用!$AO$2:$AO$186,"女"&F38:I38,計算用!$I$2:$I$186,"赤"))&"白"&SUMPRODUCT(COUNTIFS(計算用!$AO$2:$AO$186,"女"&F38:I38,計算用!$I$2:$I$186,"白"))) | P38: =IFERROR(INDEX(計算用!$D$2:$D$186,MATCH(33,計算用!$AR$2:$AR$186,0))&"（"&INDEX(計算用!$M$2:$M$186,MATCH(33,計算用!$AR$2:$AR$186,0))&"）","") | Q38: =IFERROR(INDEX(計算用!$D$2:$D$186,MATCH(33,計算用!$AS$2:$AS$186,0))&"（"&INDEX(計算用!$M$2:$M$186,MATCH(33,計算用!$AS$2:$AS$186,0))&"）","") | S38: ='4人組'!D36&"" | T38: ='4人組'!G36&"" | U38: ='4人組'!J36&"" | V38: ='4人組'!M36&"" | W38: ='4人組'!T36&"" | X38: ='4人組'!W36&"" | Y38: ='4人組'!Z36&"" | Z38: ='4人組'!AC36&""
A39: 34 | K39: =COUNTIF(B39:E39,"?*") | L39: =IF(K39=0,"","赤"&SUMPRODUCT(COUNTIFS(計算用!$AO$2:$AO$186,"男"&B39:E39,計算用!$I$2:$I$186,"赤"))&"白"&SUMPRODUCT(COUNTIFS(計算用!$AO$2:$AO$186,"男"&B39:E39,計算用!$I$2:$I$186,"白"))) | M39: =COUNTIF(F39:I39,"?*") | N39: =IF(M39=0,"","赤"&SUMPRODUCT(COUNTIFS(計算用!$AO$2:$AO$186,"女"&F39:I39,計算用!$I$2:$I$186,"赤"))&"白"&SUMPRODUCT(COUNTIFS(計算用!$AO$2:$AO$186,"女"&F39:I39,計算用!$I$2:$I$186,"白"))) | P39: =IFERROR(INDEX(計算用!$D$2:$D$186,MATCH(34,計算用!$AR$2:$AR$186,0))&"（"&INDEX(計算用!$M$2:$M$186,MATCH(34,計算用!$AR$2:$AR$186,0))&"）","") | Q39: =IFERROR(INDEX(計算用!$D$2:$D$186,MATCH(34,計算用!$AS$2:$AS$186,0))&"（"&INDEX(計算用!$M$2:$M$186,MATCH(34,計算用!$AS$2:$AS$186,0))&"）","") | S39: ='4人組'!D37&"" | T39: ='4人組'!G37&"" | U39: ='4人組'!J37&"" | V39: ='4人組'!M37&"" | W39: ='4人組'!T37&"" | X39: ='4人組'!W37&"" | Y39: ='4人組'!Z37&"" | Z39: ='4人組'!AC37&""
A40: 35 | K40: =COUNTIF(B40:E40,"?*") | L40: =IF(K40=0,"","赤"&SUMPRODUCT(COUNTIFS(計算用!$AO$2:$AO$186,"男"&B40:E40,計算用!$I$2:$I$186,"赤"))&"白"&SUMPRODUCT(COUNTIFS(計算用!$AO$2:$AO$186,"男"&B40:E40,計算用!$I$2:$I$186,"白"))) | M40: =COUNTIF(F40:I40,"?*") | N40: =IF(M40=0,"","赤"&SUMPRODUCT(COUNTIFS(計算用!$AO$2:$AO$186,"女"&F40:I40,計算用!$I$2:$I$186,"赤"))&"白"&SUMPRODUCT(COUNTIFS(計算用!$AO$2:$AO$186,"女"&F40:I40,計算用!$I$2:$I$186,"白"))) | P40: =IFERROR(INDEX(計算用!$D$2:$D$186,MATCH(35,計算用!$AR$2:$AR$186,0))&"（"&INDEX(計算用!$M$2:$M$186,MATCH(35,計算用!$AR$2:$AR$186,0))&"）","") | Q40: =IFERROR(INDEX(計算用!$D$2:$D$186,MATCH(35,計算用!$AS$2:$AS$186,0))&"（"&INDEX(計算用!$M$2:$M$186,MATCH(35,計算用!$AS$2:$AS$186,0))&"）","") | S40: ='4人組'!D38&"" | T40: ='4人組'!G38&"" | U40: ='4人組'!J38&"" | V40: ='4人組'!M38&"" | W40: ='4人組'!T38&"" | X40: ='4人組'!W38&"" | Y40: ='4人組'!Z38&"" | Z40: ='4人組'!AC38&""
A41: 36 | K41: =COUNTIF(B41:E41,"?*") | L41: =IF(K41=0,"","赤"&SUMPRODUCT(COUNTIFS(計算用!$AO$2:$AO$186,"男"&B41:E41,計算用!$I$2:$I$186,"赤"))&"白"&SUMPRODUCT(COUNTIFS(計算用!$AO$2:$AO$186,"男"&B41:E41,計算用!$I$2:$I$186,"白"))) | M41: =COUNTIF(F41:I41,"?*") | N41: =IF(M41=0,"","赤"&SUMPRODUCT(COUNTIFS(計算用!$AO$2:$AO$186,"女"&F41:I41,計算用!$I$2:$I$186,"赤"))&"白"&SUMPRODUCT(COUNTIFS(計算用!$AO$2:$AO$186,"女"&F41:I41,計算用!$I$2:$I$186,"白"))) | P41: =IFERROR(INDEX(計算用!$D$2:$D$186,MATCH(36,計算用!$AR$2:$AR$186,0))&"（"&INDEX(計算用!$M$2:$M$186,MATCH(36,計算用!$AR$2:$AR$186,0))&"）","") | Q41: =IFERROR(INDEX(計算用!$D$2:$D$186,MATCH(36,計算用!$AS$2:$AS$186,0))&"（"&INDEX(計算用!$M$2:$M$186,MATCH(36,計算用!$AS$2:$AS$186,0))&"）","") | S41: ='4人組'!D39&"" | T41: ='4人組'!G39&"" | U41: ='4人組'!J39&"" | V41: ='4人組'!M39&"" | W41: ='4人組'!T39&"" | X41: ='4人組'!W39&"" | Y41: ='4人組'!Z39&"" | Z41: ='4人組'!AC39&""
A42: 37 | K42: =COUNTIF(B42:E42,"?*") | L42: =IF(K42=0,"","赤"&SUMPRODUCT(COUNTIFS(計算用!$AO$2:$AO$186,"男"&B42:E42,計算用!$I$2:$I$186,"赤"))&"白"&SUMPRODUCT(COUNTIFS(計算用!$AO$2:$AO$186,"男"&B42:E42,計算用!$I$2:$I$186,"白"))) | M42: =COUNTIF(F42:I42,"?*") | N42: =IF(M42=0,"","赤"&SUMPRODUCT(COUNTIFS(計算用!$AO$2:$AO$186,"女"&F42:I42,計算用!$I$2:$I$186,"赤"))&"白"&SUMPRODUCT(COUNTIFS(計算用!$AO$2:$AO$186,"女"&F42:I42,計算用!$I$2:$I$186,"白"))) | P42: =IFERROR(INDEX(計算用!$D$2:$D$186,MATCH(37,計算用!$AR$2:$AR$186,0))&"（"&INDEX(計算用!$M$2:$M$186,MATCH(37,計算用!$AR$2:$AR$186,0))&"）","") | Q42: =IFERROR(INDEX(計算用!$D$2:$D$186,MATCH(37,計算用!$AS$2:$AS$186,0))&"（"&INDEX(計算用!$M$2:$M$186,MATCH(37,計算用!$AS$2:$AS$186,0))&"）","") | S42: ='4人組'!D40&"" | T42: ='4人組'!G40&"" | U42: ='4人組'!J40&"" | V42: ='4人組'!M40&"" | W42: ='4人組'!T40&"" | X42: ='4人組'!W40&"" | Y42: ='4人組'!Z40&"" | Z42: ='4人組'!AC40&""
A43: 38 | K43: =COUNTIF(B43:E43,"?*") | L43: =IF(K43=0,"","赤"&SUMPRODUCT(COUNTIFS(計算用!$AO$2:$AO$186,"男"&B43:E43,計算用!$I$2:$I$186,"赤"))&"白"&SUMPRODUCT(COUNTIFS(計算用!$AO$2:$AO$186,"男"&B43:E43,計算用!$I$2:$I$186,"白"))) | M43: =COUNTIF(F43:I43,"?*") | N43: =IF(M43=0,"","赤"&SUMPRODUCT(COUNTIFS(計算用!$AO$2:$AO$186,"女"&F43:I43,計算用!$I$2:$I$186,"赤"))&"白"&SUMPRODUCT(COUNTIFS(計算用!$AO$2:$AO$186,"女"&F43:I43,計算用!$I$2:$I$186,"白"))) | P43: =IFERROR(INDEX(計算用!$D$2:$D$186,MATCH(38,計算用!$AR$2:$AR$186,0))&"（"&INDEX(計算用!$M$2:$M$186,MATCH(38,計算用!$AR$2:$AR$186,0))&"）","") | Q43: =IFERROR(INDEX(計算用!$D$2:$D$186,MATCH(38,計算用!$AS$2:$AS$186,0))&"（"&INDEX(計算用!$M$2:$M$186,MATCH(38,計算用!$AS$2:$AS$186,0))&"）","") | S43: ='4人組'!D41&"" | T43: ='4人組'!G41&"" | U43: ='4人組'!J41&"" | V43: ='4人組'!M41&"" | W43: ='4人組'!T41&"" | X43: ='4人組'!W41&"" | Y43: ='4人組'!Z41&"" | Z43: ='4人組'!AC41&""
A44: 39 | K44: =COUNTIF(B44:E44,"?*") | L44: =IF(K44=0,"","赤"&SUMPRODUCT(COUNTIFS(計算用!$AO$2:$AO$186,"男"&B44:E44,計算用!$I$2:$I$186,"赤"))&"白"&SUMPRODUCT(COUNTIFS(計算用!$AO$2:$AO$186,"男"&B44:E44,計算用!$I$2:$I$186,"白"))) | M44: =COUNTIF(F44:I44,"?*") | N44: =IF(M44=0,"","赤"&SUMPRODUCT(COUNTIFS(計算用!$AO$2:$AO$186,"女"&F44:I44,計算用!$I$2:$I$186,"赤"))&"白"&SUMPRODUCT(COUNTIFS(計算用!$AO$2:$AO$186,"女"&F44:I44,計算用!$I$2:$I$186,"白"))) | P44: =IFERROR(INDEX(計算用!$D$2:$D$186,MATCH(39,計算用!$AR$2:$AR$186,0))&"（"&INDEX(計算用!$M$2:$M$186,MATCH(39,計算用!$AR$2:$AR$186,0))&"）","") | Q44: =IFERROR(INDEX(計算用!$D$2:$D$186,MATCH(39,計算用!$AS$2:$AS$186,0))&"（"&INDEX(計算用!$M$2:$M$186,MATCH(39,計算用!$AS$2:$AS$186,0))&"）","") | S44: ='4人組'!D42&"" | T44: ='4人組'!G42&"" | U44: ='4人組'!J42&"" | V44: ='4人組'!M42&"" | W44: ='4人組'!T42&"" | X44: ='4人組'!W42&"" | Y44: ='4人組'!Z42&"" | Z44: ='4人組'!AC42&""
A45: 40 | K45: =COUNTIF(B45:E45,"?*") | L45: =IF(K45=0,"","赤"&SUMPRODUCT(COUNTIFS(計算用!$AO$2:$AO$186,"男"&B45:E45,計算用!$I$2:$I$186,"赤"))&"白"&SUMPRODUCT(COUNTIFS(計算用!$AO$2:$AO$186,"男"&B45:E45,計算用!$I$2:$I$186,"白"))) | M45: =COUNTIF(F45:I45,"?*") | N45: =IF(M45=0,"","赤"&SUMPRODUCT(COUNTIFS(計算用!$AO$2:$AO$186,"女"&F45:I45,計算用!$I$2:$I$186,"赤"))&"白"&SUMPRODUCT(COUNTIFS(計算用!$AO$2:$AO$186,"女"&F45:I45,計算用!$I$2:$I$186,"白"))) | P45: =IFERROR(INDEX(計算用!$D$2:$D$186,MATCH(40,計算用!$AR$2:$AR$186,0))&"（"&INDEX(計算用!$M$2:$M$186,MATCH(40,計算用!$AR$2:$AR$186,0))&"）","") | Q45: =IFERROR(INDEX(計算用!$D$2:$D$186,MATCH(40,計算用!$AS$2:$AS$186,0))&"（"&INDEX(計算用!$M$2:$M$186,MATCH(40,計算用!$AS$2:$AS$186,0))&"）","") | S45: ='4人組'!D43&"" | T45: ='4人組'!G43&"" | U45: ='4人組'!J43&"" | V45: ='4人組'!M43&"" | W45: ='4人組'!T43&"" | X45: ='4人組'!W43&"" | Y45: ='4人組'!Z43&"" | Z45: ='4人組'!AC43&""
A46: 41 | K46: =COUNTIF(B46:E46,"?*") | L46: =IF(K46=0,"","赤"&SUMPRODUCT(COUNTIFS(計算用!$AO$2:$AO$186,"男"&B46:E46,計算用!$I$2:$I$186,"赤"))&"白"&SUMPRODUCT(COUNTIFS(計算用!$AO$2:$AO$186,"男"&B46:E46,計算用!$I$2:$I$186,"白"))) | M46: =COUNTIF(F46:I46,"?*") | N46: =IF(M46=0,"","赤"&SUMPRODUCT(COUNTIFS(計算用!$AO$2:$AO$186,"女"&F46:I46,計算用!$I$2:$I$186,"赤"))&"白"&SUMPRODUCT(COUNTIFS(計算用!$AO$2:$AO$186,"女"&F46:I46,計算用!$I$2:$I$186,"白"))) | P46: =IFERROR(INDEX(計算用!$D$2:$D$186,MATCH(41,計算用!$AR$2:$AR$186,0))&"（"&INDEX(計算用!$M$2:$M$186,MATCH(41,計算用!$AR$2:$AR$186,0))&"）","") | Q46: =IFERROR(INDEX(計算用!$D$2:$D$186,MATCH(41,計算用!$AS$2:$AS$186,0))&"（"&INDEX(計算用!$M$2:$M$186,MATCH(41,計算用!$AS$2:$AS$186,0))&"）","") | S46: ='4人組'!D44&"" | T46: ='4人組'!G44&"" | U46: ='4人組'!J44&"" | V46: ='4人組'!M44&"" | W46: ='4人組'!T44&"" | X46: ='4人組'!W44&"" | Y46: ='4人組'!Z44&"" | Z46: ='4人組'!AC44&""
A47: 42 | K47: =COUNTIF(B47:E47,"?*") | L47: =IF(K47=0,"","赤"&SUMPRODUCT(COUNTIFS(計算用!$AO$2:$AO$186,"男"&B47:E47,計算用!$I$2:$I$186,"赤"))&"白"&SUMPRODUCT(COUNTIFS(計算用!$AO$2:$AO$186,"男"&B47:E47,計算用!$I$2:$I$186,"白"))) | M47: =COUNTIF(F47:I47,"?*") | N47: =IF(M47=0,"","赤"&SUMPRODUCT(COUNTIFS(計算用!$AO$2:$AO$186,"女"&F47:I47,計算用!$I$2:$I$186,"赤"))&"白"&SUMPRODUCT(COUNTIFS(計算用!$AO$2:$AO$186,"女"&F47:I47,計算用!$I$2:$I$186,"白"))) | P47: =IFERROR(INDEX(計算用!$D$2:$D$186,MATCH(42,計算用!$AR$2:$AR$186,0))&"（"&INDEX(計算用!$M$2:$M$186,MATCH(42,計算用!$AR$2:$AR$186,0))&"）","") | Q47: =IFERROR(INDEX(計算用!$D$2:$D$186,MATCH(42,計算用!$AS$2:$AS$186,0))&"（"&INDEX(計算用!$M$2:$M$186,MATCH(42,計算用!$AS$2:$AS$186,0))&"）","") | S47: ='4人組'!D45&"" | T47: ='4人組'!G45&"" | U47: ='4人組'!J45&"" | V47: ='4人組'!M45&"" | W47: ='4人組'!T45&"" | X47: ='4人組'!W45&"" | Y47: ='4人組'!Z45&"" | Z47: ='4人組'!AC45&""
A48: 43 | K48: =COUNTIF(B48:E48,"?*") | L48: =IF(K48=0,"","赤"&SUMPRODUCT(COUNTIFS(計算用!$AO$2:$AO$186,"男"&B48:E48,計算用!$I$2:$I$186,"赤"))&"白"&SUMPRODUCT(COUNTIFS(計算用!$AO$2:$AO$186,"男"&B48:E48,計算用!$I$2:$I$186,"白"))) | M48: =COUNTIF(F48:I48,"?*") | N48: =IF(M48=0,"","赤"&SUMPRODUCT(COUNTIFS(計算用!$AO$2:$AO$186,"女"&F48:I48,計算用!$I$2:$I$186,"赤"))&"白"&SUMPRODUCT(COUNTIFS(計算用!$AO$2:$AO$186,"女"&F48:I48,計算用!$I$2:$I$186,"白"))) | P48: =IFERROR(INDEX(計算用!$D$2:$D$186,MATCH(43,計算用!$AR$2:$AR$186,0))&"（"&INDEX(計算用!$M$2:$M$186,MATCH(43,計算用!$AR$2:$AR$186,0))&"）","") | Q48: =IFERROR(INDEX(計算用!$D$2:$D$186,MATCH(43,計算用!$AS$2:$AS$186,0))&"（"&INDEX(計算用!$M$2:$M$186,MATCH(43,計算用!$AS$2:$AS$186,0))&"）","") | S48: ='4人組'!D46&"" | T48: ='4人組'!G46&"" | U48: ='4人組'!J46&"" | V48: ='4人組'!M46&"" | W48: ='4人組'!T46&"" | X48: ='4人組'!W46&"" | Y48: ='4人組'!Z46&"" | Z48: ='4人組'!AC46&""
A49: 44 | K49: =COUNTIF(B49:E49,"?*") | L49: =IF(K49=0,"","赤"&SUMPRODUCT(COUNTIFS(計算用!$AO$2:$AO$186,"男"&B49:E49,計算用!$I$2:$I$186,"赤"))&"白"&SUMPRODUCT(COUNTIFS(計算用!$AO$2:$AO$186,"男"&B49:E49,計算用!$I$2:$I$186,"白"))) | M49: =COUNTIF(F49:I49,"?*") | N49: =IF(M49=0,"","赤"&SUMPRODUCT(COUNTIFS(計算用!$AO$2:$AO$186,"女"&F49:I49,計算用!$I$2:$I$186,"赤"))&"白"&SUMPRODUCT(COUNTIFS(計算用!$AO$2:$AO$186,"女"&F49:I49,計算用!$I$2:$I$186,"白"))) | P49: =IFERROR(INDEX(計算用!$D$2:$D$186,MATCH(44,計算用!$AR$2:$AR$186,0))&"（"&INDEX(計算用!$M$2:$M$186,MATCH(44,計算用!$AR$2:$AR$186,0))&"）","") | Q49: =IFERROR(INDEX(計算用!$D$2:$D$186,MATCH(44,計算用!$AS$2:$AS$186,0))&"（"&INDEX(計算用!$M$2:$M$186,MATCH(44,計算用!$AS$2:$AS$186,0))&"）","") | S49: ='4人組'!D47&"" | T49: ='4人組'!G47&"" | U49: ='4人組'!J47&"" | V49: ='4人組'!M47&"" | W49: ='4人組'!T47&"" | X49: ='4人組'!W47&"" | Y49: ='4人組'!Z47&"" | Z49: ='4人組'!AC47&""
A50: 45 | K50: =COUNTIF(B50:E50,"?*") | L50: =IF(K50=0,"","赤"&SUMPRODUCT(COUNTIFS(計算用!$AO$2:$AO$186,"男"&B50:E50,計算用!$I$2:$I$186,"赤"))&"白"&SUMPRODUCT(COUNTIFS(計算用!$AO$2:$AO$186,"男"&B50:E50,計算用!$I$2:$I$186,"白"))) | M50: =COUNTIF(F50:I50,"?*") | N50: =IF(M50=0,"","赤"&SUMPRODUCT(COUNTIFS(計算用!$AO$2:$AO$186,"女"&F50:I50,計算用!$I$2:$I$186,"赤"))&"白"&SUMPRODUCT(COUNTIFS(計算用!$AO$2:$AO$186,"女"&F50:I50,計算用!$I$2:$I$186,"白"))) | P50: =IFERROR(INDEX(計算用!$D$2:$D$186,MATCH(45,計算用!$AR$2:$AR$186,0))&"（"&INDEX(計算用!$M$2:$M$186,MATCH(45,計算用!$AR$2:$AR$186,0))&"）","") | Q50: =IFERROR(INDEX(計算用!$D$2:$D$186,MATCH(45,計算用!$AS$2:$AS$186,0))&"（"&INDEX(計算用!$M$2:$M$186,MATCH(45,計算用!$AS$2:$AS$186,0))&"）","") | S50: ='4人組'!D48&"" | T50: ='4人組'!G48&"" | U50: ='4人組'!J48&"" | V50: ='4人組'!M48&"" | W50: ='4人組'!T48&"" | X50: ='4人組'!W48&"" | Y50: ='4人組'!Z48&"" | Z50: ='4人組'!AC48&""
A51: 46 | K51: =COUNTIF(B51:E51,"?*") | L51: =IF(K51=0,"","赤"&SUMPRODUCT(COUNTIFS(計算用!$AO$2:$AO$186,"男"&B51:E51,計算用!$I$2:$I$186,"赤"))&"白"&SUMPRODUCT(COUNTIFS(計算用!$AO$2:$AO$186,"男"&B51:E51,計算用!$I$2:$I$186,"白"))) | M51: =COUNTIF(F51:I51,"?*") | N51: =IF(M51=0,"","赤"&SUMPRODUCT(COUNTIFS(計算用!$AO$2:$AO$186,"女"&F51:I51,計算用!$I$2:$I$186,"赤"))&"白"&SUMPRODUCT(COUNTIFS(計算用!$AO$2:$AO$186,"女"&F51:I51,計算用!$I$2:$I$186,"白"))) | P51: =IFERROR(INDEX(計算用!$D$2:$D$186,MATCH(46,計算用!$AR$2:$AR$186,0))&"（"&INDEX(計算用!$M$2:$M$186,MATCH(46,計算用!$AR$2:$AR$186,0))&"）","") | Q51: =IFERROR(INDEX(計算用!$D$2:$D$186,MATCH(46,計算用!$AS$2:$AS$186,0))&"（"&INDEX(計算用!$M$2:$M$186,MATCH(46,計算用!$AS$2:$AS$186,0))&"）","") | S51: ='4人組'!D49&"" | T51: ='4人組'!G49&"" | U51: ='4人組'!J49&"" | V51: ='4人組'!M49&"" | W51: ='4人組'!T49&"" | X51: ='4人組'!W49&"" | Y51: ='4人組'!Z49&"" | Z51: ='4人組'!AC49&""
A52: 47 | K52: =COUNTIF(B52:E52,"?*") | L52: =IF(K52=0,"","赤"&SUMPRODUCT(COUNTIFS(計算用!$AO$2:$AO$186,"男"&B52:E52,計算用!$I$2:$I$186,"赤"))&"白"&SUMPRODUCT(COUNTIFS(計算用!$AO$2:$AO$186,"男"&B52:E52,計算用!$I$2:$I$186,"白"))) | M52: =COUNTIF(F52:I52,"?*") | N52: =IF(M52=0,"","赤"&SUMPRODUCT(COUNTIFS(計算用!$AO$2:$AO$186,"女"&F52:I52,計算用!$I$2:$I$186,"赤"))&"白"&SUMPRODUCT(COUNTIFS(計算用!$AO$2:$AO$186,"女"&F52:I52,計算用!$I$2:$I$186,"白"))) | P52: =IFERROR(INDEX(計算用!$D$2:$D$186,MATCH(47,計算用!$AR$2:$AR$186,0))&"（"&INDEX(計算用!$M$2:$M$186,MATCH(47,計算用!$AR$2:$AR$186,0))&"）","") | Q52: =IFERROR(INDEX(計算用!$D$2:$D$186,MATCH(47,計算用!$AS$2:$AS$186,0))&"（"&INDEX(計算用!$M$2:$M$186,MATCH(47,計算用!$AS$2:$AS$186,0))&"）","") | S52: ='4人組'!D50&"" | T52: ='4人組'!G50&"" | U52: ='4人組'!J50&"" | V52: ='4人組'!M50&"" | W52: ='4人組'!T50&"" | X52: ='4人組'!W50&"" | Y52: ='4人組'!Z50&"" | Z52: ='4人組'!AC50&""
A53: 48 | K53: =COUNTIF(B53:E53,"?*") | L53: =IF(K53=0,"","赤"&SUMPRODUCT(COUNTIFS(計算用!$AO$2:$AO$186,"男"&B53:E53,計算用!$I$2:$I$186,"赤"))&"白"&SUMPRODUCT(COUNTIFS(計算用!$AO$2:$AO$186,"男"&B53:E53,計算用!$I$2:$I$186,"白"))) | M53: =COUNTIF(F53:I53,"?*") | N53: =IF(M53=0,"","赤"&SUMPRODUCT(COUNTIFS(計算用!$AO$2:$AO$186,"女"&F53:I53,計算用!$I$2:$I$186,"赤"))&"白"&SUMPRODUCT(COUNTIFS(計算用!$AO$2:$AO$186,"女"&F53:I53,計算用!$I$2:$I$186,"白"))) | P53: =IFERROR(INDEX(計算用!$D$2:$D$186,MATCH(48,計算用!$AR$2:$AR$186,0))&"（"&INDEX(計算用!$M$2:$M$186,MATCH(48,計算用!$AR$2:$AR$186,0))&"）","") | Q53: =IFERROR(INDEX(計算用!$D$2:$D$186,MATCH(48,計算用!$AS$2:$AS$186,0))&"（"&INDEX(計算用!$M$2:$M$186,MATCH(48,計算用!$AS$2:$AS$186,0))&"）","") | S53: ='4人組'!D51&"" | T53: ='4人組'!G51&"" | U53: ='4人組'!J51&"" | V53: ='4人組'!M51&"" | W53: ='4人組'!T51&"" | X53: ='4人組'!W51&"" | Y53: ='4人組'!Z51&"" | Z53: ='4人組'!AC51&""
A54: 49 | K54: =COUNTIF(B54:E54,"?*") | L54: =IF(K54=0,"","赤"&SUMPRODUCT(COUNTIFS(計算用!$AO$2:$AO$186,"男"&B54:E54,計算用!$I$2:$I$186,"赤"))&"白"&SUMPRODUCT(COUNTIFS(計算用!$AO$2:$AO$186,"男"&B54:E54,計算用!$I$2:$I$186,"白"))) | M54: =COUNTIF(F54:I54,"?*") | N54: =IF(M54=0,"","赤"&SUMPRODUCT(COUNTIFS(計算用!$AO$2:$AO$186,"女"&F54:I54,計算用!$I$2:$I$186,"赤"))&"白"&SUMPRODUCT(COUNTIFS(計算用!$AO$2:$AO$186,"女"&F54:I54,計算用!$I$2:$I$186,"白"))) | P54: =IFERROR(INDEX(計算用!$D$2:$D$186,MATCH(49,計算用!$AR$2:$AR$186,0))&"（"&INDEX(計算用!$M$2:$M$186,MATCH(49,計算用!$AR$2:$AR$186,0))&"）","") | Q54: =IFERROR(INDEX(計算用!$D$2:$D$186,MATCH(49,計算用!$AS$2:$AS$186,0))&"（"&INDEX(計算用!$M$2:$M$186,MATCH(49,計算用!$AS$2:$AS$186,0))&"）","") | S54: ='4人組'!D52&"" | T54: ='4人組'!G52&"" | U54: ='4人組'!J52&"" | V54: ='4人組'!M52&"" | W54: ='4人組'!T52&"" | X54: ='4人組'!W52&"" | Y54: ='4人組'!Z52&"" | Z54: ='4人組'!AC52&""
A55: 50 | K55: =COUNTIF(B55:E55,"?*") | L55: =IF(K55=0,"","赤"&SUMPRODUCT(COUNTIFS(計算用!$AO$2:$AO$186,"男"&B55:E55,計算用!$I$2:$I$186,"赤"))&"白"&SUMPRODUCT(COUNTIFS(計算用!$AO$2:$AO$186,"男"&B55:E55,計算用!$I$2:$I$186,"白"))) | M55: =COUNTIF(F55:I55,"?*") | N55: =IF(M55=0,"","赤"&SUMPRODUCT(COUNTIFS(計算用!$AO$2:$AO$186,"女"&F55:I55,計算用!$I$2:$I$186,"赤"))&"白"&SUMPRODUCT(COUNTIFS(計算用!$AO$2:$AO$186,"女"&F55:I55,計算用!$I$2:$I$186,"白"))) | P55: =IFERROR(INDEX(計算用!$D$2:$D$186,MATCH(50,計算用!$AR$2:$AR$186,0))&"（"&INDEX(計算用!$M$2:$M$186,MATCH(50,計算用!$AR$2:$AR$186,0))&"）","") | Q55: =IFERROR(INDEX(計算用!$D$2:$D$186,MATCH(50,計算用!$AS$2:$AS$186,0))&"（"&INDEX(計算用!$M$2:$M$186,MATCH(50,計算用!$AS$2:$AS$186,0))&"）","") | S55: ='4人組'!D53&"" | T55: ='4人組'!G53&"" | U55: ='4人組'!J53&"" | V55: ='4人組'!M53&"" | W55: ='4人組'!T53&"" | X55: ='4人組'!W53&"" | Y55: ='4人組'!Z53&"" | Z55: ='4人組'!AC53&""

Sheet 決定版
A1: 男子 | D1: =IF(計算用!$Q$15>0,"※手直しシートに確認が必要なところがあります",IF(SUMPRODUCT((ROW(手直し!$K$6:$K$55)-5<=計算用!$Q$13)*(手直し!$K$6:$K$55=0))>0,"※だれもいない組があります（赤い組）",IF(SUMPRODUCT((ROW(手直し!$K$6:$K$55)-5<=計算用!$Q$13)*(((手直し!$K$6:$K$55<>4)+(手直し!$L$6:$L$55<>"赤2白2"))>0))>0,"※黄色の組は、人数の都合で調整した組です",""))) | Q1: 女子 | T1: =IF(計算用!$Q$16>0,"※手直しシートに確認が必要なところがあります",IF(SUMPRODUCT((ROW(手直し!$M$6:$M$55)-5<=計算用!$Q$14)*(手直し!$M$6:$M$55=0))>0,"※だれもいない組があります（赤い組）",IF(SUMPRODUCT((ROW(手直し!$M$6:$M$55)-5<=計算用!$Q$14)*(((手直し!$M$6:$M$55<>4)+(手直し!$N$6:$N$55<>"赤2白2"))>0))>0,"※黄色の組は、人数の都合で調整した組です","")))
A2: 組 | B2: 人数 | C2: 内訳 | D2: 1人目 | G2: 2人目 | J2: 3人目 | M2: 4人目 | Q2: 組 | R2: 人数 | S2: 内訳 | T2: 1人目 | W2: 2人目 | Z2: 3人目 | AC2: 4人目
D3: 名前 | E3: クラス | F3: 色 | G3: 名前 | H3: クラス | I3: 色 | J3: 名前 | K3: クラス | L3: 色 | M3: 名前 | N3: クラス | O3: 色 | T3: 名前 | U3: クラス | V3: 色 | W3: 名前 | X3: クラス | Y3: 色 | Z3: 名前 | AA3: クラス | AB3: 色 | AC3: 名前 | AD3: クラス | AE3: 色
A4: =IF(ROW()-3<=計算用!$Q$13,ROW()-3,"") | B4: =IF($A4="","",手直し!K6) | C4: =IF($A4="","",手直し!L6) | D4: =IF($A4="","",手直し!B6&"") | E4: =IF(OR($A4="",手直し!B6=""),"",IFERROR(INDEX(計算用!$M$2:$M$186,MATCH("男"&手直し!B6,計算用!$AO$2:$AO$186,0)),"？")) | F4: =IF(OR($A4="",手直し!B6=""),"",IFERROR(INDEX(計算用!$I$2:$I$186,MATCH("男"&手直し!B6,計算用!$AO$2:$AO$186,0)),"？")) | G4: =IF($A4="","",手直し!C6&"") | H4: =IF(OR($A4="",手直し!C6=""),"",IFERROR(INDEX(計算用!$M$2:$M$186,MATCH("男"&手直し!C6,計算用!$AO$2:$AO$186,0)),"？")) | I4: =IF(OR($A4="",手直し!C6=""),"",IFERROR(INDEX(計算用!$I$2:$I$186,MATCH("男"&手直し!C6,計算用!$AO$2:$AO$186,0)),"？")) | J4: =IF($A4="","",手直し!D6&"") | K4: =IF(OR($A4="",手直し!D6=""),"",IFERROR(INDEX(計算用!$M$2:$M$186,MATCH("男"&手直し!D6,計算用!$AO$2:$AO$186,0)),"？")) | L4: =IF(OR($A4="",手直し!D6=""),"",IFERROR(INDEX(計算用!$I$2:$I$186,MATCH("男"&手直し!D6,計算用!$AO$2:$AO$186,0)),"？")) | M4: =IF($A4="","",手直し!E6&"") | N4: =IF(OR($A4="",手直し!E6=""),"",IFERROR(INDEX(計算用!$M$2:$M$186,MATCH("男"&手直し!E6,計算用!$AO$2:$AO$186,0)),"？")) | O4: =IF(OR($A4="",手直し!E6=""),"",IFERROR(INDEX(計算用!$I$2:$I$186,MATCH("男"&手直し!E6,計算用!$AO$2:$AO$186,0)),"？")) | Q4: =IF(ROW()-3<=計算用!$Q$14,ROW()-3,"") | R4: =IF($Q4="","",手直し!M6) | S4: =IF($Q4="","",手直し!N6) | T4: =IF($Q4="","",手直し!F6&"") | U4: =IF(OR($Q4="",手直し!F6=""),"",IFERROR(INDEX(計算用!$M$2:$M$186,MATCH("女"&手直し!F6,計算用!$AO$2:$AO$186,0)),"？")) | V4: =IF(OR($Q4="",手直し!F6=""),"",IFERROR(INDEX(計算用!$I$2:$I$186,MATCH("女"&手直し!F6,計算用!$AO$2:$AO$186,0)),"？")) | W4: =IF($Q4="","",手直し!G6&"") | X4: =IF(OR($Q4="",手直し!G6=""),"",IFERROR(INDEX(計算用!$M$2:$M$186,MATCH("女"&手直し!G6,計算用!$AO$2:$AO$186,0)),"？")) | Y4: =IF(OR($Q4="",手直し!G6=""),"",IFERROR(INDEX(計算用!$I$2:$I$186,MATCH("女"&手直し!G6,計算用!$AO$2:$AO$186,0)),"？")) | Z4: =IF($Q4="","",手直し!H6&"") | AA4: =IF(OR($Q4="",手直し!H6=""),"",IFERROR(INDEX(計算用!$M$2:$M$186,MATCH("女"&手直し!H6,計算用!$AO$2:$AO$186,0)),"？")) | AB4: =IF(OR($Q4="",手直し!H6=""),"",IFERROR(INDEX(計算用!$I$2:$I$186,MATCH("女"&手直し!H6,計算用!$AO$2:$AO$186,0)),"？")) | AC4: =IF($Q4="","",手直し!I6&"") | AD4: =IF(OR($Q4="",手直し!I6=""),"",IFERROR(INDEX(計算用!$M$2:$M$186,MATCH("女"&手直し!I6,計算用!$AO$2:$AO$186,0)),"？")) | AE4: =IF(OR($Q4="",手直し!I6=""),"",IFERROR(INDEX(計算用!$I$2:$I$186,MATCH("女"&手直し!I6,計算用!$AO$2:$AO$186,0)),"？"))
A5: =IF(ROW()-3<=計算用!$Q$13,ROW()-3,"") | B5: =IF($A5="","",手直し!K7) | C5: =IF($A5="","",手直し!L7) | D5: =IF($A5="","",手直し!B7&"") | E5: =IF(OR($A5="",手直し!B7=""),"",IFERROR(INDEX(計算用!$M$2:$M$186,MATCH("男"&手直し!B7,計算用!$AO$2:$AO$186,0)),"？")) | F5: =IF(OR($A5="",手直し!B7=""),"",IFERROR(INDEX(計算用!$I$2:$I$186,MATCH("男"&手直し!B7,計算用!$AO$2:$AO$186,0)),"？")) | G5: =IF($A5="","",手直し!C7&"") | H5: =IF(OR($A5="",手直し!C7=""),"",IFERROR(INDEX(計算用!$M$2:$M$186,MATCH("男"&手直し!C7,計算用!$AO$2:$AO$186,0)),"？")) | I5: =IF(OR($A5="",手直し!C7=""),"",IFERROR(INDEX(計算用!$I$2:$I$186,MATCH("男"&手直し!C7,計算用!$AO$2:$AO$186,0)),"？")) | J5: =IF($A5="","",手直し!D7&"") | K5: =IF(OR($A5="",手直し!D7=""),"",IFERROR(INDEX(計算用!$M$2:$M$186,MATCH("男"&手直し!D7,計算用!$AO$2:$AO$186,0)),"？")) | L5: =IF(OR($A5="",手直し!D7=""),"",IFERROR(INDEX(計算用!$I$2:$I$186,MATCH("男"&手直し!D7,計算用!$AO$2:$AO$186,0)),"？")) | M5: =IF($A5="","",手直し!E7&"") | N5: =IF(OR($A5="",手直し!E7=""),"",IFERROR(INDEX(計算用!$M$2:$M$186,MATCH("男"&手直し!E7,計算用!$AO$2:$AO$186,0)),"？")) | O5: =IF(OR($A5="",手直し!E7=""),"",IFERROR(INDEX(計算用!$I$2:$I$186,MATCH("男"&手直し!E7,計算用!$AO$2:$AO$186,0)),"？")) | Q5: =IF(ROW()-3<=計算用!$Q$14,ROW()-3,"") | R5: =IF($Q5="","",手直し!M7) | S5: =IF($Q5="","",手直し!N7) | T5: =IF($Q5="","",手直し!F7&"") | U5: =IF(OR($Q5="",手直し!F7=""),"",IFERROR(INDEX(計算用!$M$2:$M$186,MATCH("女"&手直し!F7,計算用!$AO$2:$AO$186,0)),"？")) | V5: =IF(OR($Q5="",手直し!F7=""),"",IFERROR(INDEX(計算用!$I$2:$I$186,MATCH("女"&手直し!F7,計算用!$AO$2:$AO$186,0)),"？")) | W5: =IF($Q5="","",手直し!G7&"") | X5: =IF(OR($Q5="",手直し!G7=""),"",IFERROR(INDEX(計算用!$M$2:$M$186,MATCH("女"&手直し!G7,計算用!$AO$2:$AO$186,0)),"？")) | Y5: =IF(OR($Q5="",手直し!G7=""),"",IFERROR(INDEX(計算用!$I$2:$I$186,MATCH("女"&手直し!G7,計算用!$AO$2:$AO$186,0)),"？")) | Z5: =IF($Q5="","",手直し!H7&"") | AA5: =IF(OR($Q5="",手直し!H7=""),"",IFERROR(INDEX(計算用!$M$2:$M$186,MATCH("女"&手直し!H7,計算用!$AO$2:$AO$186,0)),"？")) | AB5: =IF(OR($Q5="",手直し!H7=""),"",IFERROR(INDEX(計算用!$I$2:$I$186,MATCH("女"&手直し!H7,計算用!$AO$2:$AO$186,0)),"？")) | AC5: =IF($Q5="","",手直し!I7&"") | AD5: =IF(OR($Q5="",手直し!I7=""),"",IFERROR(INDEX(計算用!$M$2:$M$186,MATCH("女"&手直し!I7,計算用!$AO$2:$AO$186,0)),"？")) | AE5: =IF(OR($Q5="",手直し!I7=""),"",IFERROR(INDEX(計算用!$I$2:$I$186,MATCH("女"&手直し!I7,計算用!$AO$2:$AO$186,0)),"？"))
A6: =IF(ROW()-3<=計算用!$Q$13,ROW()-3,"") | B6: =IF($A6="","",手直し!K8) | C6: =IF($A6="","",手直し!L8) | D6: =IF($A6="","",手直し!B8&"") | E6: =IF(OR($A6="",手直し!B8=""),"",IFERROR(INDEX(計算用!$M$2:$M$186,MATCH("男"&手直し!B8,計算用!$AO$2:$AO$186,0)),"？")) | F6: =IF(OR($A6="",手直し!B8=""),"",IFERROR(INDEX(計算用!$I$2:$I$186,MATCH("男"&手直し!B8,計算用!$AO$2:$AO$186,0)),"？")) | G6: =IF($A6="","",手直し!C8&"") | H6: =IF(OR($A6="",手直し!C8=""),"",IFERROR(INDEX(計算用!$M$2:$M$186,MATCH("男"&手直し!C8,計算用!$AO$2:$AO$186,0)),"？")) | I6: =IF(OR($A6="",手直し!C8=""),"",IFERROR(INDEX(計算用!$I$2:$I$186,MATCH("男"&手直し!C8,計算用!$AO$2:$AO$186,0)),"？")) | J6: =IF($A6="","",手直し!D8&"") | K6: =IF(OR($A6="",手直し!D8=""),"",IFERROR(INDEX(計算用!$M$2:$M$186,MATCH("男"&手直し!D8,計算用!$AO$2:$AO$186,0)),"？")) | L6: =IF(OR($A6="",手直し!D8=""),"",IFERROR(INDEX(計算用!$I$2:$I$186,MATCH("男"&手直し!D8,計算用!$AO$2:$AO$186,0)),"？")) | M6: =IF($A6="","",手直し!E8&"") | N6: =IF(OR($A6="",手直し!E8=""),"",IFERROR(INDEX(計算用!$M$2:$M$186,MATCH("男"&手直し!E8,計算用!$AO$2:$AO$186,0)),"？")) | O6: =IF(OR($A6="",手直し!E8=""),"",IFERROR(INDEX(計算用!$I$2:$I$186,MATCH("男"&手直し!E8,計算用!$AO$2:$AO$186,0)),"？")) | Q6: =IF(ROW()-3<=計算用!$Q$14,ROW()-3,"") | R6: =IF($Q6="","",手直し!M8) | S6: =IF($Q6="","",手直し!N8) | T6: =IF($Q6="","",手直し!F8&"") | U6: =IF(OR($Q6="",手直し!F8=""),"",IFERROR(INDEX(計算用!$M$2:$M$186,MATCH("女"&手直し!F8,計算用!$AO$2:$AO$186,0)),"？")) | V6: =IF(OR($Q6="",手直し!F8=""),"",IFERROR(INDEX(計算用!$I$2:$I$186,MATCH("女"&手直し!F8,計算用!$AO$2:$AO$186,0)),"？")) | W6: =IF($Q6="","",手直し!G8&"") | X6: =IF(OR($Q6="",手直し!G8=""),"",IFERROR(INDEX(計算用!$M$2:$M$186,MATCH("女"&手直し!G8,計算用!$AO$2:$AO$186,0)),"？")) | Y6: =IF(OR($Q6="",手直し!G8=""),"",IFERROR(INDEX(計算用!$I$2:$I$186,MATCH("女"&手直し!G8,計算用!$AO$2:$AO$186,0)),"？")) | Z6: =IF($Q6="","",手直し!H8&"") | AA6: =IF(OR($Q6="",手直し!H8=""),"",IFERROR(INDEX(計算用!$M$2:$M$186,MATCH("女"&手直し!H8,計算用!$AO$2:$AO$186,0)),"？")) | AB6: =IF(OR($Q6="",手直し!H8=""),"",IFERROR(INDEX(計算用!$I$2:$I$186,MATCH("女"&手直し!H8,計算用!$AO$2:$AO$186,0)),"？")) | AC6: =IF($Q6="","",手直し!I8&"") | AD6: =IF(OR($Q6="",手直し!I8=""),"",IFERROR(INDEX(計算用!$M$2:$M$186,MATCH("女"&手直し!I8,計算用!$AO$2:$AO$186,0)),"？")) | AE6: =IF(OR($Q6="",手直し!I8=""),"",IFERROR(INDEX(計算用!$I$2:$I$186,MATCH("女"&手直し!I8,計算用!$AO$2:$AO$186,0)),"？"))
A7: =IF(ROW()-3<=計算用!$Q$13,ROW()-3,"") | B7: =IF($A7="","",手直し!K9) | C7: =IF($A7="","",手直し!L9) | D7: =IF($A7="","",手直し!B9&"") | E7: =IF(OR($A7="",手直し!B9=""),"",IFERROR(INDEX(計算用!$M$2:$M$186,MATCH("男"&手直し!B9,計算用!$AO$2:$AO$186,0)),"？")) | F7: =IF(OR($A7="",手直し!B9=""),"",IFERROR(INDEX(計算用!$I$2:$I$186,MATCH("男"&手直し!B9,計算用!$AO$2:$AO$186,0)),"？")) | G7: =IF($A7="","",手直し!C9&"") | H7: =IF(OR($A7="",手直し!C9=""),"",IFERROR(INDEX(計算用!$M$2:$M$186,MATCH("男"&手直し!C9,計算用!$AO$2:$AO$186,0)),"？")) | I7: =IF(OR($A7="",手直し!C9=""),"",IFERROR(INDEX(計算用!$I$2:$I$186,MATCH("男"&手直し!C9,計算用!$AO$2:$AO$186,0)),"？")) | J7: =IF($A7="","",手直し!D9&"") | K7: =IF(OR($A7="",手直し!D9=""),"",IFERROR(INDEX(計算用!$M$2:$M$186,MATCH("男"&手直し!D9,計算用!$AO$2:$AO$186,0)),"？")) | L7: =IF(OR($A7="",手直し!D9=""),"",IFERROR(INDEX(計算用!$I$2:$I$186,MATCH("男"&手直し!D9,計算用!$AO$2:$AO$186,0)),"？")) | M7: =IF($A7="","",手直し!E9&"") | N7: =IF(OR($A7="",手直し!E9=""),"",IFERROR(INDEX(計算用!$M$2:$M$186,MATCH("男"&手直し!E9,計算用!$AO$2:$AO$186,0)),"？")) | O7: =IF(OR($A7="",手直し!E9=""),"",IFERROR(INDEX(計算用!$I$2:$I$186,MATCH("男"&手直し!E9,計算用!$AO$2:$AO$186,0)),"？")) | Q7: =IF(ROW()-3<=計算用!$Q$14,ROW()-3,"") | R7: =IF($Q7="","",手直し!M9) | S7: =IF($Q7="","",手直し!N9) | T7: =IF($Q7="","",手直し!F9&"") | U7: =IF(OR($Q7="",手直し!F9=""),"",IFERROR(INDEX(計算用!$M$2:$M$186,MATCH("女"&手直し!F9,計算用!$AO$2:$AO$186,0)),"？")) | V7: =IF(OR($Q7="",手直し!F9=""),"",IFERROR(INDEX(計算用!$I$2:$I$186,MATCH("女"&手直し!F9,計算用!$AO$2:$AO$186,0)),"？")) | W7: =IF($Q7="","",手直し!G9&"") | X7: =IF(OR($Q7="",手直し!G9=""),"",IFERROR(INDEX(計算用!$M$2:$M$186,MATCH("女"&手直し!G9,計算用!$AO$2:$AO$186,0)),"？")) | Y7: =IF(OR($Q7="",手直し!G9=""),"",IFERROR(INDEX(計算用!$I$2:$I$186,MATCH("女"&手直し!G9,計算用!$AO$2:$AO$186,0)),"？")) | Z7: =IF($Q7="","",手直し!H9&"") | AA7: =IF(OR($Q7="",手直し!H9=""),"",IFERROR(INDEX(計算用!$M$2:$M$186,MATCH("女"&手直し!H9,計算用!$AO$2:$AO$186,0)),"？")) | AB7: =IF(OR($Q7="",手直し!H9=""),"",IFERROR(INDEX(計算用!$I$2:$I$186,MATCH("女"&手直し!H9,計算用!$AO$2:$AO$186,0)),"？")) | AC7: =IF($Q7="","",手直し!I9&"") | AD7: =IF(OR($Q7="",手直し!I9=""),"",IFERROR(INDEX(計算用!$M$2:$M$186,MATCH("女"&手直し!I9,計算用!$AO$2:$AO$186,0)),"？")) | AE7: =IF(OR($Q7="",手直し!I9=""),"",IFERROR(INDEX(計算用!$I$2:$I$186,MATCH("女"&手直し!I9,計算用!$AO$2:$AO$186,0)),"？"))
A8: =IF(ROW()-3<=計算用!$Q$13,ROW()-3,"") | B8: =IF($A8="","",手直し!K10) | C8: =IF($A8="","",手直し!L10) | D8: =IF($A8="","",手直し!B10&"") | E8: =IF(OR($A8="",手直し!B10=""),"",IFERROR(INDEX(計算用!$M$2:$M$186,MATCH("男"&手直し!B10,計算用!$AO$2:$AO$186,0)),"？")) | F8: =IF(OR($A8="",手直し!B10=""),"",IFERROR(INDEX(計算用!$I$2:$I$186,MATCH("男"&手直し!B10,計算用!$AO$2:$AO$186,0)),"？")) | G8: =IF($A8="","",手直し!C10&"") | H8: =IF(OR($A8="",手直し!C10=""),"",IFERROR(INDEX(計算用!$M$2:$M$186,MATCH("男"&手直し!C10,計算用!$AO$2:$AO$186,0)),"？")) | I8: =IF(OR($A8="",手直し!C10=""),"",IFERROR(INDEX(計算用!$I$2:$I$186,MATCH("男"&手直し!C10,計算用!$AO$2:$AO$186,0)),"？")) | J8: =IF($A8="","",手直し!D10&"") | K8: =IF(OR($A8="",手直し!D10=""),"",IFERROR(INDEX(計算用!$M$2:$M$186,MATCH("男"&手直し!D10,計算用!$AO$2:$AO$186,0)),"？")) | L8: =IF(OR($A8="",手直し!D10=""),"",IFERROR(INDEX(計算用!$I$2:$I$186,MATCH("男"&手直し!D10,計算用!$AO$2:$AO$186,0)),"？")) | M8: =IF($A8="","",手直し!E10&"") | N8: =IF(OR($A8="",手直し!E10=""),"",IFERROR(INDEX(計算用!$M$2:$M$186,MATCH("男"&手直し!E10,計算用!$AO$2:$AO$186,0)),"？")) | O8: =IF(OR($A8="",手直し!E10=""),"",IFERROR(INDEX(計算用!$I$2:$I$186,MATCH("男"&手直し!E10,計算用!$AO$2:$AO$186,0)),"？")) | Q8: =IF(ROW()-3<=計算用!$Q$14,ROW()-3,"") | R8: =IF($Q8="","",手直し!M10) | S8: =IF($Q8="","",手直し!N10) | T8: =IF($Q8="","",手直し!F10&"") | U8: =IF(OR($Q8="",手直し!F10=""),"",IFERROR(INDEX(計算用!$M$2:$M$186,MATCH("女"&手直し!F10,計算用!$AO$2:$AO$186,0)),"？")) | V8: =IF(OR($Q8="",手直し!F10=""),"",IFERROR(INDEX(計算用!$I$2:$I$186,MATCH("女"&手直し!F10,計算用!$AO$2:$AO$186,0)),"？")) | W8: =IF($Q8="","",手直し!G10&"") | X8: =IF(OR($Q8="",手直し!G10=""),"",IFERROR(INDEX(計算用!$M$2:$M$186,MATCH("女"&手直し!G10,計算用!$AO$2:$AO$186,0)),"？")) | Y8: =IF(OR($Q8="",手直し!G10=""),"",IFERROR(INDEX(計算用!$I$2:$I$186,MATCH("女"&手直し!G10,計算用!$AO$2:$AO$186,0)),"？")) | Z8: =IF($Q8="","",手直し!H10&"") | AA8: =IF(OR($Q8="",手直し!H10=""),"",IFERROR(INDEX(計算用!$M$2:$M$186,MATCH("女"&手直し!H10,計算用!$AO$2:$AO$186,0)),"？")) | AB8: =IF(OR($Q8="",手直し!H10=""),"",IFERROR(INDEX(計算用!$I$2:$I$186,MATCH("女"&手直し!H10,計算用!$AO$2:$AO$186,0)),"？")) | AC8: =IF($Q8="","",手直し!I10&"") | AD8: =IF(OR($Q8="",手直し!I10=""),"",IFERROR(INDEX(計算用!$M$2:$M$186,MATCH("女"&手直し!I10,計算用!$AO$2:$AO$186,0)),"？")) | AE8: =IF(OR($Q8="",手直し!I10=""),"",IFERROR(INDEX(計算用!$I$2:$I$186,MATCH("女"&手直し!I10,計算用!$AO$2:$AO$186,0)),"？"))
A9: =IF(ROW()-3<=計算用!$Q$13,ROW()-3,"") | B9: =IF($A9="","",手直し!K11) | C9: =IF($A9="","",手直し!L11) | D9: =IF($A9="","",手直し!B11&"") | E9: =IF(OR($A9="",手直し!B11=""),"",IFERROR(INDEX(計算用!$M$2:$M$186,MATCH("男"&手直し!B11,計算用!$AO$2:$AO$186,0)),"？")) | F9: =IF(OR($A9="",手直し!B11=""),"",IFERROR(INDEX(計算用!$I$2:$I$186,MATCH("男"&手直し!B11,計算用!$AO$2:$AO$186,0)),"？")) | G9: =IF($A9="","",手直し!C11&"") | H9: =IF(OR($A9="",手直し!C11=""),"",IFERROR(INDEX(計算用!$M$2:$M$186,MATCH("男"&手直し!C11,計算用!$AO$2:$AO$186,0)),"？")) | I9: =IF(OR($A9="",手直し!C11=""),"",IFERROR(INDEX(計算用!$I$2:$I$186,MATCH("男"&手直し!C11,計算用!$AO$2:$AO$186,0)),"？")) | J9: =IF($A9="","",手直し!D11&"") | K9: =IF(OR($A9="",手直し!D11=""),"",IFERROR(INDEX(計算用!$M$2:$M$186,MATCH("男"&手直し!D11,計算用!$AO$2:$AO$186,0)),"？")) | L9: =IF(OR($A9="",手直し!D11=""),"",IFERROR(INDEX(計算用!$I$2:$I$186,MATCH("男"&手直し!D11,計算用!$AO$2:$AO$186,0)),"？")) | M9: =IF($A9="","",手直し!E11&"") | N9: =IF(OR($A9="",手直し!E11=""),"",IFERROR(INDEX(計算用!$M$2:$M$186,MATCH("男"&手直し!E11,計算用!$AO$2:$AO$186,0)),"？")) | O9: =IF(OR($A9="",手直し!E11=""),"",IFERROR(INDEX(計算用!$I$2:$I$186,MATCH("男"&手直し!E11,計算用!$AO$2:$AO$186,0)),"？")) | Q9: =IF(ROW()-3<=計算用!$Q$14,ROW()-3,"") | R9: =IF($Q9="","",手直し!M11) | S9: =IF($Q9="","",手直し!N11) | T9: =IF($Q9="","",手直し!F11&"") | U9: =IF(OR($Q9="",手直し!F11=""),"",IFERROR(INDEX(計算用!$M$2:$M$186,MATCH("女"&手直し!F11,計算用!$AO$2:$AO$186,0)),"？")) | V9: =IF(OR($Q9="",手直し!F11=""),"",IFERROR(INDEX(計算用!$I$2:$I$186,MATCH("女"&手直し!F11,計算用!$AO$2:$AO$186,0)),"？")) | W9: =IF($Q9="","",手直し!G11&"") | X9: =IF(OR($Q9="",手直し!G11=""),"",IFERROR(INDEX(計算用!$M$2:$M$186,MATCH("女"&手直し!G11,計算用!$AO$2:$AO$186,0)),"？")) | Y9: =IF(OR($Q9="",手直し!G11=""),"",IFERROR(INDEX(計算用!$I$2:$I$186,MATCH("女"&手直し!G11,計算用!$AO$2:$AO$186,0)),"？")) | Z9: =IF($Q9="","",手直し!H11&"") | AA9: =IF(OR($Q9="",手直し!H11=""),"",IFERROR(INDEX(計算用!$M$2:$M$186,MATCH("女"&手直し!H11,計算用!$AO$2:$AO$186,0)),"？")) | AB9: =IF(OR($Q9="",手直し!H11=""),"",IFERROR(INDEX(計算用!$I$2:$I$186,MATCH("女"&手直し!H11,計算用!$AO$2:$AO$186,0)),"？")) | AC9: =IF($Q9="","",手直し!I11&"") | AD9: =IF(OR($Q9="",手直し!I11=""),"",IFERROR(INDEX(計算用!$M$2:$M$186,MATCH("女"&手直し!I11,計算用!$AO$2:$AO$186,0)),"？")) | AE9: =IF(OR($Q9="",手直し!I11=""),"",IFERROR(INDEX(計算用!$I$2:$I$186,MATCH("女"&手直し!I11,計算用!$AO$2:$AO$186,0)),"？"))
A10: =IF(ROW()-3<=計算用!$Q$13,ROW()-3,"") | B10: =IF($A10="","",手直し!K12) | C10: =IF($A10="","",手直し!L12) | D10: =IF($A10="","",手直し!B12&"") | E10: =IF(OR($A10="",手直し!B12=""),"",IFERROR(INDEX(計算用!$M$2:$M$186,MATCH("男"&手直し!B12,計算用!$AO$2:$AO$186,0)),"？")) | F10: =IF(OR($A10="",手直し!B12=""),"",IFERROR(INDEX(計算用!$I$2:$I$186,MATCH("男"&手直し!B12,計算用!$AO$2:$AO$186,0)),"？")) | G10: =IF($A10="","",手直し!C12&"") | H10: =IF(OR($A10="",手直し!C12=""),"",IFERROR(INDEX(計算用!$M$2:$M$186,MATCH("男"&手直し!C12,計算用!$AO$2:$AO$186,0)),"？")) | I10: =IF(OR($A10="",手直し!C12=""),"",IFERROR(INDEX(計算用!$I$2:$I$186,MATCH("男"&手直し!C12,計算用!$AO$2:$AO$186,0)),"？")) | J10: =IF($A10="","",手直し!D12&"") | K10: =IF(OR($A10="",手直し!D12=""),"",IFERROR(INDEX(計算用!$M$2:$M$186,MATCH("男"&手直し!D12,計算用!$AO$2:$AO$186,0)),"？")) | L10: =IF(OR($A10="",手直し!D12=""),"",IFERROR(INDEX(計算用!$I$2:$I$186,MATCH("男"&手直し!D12,計算用!$AO$2:$AO$186,0)),"？")) | M10: =IF($A10="","",手直し!E12&"") | N10: =IF(OR($A10="",手直し!E12=""),"",IFERROR(INDEX(計算用!$M$2:$M$186,MATCH("男"&手直し!E12,計算用!$AO$2:$AO$186,0)),"？")) | O10: =IF(OR($A10="",手直し!E12=""),"",IFERROR(INDEX(計算用!$I$2:$I$186,MATCH("男"&手直し!E12,計算用!$AO$2:$AO$186,0)),"？")) | Q10: =IF(ROW()-3<=計算用!$Q$14,ROW()-3,"") | R10: =IF($Q10="","",手直し!M12) | S10: =IF($Q10="","",手直し!N12) | T10: =IF($Q10="","",手直し!F12&"") | U10: =IF(OR($Q10="",手直し!F12=""),"",IFERROR(INDEX(計算用!$M$2:$M$186,MATCH("女"&手直し!F12,計算用!$AO$2:$AO$186,0)),"？")) | V10: =IF(OR($Q10="",手直し!F12=""),"",IFERROR(INDEX(計算用!$I$2:$I$186,MATCH("女"&手直し!F12,計算用!$AO$2:$AO$186,0)),"？")) | W10: =IF($Q10="","",手直し!G12&"") | X10: =IF(OR($Q10="",手直し!G12=""),"",IFERROR(INDEX(計算用!$M$2:$M$186,MATCH("女"&手直し!G12,計算用!$AO$2:$AO$186,0)),"？")) | Y10: =IF(OR($Q10="",手直し!G12=""),"",IFERROR(INDEX(計算用!$I$2:$I$186,MATCH("女"&手直し!G12,計算用!$AO$2:$AO$186,0)),"？")) | Z10: =IF($Q10="","",手直し!H12&"") | AA10: =IF(OR($Q10="",手直し!H12=""),"",IFERROR(INDEX(計算用!$M$2:$M$186,MATCH("女"&手直し!H12,計算用!$AO$2:$AO$186,0)),"？")) | AB10: =IF(OR($Q10="",手直し!H12=""),"",IFERROR(INDEX(計算用!$I$2:$I$186,MATCH("女"&手直し!H12,計算用!$AO$2:$AO$186,0)),"？")) | AC10: =IF($Q10="","",手直し!I12&"") | AD10: =IF(OR($Q10="",手直し!I12=""),"",IFERROR(INDEX(計算用!$M$2:$M$186,MATCH("女"&手直し!I12,計算用!$AO$2:$AO$186,0)),"？")) | AE10: =IF(OR($Q10="",手直し!I12=""),"",IFERROR(INDEX(計算用!$I$2:$I$186,MATCH("女"&手直し!I12,計算用!$AO$2:$AO$186,0)),"？"))
A11: =IF(ROW()-3<=計算用!$Q$13,ROW()-3,"") | B11: =IF($A11="","",手直し!K13) | C11: =IF($A11="","",手直し!L13) | D11: =IF($A11="","",手直し!B13&"") | E11: =IF(OR($A11="",手直し!B13=""),"",IFERROR(INDEX(計算用!$M$2:$M$186,MATCH("男"&手直し!B13,計算用!$AO$2:$AO$186,0)),"？")) | F11: =IF(OR($A11="",手直し!B13=""),"",IFERROR(INDEX(計算用!$I$2:$I$186,MATCH("男"&手直し!B13,計算用!$AO$2:$AO$186,0)),"？")) | G11: =IF($A11="","",手直し!C13&"") | H11: =IF(OR($A11="",手直し!C13=""),"",IFERROR(INDEX(計算用!$M$2:$M$186,MATCH("男"&手直し!C13,計算用!$AO$2:$AO$186,0)),"？")) | I11: =IF(OR($A11="",手直し!C13=""),"",IFERROR(INDEX(計算用!$I$2:$I$186,MATCH("男"&手直し!C13,計算用!$AO$2:$AO$186,0)),"？")) | J11: =IF($A11="","",手直し!D13&"") | K11: =IF(OR($A11="",手直し!D13=""),"",IFERROR(INDEX(計算用!$M$2:$M$186,MATCH("男"&手直し!D13,計算用!$AO$2:$AO$186,0)),"？")) | L11: =IF(OR($A11="",手直し!D13=""),"",IFERROR(INDEX(計算用!$I$2:$I$186,MATCH("男"&手直し!D13,計算用!$AO$2:$AO$186,0)),"？")) | M11: =IF($A11="","",手直し!E13&"") | N11: =IF(OR($A11="",手直し!E13=""),"",IFERROR(INDEX(計算用!$M$2:$M$186,MATCH("男"&手直し!E13,計算用!$AO$2:$AO$186,0)),"？")) | O11: =IF(OR($A11="",手直し!E13=""),"",IFERROR(INDEX(計算用!$I$2:$I$186,MATCH("男"&手直し!E13,計算用!$AO$2:$AO$186,0)),"？")) | Q11: =IF(ROW()-3<=計算用!$Q$14,ROW()-3,"") | R11: =IF($Q11="","",手直し!M13) | S11: =IF($Q11="","",手直し!N13) | T11: =IF($Q11="","",手直し!F13&"") | U11: =IF(OR($Q11="",手直し!F13=""),"",IFERROR(INDEX(計算用!$M$2:$M$186,MATCH("女"&手直し!F13,計算用!$AO$2:$AO$186,0)),"？")) | V11: =IF(OR($Q11="",手直し!F13=""),"",IFERROR(INDEX(計算用!$I$2:$I$186,MATCH("女"&手直し!F13,計算用!$AO$2:$AO$186,0)),"？")) | W11: =IF($Q11="","",手直し!G13&"") | X11: =IF(OR($Q11="",手直し!G13=""),"",IFERROR(INDEX(計算用!$M$2:$M$186,MATCH("女"&手直し!G13,計算用!$AO$2:$AO$186,0)),"？")) | Y11: =IF(OR($Q11="",手直し!G13=""),"",IFERROR(INDEX(計算用!$I$2:$I$186,MATCH("女"&手直し!G13,計算用!$AO$2:$AO$186,0)),"？")) | Z11: =IF($Q11="","",手直し!H13&"") | AA11: =IF(OR($Q11="",手直し!H13=""),"",IFERROR(INDEX(計算用!$M$2:$M$186,MATCH("女"&手直し!H13,計算用!$AO$2:$AO$186,0)),"？")) | AB11: =IF(OR($Q11="",手直し!H13=""),"",IFERROR(INDEX(計算用!$I$2:$I$186,MATCH("女"&手直し!H13,計算用!$AO$2:$AO$186,0)),"？")) | AC11: =IF($Q11="","",手直し!I13&"") | AD11: =IF(OR($Q11="",手直し!I13=""),"",IFERROR(INDEX(計算用!$M$2:$M$186,MATCH("女"&手直し!I13,計算用!$AO$2:$AO$186,0)),"？")) | AE11: =IF(OR($Q11="",手直し!I13=""),"",IFERROR(INDEX(計算用!$I$2:$I$186,MATCH("女"&手直し!I13,計算用!$AO$2:$AO$186,0)),"？"))
A12: =IF(ROW()-3<=計算用!$Q$13,ROW()-3,"") | B12: =IF($A12="","",手直し!K14) | C12: =IF($A12="","",手直し!L14) | D12: =IF($A12="","",手直し!B14&"") | E12: =IF(OR($A12="",手直し!B14=""),"",IFERROR(INDEX(計算用!$M$2:$M$186,MATCH("男"&手直し!B14,計算用!$AO$2:$AO$186,0)),"？")) | F12: =IF(OR($A12="",手直し!B14=""),"",IFERROR(INDEX(計算用!$I$2:$I$186,MATCH("男"&手直し!B14,計算用!$AO$2:$AO$186,0)),"？")) | G12: =IF($A12="","",手直し!C14&"") | H12: =IF(OR($A12="",手直し!C14=""),"",IFERROR(INDEX(計算用!$M$2:$M$186,MATCH("男"&手直し!C14,計算用!$AO$2:$AO$186,0)),"？")) | I12: =IF(OR($A12="",手直し!C14=""),"",IFERROR(INDEX(計算用!$I$2:$I$186,MATCH("男"&手直し!C14,計算用!$AO$2:$AO$186,0)),"？")) | J12: =IF($A12="","",手直し!D14&"") | K12: =IF(OR($A12="",手直し!D14=""),"",IFERROR(INDEX(計算用!$M$2:$M$186,MATCH("男"&手直し!D14,計算用!$AO$2:$AO$186,0)),"？")) | L12: =IF(OR($A12="",手直し!D14=""),"",IFERROR(INDEX(計算用!$I$2:$I$186,MATCH("男"&手直し!D14,計算用!$AO$2:$AO$186,0)),"？")) | M12: =IF($A12="","",手直し!E14&"") | N12: =IF(OR($A12="",手直し!E14=""),"",IFERROR(INDEX(計算用!$M$2:$M$186,MATCH("男"&手直し!E14,計算用!$AO$2:$AO$186,0)),"？")) | O12: =IF(OR($A12="",手直し!E14=""),"",IFERROR(INDEX(計算用!$I$2:$I$186,MATCH("男"&手直し!E14,計算用!$AO$2:$AO$186,0)),"？")) | Q12: =IF(ROW()-3<=計算用!$Q$14,ROW()-3,"") | R12: =IF($Q12="","",手直し!M14) | S12: =IF($Q12="","",手直し!N14) | T12: =IF($Q12="","",手直し!F14&"") | U12: =IF(OR($Q12="",手直し!F14=""),"",IFERROR(INDEX(計算用!$M$2:$M$186,MATCH("女"&手直し!F14,計算用!$AO$2:$AO$186,0)),"？")) | V12: =IF(OR($Q12="",手直し!F14=""),"",IFERROR(INDEX(計算用!$I$2:$I$186,MATCH("女"&手直し!F14,計算用!$AO$2:$AO$186,0)),"？")) | W12: =IF($Q12="","",手直し!G14&"") | X12: =IF(OR($Q12="",手直し!G14=""),"",IFERROR(INDEX(計算用!$M$2:$M$186,MATCH("女"&手直し!G14,計算用!$AO$2:$AO$186,0)),"？")) | Y12: =IF(OR($Q12="",手直し!G14=""),"",IFERROR(INDEX(計算用!$I$2:$I$186,MATCH("女"&手直し!G14,計算用!$AO$2:$AO$186,0)),"？")) | Z12: =IF($Q12="","",手直し!H14&"") | AA12: =IF(OR($Q12="",手直し!H14=""),"",IFERROR(INDEX(計算用!$M$2:$M$186,MATCH("女"&手直し!H14,計算用!$AO$2:$AO$186,0)),"？")) | AB12: =IF(OR($Q12="",手直し!H14=""),"",IFERROR(INDEX(計算用!$I$2:$I$186,MATCH("女"&手直し!H14,計算用!$AO$2:$AO$186,0)),"？")) | AC12: =IF($Q12="","",手直し!I14&"") | AD12: =IF(OR($Q12="",手直し!I14=""),"",IFERROR(INDEX(計算用!$M$2:$M$186,MATCH("女"&手直し!I14,計算用!$AO$2:$AO$186,0)),"？")) | AE12: =IF(OR($Q12="",手直し!I14=""),"",IFERROR(INDEX(計算用!$I$2:$I$186,MATCH("女"&手直し!I14,計算用!$AO$2:$AO$186,0)),"？"))
A13: =IF(ROW()-3<=計算用!$Q$13,ROW()-3,"") | B13: =IF($A13="","",手直し!K15) | C13: =IF($A13="","",手直し!L15) | D13: =IF($A13="","",手直し!B15&"") | E13: =IF(OR($A13="",手直し!B15=""),"",IFERROR(INDEX(計算用!$M$2:$M$186,MATCH("男"&手直し!B15,計算用!$AO$2:$AO$186,0)),"？")) | F13: =IF(OR($A13="",手直し!B15=""),"",IFERROR(INDEX(計算用!$I$2:$I$186,MATCH("男"&手直し!B15,計算用!$AO$2:$AO$186,0)),"？")) | G13: =IF($A13="","",手直し!C15&"") | H13: =IF(OR($A13="",手直し!C15=""),"",IFERROR(INDEX(計算用!$M$2:$M$186,MATCH("男"&手直し!C15,計算用!$AO$2:$AO$186,0)),"？")) | I13: =IF(OR($A13="",手直し!C15=""),"",IFERROR(INDEX(計算用!$I$2:$I$186,MATCH("男"&手直し!C15,計算用!$AO$2:$AO$186,0)),"？")) | J13: =IF($A13="","",手直し!D15&"") | K13: =IF(OR($A13="",手直し!D15=""),"",IFERROR(INDEX(計算用!$M$2:$M$186,MATCH("男"&手直し!D15,計算用!$AO$2:$AO$186,0)),"？")) | L13: =IF(OR($A13="",手直し!D15=""),"",IFERROR(INDEX(計算用!$I$2:$I$186,MATCH("男"&手直し!D15,計算用!$AO$2:$AO$186,0)),"？")) | M13: =IF($A13="","",手直し!E15&"") | N13: =IF(OR($A13="",手直し!E15=""),"",IFERROR(INDEX(計算用!$M$2:$M$186,MATCH("男"&手直し!E15,計算用!$AO$2:$AO$186,0)),"？")) | O13: =IF(OR($A13="",手直し!E15=""),"",IFERROR(INDEX(計算用!$I$2:$I$186,MATCH("男"&手直し!E15,計算用!$AO$2:$AO$186,0)),"？")) | Q13: =IF(ROW()-3<=計算用!$Q$14,ROW()-3,"") | R13: =IF($Q13="","",手直し!M15) | S13: =IF($Q13="","",手直し!N15) | T13: =IF($Q13="","",手直し!F15&"") | U13: =IF(OR($Q13="",手直し!F15=""),"",IFERROR(INDEX(計算用!$M$2:$M$186,MATCH("女"&手直し!F15,計算用!$AO$2:$AO$186,0)),"？")) | V13: =IF(OR($Q13="",手直し!F15=""),"",IFERROR(INDEX(計算用!$I$2:$I$186,MATCH("女"&手直し!F15,計算用!$AO$2:$AO$186,0)),"？")) | W13: =IF($Q13="","",手直し!G15&"") | X13: =IF(OR($Q13="",手直し!G15=""),"",IFERROR(INDEX(計算用!$M$2:$M$186,MATCH("女"&手直し!G15,計算用!$AO$2:$AO$186,0)),"？")) | Y13: =IF(OR($Q13="",手直し!G15=""),"",IFERROR(INDEX(計算用!$I$2:$I$186,MATCH("女"&手直し!G15,計算用!$AO$2:$AO$186,0)),"？")) | Z13: =IF($Q13="","",手直し!H15&"") | AA13: =IF(OR($Q13="",手直し!H15=""),"",IFERROR(INDEX(計算用!$M$2:$M$186,MATCH("女"&手直し!H15,計算用!$AO$2:$AO$186,0)),"？")) | AB13: =IF(OR($Q13="",手直し!H15=""),"",IFERROR(INDEX(計算用!$I$2:$I$186,MATCH("女"&手直し!H15,計算用!$AO$2:$AO$186,0)),"？")) | AC13: =IF($Q13="","",手直し!I15&"") | AD13: =IF(OR($Q13="",手直し!I15=""),"",IFERROR(INDEX(計算用!$M$2:$M$186,MATCH("女"&手直し!I15,計算用!$AO$2:$AO$186,0)),"？")) | AE13: =IF(OR($Q13="",手直し!I15=""),"",IFERROR(INDEX(計算用!$I$2:$I$186,MATCH("女"&手直し!I15,計算用!$AO$2:$AO$186,0)),"？"))
A14: =IF(ROW()-3<=計算用!$Q$13,ROW()-3,"") | B14: =IF($A14="","",手直し!K16) | C14: =IF($A14="","",手直し!L16) | D14: =IF($A14="","",手直し!B16&"") | E14: =IF(OR($A14="",手直し!B16=""),"",IFERROR(INDEX(計算用!$M$2:$M$186,MATCH("男"&手直し!B16,計算用!$AO$2:$AO$186,0)),"？")) | F14: =IF(OR($A14="",手直し!B16=""),"",IFERROR(INDEX(計算用!$I$2:$I$186,MATCH("男"&手直し!B16,計算用!$AO$2:$AO$186,0)),"？")) | G14: =IF($A14="","",手直し!C16&"") | H14: =IF(OR($A14="",手直し!C16=""),"",IFERROR(INDEX(計算用!$M$2:$M$186,MATCH("男"&手直し!C16,計算用!$AO$2:$AO$186,0)),"？")) | I14: =IF(OR($A14="",手直し!C16=""),"",IFERROR(INDEX(計算用!$I$2:$I$186,MATCH("男"&手直し!C16,計算用!$AO$2:$AO$186,0)),"？")) | J14: =IF($A14="","",手直し!D16&"") | K14: =IF(OR($A14="",手直し!D16=""),"",IFERROR(INDEX(計算用!$M$2:$M$186,MATCH("男"&手直し!D16,計算用!$AO$2:$AO$186,0)),"？")) | L14: =IF(OR($A14="",手直し!D16=""),"",IFERROR(INDEX(計算用!$I$2:$I$186,MATCH("男"&手直し!D16,計算用!$AO$2:$AO$186,0)),"？")) | M14: =IF($A14="","",手直し!E16&"") | N14: =IF(OR($A14="",手直し!E16=""),"",IFERROR(INDEX(計算用!$M$2:$M$186,MATCH("男"&手直し!E16,計算用!$AO$2:$AO$186,0)),"？")) | O14: =IF(OR($A14="",手直し!E16=""),"",IFERROR(INDEX(計算用!$I$2:$I$186,MATCH("男"&手直し!E16,計算用!$AO$2:$AO$186,0)),"？")) | Q14: =IF(ROW()-3<=計算用!$Q$14,ROW()-3,"") | R14: =IF($Q14="","",手直し!M16) | S14: =IF($Q14="","",手直し!N16) | T14: =IF($Q14="","",手直し!F16&"") | U14: =IF(OR($Q14="",手直し!F16=""),"",IFERROR(INDEX(計算用!$M$2:$M$186,MATCH("女"&手直し!F16,計算用!$AO$2:$AO$186,0)),"？")) | V14: =IF(OR($Q14="",手直し!F16=""),"",IFERROR(INDEX(計算用!$I$2:$I$186,MATCH("女"&手直し!F16,計算用!$AO$2:$AO$186,0)),"？")) | W14: =IF($Q14="","",手直し!G16&"") | X14: =IF(OR($Q14="",手直し!G16=""),"",IFERROR(INDEX(計算用!$M$2:$M$186,MATCH("女"&手直し!G16,計算用!$AO$2:$AO$186,0)),"？")) | Y14: =IF(OR($Q14="",手直し!G16=""),"",IFERROR(INDEX(計算用!$I$2:$I$186,MATCH("女"&手直し!G16,計算用!$AO$2:$AO$186,0)),"？")) | Z14: =IF($Q14="","",手直し!H16&"") | AA14: =IF(OR($Q14="",手直し!H16=""),"",IFERROR(INDEX(計算用!$M$2:$M$186,MATCH("女"&手直し!H16,計算用!$AO$2:$AO$186,0)),"？")) | AB14: =IF(OR($Q14="",手直し!H16=""),"",IFERROR(INDEX(計算用!$I$2:$I$186,MATCH("女"&手直し!H16,計算用!$AO$2:$AO$186,0)),"？")) | AC14: =IF($Q14="","",手直し!I16&"") | AD14: =IF(OR($Q14="",手直し!I16=""),"",IFERROR(INDEX(計算用!$M$2:$M$186,MATCH("女"&手直し!I16,計算用!$AO$2:$AO$186,0)),"？")) | AE14: =IF(OR($Q14="",手直し!I16=""),"",IFERROR(INDEX(計算用!$I$2:$I$186,MATCH("女"&手直し!I16,計算用!$AO$2:$AO$186,0)),"？"))
A15: =IF(ROW()-3<=計算用!$Q$13,ROW()-3,"") | B15: =IF($A15="","",手直し!K17) | C15: =IF($A15="","",手直し!L17) | D15: =IF($A15="","",手直し!B17&"") | E15: =IF(OR($A15="",手直し!B17=""),"",IFERROR(INDEX(計算用!$M$2:$M$186,MATCH("男"&手直し!B17,計算用!$AO$2:$AO$186,0)),"？")) | F15: =IF(OR($A15="",手直し!B17=""),"",IFERROR(INDEX(計算用!$I$2:$I$186,MATCH("男"&手直し!B17,計算用!$AO$2:$AO$186,0)),"？")) | G15: =IF($A15="","",手直し!C17&"") | H15: =IF(OR($A15="",手直し!C17=""),"",IFERROR(INDEX(計算用!$M$2:$M$186,MATCH("男"&手直し!C17,計算用!$AO$2:$AO$186,0)),"？")) | I15: =IF(OR($A15="",手直し!C17=""),"",IFERROR(INDEX(計算用!$I$2:$I$186,MATCH("男"&手直し!C17,計算用!$AO$2:$AO$186,0)),"？")) | J15: =IF($A15="","",手直し!D17&"") | K15: =IF(OR($A15="",手直し!D17=""),"",IFERROR(INDEX(計算用!$M$2:$M$186,MATCH("男"&手直し!D17,計算用!$AO$2:$AO$186,0)),"？")) | L15: =IF(OR($A15="",手直し!D17=""),"",IFERROR(INDEX(計算用!$I$2:$I$186,MATCH("男"&手直し!D17,計算用!$AO$2:$AO$186,0)),"？")) | M15: =IF($A15="","",手直し!E17&"") | N15: =IF(OR($A15="",手直し!E17=""),"",IFERROR(INDEX(計算用!$M$2:$M$186,MATCH("男"&手直し!E17,計算用!$AO$2:$AO$186,0)),"？")) | O15: =IF(OR($A15="",手直し!E17=""),"",IFERROR(INDEX(計算用!$I$2:$I$186,MATCH("男"&手直し!E17,計算用!$AO$2:$AO$186,0)),"？")) | Q15: =IF(ROW()-3<=計算用!$Q$14,ROW()-3,"") | R15: =IF($Q15="","",手直し!M17) | S15: =IF($Q15="","",手直し!N17) | T15: =IF($Q15="","",手直し!F17&"") | U15: =IF(OR($Q15="",手直し!F17=""),"",IFERROR(INDEX(計算用!$M$2:$M$186,MATCH("女"&手直し!F17,計算用!$AO$2:$AO$186,0)),"？")) | V15: =IF(OR($Q15="",手直し!F17=""),"",IFERROR(INDEX(計算用!$I$2:$I$186,MATCH("女"&手直し!F17,計算用!$AO$2:$AO$186,0)),"？")) | W15: =IF($Q15="","",手直し!G17&"") | X15: =IF(OR($Q15="",手直し!G17=""),"",IFERROR(INDEX(計算用!$M$2:$M$186,MATCH("女"&手直し!G17,計算用!$AO$2:$AO$186,0)),"？")) | Y15: =IF(OR($Q15="",手直し!G17=""),"",IFERROR(INDEX(計算用!$I$2:$I$186,MATCH("女"&手直し!G17,計算用!$AO$2:$AO$186,0)),"？")) | Z15: =IF($Q15="","",手直し!H17&"") | AA15: =IF(OR($Q15="",手直し!H17=""),"",IFERROR(INDEX(計算用!$M$2:$M$186,MATCH("女"&手直し!H17,計算用!$AO$2:$AO$186,0)),"？")) | AB15: =IF(OR($Q15="",手直し!H17=""),"",IFERROR(INDEX(計算用!$I$2:$I$186,MATCH("女"&手直し!H17,計算用!$AO$2:$AO$186,0)),"？")) | AC15: =IF($Q15="","",手直し!I17&"") | AD15: =IF(OR($Q15="",手直し!I17=""),"",IFERROR(INDEX(計算用!$M$2:$M$186,MATCH("女"&手直し!I17,計算用!$AO$2:$AO$186,0)),"？")) | AE15: =IF(OR($Q15="",手直し!I17=""),"",IFERROR(INDEX(計算用!$I$2:$I$186,MATCH("女"&手直し!I17,計算用!$AO$2:$AO$186,0)),"？"))
... A53: =IF(ROW()-3<=計算用!$Q$13,ROW()-3,"") | B53: =IF($A53="","",手直し!K55) | C53: =IF($A53="","",手直し!L55) | D53: =IF($A53="","",手直し!B55&"") | E53: =IF(OR($A53="",手直し!B55=""),"",IFERROR(INDEX(計算用!$M$2:$M$186,MATCH("男"&手直し!B55,計算用!$AO$2:$AO$186,0)),"？")) | F53: =IF(OR($A53="",手直し!B55=""),"",IFERROR(INDEX(計算用!$I$2:$I$186,MATCH("男"&手直し!B55,計算用!$AO$2:$AO$186,0)),"？")) | G53: =IF($A53="","",手直し!C55&"") | H53: =IF(OR($A53="",手直し!C55=""),"",IFERROR(INDEX(計算用!$M$2:$M$186,MATCH("男"&手直し!C55,計算用!$AO$2:$AO$186,0)),"？")) | I53: =IF(OR($A53="",手直し!C55=""),"",IFERROR(INDEX(計算用!$I$2:$I$186,MATCH("男"&手直し!C55,計算用!$AO$2:$AO$186,0)),"？")) | J53: =IF($A53="","",手直し!D55&"") | K53: =IF(OR($A53="",手直し!D55=""),"",IFERROR(INDEX(計算用!$M$2:$M$186,MATCH("男"&手直し!D55,計算用!$AO$2:$AO$186,0)),"？")) | L53: =IF(OR($A53="",手直し!D55=""),"",IFERROR(INDEX(計算用!$I$2:$I$186,MATCH("男"&手直し!D55,計算用!$AO$2:$AO$186,0)),"？")) | M53: =IF($A53="","",手直し!E55&"") | N53: =IF(OR($A53="",手直し!E55=""),"",IFERROR(INDEX(計算用!$M$2:$M$186,MATCH("男"&手直し!E55,計算用!$AO$2:$AO$186,0)),"？")) | O53: =IF(OR($A53="",手直し!E55=""),"",IFERROR(INDEX(計算用!$I$2:$I$186,MATCH("男"&手直し!E55,計算用!$AO$2:$AO$186,0)),"？")) | Q53: =IF(ROW()-3<=計算用!$Q$14,ROW()-3,"") | R53: =IF($Q53="","",手直し!M55) | S53: =IF($Q53="","",手直し!N55) | T53: =IF($Q53="","",手直し!F55&"") | U53: =IF(OR($Q53="",手直し!F55=""),"",IFERROR(INDEX(計算用!$M$2:$M$186,MATCH("女"&手直し!F55,計算用!$AO$2:$AO$186,0)),"？")) | V53: =IF(OR($Q53="",手直し!F55=""),"",IFERROR(INDEX(計算用!$I$2:$I$186,MATCH("女"&手直し!F55,計算用!$AO$2:$AO$186,0)),"？")) | W53: =IF($Q53="","",手直し!G55&"") | X53: =IF(OR($Q53="",手直し!G55=""),"",IFERROR(INDEX(計算用!$M$2:$M$186,MATCH("女"&手直し!G55,計算用!$AO$2:$AO$186,0)),"？")) | Y53: =IF(OR($Q53="",手直し!G55=""),"",IFERROR(INDEX(計算用!$I$2:$I$186,MATCH("女"&手直し!G55,計算用!$AO$2:$AO$186,0)),"？")) | Z53: =IF($Q53="","",手直し!H55&"") | AA53: =IF(OR($Q53="",手直し!H55=""),"",IFERROR(INDEX(計算用!$M$2:$M$186,MATCH("女"&手直し!H55,計算用!$AO$2:$AO$186,0)),"？")) | AB53: =IF(OR($Q53="",手直し!H55=""),"",IFERROR(INDEX(計算用!$I$2:$I$186,MATCH("女"&手直し!H55,計算用!$AO$2:$AO$186,0)),"？")) | AC53: =IF($Q53="","",手直し!I55&"") | AD53: =IF(OR($Q53="",手直し!I55=""),"",IFERROR(INDEX(計算用!$M$2:$M$186,MATCH("女"&手直し!I55,計算用!$AO$2:$AO$186,0)),"？")) | AE53: =IF(OR($Q53="",手直し!I55=""),"",IFERROR(INDEX(計算用!$I$2:$I$186,MATCH("女"&手直し!I55,計算用!$AO$2:$AO$186,0)),"？"))

Sheet 計算用
A1: 通し番号 | B1: クラス番号 | C1: クラス内行 | D1: 名前 | E1: 性別(入力) | F1: 性別 | G1: タイム | H1: 赤白(入力) | I1: 赤白 | J1: 区分 | K1: 区分内順位 | L1: 検索キー | M1: クラス | N1: 入力不足 | P1: 区分 | Q1: 人数 | S1: 男組 | T1: 男人数 | U1: 男赤残り | V1: 男白残り | W1: 男赤人数 | X1: 男白人数 | Y1: 男赤累計 | Z1: 男白累計 | AB1: 女組 | AC1: 女人数 | AD1: 女赤残り | AE1: 女白残り | AF1: 女赤人数 | AG1: 女白人数 | AH1: 女赤累計 | AI1: 女白累計 | AK1: 組 | AL1: 前の組までの人数 | AM1: 組内番号 | AN1: 組キー | AO1: 性別+名前 | AP1: 手直しでの回数 | AQ1: 入っていない | AR1: 男子の入っていない番号 | AS1: 女子の入っていない番号
A2: =ROW()-1 | B2: =INT((A2-1)/37)+1 | C2: =MOD(A2-1,37)+1 | D2: =INDEX(①データ入力!$B$3:$Y$39,C2,(B2-1)*5+1)&"" | E2: =INDEX(①データ入力!$B$3:$Y$39,C2,(B2-1)*5+2)&"" | F2: =IF(OR(E2="1",E2="１",E2="男"),"男",IF(OR(E2="2",E2="２",E2="女"),"女","")) | G2: =INDEX(①データ入力!$B$3:$Y$39,C2,(B2-1)*5+3) | H2: =INDEX(①データ入力!$B$3:$Y$39,C2,(B2-1)*5+4)&"" | I2: =IF(LEFT(TRIM(H2),1)="赤","赤",IF(LEFT(TRIM(H2),1)="白","白","")) | J2: =IF(AND(D2<>"",F2<>"",I2<>"",ISNUMBER(G2)),F2&I2,"") | K2: =IF(J2="","",COUNTIFS($J$2:$J$186,J2,$G$2:$G$186,"<"&G2)+COUNTIFS($J$2:$J$186,J2,$G$2:$G$186,G2,$A$2:$A$186,"<"&A2)+1) | L2: =IF(J2="","",J2&K2) | M2: =B2&"組" | N2: =IF(AND(D2<>"",J2=""),1,0) | P2: 男赤 | Q2: =COUNTIF($J$2:$J$186,P2) | S2: 1 | T2: =IF(OR($Q$9=0,S2>$Q$9),0,INT($Q$8/$Q$9)+IF(S2<=MOD($Q$8,$Q$9),1,0)) | U2: =$Q$2 | V2: =$Q$3 | W2: =IF(T2=0,0,MIN(U2,MAX(IF(MOD(T2,2)=0,T2/2,IF(U2>=V2,(T2+1)/2,(T2-1)/2)),T2-V2))) | X2: =T2-W2 | Y2: =0+W2 | Z2: =0+X2 | AB2: 1 | AC2: =IF(OR($Q$11=0,AB2>$Q$11),0,INT($Q$10/$Q$11)+IF(AB2<=MOD($Q$10,$Q$11),1,0)) | AD2: =$Q$4 | AE2: =$Q$5 | AF2: =IF(AC2=0,0,MIN(AD2,MAX(IF(MOD(AC2,2)=0,AC2/2,IF(AD2>=AE2,(AC2+1)/2,(AC2-1)/2)),AC2-AE2))) | AG2: =AC2-AF2 | AH2: =0+AF2 | AI2: =0+AG2 | AK2: =IF(J2="","",IF(J2="男赤",COUNTIF($Y$2:$Y$51,"<"&K2),IF(J2="男白",COUNTIF($Z$2:$Z$51,"<"&K2),IF(J2="女赤",COUNTIF($AH$2:$AH$51,"<"&K2),COUNTIF($AI$2:$AI$51,"<"&K2))))+1) | AL2: =IF(AK2="","",IF(AK2=1,0,IF(J2="男赤",INDEX($Y$2:$Y$51,AK2-1),IF(J2="男白",INDEX($Z$2:$Z$51,AK2-1),IF(J2="女赤",INDEX($AH$2:$AH$51,AK2-1),INDEX($AI$2:$AI$51,AK2-1)))))) | AM2: =IF(AK2="","",IF(RIGHT(J2,1)="赤",K2-AL2,IF(LEFT(J2,1)="男",INDEX($W$2:$W$51,AK2),INDEX($AF$2:$AF$51,AK2))+K2-AL2)) | AN2: =IF(AK2="","",F2&AK2&"-"&AM2) | AO2: =IF(J2="","",F2&D2) | AP2: =IF(J2="","",IF(F2="男",COUNTIF(手直し!$B$6:$E$55,D2),COUNTIF(手直し!$F$6:$I$55,D2))) | AQ2: =IF(AND(J2<>"",AP2=0),1,0) | AR2: =IF(AND(AQ2=1,F2="男"),COUNTIFS($AQ$2:AQ2,1,$F$2:F2,"男"),"") | AS2: =IF(AND(AQ2=1,F2="女"),COUNTIFS($AQ$2:AQ2,1,$F$2:F2,"女"),"")
A3: =ROW()-1 | B3: =INT((A3-1)/37)+1 | C3: =MOD(A3-1,37)+1 | D3: =INDEX(①データ入力!$B$3:$Y$39,C3,(B3-1)*5+1)&"" | E3: =INDEX(①データ入力!$B$3:$Y$39,C3,(B3-1)*5+2)&"" | F3: =IF(OR(E3="1",E3="１",E3="男"),"男",IF(OR(E3="2",E3="２",E3="女"),"女","")) | G3: =INDEX(①データ入力!$B$3:$Y$39,C3,(B3-1)*5+3) | H3: =INDEX(①データ入力!$B$3:$Y$39,C3,(B3-1)*5+4)&"" | I3: =IF(LEFT(TRIM(H3),1)="赤","赤",IF(LEFT(TRIM(H3),1)="白","白","")) | J3: =IF(AND(D3<>"",F3<>"",I3<>"",ISNUMBER(G3)),F3&I3,"") | K3: =IF(J3="","",COUNTIFS($J$2:$J$186,J3,$G$2:$G$186,"<"&G3)+COUNTIFS($J$2:$J$186,J3,$G$2:$G$186,G3,$A$2:$A$186,"<"&A3)+1) | L3: =IF(J3="","",J3&K3) | M3: =B3&"組" | N3: =IF(AND(D3<>"",J3=""),1,0) | P3: 男白 | Q3: =COUNTIF($J$2:$J$186,P3) | S3: 2 | T3: =IF(OR($Q$9=0,S3>$Q$9),0,INT($Q$8/$Q$9)+IF(S3<=MOD($Q$8,$Q$9),1,0)) | U3: =$Q$2-Y2 | V3: =$Q$3-Z2 | W3: =IF(T3=0,0,MIN(U3,MAX(IF(MOD(T3,2)=0,T3/2,IF(U3>=V3,(T3+1)/2,(T3-1)/2)),T3-V3))) | X3: =T3-W3 | Y3: =Y2+W3 | Z3: =Z2+X3 | AB3: 2 | AC3: =IF(OR($Q$11=0,AB3>$Q$11),0,INT($Q$10/$Q$11)+IF(AB3<=MOD($Q$10,$Q$11),1,0)) | AD3: =$Q$4-AH2 | AE3: =$Q$5-AI2 | AF3: =IF(AC3=0,0,MIN(AD3,MAX(IF(MOD(AC3,2)=0,AC3/2,IF(AD3>=AE3,(AC3+1)/2,(AC3-1)/2)),AC3-AE3))) | AG3: =AC3-AF3 | AH3: =AH2+AF3 | AI3: =AI2+AG3 | AK3: =IF(J3="","",IF(J3="男赤",COUNTIF($Y$2:$Y$51,"<"&K3),IF(J3="男白",COUNTIF($Z$2:$Z$51,"<"&K3),IF(J3="女赤",COUNTIF($AH$2:$AH$51,"<"&K3),COUNTIF($AI$2:$AI$51,"<"&K3))))+1) | AL3: =IF(AK3="","",IF(AK3=1,0,IF(J3="男赤",INDEX($Y$2:$Y$51,AK3-1),IF(J3="男白",INDEX($Z$2:$Z$51,AK3-1),IF(J3="女赤",INDEX($AH$2:$AH$51,AK3-1),INDEX($AI$2:$AI$51,AK3-1)))))) | AM3: =IF(AK3="","",IF(RIGHT(J3,1)="赤",K3-AL3,IF(LEFT(J3,1)="男",INDEX($W$2:$W$51,AK3),INDEX($AF$2:$AF$51,AK3))+K3-AL3)) | AN3: =IF(AK3="","",F3&AK3&"-"&AM3) | AO3: =IF(J3="","",F3&D3) | AP3: =IF(J3="","",IF(F3="男",COUNTIF(手直し!$B$6:$E$55,D3),COUNTIF(手直し!$F$6:$I$55,D3))) | AQ3: =IF(AND(J3<>"",AP3=0),1,0) | AR3: =IF(AND(AQ3=1,F3="男"),COUNTIFS($AQ$2:AQ3,1,$F$2:F3,"男"),"") | AS3: =IF(AND(AQ3=1,F3="女"),COUNTIFS($AQ$2:AQ3,1,$F$2:F3,"女"),"")
A4: =ROW()-1 | B4: =INT((A4-1)/37)+1 | C4: =MOD(A4-1,37)+1 | D4: =INDEX(①データ入力!$B$3:$Y$39,C4,(B4-1)*5+1)&"" | E4: =INDEX(①データ入力!$B$3:$Y$39,C4,(B4-1)*5+2)&"" | F4: =IF(OR(E4="1",E4="１",E4="男"),"男",IF(OR(E4="2",E4="２",E4="女"),"女","")) | G4: =INDEX(①データ入力!$B$3:$Y$39,C4,(B4-1)*5+3) | H4: =INDEX(①データ入力!$B$3:$Y$39,C4,(B4-1)*5+4)&"" | I4: =IF(LEFT(TRIM(H4),1)="赤","赤",IF(LEFT(TRIM(H4),1)="白","白","")) | J4: =IF(AND(D4<>"",F4<>"",I4<>"",ISNUMBER(G4)),F4&I4,"") | K4: =IF(J4="","",COUNTIFS($J$2:$J$186,J4,$G$2:$G$186,"<"&G4)+COUNTIFS($J$2:$J$186,J4,$G$2:$G$186,G4,$A$2:$A$186,"<"&A4)+1) | L4: =IF(J4="","",J4&K4) | M4: =B4&"組" | N4: =IF(AND(D4<>"",J4=""),1,0) | P4: 女赤 | Q4: =COUNTIF($J$2:$J$186,P4) | S4: 3 | T4: =IF(OR($Q$9=0,S4>$Q$9),0,INT($Q$8/$Q$9)+IF(S4<=MOD($Q$8,$Q$9),1,0)) | U4: =$Q$2-Y3 | V4: =$Q$3-Z3 | W4: =IF(T4=0,0,MIN(U4,MAX(IF(MOD(T4,2)=0,T4/2,IF(U4>=V4,(T4+1)/2,(T4-1)/2)),T4-V4))) | X4: =T4-W4 | Y4: =Y3+W4 | Z4: =Z3+X4 | AB4: 3 | AC4: =IF(OR($Q$11=0,AB4>$Q$11),0,INT($Q$10/$Q$11)+IF(AB4<=MOD($Q$10,$Q$11),1,0)) | AD4: =$Q$4-AH3 | AE4: =$Q$5-AI3 | AF4: =IF(AC4=0,0,MIN(AD4,MAX(IF(MOD(AC4,2)=0,AC4/2,IF(AD4>=AE4,(AC4+1)/2,(AC4-1)/2)),AC4-AE4))) | AG4: =AC4-AF4 | AH4: =AH3+AF4 | AI4: =AI3+AG4 | AK4: =IF(J4="","",IF(J4="男赤",COUNTIF($Y$2:$Y$51,"<"&K4),IF(J4="男白",COUNTIF($Z$2:$Z$51,"<"&K4),IF(J4="女赤",COUNTIF($AH$2:$AH$51,"<"&K4),COUNTIF($AI$2:$AI$51,"<"&K4))))+1) | AL4: =IF(AK4="","",IF(AK4=1,0,IF(J4="男赤",INDEX($Y$2:$Y$51,AK4-1),IF(J4="男白",INDEX($Z$2:$Z$51,AK4-1),IF(J4="女赤",INDEX($AH$2:$AH$51,AK4-1),INDEX($AI$2:$AI$51,AK4-1)))))) | AM4: =IF(AK4="","",IF(RIGHT(J4,1)="赤",K4-AL4,IF(LEFT(J4,1)="男",INDEX($W$2:$W$51,AK4),INDEX($AF$2:$AF$51,AK4))+K4-AL4)) | AN4: =IF(AK4="","",F4&AK4&"-"&AM4) | AO4: =IF(J4="","",F4&D4) | AP4: =IF(J4="","",IF(F4="男",COUNTIF(手直し!$B$6:$E$55,D4),COUNTIF(手直し!$F$6:$I$55,D4))) | AQ4: =IF(AND(J4<>"",AP4=0),1,0) | AR4: =IF(AND(AQ4=1,F4="男"),COUNTIFS($AQ$2:AQ4,1,$F$2:F4,"男"),"") | AS4: =IF(AND(AQ4=1,F4="女"),COUNTIFS($AQ$2:AQ4,1,$F$2:F4,"女"),"")
A5: =ROW()-1 | B5: =INT((A5-1)/37)+1 | C5: =MOD(A5-1,37)+1 | D5: =INDEX(①データ入力!$B$3:$Y$39,C5,(B5-1)*5+1)&"" | E5: =INDEX(①データ入力!$B$3:$Y$39,C5,(B5-1)*5+2)&"" | F5: =IF(OR(E5="1",E5="１",E5="男"),"男",IF(OR(E5="2",E5="２",E5="女"),"女","")) | G5: =INDEX(①データ入力!$B$3:$Y$39,C5,(B5-1)*5+3) | H5: =INDEX(①データ入力!$B$3:$Y$39,C5,(B5-1)*5+4)&"" | I5: =IF(LEFT(TRIM(H5),1)="赤","赤",IF(LEFT(TRIM(H5),1)="白","白","")) | J5: =IF(AND(D5<>"",F5<>"",I5<>"",ISNUMBER(G5)),F5&I5,"") | K5: =IF(J5="","",COUNTIFS($J$2:$J$186,J5,$G$2:$G$186,"<"&G5)+COUNTIFS($J$2:$J$186,J5,$G$2:$G$186,G5,$A$2:$A$186,"<"&A5)+1) | L5: =IF(J5="","",J5&K5) | M5: =B5&"組" | N5: =IF(AND(D5<>"",J5=""),1,0) | P5: 女白 | Q5: =COUNTIF($J$2:$J$186,P5) | S5: 4 | T5: =IF(OR($Q$9=0,S5>$Q$9),0,INT($Q$8/$Q$9)+IF(S5<=MOD($Q$8,$Q$9),1,0)) | U5: =$Q$2-Y4 | V5: =$Q$3-Z4 | W5: =IF(T5=0,0,MIN(U5,MAX(IF(MOD(T5,2)=0,T5/2,IF(U5>=V5,(T5+1)/2,(T5-1)/2)),T5-V5))) | X5: =T5-W5 | Y5: =Y4+W5 | Z5: =Z4+X5 | AB5: 4 | AC5: =IF(OR($Q$11=0,AB5>$Q$11),0,INT($Q$10/$Q$11)+IF(AB5<=MOD($Q$10,$Q$11),1,0)) | AD5: =$Q$4-AH4 | AE5: =$Q$5-AI4 | AF5: =IF(AC5=0,0,MIN(AD5,MAX(IF(MOD(AC5,2)=0,AC5/2,IF(AD5>=AE5,(AC5+1)/2,(AC5-1)/2)),AC5-AE5))) | AG5: =AC5-AF5 | AH5: =AH4+AF5 | AI5: =AI4+AG5 | AK5: =IF(J5="","",IF(J5="男赤",COUNTIF($Y$2:$Y$51,"<"&K5),IF(J5="男白",COUNTIF($Z$2:$Z$51,"<"&K5),IF(J5="女赤",COUNTIF($AH$2:$AH$51,"<"&K5),COUNTIF($AI$2:$AI$51,"<"&K5))))+1) | AL5: =IF(AK5="","",IF(AK5=1,0,IF(J5="男赤",INDEX($Y$2:$Y$51,AK5-1),IF(J5="男白",INDEX($Z$2:$Z$51,AK5-1),IF(J5="女赤",INDEX($AH$2:$AH$51,AK5-1),INDEX($AI$2:$AI$51,AK5-1)))))) | AM5: =IF(AK5="","",IF(RIGHT(J5,1)="赤",K5-AL5,IF(LEFT(J5,1)="男",INDEX($W$2:$W$51,AK5),INDEX($AF$2:$AF$51,AK5))+K5-AL5)) | AN5: =IF(AK5="","",F5&AK5&"-"&AM5) | AO5: =IF(J5="","",F5&D5) | AP5: =IF(J5="","",IF(F5="男",COUNTIF(手直し!$B$6:$E$55,D5),COUNTIF(手直し!$F$6:$I$55,D5))) | AQ5: =IF(AND(J5<>"",AP5=0),1,0) | AR5: =IF(AND(AQ5=1,F5="男"),COUNTIFS($AQ$2:AQ5,1,$F$2:F5,"男"),"") | AS5: =IF(AND(AQ5=1,F5="女"),COUNTIFS($AQ$2:AQ5,1,$F$2:F5,"女"),"")
A6: =ROW()-1 | B6: =INT((A6-1)/37)+1 | C6: =MOD(A6-1,37)+1 | D6: =INDEX(①データ入力!$B$3:$Y$39,C6,(B6-1)*5+1)&"" | E6: =INDEX(①データ入力!$B$3:$Y$39,C6,(B6-1)*5+2)&"" | F6: =IF(OR(E6="1",E6="１",E6="男"),"男",IF(OR(E6="2",E6="２",E6="女"),"女","")) | G6: =INDEX(①データ入力!$B$3:$Y$39,C6,(B6-1)*5+3) | H6: =INDEX(①データ入力!$B$3:$Y$39,C6,(B6-1)*5+4)&"" | I6: =IF(LEFT(TRIM(H6),1)="赤","赤",IF(LEFT(TRIM(H6),1)="白","白","")) | J6: =IF(AND(D6<>"",F6<>"",I6<>"",ISNUMBER(G6)),F6&I6,"") | K6: =IF(J6="","",COUNTIFS($J$2:$J$186,J6,$G$2:$G$186,"<"&G6)+COUNTIFS($J$2:$J$186,J6,$G$2:$G$186,G6,$A$2:$A$186,"<"&A6)+1) | L6: =IF(J6="","",J6&K6) | M6: =B6&"組" | N6: =IF(AND(D6<>"",J6=""),1,0) | P6: 入力不足 | Q6: =SUM($N$2:$N$186) | S6: 5 | T6: =IF(OR($Q$9=0,S6>$Q$9),0,INT($Q$8/$Q$9)+IF(S6<=MOD($Q$8,$Q$9),1,0)) | U6: =$Q$2-Y5 | V6: =$Q$3-Z5 | W6: =IF(T6=0,0,MIN(U6,MAX(IF(MOD(T6,2)=0,T6/2,IF(U6>=V6,(T6+1)/2,(T6-1)/2)),T6-V6))) | X6: =T6-W6 | Y6: =Y5+W6 | Z6: =Z5+X6 | AB6: 5 | AC6: =IF(OR($Q$11=0,AB6>$Q$11),0,INT($Q$10/$Q$11)+IF(AB6<=MOD($Q$10,$Q$11),1,0)) | AD6: =$Q$4-AH5 | AE6: =$Q$5-AI5 | AF6: =IF(AC6=0,0,MIN(AD6,MAX(IF(MOD(AC6,2)=0,AC6/2,IF(AD6>=AE6,(AC6+1)/2,(AC6-1)/2)),AC6-AE6))) | AG6: =AC6-AF6 | AH6: =AH5+AF6 | AI6: =AI5+AG6 | AK6: =IF(J6="","",IF(J6="男赤",COUNTIF($Y$2:$Y$51,"<"&K6),IF(J6="男白",COUNTIF($Z$2:$Z$51,"<"&K6),IF(J6="女赤",COUNTIF($AH$2:$AH$51,"<"&K6),COUNTIF($AI$2:$AI$51,"<"&K6))))+1) | AL6: =IF(AK6="","",IF(AK6=1,0,IF(J6="男赤",INDEX($Y$2:$Y$51,AK6-1),IF(J6="男白",INDEX($Z$2:$Z$51,AK6-1),IF(J6="女赤",INDEX($AH$2:$AH$51,AK6-1),INDEX($AI$2:$AI$51,AK6-1)))))) | AM6: =IF(AK6="","",IF(RIGHT(J6,1)="赤",K6-AL6,IF(LEFT(J6,1)="男",INDEX($W$2:$W$51,AK6),INDEX($AF$2:$AF$51,AK6))+K6-AL6)) | AN6: =IF(AK6="","",F6&AK6&"-"&AM6) | AO6: =IF(J6="","",F6&D6) | AP6: =IF(J6="","",IF(F6="男",COUNTIF(手直し!$B$6:$E$55,D6),COUNTIF(手直し!$F$6:$I$55,D6))) | AQ6: =IF(AND(J6<>"",AP6=0),1,0) | AR6: =IF(AND(AQ6=1,F6="男"),COUNTIFS($AQ$2:AQ6,1,$F$2:F6,"男"),"") | AS6: =IF(AND(AQ6=1,F6="女"),COUNTIFS($AQ$2:AQ6,1,$F$2:F6,"女"),"")
A7: =ROW()-1 | B7: =INT((A7-1)/37)+1 | C7: =MOD(A7-1,37)+1 | D7: =INDEX(①データ入力!$B$3:$Y$39,C7,(B7-1)*5+1)&"" | E7: =INDEX(①データ入力!$B$3:$Y$39,C7,(B7-1)*5+2)&"" | F7: =IF(OR(E7="1",E7="１",E7="男"),"男",IF(OR(E7="2",E7="２",E7="女"),"女","")) | G7: =INDEX(①データ入力!$B$3:$Y$39,C7,(B7-1)*5+3) | H7: =INDEX(①データ入力!$B$3:$Y$39,C7,(B7-1)*5+4)&"" | I7: =IF(LEFT(TRIM(H7),1)="赤","赤",IF(LEFT(TRIM(H7),1)="白","白","")) | J7: =IF(AND(D7<>"",F7<>"",I7<>"",ISNUMBER(G7)),F7&I7,"") | K7: =IF(J7="","",COUNTIFS($J$2:$J$186,J7,$G$2:$G$186,"<"&G7)+COUNTIFS($J$2:$J$186,J7,$G$2:$G$186,G7,$A$2:$A$186,"<"&A7)+1) | L7: =IF(J7="","",J7&K7) | M7: =B7&"組" | N7: =IF(AND(D7<>"",J7=""),1,0) | S7: 6 | T7: =IF(OR($Q$9=0,S7>$Q$9),0,INT($Q$8/$Q$9)+IF(S7<=MOD($Q$8,$Q$9),1,0)) | U7: =$Q$2-Y6 | V7: =$Q$3-Z6 | W7: =IF(T7=0,0,MIN(U7,MAX(IF(MOD(T7,2)=0,T7/2,IF(U7>=V7,(T7+1)/2,(T7-1)/2)),T7-V7))) | X7: =T7-W7 | Y7: =Y6+W7 | Z7: =Z6+X7 | AB7: 6 | AC7: =IF(OR($Q$11=0,AB7>$Q$11),0,INT($Q$10/$Q$11)+IF(AB7<=MOD($Q$10,$Q$11),1,0)) | AD7: =$Q$4-AH6 | AE7: =$Q$5-AI6 | AF7: =IF(AC7=0,0,MIN(AD7,MAX(IF(MOD(AC7,2)=0,AC7/2,IF(AD7>=AE7,(AC7+1)/2,(AC7-1)/2)),AC7-AE7))) | AG7: =AC7-AF7 | AH7: =AH6+AF7 | AI7: =AI6+AG7 | AK7: =IF(J7="","",IF(J7="男赤",COUNTIF($Y$2:$Y$51,"<"&K7),IF(J7="男白",COUNTIF($Z$2:$Z$51,"<"&K7),IF(J7="女赤",COUNTIF($AH$2:$AH$51,"<"&K7),COUNTIF($AI$2:$AI$51,"<"&K7))))+1) | AL7: =IF(AK7="","",IF(AK7=1,0,IF(J7="男赤",INDEX($Y$2:$Y$51,AK7-1),IF(J7="男白",INDEX($Z$2:$Z$51,AK7-1),IF(J7="女赤",INDEX($AH$2:$AH$51,AK7-1),INDEX($AI$2:$AI$51,AK7-1)))))) | AM7: =IF(AK7="","",IF(RIGHT(J7,1)="赤",K7-AL7,IF(LEFT(J7,1)="男",INDEX($W$2:$W$51,AK7),INDEX($AF$2:$AF$51,AK7))+K7-AL7)) | AN7: =IF(AK7="","",F7&AK7&"-"&AM7) | AO7: =IF(J7="","",F7&D7) | AP7: =IF(J7="","",IF(F7="男",COUNTIF(手直し!$B$6:$E$55,D7),COUNTIF(手直し!$F$6:$I$55,D7))) | AQ7: =IF(AND(J7<>"",AP7=0),1,0) | AR7: =IF(AND(AQ7=1,F7="男"),COUNTIFS($AQ$2:AQ7,1,$F$2:F7,"男"),"") | AS7: =IF(AND(AQ7=1,F7="女"),COUNTIFS($AQ$2:AQ7,1,$F$2:F7,"女"),"")
A8: =ROW()-1 | B8: =INT((A8-1)/37)+1 | C8: =MOD(A8-1,37)+1 | D8: =INDEX(①データ入力!$B$3:$Y$39,C8,(B8-1)*5+1)&"" | E8: =INDEX(①データ入力!$B$3:$Y$39,C8,(B8-1)*5+2)&"" | F8: =IF(OR(E8="1",E8="１",E8="男"),"男",IF(OR(E8="2",E8="２",E8="女"),"女","")) | G8: =INDEX(①データ入力!$B$3:$Y$39,C8,(B8-1)*5+3) | H8: =INDEX(①データ入力!$B$3:$Y$39,C8,(B8-1)*5+4)&"" | I8: =IF(LEFT(TRIM(H8),1)="赤","赤",IF(LEFT(TRIM(H8),1)="白","白","")) | J8: =IF(AND(D8<>"",F8<>"",I8<>"",ISNUMBER(G8)),F8&I8,"") | K8: =IF(J8="","",COUNTIFS($J$2:$J$186,J8,$G$2:$G$186,"<"&G8)+COUNTIFS($J$2:$J$186,J8,$G$2:$G$186,G8,$A$2:$A$186,"<"&A8)+1) | L8: =IF(J8="","",J8&K8) | M8: =B8&"組" | N8: =IF(AND(D8<>"",J8=""),1,0) | P8: 男子人数 | Q8: =Q2+Q3 | S8: 7 | T8: =IF(OR($Q$9=0,S8>$Q$9),0,INT($Q$8/$Q$9)+IF(S8<=MOD($Q$8,$Q$9),1,0)) | U8: =$Q$2-Y7 | V8: =$Q$3-Z7 | W8: =IF(T8=0,0,MIN(U8,MAX(IF(MOD(T8,2)=0,T8/2,IF(U8>=V8,(T8+1)/2,(T8-1)/2)),T8-V8))) | X8: =T8-W8 | Y8: =Y7+W8 | Z8: =Z7+X8 | AB8: 7 | AC8: =IF(OR($Q$11=0,AB8>$Q$11),0,INT($Q$10/$Q$11)+IF(AB8<=MOD($Q$10,$Q$11),1,0)) | AD8: =$Q$4-AH7 | AE8: =$Q$5-AI7 | AF8: =IF(AC8=0,0,MIN(AD8,MAX(IF(MOD(AC8,2)=0,AC8/2,IF(AD8>=AE8,(AC8+1)/2,(AC8-1)/2)),AC8-AE8))) | AG8: =AC8-AF8 | AH8: =AH7+AF8 | AI8: =AI7+AG8 | AK8: =IF(J8="","",IF(J8="男赤",COUNTIF($Y$2:$Y$51,"<"&K8),IF(J8="男白",COUNTIF($Z$2:$Z$51,"<"&K8),IF(J8="女赤",COUNTIF($AH$2:$AH$51,"<"&K8),COUNTIF($AI$2:$AI$51,"<"&K8))))+1) | AL8: =IF(AK8="","",IF(AK8=1,0,IF(J8="男赤",INDEX($Y$2:$Y$51,AK8-1),IF(J8="男白",INDEX($Z$2:$Z$51,AK8-1),IF(J8="女赤",INDEX($AH$2:$AH$51,AK8-1),INDEX($AI$2:$AI$51,AK8-1)))))) | AM8: =IF(AK8="","",IF(RIGHT(J8,1)="赤",K8-AL8,IF(LEFT(J8,1)="男",INDEX($W$2:$W$51,AK8),INDEX($AF$2:$AF$51,AK8))+K8-AL8)) | AN8: =IF(AK8="","",F8&AK8&"-"&AM8) | AO8: =IF(J8="","",F8&D8) | AP8: =IF(J8="","",IF(F8="男",COUNTIF(手直し!$B$6:$E$55,D8),COUNTIF(手直し!$F$6:$I$55,D8))) | AQ8: =IF(AND(J8<>"",AP8=0),1,0) | AR8: =IF(AND(AQ8=1,F8="男"),COUNTIFS($AQ$2:AQ8,1,$F$2:F8,"男"),"") | AS8: =IF(AND(AQ8=1,F8="女"),COUNTIFS($AQ$2:AQ8,1,$F$2:F8,"女"),"")
A9: =ROW()-1 | B9: =INT((A9-1)/37)+1 | C9: =MOD(A9-1,37)+1 | D9: =INDEX(①データ入力!$B$3:$Y$39,C9,(B9-1)*5+1)&"" | E9: =INDEX(①データ入力!$B$3:$Y$39,C9,(B9-1)*5+2)&"" | F9: =IF(OR(E9="1",E9="１",E9="男"),"男",IF(OR(E9="2",E9="２",E9="女"),"女","")) | G9: =INDEX(①データ入力!$B$3:$Y$39,C9,(B9-1)*5+3) | H9: =INDEX(①データ入力!$B$3:$Y$39,C9,(B9-1)*5+4)&"" | I9: =IF(LEFT(TRIM(H9),1)="赤","赤",IF(LEFT(TRIM(H9),1)="白","白","")) | J9: =IF(AND(D9<>"",F9<>"",I9<>"",ISNUMBER(G9)),F9&I9,"") | K9: =IF(J9="","",COUNTIFS($J$2:$J$186,J9,$G$2:$G$186,"<"&G9)+COUNTIFS($J$2:$J$186,J9,$G$2:$G$186,G9,$A$2:$A$186,"<"&A9)+1) | L9: =IF(J9="","",J9&K9) | M9: =B9&"組" | N9: =IF(AND(D9<>"",J9=""),1,0) | P9: 男子組数 | Q9: =ROUNDUP(Q8/4,0) | S9: 8 | T9: =IF(OR($Q$9=0,S9>$Q$9),0,INT($Q$8/$Q$9)+IF(S9<=MOD($Q$8,$Q$9),1,0)) | U9: =$Q$2-Y8 | V9: =$Q$3-Z8 | W9: =IF(T9=0,0,MIN(U9,MAX(IF(MOD(T9,2)=0,T9/2,IF(U9>=V9,(T9+1)/2,(T9-1)/2)),T9-V9))) | X9: =T9-W9 | Y9: =Y8+W9 | Z9: =Z8+X9 | AB9: 8 | AC9: =IF(OR($Q$11=0,AB9>$Q$11),0,INT($Q$10/$Q$11)+IF(AB9<=MOD($Q$10,$Q$11),1,0)) | AD9: =$Q$4-AH8 | AE9: =$Q$5-AI8 | AF9: =IF(AC9=0,0,MIN(AD9,MAX(IF(MOD(AC9,2)=0,AC9/2,IF(AD9>=AE9,(AC9+1)/2,(AC9-1)/2)),AC9-AE9))) | AG9: =AC9-AF9 | AH9: =AH8+AF9 | AI9: =AI8+AG9 | AK9: =IF(J9="","",IF(J9="男赤",COUNTIF($Y$2:$Y$51,"<"&K9),IF(J9="男白",COUNTIF($Z$2:$Z$51,"<"&K9),IF(J9="女赤",COUNTIF($AH$2:$AH$51,"<"&K9),COUNTIF($AI$2:$AI$51,"<"&K9))))+1) | AL9: =IF(AK9="","",IF(AK9=1,0,IF(J9="男赤",INDEX($Y$2:$Y$51,AK9-1),IF(J9="男白",INDEX($Z$2:$Z$51,AK9-1),IF(J9="女赤",INDEX($AH$2:$AH$51,AK9-1),INDEX($AI$2:$AI$51,AK9-1)))))) | AM9: =IF(AK9="","",IF(RIGHT(J9,1)="赤",K9-AL9,IF(LEFT(J9,1)="男",INDEX($W$2:$W$51,AK9),INDEX($AF$2:$AF$51,AK9))+K9-AL9)) | AN9: =IF(AK9="","",F9&AK9&"-"&AM9) | AO9: =IF(J9="","",F9&D9) | AP9: =IF(J9="","",IF(F9="男",COUNTIF(手直し!$B$6:$E$55,D9),COUNTIF(手直し!$F$6:$I$55,D9))) | AQ9: =IF(AND(J9<>"",AP9=0),1,0) | AR9: =IF(AND(AQ9=1,F9="男"),COUNTIFS($AQ$2:AQ9,1,$F$2:F9,"男"),"") | AS9: =IF(AND(AQ9=1,F9="女"),COUNTIFS($AQ$2:AQ9,1,$F$2:F9,"女"),"")
A10: =ROW()-1 | B10: =INT((A10-1)/37)+1 | C10: =MOD(A10-1,37)+1 | D10: =INDEX(①データ入力!$B$3:$Y$39,C10,(B10-1)*5+1)&"" | E10: =INDEX(①データ入力!$B$3:$Y$39,C10,(B10-1)*5+2)&"" | F10: =IF(OR(E10="1",E10="１",E10="男"),"男",IF(OR(E10="2",E10="２",E10="女"),"女","")) | G10: =INDEX(①データ入力!$B$3:$Y$39,C10,(B10-1)*5+3) | H10: =INDEX(①データ入力!$B$3:$Y$39,C10,(B10-1)*5+4)&"" | I10: =IF(LEFT(TRIM(H10),1)="赤","赤",IF(LEFT(TRIM(H10),1)="白","白","")) | J10: =IF(AND(D10<>"",F10<>"",I10<>"",ISNUMBER(G10)),F10&I10,"") | K10: =IF(J10="","",COUNTIFS($J$2:$J$186,J10,$G$2:$G$186,"<"&G10)+COUNTIFS($J$2:$J$186,J10,$G$2:$G$186,G10,$A$2:$A$186,"<"&A10)+1) | L10: =IF(J10="","",J10&K10) | M10: =B10&"組" | N10: =IF(AND(D10<>"",J10=""),1,0) | P10: 女子人数 | Q10: =Q4+Q5 | S10: 9 | T10: =IF(OR($Q$9=0,S10>$Q$9),0,INT($Q$8/$Q$9)+IF(S10<=MOD($Q$8,$Q$9),1,0)) | U10: =$Q$2-Y9 | V10: =$Q$3-Z9 | W10: =IF(T10=0,0,MIN(U10,MAX(IF(MOD(T10,2)=0,T10/2,IF(U10>=V10,(T10+1)/2,(T10-1)/2)),T10-V10))) | X10: =T10-W10 | Y10: =Y9+W10 | Z10: =Z9+X10 | AB10: 9 | AC10: =IF(OR($Q$11=0,AB10>$Q$11),0,INT($Q$10/$Q$11)+IF(AB10<=MOD($Q$10,$Q$11),1,0)) | AD10: =$Q$4-AH9 | AE10: =$Q$5-AI9 | AF10: =IF(AC10=0,0,MIN(AD10,MAX(IF(MOD(AC10,2)=0,AC10/2,IF(AD10>=AE10,(AC10+1)/2,(AC10-1)/2)),AC10-AE10))) | AG10: =AC10-AF10 | AH10: =AH9+AF10 | AI10: =AI9+AG10 | AK10: =IF(J10="","",IF(J10="男赤",COUNTIF($Y$2:$Y$51,"<"&K10),IF(J10="男白",COUNTIF($Z$2:$Z$51,"<"&K10),IF(J10="女赤",COUNTIF($AH$2:$AH$51,"<"&K10),COUNTIF($AI$2:$AI$51,"<"&K10))))+1) | AL10: =IF(AK10="","",IF(AK10=1,0,IF(J10="男赤",INDEX($Y$2:$Y$51,AK10-1),IF(J10="男白",INDEX($Z$2:$Z$51,AK10-1),IF(J10="女赤",INDEX($AH$2:$AH$51,AK10-1),INDEX($AI$2:$AI$51,AK10-1)))))) | AM10: =IF(AK10="","",IF(RIGHT(J10,1)="赤",K10-AL10,IF(LEFT(J10,1)="男",INDEX($W$2:$W$51,AK10),INDEX($AF$2:$AF$51,AK10))+K10-AL10)) | AN10: =IF(AK10="","",F10&AK10&"-"&AM10) | AO10: =IF(J10="","",F10&D10) | AP10: =IF(J10="","",IF(F10="男",COUNTIF(手直し!$B$6:$E$55,D10),COUNTIF(手直し!$F$6:$I$55,D10))) | AQ10: =IF(AND(J10<>"",AP10=0),1,0) | AR10: =IF(AND(AQ10=1,F10="男"),COUNTIFS($AQ$2:AQ10,1,$F$2:F10,"男"),"") | AS10: =IF(AND(AQ10=1,F10="女"),COUNTIFS($AQ$2:AQ10,1,$F$2:F10,"女"),"")
A11: =ROW()-1 | B11: =INT((A11-1)/37)+1 | C11: =MOD(A11-1,37)+1 | D11: =INDEX(①データ入力!$B$3:$Y$39,C11,(B11-1)*5+1)&"" | E11: =INDEX(①データ入力!$B$3:$Y$39,C11,(B11-1)*5+2)&"" | F11: =IF(OR(E11="1",E11="１",E11="男"),"男",IF(OR(E11="2",E11="２",E11="女"),"女","")) | G11: =INDEX(①データ入力!$B$3:$Y$39,C11,(B11-1)*5+3) | H11: =INDEX(①データ入力!$B$3:$Y$39,C11,(B11-1)*5+4)&"" | I11: =IF(LEFT(TRIM(H11),1)="赤","赤",IF(LEFT(TRIM(H11),1)="白","白","")) | J11: =IF(AND(D11<>"",F11<>"",I11<>"",ISNUMBER(G11)),F11&I11,"") | K11: =IF(J11="","",COUNTIFS($J$2:$J$186,J11,$G$2:$G$186,"<"&G11)+COUNTIFS($J$2:$J$186,J11,$G$2:$G$186,G11,$A$2:$A$186,"<"&A11)+1) | L11: =IF(J11="","",J11&K11) | M11: =B11&"組" | N11: =IF(AND(D11<>"",J11=""),1,0) | P11: 女子組数 | Q11: =ROUNDUP(Q10/4,0) | S11: 10 | T11: =IF(OR($Q$9=0,S11>$Q$9),0,INT($Q$8/$Q$9)+IF(S11<=MOD($Q$8,$Q$9),1,0)) | U11: =$Q$2-Y10 | V11: =$Q$3-Z10 | W11: =IF(T11=0,0,MIN(U11,MAX(IF(MOD(T11,2)=0,T11/2,IF(U11>=V11,(T11+1)/2,(T11-1)/2)),T11-V11))) | X11: =T11-W11 | Y11: =Y10+W11 | Z11: =Z10+X11 | AB11: 10 | AC11: =IF(OR($Q$11=0,AB11>$Q$11),0,INT($Q$10/$Q$11)+IF(AB11<=MOD($Q$10,$Q$11),1,0)) | AD11: =$Q$4-AH10 | AE11: =$Q$5-AI10 | AF11: =IF(AC11=0,0,MIN(AD11,MAX(IF(MOD(AC11,2)=0,AC11/2,IF(AD11>=AE11,(AC11+1)/2,(AC11-1)/2)),AC11-AE11))) | AG11: =AC11-AF11 | AH11: =AH10+AF11 | AI11: =AI10+AG11 | AK11: =IF(J11="","",IF(J11="男赤",COUNTIF($Y$2:$Y$51,"<"&K11),IF(J11="男白",COUNTIF($Z$2:$Z$51,"<"&K11),IF(J11="女赤",COUNTIF($AH$2:$AH$51,"<"&K11),COUNTIF($AI$2:$AI$51,"<"&K11))))+1) | AL11: =IF(AK11="","",IF(AK11=1,0,IF(J11="男赤",INDEX($Y$2:$Y$51,AK11-1),IF(J11="男白",INDEX($Z$2:$Z$51,AK11-1),IF(J11="女赤",INDEX($AH$2:$AH$51,AK11-1),INDEX($AI$2:$AI$51,AK11-1)))))) | AM11: =IF(AK11="","",IF(RIGHT(J11,1)="赤",K11-AL11,IF(LEFT(J11,1)="男",INDEX($W$2:$W$51,AK11),INDEX($AF$2:$AF$51,AK11))+K11-AL11)) | AN11: =IF(AK11="","",F11&AK11&"-"&AM11) | AO11: =IF(J11="","",F11&D11) | AP11: =IF(J11="","",IF(F11="男",COUNTIF(手直し!$B$6:$E$55,D11),COUNTIF(手直し!$F$6:$I$55,D11))) | AQ11: =IF(AND(J11<>"",AP11=0),1,0) | AR11: =IF(AND(AQ11=1,F11="男"),COUNTIFS($AQ$2:AQ11,1,$F$2:F11,"男"),"") | AS11: =IF(AND(AQ11=1,F11="女"),COUNTIFS($AQ$2:AQ11,1,$F$2:F11,"女"),"")
A12: =ROW()-1 | B12: =INT((A12-1)/37)+1 | C12: =MOD(A12-1,37)+1 | D12: =INDEX(①データ入力!$B$3:$Y$39,C12,(B12-1)*5+1)&"" | E12: =INDEX(①データ入力!$B$3:$Y$39,C12,(B12-1)*5+2)&"" | F12: =IF(OR(E12="1",E12="１",E12="男"),"男",IF(OR(E12="2",E12="２",E12="女"),"女","")) | G12: =INDEX(①データ入力!$B$3:$Y$39,C12,(B12-1)*5+3) | H12: =INDEX(①データ入力!$B$3:$Y$39,C12,(B12-1)*5+4)&"" | I12: =IF(LEFT(TRIM(H12),1)="赤","赤",IF(LEFT(TRIM(H12),1)="白","白","")) | J12: =IF(AND(D12<>"",F12<>"",I12<>"",ISNUMBER(G12)),F12&I12,"") | K12: =IF(J12="","",COUNTIFS($J$2:$J$186,J12,$G$2:$G$186,"<"&G12)+COUNTIFS($J$2:$J$186,J12,$G$2:$G$186,G12,$A$2:$A$186,"<"&A12)+1) | L12: =IF(J12="","",J12&K12) | M12: =B12&"組" | N12: =IF(AND(D12<>"",J12=""),1,0) | S12: 11 | T12: =IF(OR($Q$9=0,S12>$Q$9),0,INT($Q$8/$Q$9)+IF(S12<=MOD($Q$8,$Q$9),1,0)) | U12: =$Q$2-Y11 | V12: =$Q$3-Z11 | W12: =IF(T12=0,0,MIN(U12,MAX(IF(MOD(T12,2)=0,T12/2,IF(U12>=V12,(T12+1)/2,(T12-1)/2)),T12-V12))) | X12: =T12-W12 | Y12: =Y11+W12 | Z12: =Z11+X12 | AB12: 11 | AC12: =IF(OR($Q$11=0,AB12>$Q$11),0,INT($Q$10/$Q$11)+IF(AB12<=MOD($Q$10,$Q$11),1,0)) | AD12: =$Q$4-AH11 | AE12: =$Q$5-AI11 | AF12: =IF(AC12=0,0,MIN(AD12,MAX(IF(MOD(AC12,2)=0,AC12/2,IF(AD12>=AE12,(AC12+1)/2,(AC12-1)/2)),AC12-AE12))) | AG12: =AC12-AF12 | AH12: =AH11+AF12 | AI12: =AI11+AG12 | AK12: =IF(J12="","",IF(J12="男赤",COUNTIF($Y$2:$Y$51,"<"&K12),IF(J12="男白",COUNTIF($Z$2:$Z$51,"<"&K12),IF(J12="女赤",COUNTIF($AH$2:$AH$51,"<"&K12),COUNTIF($AI$2:$AI$51,"<"&K12))))+1) | AL12: =IF(AK12="","",IF(AK12=1,0,IF(J12="男赤",INDEX($Y$2:$Y$51,AK12-1),IF(J12="男白",INDEX($Z$2:$Z$51,AK12-1),IF(J12="女赤",INDEX($AH$2:$AH$51,AK12-1),INDEX($AI$2:$AI$51,AK12-1)))))) | AM12: =IF(AK12="","",IF(RIGHT(J12,1)="赤",K12-AL12,IF(LEFT(J12,1)="男",INDEX($W$2:$W$51,AK12),INDEX($AF$2:$AF$51,AK12))+K12-AL12)) | AN12: =IF(AK12="","",F12&AK12&"-"&AM12) | AO12: =IF(J12="","",F12&D12) | AP12: =IF(J12="","",IF(F12="男",COUNTIF(手直し!$B$6:$E$55,D12),COUNTIF(手直し!$F$6:$I$55,D12))) | AQ12: =IF(AND(J12<>"",AP12=0),1,0) | AR12: =IF(AND(AQ12=1,F12="男"),COUNTIFS($AQ$2:AQ12,1,$F$2:F12,"男"),"") | AS12: =IF(AND(AQ12=1,F12="女"),COUNTIFS($AQ$2:AQ12,1,$F$2:F12,"女"),"")
A13: =ROW()-1 | B13: =INT((A13-1)/37)+1 | C13: =MOD(A13-1,37)+1 | D13: =INDEX(①データ入力!$B$3:$Y$39,C13,(B13-1)*5+1)&"" | E13: =INDEX(①データ入力!$B$3:$Y$39,C13,(B13-1)*5+2)&"" | F13: =IF(OR(E13="1",E13="１",E13="男"),"男",IF(OR(E13="2",E13="２",E13="女"),"女","")) | G13: =INDEX(①データ入力!$B$3:$Y$39,C13,(B13-1)*5+3) | H13: =INDEX(①データ入力!$B$3:$Y$39,C13,(B13-1)*5+4)&"" | I13: =IF(LEFT(TRIM(H13),1)="赤","赤",IF(LEFT(TRIM(H13),1)="白","白","")) | J13: =IF(AND(D13<>"",F13<>"",I13<>"",ISNUMBER(G13)),F13&I13,"") | K13: =IF(J13="","",COUNTIFS($J$2:$J$186,J13,$G$2:$G$186,"<"&G13)+COUNTIFS($J$2:$J$186,J13,$G$2:$G$186,G13,$A$2:$A$186,"<"&A13)+1) | L13: =IF(J13="","",J13&K13) | M13: =B13&"組" | N13: =IF(AND(D13<>"",J13=""),1,0) | P13: 男子決定組数 | Q13: =SUMPRODUCT(MAX((手直し!$B$6:$E$55<>"")*(ROW(手直し!$B$6:$E$55)-5))) | S13: 12 | T13: =IF(OR($Q$9=0,S13>$Q$9),0,INT($Q$8/$Q$9)+IF(S13<=MOD($Q$8,$Q$9),1,0)) | U13: =$Q$2-Y12 | V13: =$Q$3-Z12 | W13: =IF(T13=0,0,MIN(U13,MAX(IF(MOD(T13,2)=0,T13/2,IF(U13>=V13,(T13+1)/2,(T13-1)/2)),T13-V13))) | X13: =T13-W13 | Y13: =Y12+W13 | Z13: =Z12+X13 | AB13: 12 | AC13: =IF(OR($Q$11=0,AB13>$Q$11),0,INT($Q$10/$Q$11)+IF(AB13<=MOD($Q$10,$Q$11),1,0)) | AD13: =$Q$4-AH12 | AE13: =$Q$5-AI12 | AF13: =IF(AC13=0,0,MIN(AD13,MAX(IF(MOD(AC13,2)=0,AC13/2,IF(AD13>=AE13,(AC13+1)/2,(AC13-1)/2)),AC13-AE13))) | AG13: =AC13-AF13 | AH13: =AH12+AF13 | AI13: =AI12+AG13 | AK13: =IF(J13="","",IF(J13="男赤",COUNTIF($Y$2:$Y$51,"<"&K13),IF(J13="男白",COUNTIF($Z$2:$Z$51,"<"&K13),IF(J13="女赤",COUNTIF($AH$2:$AH$51,"<"&K13),COUNTIF($AI$2:$AI$51,"<"&K13))))+1) | AL13: =IF(AK13="","",IF(AK13=1,0,IF(J13="男赤",INDEX($Y$2:$Y$51,AK13-1),IF(J13="男白",INDEX($Z$2:$Z$51,AK13-1),IF(J13="女赤",INDEX($AH$2:$AH$51,AK13-1),INDEX($AI$2:$AI$51,AK13-1)))))) | AM13: =IF(AK13="","",IF(RIGHT(J13,1)="赤",K13-AL13,IF(LEFT(J13,1)="男",INDEX($W$2:$W$51,AK13),INDEX($AF$2:$AF$51,AK13))+K13-AL13)) | AN13: =IF(AK13="","",F13&AK13&"-"&AM13) | AO13: =IF(J13="","",F13&D13) | AP13: =IF(J13="","",IF(F13="男",COUNTIF(手直し!$B$6:$E$55,D13),COUNTIF(手直し!$F$6:$I$55,D13))) | AQ13: =IF(AND(J13<>"",AP13=0),1,0) | AR13: =IF(AND(AQ13=1,F13="男"),COUNTIFS($AQ$2:AQ13,1,$F$2:F13,"男"),"") | AS13: =IF(AND(AQ13=1,F13="女"),COUNTIFS($AQ$2:AQ13,1,$F$2:F13,"女"),"")
A14: =ROW()-1 | B14: =INT((A14-1)/37)+1 | C14: =MOD(A14-1,37)+1 | D14: =INDEX(①データ入力!$B$3:$Y$39,C14,(B14-1)*5+1)&"" | E14: =INDEX(①データ入力!$B$3:$Y$39,C14,(B14-1)*5+2)&"" | F14: =IF(OR(E14="1",E14="１",E14="男"),"男",IF(OR(E14="2",E14="２",E14="女"),"女","")) | G14: =INDEX(①データ入力!$B$3:$Y$39,C14,(B14-1)*5+3) | H14: =INDEX(①データ入力!$B$3:$Y$39,C14,(B14-1)*5+4)&"" | I14: =IF(LEFT(TRIM(H14),1)="赤","赤",IF(LEFT(TRIM(H14),1)="白","白","")) | J14: =IF(AND(D14<>"",F14<>"",I14<>"",ISNUMBER(G14)),F14&I14,"") | K14: =IF(J14="","",COUNTIFS($J$2:$J$186,J14,$G$2:$G$186,"<"&G14)+COUNTIFS($J$2:$J$186,J14,$G$2:$G$186,G14,$A$2:$A$186,"<"&A14)+1) | L14: =IF(J14="","",J14&K14) | M14: =B14&"組" | N14: =IF(AND(D14<>"",J14=""),1,0) | P14: 女子決定組数 | Q14: =SUMPRODUCT(MAX((手直し!$F$6:$I$55<>"")*(ROW(手直し!$F$6:$I$55)-5))) | S14: 13 | T14: =IF(OR($Q$9=0,S14>$Q$9),0,INT($Q$8/$Q$9)+IF(S14<=MOD($Q$8,$Q$9),1,0)) | U14: =$Q$2-Y13 | V14: =$Q$3-Z13 | W14: =IF(T14=0,0,MIN(U14,MAX(IF(MOD(T14,2)=0,T14/2,IF(U14>=V14,(T14+1)/2,(T14-1)/2)),T14-V14))) | X14: =T14-W14 | Y14: =Y13+W14 | Z14: =Z13+X14 | AB14: 13 | AC14: =IF(OR($Q$11=0,AB14>$Q$11),0,INT($Q$10/$Q$11)+IF(AB14<=MOD($Q$10,$Q$11),1,0)) | AD14: =$Q$4-AH13 | AE14: =$Q$5-AI13 | AF14: =IF(AC14=0,0,MIN(AD14,MAX(IF(MOD(AC14,2)=0,AC14/2,IF(AD14>=AE14,(AC14+1)/2,(AC14-1)/2)),AC14-AE14))) | AG14: =AC14-AF14 | AH14: =AH13+AF14 | AI14: =AI13+AG14 | AK14: =IF(J14="","",IF(J14="男赤",COUNTIF($Y$2:$Y$51,"<"&K14),IF(J14="男白",COUNTIF($Z$2:$Z$51,"<"&K14),IF(J14="女赤",COUNTIF($AH$2:$AH$51,"<"&K14),COUNTIF($AI$2:$AI$51,"<"&K14))))+1) | AL14: =IF(AK14="","",IF(AK14=1,0,IF(J14="男赤",INDEX($Y$2:$Y$51,AK14-1),IF(J14="男白",INDEX($Z$2:$Z$51,AK14-1),IF(J14="女赤",INDEX($AH$2:$AH$51,AK14-1),INDEX($AI$2:$AI$51,AK14-1)))))) | AM14: =IF(AK14="","",IF(RIGHT(J14,1)="赤",K14-AL14,IF(LEFT(J14,1)="男",INDEX($W$2:$W$51,AK14),INDEX($AF$2:$AF$51,AK14))+K14-AL14)) | AN14: =IF(AK14="","",F14&AK14&"-"&AM14) | AO14: =IF(J14="","",F14&D14) | AP14: =IF(J14="","",IF(F14="男",COUNTIF(手直し!$B$6:$E$55,D14),COUNTIF(手直し!$F$6:$I$55,D14))) | AQ14: =IF(AND(J14<>"",AP14=0),1,0) | AR14: =IF(AND(AQ14=1,F14="男"),COUNTIFS($AQ$2:AQ14,1,$F$2:F14,"男"),"") | AS14: =IF(AND(AQ14=1,F14="女"),COUNTIFS($AQ$2:AQ14,1,$F$2:F14,"女"),"")
A15: =ROW()-1 | B15: =INT((A15-1)/37)+1 | C15: =MOD(A15-1,37)+1 | D15: =INDEX(①データ入力!$B$3:$Y$39,C15,(B15-1)*5+1)&"" | E15: =INDEX(①データ入力!$B$3:$Y$39,C15,(B15-1)*5+2)&"" | F15: =IF(OR(E15="1",E15="１",E15="男"),"男",IF(OR(E15="2",E15="２",E15="女"),"女","")) | G15: =INDEX(①データ入力!$B$3:$Y$39,C15,(B15-1)*5+3) | H15: =INDEX(①データ入力!$B$3:$Y$39,C15,(B15-1)*5+4)&"" | I15: =IF(LEFT(TRIM(H15),1)="赤","赤",IF(LEFT(TRIM(H15),1)="白","白","")) | J15: =IF(AND(D15<>"",F15<>"",I15<>"",ISNUMBER(G15)),F15&I15,"") | K15: =IF(J15="","",COUNTIFS($J$2:$J$186,J15,$G$2:$G$186,"<"&G15)+COUNTIFS($J$2:$J$186,J15,$G$2:$G$186,G15,$A$2:$A$186,"<"&A15)+1) | L15: =IF(J15="","",J15&K15) | M15: =B15&"組" | N15: =IF(AND(D15<>"",J15=""),1,0) | P15: 男子確認の数 | Q15: =Q17+Q19+Q21+Q23 | S15: 14 | T15: =IF(OR($Q$9=0,S15>$Q$9),0,INT($Q$8/$Q$9)+IF(S15<=MOD($Q$8,$Q$9),1,0)) | U15: =$Q$2-Y14 | V15: =$Q$3-Z14 | W15: =IF(T15=0,0,MIN(U15,MAX(IF(MOD(T15,2)=0,T15/2,IF(U15>=V15,(T15+1)/2,(T15-1)/2)),T15-V15))) | X15: =T15-W15 | Y15: =Y14+W15 | Z15: =Z14+X15 | AB15: 14 | AC15: =IF(OR($Q$11=0,AB15>$Q$11),0,INT($Q$10/$Q$11)+IF(AB15<=MOD($Q$10,$Q$11),1,0)) | AD15: =$Q$4-AH14 | AE15: =$Q$5-AI14 | AF15: =IF(AC15=0,0,MIN(AD15,MAX(IF(MOD(AC15,2)=0,AC15/2,IF(AD15>=AE15,(AC15+1)/2,(AC15-1)/2)),AC15-AE15))) | AG15: =AC15-AF15 | AH15: =AH14+AF15 | AI15: =AI14+AG15 | AK15: =IF(J15="","",IF(J15="男赤",COUNTIF($Y$2:$Y$51,"<"&K15),IF(J15="男白",COUNTIF($Z$2:$Z$51,"<"&K15),IF(J15="女赤",COUNTIF($AH$2:$AH$51,"<"&K15),COUNTIF($AI$2:$AI$51,"<"&K15))))+1) | AL15: =IF(AK15="","",IF(AK15=1,0,IF(J15="男赤",INDEX($Y$2:$Y$51,AK15-1),IF(J15="男白",INDEX($Z$2:$Z$51,AK15-1),IF(J15="女赤",INDEX($AH$2:$AH$51,AK15-1),INDEX($AI$2:$AI$51,AK15-1)))))) | AM15: =IF(AK15="","",IF(RIGHT(J15,1)="赤",K15-AL15,IF(LEFT(J15,1)="男",INDEX($W$2:$W$51,AK15),INDEX($AF$2:$AF$51,AK15))+K15-AL15)) | AN15: =IF(AK15="","",F15&AK15&"-"&AM15) | AO15: =IF(J15="","",F15&D15) | AP15: =IF(J15="","",IF(F15="男",COUNTIF(手直し!$B$6:$E$55,D15),COUNTIF(手直し!$F$6:$I$55,D15))) | AQ15: =IF(AND(J15<>"",AP15=0),1,0) | AR15: =IF(AND(AQ15=1,F15="男"),COUNTIFS($AQ$2:AQ15,1,$F$2:F15,"男"),"") | AS15: =IF(AND(AQ15=1,F15="女"),COUNTIFS($AQ$2:AQ15,1,$F$2:F15,"女"),"")
A16: =ROW()-1 | B16: =INT((A16-1)/37)+1 | C16: =MOD(A16-1,37)+1 | D16: =INDEX(①データ入力!$B$3:$Y$39,C16,(B16-1)*5+1)&"" | E16: =INDEX(①データ入力!$B$3:$Y$39,C16,(B16-1)*5+2)&"" | F16: =IF(OR(E16="1",E16="１",E16="男"),"男",IF(OR(E16="2",E16="２",E16="女"),"女","")) | G16: =INDEX(①データ入力!$B$3:$Y$39,C16,(B16-1)*5+3) | H16: =INDEX(①データ入力!$B$3:$Y$39,C16,(B16-1)*5+4)&"" | I16: =IF(LEFT(TRIM(H16),1)="赤","赤",IF(LEFT(TRIM(H16),1)="白","白","")) | J16: =IF(AND(D16<>"",F16<>"",I16<>"",ISNUMBER(G16)),F16&I16,"") | K16: =IF(J16="","",COUNTIFS($J$2:$J$186,J16,$G$2:$G$186,"<"&G16)+COUNTIFS($J$2:$J$186,J16,$G$2:$G$186,G16,$A$2:$A$186,"<"&A16)+1) | L16: =IF(J16="","",J16&K16) | M16: =B16&"組" | N16: =IF(AND(D16<>"",J16=""),1,0) | P16: 女子確認の数 | Q16: =Q18+Q20+Q22+Q24 | S16: 15 | T16: =IF(OR($Q$9=0,S16>$Q$9),0,INT($Q$8/$Q$9)+IF(S16<=MOD($Q$8,$Q$9),1,0)) | U16: =$Q$2-Y15 | V16: =$Q$3-Z15 | W16: =IF(T16=0,0,MIN(U16,MAX(IF(MOD(T16,2)=0,T16/2,IF(U16>=V16,(T16+1)/2,(T16-1)/2)),T16-V16))) | X16: =T16-W16 | Y16: =Y15+W16 | Z16: =Z15+X16 | AB16: 15 | AC16: =IF(OR($Q$11=0,AB16>$Q$11),0,INT($Q$10/$Q$11)+IF(AB16<=MOD($Q$10,$Q$11),1,0)) | AD16: =$Q$4-AH15 | AE16: =$Q$5-AI15 | AF16: =IF(AC16=0,0,MIN(AD16,MAX(IF(MOD(AC16,2)=0,AC16/2,IF(AD16>=AE16,(AC16+1)/2,(AC16-1)/2)),AC16-AE16))) | AG16: =AC16-AF16 | AH16: =AH15+AF16 | AI16: =AI15+AG16 | AK16: =IF(J16="","",IF(J16="男赤",COUNTIF($Y$2:$Y$51,"<"&K16),IF(J16="男白",COUNTIF($Z$2:$Z$51,"<"&K16),IF(J16="女赤",COUNTIF($AH$2:$AH$51,"<"&K16),COUNTIF($AI$2:$AI$51,"<"&K16))))+1) | AL16: =IF(AK16="","",IF(AK16=1,0,IF(J16="男赤",INDEX($Y$2:$Y$51,AK16-1),IF(J16="男白",INDEX($Z$2:$Z$51,AK16-1),IF(J16="女赤",INDEX($AH$2:$AH$51,AK16-1),INDEX($AI$2:$AI$51,AK16-1)))))) | AM16: =IF(AK16="","",IF(RIGHT(J16,1)="赤",K16-AL16,IF(LEFT(J16,1)="男",INDEX($W$2:$W$51,AK16),INDEX($AF$2:$AF$51,AK16))+K16-AL16)) | AN16: =IF(AK16="","",F16&AK16&"-"&AM16) | AO16: =IF(J16="","",F16&D16) | AP16: =IF(J16="","",IF(F16="男",COUNTIF(手直し!$B$6:$E$55,D16),COUNTIF(手直し!$F$6:$I$55,D16))) | AQ16: =IF(AND(J16<>"",AP16=0),1,0) | AR16: =IF(AND(AQ16=1,F16="男"),COUNTIFS($AQ$2:AQ16,1,$F$2:F16,"男"),"") | AS16: =IF(AND(AQ16=1,F16="女"),COUNTIFS($AQ$2:AQ16,1,$F$2:F16,"女"),"")
A17: =ROW()-1 | B17: =INT((A17-1)/37)+1 | C17: =MOD(A17-1,37)+1 | D17: =INDEX(①データ入力!$B$3:$Y$39,C17,(B17-1)*5+1)&"" | E17: =INDEX(①データ入力!$B$3:$Y$39,C17,(B17-1)*5+2)&"" | F17: =IF(OR(E17="1",E17="１",E17="男"),"男",IF(OR(E17="2",E17="２",E17="女"),"女","")) | G17: =INDEX(①データ入力!$B$3:$Y$39,C17,(B17-1)*5+3) | H17: =INDEX(①データ入力!$B$3:$Y$39,C17,(B17-1)*5+4)&"" | I17: =IF(LEFT(TRIM(H17),1)="赤","赤",IF(LEFT(TRIM(H17),1)="白","白","")) | J17: =IF(AND(D17<>"",F17<>"",I17<>"",ISNUMBER(G17)),F17&I17,"") | K17: =IF(J17="","",COUNTIFS($J$2:$J$186,J17,$G$2:$G$186,"<"&G17)+COUNTIFS($J$2:$J$186,J17,$G$2:$G$186,G17,$A$2:$A$186,"<"&A17)+1) | L17: =IF(J17="","",J17&K17) | M17: =B17&"組" | N17: =IF(AND(D17<>"",J17=""),1,0) | P17: 男子入っていない | Q17: =COUNTIFS($AQ$2:$AQ$186,1,$F$2:$F$186,"男") | S17: 16 | T17: =IF(OR($Q$9=0,S17>$Q$9),0,INT($Q$8/$Q$9)+IF(S17<=MOD($Q$8,$Q$9),1,0)) | U17: =$Q$2-Y16 | V17: =$Q$3-Z16 | W17: =IF(T17=0,0,MIN(U17,MAX(IF(MOD(T17,2)=0,T17/2,IF(U17>=V17,(T17+1)/2,(T17-1)/2)),T17-V17))) | X17: =T17-W17 | Y17: =Y16+W17 | Z17: =Z16+X17 | AB17: 16 | AC17: =IF(OR($Q$11=0,AB17>$Q$11),0,INT($Q$10/$Q$11)+IF(AB17<=MOD($Q$10,$Q$11),1,0)) | AD17: =$Q$4-AH16 | AE17: =$Q$5-AI16 | AF17: =IF(AC17=0,0,MIN(AD17,MAX(IF(MOD(AC17,2)=0,AC17/2,IF(AD17>=AE17,(AC17+1)/2,(AC17-1)/2)),AC17-AE17))) | AG17: =AC17-AF17 | AH17: =AH16+AF17 | AI17: =AI16+AG17 | AK17: =IF(J17="","",IF(J17="男赤",COUNTIF($Y$2:$Y$51,"<"&K17),IF(J17="男白",COUNTIF($Z$2:$Z$51,"<"&K17),IF(J17="女赤",COUNTIF($AH$2:$AH$51,"<"&K17),COUNTIF($AI$2:$AI$51,"<"&K17))))+1) | AL17: =IF(AK17="","",IF(AK17=1,0,IF(J17="男赤",INDEX($Y$2:$Y$51,AK17-1),IF(J17="男白",INDEX($Z$2:$Z$51,AK17-1),IF(J17="女赤",INDEX($AH$2:$AH$51,AK17-1),INDEX($AI$2:$AI$51,AK17-1)))))) | AM17: =IF(AK17="","",IF(RIGHT(J17,1)="赤",K17-AL17,IF(LEFT(J17,1)="男",INDEX($W$2:$W$51,AK17),INDEX($AF$2:$AF$51,AK17))+K17-AL17)) | AN17: =IF(AK17="","",F17&AK17&"-"&AM17) | AO17: =IF(J17="","",F17&D17) | AP17: =IF(J17="","",IF(F17="男",COUNTIF(手直し!$B$6:$E$55,D17),COUNTIF(手直し!$F$6:$I$55,D17))) | AQ17: =IF(AND(J17<>"",AP17=0),1,0) | AR17: =IF(AND(AQ17=1,F17="男"),COUNTIFS($AQ$2:AQ17,1,$F$2:F17,"男"),"") | AS17: =IF(AND(AQ17=1,F17="女"),COUNTIFS($AQ$2:AQ17,1,$F$2:F17,"女"),"")
A18: =ROW()-1 | B18: =INT((A18-1)/37)+1 | C18: =MOD(A18-1,37)+1 | D18: =INDEX(①データ入力!$B$3:$Y$39,C18,(B18-1)*5+1)&"" | E18: =INDEX(①データ入力!$B$3:$Y$39,C18,(B18-1)*5+2)&"" | F18: =IF(OR(E18="1",E18="１",E18="男"),"男",IF(OR(E18="2",E18="２",E18="女"),"女","")) | G18: =INDEX(①データ入力!$B$3:$Y$39,C18,(B18-1)*5+3) | H18: =INDEX(①データ入力!$B$3:$Y$39,C18,(B18-1)*5+4)&"" | I18: =IF(LEFT(TRIM(H18),1)="赤","赤",IF(LEFT(TRIM(H18),1)="白","白","")) | J18: =IF(AND(D18<>"",F18<>"",I18<>"",ISNUMBER(G18)),F18&I18,"") | K18: =IF(J18="","",COUNTIFS($J$2:$J$186,J18,$G$2:$G$186,"<"&G18)+COUNTIFS($J$2:$J$186,J18,$G$2:$G$186,G18,$A$2:$A$186,"<"&A18)+1) | L18: =IF(J18="","",J18&K18) | M18: =B18&"組" | N18: =IF(AND(D18<>"",J18=""),1,0) | P18: 女子入っていない | Q18: =COUNTIFS($AQ$2:$AQ$186,1,$F$2:$F$186,"女") | S18: 17 | T18: =IF(OR($Q$9=0,S18>$Q$9),0,INT($Q$8/$Q$9)+IF(S18<=MOD($Q$8,$Q$9),1,0)) | U18: =$Q$2-Y17 | V18: =$Q$3-Z17 | W18: =IF(T18=0,0,MIN(U18,MAX(IF(MOD(T18,2)=0,T18/2,IF(U18>=V18,(T18+1)/2,(T18-1)/2)),T18-V18))) | X18: =T18-W18 | Y18: =Y17+W18 | Z18: =Z17+X18 | AB18: 17 | AC18: =IF(OR($Q$11=0,AB18>$Q$11),0,INT($Q$10/$Q$11)+IF(AB18<=MOD($Q$10,$Q$11),1,0)) | AD18: =$Q$4-AH17 | AE18: =$Q$5-AI17 | AF18: =IF(AC18=0,0,MIN(AD18,MAX(IF(MOD(AC18,2)=0,AC18/2,IF(AD18>=AE18,(AC18+1)/2,(AC18-1)/2)),AC18-AE18))) | AG18: =AC18-AF18 | AH18: =AH17+AF18 | AI18: =AI17+AG18 | AK18: =IF(J18="","",IF(J18="男赤",COUNTIF($Y$2:$Y$51,"<"&K18),IF(J18="男白",COUNTIF($Z$2:$Z$51,"<"&K18),IF(J18="女赤",COUNTIF($AH$2:$AH$51,"<"&K18),COUNTIF($AI$2:$AI$51,"<"&K18))))+1) | AL18: =IF(AK18="","",IF(AK18=1,0,IF(J18="男赤",INDEX($Y$2:$Y$51,AK18-1),IF(J18="男白",INDEX($Z$2:$Z$51,AK18-1),IF(J18="女赤",INDEX($AH$2:$AH$51,AK18-1),INDEX($AI$2:$AI$51,AK18-1)))))) | AM18: =IF(AK18="","",IF(RIGHT(J18,1)="赤",K18-AL18,IF(LEFT(J18,1)="男",INDEX($W$2:$W$51,AK18),INDEX($AF$2:$AF$51,AK18))+K18-AL18)) | AN18: =IF(AK18="","",F18&AK18&"-"&AM18) | AO18: =IF(J18="","",F18&D18) | AP18: =IF(J18="","",IF(F18="男",COUNTIF(手直し!$B$6:$E$55,D18),COUNTIF(手直し!$F$6:$I$55,D18))) | AQ18: =IF(AND(J18<>"",AP18=0),1,0) | AR18: =IF(AND(AQ18=1,F18="男"),COUNTIFS($AQ$2:AQ18,1,$F$2:F18,"男"),"") | AS18: =IF(AND(AQ18=1,F18="女"),COUNTIFS($AQ$2:AQ18,1,$F$2:F18,"女"),"")
A19: =ROW()-1 | B19: =INT((A19-1)/37)+1 | C19: =MOD(A19-1,37)+1 | D19: =INDEX(①データ入力!$B$3:$Y$39,C19,(B19-1)*5+1)&"" | E19: =INDEX(①データ入力!$B$3:$Y$39,C19,(B19-1)*5+2)&"" | F19: =IF(OR(E19="1",E19="１",E19="男"),"男",IF(OR(E19="2",E19="２",E19="女"),"女","")) | G19: =INDEX(①データ入力!$B$3:$Y$39,C19,(B19-1)*5+3) | H19: =INDEX(①データ入力!$B$3:$Y$39,C19,(B19-1)*5+4)&"" | I19: =IF(LEFT(TRIM(H19),1)="赤","赤",IF(LEFT(TRIM(H19),1)="白","白","")) | J19: =IF(AND(D19<>"",F19<>"",I19<>"",ISNUMBER(G19)),F19&I19,"") | K19: =IF(J19="","",COUNTIFS($J$2:$J$186,J19,$G$2:$G$186,"<"&G19)+COUNTIFS($J$2:$J$186,J19,$G$2:$G$186,G19,$A$2:$A$186,"<"&A19)+1) | L19: =IF(J19="","",J19&K19) | M19: =B19&"組" | N19: =IF(AND(D19<>"",J19=""),1,0) | P19: 男子2回以上 | Q19: =COUNTIFS($AP$2:$AP$186,">1",$F$2:$F$186,"男") | S19: 18 | T19: =IF(OR($Q$9=0,S19>$Q$9),0,INT($Q$8/$Q$9)+IF(S19<=MOD($Q$8,$Q$9),1,0)) | U19: =$Q$2-Y18 | V19: =$Q$3-Z18 | W19: =IF(T19=0,0,MIN(U19,MAX(IF(MOD(T19,2)=0,T19/2,IF(U19>=V19,(T19+1)/2,(T19-1)/2)),T19-V19))) | X19: =T19-W19 | Y19: =Y18+W19 | Z19: =Z18+X19 | AB19: 18 | AC19: =IF(OR($Q$11=0,AB19>$Q$11),0,INT($Q$10/$Q$11)+IF(AB19<=MOD($Q$10,$Q$11),1,0)) | AD19: =$Q$4-AH18 | AE19: =$Q$5-AI18 | AF19: =IF(AC19=0,0,MIN(AD19,MAX(IF(MOD(AC19,2)=0,AC19/2,IF(AD19>=AE19,(AC19+1)/2,(AC19-1)/2)),AC19-AE19))) | AG19: =AC19-AF19 | AH19: =AH18+AF19 | AI19: =AI18+AG19 | AK19: =IF(J19="","",IF(J19="男赤",COUNTIF($Y$2:$Y$51,"<"&K19),IF(J19="男白",COUNTIF($Z$2:$Z$51,"<"&K19),IF(J19="女赤",COUNTIF($AH$2:$AH$51,"<"&K19),COUNTIF($AI$2:$AI$51,"<"&K19))))+1) | AL19: =IF(AK19="","",IF(AK19=1,0,IF(J19="男赤",INDEX($Y$2:$Y$51,AK19-1),IF(J19="男白",INDEX($Z$2:$Z$51,AK19-1),IF(J19="女赤",INDEX($AH$2:$AH$51,AK19-1),INDEX($AI$2:$AI$51,AK19-1)))))) | AM19: =IF(AK19="","",IF(RIGHT(J19,1)="赤",K19-AL19,IF(LEFT(J19,1)="男",INDEX($W$2:$W$51,AK19),INDEX($AF$2:$AF$51,AK19))+K19-AL19)) | AN19: =IF(AK19="","",F19&AK19&"-"&AM19) | AO19: =IF(J19="","",F19&D19) | AP19: =IF(J19="","",IF(F19="男",COUNTIF(手直し!$B$6:$E$55,D19),COUNTIF(手直し!$F$6:$I$55,D19))) | AQ19: =IF(AND(J19<>"",AP19=0),1,0) | AR19: =IF(AND(AQ19=1,F19="男"),COUNTIFS($AQ$2:AQ19,1,$F$2:F19,"男"),"") | AS19: =IF(AND(AQ19=1,F19="女"),COUNTIFS($AQ$2:AQ19,1,$F$2:F19,"女"),"")
A20: =ROW()-1 | B20: =INT((A20-1)/37)+1 | C20: =MOD(A20-1,37)+1 | D20: =INDEX(①データ入力!$B$3:$Y$39,C20,(B20-1)*5+1)&"" | E20: =INDEX(①データ入力!$B$3:$Y$39,C20,(B20-1)*5+2)&"" | F20: =IF(OR(E20="1",E20="１",E20="男"),"男",IF(OR(E20="2",E20="２",E20="女"),"女","")) | G20: =INDEX(①データ入力!$B$3:$Y$39,C20,(B20-1)*5+3) | H20: =INDEX(①データ入力!$B$3:$Y$39,C20,(B20-1)*5+4)&"" | I20: =IF(LEFT(TRIM(H20),1)="赤","赤",IF(LEFT(TRIM(H20),1)="白","白","")) | J20: =IF(AND(D20<>"",F20<>"",I20<>"",ISNUMBER(G20)),F20&I20,"") | K20: =IF(J20="","",COUNTIFS($J$2:$J$186,J20,$G$2:$G$186,"<"&G20)+COUNTIFS($J$2:$J$186,J20,$G$2:$G$186,G20,$A$2:$A$186,"<"&A20)+1) | L20: =IF(J20="","",J20&K20) | M20: =B20&"組" | N20: =IF(AND(D20<>"",J20=""),1,0) | P20: 女子2回以上 | Q20: =COUNTIFS($AP$2:$AP$186,">1",$F$2:$F$186,"女") | S20: 19 | T20: =IF(OR($Q$9=0,S20>$Q$9),0,INT($Q$8/$Q$9)+IF(S20<=MOD($Q$8,$Q$9),1,0)) | U20: =$Q$2-Y19 | V20: =$Q$3-Z19 | W20: =IF(T20=0,0,MIN(U20,MAX(IF(MOD(T20,2)=0,T20/2,IF(U20>=V20,(T20+1)/2,(T20-1)/2)),T20-V20))) | X20: =T20-W20 | Y20: =Y19+W20 | Z20: =Z19+X20 | AB20: 19 | AC20: =IF(OR($Q$11=0,AB20>$Q$11),0,INT($Q$10/$Q$11)+IF(AB20<=MOD($Q$10,$Q$11),1,0)) | AD20: =$Q$4-AH19 | AE20: =$Q$5-AI19 | AF20: =IF(AC20=0,0,MIN(AD20,MAX(IF(MOD(AC20,2)=0,AC20/2,IF(AD20>=AE20,(AC20+1)/2,(AC20-1)/2)),AC20-AE20))) | AG20: =AC20-AF20 | AH20: =AH19+AF20 | AI20: =AI19+AG20 | AK20: =IF(J20="","",IF(J20="男赤",COUNTIF($Y$2:$Y$51,"<"&K20),IF(J20="男白",COUNTIF($Z$2:$Z$51,"<"&K20),IF(J20="女赤",COUNTIF($AH$2:$AH$51,"<"&K20),COUNTIF($AI$2:$AI$51,"<"&K20))))+1) | AL20: =IF(AK20="","",IF(AK20=1,0,IF(J20="男赤",INDEX($Y$2:$Y$51,AK20-1),IF(J20="男白",INDEX($Z$2:$Z$51,AK20-1),IF(J20="女赤",INDEX($AH$2:$AH$51,AK20-1),INDEX($AI$2:$AI$51,AK20-1)))))) | AM20: =IF(AK20="","",IF(RIGHT(J20,1)="赤",K20-AL20,IF(LEFT(J20,1)="男",INDEX($W$2:$W$51,AK20),INDEX($AF$2:$AF$51,AK20))+K20-AL20)) | AN20: =IF(AK20="","",F20&AK20&"-"&AM20) | AO20: =IF(J20="","",F20&D20) | AP20: =IF(J20="","",IF(F20="男",COUNTIF(手直し!$B$6:$E$55,D20),COUNTIF(手直し!$F$6:$I$55,D20))) | AQ20: =IF(AND(J20<>"",AP20=0),1,0) | AR20: =IF(AND(AQ20=1,F20="男"),COUNTIFS($AQ$2:AQ20,1,$F$2:F20,"男"),"") | AS20: =IF(AND(AQ20=1,F20="女"),COUNTIFS($AQ$2:AQ20,1,$F$2:F20,"女"),"")
A21: =ROW()-1 | B21: =INT((A21-1)/37)+1 | C21: =MOD(A21-1,37)+1 | D21: =INDEX(①データ入力!$B$3:$Y$39,C21,(B21-1)*5+1)&"" | E21: =INDEX(①データ入力!$B$3:$Y$39,C21,(B21-1)*5+2)&"" | F21: =IF(OR(E21="1",E21="１",E21="男"),"男",IF(OR(E21="2",E21="２",E21="女"),"女","")) | G21: =INDEX(①データ入力!$B$3:$Y$39,C21,(B21-1)*5+3) | H21: =INDEX(①データ入力!$B$3:$Y$39,C21,(B21-1)*5+4)&"" | I21: =IF(LEFT(TRIM(H21),1)="赤","赤",IF(LEFT(TRIM(H21),1)="白","白","")) | J21: =IF(AND(D21<>"",F21<>"",I21<>"",ISNUMBER(G21)),F21&I21,"") | K21: =IF(J21="","",COUNTIFS($J$2:$J$186,J21,$G$2:$G$186,"<"&G21)+COUNTIFS($J$2:$J$186,J21,$G$2:$G$186,G21,$A$2:$A$186,"<"&A21)+1) | L21: =IF(J21="","",J21&K21) | M21: =B21&"組" | N21: =IF(AND(D21<>"",J21=""),1,0) | P21: 男子名簿にない名前 | Q21: =SUMPRODUCT((手直し!$B$6:$E$55<>"")*(COUNTIF($AO$2:$AO$186,"男"&手直し!$B$6:$E$55)=0)) | S21: 20 | T21: =IF(OR($Q$9=0,S21>$Q$9),0,INT($Q$8/$Q$9)+IF(S21<=MOD($Q$8,$Q$9),1,0)) | U21: =$Q$2-Y20 | V21: =$Q$3-Z20 | W21: =IF(T21=0,0,MIN(U21,MAX(IF(MOD(T21,2)=0,T21/2,IF(U21>=V21,(T21+1)/2,(T21-1)/2)),T21-V21))) | X21: =T21-W21 | Y21: =Y20+W21 | Z21: =Z20+X21 | AB21: 20 | AC21: =IF(OR($Q$11=0,AB21>$Q$11),0,INT($Q$10/$Q$11)+IF(AB21<=MOD($Q$10,$Q$11),1,0)) | AD21: =$Q$4-AH20 | AE21: =$Q$5-AI20 | AF21: =IF(AC21=0,0,MIN(AD21,MAX(IF(MOD(AC21,2)=0,AC21/2,IF(AD21>=AE21,(AC21+1)/2,(AC21-1)/2)),AC21-AE21))) | AG21: =AC21-AF21 | AH21: =AH20+AF21 | AI21: =AI20+AG21 | AK21: =IF(J21="","",IF(J21="男赤",COUNTIF($Y$2:$Y$51,"<"&K21),IF(J21="男白",COUNTIF($Z$2:$Z$51,"<"&K21),IF(J21="女赤",COUNTIF($AH$2:$AH$51,"<"&K21),COUNTIF($AI$2:$AI$51,"<"&K21))))+1) | AL21: =IF(AK21="","",IF(AK21=1,0,IF(J21="男赤",INDEX($Y$2:$Y$51,AK21-1),IF(J21="男白",INDEX($Z$2:$Z$51,AK21-1),IF(J21="女赤",INDEX($AH$2:$AH$51,AK21-1),INDEX($AI$2:$AI$51,AK21-1)))))) | AM21: =IF(AK21="","",IF(RIGHT(J21,1)="赤",K21-AL21,IF(LEFT(J21,1)="男",INDEX($W$2:$W$51,AK21),INDEX($AF$2:$AF$51,AK21))+K21-AL21)) | AN21: =IF(AK21="","",F21&AK21&"-"&AM21) | AO21: =IF(J21="","",F21&D21) | AP21: =IF(J21="","",IF(F21="男",COUNTIF(手直し!$B$6:$E$55,D21),COUNTIF(手直し!$F$6:$I$55,D21))) | AQ21: =IF(AND(J21<>"",AP21=0),1,0) | AR21: =IF(AND(AQ21=1,F21="男"),COUNTIFS($AQ$2:AQ21,1,$F$2:F21,"男"),"") | AS21: =IF(AND(AQ21=1,F21="女"),COUNTIFS($AQ$2:AQ21,1,$F$2:F21,"女"),"")
A22: =ROW()-1 | B22: =INT((A22-1)/37)+1 | C22: =MOD(A22-1,37)+1 | D22: =INDEX(①データ入力!$B$3:$Y$39,C22,(B22-1)*5+1)&"" | E22: =INDEX(①データ入力!$B$3:$Y$39,C22,(B22-1)*5+2)&"" | F22: =IF(OR(E22="1",E22="１",E22="男"),"男",IF(OR(E22="2",E22="２",E22="女"),"女","")) | G22: =INDEX(①データ入力!$B$3:$Y$39,C22,(B22-1)*5+3) | H22: =INDEX(①データ入力!$B$3:$Y$39,C22,(B22-1)*5+4)&"" | I22: =IF(LEFT(TRIM(H22),1)="赤","赤",IF(LEFT(TRIM(H22),1)="白","白","")) | J22: =IF(AND(D22<>"",F22<>"",I22<>"",ISNUMBER(G22)),F22&I22,"") | K22: =IF(J22="","",COUNTIFS($J$2:$J$186,J22,$G$2:$G$186,"<"&G22)+COUNTIFS($J$2:$J$186,J22,$G$2:$G$186,G22,$A$2:$A$186,"<"&A22)+1) | L22: =IF(J22="","",J22&K22) | M22: =B22&"組" | N22: =IF(AND(D22<>"",J22=""),1,0) | P22: 女子名簿にない名前 | Q22: =SUMPRODUCT((手直し!$F$6:$I$55<>"")*(COUNTIF($AO$2:$AO$186,"女"&手直し!$F$6:$I$55)=0)) | S22: 21 | T22: =IF(OR($Q$9=0,S22>$Q$9),0,INT($Q$8/$Q$9)+IF(S22<=MOD($Q$8,$Q$9),1,0)) | U22: =$Q$2-Y21 | V22: =$Q$3-Z21 | W22: =IF(T22=0,0,MIN(U22,MAX(IF(MOD(T22,2)=0,T22/2,IF(U22>=V22,(T22+1)/2,(T22-1)/2)),T22-V22))) | X22: =T22-W22 | Y22: =Y21+W22 | Z22: =Z21+X22 | AB22: 21 | AC22: =IF(OR($Q$11=0,AB22>$Q$11),0,INT($Q$10/$Q$11)+IF(AB22<=MOD($Q$10,$Q$11),1,0)) | AD22: =$Q$4-AH21 | AE22: =$Q$5-AI21 | AF22: =IF(AC22=0,0,MIN(AD22,MAX(IF(MOD(AC22,2)=0,AC22/2,IF(AD22>=AE22,(AC22+1)/2,(AC22-1)/2)),AC22-AE22))) | AG22: =AC22-AF22 | AH22: =AH21+AF22 | AI22: =AI21+AG22 | AK22: =IF(J22="","",IF(J22="男赤",COUNTIF($Y$2:$Y$51,"<"&K22),IF(J22="男白",COUNTIF($Z$2:$Z$51,"<"&K22),IF(J22="女赤",COUNTIF($AH$2:$AH$51,"<"&K22),COUNTIF($AI$2:$AI$51,"<"&K22))))+1) | AL22: =IF(AK22="","",IF(AK22=1,0,IF(J22="男赤",INDEX($Y$2:$Y$51,AK22-1),IF(J22="男白",INDEX($Z$2:$Z$51,AK22-1),IF(J22="女赤",INDEX($AH$2:$AH$51,AK22-1),INDEX($AI$2:$AI$51,AK22-1)))))) | AM22: =IF(AK22="","",IF(RIGHT(J22,1)="赤",K22-AL22,IF(LEFT(J22,1)="男",INDEX($W$2:$W$51,AK22),INDEX($AF$2:$AF$51,AK22))+K22-AL22)) | AN22: =IF(AK22="","",F22&AK22&"-"&AM22) | AO22: =IF(J22="","",F22&D22) | AP22: =IF(J22="","",IF(F22="男",COUNTIF(手直し!$B$6:$E$55,D22),COUNTIF(手直し!$F$6:$I$55,D22))) | AQ22: =IF(AND(J22<>"",AP22=0),1,0) | AR22: =IF(AND(AQ22=1,F22="男"),COUNTIFS($AQ$2:AQ22,1,$F$2:F22,"男"),"") | AS22: =IF(AND(AQ22=1,F22="女"),COUNTIFS($AQ$2:AQ22,1,$F$2:F22,"女"),"")
A23: =ROW()-1 | B23: =INT((A23-1)/37)+1 | C23: =MOD(A23-1,37)+1 | D23: =INDEX(①データ入力!$B$3:$Y$39,C23,(B23-1)*5+1)&"" | E23: =INDEX(①データ入力!$B$3:$Y$39,C23,(B23-1)*5+2)&"" | F23: =IF(OR(E23="1",E23="１",E23="男"),"男",IF(OR(E23="2",E23="２",E23="女"),"女","")) | G23: =INDEX(①データ入力!$B$3:$Y$39,C23,(B23-1)*5+3) | H23: =INDEX(①データ入力!$B$3:$Y$39,C23,(B23-1)*5+4)&"" | I23: =IF(LEFT(TRIM(H23),1)="赤","赤",IF(LEFT(TRIM(H23),1)="白","白","")) | J23: =IF(AND(D23<>"",F23<>"",I23<>"",ISNUMBER(G23)),F23&I23,"") | K23: =IF(J23="","",COUNTIFS($J$2:$J$186,J23,$G$2:$G$186,"<"&G23)+COUNTIFS($J$2:$J$186,J23,$G$2:$G$186,G23,$A$2:$A$186,"<"&A23)+1) | L23: =IF(J23="","",J23&K23) | M23: =B23&"組" | N23: =IF(AND(D23<>"",J23=""),1,0) | P23: 男子同じ名前 | Q23: =SUMPRODUCT(($F$2:$F$186="男")*($AO$2:$AO$186<>"")*(COUNTIF($AO$2:$AO$186,$AO$2:$AO$186)>1)) | S23: 22 | T23: =IF(OR($Q$9=0,S23>$Q$9),0,INT($Q$8/$Q$9)+IF(S23<=MOD($Q$8,$Q$9),1,0)) | U23: =$Q$2-Y22 | V23: =$Q$3-Z22 | W23: =IF(T23=0,0,MIN(U23,MAX(IF(MOD(T23,2)=0,T23/2,IF(U23>=V23,(T23+1)/2,(T23-1)/2)),T23-V23))) | X23: =T23-W23 | Y23: =Y22+W23 | Z23: =Z22+X23 | AB23: 22 | AC23: =IF(OR($Q$11=0,AB23>$Q$11),0,INT($Q$10/$Q$11)+IF(AB23<=MOD($Q$10,$Q$11),1,0)) | AD23: =$Q$4-AH22 | AE23: =$Q$5-AI22 | AF23: =IF(AC23=0,0,MIN(AD23,MAX(IF(MOD(AC23,2)=0,AC23/2,IF(AD23>=AE23,(AC23+1)/2,(AC23-1)/2)),AC23-AE23))) | AG23: =AC23-AF23 | AH23: =AH22+AF23 | AI23: =AI22+AG23 | AK23: =IF(J23="","",IF(J23="男赤",COUNTIF($Y$2:$Y$51,"<"&K23),IF(J23="男白",COUNTIF($Z$2:$Z$51,"<"&K23),IF(J23="女赤",COUNTIF($AH$2:$AH$51,"<"&K23),COUNTIF($AI$2:$AI$51,"<"&K23))))+1) | AL23: =IF(AK23="","",IF(AK23=1,0,IF(J23="男赤",INDEX($Y$2:$Y$51,AK23-1),IF(J23="男白",INDEX($Z$2:$Z$51,AK23-1),IF(J23="女赤",INDEX($AH$2:$AH$51,AK23-1),INDEX($AI$2:$AI$51,AK23-1)))))) | AM23: =IF(AK23="","",IF(RIGHT(J23,1)="赤",K23-AL23,IF(LEFT(J23,1)="男",INDEX($W$2:$W$51,AK23),INDEX($AF$2:$AF$51,AK23))+K23-AL23)) | AN23: =IF(AK23="","",F23&AK23&"-"&AM23) | AO23: =IF(J23="","",F23&D23) | AP23: =IF(J23="","",IF(F23="男",COUNTIF(手直し!$B$6:$E$55,D23),COUNTIF(手直し!$F$6:$I$55,D23))) | AQ23: =IF(AND(J23<>"",AP23=0),1,0) | AR23: =IF(AND(AQ23=1,F23="男"),COUNTIFS($AQ$2:AQ23,1,$F$2:F23,"男"),"") | AS23: =IF(AND(AQ23=1,F23="女"),COUNTIFS($AQ$2:AQ23,1,$F$2:F23,"女"),"")
A24: =ROW()-1 | B24: =INT((A24-1)/37)+1 | C24: =MOD(A24-1,37)+1 | D24: =INDEX(①データ入力!$B$3:$Y$39,C24,(B24-1)*5+1)&"" | E24: =INDEX(①データ入力!$B$3:$Y$39,C24,(B24-1)*5+2)&"" | F24: =IF(OR(E24="1",E24="１",E24="男"),"男",IF(OR(E24="2",E24="２",E24="女"),"女","")) | G24: =INDEX(①データ入力!$B$3:$Y$39,C24,(B24-1)*5+3) | H24: =INDEX(①データ入力!$B$3:$Y$39,C24,(B24-1)*5+4)&"" | I24: =IF(LEFT(TRIM(H24),1)="赤","赤",IF(LEFT(TRIM(H24),1)="白","白","")) | J24: =IF(AND(D24<>"",F24<>"",I24<>"",ISNUMBER(G24)),F24&I24,"") | K24: =IF(J24="","",COUNTIFS($J$2:$J$186,J24,$G$2:$G$186,"<"&G24)+COUNTIFS($J$2:$J$186,J24,$G$2:$G$186,G24,$A$2:$A$186,"<"&A24)+1) | L24: =IF(J24="","",J24&K24) | M24: =B24&"組" | N24: =IF(AND(D24<>"",J24=""),1,0) | P24: 女子同じ名前 | Q24: =SUMPRODUCT(($F$2:$F$186="女")*($AO$2:$AO$186<>"")*(COUNTIF($AO$2:$AO$186,$AO$2:$AO$186)>1)) | S24: 23 | T24: =IF(OR($Q$9=0,S24>$Q$9),0,INT($Q$8/$Q$9)+IF(S24<=MOD($Q$8,$Q$9),1,0)) | U24: =$Q$2-Y23 | V24: =$Q$3-Z23 | W24: =IF(T24=0,0,MIN(U24,MAX(IF(MOD(T24,2)=0,T24/2,IF(U24>=V24,(T24+1)/2,(T24-1)/2)),T24-V24))) | X24: =T24-W24 | Y24: =Y23+W24 | Z24: =Z23+X24 | AB24: 23 | AC24: =IF(OR($Q$11=0,AB24>$Q$11),0,INT($Q$10/$Q$11)+IF(AB24<=MOD($Q$10,$Q$11),1,0)) | AD24: =$Q$4-AH23 | AE24: =$Q$5-AI23 | AF24: =IF(AC24=0,0,MIN(AD24,MAX(IF(MOD(AC24,2)=0,AC24/2,IF(AD24>=AE24,(AC24+1)/2,(AC24-1)/2)),AC24-AE24))) | AG24: =AC24-AF24 | AH24: =AH23+AF24 | AI24: =AI23+AG24 | AK24: =IF(J24="","",IF(J24="男赤",COUNTIF($Y$2:$Y$51,"<"&K24),IF(J24="男白",COUNTIF($Z$2:$Z$51,"<"&K24),IF(J24="女赤",COUNTIF($AH$2:$AH$51,"<"&K24),COUNTIF($AI$2:$AI$51,"<"&K24))))+1) | AL24: =IF(AK24="","",IF(AK24=1,0,IF(J24="男赤",INDEX($Y$2:$Y$51,AK24-1),IF(J24="男白",INDEX($Z$2:$Z$51,AK24-1),IF(J24="女赤",INDEX($AH$2:$AH$51,AK24-1),INDEX($AI$2:$AI$51,AK24-1)))))) | AM24: =IF(AK24="","",IF(RIGHT(J24,1)="赤",K24-AL24,IF(LEFT(J24,1)="男",INDEX($W$2:$W$51,AK24),INDEX($AF$2:$AF$51,AK24))+K24-AL24)) | AN24: =IF(AK24="","",F24&AK24&"-"&AM24) | AO24: =IF(J24="","",F24&D24) | AP24: =IF(J24="","",IF(F24="男",COUNTIF(手直し!$B$6:$E$55,D24),COUNTIF(手直し!$F$6:$I$55,D24))) | AQ24: =IF(AND(J24<>"",AP24=0),1,0) | AR24: =IF(AND(AQ24=1,F24="男"),COUNTIFS($AQ$2:AQ24,1,$F$2:F24,"男"),"") | AS24: =IF(AND(AQ24=1,F24="女"),COUNTIFS($AQ$2:AQ24,1,$F$2:F24,"女"),"")
A25: =ROW()-1 | B25: =INT((A25-1)/37)+1 | C25: =MOD(A25-1,37)+1 | D25: =INDEX(①データ入力!$B$3:$Y$39,C25,(B25-1)*5+1)&"" | E25: =INDEX(①データ入力!$B$3:$Y$39,C25,(B25-1)*5+2)&"" | F25: =IF(OR(E25="1",E25="１",E25="男"),"男",IF(OR(E25="2",E25="２",E25="女"),"女","")) | G25: =INDEX(①データ入力!$B$3:$Y$39,C25,(B25-1)*5+3) | H25: =INDEX(①データ入力!$B$3:$Y$39,C25,(B25-1)*5+4)&"" | I25: =IF(LEFT(TRIM(H25),1)="赤","赤",IF(LEFT(TRIM(H25),1)="白","白","")) | J25: =IF(AND(D25<>"",F25<>"",I25<>"",ISNUMBER(G25)),F25&I25,"") | K25: =IF(J25="","",COUNTIFS($J$2:$J$186,J25,$G$2:$G$186,"<"&G25)+COUNTIFS($J$2:$J$186,J25,$G$2:$G$186,G25,$A$2:$A$186,"<"&A25)+1) | L25: =IF(J25="","",J25&K25) | M25: =B25&"組" | N25: =IF(AND(D25<>"",J25=""),1,0) | S25: 24 | T25: =IF(OR($Q$9=0,S25>$Q$9),0,INT($Q$8/$Q$9)+IF(S25<=MOD($Q$8,$Q$9),1,0)) | U25: =$Q$2-Y24 | V25: =$Q$3-Z24 | W25: =IF(T25=0,0,MIN(U25,MAX(IF(MOD(T25,2)=0,T25/2,IF(U25>=V25,(T25+1)/2,(T25-1)/2)),T25-V25))) | X25: =T25-W25 | Y25: =Y24+W25 | Z25: =Z24+X25 | AB25: 24 | AC25: =IF(OR($Q$11=0,AB25>$Q$11),0,INT($Q$10/$Q$11)+IF(AB25<=MOD($Q$10,$Q$11),1,0)) | AD25: =$Q$4-AH24 | AE25: =$Q$5-AI24 | AF25: =IF(AC25=0,0,MIN(AD25,MAX(IF(MOD(AC25,2)=0,AC25/2,IF(AD25>=AE25,(AC25+1)/2,(AC25-1)/2)),AC25-AE25))) | AG25: =AC25-AF25 | AH25: =AH24+AF25 | AI25: =AI24+AG25 | AK25: =IF(J25="","",IF(J25="男赤",COUNTIF($Y$2:$Y$51,"<"&K25),IF(J25="男白",COUNTIF($Z$2:$Z$51,"<"&K25),IF(J25="女赤",COUNTIF($AH$2:$AH$51,"<"&K25),COUNTIF($AI$2:$AI$51,"<"&K25))))+1) | AL25: =IF(AK25="","",IF(AK25=1,0,IF(J25="男赤",INDEX($Y$2:$Y$51,AK25-1),IF(J25="男白",INDEX($Z$2:$Z$51,AK25-1),IF(J25="女赤",INDEX($AH$2:$AH$51,AK25-1),INDEX($AI$2:$AI$51,AK25-1)))))) | AM25: =IF(AK25="","",IF(RIGHT(J25,1)="赤",K25-AL25,IF(LEFT(J25,1)="男",INDEX($W$2:$W$51,AK25),INDEX($AF$2:$AF$51,AK25))+K25-AL25)) | AN25: =IF(AK25="","",F25&AK25&"-"&AM25) | AO25: =IF(J25="","",F25&D25) | AP25: =IF(J25="","",IF(F25="男",COUNTIF(手直し!$B$6:$E$55,D25),COUNTIF(手直し!$F$6:$I$55,D25))) | AQ25: =IF(AND(J25<>"",AP25=0),1,0) | AR25: =IF(AND(AQ25=1,F25="男"),COUNTIFS($AQ$2:AQ25,1,$F$2:F25,"男"),"") | AS25: =IF(AND(AQ25=1,F25="女"),COUNTIFS($AQ$2:AQ25,1,$F$2:F25,"女"),"")
A26: =ROW()-1 | B26: =INT((A26-1)/37)+1 | C26: =MOD(A26-1,37)+1 | D26: =INDEX(①データ入力!$B$3:$Y$39,C26,(B26-1)*5+1)&"" | E26: =INDEX(①データ入力!$B$3:$Y$39,C26,(B26-1)*5+2)&"" | F26: =IF(OR(E26="1",E26="１",E26="男"),"男",IF(OR(E26="2",E26="２",E26="女"),"女","")) | G26: =INDEX(①データ入力!$B$3:$Y$39,C26,(B26-1)*5+3) | H26: =INDEX(①データ入力!$B$3:$Y$39,C26,(B26-1)*5+4)&"" | I26: =IF(LEFT(TRIM(H26),1)="赤","赤",IF(LEFT(TRIM(H26),1)="白","白","")) | J26: =IF(AND(D26<>"",F26<>"",I26<>"",ISNUMBER(G26)),F26&I26,"") | K26: =IF(J26="","",COUNTIFS($J$2:$J$186,J26,$G$2:$G$186,"<"&G26)+COUNTIFS($J$2:$J$186,J26,$G$2:$G$186,G26,$A$2:$A$186,"<"&A26)+1) | L26: =IF(J26="","",J26&K26) | M26: =B26&"組" | N26: =IF(AND(D26<>"",J26=""),1,0) | S26: 25 | T26: =IF(OR($Q$9=0,S26>$Q$9),0,INT($Q$8/$Q$9)+IF(S26<=MOD($Q$8,$Q$9),1,0)) | U26: =$Q$2-Y25 | V26: =$Q$3-Z25 | W26: =IF(T26=0,0,MIN(U26,MAX(IF(MOD(T26,2)=0,T26/2,IF(U26>=V26,(T26+1)/2,(T26-1)/2)),T26-V26))) | X26: =T26-W26 | Y26: =Y25+W26 | Z26: =Z25+X26 | AB26: 25 | AC26: =IF(OR($Q$11=0,AB26>$Q$11),0,INT($Q$10/$Q$11)+IF(AB26<=MOD($Q$10,$Q$11),1,0)) | AD26: =$Q$4-AH25 | AE26: =$Q$5-AI25 | AF26: =IF(AC26=0,0,MIN(AD26,MAX(IF(MOD(AC26,2)=0,AC26/2,IF(AD26>=AE26,(AC26+1)/2,(AC26-1)/2)),AC26-AE26))) | AG26: =AC26-AF26 | AH26: =AH25+AF26 | AI26: =AI25+AG26 | AK26: =IF(J26="","",IF(J26="男赤",COUNTIF($Y$2:$Y$51,"<"&K26),IF(J26="男白",COUNTIF($Z$2:$Z$51,"<"&K26),IF(J26="女赤",COUNTIF($AH$2:$AH$51,"<"&K26),COUNTIF($AI$2:$AI$51,"<"&K26))))+1) | AL26: =IF(AK26="","",IF(AK26=1,0,IF(J26="男赤",INDEX($Y$2:$Y$51,AK26-1),IF(J26="男白",INDEX($Z$2:$Z$51,AK26-1),IF(J26="女赤",INDEX($AH$2:$AH$51,AK26-1),INDEX($AI$2:$AI$51,AK26-1)))))) | AM26: =IF(AK26="","",IF(RIGHT(J26,1)="赤",K26-AL26,IF(LEFT(J26,1)="男",INDEX($W$2:$W$51,AK26),INDEX($AF$2:$AF$51,AK26))+K26-AL26)) | AN26: =IF(AK26="","",F26&AK26&"-"&AM26) | AO26: =IF(J26="","",F26&D26) | AP26: =IF(J26="","",IF(F26="男",COUNTIF(手直し!$B$6:$E$55,D26),COUNTIF(手直し!$F$6:$I$55,D26))) | AQ26: =IF(AND(J26<>"",AP26=0),1,0) | AR26: =IF(AND(AQ26=1,F26="男"),COUNTIFS($AQ$2:AQ26,1,$F$2:F26,"男"),"") | AS26: =IF(AND(AQ26=1,F26="女"),COUNTIFS($AQ$2:AQ26,1,$F$2:F26,"女"),"")
A27: =ROW()-1 | B27: =INT((A27-1)/37)+1 | C27: =MOD(A27-1,37)+1 | D27: =INDEX(①データ入力!$B$3:$Y$39,C27,(B27-1)*5+1)&"" | E27: =INDEX(①データ入力!$B$3:$Y$39,C27,(B27-1)*5+2)&"" | F27: =IF(OR(E27="1",E27="１",E27="男"),"男",IF(OR(E27="2",E27="２",E27="女"),"女","")) | G27: =INDEX(①データ入力!$B$3:$Y$39,C27,(B27-1)*5+3) | H27: =INDEX(①データ入力!$B$3:$Y$39,C27,(B27-1)*5+4)&"" | I27: =IF(LEFT(TRIM(H27),1)="赤","赤",IF(LEFT(TRIM(H27),1)="白","白","")) | J27: =IF(AND(D27<>"",F27<>"",I27<>"",ISNUMBER(G27)),F27&I27,"") | K27: =IF(J27="","",COUNTIFS($J$2:$J$186,J27,$G$2:$G$186,"<"&G27)+COUNTIFS($J$2:$J$186,J27,$G$2:$G$186,G27,$A$2:$A$186,"<"&A27)+1) | L27: =IF(J27="","",J27&K27) | M27: =B27&"組" | N27: =IF(AND(D27<>"",J27=""),1,0) | S27: 26 | T27: =IF(OR($Q$9=0,S27>$Q$9),0,INT($Q$8/$Q$9)+IF(S27<=MOD($Q$8,$Q$9),1,0)) | U27: =$Q$2-Y26 | V27: =$Q$3-Z26 | W27: =IF(T27=0,0,MIN(U27,MAX(IF(MOD(T27,2)=0,T27/2,IF(U27>=V27,(T27+1)/2,(T27-1)/2)),T27-V27))) | X27: =T27-W27 | Y27: =Y26+W27 | Z27: =Z26+X27 | AB27: 26 | AC27: =IF(OR($Q$11=0,AB27>$Q$11),0,INT($Q$10/$Q$11)+IF(AB27<=MOD($Q$10,$Q$11),1,0)) | AD27: =$Q$4-AH26 | AE27: =$Q$5-AI26 | AF27: =IF(AC27=0,0,MIN(AD27,MAX(IF(MOD(AC27,2)=0,AC27/2,IF(AD27>=AE27,(AC27+1)/2,(AC27-1)/2)),AC27-AE27))) | AG27: =AC27-AF27 | AH27: =AH26+AF27 | AI27: =AI26+AG27 | AK27: =IF(J27="","",IF(J27="男赤",COUNTIF($Y$2:$Y$51,"<"&K27),IF(J27="男白",COUNTIF($Z$2:$Z$51,"<"&K27),IF(J27="女赤",COUNTIF($AH$2:$AH$51,"<"&K27),COUNTIF($AI$2:$AI$51,"<"&K27))))+1) | AL27: =IF(AK27="","",IF(AK27=1,0,IF(J27="男赤",INDEX($Y$2:$Y$51,AK27-1),IF(J27="男白",INDEX($Z$2:$Z$51,AK27-1),IF(J27="女赤",INDEX($AH$2:$AH$51,AK27-1),INDEX($AI$2:$AI$51,AK27-1)))))) | AM27: =IF(AK27="","",IF(RIGHT(J27,1)="赤",K27-AL27,IF(LEFT(J27,1)="男",INDEX($W$2:$W$51,AK27),INDEX($AF$2:$AF$51,AK27))+K27-AL27)) | AN27: =IF(AK27="","",F27&AK27&"-"&AM27) | AO27: =IF(J27="","",F27&D27) | AP27: =IF(J27="","",IF(F27="男",COUNTIF(手直し!$B$6:$E$55,D27),COUNTIF(手直し!$F$6:$I$55,D27))) | AQ27: =IF(AND(J27<>"",AP27=0),1,0) | AR27: =IF(AND(AQ27=1,F27="男"),COUNTIFS($AQ$2:AQ27,1,$F$2:F27,"男"),"") | AS27: =IF(AND(AQ27=1,F27="女"),COUNTIFS($AQ$2:AQ27,1,$F$2:F27,"女"),"")
A28: =ROW()-1 | B28: =INT((A28-1)/37)+1 | C28: =MOD(A28-1,37)+1 | D28: =INDEX(①データ入力!$B$3:$Y$39,C28,(B28-1)*5+1)&"" | E28: =INDEX(①データ入力!$B$3:$Y$39,C28,(B28-1)*5+2)&"" | F28: =IF(OR(E28="1",E28="１",E28="男"),"男",IF(OR(E28="2",E28="２",E28="女"),"女","")) | G28: =INDEX(①データ入力!$B$3:$Y$39,C28,(B28-1)*5+3) | H28: =INDEX(①データ入力!$B$3:$Y$39,C28,(B28-1)*5+4)&"" | I28: =IF(LEFT(TRIM(H28),1)="赤","赤",IF(LEFT(TRIM(H28),1)="白","白","")) | J28: =IF(AND(D28<>"",F28<>"",I28<>"",ISNUMBER(G28)),F28&I28,"") | K28: =IF(J28="","",COUNTIFS($J$2:$J$186,J28,$G$2:$G$186,"<"&G28)+COUNTIFS($J$2:$J$186,J28,$G$2:$G$186,G28,$A$2:$A$186,"<"&A28)+1) | L28: =IF(J28="","",J28&K28) | M28: =B28&"組" | N28: =IF(AND(D28<>"",J28=""),1,0) | S28: 27 | T28: =IF(OR($Q$9=0,S28>$Q$9),0,INT($Q$8/$Q$9)+IF(S28<=MOD($Q$8,$Q$9),1,0)) | U28: =$Q$2-Y27 | V28: =$Q$3-Z27 | W28: =IF(T28=0,0,MIN(U28,MAX(IF(MOD(T28,2)=0,T28/2,IF(U28>=V28,(T28+1)/2,(T28-1)/2)),T28-V28))) | X28: =T28-W28 | Y28: =Y27+W28 | Z28: =Z27+X28 | AB28: 27 | AC28: =IF(OR($Q$11=0,AB28>$Q$11),0,INT($Q$10/$Q$11)+IF(AB28<=MOD($Q$10,$Q$11),1,0)) | AD28: =$Q$4-AH27 | AE28: =$Q$5-AI27 | AF28: =IF(AC28=0,0,MIN(AD28,MAX(IF(MOD(AC28,2)=0,AC28/2,IF(AD28>=AE28,(AC28+1)/2,(AC28-1)/2)),AC28-AE28))) | AG28: =AC28-AF28 | AH28: =AH27+AF28 | AI28: =AI27+AG28 | AK28: =IF(J28="","",IF(J28="男赤",COUNTIF($Y$2:$Y$51,"<"&K28),IF(J28="男白",COUNTIF($Z$2:$Z$51,"<"&K28),IF(J28="女赤",COUNTIF($AH$2:$AH$51,"<"&K28),COUNTIF($AI$2:$AI$51,"<"&K28))))+1) | AL28: =IF(AK28="","",IF(AK28=1,0,IF(J28="男赤",INDEX($Y$2:$Y$51,AK28-1),IF(J28="男白",INDEX($Z$2:$Z$51,AK28-1),IF(J28="女赤",INDEX($AH$2:$AH$51,AK28-1),INDEX($AI$2:$AI$51,AK28-1)))))) | AM28: =IF(AK28="","",IF(RIGHT(J28,1)="赤",K28-AL28,IF(LEFT(J28,1)="男",INDEX($W$2:$W$51,AK28),INDEX($AF$2:$AF$51,AK28))+K28-AL28)) | AN28: =IF(AK28="","",F28&AK28&"-"&AM28) | AO28: =IF(J28="","",F28&D28) | AP28: =IF(J28="","",IF(F28="男",COUNTIF(手直し!$B$6:$E$55,D28),COUNTIF(手直し!$F$6:$I$55,D28))) | AQ28: =IF(AND(J28<>"",AP28=0),1,0) | AR28: =IF(AND(AQ28=1,F28="男"),COUNTIFS($AQ$2:AQ28,1,$F$2:F28,"男"),"") | AS28: =IF(AND(AQ28=1,F28="女"),COUNTIFS($AQ$2:AQ28,1,$F$2:F28,"女"),"")
A29: =ROW()-1 | B29: =INT((A29-1)/37)+1 | C29: =MOD(A29-1,37)+1 | D29: =INDEX(①データ入力!$B$3:$Y$39,C29,(B29-1)*5+1)&"" | E29: =INDEX(①データ入力!$B$3:$Y$39,C29,(B29-1)*5+2)&"" | F29: =IF(OR(E29="1",E29="１",E29="男"),"男",IF(OR(E29="2",E29="２",E29="女"),"女","")) | G29: =INDEX(①データ入力!$B$3:$Y$39,C29,(B29-1)*5+3) | H29: =INDEX(①データ入力!$B$3:$Y$39,C29,(B29-1)*5+4)&"" | I29: =IF(LEFT(TRIM(H29),1)="赤","赤",IF(LEFT(TRIM(H29),1)="白","白","")) | J29: =IF(AND(D29<>"",F29<>"",I29<>"",ISNUMBER(G29)),F29&I29,"") | K29: =IF(J29="","",COUNTIFS($J$2:$J$186,J29,$G$2:$G$186,"<"&G29)+COUNTIFS($J$2:$J$186,J29,$G$2:$G$186,G29,$A$2:$A$186,"<"&A29)+1) | L29: =IF(J29="","",J29&K29) | M29: =B29&"組" | N29: =IF(AND(D29<>"",J29=""),1,0) | S29: 28 | T29: =IF(OR($Q$9=0,S29>$Q$9),0,INT($Q$8/$Q$9)+IF(S29<=MOD($Q$8,$Q$9),1,0)) | U29: =$Q$2-Y28 | V29: =$Q$3-Z28 | W29: =IF(T29=0,0,MIN(U29,MAX(IF(MOD(T29,2)=0,T29/2,IF(U29>=V29,(T29+1)/2,(T29-1)/2)),T29-V29))) | X29: =T29-W29 | Y29: =Y28+W29 | Z29: =Z28+X29 | AB29: 28 | AC29: =IF(OR($Q$11=0,AB29>$Q$11),0,INT($Q$10/$Q$11)+IF(AB29<=MOD($Q$10,$Q$11),1,0)) | AD29: =$Q$4-AH28 | AE29: =$Q$5-AI28 | AF29: =IF(AC29=0,0,MIN(AD29,MAX(IF(MOD(AC29,2)=0,AC29/2,IF(AD29>=AE29,(AC29+1)/2,(AC29-1)/2)),AC29-AE29))) | AG29: =AC29-AF29 | AH29: =AH28+AF29 | AI29: =AI28+AG29 | AK29: =IF(J29="","",IF(J29="男赤",COUNTIF($Y$2:$Y$51,"<"&K29),IF(J29="男白",COUNTIF($Z$2:$Z$51,"<"&K29),IF(J29="女赤",COUNTIF($AH$2:$AH$51,"<"&K29),COUNTIF($AI$2:$AI$51,"<"&K29))))+1) | AL29: =IF(AK29="","",IF(AK29=1,0,IF(J29="男赤",INDEX($Y$2:$Y$51,AK29-1),IF(J29="男白",INDEX($Z$2:$Z$51,AK29-1),IF(J29="女赤",INDEX($AH$2:$AH$51,AK29-1),INDEX($AI$2:$AI$51,AK29-1)))))) | AM29: =IF(AK29="","",IF(RIGHT(J29,1)="赤",K29-AL29,IF(LEFT(J29,1)="男",INDEX($W$2:$W$51,AK29),INDEX($AF$2:$AF$51,AK29))+K29-AL29)) | AN29: =IF(AK29="","",F29&AK29&"-"&AM29) | AO29: =IF(J29="","",F29&D29) | AP29: =IF(J29="","",IF(F29="男",COUNTIF(手直し!$B$6:$E$55,D29),COUNTIF(手直し!$F$6:$I$55,D29))) | AQ29: =IF(AND(J29<>"",AP29=0),1,0) | AR29: =IF(AND(AQ29=1,F29="男"),COUNTIFS($AQ$2:AQ29,1,$F$2:F29,"男"),"") | AS29: =IF(AND(AQ29=1,F29="女"),COUNTIFS($AQ$2:AQ29,1,$F$2:F29,"女"),"")
A30: =ROW()-1 | B30: =INT((A30-1)/37)+1 | C30: =MOD(A30-1,37)+1 | D30: =INDEX(①データ入力!$B$3:$Y$39,C30,(B30-1)*5+1)&"" | E30: =INDEX(①データ入力!$B$3:$Y$39,C30,(B30-1)*5+2)&"" | F30: =IF(OR(E30="1",E30="１",E30="男"),"男",IF(OR(E30="2",E30="２",E30="女"),"女","")) | G30: =INDEX(①データ入力!$B$3:$Y$39,C30,(B30-1)*5+3) | H30: =INDEX(①データ入力!$B$3:$Y$39,C30,(B30-1)*5+4)&"" | I30: =IF(LEFT(TRIM(H30),1)="赤","赤",IF(LEFT(TRIM(H30),1)="白","白","")) | J30: =IF(AND(D30<>"",F30<>"",I30<>"",ISNUMBER(G30)),F30&I30,"") | K30: =IF(J30="","",COUNTIFS($J$2:$J$186,J30,$G$2:$G$186,"<"&G30)+COUNTIFS($J$2:$J$186,J30,$G$2:$G$186,G30,$A$2:$A$186,"<"&A30)+1) | L30: =IF(J30="","",J30&K30) | M30: =B30&"組" | N30: =IF(AND(D30<>"",J30=""),1,0) | S30: 29 | T30: =IF(OR($Q$9=0,S30>$Q$9),0,INT($Q$8/$Q$9)+IF(S30<=MOD($Q$8,$Q$9),1,0)) | U30: =$Q$2-Y29 | V30: =$Q$3-Z29 | W30: =IF(T30=0,0,MIN(U30,MAX(IF(MOD(T30,2)=0,T30/2,IF(U30>=V30,(T30+1)/2,(T30-1)/2)),T30-V30))) | X30: =T30-W30 | Y30: =Y29+W30 | Z30: =Z29+X30 | AB30: 29 | AC30: =IF(OR($Q$11=0,AB30>$Q$11),0,INT($Q$10/$Q$11)+IF(AB30<=MOD($Q$10,$Q$11),1,0)) | AD30: =$Q$4-AH29 | AE30: =$Q$5-AI29 | AF30: =IF(AC30=0,0,MIN(AD30,MAX(IF(MOD(AC30,2)=0,AC30/2,IF(AD30>=AE30,(AC30+1)/2,(AC30-1)/2)),AC30-AE30))) | AG30: =AC30-AF30 | AH30: =AH29+AF30 | AI30: =AI29+AG30 | AK30: =IF(J30="","",IF(J30="男赤",COUNTIF($Y$2:$Y$51,"<"&K30),IF(J30="男白",COUNTIF($Z$2:$Z$51,"<"&K30),IF(J30="女赤",COUNTIF($AH$2:$AH$51,"<"&K30),COUNTIF($AI$2:$AI$51,"<"&K30))))+1) | AL30: =IF(AK30="","",IF(AK30=1,0,IF(J30="男赤",INDEX($Y$2:$Y$51,AK30-1),IF(J30="男白",INDEX($Z$2:$Z$51,AK30-1),IF(J30="女赤",INDEX($AH$2:$AH$51,AK30-1),INDEX($AI$2:$AI$51,AK30-1)))))) | AM30: =IF(AK30="","",IF(RIGHT(J30,1)="赤",K30-AL30,IF(LEFT(J30,1)="男",INDEX($W$2:$W$51,AK30),INDEX($AF$2:$AF$51,AK30))+K30-AL30)) | AN30: =IF(AK30="","",F30&AK30&"-"&AM30) | AO30: =IF(J30="","",F30&D30) | AP30: =IF(J30="","",IF(F30="男",COUNTIF(手直し!$B$6:$E$55,D30),COUNTIF(手直し!$F$6:$I$55,D30))) | AQ30: =IF(AND(J30<>"",AP30=0),1,0) | AR30: =IF(AND(AQ30=1,F30="男"),COUNTIFS($AQ$2:AQ30,1,$F$2:F30,"男"),"") | AS30: =IF(AND(AQ30=1,F30="女"),COUNTIFS($AQ$2:AQ30,1,$F$2:F30,"女"),"")
A31: =ROW()-1 | B31: =INT((A31-1)/37)+1 | C31: =MOD(A31-1,37)+1 | D31: =INDEX(①データ入力!$B$3:$Y$39,C31,(B31-1)*5+1)&"" | E31: =INDEX(①データ入力!$B$3:$Y$39,C31,(B31-1)*5+2)&"" | F31: =IF(OR(E31="1",E31="１",E31="男"),"男",IF(OR(E31="2",E31="２",E31="女"),"女","")) | G31: =INDEX(①データ入力!$B$3:$Y$39,C31,(B31-1)*5+3) | H31: =INDEX(①データ入力!$B$3:$Y$39,C31,(B31-1)*5+4)&"" | I31: =IF(LEFT(TRIM(H31),1)="赤","赤",IF(LEFT(TRIM(H31),1)="白","白","")) | J31: =IF(AND(D31<>"",F31<>"",I31<>"",ISNUMBER(G31)),F31&I31,"") | K31: =IF(J31="","",COUNTIFS($J$2:$J$186,J31,$G$2:$G$186,"<"&G31)+COUNTIFS($J$2:$J$186,J31,$G$2:$G$186,G31,$A$2:$A$186,"<"&A31)+1) | L31: =IF(J31="","",J31&K31) | M31: =B31&"組" | N31: =IF(AND(D31<>"",J31=""),1,0) | S31: 30 | T31: =IF(OR($Q$9=0,S31>$Q$9),0,INT($Q$8/$Q$9)+IF(S31<=MOD($Q$8,$Q$9),1,0)) | U31: =$Q$2-Y30 | V31: =$Q$3-Z30 | W31: =IF(T31=0,0,MIN(U31,MAX(IF(MOD(T31,2)=0,T31/2,IF(U31>=V31,(T31+1)/2,(T31-1)/2)),T31-V31))) | X31: =T31-W31 | Y31: =Y30+W31 | Z31: =Z30+X31 | AB31: 30 | AC31: =IF(OR($Q$11=0,AB31>$Q$11),0,INT($Q$10/$Q$11)+IF(AB31<=MOD($Q$10,$Q$11),1,0)) | AD31: =$Q$4-AH30 | AE31: =$Q$5-AI30 | AF31: =IF(AC31=0,0,MIN(AD31,MAX(IF(MOD(AC31,2)=0,AC31/2,IF(AD31>=AE31,(AC31+1)/2,(AC31-1)/2)),AC31-AE31))) | AG31: =AC31-AF31 | AH31: =AH30+AF31 | AI31: =AI30+AG31 | AK31: =IF(J31="","",IF(J31="男赤",COUNTIF($Y$2:$Y$51,"<"&K31),IF(J31="男白",COUNTIF($Z$2:$Z$51,"<"&K31),IF(J31="女赤",COUNTIF($AH$2:$AH$51,"<"&K31),COUNTIF($AI$2:$AI$51,"<"&K31))))+1) | AL31: =IF(AK31="","",IF(AK31=1,0,IF(J31="男赤",INDEX($Y$2:$Y$51,AK31-1),IF(J31="男白",INDEX($Z$2:$Z$51,AK31-1),IF(J31="女赤",INDEX($AH$2:$AH$51,AK31-1),INDEX($AI$2:$AI$51,AK31-1)))))) | AM31: =IF(AK31="","",IF(RIGHT(J31,1)="赤",K31-AL31,IF(LEFT(J31,1)="男",INDEX($W$2:$W$51,AK31),INDEX($AF$2:$AF$51,AK31))+K31-AL31)) | AN31: =IF(AK31="","",F31&AK31&"-"&AM31) | AO31: =IF(J31="","",F31&D31) | AP31: =IF(J31="","",IF(F31="男",COUNTIF(手直し!$B$6:$E$55,D31),COUNTIF(手直し!$F$6:$I$55,D31))) | AQ31: =IF(AND(J31<>"",AP31=0),1,0) | AR31: =IF(AND(AQ31=1,F31="男"),COUNTIFS($AQ$2:AQ31,1,$F$2:F31,"男"),"") | AS31: =IF(AND(AQ31=1,F31="女"),COUNTIFS($AQ$2:AQ31,1,$F$2:F31,"女"),"")
A32: =ROW()-1 | B32: =INT((A32-1)/37)+1 | C32: =MOD(A32-1,37)+1 | D32: =INDEX(①データ入力!$B$3:$Y$39,C32,(B32-1)*5+1)&"" | E32: =INDEX(①データ入力!$B$3:$Y$39,C32,(B32-1)*5+2)&"" | F32: =IF(OR(E32="1",E32="１",E32="男"),"男",IF(OR(E32="2",E32="２",E32="女"),"女","")) | G32: =INDEX(①データ入力!$B$3:$Y$39,C32,(B32-1)*5+3) | H32: =INDEX(①データ入力!$B$3:$Y$39,C32,(B32-1)*5+4)&"" | I32: =IF(LEFT(TRIM(H32),1)="赤","赤",IF(LEFT(TRIM(H32),1)="白","白","")) | J32: =IF(AND(D32<>"",F32<>"",I32<>"",ISNUMBER(G32)),F32&I32,"") | K32: =IF(J32="","",COUNTIFS($J$2:$J$186,J32,$G$2:$G$186,"<"&G32)+COUNTIFS($J$2:$J$186,J32,$G$2:$G$186,G32,$A$2:$A$186,"<"&A32)+1) | L32: =IF(J32="","",J32&K32) | M32: =B32&"組" | N32: =IF(AND(D32<>"",J32=""),1,0) | S32: 31 | T32: =IF(OR($Q$9=0,S32>$Q$9),0,INT($Q$8/$Q$9)+IF(S32<=MOD($Q$8,$Q$9),1,0)) | U32: =$Q$2-Y31 | V32: =$Q$3-Z31 | W32: =IF(T32=0,0,MIN(U32,MAX(IF(MOD(T32,2)=0,T32/2,IF(U32>=V32,(T32+1)/2,(T32-1)/2)),T32-V32))) | X32: =T32-W32 | Y32: =Y31+W32 | Z32: =Z31+X32 | AB32: 31 | AC32: =IF(OR($Q$11=0,AB32>$Q$11),0,INT($Q$10/$Q$11)+IF(AB32<=MOD($Q$10,$Q$11),1,0)) | AD32: =$Q$4-AH31 | AE32: =$Q$5-AI31 | AF32: =IF(AC32=0,0,MIN(AD32,MAX(IF(MOD(AC32,2)=0,AC32/2,IF(AD32>=AE32,(AC32+1)/2,(AC32-1)/2)),AC32-AE32))) | AG32: =AC32-AF32 | AH32: =AH31+AF32 | AI32: =AI31+AG32 | AK32: =IF(J32="","",IF(J32="男赤",COUNTIF($Y$2:$Y$51,"<"&K32),IF(J32="男白",COUNTIF($Z$2:$Z$51,"<"&K32),IF(J32="女赤",COUNTIF($AH$2:$AH$51,"<"&K32),COUNTIF($AI$2:$AI$51,"<"&K32))))+1) | AL32: =IF(AK32="","",IF(AK32=1,0,IF(J32="男赤",INDEX($Y$2:$Y$51,AK32-1),IF(J32="男白",INDEX($Z$2:$Z$51,AK32-1),IF(J32="女赤",INDEX($AH$2:$AH$51,AK32-1),INDEX($AI$2:$AI$51,AK32-1)))))) | AM32: =IF(AK32="","",IF(RIGHT(J32,1)="赤",K32-AL32,IF(LEFT(J32,1)="男",INDEX($W$2:$W$51,AK32),INDEX($AF$2:$AF$51,AK32))+K32-AL32)) | AN32: =IF(AK32="","",F32&AK32&"-"&AM32) | AO32: =IF(J32="","",F32&D32) | AP32: =IF(J32="","",IF(F32="男",COUNTIF(手直し!$B$6:$E$55,D32),COUNTIF(手直し!$F$6:$I$55,D32))) | AQ32: =IF(AND(J32<>"",AP32=0),1,0) | AR32: =IF(AND(AQ32=1,F32="男"),COUNTIFS($AQ$2:AQ32,1,$F$2:F32,"男"),"") | AS32: =IF(AND(AQ32=1,F32="女"),COUNTIFS($AQ$2:AQ32,1,$F$2:F32,"女"),"")
A33: =ROW()-1 | B33: =INT((A33-1)/37)+1 | C33: =MOD(A33-1,37)+1 | D33: =INDEX(①データ入力!$B$3:$Y$39,C33,(B33-1)*5+1)&"" | E33: =INDEX(①データ入力!$B$3:$Y$39,C33,(B33-1)*5+2)&"" | F33: =IF(OR(E33="1",E33="１",E33="男"),"男",IF(OR(E33="2",E33="２",E33="女"),"女","")) | G33: =INDEX(①データ入力!$B$3:$Y$39,C33,(B33-1)*5+3) | H33: =INDEX(①データ入力!$B$3:$Y$39,C33,(B33-1)*5+4)&"" | I33: =IF(LEFT(TRIM(H33),1)="赤","赤",IF(LEFT(TRIM(H33),1)="白","白","")) | J33: =IF(AND(D33<>"",F33<>"",I33<>"",ISNUMBER(G33)),F33&I33,"") | K33: =IF(J33="","",COUNTIFS($J$2:$J$186,J33,$G$2:$G$186,"<"&G33)+COUNTIFS($J$2:$J$186,J33,$G$2:$G$186,G33,$A$2:$A$186,"<"&A33)+1) | L33: =IF(J33="","",J33&K33) | M33: =B33&"組" | N33: =IF(AND(D33<>"",J33=""),1,0) | S33: 32 | T33: =IF(OR($Q$9=0,S33>$Q$9),0,INT($Q$8/$Q$9)+IF(S33<=MOD($Q$8,$Q$9),1,0)) | U33: =$Q$2-Y32 | V33: =$Q$3-Z32 | W33: =IF(T33=0,0,MIN(U33,MAX(IF(MOD(T33,2)=0,T33/2,IF(U33>=V33,(T33+1)/2,(T33-1)/2)),T33-V33))) | X33: =T33-W33 | Y33: =Y32+W33 | Z33: =Z32+X33 | AB33: 32 | AC33: =IF(OR($Q$11=0,AB33>$Q$11),0,INT($Q$10/$Q$11)+IF(AB33<=MOD($Q$10,$Q$11),1,0)) | AD33: =$Q$4-AH32 | AE33: =$Q$5-AI32 | AF33: =IF(AC33=0,0,MIN(AD33,MAX(IF(MOD(AC33,2)=0,AC33/2,IF(AD33>=AE33,(AC33+1)/2,(AC33-1)/2)),AC33-AE33))) | AG33: =AC33-AF33 | AH33: =AH32+AF33 | AI33: =AI32+AG33 | AK33: =IF(J33="","",IF(J33="男赤",COUNTIF($Y$2:$Y$51,"<"&K33),IF(J33="男白",COUNTIF($Z$2:$Z$51,"<"&K33),IF(J33="女赤",COUNTIF($AH$2:$AH$51,"<"&K33),COUNTIF($AI$2:$AI$51,"<"&K33))))+1) | AL33: =IF(AK33="","",IF(AK33=1,0,IF(J33="男赤",INDEX($Y$2:$Y$51,AK33-1),IF(J33="男白",INDEX($Z$2:$Z$51,AK33-1),IF(J33="女赤",INDEX($AH$2:$AH$51,AK33-1),INDEX($AI$2:$AI$51,AK33-1)))))) | AM33: =IF(AK33="","",IF(RIGHT(J33,1)="赤",K33-AL33,IF(LEFT(J33,1)="男",INDEX($W$2:$W$51,AK33),INDEX($AF$2:$AF$51,AK33))+K33-AL33)) | AN33: =IF(AK33="","",F33&AK33&"-"&AM33) | AO33: =IF(J33="","",F33&D33) | AP33: =IF(J33="","",IF(F33="男",COUNTIF(手直し!$B$6:$E$55,D33),COUNTIF(手直し!$F$6:$I$55,D33))) | AQ33: =IF(AND(J33<>"",AP33=0),1,0) | AR33: =IF(AND(AQ33=1,F33="男"),COUNTIFS($AQ$2:AQ33,1,$F$2:F33,"男"),"") | AS33: =IF(AND(AQ33=1,F33="女"),COUNTIFS($AQ$2:AQ33,1,$F$2:F33,"女"),"")
A34: =ROW()-1 | B34: =INT((A34-1)/37)+1 | C34: =MOD(A34-1,37)+1 | D34: =INDEX(①データ入力!$B$3:$Y$39,C34,(B34-1)*5+1)&"" | E34: =INDEX(①データ入力!$B$3:$Y$39,C34,(B34-1)*5+2)&"" | F34: =IF(OR(E34="1",E34="１",E34="男"),"男",IF(OR(E34="2",E34="２",E34="女"),"女","")) | G34: =INDEX(①データ入力!$B$3:$Y$39,C34,(B34-1)*5+3) | H34: =INDEX(①データ入力!$B$3:$Y$39,C34,(B34-1)*5+4)&"" | I34: =IF(LEFT(TRIM(H34),1)="赤","赤",IF(LEFT(TRIM(H34),1)="白","白","")) | J34: =IF(AND(D34<>"",F34<>"",I34<>"",ISNUMBER(G34)),F34&I34,"") | K34: =IF(J34="","",COUNTIFS($J$2:$J$186,J34,$G$2:$G$186,"<"&G34)+COUNTIFS($J$2:$J$186,J34,$G$2:$G$186,G34,$A$2:$A$186,"<"&A34)+1) | L34: =IF(J34="","",J34&K34) | M34: =B34&"組" | N34: =IF(AND(D34<>"",J34=""),1,0) | S34: 33 | T34: =IF(OR($Q$9=0,S34>$Q$9),0,INT($Q$8/$Q$9)+IF(S34<=MOD($Q$8,$Q$9),1,0)) | U34: =$Q$2-Y33 | V34: =$Q$3-Z33 | W34: =IF(T34=0,0,MIN(U34,MAX(IF(MOD(T34,2)=0,T34/2,IF(U34>=V34,(T34+1)/2,(T34-1)/2)),T34-V34))) | X34: =T34-W34 | Y34: =Y33+W34 | Z34: =Z33+X34 | AB34: 33 | AC34: =IF(OR($Q$11=0,AB34>$Q$11),0,INT($Q$10/$Q$11)+IF(AB34<=MOD($Q$10,$Q$11),1,0)) | AD34: =$Q$4-AH33 | AE34: =$Q$5-AI33 | AF34: =IF(AC34=0,0,MIN(AD34,MAX(IF(MOD(AC34,2)=0,AC34/2,IF(AD34>=AE34,(AC34+1)/2,(AC34-1)/2)),AC34-AE34))) | AG34: =AC34-AF34 | AH34: =AH33+AF34 | AI34: =AI33+AG34 | AK34: =IF(J34="","",IF(J34="男赤",COUNTIF($Y$2:$Y$51,"<"&K34),IF(J34="男白",COUNTIF($Z$2:$Z$51,"<"&K34),IF(J34="女赤",COUNTIF($AH$2:$AH$51,"<"&K34),COUNTIF($AI$2:$AI$51,"<"&K34))))+1) | AL34: =IF(AK34="","",IF(AK34=1,0,IF(J34="男赤",INDEX($Y$2:$Y$51,AK34-1),IF(J34="男白",INDEX($Z$2:$Z$51,AK34-1),IF(J34="女赤",INDEX($AH$2:$AH$51,AK34-1),INDEX($AI$2:$AI$51,AK34-1)))))) | AM34: =IF(AK34="","",IF(RIGHT(J34,1)="赤",K34-AL34,IF(LEFT(J34,1)="男",INDEX($W$2:$W$51,AK34),INDEX($AF$2:$AF$51,AK34))+K34-AL34)) | AN34: =IF(AK34="","",F34&AK34&"-"&AM34) | AO34: =IF(J34="","",F34&D34) | AP34: =IF(J34="","",IF(F34="男",COUNTIF(手直し!$B$6:$E$55,D34),COUNTIF(手直し!$F$6:$I$55,D34))) | AQ34: =IF(AND(J34<>"",AP34=0),1,0) | AR34: =IF(AND(AQ34=1,F34="男"),COUNTIFS($AQ$2:AQ34,1,$F$2:F34,"男"),"") | AS34: =IF(AND(AQ34=1,F34="女"),COUNTIFS($AQ$2:AQ34,1,$F$2:F34,"女"),"")
A35: =ROW()-1 | B35: =INT((A35-1)/37)+1 | C35: =MOD(A35-1,37)+1 | D35: =INDEX(①データ入力!$B$3:$Y$39,C35,(B35-1)*5+1)&"" | E35: =INDEX(①データ入力!$B$3:$Y$39,C35,(B35-1)*5+2)&"" | F35: =IF(OR(E35="1",E35="１",E35="男"),"男",IF(OR(E35="2",E35="２",E35="女"),"女","")) | G35: =INDEX(①データ入力!$B$3:$Y$39,C35,(B35-1)*5+3) | H35: =INDEX(①データ入力!$B$3:$Y$39,C35,(B35-1)*5+4)&"" | I35: =IF(LEFT(TRIM(H35),1)="赤","赤",IF(LEFT(TRIM(H35),1)="白","白","")) | J35: =IF(AND(D35<>"",F35<>"",I35<>"",ISNUMBER(G35)),F35&I35,"") | K35: =IF(J35="","",COUNTIFS($J$2:$J$186,J35,$G$2:$G$186,"<"&G35)+COUNTIFS($J$2:$J$186,J35,$G$2:$G$186,G35,$A$2:$A$186,"<"&A35)+1) | L35: =IF(J35="","",J35&K35) | M35: =B35&"組" | N35: =IF(AND(D35<>"",J35=""),1,0) | S35: 34 | T35: =IF(OR($Q$9=0,S35>$Q$9),0,INT($Q$8/$Q$9)+IF(S35<=MOD($Q$8,$Q$9),1,0)) | U35: =$Q$2-Y34 | V35: =$Q$3-Z34 | W35: =IF(T35=0,0,MIN(U35,MAX(IF(MOD(T35,2)=0,T35/2,IF(U35>=V35,(T35+1)/2,(T35-1)/2)),T35-V35))) | X35: =T35-W35 | Y35: =Y34+W35 | Z35: =Z34+X35 | AB35: 34 | AC35: =IF(OR($Q$11=0,AB35>$Q$11),0,INT($Q$10/$Q$11)+IF(AB35<=MOD($Q$10,$Q$11),1,0)) | AD35: =$Q$4-AH34 | AE35: =$Q$5-AI34 | AF35: =IF(AC35=0,0,MIN(AD35,MAX(IF(MOD(AC35,2)=0,AC35/2,IF(AD35>=AE35,(AC35+1)/2,(AC35-1)/2)),AC35-AE35))) | AG35: =AC35-AF35 | AH35: =AH34+AF35 | AI35: =AI34+AG35 | AK35: =IF(J35="","",IF(J35="男赤",COUNTIF($Y$2:$Y$51,"<"&K35),IF(J35="男白",COUNTIF($Z$2:$Z$51,"<"&K35),IF(J35="女赤",COUNTIF($AH$2:$AH$51,"<"&K35),COUNTIF($AI$2:$AI$51,"<"&K35))))+1) | AL35: =IF(AK35="","",IF(AK35=1,0,IF(J35="男赤",INDEX($Y$2:$Y$51,AK35-1),IF(J35="男白",INDEX($Z$2:$Z$51,AK35-1),IF(J35="女赤",INDEX($AH$2:$AH$51,AK35-1),INDEX($AI$2:$AI$51,AK35-1)))))) | AM35: =IF(AK35="","",IF(RIGHT(J35,1)="赤",K35-AL35,IF(LEFT(J35,1)="男",INDEX($W$2:$W$51,AK35),INDEX($AF$2:$AF$51,AK35))+K35-AL35)) | AN35: =IF(AK35="","",F35&AK35&"-"&AM35) | AO35: =IF(J35="","",F35&D35) | AP35: =IF(J35="","",IF(F35="男",COUNTIF(手直し!$B$6:$E$55,D35),COUNTIF(手直し!$F$6:$I$55,D35))) | AQ35: =IF(AND(J35<>"",AP35=0),1,0) | AR35: =IF(AND(AQ35=1,F35="男"),COUNTIFS($AQ$2:AQ35,1,$F$2:F35,"男"),"") | AS35: =IF(AND(AQ35=1,F35="女"),COUNTIFS($AQ$2:AQ35,1,$F$2:F35,"女"),"")
