Workbook

Sheet ①データ入力
I1: 名簿から名前をコピペして使ってください。３年生以上は性別欄を記入しないと動きません。タイムまで入力したら②のシートへ
A2: No. | B2: 1組 名前 | C2: 性別 (1=男子 2=女子) | D2: タイム (1/100秒) | E2: 赤or白 | G2: 2組 名前 | H2: 性別 (1=男子 2=女子) | I2: タイム (1/100秒) | J2: 赤or白 | L2: 3組 名前 | M2: 性別 (1=男子 2=女子) | N2: タイム (1/100秒) | O2: 赤or白 | Q2: 4組 名前 | R2: 性別 (1=男子 2=女子) | S2: タイム (1/100秒) | T2: 赤or白 | V2: 5組 名前 | W2: 性別 (1=男子 2=女子) | X2: タイム (1/100秒) | Y2: 赤or白
A3: 1
A4: 2
A5: 3
A6: 4
A7: 5
A8: 6
A9: 7
A10: 8
A11: 9
A12: 10
A13: 11
A14: 12
... A39: 37

Sheet 組ごとタイム順
A1: 男子 | J1: 女子 | S1: =IF(計算用!$Q$6>0,"※名前はあるのに性別・タイム・赤白のどれかが未入力で、表に出ていない人が"&計算用!$Q$6&"人います","")
B2: 赤組 | F2: 白組 | K2: 赤組 | O2: 白組
B3: 名前 | C3: クラス | D3: タイム | F3: 名前 | G3: クラス | H3: タイム | K3: 名前 | L3: クラス | M3: タイム | O3: 名前 | P3: クラス | Q3: タイム
A4: =IF(ROW()-3<=MAX(計算用!$Q$2,計算用!$Q$3),ROW()-3,"") | B4: =IFERROR(INDEX(計算用!$D$2:$D$186,MATCH("男赤"&$A4,計算用!$L$2:$L$186,0)),"") | C4: =IFERROR(INDEX(計算用!$M$2:$M$186,MATCH("男赤"&$A4,計算用!$L$2:$L$186,0)),"") | D4: =IFERROR(INDEX(計算用!$G$2:$G$186,MATCH("男赤"&$A4,計算用!$L$2:$L$186,0)),"") | F4: =IFERROR(INDEX(計算用!$D$2:$D$186,MATCH("男白"&$A4,計算用!$L$2:$L$186,0)),"") | G4: =IFERROR(INDEX(計算用!$M$2:$M$186,MATCH("男白"&$A4,計算用!$L$2:$L$186,0)),"") | H4: =IFERROR(INDEX(計算用!$G$2:$G$186,MATCH("男白"&$A4,計算用!$L$2:$L$186,0)),"") | J4: =IF(ROW()-3<=MAX(計算用!$Q$4,計算用!$Q$5),ROW()-3,"") | K4: =IFERROR(INDEX(計算用!$D$2:$D$186,MATCH("女赤"&$J4,計算用!$L$2:$L$186,0)),"") | L4: =IFERROR(INDEX(計算用!$M$2:$M$186,MATCH("女赤"&$J4,計算用!$L$2:$L$186,0)),"") | M4: =IFERROR(INDEX(計算用!$G$2:$G$186,MATCH("女赤"&$J4,計算用!$L$2:$L$186,0)),"") | O4: =IFERROR(INDEX(計算用!$D$2:$D$186,MATCH("女白"&$J4,計算用!$L$2:$L$186,0)),"") | P4: =IFERROR(INDEX(計算用!$M$2:$M$186,MATCH("女白"&$J4,計算用!$L$2:$L$186,0)),"") | Q4: =IFERROR(INDEX(計算用!$G$2:$G$186,MATCH("女白"&$J4,計算用!$L$2:$L$186,0)),"")
A5: =IF(ROW()-3<=MAX(計算用!$Q$2,計算用!$Q$3),ROW()-3,"") | B5: =IFERROR(INDEX(計算用!$D$2:$D$186,MATCH("男赤"&$A5,計算用!$L$2:$L$186,0)),"") | C5: =IFERROR(INDEX(計算用!$M$2:$M$186,MATCH("男赤"&$A5,計算用!$L$2:$L$186,0)),"") | D5: =IFERROR(INDEX(計算用!$G$2:$G$186,MATCH("男赤"&$A5,計算用!$L$2:$L$186,0)),"") | F5: =IFERROR(INDEX(計算用!$D$2:$D$186,MATCH("男白"&$A5,計算用!$L$2:$L$186,0)),"") | G5: =IFERROR(INDEX(計算用!$M$2:$M$186,MATCH("男白"&$A5,計算用!$L$2:$L$186,0)),"") | H5: =IFERROR(INDEX(計算用!$G$2:$G$186,MATCH("男白"&$A5,計算用!$L$2:$L$186,0)),"") | J5: =IF(ROW()-3<=MAX(計算用!$Q$4,計算用!$Q$5),ROW()-3,"") | K5: =IFERROR(INDEX(計算用!$D$2:$D$186,MATCH("女赤"&$J5,計算用!$L$2:$L$186,0)),"") | L5: =IFERROR(INDEX(計算用!$M$2:$M$186,MATCH("女赤"&$J5,計算用!$L$2:$L$186,0)),"") | M5: =IFERROR(INDEX(計算用!$G$2:$G$186,MATCH("女赤"&$J5,計算用!$L$2:$L$186,0)),"") | O5: =IFERROR(INDEX(計算用!$D$2:$D$186,MATCH("女白"&$J5,計算用!$L$2:$L$186,0)),"") | P5: =IFERROR(INDEX(計算用!$M$2:$M$186,MATCH("女白"&$J5,計算用!$L$2:$L$186,0)),"") | Q5: =IFERROR(INDEX(計算用!$G$2:$G$186,MATCH("女白"&$J5,計算用!$L$2:$L$186,0)),"")
A6: =IF(ROW()-3<=MAX(計算用!$Q$2,計算用!$Q$3),ROW()-3,"") | B6: =IFERROR(INDEX(計算用!$D$2:$D$186,MATCH("男赤"&$A6,計算用!$L$2:$L$186,0)),"") | C6: =IFERROR(INDEX(計算用!$M$2:$M$186,MATCH("男赤"&$A6,計算用!$L$2:$L$186,0)),"") | D6: =IFERROR(INDEX(計算用!$G$2:$G$186,MATCH("男赤"&$A6,計算用!$L$2:$L$186,0)),"") | F6: =IFERROR(INDEX(計算用!$D$2:$D$186,MATCH("男白"&$A6,計算用!$L$2:$L$186,0)),"") | G6: =IFERROR(INDEX(計算用!$M$2:$M$186,MATCH("男白"&$A6,計算用!$L$2:$L$186,0)),"") | H6: =IFERROR(INDEX(計算用!$G$2:$G$186,MATCH("男白"&$A6,計算用!$L$2:$L$186,0)),"") | J6: =IF(ROW()-3<=MAX(計算用!$Q$4,計算用!$Q$5),ROW()-3,"") | K6: =IFERROR(INDEX(計算用!$D$2:$D$186,MATCH("女赤"&$J6,計算用!$L$2:$L$186,0)),"") | L6: =IFERROR(INDEX(計算用!$M$2:$M$186,MATCH("女赤"&$J6,計算用!$L$2:$L$186,0)),"") | M6: =IFERROR(INDEX(計算用!$G$2:$G$186,MATCH("女赤"&$J6,計算用!$L$2:$L$186,0)),"") | O6: =IFERROR(INDEX(計算用!$D$2:$D$186,MATCH("女白"&$J6,計算用!$L$2:$L$186,0)),"") | P6: =IFERROR(INDEX(計算用!$M$2:$M$186,MATCH("女白"&$J6,計算用!$L$2:$L$186,0)),"") | Q6: =IFERROR(INDEX(計算用!$G$2:$G$186,MATCH("女白"&$J6,計算用!$L$2:$L$186,0)),"")
A7: =IF(ROW()-3<=MAX(計算用!$Q$2,計算用!$Q$3),ROW()-3,"") | B7: =IFERROR(INDEX(計算用!$D$2:$D$186,MATCH("男赤"&$A7,計算用!$L$2:$L$186,0)),"") | C7: =IFERROR(INDEX(計算用!$M$2:$M$186,MATCH("男赤"&$A7,計算用!$L$2:$L$186,0)),"") | D7: =IFERROR(INDEX(計算用!$G$2:$G$186,MATCH("男赤"&$A7,計算用!$L$2:$L$186,0)),"") | F7: =IFERROR(INDEX(計算用!$D$2:$D$186,MATCH("男白"&$A7,計算用!$L$2:$L$186,0)),"") | G7: =IFERROR(INDEX(計算用!$M$2:$M$186,MATCH("男白"&$A7,計算用!$L$2:$L$186,0)),"") | H7: =IFERROR(INDEX(計算用!$G$2:$G$186,MATCH("男白"&$A7,計算用!$L$2:$L$186,0)),"") | J7: =IF(ROW()-3<=MAX(計算用!$Q$4,計算用!$Q$5),ROW()-3,"") | K7: =IFERROR(INDEX(計算用!$D$2:$D$186,MATCH("女赤"&$J7,計算用!$L$2:$L$186,0)),"") | L7: =IFERROR(INDEX(計算用!$M$2:$M$186,MATCH("女赤"&$J7,計算用!$L$2:$L$186,0)),"") | M7: =IFERROR(INDEX(計算用!$G$2:$G$186,MATCH("女赤"&$J7,計算用!$L$2:$L$186,0)),"") | O7: =IFERROR(INDEX(計算用!$D$2:$D$186,MATCH("女白"&$J7,計算用!$L$2:$L$186,0)),"") | P7: =IFERROR(INDEX(計算用!$M$2:$M$186,MATCH("女白"&$J7,計算用!$L$2:$L$186,0)),"") | Q7: =IFERROR(INDEX(計算用!$G$2:$G$186,MATCH("女白"&$J7,計算用!$L$2:$L$186,0)),"")
A8: =IF(ROW()-3<=MAX(計算用!$Q$2,計算用!$Q$3),ROW()-3,"") | B8: =IFERROR(INDEX(計算用!$D$2:$D$186,MATCH("男赤"&$A8,計算用!$L$2:$L$186,0)),"") | C8: =IFERROR(INDEX(計算用!$M$2:$M$186,MATCH("男赤"&$A8,計算用!$L$2:$L$186,0)),"") | D8: =IFERROR(INDEX(計算用!$G$2:$G$186,MATCH("男赤"&$A8,計算用!$L$2:$L$186,0)),"") | F8: =IFERROR(INDEX(計算用!$D$2:$D$186,MATCH("男白"&$A8,計算用!$L$2:$L$186,0)),"") | G8: =IFERROR(INDEX(計算用!$M$2:$M$186,MATCH("男白"&$A8,計算用!$L$2:$L$186,0)),"") | H8: =IFERROR(INDEX(計算用!$G$2:$G$186,MATCH("男白"&$A8,計算用!$L$2:$L$186,0)),"") | J8: =IF(ROW()-3<=MAX(計算用!$Q$4,計算用!$Q$5),ROW()-3,"") | K8: =IFERROR(INDEX(計算用!$D$2:$D$186,MATCH("女赤"&$J8,計算用!$L$2:$L$186,0)),"") | L8: =IFERROR(INDEX(計算用!$M$2:$M$186,MATCH("女赤"&$J8,計算用!$L$2:$L$186,0)),"") | M8: =IFERROR(INDEX(計算用!$G$2:$G$186,MATCH("女赤"&$J8,計算用!$L$2:$L$186,0)),"") | O8: =IFERROR(INDEX(計算用!$D$2:$D$186,MATCH("女白"&$J8,計算用!$L$2:$L$186,0)),"") | P8: =IFERROR(INDEX(計算用!$M$2:$M$186,MATCH("女白"&$J8,計算用!$L$2:$L$186,0)),"") | Q8: =IFERROR(INDEX(計算用!$G$2:$G$186,MATCH("女白"&$J8,計算用!$L$2:$L$186,0)),"")
A9: =IF(ROW()-3<=MAX(計算用!$Q$2,計算用!$Q$3),ROW()-3,"") | B9: =IFERROR(INDEX(計算用!$D$2:$D$186,MATCH("男赤"&$A9,計算用!$L$2:$L$186,0)),"") | C9: =IFERROR(INDEX(計算用!$M$2:$M$186,MATCH("男赤"&$A9,計算用!$L$2:$L$186,0)),"") | D9: =IFERROR(INDEX(計算用!$G$2:$G$186,MATCH("男赤"&$A9,計算用!$L$2:$L$186,0)),"") | F9: =IFERROR(INDEX(計算用!$D$2:$D$186,MATCH("男白"&$A9,計算用!$L$2:$L$186,0)),"") | G9: =IFERROR(INDEX(計算用!$M$2:$M$186,MATCH("男白"&$A9,計算用!$L$2:$L$186,0)),"") | H9: =IFERROR(INDEX(計算用!$G$2:$G$186,MATCH("男白"&$A9,計算用!$L$2:$L$186,0)),"") | J9: =IF(ROW()-3<=MAX(計算用!$Q$4,計算用!$Q$5),ROW()-3,"") | K9: =IFERROR(INDEX(計算用!$D$2:$D$186,MATCH("女赤"&$J9,計算用!$L$2:$L$186,0)),"") | L9: =IFERROR(INDEX(計算用!$M$2:$M$186,MATCH("女赤"&$J9,計算用!$L$2:$L$186,0)),"") | M9: =IFERROR(INDEX(計算用!$G$2:$G$186,MATCH("女赤"&$J9,計算用!$L$2:$L$186,0)),"") | O9: =IFERROR(INDEX(計算用!$D$2:$D$186,MATCH("女白"&$J9,計算用!$L$2:$L$186,0)),"") | P9: =IFERROR(INDEX(計算用!$M$2:$M$186,MATCH("女白"&$J9,計算用!$L$2:$L$186,0)),"") | Q9: =IFERROR(INDEX(計算用!$G$2:$G$186,MATCH("女白"&$J9,計算用!$L$2:$L$186,0)),"")
A10: =IF(ROW()-3<=MAX(計算用!$Q$2,計算用!$Q$3),ROW()-3,"") | B10: =IFERROR(INDEX(計算用!$D$2:$D$186,MATCH("男赤"&$A10,計算用!$L$2:$L$186,0)),"") | C10: =IFERROR(INDEX(計算用!$M$2:$M$186,MATCH("男赤"&$A10,計算用!$L$2:$L$186,0)),"") | D10: =IFERROR(INDEX(計算用!$G$2:$G$186,MATCH("男赤"&$A10,計算用!$L$2:$L$186,0)),"") | F10: =IFERROR(INDEX(計算用!$D$2:$D$186,MATCH("男白"&$A10,計算用!$L$2:$L$186,0)),"") | G10: =IFERROR(INDEX(計算用!$M$2:$M$186,MATCH("男白"&$A10,計算用!$L$2:$L$186,0)),"") | H10: =IFERROR(INDEX(計算用!$G$2:$G$186,MATCH("男白"&$A10,計算用!$L$2:$L$186,0)),"") | J10: =IF(ROW()-3<=MAX(計算用!$Q$4,計算用!$Q$5),ROW()-3,"") | K10: =IFERROR(INDEX(計算用!$D$2:$D$186,MATCH("女赤"&$J10,計算用!$L$2:$L$186,0)),"") | L10: =IFERROR(INDEX(計算用!$M$2:$M$186,MATCH("女赤"&$J10,計算用!$L$2:$L$186,0)),"") | M10: =IFERROR(INDEX(計算用!$G$2:$G$186,MATCH("女赤"&$J10,計算用!$L$2:$L$186,0)),"") | O10: =IFERROR(INDEX(計算用!$D$2:$D$186,MATCH("女白"&$J10,計算用!$L$2:$L$186,0)),"") | P10: =IFERROR(INDEX(計算用!$M$2:$M$186,MATCH("女白"&$J10,計算用!$L$2:$L$186,0)),"") | Q10: =IFERROR(INDEX(計算用!$G$2:$G$186,MATCH("女白"&$J10,計算用!$L$2:$L$186,0)),"")
A11: =IF(ROW()-3<=MAX(計算用!$Q$2,計算用!$Q$3),ROW()-3,"") | B11: =IFERROR(INDEX(計算用!$D$2:$D$186,MATCH("男赤"&$A11,計算用!$L$2:$L$186,0)),"") | C11: =IFERROR(INDEX(計算用!$M$2:$M$186,MATCH("男赤"&$A11,計算用!$L$2:$L$186,0)),"") | D11: =IFERROR(INDEX(計算用!$G$2:$G$186,MATCH("男赤"&$A11,計算用!$L$2:$L$186,0)),"") | F11: =IFERROR(INDEX(計算用!$D$2:$D$186,MATCH("男白"&$A11,計算用!$L$2:$L$186,0)),"") | G11: =IFERROR(INDEX(計算用!$M$2:$M$186,MATCH("男白"&$A11,計算用!$L$2:$L$186,0)),"") | H11: =IFERROR(INDEX(計算用!$G$2:$G$186,MATCH("男白"&$A11,計算用!$L$2:$L$186,0)),"") | J11: =IF(ROW()-3<=MAX(計算用!$Q$4,計算用!$Q$5),ROW()-3,"") | K11: =IFERROR(INDEX(計算用!$D$2:$D$186,MATCH("女赤"&$J11,計算用!$L$2:$L$186,0)),"") | L11: =IFERROR(INDEX(計算用!$M$2:$M$186,MATCH("女赤"&$J11,計算用!$L$2:$L$186,0)),"") | M11: =IFERROR(INDEX(計算用!$G$2:$G$186,MATCH("女赤"&$J11,計算用!$L$2:$L$186,0)),"") | O11: =IFERROR(INDEX(計算用!$D$2:$D$186,MATCH("女白"&$J11,計算用!$L$2:$L$186,0)),"") | P11: =IFERROR(INDEX(計算用!$M$2:$M$186,MATCH("女白"&$J11,計算用!$L$2:$L$186,0)),"") | Q11: =IFERROR(INDEX(計算用!$G$2:$G$186,MATCH("女白"&$J11,計算用!$L$2:$L$186,0)),"")
A12: =IF(ROW()-3<=MAX(計算用!$Q$2,計算用!$Q$3),ROW()-3,"") | B12: =IFERROR(INDEX(計算用!$D$2:$D$186,MATCH("男赤"&$A12,計算用!$L$2:$L$186,0)),"") | C12: =IFERROR(INDEX(計算用!$M$2:$M$186,MATCH("男赤"&$A12,計算用!$L$2:$L$186,0)),"") | D12: =IFERROR(INDEX(計算用!$G$2:$G$186,MATCH("男赤"&$A12,計算用!$L$2:$L$186,0)),"") | F12: =IFERROR(INDEX(計算用!$D$2:$D$186,MATCH("男白"&$A12,計算用!$L$2:$L$186,0)),"") | G12: =IFERROR(INDEX(計算用!$M$2:$M$186,MATCH("男白"&$A12,計算用!$L$2:$L$186,0)),"") | H12: =IFERROR(INDEX(計算用!$G$2:$G$186,MATCH("男白"&$A12,計算用!$L$2:$L$186,0)),"") | J12: =IF(ROW()-3<=MAX(計算用!$Q$4,計算用!$Q$5),ROW()-3,"") | K12: =IFERROR(INDEX(計算用!$D$2:$D$186,MATCH("女赤"&$J12,計算用!$L$2:$L$186,0)),"") | L12: =IFERROR(INDEX(計算用!$M$2:$M$186,MATCH("女赤"&$J12,計算用!$L$2:$L$186,0)),"") | M12: =IFERROR(INDEX(計算用!$G$2:$G$186,MATCH("女赤"&$J12,計算用!$L$2:$L$186,0)),"") | O12: =IFERROR(INDEX(計算用!$D$2:$D$186,MATCH("女白"&$J12,計算用!$L$2:$L$186,0)),"") | P12: =IFERROR(INDEX(計算用!$M$2:$M$186,MATCH("女白"&$J12,計算用!$L$2:$L$186,0)),"") | Q12: =IFERROR(INDEX(計算用!$G$2:$G$186,MATCH("女白"&$J12,計算用!$L$2:$L$186,0)),"")
A13: =IF(ROW()-3<=MAX(計算用!$Q$2,計算用!$Q$3),ROW()-3,"") | B13: =IFERROR(INDEX(計算用!$D$2:$D$186,MATCH("男赤"&$A13,計算用!$L$2:$L$186,0)),"") | C13: =IFERROR(INDEX(計算用!$M$2:$M$186,MATCH("男赤"&$A13,計算用!$L$2:$L$186,0)),"") | D13: =IFERROR(INDEX(計算用!$G$2:$G$186,MATCH("男赤"&$A13,計算用!$L$2:$L$186,0)),"") | F13: =IFERROR(INDEX(計算用!$D$2:$D$186,MATCH("男白"&$A13,計算用!$L$2:$L$186,0)),"") | G13: =IFERROR(INDEX(計算用!$M$2:$M$186,MATCH("男白"&$A13,計算用!$L$2:$L$186,0)),"") | H13: =IFERROR(INDEX(計算用!$G$2:$G$186,MATCH("男白"&$A13,計算用!$L$2:$L$186,0)),"") | J13: =IF(ROW()-3<=MAX(計算用!$Q$4,計算用!$Q$5),ROW()-3,"") | K13: =IFERROR(INDEX(計算用!$D$2:$D$186,MATCH("女赤"&$J13,計算用!$L$2:$L$186,0)),"") | L13: =IFERROR(INDEX(計算用!$M$2:$M$186,MATCH("女赤"&$J13,計算用!$L$2:$L$186,0)),"") | M13: =IFERROR(INDEX(計算用!$G$2:$G$186,MATCH("女赤"&$J13,計算用!$L$2:$L$186,0)),"") | O13: =IFERROR(INDEX(計算用!$D$2:$D$186,MATCH("女白"&$J13,計算用!$L$2:$L$186,0)),"") | P13: =IFERROR(INDEX(計算用!$M$2:$M$186,MATCH("女白"&$J13,計算用!$L$2:$L$186,0)),"") | Q13: =IFERROR(INDEX(計算用!$G$2:$G$186,MATCH("女白"&$J13,計算用!$L$2:$L$186,0)),"")
A14: =IF(ROW()-3<=MAX(計算用!$Q$2,計算用!$Q$3),ROW()-3,"") | B14: =IFERROR(INDEX(計算用!$D$2:$D$186,MATCH("男赤"&$A14,計算用!$L$2:$L$186,0)),"") | C14: =IFERROR(INDEX(計算用!$M$2:$M$186,MATCH("男赤"&$A14,計算用!$L$2:$L$186,0)),"") | D14: =IFERROR(INDEX(計算用!$G$2:$G$186,MATCH("男赤"&$A14,計算用!$L$2:$L$186,0)),"") | F14: =IFERROR(INDEX(計算用!$D$2:$D$186,MATCH("男白"&$A14,計算用!$L$2:$L$186,0)),"") | G14: =IFERROR(INDEX(計算用!$M$2:$M$186,MATCH("男白"&$A14,計算用!$L$2:$L$186,0)),"") | H14: =IFERROR(INDEX(計算用!$G$2:$G$186,MATCH("男白"&$A14,計算用!$L$2:$L$186,0)),"") | J14: =IF(ROW()-3<=MAX(計算用!$Q$4,計算用!$Q$5),ROW()-3,"") | K14: =IFERROR(INDEX(計算用!$D$2:$D$186,MATCH("女赤"&$J14,計算用!$L$2:$L$186,0)),"") | L14: =IFERROR(INDEX(計算用!$M$2:$M$186,MATCH("女赤"&$J14,計算用!$L$2:$L$186,0)),"") | M14: =IFERROR(INDEX(計算用!$G$2:$G$186,MATCH("女赤"&$J14,計算用!$L$2:$L$186,0)),"") | O14: =IFERROR(INDEX(計算用!$D$2:$D$186,MATCH("女白"&$J14,計算用!$L$2:$L$186,0)),"") | P14: =IFERROR(INDEX(計算用!$M$2:$M$186,MATCH("女白"&$J14,計算用!$L$2:$L$186,0)),"") | Q14: =IFERROR(INDEX(計算用!$G$2:$G$186,MATCH("女白"&$J14,計算用!$L$2:$L$186,0)),"")
A15: =IF(ROW()-3<=MAX(計算用!$Q$2,計算用!$Q$3),ROW()-3,"") | B15: =IFERROR(INDEX(計算用!$D$2:$D$186,MATCH("男赤"&$A15,計算用!$L$2:$L$186,0)),"") | C15: =IFERROR(INDEX(計算用!$M$2:$M$186,MATCH("男赤"&$A15,計算用!$L$2:$L$186,0)),"") | D15: =IFERROR(INDEX(計算用!$G$2:$G$186,MATCH("男赤"&$A15,計算用!$L$2:$L$186,0)),"") | F15: =IFERROR(INDEX(計算用!$D$2:$D$186,MATCH("男白"&$A15,計算用!$L$2:$L$186,0)),"") | G15: =IFERROR(INDEX(計算用!$M$2:$M$186,MATCH("男白"&$A15,計算用!$L$2:$L$186,0)),"") | H15: =IFERROR(INDEX(計算用!$G$2:$G$186,MATCH("男白"&$A15,計算用!$L$2:$L$186,0)),"") | J15: =IF(ROW()-3<=MAX(計算用!$Q$4,計算用!$Q$5),ROW()-3,"") | K15: =IFERROR(INDEX(計算用!$D$2:$D$186,MATCH("女赤"&$J15,計算用!$L$2:$L$186,0)),"") | L15: =IFERROR(INDEX(計算用!$M$2:$M$186,MATCH("女赤"&$J15,計算用!$L$2:$L$186,0)),"") | M15: =IFERROR(INDEX(計算用!$G$2:$G$186,MATCH("女赤"&$J15,計算用!$L$2:$L$186,0)),"") | O15: =IFERROR(INDEX(計算用!$D$2:$D$186,MATCH("女白"&$J15,計算用!$L$2:$L$186,0)),"") | P15: =IFERROR(INDEX(計算用!$M$2:$M$186,MATCH("女白"&$J15,計算用!$L$2:$L$186,0)),"") | Q15: =IFERROR(INDEX(計算用!$G$2:$G$186,MATCH("女白"&$J15,計算用!$L$2:$L$186,0)),"")
... A188: =IF(ROW()-3<=MAX(計算用!$Q$2,計算用!$Q$3),ROW()-3,"") | B188: =IFERROR(INDEX(計算用!$D$2:$D$186,MATCH("男赤"&$A188,計算用!$L$2:$L$186,0)),"") | C188: =IFERROR(INDEX(計算用!$M$2:$M$186,MATCH("男赤"&$A188,計算用!$L$2:$L$186,0)),"") | D188: =IFERROR(INDEX(計算用!$G$2:$G$186,MATCH("男赤"&$A188,計算用!$L$2:$L$186,0)),"") | F188: =IFERROR(INDEX(計算用!$D$2:$D$186,MATCH("男白"&$A188,計算用!$L$2:$L$186,0)),"") | G188: =IFERROR(INDEX(計算用!$M$2:$M$186,MATCH("男白"&$A188,計算用!$L$2:$L$186,0)),"") | H188: =IFERROR(INDEX(計算用!$G$2:$G$186,MATCH("男白"&$A188,計算用!$L$2:$L$186,0)),"") | J188: =IF(ROW()-3<=MAX(計算用!$Q$4,計算用!$Q$5),ROW()-3,"") | K188: =IFERROR(INDEX(計算用!$D$2:$D$186,MATCH("女赤"&$J188,計算用!$L$2:$L$186,0)),"") | L188: =IFERROR(INDEX(計算用!$M$2:$M$186,MATCH("女赤"&$J188,計算用!$L$2:$L$186,0)),"") | M188: =IFERROR(INDEX(計算用!$G$2:$G$186,MATCH("女赤"&$J188,計算用!$L$2:$L$186,0)),"") | O188: =IFERROR(INDEX(計算用!$D$2:$D$186,MATCH("女白"&$J188,計算用!$L$2:$L$186,0)),"") | P188: =IFERROR(INDEX(計算用!$M$2:$M$186,MATCH("女白"&$J188,計算用!$L$2:$L$186,0)),"") | Q188: =IFERROR(INDEX(計算用!$G$2:$G$186,MATCH("女白"&$J188,計算用!$L$2:$L$186,0)),"")

Sheet 4人組
A1: 男子 | D1: =IF(SUMPRODUCT((計算用!$T$2:$T$51>0)*(((計算用!$T$2:$T$51<>4)+(計算用!$W$2:$W$51<>2))>0))>0,"※黄色の組は、人数の都合で調整した組です","") | Q1: 女子 | T1: =IF(SUMPRODUCT((計算用!$AC$2:$AC$51>0)*(((計算用!$AC$2:$AC$51<>4)+(計算用!$AF$2:$AF$51<>2))>0))>0,"※黄色の組は、人数の都合で調整した組です","")
A2: 組 | B2: 人数 | C2: 内訳 | D2: 1人目 | G2: 2人目 | J2: 3人目 | M2: 4人目 | Q2: 組 | R2: 人数 | S2: 内訳 | T2: 1人目 | W2: 2人目 | Z2: 3人目 | AC2: 4人目
D3: 名前 | E3: クラス | F3: 色 | G3: 名前 | H3: クラス | I3: 色 | J3: 名前 | K3: クラス | L3: 色 | M3: 名前 | N3: クラス | O3: 色 | T3: 名前 | U3: クラス | V3: 色 | W3: 名前 | X3: クラス | Y3: 色 | Z3: 名前 | AA3: クラス | AB3: 色 | AC3: 名前 | AD3: クラス | AE3: 色
A4: =IF(ROW()-3<=計算用!$Q$9,ROW()-3,"") | B4: =IF($A4="","",INDEX(計算用!$T$2:$T$51,$A4)) | C4: =IF($A4="","","赤"&INDEX(計算用!$W$2:$W$51,$A4)&"白"&INDEX(計算用!$X$2:$X$51,$A4)) | D4: =IF($A4="","",IFERROR(INDEX(計算用!$D$2:$D$186,MATCH("男"&$A4&"-1",計算用!$AN$2:$AN$186,0)),"")) | E4: =IF($A4="","",IFERROR(INDEX(計算用!$M$2:$M$186,MATCH("男"&$A4&"-1",計算用!$AN$2:$AN$186,0)),"")) | F4: =IF($A4="","",IFERROR(INDEX(計算用!$I$2:$I$186,MATCH("男"&$A4&"-1",計算用!$AN$2:$AN$186,0)),"")) | G4: =IF($A4="","",IFERROR(INDEX(計算用!$D$2:$D$186,MATCH("男"&$A4&"-2",計算用!$AN$2:$AN$186,0)),"")) | H4: =IF($A4="","",IFERROR(INDEX(計算用!$M$2:$M$186,MATCH("男"&$A4&"-2",計算用!$AN$2:$AN$186,0)),"")) | I4: =IF($A4="","",IFERROR(INDEX(計算用!$I$2:$I$186,MATCH("男"&$A4&"-2",計算用!$AN$2:$AN$186,0)),"")) | J4: =IF($A4="","",IFERROR(INDEX(計算用!$D$2:$D$186,MATCH("男"&$A4&"-3",計算用!$AN$2:$AN$186,0)),"")) | K4: =IF($A4="","",IFERROR(INDEX(計算用!$M$2:$M$186,MATCH("男"&$A4&"-3",計算用!$AN$2:$AN$186,0)),"")) | L4: =IF($A4="","",IFERROR(INDEX(計算用!$I$2:$I$186,MATCH("男"&$A4&"-3",計算用!$AN$2:$AN$186,0)),"")) | M4: =IF($A4="","",IFERROR(INDEX(計算用!$D$2:$D$186,MATCH("男"&$A4&"-4",計算用!$AN$2:$AN$186,0)),"")) | N4: =IF($A4="","",IFERROR(INDEX(計算用!$M$2:$M$186,MATCH("男"&$A4&"-4",計算用!$AN$2:$AN$186,0)),"")) | O4: =IF($A4="","",IFERROR(INDEX(計算用!$I$2:$I$186,MATCH("男"&$A4&"-4",計算用!$AN$2:$AN$186,0)),"")) | Q4: =IF(ROW()-3<=計算用!$Q$11,ROW()-3,"") | R4: =IF($Q4="","",INDEX(計算用!$AC$2:$AC$51,$Q4)) | S4: =IF($Q4="","","赤"&INDEX(計算用!$AF$2:$AF$51,$Q4)&"白"&INDEX(計算用!$AG$2:$AG$51,$Q4)) | T4: =IF($Q4="","",IFERROR(INDEX(計算用!$D$2:$D$186,MATCH("女"&$Q4&"-1",計算用!$AN$2:$AN$186,0)),"")) | U4: =IF($Q4="","",IFERROR(INDEX(計算用!$M$2:$M$186,MATCH("女"&$Q4&"-1",計算用!$AN$2:$AN$186,0)),"")) | V4: =IF($Q4="","",IFERROR(INDEX(計算用!$I$2:$I$186,MATCH("女"&$Q4&"-1",計算用!$AN$2:$AN$186,0)),"")) | W4: =IF($Q4="","",IFERROR(INDEX(計算用!$D$2:$D$186,MATCH("女"&$Q4&"-2",計算用!$AN$2:$AN$186,0)),"")) | X4: =IF($Q4="","",IFERROR(INDEX(計算用!$M$2:$M$186,MATCH("女"&$Q4&"-2",計算用!$AN$2:$AN$186,0)),"")) | Y4: =IF($Q4="","",IFERROR(INDEX(計算用!$I$2:$I$186,MATCH("女"&$Q4&"-2",計算用!$AN$2:$AN$186,0)),"")) | Z4: =IF($Q4="","",IFERROR(INDEX(計算用!$D$2:$D$186,MATCH("女"&$Q4&"-3",計算用!$AN$2:$AN$186,0)),"")) | AA4: =IF($Q4="","",IFERROR(INDEX(計算用!$M$2:$M$186,MATCH("女"&$Q4&"-3",計算用!$AN$2:$AN$186,0)),"")) | AB4: =IF($Q4="","",IFERROR(INDEX(計算用!$I$2:$I$186,MATCH("女"&$Q4&"-3",計算用!$AN$2:$AN$186,0)),"")) | AC4: =IF($Q4="","",IFERROR(INDEX(計算用!$D$2:$D$186,MATCH("女"&$Q4&"-4",計算用!$AN$2:$AN$186,0)),"")) | AD4: =IF($Q4="","",IFERROR(INDEX(計算用!$M$2:$M$186,MATCH("女"&$Q4&"-4",計算用!$AN$2:$AN$186,0)),"")) | AE4: =IF($Q4="","",IFERROR(INDEX(計算用!$I$2:$I$186,MATCH("女"&$Q4&"-4",計算用!$AN$2:$AN$186,0)),""))
A5: =IF(ROW()-3<=計算用!$Q$9,ROW()-3,"") | B5: =IF($A5="","",INDEX(計算用!$T$2:$T$51,$A5)) | C5: =IF($A5="","","赤"&INDEX(計算用!$W$2:$W$51,$A5)&"白"&INDEX(計算用!$X$2:$X$51,$A5)) | D5: =IF($A5="","",IFERROR(INDEX(計算用!$D$2:$D$186,MATCH("男"&$A5&"-1",計算用!$AN$2:$AN$186,0)),"")) | E5: =IF($A5="","",IFERROR(INDEX(計算用!$M$2:$M$186,MATCH("男"&$A5&"-1",計算用!$AN$2:$AN$186,0)),"")) | F5: =IF($A5="","",IFERROR(INDEX(計算用!$I$2:$I$186,MATCH("男"&$A5&"-1",計算用!$AN$2:$AN$186,0)),"")) | G5: =IF($A5="","",IFERROR(INDEX(計算用!$D$2:$D$186,MATCH("男"&$A5&"-2",計算用!$AN$2:$AN$186,0)),"")) | H5: =IF($A5="","",IFERROR(INDEX(計算用!$M$2:$M$186,MATCH("男"&$A5&"-2",計算用!$AN$2:$AN$186,0)),"")) | I5: =IF($A5="","",IFERROR(INDEX(計算用!$I$2:$I$186,MATCH("男"&$A5&"-2",計算用!$AN$2:$AN$186,0)),"")) | J5: =IF($A5="","",IFERROR(INDEX(計算用!$D$2:$D$186,MATCH("男"&$A5&"-3",計算用!$AN$2:$AN$186,0)),"")) | K5: =IF($A5="","",IFERROR(INDEX(計算用!$M$2:$M$186,MATCH("男"&$A5&"-3",計算用!$AN$2:$AN$186,0)),"")) | L5: =IF($A5="","",IFERROR(INDEX(計算用!$I$2:$I$186,MATCH("男"&$A5&"-3",計算用!$AN$2:$AN$186,0)),"")) | M5: =IF($A5="","",IFERROR(INDEX(計算用!$D$2:$D$186,MATCH("男"&$A5&"-4",計算用!$AN$2:$AN$186,0)),"")) | N5: =IF($A5="","",IFERROR(INDEX(計算用!$M$2:$M$186,MATCH("男"&$A5&"-4",計算用!$AN$2:$AN$186,0)),"")) | O5: =IF($A5="","",IFERROR(INDEX(計算用!$I$2:$I$186,MATCH("男"&$A5&"-4",計算用!$AN$2:$AN$186,0)),"")) | Q5: =IF(ROW()-3<=計算用!$Q$11,ROW()-3,"") | R5: =IF($Q5="","",INDEX(計算用!$AC$2:$AC$51,$Q5)) | S5: =IF($Q5="","","赤"&INDEX(計算用!$AF$2:$AF$51,$Q5)&"白"&INDEX(計算用!$AG$2:$AG$51,$Q5)) | T5: =IF($Q5="","",IFERROR(INDEX(計算用!$D$2:$D$186,MATCH("女"&$Q5&"-1",計算用!$AN$2:$AN$186,0)),"")) | U5: =IF($Q5="","",IFERROR(INDEX(計算用!$M$2:$M$186,MATCH("女"&$Q5&"-1",計算用!$AN$2:$AN$186,0)),"")) | V5: =IF($Q5="","",IFERROR(INDEX(計算用!$I$2:$I$186,MATCH("女"&$Q5&"-1",計算用!$AN$2:$AN$186,0)),"")) | W5: =IF($Q5="","",IFERROR(INDEX(計算用!$D$2:$D$186,MATCH("女"&$Q5&"-2",計算用!$AN$2:$AN$186,0)),"")) | X5: =IF($Q5="","",IFERROR(INDEX(計算用!$M$2:$M$186,MATCH("女"&$Q5&"-2",計算用!$AN$2:$AN$186,0)),"")) | Y5: =IF($Q5="","",IFERROR(INDEX(計算用!$I$2:$I$186,MATCH("女"&$Q5&"-2",計算用!$AN$2:$AN$186,0)),"")) | Z5: =IF($Q5="","",IFERROR(INDEX(計算用!$D$2:$D$186,MATCH("女"&$Q5&"-3",計算用!$AN$2:$AN$186,0)),"")) | AA5: =IF($Q5="","",IFERROR(INDEX(計算用!$M$2:$M$186,MATCH("女"&$Q5&"-3",計算用!$AN$2:$AN$186,0)),"")) | AB5: =IF($Q5="","",IFERROR(INDEX(計算用!$I$2:$I$186,MATCH("女"&$Q5&"-3",計算用!$AN$2:$AN$186,0)),"")) | AC5: =IF($Q5="","",IFERROR(INDEX(計算用!$D$2:$D$186,MATCH("女"&$Q5&"-4",計算用!$AN$2:$AN$186,0)),"")) | AD5: =IF($Q5="","",IFERROR(INDEX(計算用!$M$2:$M$186,MATCH("女"&$Q5&"-4",計算用!$AN$2:$AN$186,0)),"")) | AE5: =IF($Q5="","",IFERROR(INDEX(計算用!$I$2:$I$186,MATCH("女"&$Q5&"-4",計算用!$AN$2:$AN$186,0)),""))
A6: =IF(ROW()-3<=計算用!$Q$9,ROW()-3,"") | B6: =IF($A6="","",INDEX(計算用!$T$2:$T$51,$A6)) | C6: =IF($A6="","","赤"&INDEX(計算用!$W$2:$W$51,$A6)&"白"&INDEX(計算用!$X$2:$X$51,$A6)) | D6: =IF($A6="","",IFERROR(INDEX(計算用!$D$2:$D$186,MATCH("男"&$A6&"-1",計算用!$AN$2:$AN$186,0)),"")) | E6: =IF($A6="","",IFERROR(INDEX(計算用!$M$2:$M$186,MATCH("男"&$A6&"-1",計算用!$AN$2:$AN$186,0)),"")) | F6: =IF($A6="","",IFERROR(INDEX(計算用!$I$2:$I$186,MATCH("男"&$A6&"-1",計算用!$AN$2:$AN$186,0)),"")) | G6: =IF($A6="","",IFERROR(INDEX(計算用!$D$2:$D$186,MATCH("男"&$A6&"-2",計算用!$AN$2:$AN$186,0)),"")) | H6: =IF($A6="","",IFERROR(INDEX(計算用!$M$2:$M$186,MATCH("男"&$A6&"-2",計算用!$AN$2:$AN$186,0)),"")) | I6: =IF($A6="","",IFERROR(INDEX(計算用!$I$2:$I$186,MATCH("男"&$A6&"-2",計算用!$AN$2:$AN$186,0)),"")) | J6: =IF($A6="","",IFERROR(INDEX(計算用!$D$2:$D$186,MATCH("男"&$A6&"-3",計算用!$AN$2:$AN$186,0)),"")) | K6: =IF($A6="","",IFERROR(INDEX(計算用!$M$2:$M$186,MATCH("男"&$A6&"-3",計算用!$AN$2:$AN$186,0)),"")) | L6: =IF($A6="","",IFERROR(INDEX(計算用!$I$2:$I$186,MATCH("男"&$A6&"-3",計算用!$AN$2:$AN$186,0)),"")) | M6: =IF($A6="","",IFERROR(INDEX(計算用!$D$2:$D$186,MATCH("男"&$A6&"-4",計算用!$AN$2:$AN$186,0)),"")) | N6: =IF($A6="","",IFERROR(INDEX(計算用!$M$2:$M$186,MATCH("男"&$A6&"-4",計算用!$AN$2:$AN$186,0)),"")) | O6: =IF($A6="","",IFERROR(INDEX(計算用!$I$2:$I$186,MATCH("男"&$A6&"-4",計算用!$AN$2:$AN$186,0)),"")) | Q6: =IF(ROW()-3<=計算用!$Q$11,ROW()-3,"") | R6: =IF($Q6="","",INDEX(計算用!$AC$2:$AC$51,$Q6)) | S6: =IF($Q6="","","赤"&INDEX(計算用!$AF$2:$AF$51,$Q6)&"白"&INDEX(計算用!$AG$2:$AG$51,$Q6)) | T6: =IF($Q6="","",IFERROR(INDEX(計算用!$D$2:$D$186,MATCH("女"&$Q6&"-1",計算用!$AN$2:$AN$186,0)),"")) | U6: =IF($Q6="","",IFERROR(INDEX(計算用!$M$2:$M$186,MATCH("女"&$Q6&"-1",計算用!$AN$2:$AN$186,0)),"")) | V6: =IF($Q6="","",IFERROR(INDEX(計算用!$I$2:$I$186,MATCH("女"&$Q6&"-1",計算用!$AN$2:$AN$186,0)),"")) | W6: =IF($Q6="","",IFERROR(INDEX(計算用!$D$2:$D$186,MATCH("女"&$Q6&"-2",計算用!$AN$2:$AN$186,0)),"")) | X6: =IF($Q6="","",IFERROR(INDEX(計算用!$M$2:$M$186,MATCH("女"&$Q6&"-2",計算用!$AN$2:$AN$186,0)),"")) | Y6: =IF($Q6="","",IFERROR(INDEX(計算用!$I$2:$I$186,MATCH("女"&$Q6&"-2",計算用!$AN$2:$AN$186,0)),"")) | Z6: =IF($Q6="","",IFERROR(INDEX(計算用!$D$2:$D$186,MATCH("女"&$Q6&"-3",計算用!$AN$2:$AN$186,0)),"")) | AA6: =IF($Q6="","",IFERROR(INDEX(計算用!$M$2:$M$186,MATCH("女"&$Q6&"-3",計算用!$AN$2:$AN$186,0)),"")) | AB6: =IF($Q6="","",IFERROR(INDEX(計算用!$I$2:$I$186,MATCH("女"&$Q6&"-3",計算用!$AN$2:$AN$186,0)),"")) | AC6: =IF($Q6="","",IFERROR(INDEX(計算用!$D$2:$D$186,MATCH("女"&$Q6&"-4",計算用!$AN$2:$AN$186,0)),"")) | AD6: =IF($Q6="","",IFERROR(INDEX(計算用!$M$2:$M$186,MATCH("女"&$Q6&"-4",計算用!$AN$2:$AN$186,0)),"")) | AE6: =IF($Q6="","",IFERROR(INDEX(計算用!$I$2:$I$186,MATCH("女"&$Q6&"-4",計算用!$AN$2:$AN$186,0)),""))
A7: =IF(ROW()-3<=計算用!$Q$9,ROW()-3,"") | B7: =IF($A7="","",INDEX(計算用!$T$2:$T$51,$A7)) | C7: =IF($A7="","","赤"&INDEX(計算用!$W$2:$W$51,$A7)&"白"&INDEX(計算用!$X$2:$X$51,$A7)) | D7: =IF($A7="","",IFERROR(INDEX(計算用!$D$2:$D$186,MATCH("男"&$A7&"-1",計算用!$AN$2:$AN$186,0)),"")) | E7: =IF($A7="","",IFERROR(INDEX(計算用!$M$2:$M$186,MATCH("男"&$A7&"-1",計算用!$AN$2:$AN$186,0)),"")) | F7: =IF($A7="","",IFERROR(INDEX(計算用!$I$2:$I$186,MATCH("男"&$A7&"-1",計算用!$AN$2:$AN$186,0)),"")) | G7: =IF($A7="","",IFERROR(INDEX(計算用!$D$2:$D$186,MATCH("男"&$A7&"-2",計算用!$AN$2:$AN$186,0)),"")) | H7: =IF($A7="","",IFERROR(INDEX(計算用!$M$2:$M$186,MATCH("男"&$A7&"-2",計算用!$AN$2:$AN$186,0)),"")) | I7: =IF($A7="","",IFERROR(INDEX(計算用!$I$2:$I$186,MATCH("男"&$A7&"-2",計算用!$AN$2:$AN$186,0)),"")) | J7: =IF($A7="","",IFERROR(INDEX(計算用!$D$2:$D$186,MATCH("男"&$A7&"-3",計算用!$AN$2:$AN$186,0)),"")) | K7: =IF($A7="","",IFERROR(INDEX(計算用!$M$2:$M$186,MATCH("男"&$A7&"-3",計算用!$AN$2:$AN$186,0)),"")) | L7: =IF($A7="","",IFERROR(INDEX(計算用!$I$2:$I$186,MATCH("男"&$A7&"-3",計算用!$AN$2:$AN$186,0)),"")) | M7: =IF($A7="","",IFERROR(INDEX(計算用!$D$2:$D$186,MATCH("男"&$A7&"-4",計算用!$AN$2:$AN$186,0)),"")) | N7: =IF($A7="","",IFERROR(INDEX(計算用!$M$2:$M$186,MATCH("男"&$A7&"-4",計算用!$AN$2:$AN$186,0)),"")) | O7: =IF($A7="","",IFERROR(INDEX(計算用!$I$2:$I$186,MATCH("男"&$A7&"-4",計算用!$AN$2:$AN$186,0)),"")) | Q7: =IF(ROW()-3<=計算用!$Q$11,ROW()-3,"") | R7: =IF($Q7="","",INDEX(計算用!$AC$2:$AC$51,$Q7)) | S7: =IF($Q7="","","赤"&INDEX(計算用!$AF$2:$AF$51,$Q7)&"白"&INDEX(計算用!$AG$2:$AG$51,$Q7)) | T7: =IF($Q7="","",IFERROR(INDEX(計算用!$D$2:$D$186,MATCH("女"&$Q7&"-1",計算用!$AN$2:$AN$186,0)),"")) | U7: =IF($Q7="","",IFERROR(INDEX(計算用!$M$2:$M$186,MATCH("女"&$Q7&"-1",計算用!$AN$2:$AN$186,0)),"")) | V7: =IF($Q7="","",IFERROR(INDEX(計算用!$I$2:$I$186,MATCH("女"&$Q7&"-1",計算用!$AN$2:$AN$186,0)),"")) | W7: =IF($Q7="","",IFERROR(INDEX(計算用!$D$2:$D$186,MATCH("女"&$Q7&"-2",計算用!$AN$2:$AN$186,0)),"")) | X7: =IF($Q7="","",IFERROR(INDEX(計算用!$M$2:$M$186,MATCH("女"&$Q7&"-2",計算用!$AN$2:$AN$186,0)),"")) | Y7: =IF($Q7="","",IFERROR(INDEX(計算用!$I$2:$I$186,MATCH("女"&$Q7&"-2",計算用!$AN$2:$AN$186,0)),"")) | Z7: =IF($Q7="","",IFERROR(INDEX(計算用!$D$2:$D$186,MATCH("女"&$Q7&"-3",計算用!$AN$2:$AN$186,0)),"")) | AA7: =IF($Q7="","",IFERROR(INDEX(計算用!$M$2:$M$186,MATCH("女"&$Q7&"-3",計算用!$AN$2:$AN$186,0)),"")) | AB7: =IF($Q7="","",IFERROR(INDEX(計算用!$I$2:$I$186,MATCH("女"&$Q7&"-3",計算用!$AN$2:$AN$186,0)),"")) | AC7: =IF($Q7="","",IFERROR(INDEX(計算用!$D$2:$D$186,MATCH("女"&$Q7&"-4",計算用!$AN$2:$AN$186,0)),"")) | AD7: =IF($Q7="","",IFERROR(INDEX(計算用!$M$2:$M$186,MATCH("女"&$Q7&"-4",計算用!$AN$2:$AN$186,0)),"")) | AE7: =IF($Q7="","",IFERROR(INDEX(計算用!$I$2:$I$186,MATCH("女"&$Q7&"-4",計算用!$AN$2:$AN$186,0)),""))
A8: =IF(ROW()-3<=計算用!$Q$9,ROW()-3,"") | B8: =IF($A8="","",INDEX(計算用!$T$2:$T$51,$A8)) | C8: =IF($A8="","","赤"&INDEX(計算用!$W$2:$W$51,$A8)&"白"&INDEX(計算用!$X$2:$X$51,$A8)) | D8: =IF($A8="","",IFERROR(INDEX(計算用!$D$2:$D$186,MATCH("男"&$A8&"-1",計算用!$AN$2:$AN$186,0)),"")) | E8: =IF($A8="","",IFERROR(INDEX(計算用!$M$2:$M$186,MATCH("男"&$A8&"-1",計算用!$AN$2:$AN$186,0)),"")) | F8: =IF($A8="","",IFERROR(INDEX(計算用!$I$2:$I$186,MATCH("男"&$A8&"-1",計算用!$AN$2:$AN$186,0)),"")) | G8: =IF($A8="","",IFERROR(INDEX(計算用!$D$2:$D$186,MATCH("男"&$A8&"-2",計算用!$AN$2:$AN$186,0)),"")) | H8: =IF($A8="","",IFERROR(INDEX(計算用!$M$2:$M$186,MATCH("男"&$A8&"-2",計算用!$AN$2:$AN$186,0)),"")) | I8: =IF($A8="","",IFERROR(INDEX(計算用!$I$2:$I$186,MATCH("男"&$A8&"-2",計算用!$AN$2:$AN$186,0)),"")) | J8: =IF($A8="","",IFERROR(INDEX(計算用!$D$2:$D$186,MATCH("男"&$A8&"-3",計算用!$AN$2:$AN$186,0)),"")) | K8: =IF($A8="","",IFERROR(INDEX(計算用!$M$2:$M$186,MATCH("男"&$A8&"-3",計算用!$AN$2:$AN$186,0)),"")) | L8: =IF($A8="","",IFERROR(INDEX(計算用!$I$2:$I$186,MATCH("男"&$A8&"-3",計算用!$AN$2:$AN$186,0)),"")) | M8: =IF($A8="","",IFERROR(INDEX(計算用!$D$2:$D$186,MATCH("男"&$A8&"-4",計算用!$AN$2:$AN$186,0)),"")) | N8: =IF($A8="","",IFERROR(INDEX(計算用!$M$2:$M$186,MATCH("男"&$A8&"-4",計算用!$AN$2:$AN$186,0)),"")) | O8: =IF($A8="","",IFERROR(INDEX(計算用!$I$2:$I$186,MATCH("男"&$A8&"-4",計算用!$AN$2:$AN$186,0)),"")) | Q8: =IF(ROW()-3<=計算用!$Q$11,ROW()-3,"") | R8: =IF($Q8="","",INDEX(計算用!$AC$2:$AC$51,$Q8)) | S8: =IF($Q8="","","赤"&INDEX(計算用!$AF$2:$AF$51,$Q8)&"白"&INDEX(計算用!$AG$2:$AG$51,$Q8)) | T8: =IF($Q8="","",IFERROR(INDEX(計算用!$D$2:$D$186,MATCH("女"&$Q8&"-1",計算用!$AN$2:$AN$186,0)),"")) | U8: =IF($Q8="","",IFERROR(INDEX(計算用!$M$2:$M$186,MATCH("女"&$Q8&"-1",計算用!$AN$2:$AN$186,0)),"")) | V8: =IF($Q8="","",IFERROR(INDEX(計算用!$I$2:$I$186,MATCH("女"&$Q8&"-1",計算用!$AN$2:$AN$186,0)),"")) | W8: =IF($Q8="","",IFERROR(INDEX(計算用!$D$2:$D$186,MATCH("女"&$Q8&"-2",計算用!$AN$2:$AN$186,0)),"")) | X8: =IF($Q8="","",IFERROR(INDEX(計算用!$M$2:$M$186,MATCH("女"&$Q8&"-2",計算用!$AN$2:$AN$186,0)),"")) | Y8: =IF($Q8="","",IFERROR(INDEX(計算用!$I$2:$I$186,MATCH("女"&$Q8&"-2",計算用!$AN$2:$AN$186,0)),"")) | Z8: =IF($Q8="","",IFERROR(INDEX(計算用!$D$2:$D$186,MATCH("女"&$Q8&"-3",計算用!$AN$2:$AN$186,0)),"")) | AA8: =IF($Q8="","",IFERROR(INDEX(計算用!$M$2:$M$186,MATCH("女"&$Q8&"-3",計算用!$AN$2:$AN$186,0)),"")) | AB8: =IF($Q8="","",IFERROR(INDEX(計算用!$I$2:$I$186,MATCH("女"&$Q8&"-3",計算用!$AN$2:$AN$186,0)),"")) | AC8: =IF($Q8="","",IFERROR(INDEX(計算用!$D$2:$D$186,MATCH("女"&$Q8&"-4",計算用!$AN$2:$AN$186,0)),"")) | AD8: =IF($Q8="","",IFERROR(INDEX(計算用!$M$2:$M$186,MATCH("女"&$Q8&"-4",計算用!$AN$2:$AN$186,0)),"")) | AE8: =IF($Q8="","",IFERROR(INDEX(計算用!$I$2:$I$186,MATCH("女"&$Q8&"-4",計算用!$AN$2:$AN$186,0)),""))
A9: =IF(ROW()-3<=計算用!$Q$9,ROW()-3,"") | B9: =IF($A9="","",INDEX(計算用!$T$2:$T$51,$A9)) | C9: =IF($A9="","","赤"&INDEX(計算用!$W$2:$W$51,$A9)&"白"&INDEX(計算用!$X$2:$X$51,$A9)) | D9: =IF($A9="","",IFERROR(INDEX(計算用!$D$2:$D$186,MATCH("男"&$A9&"-1",計算用!$AN$2:$AN$186,0)),"")) | E9: =IF($A9="","",IFERROR(INDEX(計算用!$M$2:$M$186,MATCH("男"&$A9&"-1",計算用!$AN$2:$AN$186,0)),"")) | F9: =IF($A9="","",IFERROR(INDEX(計算用!$I$2:$I$186,MATCH("男"&$A9&"-1",計算用!$AN$2:$AN$186,0)),"")) | G9: =IF($A9="","",IFERROR(INDEX(計算用!$D$2:$D$186,MATCH("男"&$A9&"-2",計算用!$AN$2:$AN$186,0)),"")) | H9: =IF($A9="","",IFERROR(INDEX(計算用!$M$2:$M$186,MATCH("男"&$A9&"-2",計算用!$AN$2:$AN$186,0)),"")) | I9: =IF($A9="","",IFERROR(INDEX(計算用!$I$2:$I$186,MATCH("男"&$A9&"-2",計算用!$AN$2:$AN$186,0)),"")) | J9: =IF($A9="","",IFERROR(INDEX(計算用!$D$2:$D$186,MATCH("男"&$A9&"-3",計算用!$AN$2:$AN$186,0)),"")) | K9: =IF($A9="","",IFERROR(INDEX(計算用!$M$2:$M$186,MATCH("男"&$A9&"-3",計算用!$AN$2:$AN$186,0)),"")) | L9: =IF($A9="","",IFERROR(INDEX(計算用!$I$2:$I$186,MATCH("男"&$A9&"-3",計算用!$AN$2:$AN$186,0)),"")) | M9: =IF($A9="","",IFERROR(INDEX(計算用!$D$2:$D$186,MATCH("男"&$A9&"-4",計算用!$AN$2:$AN$186,0)),"")) | N9: =IF($A9="","",IFERROR(INDEX(計算用!$M$2:$M$186,MATCH("男"&$A9&"-4",計算用!$AN$2:$AN$186,0)),"")) | O9: =IF($A9="","",IFERROR(INDEX(計算用!$I$2:$I$186,MATCH("男"&$A9&"-4",計算用!$AN$2:$AN$186,0)),"")) | Q9: =IF(ROW()-3<=計算用!$Q$11,ROW()-3,"") | R9: =IF($Q9="","",INDEX(計算用!$AC$2:$AC$51,$Q9)) | S9: =IF($Q9="","","赤"&INDEX(計算用!$AF$2:$AF$51,$Q9)&"白"&INDEX(計算用!$AG$2:$AG$51,$Q9)) | T9: =IF($Q9="","",IFERROR(INDEX(計算用!$D$2:$D$186,MATCH("女"&$Q9&"-1",計算用!$AN$2:$AN$186,0)),"")) | U9: =IF($Q9="","",IFERROR(INDEX(計算用!$M$2:$M$186,MATCH("女"&$Q9&"-1",計算用!$AN$2:$AN$186,0)),"")) | V9: =IF($Q9="","",IFERROR(INDEX(計算用!$I$2:$I$186,MATCH("女"&$Q9&"-1",計算用!$AN$2:$AN$186,0)),"")) | W9: =IF($Q9="","",IFERROR(INDEX(計算用!$D$2:$D$186,MATCH("女"&$Q9&"-2",計算用!$AN$2:$AN$186,0)),"")) | X9: =IF($Q9="","",IFERROR(INDEX(計算用!$M$2:$M$186,MATCH("女"&$Q9&"-2",計算用!$AN$2:$AN$186,0)),"")) | Y9: =IF($Q9="","",IFERROR(INDEX(計算用!$I$2:$I$186,MATCH("女"&$Q9&"-2",計算用!$AN$2:$AN$186,0)),"")) | Z9: =IF($Q9="","",IFERROR(INDEX(計算用!$D$2:$D$186,MATCH("女"&$Q9&"-3",計算用!$AN$2:$AN$186,0)),"")) | AA9: =IF($Q9="","",IFERROR(INDEX(計算用!$M$2:$M$186,MATCH("女"&$Q9&"-3",計算用!$AN$2:$AN$186,0)),"")) | AB9: =IF($Q9="","",IFERROR(INDEX(計算用!$I$2:$I$186,MATCH("女"&$Q9&"-3",計算用!$AN$2:$AN$186,0)),"")) | AC9: =IF($Q9="","",IFERROR(INDEX(計算用!$D$2:$D$186,MATCH("女"&$Q9&"-4",計算用!$AN$2:$AN$186,0)),"")) | AD9: =IF($Q9="","",IFERROR(INDEX(計算用!$M$2:$M$186,MATCH("女"&$Q9&"-4",計算用!$AN$2:$AN$186,0)),"")) | AE9: =IF($Q9="","",IFERROR(INDEX(計算用!$I$2:$I$186,MATCH("女"&$Q9&"-4",計算用!$AN$2:$AN$186,0)),""))
A10: =IF(ROW()-3<=計算用!$Q$9,ROW()-3,"") | B10: =IF($A10="","",INDEX(計算用!$T$2:$T$51,$A10)) | C10: =IF($A10="","","赤"&INDEX(計算用!$W$2:$W$51,$A10)&"白"&INDEX(計算用!$X$2:$X$51,$A10)) | D10: =IF($A10="","",IFERROR(INDEX(計算用!$D$2:$D$186,MATCH("男"&$A10&"-1",計算用!$AN$2:$AN$186,0)),"")) | E10: =IF($A10="","",IFERROR(INDEX(計算用!$M$2:$M$186,MATCH("男"&$A10&"-1",計算用!$AN$2:$AN$186,0)),"")) | F10: =IF($A10="","",IFERROR(INDEX(計算用!$I$2:$I$186,MATCH("男"&$A10&"-1",計算用!$AN$2:$AN$186,0)),"")) | G10: =IF($A10="","",IFERROR(INDEX(計算用!$D$2:$D$186,MATCH("男"&$A10&"-2",計算用!$AN$2:$AN$186,0)),"")) | H10: =IF($A10="","",IFERROR(INDEX(計算用!$M$2:$M$186,MATCH("男"&$A10&"-2",計算用!$AN$2:$AN$186,0)),"")) | I10: =IF($A10="","",IFERROR(INDEX(計算用!$I$2:$I$186,MATCH("男"&$A10&"-2",計算用!$AN$2:$AN$186,0)),"")) | J10: =IF($A10="","",IFERROR(INDEX(計算用!$D$2:$D$186,MATCH("男"&$A10&"-3",計算用!$AN$2:$AN$186,0)),"")) | K10: =IF($A10="","",IFERROR(INDEX(計算用!$M$2:$M$186,MATCH("男"&$A10&"-3",計算用!$AN$2:$AN$186,0)),"")) | L10: =IF($A10="","",IFERROR(INDEX(計算用!$I$2:$I$186,MATCH("男"&$A10&"-3",計算用!$AN$2:$AN$186,0)),"")) | M10: =IF($A10="","",IFERROR(INDEX(計算用!$D$2:$D$186,MATCH("男"&$A10&"-4",計算用!$AN$2:$AN$186,0)),"")) | N10: =IF($A10="","",IFERROR(INDEX(計算用!$M$2:$M$186,MATCH("男"&$A10&"-4",計算用!$AN$2:$AN$186,0)),"")) | O10: =IF($A10="","",IFERROR(INDEX(計算用!$I$2:$I$186,MATCH("男"&$A10&"-4",計算用!$AN$2:$AN$186,0)),"")) | Q10: =IF(ROW()-3<=計算用!$Q$11,ROW()-3,"") | R10: =IF($Q10="","",INDEX(計算用!$AC$2:$AC$51,$Q10)) | S10: =IF($Q10="","","赤"&INDEX(計算用!$AF$2:$AF$51,$Q10)&"白"&INDEX(計算用!$AG$2:$AG$51,$Q10)) | T10: =IF($Q10="","",IFERROR(INDEX(計算用!$D$2:$D$186,MATCH("女"&$Q10&"-1",計算用!$AN$2:$AN$186,0)),"")) | U10: =IF($Q10="","",IFERROR(INDEX(計算用!$M$2:$M$186,MATCH("女"&$Q10&"-1",計算用!$AN$2:$AN$186,0)),"")) | V10: =IF($Q10="","",IFERROR(INDEX(計算用!$I$2:$I$186,MATCH("女"&$Q10&"-1",計算用!$AN$2:$AN$186,0)),"")) | W10: =IF($Q10="","",IFERROR(INDEX(計算用!$D$2:$D$186,MATCH("女"&$Q10&"-2",計算用!$AN$2:$AN$186,0)),"")) | X10: =IF($Q10="","",IFERROR(INDEX(計算用!$M$2:$M$186,MATCH("女"&$Q10&"-2",計算用!$AN$2:$AN$186,0)),"")) | Y10: =IF($Q10="","",IFERROR(INDEX(計算用!$I$2:$I$186,MATCH("女"&$Q10&"-2",計算用!$AN$2:$AN$186,0)),"")) | Z10: =IF($Q10="","",IFERROR(INDEX(計算用!$D$2:$D$186,MATCH("女"&$Q10&"-3",計算用!$AN$2:$AN$186,0)),"")) | AA10: =IF($Q10="","",IFERROR(INDEX(計算用!$M$2:$M$186,MATCH("女"&$Q10&"-3",計算用!$AN$2:$AN$186,0)),"")) | AB10: =IF($Q10="","",IFERROR(INDEX(計算用!$I$2:$I$186,MATCH("女"&$Q10&"-3",計算用!$AN$2:$AN$186,0)),"")) | AC10: =IF($Q10="","",IFERROR(INDEX(計算用!$D$2:$D$186,MATCH("女"&$Q10&"-4",計算用!$AN$2:$AN$186,0)),"")) | AD10: =IF($Q10="","",IFERROR(INDEX(計算用!$M$2:$M$186,MATCH("女"&$Q10&"-4",計算用!$AN$2:$AN$186,0)),"")) | AE10: =IF($Q10="","",IFERROR(INDEX(計算用!$I$2:$I$186,MATCH("女"&$Q10&"-4",計算用!$AN$2:$AN$186,0)),""))
A11: =IF(ROW()-3<=計算用!$Q$9,ROW()-3,"") | B11: =IF($A11="","",INDEX(計算用!$T$2:$T$51,$A11)) | C11: =IF($A11="","","赤"&INDEX(計算用!$W$2:$W$51,$A11)&"白"&INDEX(計算用!$X$2:$X$51,$A11)) | D11: =IF($A11="","",IFERROR(INDEX(計算用!$D$2:$D$186,MATCH("男"&$A11&"-1",計算用!$AN$2:$AN$186,0)),"")) | E11: =IF($A11="","",IFERROR(INDEX(計算用!$M$2:$M$186,MATCH("男"&$A11&"-1",計算用!$AN$2:$AN$186,0)),"")) | F11: =IF($A11="","",IFERROR(INDEX(計算用!$I$2:$I$186,MATCH("男"&$A11&"-1",計算用!$AN$2:$AN$186,0)),"")) | G11: =IF($A11="","",IFERROR(INDEX(計算用!$D$2:$D$186,MATCH("男"&$A11&"-2",計算用!$AN$2:$AN$186,0)),"")) | H11: =IF($A11="","",IFERROR(INDEX(計算用!$M$2:$M$186,MATCH("男"&$A11&"-2",計算用!$AN$2:$AN$186,0)),"")) | I11: =IF($A11="","",IFERROR(INDEX(計算用!$I$2:$I$186,MATCH("男"&$A11&"-2",計算用!$AN$2:$AN$186,0)),"")) | J11: =IF($A11="","",IFERROR(INDEX(計算用!$D$2:$D$186,MATCH("男"&$A11&"-3",計算用!$AN$2:$AN$186,0)),"")) | K11: =IF($A11="","",IFERROR(INDEX(計算用!$M$2:$M$186,MATCH("男"&$A11&"-3",計算用!$AN$2:$AN$186,0)),"")) | L11: =IF($A11="","",IFERROR(INDEX(計算用!$I$2:$I$186,MATCH("男"&$A11&"-3",計算用!$AN$2:$AN$186,0)),"")) | M11: =IF($A11="","",IFERROR(INDEX(計算用!$D$2:$D$186,MATCH("男"&$A11&"-4",計算用!$AN$2:$AN$186,0)),"")) | N11: =IF($A11="","",IFERROR(INDEX(計算用!$M$2:$M$186,MATCH("男"&$A11&"-4",計算用!$AN$2:$AN$186,0)),"")) | O11: =IF($A11="","",IFERROR(INDEX(計算用!$I$2:$I$186,MATCH("男"&$A11&"-4",計算用!$AN$2:$AN$186,0)),"")) | Q11: =IF(ROW()-3<=計算用!$Q$11,ROW()-3,"") | R11: =IF($Q11="","",INDEX(計算用!$AC$2:$AC$51,$Q11)) | S11: =IF($Q11="","","赤"&INDEX(計算用!$AF$2:$AF$51,$Q11)&"白"&INDEX(計算用!$AG$2:$AG$51,$Q11)) | T11: =IF($Q11="","",IFERROR(INDEX(計算用!$D$2:$D$186,MATCH("女"&$Q11&"-1",計算用!$AN$2:$AN$186,0)),"")) | U11: =IF($Q11="","",IFERROR(INDEX(計算用!$M$2:$M$186,MATCH("女"&$Q11&"-1",計算用!$AN$2:$AN$186,0)),"")) | V11: =IF($Q11="","",IFERROR(INDEX(計算用!$I$2:$I$186,MATCH("女"&$Q11&"-1",計算用!$AN$2:$AN$186,0)),"")) | W11: =IF($Q11="","",IFERROR(INDEX(計算用!$D$2:$D$186,MATCH("女"&$Q11&"-2",計算用!$AN$2:$AN$186,0)),"")) | X11: =IF($Q11="","",IFERROR(INDEX(計算用!$M$2:$M$186,MATCH("女"&$Q11&"-2",計算用!$AN$2:$AN$186,0)),"")) | Y11: =IF($Q11="","",IFERROR(INDEX(計算用!$I$2:$I$186,MATCH("女"&$Q11&"-2",計算用!$AN$2:$AN$186,0)),"")) | Z11: =IF($Q11="","",IFERROR(INDEX(計算用!$D$2:$D$186,MATCH("女"&$Q11&"-3",計算用!$AN$2:$AN$186,0)),"")) | AA11: =IF($Q11="","",IFERROR(INDEX(計算用!$M$2:$M$186,MATCH("女"&$Q11&"-3",計算用!$AN$2:$AN$186,0)),"")) | AB11: =IF($Q11="","",IFERROR(INDEX(計算用!$I$2:$I$186,MATCH("女"&$Q11&"-3",計算用!$AN$2:$AN$186,0)),"")) | AC11: =IF($Q11="","",IFERROR(INDEX(計算用!$D$2:$D$186,MATCH("女"&$Q11&"-4",計算用!$AN$2:$AN$186,0)),"")) | AD11: =IF($Q11="","",IFERROR(INDEX(計算用!$M$2:$M$186,MATCH("女"&$Q11&"-4",計算用!$AN$2:$AN$186,0)),"")) | AE11: =IF($Q11="","",IFERROR(INDEX(計算用!$I$2:$I$186,MATCH("女"&$Q11&"-4",計算用!$AN$2:$AN$186,0)),""))
A12: =IF(ROW()-3<=計算用!$Q$9,ROW()-3,"") | B12: =IF($A12="","",INDEX(計算用!$T$2:$T$51,$A12)) | C12: =IF($A12="","","赤"&INDEX(計算用!$W$2:$W$51,$A12)&"白"&INDEX(計算用!$X$2:$X$51,$A12)) | D12: =IF($A12="","",IFERROR(INDEX(計算用!$D$2:$D$186,MATCH("男"&$A12&"-1",計算用!$AN$2:$AN$186,0)),"")) | E12: =IF($A12="","",IFERROR(INDEX(計算用!$M$2:$M$186,MATCH("男"&$A12&"-1",計算用!$AN$2:$AN$186,0)),"")) | F12: =IF($A12="","",IFERROR(INDEX(計算用!$I$2:$I$186,MATCH("男"&$A12&"-1",計算用!$AN$2:$AN$186,0)),"")) | G12: =IF($A12="","",IFERROR(INDEX(計算用!$D$2:$D$186,MATCH("男"&$A12&"-2",計算用!$AN$2:$AN$186,0)),"")) | H12: =IF($A12="","",IFERROR(INDEX(計算用!$M$2:$M$186,MATCH("男"&$A12&"-2",計算用!$AN$2:$AN$186,0)),"")) | I12: =IF($A12="","",IFERROR(INDEX(計算用!$I$2:$I$186,MATCH("男"&$A12&"-2",計算用!$AN$2:$AN$186,0)),"")) | J12: =IF($A12="","",IFERROR(INDEX(計算用!$D$2:$D$186,MATCH("男"&$A12&"-3",計算用!$AN$2:$AN$186,0)),"")) | K12: =IF($A12="","",IFERROR(INDEX(計算用!$M$2:$M$186,MATCH("男"&$A12&"-3",計算用!$AN$2:$AN$186,0)),"")) | L12: =IF($A12="","",IFERROR(INDEX(計算用!$I$2:$I$186,MATCH("男"&$A12&"-3",計算用!$AN$2:$AN$186,0)),"")) | M12: =IF($A12="","",IFERROR(INDEX(計算用!$D$2:$D$186,MATCH("男"&$A12&"-4",計算用!$AN$2:$AN$186,0)),"")) | N12: =IF($A12="","",IFERROR(INDEX(計算用!$M$2:$M$186,MATCH("男"&$A12&"-4",計算用!$AN$2:$AN$186,0)),"")) | O12: =IF($A12="","",IFERROR(INDEX(計算用!$I$2:$I$186,MATCH("男"&$A12&"-4",計算用!$AN$2:$AN$186,0)),"")) | Q12: =IF(ROW()-3<=計算用!$Q$11,ROW()-3,"") | R12: =IF($Q12="","",INDEX(計算用!$AC$2:$AC$51,$Q12)) | S12: =IF($Q12="","","赤"&INDEX(計算用!$AF$2:$AF$51,$Q12)&"白"&INDEX(計算用!$AG$2:$AG$51,$Q12)) | T12: =IF($Q12="","",IFERROR(INDEX(計算用!$D$2:$D$186,MATCH("女"&$Q12&"-1",計算用!$AN$2:$AN$186,0)),"")) | U12: =IF($Q12="","",IFERROR(INDEX(計算用!$M$2:$M$186,MATCH("女"&$Q12&"-1",計算用!$AN$2:$AN$186,0)),"")) | V12: =IF($Q12="","",IFERROR(INDEX(計算用!$I$2:$I$186,MATCH("女"&$Q12&"-1",計算用!$AN$2:$AN$186,0)),"")) | W12: =IF($Q12="","",IFERROR(INDEX(計算用!$D$2:$D$186,MATCH("女"&$Q12&"-2",計算用!$AN$2:$AN$186,0)),"")) | X12: =IF($Q12="","",IFERROR(INDEX(計算用!$M$2:$M$186,MATCH("女"&$Q12&"-2",計算用!$AN$2:$AN$186,0)),"")) | Y12: =IF($Q12="","",IFERROR(INDEX(計算用!$I$2:$I$186,MATCH("女"&$Q12&"-2",計算用!$AN$2:$AN$186,0)),"")) | Z12: =IF($Q12="","",IFERROR(INDEX(計算用!$D$2:$D$186,MATCH("女"&$Q12&"-3",計算用!$AN$2:$AN$186,0)),"")) | AA12: =IF($Q12="","",IFERROR(INDEX(計算用!$M$2:$M$186,MATCH("女"&$Q12&"-3",計算用!$AN$2:$AN$186,0)),"")) | AB12: =IF($Q12="","",IFERROR(INDEX(計算用!$I$2:$I$186,MATCH("女"&$Q12&"-3",計算用!$AN$2:$AN$186,0)),"")) | AC12: =IF($Q12="","",IFERROR(INDEX(計算用!$D$2:$D$186,MATCH("女"&$Q12&"-4",計算用!$AN$2:$AN$186,0)),"")) | AD12: =IF($Q12="","",IFERROR(INDEX(計算用!$M$2:$M$186,MATCH("女"&$Q12&"-4",計算用!$AN$2:$AN$186,0)),"")) | AE12: =IF($Q12="","",IFERROR(INDEX(計算用!$I$2:$I$186,MATCH("女"&$Q12&"-4",計算用!$AN$2:$AN$186,0)),""))
A13: =IF(ROW()-3<=計算用!$Q$9,ROW()-3,"") | B13: =IF($A13="","",INDEX(計算用!$T$2:$T$51,$A13)) | C13: =IF($A13="","","赤"&INDEX(計算用!$W$2:$W$51,$A13)&"白"&INDEX(計算用!$X$2:$X$51,$A13)) | D13: =IF($A13="","",IFERROR(INDEX(計算用!$D$2:$D$186,MATCH("男"&$A13&"-1",計算用!$AN$2:$AN$186,0)),"")) | E13: =IF($A13="","",IFERROR(INDEX(計算用!$M$2:$M$186,MATCH("男"&$A13&"-1",計算用!$AN$2:$AN$186,0)),"")) | F13: =IF($A13="","",IFERROR(INDEX(計算用!$I$2:$I$186,MATCH("男"&$A13&"-1",計算用!$AN$2:$AN$186,0)),"")) | G13: =IF($A13="","",IFERROR(INDEX(計算用!$D$2:$D$186,MATCH("男"&$A13&"-2",計算用!$AN$2:$AN$186,0)),"")) | H13: =IF($A13="","",IFERROR(INDEX(計算用!$M$2:$M$186,MATCH("男"&$A13&"-2",計算用!$AN$2:$AN$186,0)),"")) | I13: =IF($A13="","",IFERROR(INDEX(計算用!$I$2:$I$186,MATCH("男"&$A13&"-2",計算用!$AN$2:$AN$186,0)),"")) | J13: =IF($A13="","",IFERROR(INDEX(計算用!$D$2:$D$186,MATCH("男"&$A13&"-3",計算用!$AN$2:$AN$186,0)),"")) | K13: =IF($A13="","",IFERROR(INDEX(計算用!$M$2:$M$186,MATCH("男"&$A13&"-3",計算用!$AN$2:$AN$186,0)),"")) | L13: =IF($A13="","",IFERROR(INDEX(計算用!$I$2:$I$186,MATCH("男"&$A13&"-3",計算用!$AN$2:$AN$186,0)),"")) | M13: =IF($A13="","",IFERROR(INDEX(計算用!$D$2:$D$186,MATCH("男"&$A13&"-4",計算用!$AN$2:$AN$186,0)),"")) | N13: =IF($A13="","",IFERROR(INDEX(計算用!$M$2:$M$186,MATCH("男"&$A13&"-4",計算用!$AN$2:$AN$186,0)),"")) | O13: =IF($A13="","",IFERROR(INDEX(計算用!$I$2:$I$186,MATCH("男"&$A13&"-4",計算用!$AN$2:$AN$186,0)),"")) | Q13: =IF(ROW()-3<=計算用!$Q$11,ROW()-3,"") | R13: =IF($Q13="","",INDEX(計算用!$AC$2:$AC$51,$Q13)) | S13: =IF($Q13="","","赤"&INDEX(計算用!$AF$2:$AF$51,$Q13)&"白"&INDEX(計算用!$AG$2:$AG$51,$Q13)) | T13: =IF($Q13="","",IFERROR(INDEX(計算用!$D$2:$D$186,MATCH("女"&$Q13&"-1",計算用!$AN$2:$AN$186,0)),"")) | U13: =IF($Q13="","",IFERROR(INDEX(計算用!$M$2:$M$186,MATCH("女"&$Q13&"-1",計算用!$AN$2:$AN$186,0)),"")) | V13: =IF($Q13="","",IFERROR(INDEX(計算用!$I$2:$I$186,MATCH("女"&$Q13&"-1",計算用!$AN$2:$AN$186,0)),"")) | W13: =IF($Q13="","",IFERROR(INDEX(計算用!$D$2:$D$186,MATCH("女"&$Q13&"-2",計算用!$AN$2:$AN$186,0)),"")) | X13: =IF($Q13="","",IFERROR(INDEX(計算用!$M$2:$M$186,MATCH("女"&$Q13&"-2",計算用!$AN$2:$AN$186,0)),"")) | Y13: =IF($Q13="","",IFERROR(INDEX(計算用!$I$2:$I$186,MATCH("女"&$Q13&"-2",計算用!$AN$2:$AN$186,0)),"")) | Z13: =IF($Q13="","",IFERROR(INDEX(計算用!$D$2:$D$186,MATCH("女"&$Q13&"-3",計算用!$AN$2:$AN$186,0)),"")) | AA13: =IF($Q13="","",IFERROR(INDEX(計算用!$M$2:$M$186,MATCH("女"&$Q13&"-3",計算用!$AN$2:$AN$186,0)),"")) | AB13: =IF($Q13="","",IFERROR(INDEX(計算用!$I$2:$I$186,MATCH("女"&$Q13&"-3",計算用!$AN$2:$AN$186,0)),"")) | AC13: =IF($Q13="","",IFERROR(INDEX(計算用!$D$2:$D$186,MATCH("女"&$Q13&"-4",計算用!$AN$2:$AN$186,0)),"")) | AD13: =IF($Q13="","",IFERROR(INDEX(計算用!$M$2:$M$186,MATCH("女"&$Q13&"-4",計算用!$AN$2:$AN$186,0)),"")) | AE13: =IF($Q13="","",IFERROR(INDEX(計算用!$I$2:$I$186,MATCH("女"&$Q13&"-4",計算用!$AN$2:$AN$186,0)),""))
A14: =IF(ROW()-3<=計算用!$Q$9,ROW()-3,"") | B14: =IF($A14="","",INDEX(計算用!$T$2:$T$51,$A14)) | C14: =IF($A14="","","赤"&INDEX(計算用!$W$2:$W$51,$A14)&"白"&INDEX(計算用!$X$2:$X$51,$A14)) | D14: =IF($A14="","",IFERROR(INDEX(計算用!$D$2:$D$186,MATCH("男"&$A14&"-1",計算用!$AN$2:$AN$186,0)),"")) | E14: =IF($A14="","",IFERROR(INDEX(計算用!$M$2:$M$186,MATCH("男"&$A14&"-1",計算用!$AN$2:$AN$186,0)),"")) | F14: =IF($A14="","",IFERROR(INDEX(計算用!$I$2:$I$186,MATCH("男"&$A14&"-1",計算用!$AN$2:$AN$186,0)),"")) | G14: =IF($A14="","",IFERROR(INDEX(計算用!$D$2:$D$186,MATCH("男"&$A14&"-2",計算用!$AN$2:$AN$186,0)),"")) | H14: =IF($A14="","",IFERROR(INDEX(計算用!$M$2:$M$186,MATCH("男"&$A14&"-2",計算用!$AN$2:$AN$186,0)),"")) | I14: =IF($A14="","",IFERROR(INDEX(計算用!$I$2:$I$186,MATCH("男"&$A14&"-2",計算用!$AN$2:$AN$186,0)),"")) | J14: =IF($A14="","",IFERROR(INDEX(計算用!$D$2:$D$186,MATCH("男"&$A14&"-3",計算用!$AN$2:$AN$186,0)),"")) | K14: =IF($A14="","",IFERROR(INDEX(計算用!$M$2:$M$186,MATCH("男"&$A14&"-3",計算用!$AN$2:$AN$186,0)),"")) | L14: =IF($A14="","",IFERROR(INDEX(計算用!$I$2:$I$186,MATCH("男"&$A14&"-3",計算用!$AN$2:$AN$186,0)),"")) | M14: =IF($A14="","",IFERROR(INDEX(計算用!$D$2:$D$186,MATCH("男"&$A14&"-4",計算用!$AN$2:$AN$186,0)),"")) | N14: =IF($A14="","",IFERROR(INDEX(計算用!$M$2:$M$186,MATCH("男"&$A14&"-4",計算用!$AN$2:$AN$186,0)),"")) | O14: =IF($A14="","",IFERROR(INDEX(計算用!$I$2:$I$186,MATCH("男"&$A14&"-4",計算用!$AN$2:$AN$186,0)),"")) | Q14: =IF(ROW()-3<=計算用!$Q$11,ROW()-3,"") | R14: =IF($Q14="","",INDEX(計算用!$AC$2:$AC$51,$Q14)) | S14: =IF($Q14="","","赤"&INDEX(計算用!$AF$2:$AF$51,$Q14)&"白"&INDEX(計算用!$AG$2:$AG$51,$Q14)) | T14: =IF($Q14="","",IFERROR(INDEX(計算用!$D$2:$D$186,MATCH("女"&$Q14&"-1",計算用!$AN$2:$AN$186,0)),"")) | U14: =IF($Q14="","",IFERROR(INDEX(計算用!$M$2:$M$186,MATCH("女"&$Q14&"-1",計算用!$AN$2:$AN$186,0)),"")) | V14: =IF($Q14="","",IFERROR(INDEX(計算用!$I$2:$I$186,MATCH("女"&$Q14&"-1",計算用!$AN$2:$AN$186,0)),"")) | W14: =IF($Q14="","",IFERROR(INDEX(計算用!$D$2:$D$186,MATCH("女"&$Q14&"-2",計算用!$AN$2:$AN$186,0)),"")) | X14: =IF($Q14="","",IFERROR(INDEX(計算用!$M$2:$M$186,MATCH("女"&$Q14&"-2",計算用!$AN$2:$AN$186,0)),"")) | Y14: =IF($Q14="","",IFERROR(INDEX(計算用!$I$2:$I$186,MATCH("女"&$Q14&"-2",計算用!$AN$2:$AN$186,0)),"")) | Z14: =IF($Q14="","",IFERROR(INDEX(計算用!$D$2:$D$186,MATCH("女"&$Q14&"-3",計算用!$AN$2:$AN$186,0)),"")) | AA14: =IF($Q14="","",IFERROR(INDEX(計算用!$M$2:$M$186,MATCH("女"&$Q14&"-3",計算用!$AN$2:$AN$186,0)),"")) | AB14: =IF($Q14="","",IFERROR(INDEX(計算用!$I$2:$I$186,MATCH("女"&$Q14&"-3",計算用!$AN$2:$AN$186,0)),"")) | AC14: =IF($Q14="","",IFERROR(INDEX(計算用!$D$2:$D$186,MATCH("女"&$Q14&"-4",計算用!$AN$2:$AN$186,0)),"")) | AD14: =IF($Q14="","",IFERROR(INDEX(計算用!$M$2:$M$186,MATCH("女"&$Q14&"-4",計算用!$AN$2:$AN$186,0)),"")) | AE14: =IF($Q14="","",IFERROR(INDEX(計算用!$I$2:$I$186,MATCH("女"&$Q14&"-4",計算用!$AN$2:$AN$186,0)),""))
A15: =IF(ROW()-3<=計算用!$Q$9,ROW()-3,"") | B15: =IF($A15="","",INDEX(計算用!$T$2:$T$51,$A15)) | C15: =IF($A15="","","赤"&INDEX(計算用!$W$2:$W$51,$A15)&"白"&INDEX(計算用!$X$2:$X$51,$A15)) | D15: =IF($A15="","",IFERROR(INDEX(計算用!$D$2:$D$186,MATCH("男"&$A15&"-1",計算用!$AN$2:$AN$186,0)),"")) | E15: =IF($A15="","",IFERROR(INDEX(計算用!$M$2:$M$186,MATCH("男"&$A15&"-1",計算用!$AN$2:$AN$186,0)),"")) | F15: =IF($A15="","",IFERROR(INDEX(計算用!$I$2:$I$186,MATCH("男"&$A15&"-1",計算用!$AN$2:$AN$186,0)),"")) | G15: =IF($A15="","",IFERROR(INDEX(計算用!$D$2:$D$186,MATCH("男"&$A15&"-2",計算用!$AN$2:$AN$186,0)),"")) | H15: =IF($A15="","",IFERROR(INDEX(計算用!$M$2:$M$186,MATCH("男"&$A15&"-2",計算用!$AN$2:$AN$186,0)),"")) | I15: =IF($A15="","",IFERROR(INDEX(計算用!$I$2:$I$186,MATCH("男"&$A15&"-2",計算用!$AN$2:$AN$186,0)),"")) | J15: =IF($A15="","",IFERROR(INDEX(計算用!$D$2:$D$186,MATCH("男"&$A15&"-3",計算用!$AN$2:$AN$186,0)),"")) | K15: =IF($A15="","",IFERROR(INDEX(計算用!$M$2:$M$186,MATCH("男"&$A15&"-3",計算用!$AN$2:$AN$186,0)),"")) | L15: =IF($A15="","",IFERROR(INDEX(計算用!$I$2:$I$186,MATCH("男"&$A15&"-3",計算用!$AN$2:$AN$186,0)),"")) | M15: =IF($A15="","",IFERROR(INDEX(計算用!$D$2:$D$186,MATCH("男"&$A15&"-4",計算用!$AN$2:$AN$186,0)),"")) | N15: =IF($A15="","",IFERROR(INDEX(計算用!$M$2:$M$186,MATCH("男"&$A15&"-4",計算用!$AN$2:$AN$186,0)),"")) | O15: =IF($A15="","",IFERROR(INDEX(計算用!$I$2:$I$186,MATCH("男"&$A15&"-4",計算用!$AN$2:$AN$186,0)),"")) | Q15: =IF(ROW()-3<=計算用!$Q$11,ROW()-3,"") | R15: =IF($Q15="","",INDEX(計算用!$AC$2:$AC$51,$Q15)) | S15: =IF($Q15="","","赤"&INDEX(計算用!$AF$2:$AF$51,$Q15)&"白"&INDEX(計算用!$AG$2:$AG$51,$Q15)) | T15: =IF($Q15="","",IFERROR(INDEX(計算用!$D$2:$D$186,MATCH("女"&$Q15&"-1",計算用!$AN$2:$AN$186,0)),"")) | U15: =IF($Q15="","",IFERROR(INDEX(計算用!$M$2:$M$186,MATCH("女"&$Q15&"-1",計算用!$AN$2:$AN$186,0)),"")) | V15: =IF($Q15="","",IFERROR(INDEX(計算用!$I$2:$I$186,MATCH("女"&$Q15&"-1",計算用!$AN$2:$AN$186,0)),"")) | W15: =IF($Q15="","",IFERROR(INDEX(計算用!$D$2:$D$186,MATCH("女"&$Q15&"-2",計算用!$AN$2:$AN$186,0)),"")) | X15: =IF($Q15="","",IFERROR(INDEX(計算用!$M$2:$M$186,MATCH("女"&$Q15&"-2",計算用!$AN$2:$AN$186,0)),"")) | Y15: =IF($Q15="","",IFERROR(INDEX(計算用!$I$2:$I$186,MATCH("女"&$Q15&"-2",計算用!$AN$2:$AN$186,0)),"")) | Z15: =IF($Q15="","",IFERROR(INDEX(計算用!$D$2:$D$186,MATCH("女"&$Q15&"-3",計算用!$AN$2:$AN$186,0)),"")) | AA15: =IF($Q15="","",IFERROR(INDEX(計算用!$M$2:$M$186,MATCH("女"&$Q15&"-3",計算用!$AN$2:$AN$186,0)),"")) | AB15: =IF($Q15="","",IFERROR(INDEX(計算用!$I$2:$I$186,MATCH("女"&$Q15&"-3",計算用!$AN$2:$AN$186,0)),"")) | AC15: =IF($Q15="","",IFERROR(INDEX(計算用!$D$2:$D$186,MATCH("女"&$Q15&"-4",計算用!$AN$2:$AN$186,0)),"")) | AD15: =IF($Q15="","",IFERROR(INDEX(計算用!$M$2:$M$186,MATCH("女"&$Q15&"-4",計算用!$AN$2:$AN$186,0)),"")) | AE15: =IF($Q15="","",IFERROR(INDEX(計算用!$I$2:$I$186,MATCH("女"&$Q15&"-4",計算用!$AN$2:$AN$186,0)),""))
... A53: =IF(ROW()-3<=計算用!$Q$9,ROW()-3,"") | B53: =IF($A53="","",INDEX(計算用!$T$2:$T$51,$A53)) | C53: =IF($A53="","","赤"&INDEX(計算用!$W$2:$W$51,$A53)&"白"&INDEX(計算用!$X$2:$X$51,$A53)) | D53: =IF($A53="","",IFERROR(INDEX(計算用!$D$2:$D$186,MATCH("男"&$A53&"-1",計算用!$AN$2:$AN$186,0)),"")) | E53: =IF($A53="","",IFERROR(INDEX(計算用!$M$2:$M$186,MATCH("男"&$A53&"-1",計算用!$AN$2:$AN$186,0)),"")) | F53: =IF($A53="","",IFERROR(INDEX(計算用!$I$2:$I$186,MATCH("男"&$A53&"-1",計算用!$AN$2:$AN$186,0)),"")) | G53: =IF($A53="","",IFERROR(INDEX(計算用!$D$2:$D$186,MATCH("男"&$A53&"-2",計算用!$AN$2:$AN$186,0)),"")) | H53: =IF($A53="","",IFERROR(INDEX(計算用!$M$2:$M$186,MATCH("男"&$A53&"-2",計算用!$AN$2:$AN$186,0)),"")) | I53: =IF($A53="","",IFERROR(INDEX(計算用!$I$2:$I$186,MATCH("男"&$A53&"-2",計算用!$AN$2:$AN$186,0)),"")) | J53: =IF($A53="","",IFERROR(INDEX(計算用!$D$2:$D$186,MATCH("男"&$A53&"-3",計算用!$AN$2:$AN$186,0)),"")) | K53: =IF($A53="","",IFERROR(INDEX(計算用!$M$2:$M$186,MATCH("男"&$A53&"-3",計算用!$AN$2:$AN$186,0)),"")) | L53: =IF($A53="","",IFERROR(INDEX(計算用!$I$2:$I$186,MATCH("男"&$A53&"-3",計算用!$AN$2:$AN$186,0)),"")) | M53: =IF($A53="","",IFERROR(INDEX(計算用!$D$2:$D$186,MATCH("男"&$A53&"-4",計算用!$AN$2:$AN$186,0)),"")) | N53: =IF($A53="","",IFERROR(INDEX(計算用!$M$2:$M$186,MATCH("男"&$A53&"-4",計算用!$AN$2:$AN$186,0)),"")) | O53: =IF($A53="","",IFERROR(INDEX(計算用!$I$2:$I$186,MATCH("男"&$A53&"-4",計算用!$AN$2:$AN$186,0)),"")) | Q53: =IF(ROW()-3<=計算用!$Q$11,ROW()-3,"") | R53: =IF($Q53="","",INDEX(計算用!$AC$2:$AC$51,$Q53)) | S53: =IF($Q53="","","赤"&INDEX(計算用!$AF$2:$AF$51,$Q53)&"白"&INDEX(計算用!$AG$2:$AG$51,$Q53)) | T53: =IF($Q53="","",IFERROR(INDEX(計算用!$D$2:$D$186,MATCH("女"&$Q53&"-1",計算用!$AN$2:$AN$186,0)),"")) | U53: =IF($Q53="","",IFERROR(INDEX(計算用!$M$2:$M$186,MATCH("女"&$Q53&"-1",計算用!$AN$2:$AN$186,0)),"")) | V53: =IF($Q53="","",IFERROR(INDEX(計算用!$I$2:$I$186,MATCH("女"&$Q53&"-1",計算用!$AN$2:$AN$186,0)),"")) | W53: =IF($Q53="","",IFERROR(INDEX(計算用!$D$2:$D$186,MATCH("女"&$Q53&"-2",計算用!$AN$2:$AN$186,0)),"")) | X53: =IF($Q53="","",IFERROR(INDEX(計算用!$M$2:$M$186,MATCH("女"&$Q53&"-2",計算用!$AN$2:$AN$186,0)),"")) | Y53: =IF($Q53="","",IFERROR(INDEX(計算用!$I$2:$I$186,MATCH("女"&$Q53&"-2",計算用!$AN$2:$AN$186,0)),"")) | Z53: =IF($Q53="","",IFERROR(INDEX(計算用!$D$2:$D$186,MATCH("女"&$Q53&"-3",計算用!$AN$2:$AN$186,0)),"")) | AA53: =IF($Q53="","",IFERROR(INDEX(計算用!$M$2:$M$186,MATCH("女"&$Q53&"-3",計算用!$AN$2:$AN$186,0)),"")) | AB53: =IF($Q53="","",IFERROR(INDEX(計算用!$I$2:$I$186,MATCH("女"&$Q53&"-3",計算用!$AN$2:$AN$186,0)),"")) | AC53: =IF($Q53="","",IFERROR(INDEX(計算用!$D$2:$D$186,MATCH("女"&$Q53&"-4",計算用!$AN$2:$AN$186,0)),"")) | AD53: =IF($Q53="","",IFERROR(INDEX(計算用!$M$2:$M$186,MATCH("女"&$Q53&"-4",計算用!$AN$2:$AN$186,0)),"")) | AE53: =IF($Q53="","",IFERROR(INDEX(計算用!$I$2:$I$186,MATCH("女"&$Q53&"-4",計算用!$AN$2:$AN$186,0)),""))

Sheet 手動調整
A1: 手動調整 | C1: 組を変えたい子だけ、「変更後の組」に組の番号を入れてください。「何人目」は組の中で並べたい順番です（空いていれば自動の順番）。結果は「決定版」シートに出ます。※このシートは並べかえないでください。
C2: ="男子：自動 "&計算用!$Q$9&"組 → 決定版 "&計算用!$Q$13&"組"&IF(SUMPRODUCT((計算用!$BB$2:$BB$51>4)*1)>0," 5人以上の組 "&SUMPRODUCT((計算用!$BB$2:$BB$51>4)*1)&"つ","")&IF(SUMPRODUCT((計算用!$BA$2:$BA$51<=計算用!$Q$13)*(計算用!$BB$2:$BB$51=0))>0," だれもいない組 "&SUMPRODUCT((計算用!$BA$2:$BA$51<=計算用!$Q$13)*(計算用!$BB$2:$BB$51=0))&"つ","") | I2: ="女子：自動 "&計算用!$Q$11&"組 → 決定版 "&計算用!$Q$14&"組"&IF(SUMPRODUCT((計算用!$BG$2:$BG$51>4)*1)>0," 5人以上の組 "&SUMPRODUCT((計算用!$BG$2:$BG$51>4)*1)&"つ","")&IF(SUMPRODUCT((計算用!$BF$2:$BF$51<=計算用!$Q$14)*(計算用!$BG$2:$BG$51=0))>0," だれもいない組 "&SUMPRODUCT((計算用!$BF$2:$BF$51<=計算用!$Q$14)*(計算用!$BG$2:$BG$51=0))&"つ","")
A3: クラス | B3: No. | C3: 名前 | D3: 性別 | E3: 色 | F3: タイム | G3: 自動の組 | H3: 自動の 何人目 | I3: 変更後の組 | J3: 何人目 | K3: 決定の組 | L3: 決定の 何人目 | M3: 確認
A4: =IF(計算用!$D$2="","",計算用!$M$2) | B4: =IF(計算用!$D$2="","",計算用!$C$2) | C4: =IF(計算用!$D$2="","",計算用!$D$2) | D4: =IF(計算用!$D$2="","",計算用!$F$2) | E4: =IF(計算用!$D$2="","",計算用!$I$2) | F4: =IF(計算用!$D$2="","",計算用!$G$2) | G4: =IF(計算用!$D$2="","",計算用!$AK$2) | H4: =IF(計算用!$D$2="","",計算用!$AM$2) | K4: =IF(計算用!$D$2="","",計算用!$AP$2) | L4: =IF(計算用!$D$2="","",計算用!$AR$2) | M4: =IF(計算用!$D$2="",IF(OR(I4<>"",J4<>""),"名前がありません",""),IF(計算用!$J$2="",IF(OR(I4<>"",J4<>""),"入力不足のため組に入りません","入力不足"),IF(AND(I4<>"",I4<>G4),"組を変更",IF(J4<>"","順番を指定",""))))
A5: =IF(計算用!$D$3="","",計算用!$M$3) | B5: =IF(計算用!$D$3="","",計算用!$C$3) | C5: =IF(計算用!$D$3="","",計算用!$D$3) | D5: =IF(計算用!$D$3="","",計算用!$F$3) | E5: =IF(計算用!$D$3="","",計算用!$I$3) | F5: =IF(計算用!$D$3="","",計算用!$G$3) | G5: =IF(計算用!$D$3="","",計算用!$AK$3) | H5: =IF(計算用!$D$3="","",計算用!$AM$3) | K5: =IF(計算用!$D$3="","",計算用!$AP$3) | L5: =IF(計算用!$D$3="","",計算用!$AR$3) | M5: =IF(計算用!$D$3="",IF(OR(I5<>"",J5<>""),"名前がありません",""),IF(計算用!$J$3="",IF(OR(I5<>"",J5<>""),"入力不足のため組に入りません","入力不足"),IF(AND(I5<>"",I5<>G5),"組を変更",IF(J5<>"","順番を指定",""))))
A6: =IF(計算用!$D$4="","",計算用!$M$4) | B6: =IF(計算用!$D$4="","",計算用!$C$4) | C6: =IF(計算用!$D$4="","",計算用!$D$4) | D6: =IF(計算用!$D$4="","",計算用!$F$4) | E6: =IF(計算用!$D$4="","",計算用!$I$4) | F6: =IF(計算用!$D$4="","",計算用!$G$4) | G6: =IF(計算用!$D$4="","",計算用!$AK$4) | H6: =IF(計算用!$D$4="","",計算用!$AM$4) | K6: =IF(計算用!$D$4="","",計算用!$AP$4) | L6: =IF(計算用!$D$4="","",計算用!$AR$4) | M6: =IF(計算用!$D$4="",IF(OR(I6<>"",J6<>""),"名前がありません",""),IF(計算用!$J$4="",IF(OR(I6<>"",J6<>""),"入力不足のため組に入りません","入力不足"),IF(AND(I6<>"",I6<>G6),"組を変更",IF(J6<>"","順番を指定",""))))
A7: =IF(計算用!$D$5="","",計算用!$M$5) | B7: =IF(計算用!$D$5="","",計算用!$C$5) | C7: =IF(計算用!$D$5="","",計算用!$D$5) | D7: =IF(計算用!$D$5="","",計算用!$F$5) | E7: =IF(計算用!$D$5="","",計算用!$I$5) | F7: =IF(計算用!$D$5="","",計算用!$G$5) | G7: =IF(計算用!$D$5="","",計算用!$AK$5) | H7: =IF(計算用!$D$5="","",計算用!$AM$5) | K7: =IF(計算用!$D$5="","",計算用!$AP$5) | L7: =IF(計算用!$D$5="","",計算用!$AR$5) | M7: =IF(計算用!$D$5="",IF(OR(I7<>"",J7<>""),"名前がありません",""),IF(計算用!$J$5="",IF(OR(I7<>"",J7<>""),"入力不足のため組に入りません","入力不足"),IF(AND(I7<>"",I7<>G7),"組を変更",IF(J7<>"","順番を指定",""))))
A8: =IF(計算用!$D$6="","",計算用!$M$6) | B8: =IF(計算用!$D$6="","",計算用!$C$6) | C8: =IF(計算用!$D$6="","",計算用!$D$6) | D8: =IF(計算用!$D$6="","",計算用!$F$6) | E8: =IF(計算用!$D$6="","",計算用!$I$6) | F8: =IF(計算用!$D$6="","",計算用!$G$6) | G8: =IF(計算用!$D$6="","",計算用!$AK$6) | H8: =IF(計算用!$D$6="","",計算用!$AM$6) | K8: =IF(計算用!$D$6="","",計算用!$AP$6) | L8: =IF(計算用!$D$6="","",計算用!$AR$6) | M8: =IF(計算用!$D$6="",IF(OR(I8<>"",J8<>""),"名前がありません",""),IF(計算用!$J$6="",IF(OR(I8<>"",J8<>""),"入力不足のため組に入りません","入力不足"),IF(AND(I8<>"",I8<>G8),"組を変更",IF(J8<>"","順番を指定",""))))
A9: =IF(計算用!$D$7="","",計算用!$M$7) | B9: =IF(計算用!$D$7="","",計算用!$C$7) | C9: =IF(計算用!$D$7="","",計算用!$D$7) | D9: =IF(計算用!$D$7="","",計算用!$F$7) | E9: =IF(計算用!$D$7="","",計算用!$I$7) | F9: =IF(計算用!$D$7="","",計算用!$G$7) | G9: =IF(計算用!$D$7="","",計算用!$AK$7) | H9: =IF(計算用!$D$7="","",計算用!$AM$7) | K9: =IF(計算用!$D$7="","",計算用!$AP$7) | L9: =IF(計算用!$D$7="","",計算用!$AR$7) | M9: =IF(計算用!$D$7="",IF(OR(I9<>"",J9<>""),"名前がありません",""),IF(計算用!$J$7="",IF(OR(I9<>"",J9<>""),"入力不足のため組に入りません","入力不足"),IF(AND(I9<>"",I9<>G9),"組を変更",IF(J9<>"","順番を指定",""))))
A10: =IF(計算用!$D$8="","",計算用!$M$8) | B10: =IF(計算用!$D$8="","",計算用!$C$8) | C10: =IF(計算用!$D$8="","",計算用!$D$8) | D10: =IF(計算用!$D$8="","",計算用!$F$8) | E10: =IF(計算用!$D$8="","",計算用!$I$8) | F10: =IF(計算用!$D$8="","",計算用!$G$8) | G10: =IF(計算用!$D$8="","",計算用!$AK$8) | H10: =IF(計算用!$D$8="","",計算用!$AM$8) | K10: =IF(計算用!$D$8="","",計算用!$AP$8) | L10: =IF(計算用!$D$8="","",計算用!$AR$8) | M10: =IF(計算用!$D$8="",IF(OR(I10<>"",J10<>""),"名前がありません",""),IF(計算用!$J$8="",IF(OR(I10<>"",J10<>""),"入力不足のため組に入りません","入力不足"),IF(AND(I10<>"",I10<>G10),"組を変更",IF(J10<>"","順番を指定",""))))
A11: =IF(計算用!$D$9="","",計算用!$M$9) | B11: =IF(計算用!$D$9="","",計算用!$C$9) | C11: =IF(計算用!$D$9="","",計算用!$D$9) | D11: =IF(計算用!$D$9="","",計算用!$F$9) | E11: =IF(計算用!$D$9="","",計算用!$I$9) | F11: =IF(計算用!$D$9="","",計算用!$G$9) | G11: =IF(計算用!$D$9="","",計算用!$AK$9) | H11: =IF(計算用!$D$9="","",計算用!$AM$9) | K11: =IF(計算用!$D$9="","",計算用!$AP$9) | L11: =IF(計算用!$D$9="","",計算用!$AR$9) | M11: =IF(計算用!$D$9="",IF(OR(I11<>"",J11<>""),"名前がありません",""),IF(計算用!$J$9="",IF(OR(I11<>"",J11<>""),"入力不足のため組に入りません","入力不足"),IF(AND(I11<>"",I11<>G11),"組を変更",IF(J11<>"","順番を指定",""))))
A12: =IF(計算用!$D$10="","",計算用!$M$10) | B12: =IF(計算用!$D$10="","",計算用!$C$10) | C12: =IF(計算用!$D$10="","",計算用!$D$10) | D12: =IF(計算用!$D$10="","",計算用!$F$10) | E12: =IF(計算用!$D$10="","",計算用!$I$10) | F12: =IF(計算用!$D$10="","",計算用!$G$10) | G12: =IF(計算用!$D$10="","",計算用!$AK$10) | H12: =IF(計算用!$D$10="","",計算用!$AM$10) | K12: =IF(計算用!$D$10="","",計算用!$AP$10) | L12: =IF(計算用!$D$10="","",計算用!$AR$10) | M12: =IF(計算用!$D$10="",IF(OR(I12<>"",J12<>""),"名前がありません",""),IF(計算用!$J$10="",IF(OR(I12<>"",J12<>""),"入力不足のため組に入りません","入力不足"),IF(AND(I12<>"",I12<>G12),"組を変更",IF(J12<>"","順番を指定",""))))
A13: =IF(計算用!$D$11="","",計算用!$M$11) | B13: =IF(計算用!$D$11="","",計算用!$C$11) | C13: =IF(計算用!$D$11="","",計算用!$D$11) | D13: =IF(計算用!$D$11="","",計算用!$F$11) | E13: =IF(計算用!$D$11="","",計算用!$I$11) | F13: =IF(計算用!$D$11="","",計算用!$G$11) | G13: =IF(計算用!$D$11="","",計算用!$AK$11) | H13: =IF(計算用!$D$11="","",計算用!$AM$11) | K13: =IF(計算用!$D$11="","",計算用!$AP$11) | L13: =IF(計算用!$D$11="","",計算用!$AR$11) | M13: =IF(計算用!$D$11="",IF(OR(I13<>"",J13<>""),"名前がありません",""),IF(計算用!$J$11="",IF(OR(I13<>"",J13<>""),"入力不足のため組に入りません","入力不足"),IF(AND(I13<>"",I13<>G13),"組を変更",IF(J13<>"","順番を指定",""))))
A14: =IF(計算用!$D$12="","",計算用!$M$12) | B14: =IF(計算用!$D$12="","",計算用!$C$12) | C14: =IF(計算用!$D$12="","",計算用!$D$12) | D14: =IF(計算用!$D$12="","",計算用!$F$12) | E14: =IF(計算用!$D$12="","",計算用!$I$12) | F14: =IF(計算用!$D$12="","",計算用!$G$12) | G14: =IF(計算用!$D$12="","",計算用!$AK$12) | H14: =IF(計算用!$D$12="","",計算用!$AM$12) | K14: =IF(計算用!$D$12="","",計算用!$AP$12) | L14: =IF(計算用!$D$12="","",計算用!$AR$12) | M14: =IF(計算用!$D$12="",IF(OR(I14<>"",J14<>""),"名前がありません",""),IF(計算用!$J$12="",IF(OR(I14<>"",J14<>""),"入力不足のため組に入りません","入力不足"),IF(AND(I14<>"",I14<>G14),"組を変更",IF(J14<>"","順番を指定",""))))
A15: =IF(計算用!$D$13="","",計算用!$M$13) | B15: =IF(計算用!$D$13="","",計算用!$C$13) | C15: =IF(計算用!$D$13="","",計算用!$D$13) | D15: =IF(計算用!$D$13="","",計算用!$F$13) | E15: =IF(計算用!$D$13="","",計算用!$I$13) | F15: =IF(計算用!$D$13="","",計算用!$G$13) | G15: =IF(計算用!$D$13="","",計算用!$AK$13) | H15: =IF(計算用!$D$13="","",計算用!$AM$13) | K15: =IF(計算用!$D$13="","",計算用!$AP$13) | L15: =IF(計算用!$D$13="","",計算用!$AR$13) | M15: =IF(計算用!$D$13="",IF(OR(I15<>"",J15<>""),"名前がありません",""),IF(計算用!$J$13="",IF(OR(I15<>"",J15<>""),"入力不足のため組に入りません","入力不足"),IF(AND(I15<>"",I15<>G15),"組を変更",IF(J15<>"","順番を指定",""))))
A16: =IF(計算用!$D$14="","",計算用!$M$14) | B16: =IF(計算用!$D$14="","",計算用!$C$14) | C16: =IF(計算用!$D$14="","",計算用!$D$14) | D16: =IF(計算用!$D$14="","",計算用!$F$14) | E16: =IF(計算用!$D$14="","",計算用!$I$14) | F16: =IF(計算用!$D$14="","",計算用!$G$14) | G16: =IF(計算用!$D$14="","",計算用!$AK$14) | H16: =IF(計算用!$D$14="","",計算用!$AM$14) | K16: =IF(計算用!$D$14="","",計算用!$AP$14) | L16: =IF(計算用!$D$14="","",計算用!$AR$14) | M16: =IF(計算用!$D$14="",IF(OR(I16<>"",J16<>""),"名前がありません",""),IF(計算用!$J$14="",IF(OR(I16<>"",J16<>""),"入力不足のため組に入りません","入力不足"),IF(AND(I16<>"",I16<>G16),"組を変更",IF(J16<>"","順番を指定",""))))
A17: =IF(計算用!$D$15="","",計算用!$M$15) | B17: =IF(計算用!$D$15="","",計算用!$C$15) | C17: =IF(計算用!$D$15="","",計算用!$D$15) | D17: =IF(計算用!$D$15="","",計算用!$F$15) | E17: =IF(計算用!$D$15="","",計算用!$I$15) | F17: =IF(計算用!$D$15="","",計算用!$G$15) | G17: =IF(計算用!$D$15="","",計算用!$AK$15) | H17: =IF(計算用!$D$15="","",計算用!$AM$15) | K17: =IF(計算用!$D$15="","",計算用!$AP$15) | L17: =IF(計算用!$D$15="","",計算用!$AR$15) | M17: =IF(計算用!$D$15="",IF(OR(I17<>"",J17<>""),"名前がありません",""),IF(計算用!$J$15="",IF(OR(I17<>"",J17<>""),"入力不足のため組に入りません","入力不足"),IF(AND(I17<>"",I17<>G17),"組を変更",IF(J17<>"","順番を指定",""))))
A18: =IF(計算用!$D$16="","",計算用!$M$16) | B18: =IF(計算用!$D$16="","",計算用!$C$16) | C18: =IF(計算用!$D$16="","",計算用!$D$16) | D18: =IF(計算用!$D$16="","",計算用!$F$16) | E18: =IF(計算用!$D$16="","",計算用!$I$16) | F18: =IF(計算用!$D$16="","",計算用!$G$16) | G18: =IF(計算用!$D$16="","",計算用!$AK$16) | H18: =IF(計算用!$D$16="","",計算用!$AM$16) | K18: =IF(計算用!$D$16="","",計算用!$AP$16) | L18: =IF(計算用!$D$16="","",計算用!$AR$16) | M18: =IF(計算用!$D$16="",IF(OR(I18<>"",J18<>""),"名前がありません",""),IF(計算用!$J$16="",IF(OR(I18<>"",J18<>""),"入力不足のため組に入りません","入力不足"),IF(AND(I18<>"",I18<>G18),"組を変更",IF(J18<>"","順番を指定",""))))
A19: =IF(計算用!$D$17="","",計算用!$M$17) | B19: =IF(計算用!$D$17="","",計算用!$C$17) | C19: =IF(計算用!$D$17="","",計算用!$D$17) | D19: =IF(計算用!$D$17="","",計算用!$F$17) | E19: =IF(計算用!$D$17="","",計算用!$I$17) | F19: =IF(計算用!$D$17="","",計算用!$G$17) | G19: =IF(計算用!$D$17="","",計算用!$AK$17) | H19: =IF(計算用!$D$17="","",計算用!$AM$17) | K19: =IF(計算用!$D$17="","",計算用!$AP$17) | L19: =IF(計算用!$D$17="","",計算用!$AR$17) | M19: =IF(計算用!$D$17="",IF(OR(I19<>"",J19<>""),"名前がありません",""),IF(計算用!$J$17="",IF(OR(I19<>"",J19<>""),"入力不足のため組に入りません","入力不足"),IF(AND(I19<>"",I19<>G19),"組を変更",IF(J19<>"","順番を指定",""))))
A20: =IF(計算用!$D$18="","",計算用!$M$18) | B20: =IF(計算用!$D$18="","",計算用!$C$18) | C20: =IF(計算用!$D$18="","",計算用!$D$18) | D20: =IF(計算用!$D$18="","",計算用!$F$18) | E20: =IF(計算用!$D$18="","",計算用!$I$18) | F20: =IF(計算用!$D$18="","",計算用!$G$18) | G20: =IF(計算用!$D$18="","",計算用!$AK$18) | H20: =IF(計算用!$D$18="","",計算用!$AM$18) | K20: =IF(計算用!$D$18="","",計算用!$AP$18) | L20: =IF(計算用!$D$18="","",計算用!$AR$18) | M20: =IF(計算用!$D$18="",IF(OR(I20<>"",J20<>""),"名前がありません",""),IF(計算用!$J$18="",IF(OR(I20<>"",J20<>""),"入力不足のため組に入りません","入力不足"),IF(AND(I20<>"",I20<>G20),"組を変更",IF(J20<>"","順番を指定",""))))
A21: =IF(計算用!$D$19="","",計算用!$M$19) | B21: =IF(計算用!$D$19="","",計算用!$C$19) | C21: =IF(計算用!$D$19="","",計算用!$D$19) | D21: =IF(計算用!$D$19="","",計算用!$F$19) | E21: =IF(計算用!$D$19="","",計算用!$I$19) | F21: =IF(計算用!$D$19="","",計算用!$G$19) | G21: =IF(計算用!$D$19="","",計算用!$AK$19) | H21: =IF(計算用!$D$19="","",計算用!$AM$19) | K21: =IF(計算用!$D$19="","",計算用!$AP$19) | L21: =IF(計算用!$D$19="","",計算用!$AR$19) | M21: =IF(計算用!$D$19="",IF(OR(I21<>"",J21<>""),"名前がありません",""),IF(計算用!$J$19="",IF(OR(I21<>"",J21<>""),"入力不足のため組に入りません","入力不足"),IF(AND(I21<>"",I21<>G21),"組を変更",IF(J21<>"","順番を指定",""))))
A22: =IF(計算用!$D$20="","",計算用!$M$20) | B22: =IF(計算用!$D$20="","",計算用!$C$20) | C22: =IF(計算用!$D$20="","",計算用!$D$20) | D22: =IF(計算用!$D$20="","",計算用!$F$20) | E22: =IF(計算用!$D$20="","",計算用!$I$20) | F22: =IF(計算用!$D$20="","",計算用!$G$20) | G22: =IF(計算用!$D$20="","",計算用!$AK$20) | H22: =IF(計算用!$D$20="","",計算用!$AM$20) | K22: =IF(計算用!$D$20="","",計算用!$AP$20) | L22: =IF(計算用!$D$20="","",計算用!$AR$20) | M22: =IF(計算用!$D$20="",IF(OR(I22<>"",J22<>""),"名前がありません",""),IF(計算用!$J$20="",IF(OR(I22<>"",J22<>""),"入力不足のため組に入りません","入力不足"),IF(AND(I22<>"",I22<>G22),"組を変更",IF(J22<>"","順番を指定",""))))
A23: =IF(計算用!$D$21="","",計算用!$M$21) | B23: =IF(計算用!$D$21="","",計算用!$C$21) | C23: =IF(計算用!$D$21="","",計算用!$D$21) | D23: =IF(計算用!$D$21="","",計算用!$F$21) | E23: =IF(計算用!$D$21="","",計算用!$I$21) | F23: =IF(計算用!$D$21="","",計算用!$G$21) | G23: =IF(計算用!$D$21="","",計算用!$AK$21) | H23: =IF(計算用!$D$21="","",計算用!$AM$21) | K23: =IF(計算用!$D$21="","",計算用!$AP$21) | L23: =IF(計算用!$D$21="","",計算用!$AR$21) | M23: =IF(計算用!$D$21="",IF(OR(I23<>"",J23<>""),"名前がありません",""),IF(計算用!$J$21="",IF(OR(I23<>"",J23<>""),"入力不足のため組に入りません","入力不足"),IF(AND(I23<>"",I23<>G23),"組を変更",IF(J23<>"","順番を指定",""))))
A24: =IF(計算用!$D$22="","",計算用!$M$22) | B24: =IF(計算用!$D$22="","",計算用!$C$22) | C24: =IF(計算用!$D$22="","",計算用!$D$22) | D24: =IF(計算用!$D$22="","",計算用!$F$22) | E24: =IF(計算用!$D$22="","",計算用!$I$22) | F24: =IF(計算用!$D$22="","",計算用!$G$22) | G24: =IF(計算用!$D$22="","",計算用!$AK$22) | H24: =IF(計算用!$D$22="","",計算用!$AM$22) | K24: =IF(計算用!$D$22="","",計算用!$AP$22) | L24: =IF(計算用!$D$22="","",計算用!$AR$22) | M24: =IF(計算用!$D$22="",IF(OR(I24<>"",J24<>""),"名前がありません",""),IF(計算用!$J$22="",IF(OR(I24<>"",J24<>""),"入力不足のため組に入りません","入力不足"),IF(AND(I24<>"",I24<>G24),"組を変更",IF(J24<>"","順番を指定",""))))
A25: =IF(計算用!$D$23="","",計算用!$M$23) | B25: =IF(計算用!$D$23="","",計算用!$C$23) | C25: =IF(計算用!$D$23="","",計算用!$D$23) | D25: =IF(計算用!$D$23="","",計算用!$F$23) | E25: =IF(計算用!$D$23="","",計算用!$I$23) | F25: =IF(計算用!$D$23="","",計算用!$G$23) | G25: =IF(計算用!$D$23="","",計算用!$AK$23) | H25: =IF(計算用!$D$23="","",計算用!$AM$23) | K25: =IF(計算用!$D$23="","",計算用!$AP$23) | L25: =IF(計算用!$D$23="","",計算用!$AR$23) | M25: =IF(計算用!$D$23="",IF(OR(I25<>"",J25<>""),"名前がありません",""),IF(計算用!$J$23="",IF(OR(I25<>"",J25<>""),"入力不足のため組に入りません","入力不足"),IF(AND(I25<>"",I25<>G25),"組を変更",IF(J25<>"","順番を指定",""))))
A26: =IF(計算用!$D$24="","",計算用!$M$24) | B26: =IF(計算用!$D$24="","",計算用!$C$24) | C26: =IF(計算用!$D$24="","",計算用!$D$24) | D26: =IF(計算用!$D$24="","",計算用!$F$24) | E26: =IF(計算用!$D$24="","",計算用!$I$24) | F26: =IF(計算用!$D$24="","",計算用!$G$24) | G26: =IF(計算用!$D$24="","",計算用!$AK$24) | H26: =IF(計算用!$D$24="","",計算用!$AM$24) | K26: =IF(計算用!$D$24="","",計算用!$AP$24) | L26: =IF(計算用!$D$24="","",計算用!$AR$24) | M26: =IF(計算用!$D$24="",IF(OR(I26<>"",J26<>""),"名前がありません",""),IF(計算用!$J$24="",IF(OR(I26<>"",J26<>""),"入力不足のため組に入りません","入力不足"),IF(AND(I26<>"",I26<>G26),"組を変更",IF(J26<>"","順番を指定",""))))
A27: =IF(計算用!$D$25="","",計算用!$M$25) | B27: =IF(計算用!$D$25="","",計算用!$C$25) | C27: =IF(計算用!$D$25="","",計算用!$D$25) | D27: =IF(計算用!$D$25="","",計算用!$F$25) | E27: =IF(計算用!$D$25="","",計算用!$I$25) | F27: =IF(計算用!$D$25="","",計算用!$G$25) | G27: =IF(計算用!$D$25="","",計算用!$AK$25) | H27: =IF(計算用!$D$25="","",計算用!$AM$25) | K27: =IF(計算用!$D$25="","",計算用!$AP$25) | L27: =IF(計算用!$D$25="","",計算用!$AR$25) | M27: =IF(計算用!$D$25="",IF(OR(I27<>"",J27<>""),"名前がありません",""),IF(計算用!$J$25="",IF(OR(I27<>"",J27<>""),"入力不足のため組に入りません","入力不足"),IF(AND(I27<>"",I27<>G27),"組を変更",IF(J27<>"","順番を指定",""))))
A28: =IF(計算用!$D$26="","",計算用!$M$26) | B28: =IF(計算用!$D$26="","",計算用!$C$26) | C28: =IF(計算用!$D$26="","",計算用!$D$26) | D28: =IF(計算用!$D$26="","",計算用!$F$26) | E28: =IF(計算用!$D$26="","",計算用!$I$26) | F28: =IF(計算用!$D$26="","",計算用!$G$26) | G28: =IF(計算用!$D$26="","",計算用!$AK$26) | H28: =IF(計算用!$D$26="","",計算用!$AM$26) | K28: =IF(計算用!$D$26="","",計算用!$AP$26) | L28: =IF(計算用!$D$26="","",計算用!$AR$26) | M28: =IF(計算用!$D$26="",IF(OR(I28<>"",J28<>""),"名前がありません",""),IF(計算用!$J$26="",IF(OR(I28<>"",J28<>""),"入力不足のため組に入りません","入力不足"),IF(AND(I28<>"",I28<>G28),"組を変更",IF(J28<>"","順番を指定",""))))
A29: =IF(計算用!$D$27="","",計算用!$M$27) | B29: =IF(計算用!$D$27="","",計算用!$C$27) | C29: =IF(計算用!$D$27="","",計算用!$D$27) | D29: =IF(計算用!$D$27="","",計算用!$F$27) | E29: =IF(計算用!$D$27="","",計算用!$I$27) | F29: =IF(計算用!$D$27="","",計算用!$G$27) | G29: =IF(計算用!$D$27="","",計算用!$AK$27) | H29: =IF(計算用!$D$27="","",計算用!$AM$27) | K29: =IF(計算用!$D$27="","",計算用!$AP$27) | L29: =IF(計算用!$D$27="","",計算用!$AR$27) | M29: =IF(計算用!$D$27="",IF(OR(I29<>"",J29<>""),"名前がありません",""),IF(計算用!$J$27="",IF(OR(I29<>"",J29<>""),"入力不足のため組に入りません","入力不足"),IF(AND(I29<>"",I29<>G29),"組を変更",IF(J29<>"","順番を指定",""))))
A30: =IF(計算用!$D$28="","",計算用!$M$28) | B30: =IF(計算用!$D$28="","",計算用!$C$28) | C30: =IF(計算用!$D$28="","",計算用!$D$28) | D30: =IF(計算用!$D$28="","",計算用!$F$28) | E30: =IF(計算用!$D$28="","",計算用!$I$28) | F30: =IF(計算用!$D$28="","",計算用!$G$28) | G30: =IF(計算用!$D$28="","",計算用!$AK$28) | H30: =IF(計算用!$D$28="","",計算用!$AM$28) | K30: =IF(計算用!$D$28="","",計算用!$AP$28) | L30: =IF(計算用!$D$28="","",計算用!$AR$28) | M30: =IF(計算用!$D$28="",IF(OR(I30<>"",J30<>""),"名前がありません",""),IF(計算用!$J$28="",IF(OR(I30<>"",J30<>""),"入力不足のため組に入りません","入力不足"),IF(AND(I30<>"",I30<>G30),"組を変更",IF(J30<>"","順番を指定",""))))
A31: =IF(計算用!$D$29="","",計算用!$M$29) | B31: =IF(計算用!$D$29="","",計算用!$C$29) | C31: =IF(計算用!$D$29="","",計算用!$D$29) | D31: =IF(計算用!$D$29="","",計算用!$F$29) | E31: =IF(計算用!$D$29="","",計算用!$I$29) | F31: =IF(計算用!$D$29="","",計算用!$G$29) | G31: =IF(計算用!$D$29="","",計算用!$AK$29) | H31: =IF(計算用!$D$29="","",計算用!$AM$29) | K31: =IF(計算用!$D$29="","",計算用!$AP$29) | L31: =IF(計算用!$D$29="","",計算用!$AR$29) | M31: =IF(計算用!$D$29="",IF(OR(I31<>"",J31<>""),"名前がありません",""),IF(計算用!$J$29="",IF(OR(I31<>"",J31<>""),"入力不足のため組に入りません","入力不足"),IF(AND(I31<>"",I31<>G31),"組を変更",IF(J31<>"","順番を指定",""))))
A32: =IF(計算用!$D$30="","",計算用!$M$30) | B32: =IF(計算用!$D$30="","",計算用!$C$30) | C32: =IF(計算用!$D$30="","",計算用!$D$30) | D32: =IF(計算用!$D$30="","",計算用!$F$30) | E32: =IF(計算用!$D$30="","",計算用!$I$30) | F32: =IF(計算用!$D$30="","",計算用!$G$30) | G32: =IF(計算用!$D$30="","",計算用!$AK$30) | H32: =IF(計算用!$D$30="","",計算用!$AM$30) | K32: =IF(計算用!$D$30="","",計算用!$AP$30) | L32: =IF(計算用!$D$30="","",計算用!$AR$30) | M32: =IF(計算用!$D$30="",IF(OR(I32<>"",J32<>""),"名前がありません",""),IF(計算用!$J$30="",IF(OR(I32<>"",J32<>""),"入力不足のため組に入りません","入力不足"),IF(AND(I32<>"",I32<>G32),"組を変更",IF(J32<>"","順番を指定",""))))
A33: =IF(計算用!$D$31="","",計算用!$M$31) | B33: =IF(計算用!$D$31="","",計算用!$C$31) | C33: =IF(計算用!$D$31="","",計算用!$D$31) | D33: =IF(計算用!$D$31="","",計算用!$F$31) | E33: =IF(計算用!$D$31="","",計算用!$I$31) | F33: =IF(計算用!$D$31="","",計算用!$G$31) | G33: =IF(計算用!$D$31="","",計算用!$AK$31) | H33: =IF(計算用!$D$31="","",計算用!$AM$31) | K33: =IF(計算用!$D$31="","",計算用!$AP$31) | L33: =IF(計算用!$D$31="","",計算用!$AR$31) | M33: =IF(計算用!$D$31="",IF(OR(I33<>"",J33<>""),"名前がありません",""),IF(計算用!$J$31="",IF(OR(I33<>"",J33<>""),"入力不足のため組に入りません","入力不足"),IF(AND(I33<>"",I33<>G33),"組を変更",IF(J33<>"","順番を指定",""))))
A34: =IF(計算用!$D$32="","",計算用!$M$32) | B34: =IF(計算用!$D$32="","",計算用!$C$32) | C34: =IF(計算用!$D$32="","",計算用!$D$32) | D34: =IF(計算用!$D$32="","",計算用!$F$32) | E34: =IF(計算用!$D$32="","",計算用!$I$32) | F34: =IF(計算用!$D$32="","",計算用!$G$32) | G34: =IF(計算用!$D$32="","",計算用!$AK$32) | H34: =IF(計算用!$D$32="","",計算用!$AM$32) | K34: =IF(計算用!$D$32="","",計算用!$AP$32) | L34: =IF(計算用!$D$32="","",計算用!$AR$32) | M34: =IF(計算用!$D$32="",IF(OR(I34<>"",J34<>""),"名前がありません",""),IF(計算用!$J$32="",IF(OR(I34<>"",J34<>""),"入力不足のため組に入りません","入力不足"),IF(AND(I34<>"",I34<>G34),"組を変更",IF(J34<>"","順番を指定",""))))
A35: =IF(計算用!$D$33="","",計算用!$M$33) | B35: =IF(計算用!$D$33="","",計算用!$C$33) | C35: =IF(計算用!$D$33="","",計算用!$D$33) | D35: =IF(計算用!$D$33="","",計算用!$F$33) | E35: =IF(計算用!$D$33="","",計算用!$I$33) | F35: =IF(計算用!$D$33="","",計算用!$G$33) | G35: =IF(計算用!$D$33="","",計算用!$AK$33) | H35: =IF(計算用!$D$33="","",計算用!$AM$33) | K35: =IF(計算用!$D$33="","",計算用!$AP$33) | L35: =IF(計算用!$D$33="","",計算用!$AR$33) | M35: =IF(計算用!$D$33="",IF(OR(I35<>"",J35<>""),"名前がありません",""),IF(計算用!$J$33="",IF(OR(I35<>"",J35<>""),"入力不足のため組に入りません","入力不足"),IF(AND(I35<>"",I35<>G35),"組を変更",IF(J35<>"","順番を指定",""))))
A36: =IF(計算用!$D$34="","",計算用!$M$34) | B36: =IF(計算用!$D$34="","",計算用!$C$34) | C36: =IF(計算用!$D$34="","",計算用!$D$34) | D36: =IF(計算用!$D$34="","",計算用!$F$34) | E36: =IF(計算用!$D$34="","",計算用!$I$34) | F36: =IF(計算用!$D$34="","",計算用!$G$34) | G36: =IF(計算用!$D$34="","",計算用!$AK$34) | H36: =IF(計算用!$D$34="","",計算用!$AM$34) | K36: =IF(計算用!$D$34="","",計算用!$AP$34) | L36: =IF(計算用!$D$34="","",計算用!$AR$34) | M36: =IF(計算用!$D$34="",IF(OR(I36<>"",J36<>""),"名前がありません",""),IF(計算用!$J$34="",IF(OR(I36<>"",J36<>""),"入力不足のため組に入りません","入力不足"),IF(AND(I36<>"",I36<>G36),"組を変更",IF(J36<>"","順番を指定",""))))
A37: =IF(計算用!$D$35="","",計算用!$M$35) | B37: =IF(計算用!$D$35="","",計算用!$C$35) | C37: =IF(計算用!$D$35="","",計算用!$D$35) | D37: =IF(計算用!$D$35="","",計算用!$F$35) | E37: =IF(計算用!$D$35="","",計算用!$I$35) | F37: =IF(計算用!$D$35="","",計算用!$G$35) | G37: =IF(計算用!$D$35="","",計算用!$AK$35) | H37: =IF(計算用!$D$35="","",計算用!$AM$35) | K37: =IF(計算用!$D$35="","",計算用!$AP$35) | L37: =IF(計算用!$D$35="","",計算用!$AR$35) | M37: =IF(計算用!$D$35="",IF(OR(I37<>"",J37<>""),"名前がありません",""),IF(計算用!$J$35="",IF(OR(I37<>"",J37<>""),"入力不足のため組に入りません","入力不足"),IF(AND(I37<>"",I37<>G37),"組を変更",IF(J37<>"","順番を指定",""))))
A38: =IF(計算用!$D$36="","",計算用!$M$36) | B38: =IF(計算用!$D$36="","",計算用!$C$36) | C38: =IF(計算用!$D$36="","",計算用!$D$36) | D38: =IF(計算用!$D$36="","",計算用!$F$36) | E38: =IF(計算用!$D$36="","",計算用!$I$36) | F38: =IF(計算用!$D$36="","",計算用!$G$36) | G38: =IF(計算用!$D$36="","",計算用!$AK$36) | H38: =IF(計算用!$D$36="","",計算用!$AM$36) | K38: =IF(計算用!$D$36="","",計算用!$AP$36) | L38: =IF(計算用!$D$36="","",計算用!$AR$36) | M38: =IF(計算用!$D$36="",IF(OR(I38<>"",J38<>""),"名前がありません",""),IF(計算用!$J$36="",IF(OR(I38<>"",J38<>""),"入力不足のため組に入りません","入力不足"),IF(AND(I38<>"",I38<>G38),"組を変更",IF(J38<>"","順番を指定",""))))
A39: =IF(計算用!$D$37="","",計算用!$M$37) | B39: =IF(計算用!$D$37="","",計算用!$C$37) | C39: =IF(計算用!$D$37="","",計算用!$D$37) | D39: =IF(計算用!$D$37="","",計算用!$F$37) | E39: =IF(計算用!$D$37="","",計算用!$I$37) | F39: =IF(計算用!$D$37="","",計算用!$G$37) | G39: =IF(計算用!$D$37="","",計算用!$AK$37) | H39: =IF(計算用!$D$37="","",計算用!$AM$37) | K39: =IF(計算用!$D$37="","",計算用!$AP$37) | L39: =IF(計算用!$D$37="","",計算用!$AR$37) | M39: =IF(計算用!$D$37="",IF(OR(I39<>"",J39<>""),"名前がありません",""),IF(計算用!$J$37="",IF(OR(I39<>"",J39<>""),"入力不足のため組に入りません","入力不足"),IF(AND(I39<>"",I39<>G39),"組を変更",IF(J39<>"","順番を指定",""))))
A40: =IF(計算用!$D$38="","",計算用!$M$38) | B40: =IF(計算用!$D$38="","",計算用!$C$38) | C40: =IF(計算用!$D$38="","",計算用!$D$38) | D40: =IF(計算用!$D$38="","",計算用!$F$38) | E40: =IF(計算用!$D$38="","",計算用!$I$38) | F40: =IF(計算用!$D$38="","",計算用!$G$38) | G40: =IF(計算用!$D$38="","",計算用!$AK$38) | H40: =IF(計算用!$D$38="","",計算用!$AM$38) | K40: =IF(計算用!$D$38="","",計算用!$AP$38) | L40: =IF(計算用!$D$38="","",計算用!$AR$38) | M40: =IF(計算用!$D$38="",IF(OR(I40<>"",J40<>""),"名前がありません",""),IF(計算用!$J$38="",IF(OR(I40<>"",J40<>""),"入力不足のため組に入りません","入力不足"),IF(AND(I40<>"",I40<>G40),"組を変更",IF(J40<>"","順番を指定",""))))
A41: =IF(計算用!$D$39="","",計算用!$M$39) | B41: =IF(計算用!$D$39="","",計算用!$C$39) | C41: =IF(計算用!$D$39="","",計算用!$D$39) | D41: =IF(計算用!$D$39="","",計算用!$F$39) | E41: =IF(計算用!$D$39="","",計算用!$I$39) | F41: =IF(計算用!$D$39="","",計算用!$G$39) | G41: =IF(計算用!$D$39="","",計算用!$AK$39) | H41: =IF(計算用!$D$39="","",計算用!$AM$39) | K41: =IF(計算用!$D$39="","",計算用!$AP$39) | L41: =IF(計算用!$D$39="","",計算用!$AR$39) | M41: =IF(計算用!$D$39="",IF(OR(I41<>"",J41<>""),"名前がありません",""),IF(計算用!$J$39="",IF(OR(I41<>"",J41<>""),"入力不足のため組に入りません","入力不足"),IF(AND(I41<>"",I41<>G41),"組を変更",IF(J41<>"","順番を指定",""))))
A42: =IF(計算用!$D$40="","",計算用!$M$40) | B42: =IF(計算用!$D$40="","",計算用!$C$40) | C42: =IF(計算用!$D$40="","",計算用!$D$40) | D42: =IF(計算用!$D$40="","",計算用!$F$40) | E42: =IF(計算用!$D$40="","",計算用!$I$40) | F42: =IF(計算用!$D$40="","",計算用!$G$40) | G42: =IF(計算用!$D$40="","",計算用!$AK$40) | H42: =IF(計算用!$D$40="","",計算用!$AM$40) | K42: =IF(計算用!$D$40="","",計算用!$AP$40) | L42: =IF(計算用!$D$40="","",計算用!$AR$40) | M42: =IF(計算用!$D$40="",IF(OR(I42<>"",J42<>""),"名前がありません",""),IF(計算用!$J$40="",IF(OR(I42<>"",J42<>""),"入力不足のため組に入りません","入力不足"),IF(AND(I42<>"",I42<>G42),"組を変更",IF(J42<>"","順番を指定",""))))
A43: =IF(計算用!$D$41="","",計算用!$M$41) | B43: =IF(計算用!$D$41="","",計算用!$C$41) | C43: =IF(計算用!$D$41="","",計算用!$D$41) | D43: =IF(計算用!$D$41="","",計算用!$F$41) | E43: =IF(計算用!$D$41="","",計算用!$I$41) | F43: =IF(計算用!$D$41="","",計算用!$G$41) | G43: =IF(計算用!$D$41="","",計算用!$AK$41) | H43: =IF(計算用!$D$41="","",計算用!$AM$41) | K43: =IF(計算用!$D$41="","",計算用!$AP$41) | L43: =IF(計算用!$D$41="","",計算用!$AR$41) | M43: =IF(計算用!$D$41="",IF(OR(I43<>"",J43<>""),"名前がありません",""),IF(計算用!$J$41="",IF(OR(I43<>"",J43<>""),"入力不足のため組に入りません","入力不足"),IF(AND(I43<>"",I43<>G43),"組を変更",IF(J43<>"","順番を指定",""))))
A44: =IF(計算用!$D$42="","",計算用!$M$42) | B44: =IF(計算用!$D$42="","",計算用!$C$42) | C44: =IF(計算用!$D$42="","",計算用!$D$42) | D44: =IF(計算用!$D$42="","",計算用!$F$42) | E44: =IF(計算用!$D$42="","",計算用!$I$42) | F44: =IF(計算用!$D$42="","",計算用!$G$42) | G44: =IF(計算用!$D$42="","",計算用!$AK$42) | H44: =IF(計算用!$D$42="","",計算用!$AM$42) | K44: =IF(計算用!$D$42="","",計算用!$AP$42) | L44: =IF(計算用!$D$42="","",計算用!$AR$42) | M44: =IF(計算用!$D$42="",IF(OR(I44<>"",J44<>""),"名前がありません",""),IF(計算用!$J$42="",IF(OR(I44<>"",J44<>""),"入力不足のため組に入りません","入力不足"),IF(AND(I44<>"",I44<>G44),"組を変更",IF(J44<>"","順番を指定",""))))
A45: =IF(計算用!$D$43="","",計算用!$M$43) | B45: =IF(計算用!$D$43="","",計算用!$C$43) | C45: =IF(計算用!$D$43="","",計算用!$D$43) | D45: =IF(計算用!$D$43="","",計算用!$F$43) | E45: =IF(計算用!$D$43="","",計算用!$I$43) | F45: =IF(計算用!$D$43="","",計算用!$G$43) | G45: =IF(計算用!$D$43="","",計算用!$AK$43) | H45: =IF(計算用!$D$43="","",計算用!$AM$43) | K45: =IF(計算用!$D$43="","",計算用!$AP$43) | L45: =IF(計算用!$D$43="","",計算用!$AR$43) | M45: =IF(計算用!$D$43="",IF(OR(I45<>"",J45<>""),"名前がありません",""),IF(計算用!$J$43="",IF(OR(I45<>"",J45<>""),"入力不足のため組に入りません","入力不足"),IF(AND(I45<>"",I45<>G45),"組を変更",IF(J45<>"","順番を指定",""))))
A46: =IF(計算用!$D$44="","",計算用!$M$44) | B46: =IF(計算用!$D$44="","",計算用!$C$44) | C46: =IF(計算用!$D$44="","",計算用!$D$44) | D46: =IF(計算用!$D$44="","",計算用!$F$44) | E46: =IF(計算用!$D$44="","",計算用!$I$44) | F46: =IF(計算用!$D$44="","",計算用!$G$44) | G46: =IF(計算用!$D$44="","",計算用!$AK$44) | H46: =IF(計算用!$D$44="","",計算用!$AM$44) | K46: =IF(計算用!$D$44="","",計算用!$AP$44) | L46: =IF(計算用!$D$44="","",計算用!$AR$44) | M46: =IF(計算用!$D$44="",IF(OR(I46<>"",J46<>""),"名前がありません",""),IF(計算用!$J$44="",IF(OR(I46<>"",J46<>""),"入力不足のため組に入りません","入力不足"),IF(AND(I46<>"",I46<>G46),"組を変更",IF(J46<>"","順番を指定",""))))
A47: =IF(計算用!$D$45="","",計算用!$M$45) | B47: =IF(計算用!$D$45="","",計算用!$C$45) | C47: =IF(計算用!$D$45="","",計算用!$D$45) | D47: =IF(計算用!$D$45="","",計算用!$F$45) | E47: =IF(計算用!$D$45="","",計算用!$I$45) | F47: =IF(計算用!$D$45="","",計算用!$G$45) | G47: =IF(計算用!$D$45="","",計算用!$AK$45) | H47: =IF(計算用!$D$45="","",計算用!$AM$45) | K47: =IF(計算用!$D$45="","",計算用!$AP$45) | L47: =IF(計算用!$D$45="","",計算用!$AR$45) | M47: =IF(計算用!$D$45="",IF(OR(I47<>"",J47<>""),"名前がありません",""),IF(計算用!$J$45="",IF(OR(I47<>"",J47<>""),"入力不足のため組に入りません","入力不足"),IF(AND(I47<>"",I47<>G47),"組を変更",IF(J47<>"","順番を指定",""))))
A48: =IF(計算用!$D$46="","",計算用!$M$46) | B48: =IF(計算用!$D$46="","",計算用!$C$46) | C48: =IF(計算用!$D$46="","",計算用!$D$46) | D48: =IF(計算用!$D$46="","",計算用!$F$46) | E48: =IF(計算用!$D$46="","",計算用!$I$46) | F48: =IF(計算用!$D$46="","",計算用!$G$46) | G48: =IF(計算用!$D$46="","",計算用!$AK$46) | H48: =IF(計算用!$D$46="","",計算用!$AM$46) | K48: =IF(計算用!$D$46="","",計算用!$AP$46) | L48: =IF(計算用!$D$46="","",計算用!$AR$46) | M48: =IF(計算用!$D$46="",IF(OR(I48<>"",J48<>""),"名前がありません",""),IF(計算用!$J$46="",IF(OR(I48<>"",J48<>""),"入力不足のため組に入りません","入力不足"),IF(AND(I48<>"",I48<>G48),"組を変更",IF(J48<>"","順番を指定",""))))
A49: =IF(計算用!$D$47="","",計算用!$M$47) | B49: =IF(計算用!$D$47="","",計算用!$C$47) | C49: =IF(計算用!$D$47="","",計算用!$D$47) | D49: =IF(計算用!$D$47="","",計算用!$F$47) | E49: =IF(計算用!$D$47="","",計算用!$I$47) | F49: =IF(計算用!$D$47="","",計算用!$G$47) | G49: =IF(計算用!$D$47="","",計算用!$AK$47) | H49: =IF(計算用!$D$47="","",計算用!$AM$47) | K49: =IF(計算用!$D$47="","",計算用!$AP$47) | L49: =IF(計算用!$D$47="","",計算用!$AR$47) | M49: =IF(計算用!$D$47="",IF(OR(I49<>"",J49<>""),"名前がありません",""),IF(計算用!$J$47="",IF(OR(I49<>"",J49<>""),"入力不足のため組に入りません","入力不足"),IF(AND(I49<>"",I49<>G49),"組を変更",IF(J49<>"","順番を指定",""))))
A50: =IF(計算用!$D$48="","",計算用!$M$48) | B50: =IF(計算用!$D$48="","",計算用!$C$48) | C50: =IF(計算用!$D$48="","",計算用!$D$48) | D50: =IF(計算用!$D$48="","",計算用!$F$48) | E50: =IF(計算用!$D$48="","",計算用!$I$48) | F50: =IF(計算用!$D$48="","",計算用!$G$48) | G50: =IF(計算用!$D$48="","",計算用!$AK$48) | H50: =IF(計算用!$D$48="","",計算用!$AM$48) | K50: =IF(計算用!$D$48="","",計算用!$AP$48) | L50: =IF(計算用!$D$48="","",計算用!$AR$48) | M50: =IF(計算用!$D$48="",IF(OR(I50<>"",J50<>""),"名前がありません",""),IF(計算用!$J$48="",IF(OR(I50<>"",J50<>""),"入力不足のため組に入りません","入力不足"),IF(AND(I50<>"",I50<>G50),"組を変更",IF(J50<>"","順番を指定",""))))
A51: =IF(計算用!$D$49="","",計算用!$M$49) | B51: =IF(計算用!$D$49="","",計算用!$C$49) | C51: =IF(計算用!$D$49="","",計算用!$D$49) | D51: =IF(計算用!$D$49="","",計算用!$F$49) | E51: =IF(計算用!$D$49="","",計算用!$I$49) | F51: =IF(計算用!$D$49="","",計算用!$G$49) | G51: =IF(計算用!$D$49="","",計算用!$AK$49) | H51: =IF(計算用!$D$49="","",計算用!$AM$49) | K51: =IF(計算用!$D$49="","",計算用!$AP$49) | L51: =IF(計算用!$D$49="","",計算用!$AR$49) | M51: =IF(計算用!$D$49="",IF(OR(I51<>"",J51<>""),"名前がありません",""),IF(計算用!$J$49="",IF(OR(I51<>"",J51<>""),"入力不足のため組に入りません","入力不足"),IF(AND(I51<>"",I51<>G51),"組を変更",IF(J51<>"","順番を指定",""))))
A52: =IF(計算用!$D$50="","",計算用!$M$50) | B52: =IF(計算用!$D$50="","",計算用!$C$50) | C52: =IF(計算用!$D$50="","",計算用!$D$50) | D52: =IF(計算用!$D$50="","",計算用!$F$50) | E52: =IF(計算用!$D$50="","",計算用!$I$50) | F52: =IF(計算用!$D$50="","",計算用!$G$50) | G52: =IF(計算用!$D$50="","",計算用!$AK$50) | H52: =IF(計算用!$D$50="","",計算用!$AM$50) | K52: =IF(計算用!$D$50="","",計算用!$AP$50) | L52: =IF(計算用!$D$50="","",計算用!$AR$50) | M52: =IF(計算用!$D$50="",IF(OR(I52<>"",J52<>""),"名前がありません",""),IF(計算用!$J$50="",IF(OR(I52<>"",J52<>""),"入力不足のため組に入りません","入力不足"),IF(AND(I52<>"",I52<>G52),"組を変更",IF(J52<>"","順番を指定",""))))
A53: =IF(計算用!$D$51="","",計算用!$M$51) | B53: =IF(計算用!$D$51="","",計算用!$C$51) | C53: =IF(計算用!$D$51="","",計算用!$D$51) | D53: =IF(計算用!$D$51="","",計算用!$F$51) | E53: =IF(計算用!$D$51="","",計算用!$I$51) | F53: =IF(計算用!$D$51="","",計算用!$G$51) | G53: =IF(計算用!$D$51="","",計算用!$AK$51) | H53: =IF(計算用!$D$51="","",計算用!$AM$51) | K53: =IF(計算用!$D$51="","",計算用!$AP$51) | L53: =IF(計算用!$D$51="","",計算用!$AR$51) | M53: =IF(計算用!$D$51="",IF(OR(I53<>"",J53<>""),"名前がありません",""),IF(計算用!$J$51="",IF(OR(I53<>"",J53<>""),"入力不足のため組に入りません","入力不足"),IF(AND(I53<>"",I53<>G53),"組を変更",IF(J53<>"","順番を指定",""))))
A54: =IF(計算用!$D$52="","",計算用!$M$52) | B54: =IF(計算用!$D$52="","",計算用!$C$52) | C54: =IF(計算用!$D$52="","",計算用!$D$52) | D54: =IF(計算用!$D$52="","",計算用!$F$52) | E54: =IF(計算用!$D$52="","",計算用!$I$52) | F54: =IF(計算用!$D$52="","",計算用!$G$52) | G54: =IF(計算用!$D$52="","",計算用!$AK$52) | H54: =IF(計算用!$D$52="","",計算用!$AM$52) | K54: =IF(計算用!$D$52="","",計算用!$AP$52) | L54: =IF(計算用!$D$52="","",計算用!$AR$52) | M54: =IF(計算用!$D$52="",IF(OR(I54<>"",J54<>""),"名前がありません",""),IF(計算用!$J$52="",IF(OR(I54<>"",J54<>""),"入力不足のため組に入りません","入力不足"),IF(AND(I54<>"",I54<>G54),"組を変更",IF(J54<>"","順番を指定",""))))
A55: =IF(計算用!$D$53="","",計算用!$M$53) | B55: =IF(計算用!$D$53="","",計算用!$C$53) | C55: =IF(計算用!$D$53="","",計算用!$D$53) | D55: =IF(計算用!$D$53="","",計算用!$F$53) | E55: =IF(計算用!$D$53="","",計算用!$I$53) | F55: =IF(計算用!$D$53="","",計算用!$G$53) | G55: =IF(計算用!$D$53="","",計算用!$AK$53) | H55: =IF(計算用!$D$53="","",計算用!$AM$53) | K55: =IF(計算用!$D$53="","",計算用!$AP$53) | L55: =IF(計算用!$D$53="","",計算用!$AR$53) | M55: =IF(計算用!$D$53="",IF(OR(I55<>"",J55<>""),"名前がありません",""),IF(計算用!$J$53="",IF(OR(I55<>"",J55<>""),"入力不足のため組に入りません","入力不足"),IF(AND(I55<>"",I55<>G55),"組を変更",IF(J55<>"","順番を指定",""))))
A56: =IF(計算用!$D$54="","",計算用!$M$54) | B56: =IF(計算用!$D$54="","",計算用!$C$54) | C56: =IF(計算用!$D$54="","",計算用!$D$54) | D56: =IF(計算用!$D$54="","",計算用!$F$54) | E56: =IF(計算用!$D$54="","",計算用!$I$54) | F56: =IF(計算用!$D$54="","",計算用!$G$54) | G56: =IF(計算用!$D$54="","",計算用!$AK$54) | H56: =IF(計算用!$D$54="","",計算用!$AM$54) | K56: =IF(計算用!$D$54="","",計算用!$AP$54) | L56: =IF(計算用!$D$54="","",計算用!$AR$54) | M56: =IF(計算用!$D$54="",IF(OR(I56<>"",J56<>""),"名前がありません",""),IF(計算用!$J$54="",IF(OR(I56<>"",J56<>""),"入力不足のため組に入りません","入力不足"),IF(AND(I56<>"",I56<>G56),"組を変更",IF(J56<>"","順番を指定",""))))
A57: =IF(計算用!$D$55="","",計算用!$M$55) | B57: =IF(計算用!$D$55="","",計算用!$C$55) | C57: =IF(計算用!$D$55="","",計算用!$D$55) | D57: =IF(計算用!$D$55="","",計算用!$F$55) | E57: =IF(計算用!$D$55="","",計算用!$I$55) | F57: =IF(計算用!$D$55="","",計算用!$G$55) | G57: =IF(計算用!$D$55="","",計算用!$AK$55) | H57: =IF(計算用!$D$55="","",計算用!$AM$55) | K57: =IF(計算用!$D$55="","",計算用!$AP$55) | L57: =IF(計算用!$D$55="","",計算用!$AR$55) | M57: =IF(計算用!$D$55="",IF(OR(I57<>"",J57<>""),"名前がありません",""),IF(計算用!$J$55="",IF(OR(I57<>"",J57<>""),"入力不足のため組に入りません","入力不足"),IF(AND(I57<>"",I57<>G57),"組を変更",IF(J57<>"","順番を指定",""))))
A58: =IF(計算用!$D$56="","",計算用!$M$56) | B58: =IF(計算用!$D$56="","",計算用!$C$56) | C58: =IF(計算用!$D$56="","",計算用!$D$56) | D58: =IF(計算用!$D$56="","",計算用!$F$56) | E58: =IF(計算用!$D$56="","",計算用!$I$56) | F58: =IF(計算用!$D$56="","",計算用!$G$56) | G58: =IF(計算用!$D$56="","",計算用!$AK$56) | H58: =IF(計算用!$D$56="","",計算用!$AM$56) | K58: =IF(計算用!$D$56="","",計算用!$AP$56) | L58: =IF(計算用!$D$56="","",計算用!$AR$56) | M58: =IF(計算用!$D$56="",IF(OR(I58<>"",J58<>""),"名前がありません",""),IF(計算用!$J$56="",IF(OR(I58<>"",J58<>""),"入力不足のため組に入りません","入力不足"),IF(AND(I58<>"",I58<>G58),"組を変更",IF(J58<>"","順番を指定",""))))
A59: =IF(計算用!$D$57="","",計算用!$M$57) | B59: =IF(計算用!$D$57="","",計算用!$C$57) | C59: =IF(計算用!$D$57="","",計算用!$D$57) | D59: =IF(計算用!$D$57="","",計算用!$F$57) | E59: =IF(計算用!$D$57="","",計算用!$I$57) | F59: =IF(計算用!$D$57="","",計算用!$G$57) | G59: =IF(計算用!$D$57="","",計算用!$AK$57) | H59: =IF(計算用!$D$57="","",計算用!$AM$57) | K59: =IF(計算用!$D$57="","",計算用!$AP$57) | L59: =IF(計算用!$D$57="","",計算用!$AR$57) | M59: =IF(計算用!$D$57="",IF(OR(I59<>"",J59<>""),"名前がありません",""),IF(計算用!$J$57="",IF(OR(I59<>"",J59<>""),"入力不足のため組に入りません","入力不足"),IF(AND(I59<>"",I59<>G59),"組を変更",IF(J59<>"","順番を指定",""))))
A60: =IF(計算用!$D$58="","",計算用!$M$58) | B60: =IF(計算用!$D$58="","",計算用!$C$58) | C60: =IF(計算用!$D$58="","",計算用!$D$58) | D60: =IF(計算用!$D$58="","",計算用!$F$58) | E60: =IF(計算用!$D$58="","",計算用!$I$58) | F60: =IF(計算用!$D$58="","",計算用!$G$58) | G60: =IF(計算用!$D$58="","",計算用!$AK$58) | H60: =IF(計算用!$D$58="","",計算用!$AM$58) | K60: =IF(計算用!$D$58="","",計算用!$AP$58) | L60: =IF(計算用!$D$58="","",計算用!$AR$58) | M60: =IF(計算用!$D$58="",IF(OR(I60<>"",J60<>""),"名前がありません",""),IF(計算用!$J$58="",IF(OR(I60<>"",J60<>""),"入力不足のため組に入りません","入力不足"),IF(AND(I60<>"",I60<>G60),"組を変更",IF(J60<>"","順番を指定",""))))
A61: =IF(計算用!$D$59="","",計算用!$M$59) | B61: =IF(計算用!$D$59="","",計算用!$C$59) | C61: =IF(計算用!$D$59="","",計算用!$D$59) | D61: =IF(計算用!$D$59="","",計算用!$F$59) | E61: =IF(計算用!$D$59="","",計算用!$I$59) | F61: =IF(計算用!$D$59="","",計算用!$G$59) | G61: =IF(計算用!$D$59="","",計算用!$AK$59) | H61: =IF(計算用!$D$59="","",計算用!$AM$59) | K61: =IF(計算用!$D$59="","",計算用!$AP$59) | L61: =IF(計算用!$D$59="","",計算用!$AR$59) | M61: =IF(計算用!$D$59="",IF(OR(I61<>"",J61<>""),"名前がありません",""),IF(計算用!$J$59="",IF(OR(I61<>"",J61<>""),"入力不足のため組に入りません","入力不足"),IF(AND(I61<>"",I61<>G61),"組を変更",IF(J61<>"","順番を指定",""))))
A62: =IF(計算用!$D$60="","",計算用!$M$60) | B62: =IF(計算用!$D$60="","",計算用!$C$60) | C62: =IF(計算用!$D$60="","",計算用!$D$60) | D62: =IF(計算用!$D$60="","",計算用!$F$60) | E62: =IF(計算用!$D$60="","",計算用!$I$60) | F62: =IF(計算用!$D$60="","",計算用!$G$60) | G62: =IF(計算用!$D$60="","",計算用!$AK$60) | H62: =IF(計算用!$D$60="","",計算用!$AM$60) | K62: =IF(計算用!$D$60="","",計算用!$AP$60) | L62: =IF(計算用!$D$60="","",計算用!$AR$60) | M62: =IF(計算用!$D$60="",IF(OR(I62<>"",J62<>""),"名前がありません",""),IF(計算用!$J$60="",IF(OR(I62<>"",J62<>""),"入力不足のため組に入りません","入力不足"),IF(AND(I62<>"",I62<>G62),"組を変更",IF(J62<>"","順番を指定",""))))
A63: =IF(計算用!$D$61="","",計算用!$M$61) | B63: =IF(計算用!$D$61="","",計算用!$C$61) | C63: =IF(計算用!$D$61="","",計算用!$D$61) | D63: =IF(計算用!$D$61="","",計算用!$F$61) | E63: =IF(計算用!$D$61="","",計算用!$I$61) | F63: =IF(計算用!$D$61="","",計算用!$G$61) | G63: =IF(計算用!$D$61="","",計算用!$AK$61) | H63: =IF(計算用!$D$61="","",計算用!$AM$61) | K63: =IF(計算用!$D$61="","",計算用!$AP$61) | L63: =IF(計算用!$D$61="","",計算用!$AR$61) | M63: =IF(計算用!$D$61="",IF(OR(I63<>"",J63<>""),"名前がありません",""),IF(計算用!$J$61="",IF(OR(I63<>"",J63<>""),"入力不足のため組に入りません","入力不足"),IF(AND(I63<>"",I63<>G63),"組を変更",IF(J63<>"","順番を指定",""))))
A64: =IF(計算用!$D$62="","",計算用!$M$62) | B64: =IF(計算用!$D$62="","",計算用!$C$62) | C64: =IF(計算用!$D$62="","",計算用!$D$62) | D64: =IF(計算用!$D$62="","",計算用!$F$62) | E64: =IF(計算用!$D$62="","",計算用!$I$62) | F64: =IF(計算用!$D$62="","",計算用!$G$62) | G64: =IF(計算用!$D$62="","",計算用!$AK$62) | H64: =IF(計算用!$D$62="","",計算用!$AM$62) | K64: =IF(計算用!$D$62="","",計算用!$AP$62) | L64: =IF(計算用!$D$62="","",計算用!$AR$62) | M64: =IF(計算用!$D$62="",IF(OR(I64<>"",J64<>""),"名前がありません",""),IF(計算用!$J$62="",IF(OR(I64<>"",J64<>""),"入力不足のため組に入りません","入力不足"),IF(AND(I64<>"",I64<>G64),"組を変更",IF(J64<>"","順番を指定",""))))
A65: =IF(計算用!$D$63="","",計算用!$M$63) | B65: =IF(計算用!$D$63="","",計算用!$C$63) | C65: =IF(計算用!$D$63="","",計算用!$D$63) | D65: =IF(計算用!$D$63="","",計算用!$F$63) | E65: =IF(計算用!$D$63="","",計算用!$I$63) | F65: =IF(計算用!$D$63="","",計算用!$G$63) | G65: =IF(計算用!$D$63="","",計算用!$AK$63) | H65: =IF(計算用!$D$63="","",計算用!$AM$63) | K65: =IF(計算用!$D$63="","",計算用!$AP$63) | L65: =IF(計算用!$D$63="","",計算用!$AR$63) | M65: =IF(計算用!$D$63="",IF(OR(I65<>"",J65<>""),"名前がありません",""),IF(計算用!$J$63="",IF(OR(I65<>"",J65<>""),"入力不足のため組に入りません","入力不足"),IF(AND(I65<>"",I65<>G65),"組を変更",IF(J65<>"","順番を指定",""))))
A66: =IF(計算用!$D$64="","",計算用!$M$64) | B66: =IF(計算用!$D$64="","",計算用!$C$64) | C66: =IF(計算用!$D$64="","",計算用!$D$64) | D66: =IF(計算用!$D$64="","",計算用!$F$64) | E66: =IF(計算用!$D$64="","",計算用!$I$64) | F66: =IF(計算用!$D$64="","",計算用!$G$64) | G66: =IF(計算用!$D$64="","",計算用!$AK$64) | H66: =IF(計算用!$D$64="","",計算用!$AM$64) | K66: =IF(計算用!$D$64="","",計算用!$AP$64) | L66: =IF(計算用!$D$64="","",計算用!$AR$64) | M66: =IF(計算用!$D$64="",IF(OR(I66<>"",J66<>""),"名前がありません",""),IF(計算用!$J$64="",IF(OR(I66<>"",J66<>""),"入力不足のため組に入りません","入力不足"),IF(AND(I66<>"",I66<>G66),"組を変更",IF(J66<>"","順番を指定",""))))
A67: =IF(計算用!$D$65="","",計算用!$M$65) | B67: =IF(計算用!$D$65="","",計算用!$C$65) | C67: =IF(計算用!$D$65="","",計算用!$D$65) | D67: =IF(計算用!$D$65="","",計算用!$F$65) | E67: =IF(計算用!$D$65="","",計算用!$I$65) | F67: =IF(計算用!$D$65="","",計算用!$G$65) | G67: =IF(計算用!$D$65="","",計算用!$AK$65) | H67: =IF(計算用!$D$65="","",計算用!$AM$65) | K67: =IF(計算用!$D$65="","",計算用!$AP$65) | L67: =IF(計算用!$D$65="","",計算用!$AR$65) | M67: =IF(計算用!$D$65="",IF(OR(I67<>"",J67<>""),"名前がありません",""),IF(計算用!$J$65="",IF(OR(I67<>"",J67<>""),"入力不足のため組に入りません","入力不足"),IF(AND(I67<>"",I67<>G67),"組を変更",IF(J67<>"","順番を指定",""))))
A68: =IF(計算用!$D$66="","",計算用!$M$66) | B68: =IF(計算用!$D$66="","",計算用!$C$66) | C68: =IF(計算用!$D$66="","",計算用!$D$66) | D68: =IF(計算用!$D$66="","",計算用!$F$66) | E68: =IF(計算用!$D$66="","",計算用!$I$66) | F68: =IF(計算用!$D$66="","",計算用!$G$66) | G68: =IF(計算用!$D$66="","",計算用!$AK$66) | H68: =IF(計算用!$D$66="","",計算用!$AM$66) | K68: =IF(計算用!$D$66="","",計算用!$AP$66) | L68: =IF(計算用!$D$66="","",計算用!$AR$66) | M68: =IF(計算用!$D$66="",IF(OR(I68<>"",J68<>""),"名前がありません",""),IF(計算用!$J$66="",IF(OR(I68<>"",J68<>""),"入力不足のため組に入りません","入力不足"),IF(AND(I68<>"",I68<>G68),"組を変更",IF(J68<>"","順番を指定",""))))
A69: =IF(計算用!$D$67="","",計算用!$M$67) | B69: =IF(計算用!$D$67="","",計算用!$C$67) | C69: =IF(計算用!$D$67="","",計算用!$D$67) | D69: =IF(計算用!$D$67="","",計算用!$F$67) | E69: =IF(計算用!$D$67="","",計算用!$I$67) | F69: =IF(計算用!$D$67="","",計算用!$G$67) | G69: =IF(計算用!$D$67="","",計算用!$AK$67) | H69: =IF(計算用!$D$67="","",計算用!$AM$67) | K69: =IF(計算用!$D$67="","",計算用!$AP$67) | L69: =IF(計算用!$D$67="","",計算用!$AR$67) | M69: =IF(計算用!$D$67="",IF(OR(I69<>"",J69<>""),"名前がありません",""),IF(計算用!$J$67="",IF(OR(I69<>"",J69<>""),"入力不足のため組に入りません","入力不足"),IF(AND(I69<>"",I69<>G69),"組を変更",IF(J69<>"","順番を指定",""))))
A70: =IF(計算用!$D$68="","",計算用!$M$68) | B70: =IF(計算用!$D$68="","",計算用!$C$68) | C70: =IF(計算用!$D$68="","",計算用!$D$68) | D70: =IF(計算用!$D$68="","",計算用!$F$68) | E70: =IF(計算用!$D$68="","",計算用!$I$68) | F70: =IF(計算用!$D$68="","",計算用!$G$68) | G70: =IF(計算用!$D$68="","",計算用!$AK$68) | H70: =IF(計算用!$D$68="","",計算用!$AM$68) | K70: =IF(計算用!$D$68="","",計算用!$AP$68) | L70: =IF(計算用!$D$68="","",計算用!$AR$68) | M70: =IF(計算用!$D$68="",IF(OR(I70<>"",J70<>""),"名前がありません",""),IF(計算用!$J$68="",IF(OR(I70<>"",J70<>""),"入力不足のため組に入りません","入力不足"),IF(AND(I70<>"",I70<>G70),"組を変更",IF(J70<>"","順番を指定",""))))
A71: =IF(計算用!$D$69="","",計算用!$M$69) | B71: =IF(計算用!$D$69="","",計算用!$C$69) | C71: =IF(計算用!$D$69="","",計算用!$D$69) | D71: =IF(計算用!$D$69="","",計算用!$F$69) | E71: =IF(計算用!$D$69="","",計算用!$I$69) | F71: =IF(計算用!$D$69="","",計算用!$G$69) | G71: =IF(計算用!$D$69="","",計算用!$AK$69) | H71: =IF(計算用!$D$69="","",計算用!$AM$69) | K71: =IF(計算用!$D$69="","",計算用!$AP$69) | L71: =IF(計算用!$D$69="","",計算用!$AR$69) | M71: =IF(計算用!$D$69="",IF(OR(I71<>"",J71<>""),"名前がありません",""),IF(計算用!$J$69="",IF(OR(I71<>"",J71<>""),"入力不足のため組に入りません","入力不足"),IF(AND(I71<>"",I71<>G71),"組を変更",IF(J71<>"","順番を指定",""))))
A72: =IF(計算用!$D$70="","",計算用!$M$70) | B72: =IF(計算用!$D$70="","",計算用!$C$70) | C72: =IF(計算用!$D$70="","",計算用!$D$70) | D72: =IF(計算用!$D$70="","",計算用!$F$70) | E72: =IF(計算用!$D$70="","",計算用!$I$70) | F72: =IF(計算用!$D$70="","",計算用!$G$70) | G72: =IF(計算用!$D$70="","",計算用!$AK$70) | H72: =IF(計算用!$D$70="","",計算用!$AM$70) | K72: =IF(計算用!$D$70="","",計算用!$AP$70) | L72: =IF(計算用!$D$70="","",計算用!$AR$70) | M72: =IF(計算用!$D$70="",IF(OR(I72<>"",J72<>""),"名前がありません",""),IF(計算用!$J$70="",IF(OR(I72<>"",J72<>""),"入力不足のため組に入りません","入力不足"),IF(AND(I72<>"",I72<>G72),"組を変更",IF(J72<>"","順番を指定",""))))
A73: =IF(計算用!$D$71="","",計算用!$M$71) | B73: =IF(計算用!$D$71="","",計算用!$C$71) | C73: =IF(計算用!$D$71="","",計算用!$D$71) | D73: =IF(計算用!$D$71="","",計算用!$F$71) | E73: =IF(計算用!$D$71="","",計算用!$I$71) | F73: =IF(計算用!$D$71="","",計算用!$G$71) | G73: =IF(計算用!$D$71="","",計算用!$AK$71) | H73: =IF(計算用!$D$71="","",計算用!$AM$71) | K73: =IF(計算用!$D$71="","",計算用!$AP$71) | L73: =IF(計算用!$D$71="","",計算用!$AR$71) | M73: =IF(計算用!$D$71="",IF(OR(I73<>"",J73<>""),"名前がありません",""),IF(計算用!$J$71="",IF(OR(I73<>"",J73<>""),"入力不足のため組に入りません","入力不足"),IF(AND(I73<>"",I73<>G73),"組を変更",IF(J73<>"","順番を指定",""))))
A74: =IF(計算用!$D$72="","",計算用!$M$72) | B74: =IF(計算用!$D$72="","",計算用!$C$72) | C74: =IF(計算用!$D$72="","",計算用!$D$72) | D74: =IF(計算用!$D$72="","",計算用!$F$72) | E74: =IF(計算用!$D$72="","",計算用!$I$72) | F74: =IF(計算用!$D$72="","",計算用!$G$72) | G74: =IF(計算用!$D$72="","",計算用!$AK$72) | H74: =IF(計算用!$D$72="","",計算用!$AM$72) | K74: =IF(計算用!$D$72="","",計算用!$AP$72) | L74: =IF(計算用!$D$72="","",計算用!$AR$72) | M74: =IF(計算用!$D$72="",IF(OR(I74<>"",J74<>""),"名前がありません",""),IF(計算用!$J$72="",IF(OR(I74<>"",J74<>""),"入力不足のため組に入りません","入力不足"),IF(AND(I74<>"",I74<>G74),"組を変更",IF(J74<>"","順番を指定",""))))
A75: =IF(計算用!$D$73="","",計算用!$M$73) | B75: =IF(計算用!$D$73="","",計算用!$C$73) | C75: =IF(計算用!$D$73="","",計算用!$D$73) | D75: =IF(計算用!$D$73="","",計算用!$F$73) | E75: =IF(計算用!$D$73="","",計算用!$I$73) | F75: =IF(計算用!$D$73="","",計算用!$G$73) | G75: =IF(計算用!$D$73="","",計算用!$AK$73) | H75: =IF(計算用!$D$73="","",計算用!$AM$73) | K75: =IF(計算用!$D$73="","",計算用!$AP$73) | L75: =IF(計算用!$D$73="","",計算用!$AR$73) | M75: =IF(計算用!$D$73="",IF(OR(I75<>"",J75<>""),"名前がありません",""),IF(計算用!$J$73="",IF(OR(I75<>"",J75<>""),"入力不足のため組に入りません","入力不足"),IF(AND(I75<>"",I75<>G75),"組を変更",IF(J75<>"","順番を指定",""))))
A76: =IF(計算用!$D$74="","",計算用!$M$74) | B76: =IF(計算用!$D$74="","",計算用!$C$74) | C76: =IF(計算用!$D$74="","",計算用!$D$74) | D76: =IF(計算用!$D$74="","",計算用!$F$74) | E76: =IF(計算用!$D$74="","",計算用!$I$74) | F76: =IF(計算用!$D$74="","",計算用!$G$74) | G76: =IF(計算用!$D$74="","",計算用!$AK$74) | H76: =IF(計算用!$D$74="","",計算用!$AM$74) | K76: =IF(計算用!$D$74="","",計算用!$AP$74) | L76: =IF(計算用!$D$74="","",計算用!$AR$74) | M76: =IF(計算用!$D$74="",IF(OR(I76<>"",J76<>""),"名前がありません",""),IF(計算用!$J$74="",IF(OR(I76<>"",J76<>""),"入力不足のため組に入りません","入力不足"),IF(AND(I76<>"",I76<>G76),"組を変更",IF(J76<>"","順番を指定",""))))
A77: =IF(計算用!$D$75="","",計算用!$M$75) | B77: =IF(計算用!$D$75="","",計算用!$C$75) | C77: =IF(計算用!$D$75="","",計算用!$D$75) | D77: =IF(計算用!$D$75="","",計算用!$F$75) | E77: =IF(計算用!$D$75="","",計算用!$I$75) | F77: =IF(計算用!$D$75="","",計算用!$G$75) | G77: =IF(計算用!$D$75="","",計算用!$AK$75) | H77: =IF(計算用!$D$75="","",計算用!$AM$75) | K77: =IF(計算用!$D$75="","",計算用!$AP$75) | L77: =IF(計算用!$D$75="","",計算用!$AR$75) | M77: =IF(計算用!$D$75="",IF(OR(I77<>"",J77<>""),"名前がありません",""),IF(計算用!$J$75="",IF(OR(I77<>"",J77<>""),"入力不足のため組に入りません","入力不足"),IF(AND(I77<>"",I77<>G77),"組を変更",IF(J77<>"","順番を指定",""))))
A78: =IF(計算用!$D$76="","",計算用!$M$76) | B78: =IF(計算用!$D$76="","",計算用!$C$76) | C78: =IF(計算用!$D$76="","",計算用!$D$76) | D78: =IF(計算用!$D$76="","",計算用!$F$76) | E78: =IF(計算用!$D$76="","",計算用!$I$76) | F78: =IF(計算用!$D$76="","",計算用!$G$76) | G78: =IF(計算用!$D$76="","",計算用!$AK$76) | H78: =IF(計算用!$D$76="","",計算用!$AM$76) | K78: =IF(計算用!$D$76="","",計算用!$AP$76) | L78: =IF(計算用!$D$76="","",計算用!$AR$76) | M78: =IF(計算用!$D$76="",IF(OR(I78<>"",J78<>""),"名前がありません",""),IF(計算用!$J$76="",IF(OR(I78<>"",J78<>""),"入力不足のため組に入りません","入力不足"),IF(AND(I78<>"",I78<>G78),"組を変更",IF(J78<>"","順番を指定",""))))
A79: =IF(計算用!$D$77="","",計算用!$M$77) | B79: =IF(計算用!$D$77="","",計算用!$C$77) | C79: =IF(計算用!$D$77="","",計算用!$D$77) | D79: =IF(計算用!$D$77="","",計算用!$F$77) | E79: =IF(計算用!$D$77="","",計算用!$I$77) | F79: =IF(計算用!$D$77="","",計算用!$G$77) | G79: =IF(計算用!$D$77="","",計算用!$AK$77) | H79: =IF(計算用!$D$77="","",計算用!$AM$77) | K79: =IF(計算用!$D$77="","",計算用!$AP$77) | L79: =IF(計算用!$D$77="","",計算用!$AR$77) | M79: =IF(計算用!$D$77="",IF(OR(I79<>"",J79<>""),"名前がありません",""),IF(計算用!$J$77="",IF(OR(I79<>"",J79<>""),"入力不足のため組に入りません","入力不足"),IF(AND(I79<>"",I79<>G79),"組を変更",IF(J79<>"","順番を指定",""))))
A80: =IF(計算用!$D$78="","",計算用!$M$78) | B80: =IF(計算用!$D$78="","",計算用!$C$78) | C80: =IF(計算用!$D$78="","",計算用!$D$78) | D80: =IF(計算用!$D$78="","",計算用!$F$78) | E80: =IF(計算用!$D$78="","",計算用!$I$78) | F80: =IF(計算用!$D$78="","",計算用!$G$78) | G80: =IF(計算用!$D$78="","",計算用!$AK$78) | H80: =IF(計算用!$D$78="","",計算用!$AM$78) | K80: =IF(計算用!$D$78="","",計算用!$AP$78) | L80: =IF(計算用!$D$78="","",計算用!$AR$78) | M80: =IF(計算用!$D$78="",IF(OR(I80<>"",J80<>""),"名前がありません",""),IF(計算用!$J$78="",IF(OR(I80<>"",J80<>""),"入力不足のため組に入りません","入力不足"),IF(AND(I80<>"",I80<>G80),"組を変更",IF(J80<>"","順番を指定",""))))
A81: =IF(計算用!$D$79="","",計算用!$M$79) | B81: =IF(計算用!$D$79="","",計算用!$C$79) | C81: =IF(計算用!$D$79="","",計算用!$D$79) | D81: =IF(計算用!$D$79="","",計算用!$F$79) | E81: =IF(計算用!$D$79="","",計算用!$I$79) | F81: =IF(計算用!$D$79="","",計算用!$G$79) | G81: =IF(計算用!$D$79="","",計算用!$AK$79) | H81: =IF(計算用!$D$79="","",計算用!$AM$79) | K81: =IF(計算用!$D$79="","",計算用!$AP$79) | L81: =IF(計算用!$D$79="","",計算用!$AR$79) | M81: =IF(計算用!$D$79="",IF(OR(I81<>"",J81<>""),"名前がありません",""),IF(計算用!$J$79="",IF(OR(I81<>"",J81<>""),"入力不足のため組に入りません","入力不足"),IF(AND(I81<>"",I81<>G81),"組を変更",IF(J81<>"","順番を指定",""))))
A82: =IF(計算用!$D$80="","",計算用!$M$80) | B82: =IF(計算用!$D$80="","",計算用!$C$80) | C82: =IF(計算用!$D$80="","",計算用!$D$80) | D82: =IF(計算用!$D$80="","",計算用!$F$80) | E82: =IF(計算用!$D$80="","",計算用!$I$80) | F82: =IF(計算用!$D$80="","",計算用!$G$80) | G82: =IF(計算用!$D$80="","",計算用!$AK$80) | H82: =IF(計算用!$D$80="","",計算用!$AM$80) | K82: =IF(計算用!$D$80="","",計算用!$AP$80) | L82: =IF(計算用!$D$80="","",計算用!$AR$80) | M82: =IF(計算用!$D$80="",IF(OR(I82<>"",J82<>""),"名前がありません",""),IF(計算用!$J$80="",IF(OR(I82<>"",J82<>""),"入力不足のため組に入りません","入力不足"),IF(AND(I82<>"",I82<>G82),"組を変更",IF(J82<>"","順番を指定",""))))
A83: =IF(計算用!$D$81="","",計算用!$M$81) | B83: =IF(計算用!$D$81="","",計算用!$C$81) | C83: =IF(計算用!$D$81="","",計算用!$D$81) | D83: =IF(計算用!$D$81="","",計算用!$F$81) | E83: =IF(計算用!$D$81="","",計算用!$I$81) | F83: =IF(計算用!$D$81="","",計算用!$G$81) | G83: =IF(計算用!$D$81="","",計算用!$AK$81) | H83: =IF(計算用!$D$81="","",計算用!$AM$81) | K83: =IF(計算用!$D$81="","",計算用!$AP$81) | L83: =IF(計算用!$D$81="","",計算用!$AR$81) | M83: =IF(計算用!$D$81="",IF(OR(I83<>"",J83<>""),"名前がありません",""),IF(計算用!$J$81="",IF(OR(I83<>"",J83<>""),"入力不足のため組に入りません","入力不足"),IF(AND(I83<>"",I83<>G83),"組を変更",IF(J83<>"","順番を指定",""))))
A84: =IF(計算用!$D$82="","",計算用!$M$82) | B84: =IF(計算用!$D$82="","",計算用!$C$82) | C84: =IF(計算用!$D$82="","",計算用!$D$82) | D84: =IF(計算用!$D$82="","",計算用!$F$82) | E84: =IF(計算用!$D$82="","",計算用!$I$82) | F84: =IF(計算用!$D$82="","",計算用!$G$82) | G84: =IF(計算用!$D$82="","",計算用!$AK$82) | H84: =IF(計算用!$D$82="","",計算用!$AM$82) | K84: =IF(計算用!$D$82="","",計算用!$AP$82) | L84: =IF(計算用!$D$82="","",計算用!$AR$82) | M84: =IF(計算用!$D$82="",IF(OR(I84<>"",J84<>""),"名前がありません",""),IF(計算用!$J$82="",IF(OR(I84<>"",J84<>""),"入力不足のため組に入りません","入力不足"),IF(AND(I84<>"",I84<>G84),"組を変更",IF(J84<>"","順番を指定",""))))
A85: =IF(計算用!$D$83="","",計算用!$M$83) | B85: =IF(計算用!$D$83="","",計算用!$C$83) | C85: =IF(計算用!$D$83="","",計算用!$D$83) | D85: =IF(計算用!$D$83="","",計算用!$F$83) | E85: =IF(計算用!$D$83="","",計算用!$I$83) | F85: =IF(計算用!$D$83="","",計算用!$G$83) | G85: =IF(計算用!$D$83="","",計算用!$AK$83) | H85: =IF(計算用!$D$83="","",計算用!$AM$83) | K85: =IF(計算用!$D$83="","",計算用!$AP$83) | L85: =IF(計算用!$D$83="","",計算用!$AR$83) | M85: =IF(計算用!$D$83="",IF(OR(I85<>"",J85<>""),"名前がありません",""),IF(計算用!$J$83="",IF(OR(I85<>"",J85<>""),"入力不足のため組に入りません","入力不足"),IF(AND(I85<>"",I85<>G85),"組を変更",IF(J85<>"","順番を指定",""))))
A86: =IF(計算用!$D$84="","",計算用!$M$84) | B86: =IF(計算用!$D$84="","",計算用!$C$84) | C86: =IF(計算用!$D$84="","",計算用!$D$84) | D86: =IF(計算用!$D$84="","",計算用!$F$84) | E86: =IF(計算用!$D$84="","",計算用!$I$84) | F86: =IF(計算用!$D$84="","",計算用!$G$84) | G86: =IF(計算用!$D$84="","",計算用!$AK$84) | H86: =IF(計算用!$D$84="","",計算用!$AM$84) | K86: =IF(計算用!$D$84="","",計算用!$AP$84) | L86: =IF(計算用!$D$84="","",計算用!$AR$84) | M86: =IF(計算用!$D$84="",IF(OR(I86<>"",J86<>""),"名前がありません",""),IF(計算用!$J$84="",IF(OR(I86<>"",J86<>""),"入力不足のため組に入りません","入力不足"),IF(AND(I86<>"",I86<>G86),"組を変更",IF(J86<>"","順番を指定",""))))
A87: =IF(計算用!$D$85="","",計算用!$M$85) | B87: =IF(計算用!$D$85="","",計算用!$C$85) | C87: =IF(計算用!$D$85="","",計算用!$D$85) | D87: =IF(計算用!$D$85="","",計算用!$F$85) | E87: =IF(計算用!$D$85="","",計算用!$I$85) | F87: =IF(計算用!$D$85="","",計算用!$G$85) | G87: =IF(計算用!$D$85="","",計算用!$AK$85) | H87: =IF(計算用!$D$85="","",計算用!$AM$85) | K87: =IF(計算用!$D$85="","",計算用!$AP$85) | L87: =IF(計算用!$D$85="","",計算用!$AR$85) | M87: =IF(計算用!$D$85="",IF(OR(I87<>"",J87<>""),"名前がありません",""),IF(計算用!$J$85="",IF(OR(I87<>"",J87<>""),"入力不足のため組に入りません","入力不足"),IF(AND(I87<>"",I87<>G87),"組を変更",IF(J87<>"","順番を指定",""))))
A88: =IF(計算用!$D$86="","",計算用!$M$86) | B88: =IF(計算用!$D$86="","",計算用!$C$86) | C88: =IF(計算用!$D$86="","",計算用!$D$86) | D88: =IF(計算用!$D$86="","",計算用!$F$86) | E88: =IF(計算用!$D$86="","",計算用!$I$86) | F88: =IF(計算用!$D$86="","",計算用!$G$86) | G88: =IF(計算用!$D$86="","",計算用!$AK$86) | H88: =IF(計算用!$D$86="","",計算用!$AM$86) | K88: =IF(計算用!$D$86="","",計算用!$AP$86) | L88: =IF(計算用!$D$86="","",計算用!$AR$86) | M88: =IF(計算用!$D$86="",IF(OR(I88<>"",J88<>""),"名前がありません",""),IF(計算用!$J$86="",IF(OR(I88<>"",J88<>""),"入力不足のため組に入りません","入力不足"),IF(AND(I88<>"",I88<>G88),"組を変更",IF(J88<>"","順番を指定",""))))
A89: =IF(計算用!$D$87="","",計算用!$M$87) | B89: =IF(計算用!$D$87="","",計算用!$C$87) | C89: =IF(計算用!$D$87="","",計算用!$D$87) | D89: =IF(計算用!$D$87="","",計算用!$F$87) | E89: =IF(計算用!$D$87="","",計算用!$I$87) | F89: =IF(計算用!$D$87="","",計算用!$G$87) | G89: =IF(計算用!$D$87="","",計算用!$AK$87) | H89: =IF(計算用!$D$87="","",計算用!$AM$87) | K89: =IF(計算用!$D$87="","",計算用!$AP$87) | L89: =IF(計算用!$D$87="","",計算用!$AR$87) | M89: =IF(計算用!$D$87="",IF(OR(I89<>"",J89<>""),"名前がありません",""),IF(計算用!$J$87="",IF(OR(I89<>"",J89<>""),"入力不足のため組に入りません","入力不足"),IF(AND(I89<>"",I89<>G89),"組を変更",IF(J89<>"","順番を指定",""))))
A90: =IF(計算用!$D$88="","",計算用!$M$88) | B90: =IF(計算用!$D$88="","",計算用!$C$88) | C90: =IF(計算用!$D$88="","",計算用!$D$88) | D90: =IF(計算用!$D$88="","",計算用!$F$88) | E90: =IF(計算用!$D$88="","",計算用!$I$88) | F90: =IF(計算用!$D$88="","",計算用!$G$88) | G90: =IF(計算用!$D$88="","",計算用!$AK$88) | H90: =IF(計算用!$D$88="","",計算用!$AM$88) | K90: =IF(計算用!$D$88="","",計算用!$AP$88) | L90: =IF(計算用!$D$88="","",計算用!$AR$88) | M90: =IF(計算用!$D$88="",IF(OR(I90<>"",J90<>""),"名前がありません",""),IF(計算用!$J$88="",IF(OR(I90<>"",J90<>""),"入力不足のため組に入りません","入力不足"),IF(AND(I90<>"",I90<>G90),"組を変更",IF(J90<>"","順番を指定",""))))
A91: =IF(計算用!$D$89="","",計算用!$M$89) | B91: =IF(計算用!$D$89="","",計算用!$C$89) | C91: =IF(計算用!$D$89="","",計算用!$D$89) | D91: =IF(計算用!$D$89="","",計算用!$F$89) | E91: =IF(計算用!$D$89="","",計算用!$I$89) | F91: =IF(計算用!$D$89="","",計算用!$G$89) | G91: =IF(計算用!$D$89="","",計算用!$AK$89) | H91: =IF(計算用!$D$89="","",計算用!$AM$89) | K91: =IF(計算用!$D$89="","",計算用!$AP$89) | L91: =IF(計算用!$D$89="","",計算用!$AR$89) | M91: =IF(計算用!$D$89="",IF(OR(I91<>"",J91<>""),"名前がありません",""),IF(計算用!$J$89="",IF(OR(I91<>"",J91<>""),"入力不足のため組に入りません","入力不足"),IF(AND(I91<>"",I91<>G91),"組を変更",IF(J91<>"","順番を指定",""))))
A92: =IF(計算用!$D$90="","",計算用!$M$90) | B92: =IF(計算用!$D$90="","",計算用!$C$90) | C92: =IF(計算用!$D$90="","",計算用!$D$90) | D92: =IF(計算用!$D$90="","",計算用!$F$90) | E92: =IF(計算用!$D$90="","",計算用!$I$90) | F92: =IF(計算用!$D$90="","",計算用!$G$90) | G92: =IF(計算用!$D$90="","",計算用!$AK$90) | H92: =IF(計算用!$D$90="","",計算用!$AM$90) | K92: =IF(計算用!$D$90="","",計算用!$AP$90) | L92: =IF(計算用!$D$90="","",計算用!$AR$90) | M92: =IF(計算用!$D$90="",IF(OR(I92<>"",J92<>""),"名前がありません",""),IF(計算用!$J$90="",IF(OR(I92<>"",J92<>""),"入力不足のため組に入りません","入力不足"),IF(AND(I92<>"",I92<>G92),"組を変更",IF(J92<>"","順番を指定",""))))
A93: =IF(計算用!$D$91="","",計算用!$M$91) | B93: =IF(計算用!$D$91="","",計算用!$C$91) | C93: =IF(計算用!$D$91="","",計算用!$D$91) | D93: =IF(計算用!$D$91="","",計算用!$F$91) | E93: =IF(計算用!$D$91="","",計算用!$I$91) | F93: =IF(計算用!$D$91="","",計算用!$G$91) | G93: =IF(計算用!$D$91="","",計算用!$AK$91) | H93: =IF(計算用!$D$91="","",計算用!$AM$91) | K93: =IF(計算用!$D$91="","",計算用!$AP$91) | L93: =IF(計算用!$D$91="","",計算用!$AR$91) | M93: =IF(計算用!$D$91="",IF(OR(I93<>"",J93<>""),"名前がありません",""),IF(計算用!$J$91="",IF(OR(I93<>"",J93<>""),"入力不足のため組に入りません","入力不足"),IF(AND(I93<>"",I93<>G93),"組を変更",IF(J93<>"","順番を指定",""))))
A94: =IF(計算用!$D$92="","",計算用!$M$92) | B94: =IF(計算用!$D$92="","",計算用!$C$92) | C94: =IF(計算用!$D$92="","",計算用!$D$92) | D94: =IF(計算用!$D$92="","",計算用!$F$92) | E94: =IF(計算用!$D$92="","",計算用!$I$92) | F94: =IF(計算用!$D$92="","",計算用!$G$92) | G94: =IF(計算用!$D$92="","",計算用!$AK$92) | H94: =IF(計算用!$D$92="","",計算用!$AM$92) | K94: =IF(計算用!$D$92="","",計算用!$AP$92) | L94: =IF(計算用!$D$92="","",計算用!$AR$92) | M94: =IF(計算用!$D$92="",IF(OR(I94<>"",J94<>""),"名前がありません",""),IF(計算用!$J$92="",IF(OR(I94<>"",J94<>""),"入力不足のため組に入りません","入力不足"),IF(AND(I94<>"",I94<>G94),"組を変更",IF(J94<>"","順番を指定",""))))
A95: =IF(計算用!$D$93="","",計算用!$M$93) | B95: =IF(計算用!$D$93="","",計算用!$C$93) | C95: =IF(計算用!$D$93="","",計算用!$D$93) | D95: =IF(計算用!$D$93="","",計算用!$F$93) | E95: =IF(計算用!$D$93="","",計算用!$I$93) | F95: =IF(計算用!$D$93="","",計算用!$G$93) | G95: =IF(計算用!$D$93="","",計算用!$AK$93) | H95: =IF(計算用!$D$93="","",計算用!$AM$93) | K95: =IF(計算用!$D$93="","",計算用!$AP$93) | L95: =IF(計算用!$D$93="","",計算用!$AR$93) | M95: =IF(計算用!$D$93="",IF(OR(I95<>"",J95<>""),"名前がありません",""),IF(計算用!$J$93="",IF(OR(I95<>"",J95<>""),"入力不足のため組に入りません","入力不足"),IF(AND(I95<>"",I95<>G95),"組を変更",IF(J95<>"","順番を指定",""))))
A96: =IF(計算用!$D$94="","",計算用!$M$94) | B96: =IF(計算用!$D$94="","",計算用!$C$94) | C96: =IF(計算用!$D$94="","",計算用!$D$94) | D96: =IF(計算用!$D$94="","",計算用!$F$94) | E96: =IF(計算用!$D$94="","",計算用!$I$94) | F96: =IF(計算用!$D$94="","",計算用!$G$94) | G96: =IF(計算用!$D$94="","",計算用!$AK$94) | H96: =IF(計算用!$D$94="","",計算用!$AM$94) | K96: =IF(計算用!$D$94="","",計算用!$AP$94) | L96: =IF(計算用!$D$94="","",計算用!$AR$94) | M96: =IF(計算用!$D$94="",IF(OR(I96<>"",J96<>""),"名前がありません",""),IF(計算用!$J$94="",IF(OR(I96<>"",J96<>""),"入力不足のため組に入りません","入力不足"),IF(AND(I96<>"",I96<>G96),"組を変更",IF(J96<>"","順番を指定",""))))
A97: =IF(計算用!$D$95="","",計算用!$M$95) | B97: =IF(計算用!$D$95="","",計算用!$C$95) | C97: =IF(計算用!$D$95="","",計算用!$D$95) | D97: =IF(計算用!$D$95="","",計算用!$F$95) | E97: =IF(計算用!$D$95="","",計算用!$I$95) | F97: =IF(計算用!$D$95="","",計算用!$G$95) | G97: =IF(計算用!$D$95="","",計算用!$AK$95) | H97: =IF(計算用!$D$95="","",計算用!$AM$95) | K97: =IF(計算用!$D$95="","",計算用!$AP$95) | L97: =IF(計算用!$D$95="","",計算用!$AR$95) | M97: =IF(計算用!$D$95="",IF(OR(I97<>"",J97<>""),"名前がありません",""),IF(計算用!$J$95="",IF(OR(I97<>"",J97<>""),"入力不足のため組に入りません","入力不足"),IF(AND(I97<>"",I97<>G97),"組を変更",IF(J97<>"","順番を指定",""))))
A98: =IF(計算用!$D$96="","",計算用!$M$96) | B98: =IF(計算用!$D$96="","",計算用!$C$96) | C98: =IF(計算用!$D$96="","",計算用!$D$96) | D98: =IF(計算用!$D$96="","",計算用!$F$96) | E98: =IF(計算用!$D$96="","",計算用!$I$96) | F98: =IF(計算用!$D$96="","",計算用!$G$96) | G98: =IF(計算用!$D$96="","",計算用!$AK$96) | H98: =IF(計算用!$D$96="","",計算用!$AM$96) | K98: =IF(計算用!$D$96="","",計算用!$AP$96) | L98: =IF(計算用!$D$96="","",計算用!$AR$96) | M98: =IF(計算用!$D$96="",IF(OR(I98<>"",J98<>""),"名前がありません",""),IF(計算用!$J$96="",IF(OR(I98<>"",J98<>""),"入力不足のため組に入りません","入力不足"),IF(AND(I98<>"",I98<>G98),"組を変更",IF(J98<>"","順番を指定",""))))
A99: =IF(計算用!$D$97="","",計算用!$M$97) | B99: =IF(計算用!$D$97="","",計算用!$C$97) | C99: =IF(計算用!$D$97="","",計算用!$D$97) | D99: =IF(計算用!$D$97="","",計算用!$F$97) | E99: =IF(計算用!$D$97="","",計算用!$I$97) | F99: =IF(計算用!$D$97="","",計算用!$G$97) | G99: =IF(計算用!$D$97="","",計算用!$AK$97) | H99: =IF(計算用!$D$97="","",計算用!$AM$97) | K99: =IF(計算用!$D$97="","",計算用!$AP$97) | L99: =IF(計算用!$D$97="","",計算用!$AR$97) | M99: =IF(計算用!$D$97="",IF(OR(I99<>"",J99<>""),"名前がありません",""),IF(計算用!$J$97="",IF(OR(I99<>"",J99<>""),"入力不足のため組に入りません","入力不足"),IF(AND(I99<>"",I99<>G99),"組を変更",IF(J99<>"","順番を指定",""))))
A100: =IF(計算用!$D$98="","",計算用!$M$98) | B100: =IF(計算用!$D$98="","",計算用!$C$98) | C100: =IF(計算用!$D$98="","",計算用!$D$98) | D100: =IF(計算用!$D$98="","",計算用!$F$98) | E100: =IF(計算用!$D$98="","",計算用!$I$98) | F100: =IF(計算用!$D$98="","",計算用!$G$98) | G100: =IF(計算用!$D$98="","",計算用!$AK$98) | H100: =IF(計算用!$D$98="","",計算用!$AM$98) | K100: =IF(計算用!$D$98="","",計算用!$AP$98) | L100: =IF(計算用!$D$98="","",計算用!$AR$98) | M100: =IF(計算用!$D$98="",IF(OR(I100<>"",J100<>""),"名前がありません",""),IF(計算用!$J$98="",IF(OR(I100<>"",J100<>""),"入力不足のため組に入りません","入力不足"),IF(AND(I100<>"",I100<>G100),"組を変更",IF(J100<>"","順番を指定",""))))
...

Sheet 決定版
A1: 男子 | D1: =IF(SUMPRODUCT((計算用!$BB$2:$BB$51>4)*1)>0,"※5人以上の組があります（赤い組）。5人目からは表に出ません",IF(SUMPRODUCT((計算用!$BA$2:$BA$51<=計算用!$Q$13)*(計算用!$BB$2:$BB$51=0))>0,"※だれもいない組があります（赤い組）",IF(SUMPRODUCT((計算用!$BB$2:$BB$51>0)*(((計算用!$BB$2:$BB$51<>4)+(計算用!$BC$2:$BC$51<>2))>0))>0,"※黄色の組は、人数の都合で調整した組です",""))) | Q1: 女子 | T1: =IF(SUMPRODUCT((計算用!$BG$2:$BG$51>4)*1)>0,"※5人以上の組があります（赤い組）。5人目からは表に出ません",IF(SUMPRODUCT((計算用!$BF$2:$BF$51<=計算用!$Q$14)*(計算用!$BG$2:$BG$51=0))>0,"※だれもいない組があります（赤い組）",IF(SUMPRODUCT((計算用!$BG$2:$BG$51>0)*(((計算用!$BG$2:$BG$51<>4)+(計算用!$BH$2:$BH$51<>2))>0))>0,"※黄色の組は、人数の都合で調整した組です","")))
A2: 組 | B2: 人数 | C2: 内訳 | D2: 1人目 | G2: 2人目 | J2: 3人目 | M2: 4人目 | Q2: 組 | R2: 人数 | S2: 内訳 | T2: 1人目 | W2: 2人目 | Z2: 3人目 | AC2: 4人目
D3: 名前 | E3: クラス | F3: 色 | G3: 名前 | H3: クラス | I3: 色 | J3: 名前 | K3: クラス | L3: 色 | M3: 名前 | N3: クラス | O3: 色 | T3: 名前 | U3: クラス | V3: 色 | W3: 名前 | X3: クラス | Y3: 色 | Z3: 名前 | AA3: クラス | AB3: 色 | AC3: 名前 | AD3: クラス | AE3: 色
A4: =IF(ROW()-3<=計算用!$Q$13,ROW()-3,"") | B4: =IF($A4="","",INDEX(計算用!$BB$2:$BB$51,$A4)) | C4: =IF($A4="","","赤"&INDEX(計算用!$BC$2:$BC$51,$A4)&"白"&INDEX(計算用!$BD$2:$BD$51,$A4)) | D4: =IF($A4="","",IFERROR(INDEX(計算用!$D$2:$D$186,MATCH("男"&$A4&"-1",計算用!$AS$2:$AS$186,0)),"")) | E4: =IF($A4="","",IFERROR(INDEX(計算用!$M$2:$M$186,MATCH("男"&$A4&"-1",計算用!$AS$2:$AS$186,0)),"")) | F4: =IF($A4="","",IFERROR(INDEX(計算用!$I$2:$I$186,MATCH("男"&$A4&"-1",計算用!$AS$2:$AS$186,0)),"")) | G4: =IF($A4="","",IFERROR(INDEX(計算用!$D$2:$D$186,MATCH("男"&$A4&"-2",計算用!$AS$2:$AS$186,0)),"")) | H4: =IF($A4="","",IFERROR(INDEX(計算用!$M$2:$M$186,MATCH("男"&$A4&"-2",計算用!$AS$2:$AS$186,0)),"")) | I4: =IF($A4="","",IFERROR(INDEX(計算用!$I$2:$I$186,MATCH("男"&$A4&"-2",計算用!$AS$2:$AS$186,0)),"")) | J4: =IF($A4="","",IFERROR(INDEX(計算用!$D$2:$D$186,MATCH("男"&$A4&"-3",計算用!$AS$2:$AS$186,0)),"")) | K4: =IF($A4="","",IFERROR(INDEX(計算用!$M$2:$M$186,MATCH("男"&$A4&"-3",計算用!$AS$2:$AS$186,0)),"")) | L4: =IF($A4="","",IFERROR(INDEX(計算用!$I$2:$I$186,MATCH("男"&$A4&"-3",計算用!$AS$2:$AS$186,0)),"")) | M4: =IF($A4="","",IFERROR(INDEX(計算用!$D$2:$D$186,MATCH("男"&$A4&"-4",計算用!$AS$2:$AS$186,0)),"")) | N4: =IF($A4="","",IFERROR(INDEX(計算用!$M$2:$M$186,MATCH("男"&$A4&"-4",計算用!$AS$2:$AS$186,0)),"")) | O4: =IF($A4="","",IFERROR(INDEX(計算用!$I$2:$I$186,MATCH("男"&$A4&"-4",計算用!$AS$2:$AS$186,0)),"")) | Q4: =IF(ROW()-3<=計算用!$Q$14,ROW()-3,"") | R4: =IF($Q4="","",INDEX(計算用!$BG$2:$BG$51,$Q4)) | S4: =IF($Q4="","","赤"&INDEX(計算用!$BH$2:$BH$51,$Q4)&"白"&INDEX(計算用!$BI$2:$BI$51,$Q4)) | T4: =IF($Q4="","",IFERROR(INDEX(計算用!$D$2:$D$186,MATCH("女"&$Q4&"-1",計算用!$AS$2:$AS$186,0)),"")) | U4: =IF($Q4="","",IFERROR(INDEX(計算用!$M$2:$M$186,MATCH("女"&$Q4&"-1",計算用!$AS$2:$AS$186,0)),"")) | V4: =IF($Q4="","",IFERROR(INDEX(計算用!$I$2:$I$186,MATCH("女"&$Q4&"-1",計算用!$AS$2:$AS$186,0)),"")) | W4: =IF($Q4="","",IFERROR(INDEX(計算用!$D$2:$D$186,MATCH("女"&$Q4&"-2",計算用!$AS$2:$AS$186,0)),"")) | X4: =IF($Q4="","",IFERROR(INDEX(計算用!$M$2:$M$186,MATCH("女"&$Q4&"-2",計算用!$AS$2:$AS$186,0)),"")) | Y4: =IF($Q4="","",IFERROR(INDEX(計算用!$I$2:$I$186,MATCH("女"&$Q4&"-2",計算用!$AS$2:$AS$186,0)),"")) | Z4: =IF($Q4="","",IFERROR(INDEX(計算用!$D$2:$D$186,MATCH("女"&$Q4&"-3",計算用!$AS$2:$AS$186,0)),"")) | AA4: =IF($Q4="","",IFERROR(INDEX(計算用!$M$2:$M$186,MATCH("女"&$Q4&"-3",計算用!$AS$2:$AS$186,0)),"")) | AB4: =IF($Q4="","",IFERROR(INDEX(計算用!$I$2:$I$186,MATCH("女"&$Q4&"-3",計算用!$AS$2:$AS$186,0)),"")) | AC4: =IF($Q4="","",IFERROR(INDEX(計算用!$D$2:$D$186,MATCH("女"&$Q4&"-4",計算用!$AS$2:$AS$186,0)),"")) | AD4: =IF($Q4="","",IFERROR(INDEX(計算用!$M$2:$M$186,MATCH("女"&$Q4&"-4",計算用!$AS$2:$AS$186,0)),"")) | AE4: =IF($Q4="","",IFERROR(INDEX(計算用!$I$2:$I$186,MATCH("女"&$Q4&"-4",計算用!$AS$2:$AS$186,0)),""))
A5: =IF(ROW()-3<=計算用!$Q$13,ROW()-3,"") | B5: =IF($A5="","",INDEX(計算用!$BB$2:$BB$51,$A5)) | C5: =IF($A5="","","赤"&INDEX(計算用!$BC$2:$BC$51,$A5)&"白"&INDEX(計算用!$BD$2:$BD$51,$A5)) | D5: =IF($A5="","",IFERROR(INDEX(計算用!$D$2:$D$186,MATCH("男"&$A5&"-1",計算用!$AS$2:$AS$186,0)),"")) | E5: =IF($A5="","",IFERROR(INDEX(計算用!$M$2:$M$186,MATCH("男"&$A5&"-1",計算用!$AS$2:$AS$186,0)),"")) | F5: =IF($A5="","",IFERROR(INDEX(計算用!$I$2:$I$186,MATCH("男"&$A5&"-1",計算用!$AS$2:$AS$186,0)),"")) | G5: =IF($A5="","",IFERROR(INDEX(計算用!$D$2:$D$186,MATCH("男"&$A5&"-2",計算用!$AS$2:$AS$186,0)),"")) | H5: =IF($A5="","",IFERROR(INDEX(計算用!$M$2:$M$186,MATCH("男"&$A5&"-2",計算用!$AS$2:$AS$186,0)),"")) | I5: =IF($A5="","",IFERROR(INDEX(計算用!$I$2:$I$186,MATCH("男"&$A5&"-2",計算用!$AS$2:$AS$186,0)),"")) | J5: =IF($A5="","",IFERROR(INDEX(計算用!$D$2:$D$186,MATCH("男"&$A5&"-3",計算用!$AS$2:$AS$186,0)),"")) | K5: =IF($A5="","",IFERROR(INDEX(計算用!$M$2:$M$186,MATCH("男"&$A5&"-3",計算用!$AS$2:$AS$186,0)),"")) | L5: =IF($A5="","",IFERROR(INDEX(計算用!$I$2:$I$186,MATCH("男"&$A5&"-3",計算用!$AS$2:$AS$186,0)),"")) | M5: =IF($A5="","",IFERROR(INDEX(計算用!$D$2:$D$186,MATCH("男"&$A5&"-4",計算用!$AS$2:$AS$186,0)),"")) | N5: =IF($A5="","",IFERROR(INDEX(計算用!$M$2:$M$186,MATCH("男"&$A5&"-4",計算用!$AS$2:$AS$186,0)),"")) | O5: =IF($A5="","",IFERROR(INDEX(計算用!$I$2:$I$186,MATCH("男"&$A5&"-4",計算用!$AS$2:$AS$186,0)),"")) | Q5: =IF(ROW()-3<=計算用!$Q$14,ROW()-3,"") | R5: =IF($Q5="","",INDEX(計算用!$BG$2:$BG$51,$Q5)) | S5: =IF($Q5="","","赤"&INDEX(計算用!$BH$2:$BH$51,$Q5)&"白"&INDEX(計算用!$BI$2:$BI$51,$Q5)) | T5: =IF($Q5="","",IFERROR(INDEX(計算用!$D$2:$D$186,MATCH("女"&$Q5&"-1",計算用!$AS$2:$AS$186,0)),"")) | U5: =IF($Q5="","",IFERROR(INDEX(計算用!$M$2:$M$186,MATCH("女"&$Q5&"-1",計算用!$AS$2:$AS$186,0)),"")) | V5: =IF($Q5="","",IFERROR(INDEX(計算用!$I$2:$I$186,MATCH("女"&$Q5&"-1",計算用!$AS$2:$AS$186,0)),"")) | W5: =IF($Q5="","",IFERROR(INDEX(計算用!$D$2:$D$186,MATCH("女"&$Q5&"-2",計算用!$AS$2:$AS$186,0)),"")) | X5: =IF($Q5="","",IFERROR(INDEX(計算用!$M$2:$M$186,MATCH("女"&$Q5&"-2",計算用!$AS$2:$AS$186,0)),"")) | Y5: =IF($Q5="","",IFERROR(INDEX(計算用!$I$2:$I$186,MATCH("女"&$Q5&"-2",計算用!$AS$2:$AS$186,0)),"")) | Z5: =IF($Q5="","",IFERROR(INDEX(計算用!$D$2:$D$186,MATCH("女"&$Q5&"-3",計算用!$AS$2:$AS$186,0)),"")) | AA5: =IF($Q5="","",IFERROR(INDEX(計算用!$M$2:$M$186,MATCH("女"&$Q5&"-3",計算用!$AS$2:$AS$186,0)),"")) | AB5: =IF($Q5="","",IFERROR(INDEX(計算用!$I$2:$I$186,MATCH("女"&$Q5&"-3",計算用!$AS$2:$AS$186,0)),"")) | AC5: =IF($Q5="","",IFERROR(INDEX(計算用!$D$2:$D$186,MATCH("女"&$Q5&"-4",計算用!$AS$2:$AS$186,0)),"")) | AD5: =IF($Q5="","",IFERROR(INDEX(計算用!$M$2:$M$186,MATCH("女"&$Q5&"-4",計算用!$AS$2:$AS$186,0)),"")) | AE5: =IF($Q5="","",IFERROR(INDEX(計算用!$I$2:$I$186,MATCH("女"&$Q5&"-4",計算用!$AS$2:$AS$186,0)),""))
A6: =IF(ROW()-3<=計算用!$Q$13,ROW()-3,"") | B6: =IF($A6="","",INDEX(計算用!$BB$2:$BB$51,$A6)) | C6: =IF($A6="","","赤"&INDEX(計算用!$BC$2:$BC$51,$A6)&"白"&INDEX(計算用!$BD$2:$BD$51,$A6)) | D6: =IF($A6="","",IFERROR(INDEX(計算用!$D$2:$D$186,MATCH("男"&$A6&"-1",計算用!$AS$2:$AS$186,0)),"")) | E6: =IF($A6="","",IFERROR(INDEX(計算用!$M$2:$M$186,MATCH("男"&$A6&"-1",計算用!$AS$2:$AS$186,0)),"")) | F6: =IF($A6="","",IFERROR(INDEX(計算用!$I$2:$I$186,MATCH("男"&$A6&"-1",計算用!$AS$2:$AS$186,0)),"")) | G6: =IF($A6="","",IFERROR(INDEX(計算用!$D$2:$D$186,MATCH("男"&$A6&"-2",計算用!$AS$2:$AS$186,0)),"")) | H6: =IF($A6="","",IFERROR(INDEX(計算用!$M$2:$M$186,MATCH("男"&$A6&"-2",計算用!$AS$2:$AS$186,0)),"")) | I6: =IF($A6="","",IFERROR(INDEX(計算用!$I$2:$I$186,MATCH("男"&$A6&"-2",計算用!$AS$2:$AS$186,0)),"")) | J6: =IF($A6="","",IFERROR(INDEX(計算用!$D$2:$D$186,MATCH("男"&$A6&"-3",計算用!$AS$2:$AS$186,0)),"")) | K6: =IF($A6="","",IFERROR(INDEX(計算用!$M$2:$M$186,MATCH("男"&$A6&"-3",計算用!$AS$2:$AS$186,0)),"")) | L6: =IF($A6="","",IFERROR(INDEX(計算用!$I$2:$I$186,MATCH("男"&$A6&"-3",計算用!$AS$2:$AS$186,0)),"")) | M6: =IF($A6="","",IFERROR(INDEX(計算用!$D$2:$D$186,MATCH("男"&$A6&"-4",計算用!$AS$2:$AS$186,0)),"")) | N6: =IF($A6="","",IFERROR(INDEX(計算用!$M$2:$M$186,MATCH("男"&$A6&"-4",計算用!$AS$2:$AS$186,0)),"")) | O6: =IF($A6="","",IFERROR(INDEX(計算用!$I$2:$I$186,MATCH("男"&$A6&"-4",計算用!$AS$2:$AS$186,0)),"")) | Q6: =IF(ROW()-3<=計算用!$Q$14,ROW()-3,"") | R6: =IF($Q6="","",INDEX(計算用!$BG$2:$BG$51,$Q6)) | S6: =IF($Q6="","","赤"&INDEX(計算用!$BH$2:$BH$51,$Q6)&"白"&INDEX(計算用!$BI$2:$BI$51,$Q6)) | T6: =IF($Q6="","",IFERROR(INDEX(計算用!$D$2:$D$186,MATCH("女"&$Q6&"-1",計算用!$AS$2:$AS$186,0)),"")) | U6: =IF($Q6="","",IFERROR(INDEX(計算用!$M$2:$M$186,MATCH("女"&$Q6&"-1",計算用!$AS$2:$AS$186,0)),"")) | V6: =IF($Q6="","",IFERROR(INDEX(計算用!$I$2:$I$186,MATCH("女"&$Q6&"-1",計算用!$AS$2:$AS$186,0)),"")) | W6: =IF($Q6="","",IFERROR(INDEX(計算用!$D$2:$D$186,MATCH("女"&$Q6&"-2",計算用!$AS$2:$AS$186,0)),"")) | X6: =IF($Q6="","",IFERROR(INDEX(計算用!$M$2:$M$186,MATCH("女"&$Q6&"-2",計算用!$AS$2:$AS$186,0)),"")) | Y6: =IF($Q6="","",IFERROR(INDEX(計算用!$I$2:$I$186,MATCH("女"&$Q6&"-2",計算用!$AS$2:$AS$186,0)),"")) | Z6: =IF($Q6="","",IFERROR(INDEX(計算用!$D$2:$D$186,MATCH("女"&$Q6&"-3",計算用!$AS$2:$AS$186,0)),"")) | AA6: =IF($Q6="","",IFERROR(INDEX(計算用!$M$2:$M$186,MATCH("女"&$Q6&"-3",計算用!$AS$2:$AS$186,0)),"")) | AB6: =IF($Q6="","",IFERROR(INDEX(計算用!$I$2:$I$186,MATCH("女"&$Q6&"-3",計算用!$AS$2:$AS$186,0)),"")) | AC6: =IF($Q6="","",IFERROR(INDEX(計算用!$D$2:$D$186,MATCH("女"&$Q6&"-4",計算用!$AS$2:$AS$186,0)),"")) | AD6: =IF($Q6="","",IFERROR(INDEX(計算用!$M$2:$M$186,MATCH("女"&$Q6&"-4",計算用!$AS$2:$AS$186,0)),"")) | AE6: =IF($Q6="","",IFERROR(INDEX(計算用!$I$2:$I$186,MATCH("女"&$Q6&"-4",計算用!$AS$2:$AS$186,0)),""))
A7: =IF(ROW()-3<=計算用!$Q$13,ROW()-3,"") | B7: =IF($A7="","",INDEX(計算用!$BB$2:$BB$51,$A7)) | C7: =IF($A7="","","赤"&INDEX(計算用!$BC$2:$BC$51,$A7)&"白"&INDEX(計算用!$BD$2:$BD$51,$A7)) | D7: =IF($A7="","",IFERROR(INDEX(計算用!$D$2:$D$186,MATCH("男"&$A7&"-1",計算用!$AS$2:$AS$186,0)),"")) | E7: =IF($A7="","",IFERROR(INDEX(計算用!$M$2:$M$186,MATCH("男"&$A7&"-1",計算用!$AS$2:$AS$186,0)),"")) | F7: =IF($A7="","",IFERROR(INDEX(計算用!$I$2:$I$186,MATCH("男"&$A7&"-1",計算用!$AS$2:$AS$186,0)),"")) | G7: =IF($A7="","",IFERROR(INDEX(計算用!$D$2:$D$186,MATCH("男"&$A7&"-2",計算用!$AS$2:$AS$186,0)),"")) | H7: =IF($A7="","",IFERROR(INDEX(計算用!$M$2:$M$186,MATCH("男"&$A7&"-2",計算用!$AS$2:$AS$186,0)),"")) | I7: =IF($A7="","",IFERROR(INDEX(計算用!$I$2:$I$186,MATCH("男"&$A7&"-2",計算用!$AS$2:$AS$186,0)),"")) | J7: =IF($A7="","",IFERROR(INDEX(計算用!$D$2:$D$186,MATCH("男"&$A7&"-3",計算用!$AS$2:$AS$186,0)),"")) | K7: =IF($A7="","",IFERROR(INDEX(計算用!$M$2:$M$186,MATCH("男"&$A7&"-3",計算用!$AS$2:$AS$186,0)),"")) | L7: =IF($A7="","",IFERROR(INDEX(計算用!$I$2:$I$186,MATCH("男"&$A7&"-3",計算用!$AS$2:$AS$186,0)),"")) | M7: =IF($A7="","",IFERROR(INDEX(計算用!$D$2:$D$186,MATCH("男"&$A7&"-4",計算用!$AS$2:$AS$186,0)),"")) | N7: =IF($A7="","",IFERROR(INDEX(計算用!$M$2:$M$186,MATCH("男"&$A7&"-4",計算用!$AS$2:$AS$186,0)),"")) | O7: =IF($A7="","",IFERROR(INDEX(計算用!$I$2:$I$186,MATCH("男"&$A7&"-4",計算用!$AS$2:$AS$186,0)),"")) | Q7: =IF(ROW()-3<=計算用!$Q$14,ROW()-3,"") | R7: =IF($Q7="","",INDEX(計算用!$BG$2:$BG$51,$Q7)) | S7: =IF($Q7="","","赤"&INDEX(計算用!$BH$2:$BH$51,$Q7)&"白"&INDEX(計算用!$BI$2:$BI$51,$Q7)) | T7: =IF($Q7="","",IFERROR(INDEX(計算用!$D$2:$D$186,MATCH("女"&$Q7&"-1",計算用!$AS$2:$AS$186,0)),"")) | U7: =IF($Q7="","",IFERROR(INDEX(計算用!$M$2:$M$186,MATCH("女"&$Q7&"-1",計算用!$AS$2:$AS$186,0)),"")) | V7: =IF($Q7="","",IFERROR(INDEX(計算用!$I$2:$I$186,MATCH("女"&$Q7&"-1",計算用!$AS$2:$AS$186,0)),"")) | W7: =IF($Q7="","",IFERROR(INDEX(計算用!$D$2:$D$186,MATCH("女"&$Q7&"-2",計算用!$AS$2:$AS$186,0)),"")) | X7: =IF($Q7="","",IFERROR(INDEX(計算用!$M$2:$M$186,MATCH("女"&$Q7&"-2",計算用!$AS$2:$AS$186,0)),"")) | Y7: =IF($Q7="","",IFERROR(INDEX(計算用!$I$2:$I$186,MATCH("女"&$Q7&"-2",計算用!$AS$2:$AS$186,0)),"")) | Z7: =IF($Q7="","",IFERROR(INDEX(計算用!$D$2:$D$186,MATCH("女"&$Q7&"-3",計算用!$AS$2:$AS$186,0)),"")) | AA7: =IF($Q7="","",IFERROR(INDEX(計算用!$M$2:$M$186,MATCH("女"&$Q7&"-3",計算用!$AS$2:$AS$186,0)),"")) | AB7: =IF($Q7="","",IFERROR(INDEX(計算用!$I$2:$I$186,MATCH("女"&$Q7&"-3",計算用!$AS$2:$AS$186,0)),"")) | AC7: =IF($Q7="","",IFERROR(INDEX(計算用!$D$2:$D$186,MATCH("女"&$Q7&"-4",計算用!$AS$2:$AS$186,0)),"")) | AD7: =IF($Q7="","",IFERROR(INDEX(計算用!$M$2:$M$186,MATCH("女"&$Q7&"-4",計算用!$AS$2:$AS$186,0)),"")) | AE7: =IF($Q7="","",IFERROR(INDEX(計算用!$I$2:$I$186,MATCH("女"&$Q7&"-4",計算用!$AS$2:$AS$186,0)),""))
A8: =IF(ROW()-3<=計算用!$Q$13,ROW()-3,"") | B8: =IF($A8="","",INDEX(計算用!$BB$2:$BB$51,$A8)) | C8: =IF($A8="","","赤"&INDEX(計算用!$BC$2:$BC$51,$A8)&"白"&INDEX(計算用!$BD$2:$BD$51,$A8)) | D8: =IF($A8="","",IFERROR(INDEX(計算用!$D$2:$D$186,MATCH("男"&$A8&"-1",計算用!$AS$2:$AS$186,0)),"")) | E8: =IF($A8="","",IFERROR(INDEX(計算用!$M$2:$M$186,MATCH("男"&$A8&"-1",計算用!$AS$2:$AS$186,0)),"")) | F8: =IF($A8="","",IFERROR(INDEX(計算用!$I$2:$I$186,MATCH("男"&$A8&"-1",計算用!$AS$2:$AS$186,0)),"")) | G8: =IF($A8="","",IFERROR(INDEX(計算用!$D$2:$D$186,MATCH("男"&$A8&"-2",計算用!$AS$2:$AS$186,0)),"")) | H8: =IF($A8="","",IFERROR(INDEX(計算用!$M$2:$M$186,MATCH("男"&$A8&"-2",計算用!$AS$2:$AS$186,0)),"")) | I8: =IF($A8="","",IFERROR(INDEX(計算用!$I$2:$I$186,MATCH("男"&$A8&"-2",計算用!$AS$2:$AS$186,0)),"")) | J8: =IF($A8="","",IFERROR(INDEX(計算用!$D$2:$D$186,MATCH("男"&$A8&"-3",計算用!$AS$2:$AS$186,0)),"")) | K8: =IF($A8="","",IFERROR(INDEX(計算用!$M$2:$M$186,MATCH("男"&$A8&"-3",計算用!$AS$2:$AS$186,0)),"")) | L8: =IF($A8="","",IFERROR(INDEX(計算用!$I$2:$I$186,MATCH("男"&$A8&"-3",計算用!$AS$2:$AS$186,0)),"")) | M8: =IF($A8="","",IFERROR(INDEX(計算用!$D$2:$D$186,MATCH("男"&$A8&"-4",計算用!$AS$2:$AS$186,0)),"")) | N8: =IF($A8="","",IFERROR(INDEX(計算用!$M$2:$M$186,MATCH("男"&$A8&"-4",計算用!$AS$2:$AS$186,0)),"")) | O8: =IF($A8="","",IFERROR(INDEX(計算用!$I$2:$I$186,MATCH("男"&$A8&"-4",計算用!$AS$2:$AS$186,0)),"")) | Q8: =IF(ROW()-3<=計算用!$Q$14,ROW()-3,"") | R8: =IF($Q8="","",INDEX(計算用!$BG$2:$BG$51,$Q8)) | S8: =IF($Q8="","","赤"&INDEX(計算用!$BH$2:$BH$51,$Q8)&"白"&INDEX(計算用!$BI$2:$BI$51,$Q8)) | T8: =IF($Q8="","",IFERROR(INDEX(計算用!$D$2:$D$186,MATCH("女"&$Q8&"-1",計算用!$AS$2:$AS$186,0)),"")) | U8: =IF($Q8="","",IFERROR(INDEX(計算用!$M$2:$M$186,MATCH("女"&$Q8&"-1",計算用!$AS$2:$AS$186,0)),"")) | V8: =IF($Q8="","",IFERROR(INDEX(計算用!$I$2:$I$186,MATCH("女"&$Q8&"-1",計算用!$AS$2:$AS$186,0)),"")) | W8: =IF($Q8="","",IFERROR(INDEX(計算用!$D$2:$D$186,MATCH("女"&$Q8&"-2",計算用!$AS$2:$AS$186,0)),"")) | X8: =IF($Q8="","",IFERROR(INDEX(計算用!$M$2:$M$186,MATCH("女"&$Q8&"-2",計算用!$AS$2:$AS$186,0)),"")) | Y8: =IF($Q8="","",IFERROR(INDEX(計算用!$I$2:$I$186,MATCH("女"&$Q8&"-2",計算用!$AS$2:$AS$186,0)),"")) | Z8: =IF($Q8="","",IFERROR(INDEX(計算用!$D$2:$D$186,MATCH("女"&$Q8&"-3",計算用!$AS$2:$AS$186,0)),"")) | AA8: =IF($Q8="","",IFERROR(INDEX(計算用!$M$2:$M$186,MATCH("女"&$Q8&"-3",計算用!$AS$2:$AS$186,0)),"")) | AB8: =IF($Q8="","",IFERROR(INDEX(計算用!$I$2:$I$186,MATCH("女"&$Q8&"-3",計算用!$AS$2:$AS$186,0)),"")) | AC8: =IF($Q8="","",IFERROR(INDEX(計算用!$D$2:$D$186,MATCH("女"&$Q8&"-4",計算用!$AS$2:$AS$186,0)),"")) | AD8: =IF($Q8="","",IFERROR(INDEX(計算用!$M$2:$M$186,MATCH("女"&$Q8&"-4",計算用!$AS$2:$AS$186,0)),"")) | AE8: =IF($Q8="","",IFERROR(INDEX(計算用!$I$2:$I$186,MATCH("女"&$Q8&"-4",計算用!$AS$2:$AS$186,0)),""))
A9: =IF(ROW()-3<=計算用!$Q$13,ROW()-3,"") | B9: =IF($A9="","",INDEX(計算用!$BB$2:$BB$51,$A9)) | C9: =IF($A9="","","赤"&INDEX(計算用!$BC$2:$BC$51,$A9)&"白"&INDEX(計算用!$BD$2:$BD$51,$A9)) | D9: =IF($A9="","",IFERROR(INDEX(計算用!$D$2:$D$186,MATCH("男"&$A9&"-1",計算用!$AS$2:$AS$186,0)),"")) | E9: =IF($A9="","",IFERROR(INDEX(計算用!$M$2:$M$186,MATCH("男"&$A9&"-1",計算用!$AS$2:$AS$186,0)),"")) | F9: =IF($A9="","",IFERROR(INDEX(計算用!$I$2:$I$186,MATCH("男"&$A9&"-1",計算用!$AS$2:$AS$186,0)),"")) | G9: =IF($A9="","",IFERROR(INDEX(計算用!$D$2:$D$186,MATCH("男"&$A9&"-2",計算用!$AS$2:$AS$186,0)),"")) | H9: =IF($A9="","",IFERROR(INDEX(計算用!$M$2:$M$186,MATCH("男"&$A9&"-2",計算用!$AS$2:$AS$186,0)),"")) | I9: =IF($A9="","",IFERROR(INDEX(計算用!$I$2:$I$186,MATCH("男"&$A9&"-2",計算用!$AS$2:$AS$186,0)),"")) | J9: =IF($A9="","",IFERROR(INDEX(計算用!$D$2:$D$186,MATCH("男"&$A9&"-3",計算用!$AS$2:$AS$186,0)),"")) | K9: =IF($A9="","",IFERROR(INDEX(計算用!$M$2:$M$186,MATCH("男"&$A9&"-3",計算用!$AS$2:$AS$186,0)),"")) | L9: =IF($A9="","",IFERROR(INDEX(計算用!$I$2:$I$186,MATCH("男"&$A9&"-3",計算用!$AS$2:$AS$186,0)),"")) | M9: =IF($A9="","",IFERROR(INDEX(計算用!$D$2:$D$186,MATCH("男"&$A9&"-4",計算用!$AS$2:$AS$186,0)),"")) | N9: =IF($A9="","",IFERROR(INDEX(計算用!$M$2:$M$186,MATCH("男"&$A9&"-4",計算用!$AS$2:$AS$186,0)),"")) | O9: =IF($A9="","",IFERROR(INDEX(計算用!$I$2:$I$186,MATCH("男"&$A9&"-4",計算用!$AS$2:$AS$186,0)),"")) | Q9: =IF(ROW()-3<=計算用!$Q$14,ROW()-3,"") | R9: =IF($Q9="","",INDEX(計算用!$BG$2:$BG$51,$Q9)) | S9: =IF($Q9="","","赤"&INDEX(計算用!$BH$2:$BH$51,$Q9)&"白"&INDEX(計算用!$BI$2:$BI$51,$Q9)) | T9: =IF($Q9="","",IFERROR(INDEX(計算用!$D$2:$D$186,MATCH("女"&$Q9&"-1",計算用!$AS$2:$AS$186,0)),"")) | U9: =IF($Q9="","",IFERROR(INDEX(計算用!$M$2:$M$186,MATCH("女"&$Q9&"-1",計算用!$AS$2:$AS$186,0)),"")) | V9: =IF($Q9="","",IFERROR(INDEX(計算用!$I$2:$I$186,MATCH("女"&$Q9&"-1",計算用!$AS$2:$AS$186,0)),"")) | W9: =IF($Q9="","",IFERROR(INDEX(計算用!$D$2:$D$186,MATCH("女"&$Q9&"-2",計算用!$AS$2:$AS$186,0)),"")) | X9: =IF($Q9="","",IFERROR(INDEX(計算用!$M$2:$M$186,MATCH("女"&$Q9&"-2",計算用!$AS$2:$AS$186,0)),"")) | Y9: =IF($Q9="","",IFERROR(INDEX(計算用!$I$2:$I$186,MATCH("女"&$Q9&"-2",計算用!$AS$2:$AS$186,0)),"")) | Z9: =IF($Q9="","",IFERROR(INDEX(計算用!$D$2:$D$186,MATCH("女"&$Q9&"-3",計算用!$AS$2:$AS$186,0)),"")) | AA9: =IF($Q9="","",IFERROR(INDEX(計算用!$M$2:$M$186,MATCH("女"&$Q9&"-3",計算用!$AS$2:$AS$186,0)),"")) | AB9: =IF($Q9="","",IFERROR(INDEX(計算用!$I$2:$I$186,MATCH("女"&$Q9&"-3",計算用!$AS$2:$AS$186,0)),"")) | AC9: =IF($Q9="","",IFERROR(INDEX(計算用!$D$2:$D$186,MATCH("女"&$Q9&"-4",計算用!$AS$2:$AS$186,0)),"")) | AD9: =IF($Q9="","",IFERROR(INDEX(計算用!$M$2:$M$186,MATCH("女"&$Q9&"-4",計算用!$AS$2:$AS$186,0)),"")) | AE9: =IF($Q9="","",IFERROR(INDEX(計算用!$I$2:$I$186,MATCH("女"&$Q9&"-4",計算用!$AS$2:$AS$186,0)),""))
A10: =IF(ROW()-3<=計算用!$Q$13,ROW()-3,"") | B10: =IF($A10="","",INDEX(計算用!$BB$2:$BB$51,$A10)) | C10: =IF($A10="","","赤"&INDEX(計算用!$BC$2:$BC$51,$A10)&"白"&INDEX(計算用!$BD$2:$BD$51,$A10)) | D10: =IF($A10="","",IFERROR(INDEX(計算用!$D$2:$D$186,MATCH("男"&$A10&"-1",計算用!$AS$2:$AS$186,0)),"")) | E10: =IF($A10="","",IFERROR(INDEX(計算用!$M$2:$M$186,MATCH("男"&$A10&"-1",計算用!$AS$2:$AS$186,0)),"")) | F10: =IF($A10="","",IFERROR(INDEX(計算用!$I$2:$I$186,MATCH("男"&$A10&"-1",計算用!$AS$2:$AS$186,0)),"")) | G10: =IF($A10="","",IFERROR(INDEX(計算用!$D$2:$D$186,MATCH("男"&$A10&"-2",計算用!$AS$2:$AS$186,0)),"")) | H10: =IF($A10="","",IFERROR(INDEX(計算用!$M$2:$M$186,MATCH("男"&$A10&"-2",計算用!$AS$2:$AS$186,0)),"")) | I10: =IF($A10="","",IFERROR(INDEX(計算用!$I$2:$I$186,MATCH("男"&$A10&"-2",計算用!$AS$2:$AS$186,0)),"")) | J10: =IF($A10="","",IFERROR(INDEX(計算用!$D$2:$D$186,MATCH("男"&$A10&"-3",計算用!$AS$2:$AS$186,0)),"")) | K10: =IF($A10="","",IFERROR(INDEX(計算用!$M$2:$M$186,MATCH("男"&$A10&"-3",計算用!$AS$2:$AS$186,0)),"")) | L10: =IF($A10="","",IFERROR(INDEX(計算用!$I$2:$I$186,MATCH("男"&$A10&"-3",計算用!$AS$2:$AS$186,0)),"")) | M10: =IF($A10="","",IFERROR(INDEX(計算用!$D$2:$D$186,MATCH("男"&$A10&"-4",計算用!$AS$2:$AS$186,0)),"")) | N10: =IF($A10="","",IFERROR(INDEX(計算用!$M$2:$M$186,MATCH("男"&$A10&"-4",計算用!$AS$2:$AS$186,0)),"")) | O10: =IF($A10="","",IFERROR(INDEX(計算用!$I$2:$I$186,MATCH("男"&$A10&"-4",計算用!$AS$2:$AS$186,0)),"")) | Q10: =IF(ROW()-3<=計算用!$Q$14,ROW()-3,"") | R10: =IF($Q10="","",INDEX(計算用!$BG$2:$BG$51,$Q10)) | S10: =IF($Q10="","","赤"&INDEX(計算用!$BH$2:$BH$51,$Q10)&"白"&INDEX(計算用!$BI$2:$BI$51,$Q10)) | T10: =IF($Q10="","",IFERROR(INDEX(計算用!$D$2:$D$186,MATCH("女"&$Q10&"-1",計算用!$AS$2:$AS$186,0)),"")) | U10: =IF($Q10="","",IFERROR(INDEX(計算用!$M$2:$M$186,MATCH("女"&$Q10&"-1",計算用!$AS$2:$AS$186,0)),"")) | V10: =IF($Q10="","",IFERROR(INDEX(計算用!$I$2:$I$186,MATCH("女"&$Q10&"-1",計算用!$AS$2:$AS$186,0)),"")) | W10: =IF($Q10="","",IFERROR(INDEX(計算用!$D$2:$D$186,MATCH("女"&$Q10&"-2",計算用!$AS$2:$AS$186,0)),"")) | X10: =IF($Q10="","",IFERROR(INDEX(計算用!$M$2:$M$186,MATCH("女"&$Q10&"-2",計算用!$AS$2:$AS$186,0)),"")) | Y10: =IF($Q10="","",IFERROR(INDEX(計算用!$I$2:$I$186,MATCH("女"&$Q10&"-2",計算用!$AS$2:$AS$186,0)),"")) | Z10: =IF($Q10="","",IFERROR(INDEX(計算用!$D$2:$D$186,MATCH("女"&$Q10&"-3",計算用!$AS$2:$AS$186,0)),"")) | AA10: =IF($Q10="","",IFERROR(INDEX(計算用!$M$2:$M$186,MATCH("女"&$Q10&"-3",計算用!$AS$2:$AS$186,0)),"")) | AB10: =IF($Q10="","",IFERROR(INDEX(計算用!$I$2:$I$186,MATCH("女"&$Q10&"-3",計算用!$AS$2:$AS$186,0)),"")) | AC10: =IF($Q10="","",IFERROR(INDEX(計算用!$D$2:$D$186,MATCH("女"&$Q10&"-4",計算用!$AS$2:$AS$186,0)),"")) | AD10: =IF($Q10="","",IFERROR(INDEX(計算用!$M$2:$M$186,MATCH("女"&$Q10&"-4",計算用!$AS$2:$AS$186,0)),"")) | AE10: =IF($Q10="","",IFERROR(INDEX(計算用!$I$2:$I$186,MATCH("女"&$Q10&"-4",計算用!$AS$2:$AS$186,0)),""))
A11: =IF(ROW()-3<=計算用!$Q$13,ROW()-3,"") | B11: =IF($A11="","",INDEX(計算用!$BB$2:$BB$51,$A11)) | C11: =IF($A11="","","赤"&INDEX(計算用!$BC$2:$BC$51,$A11)&"白"&INDEX(計算用!$BD$2:$BD$51,$A11)) | D11: =IF($A11="","",IFERROR(INDEX(計算用!$D$2:$D$186,MATCH("男"&$A11&"-1",計算用!$AS$2:$AS$186,0)),"")) | E11: =IF($A11="","",IFERROR(INDEX(計算用!$M$2:$M$186,MATCH("男"&$A11&"-1",計算用!$AS$2:$AS$186,0)),"")) | F11: =IF($A11="","",IFERROR(INDEX(計算用!$I$2:$I$186,MATCH("男"&$A11&"-1",計算用!$AS$2:$AS$186,0)),"")) | G11: =IF($A11="","",IFERROR(INDEX(計算用!$D$2:$D$186,MATCH("男"&$A11&"-2",計算用!$AS$2:$AS$186,0)),"")) | H11: =IF($A11="","",IFERROR(INDEX(計算用!$M$2:$M$186,MATCH("男"&$A11&"-2",計算用!$AS$2:$AS$186,0)),"")) | I11: =IF($A11="","",IFERROR(INDEX(計算用!$I$2:$I$186,MATCH("男"&$A11&"-2",計算用!$AS$2:$AS$186,0)),"")) | J11: =IF($A11="","",IFERROR(INDEX(計算用!$D$2:$D$186,MATCH("男"&$A11&"-3",計算用!$AS$2:$AS$186,0)),"")) | K11: =IF($A11="","",IFERROR(INDEX(計算用!$M$2:$M$186,MATCH("男"&$A11&"-3",計算用!$AS$2:$AS$186,0)),"")) | L11: =IF($A11="","",IFERROR(INDEX(計算用!$I$2:$I$186,MATCH("男"&$A11&"-3",計算用!$AS$2:$AS$186,0)),"")) | M11: =IF($A11="","",IFERROR(INDEX(計算用!$D$2:$D$186,MATCH("男"&$A11&"-4",計算用!$AS$2:$AS$186,0)),"")) | N11: =IF($A11="","",IFERROR(INDEX(計算用!$M$2:$M$186,MATCH("男"&$A11&"-4",計算用!$AS$2:$AS$186,0)),"")) | O11: =IF($A11="","",IFERROR(INDEX(計算用!$I$2:$I$186,MATCH("男"&$A11&"-4",計算用!$AS$2:$AS$186,0)),"")) | Q11: =IF(ROW()-3<=計算用!$Q$14,ROW()-3,"") | R11: =IF($Q11="","",INDEX(計算用!$BG$2:$BG$51,$Q11)) | S11: =IF($Q11="","","赤"&INDEX(計算用!$BH$2:$BH$51,$Q11)&"白"&INDEX(計算用!$BI$2:$BI$51,$Q11)) | T11: =IF($Q11="","",IFERROR(INDEX(計算用!$D$2:$D$186,MATCH("女"&$Q11&"-1",計算用!$AS$2:$AS$186,0)),"")) | U11: =IF($Q11="","",IFERROR(INDEX(計算用!$M$2:$M$186,MATCH("女"&$Q11&"-1",計算用!$AS$2:$AS$186,0)),"")) | V11: =IF($Q11="","",IFERROR(INDEX(計算用!$I$2:$I$186,MATCH("女"&$Q11&"-1",計算用!$AS$2:$AS$186,0)),"")) | W11: =IF($Q11="","",IFERROR(INDEX(計算用!$D$2:$D$186,MATCH("女"&$Q11&"-2",計算用!$AS$2:$AS$186,0)),"")) | X11: =IF($Q11="","",IFERROR(INDEX(計算用!$M$2:$M$186,MATCH("女"&$Q11&"-2",計算用!$AS$2:$AS$186,0)),"")) | Y11: =IF($Q11="","",IFERROR(INDEX(計算用!$I$2:$I$186,MATCH("女"&$Q11&"-2",計算用!$AS$2:$AS$186,0)),"")) | Z11: =IF($Q11="","",IFERROR(INDEX(計算用!$D$2:$D$186,MATCH("女"&$Q11&"-3",計算用!$AS$2:$AS$186,0)),"")) | AA11: =IF($Q11="","",IFERROR(INDEX(計算用!$M$2:$M$186,MATCH("女"&$Q11&"-3",計算用!$AS$2:$AS$186,0)),"")) | AB11: =IF($Q11="","",IFERROR(INDEX(計算用!$I$2:$I$186,MATCH("女"&$Q11&"-3",計算用!$AS$2:$AS$186,0)),"")) | AC11: =IF($Q11="","",IFERROR(INDEX(計算用!$D$2:$D$186,MATCH("女"&$Q11&"-4",計算用!$AS$2:$AS$186,0)),"")) | AD11: =IF($Q11="","",IFERROR(INDEX(計算用!$M$2:$M$186,MATCH("女"&$Q11&"-4",計算用!$AS$2:$AS$186,0)),"")) | AE11: =IF($Q11="","",IFERROR(INDEX(計算用!$I$2:$I$186,MATCH("女"&$Q11&"-4",計算用!$AS$2:$AS$186,0)),""))
A12: =IF(ROW()-3<=計算用!$Q$13,ROW()-3,"") | B12: =IF($A12="","",INDEX(計算用!$BB$2:$BB$51,$A12)) | C12: =IF($A12="","","赤"&INDEX(計算用!$BC$2:$BC$51,$A12)&"白"&INDEX(計算用!$BD$2:$BD$51,$A12)) | D12: =IF($A12="","",IFERROR(INDEX(計算用!$D$2:$D$186,MATCH("男"&$A12&"-1",計算用!$AS$2:$AS$186,0)),"")) | E12: =IF($A12="","",IFERROR(INDEX(計算用!$M$2:$M$186,MATCH("男"&$A12&"-1",計算用!$AS$2:$AS$186,0)),"")) | F12: =IF($A12="","",IFERROR(INDEX(計算用!$I$2:$I$186,MATCH("男"&$A12&"-1",計算用!$AS$2:$AS$186,0)),"")) | G12: =IF($A12="","",IFERROR(INDEX(計算用!$D$2:$D$186,MATCH("男"&$A12&"-2",計算用!$AS$2:$AS$186,0)),"")) | H12: =IF($A12="","",IFERROR(INDEX(計算用!$M$2:$M$186,MATCH("男"&$A12&"-2",計算用!$AS$2:$AS$186,0)),"")) | I12: =IF($A12="","",IFERROR(INDEX(計算用!$I$2:$I$186,MATCH("男"&$A12&"-2",計算用!$AS$2:$AS$186,0)),"")) | J12: =IF($A12="","",IFERROR(INDEX(計算用!$D$2:$D$186,MATCH("男"&$A12&"-3",計算用!$AS$2:$AS$186,0)),"")) | K12: =IF($A12="","",IFERROR(INDEX(計算用!$M$2:$M$186,MATCH("男"&$A12&"-3",計算用!$AS$2:$AS$186,0)),"")) | L12: =IF($A12="","",IFERROR(INDEX(計算用!$I$2:$I$186,MATCH("男"&$A12&"-3",計算用!$AS$2:$AS$186,0)),"")) | M12: =IF($A12="","",IFERROR(INDEX(計算用!$D$2:$D$186,MATCH("男"&$A12&"-4",計算用!$AS$2:$AS$186,0)),"")) | N12: =IF($A12="","",IFERROR(INDEX(計算用!$M$2:$M$186,MATCH("男"&$A12&"-4",計算用!$AS$2:$AS$186,0)),"")) | O12: =IF($A12="","",IFERROR(INDEX(計算用!$I$2:$I$186,MATCH("男"&$A12&"-4",計算用!$AS$2:$AS$186,0)),"")) | Q12: =IF(ROW()-3<=計算用!$Q$14,ROW()-3,"") | R12: =IF($Q12="","",INDEX(計算用!$BG$2:$BG$51,$Q12)) | S12: =IF($Q12="","","赤"&INDEX(計算用!$BH$2:$BH$51,$Q12)&"白"&INDEX(計算用!$BI$2:$BI$51,$Q12)) | T12: =IF($Q12="","",IFERROR(INDEX(計算用!$D$2:$D$186,MATCH("女"&$Q12&"-1",計算用!$AS$2:$AS$186,0)),"")) | U12: =IF($Q12="","",IFERROR(INDEX(計算用!$M$2:$M$186,MATCH("女"&$Q12&"-1",計算用!$AS$2:$AS$186,0)),"")) | V12: =IF($Q12="","",IFERROR(INDEX(計算用!$I$2:$I$186,MATCH("女"&$Q12&"-1",計算用!$AS$2:$AS$186,0)),"")) | W12: =IF($Q12="","",IFERROR(INDEX(計算用!$D$2:$D$186,MATCH("女"&$Q12&"-2",計算用!$AS$2:$AS$186,0)),"")) | X12: =IF($Q12="","",IFERROR(INDEX(計算用!$M$2:$M$186,MATCH("女"&$Q12&"-2",計算用!$AS$2:$AS$186,0)),"")) | Y12: =IF($Q12="","",IFERROR(INDEX(計算用!$I$2:$I$186,MATCH("女"&$Q12&"-2",計算用!$AS$2:$AS$186,0)),"")) | Z12: =IF($Q12="","",IFERROR(INDEX(計算用!$D$2:$D$186,MATCH("女"&$Q12&"-3",計算用!$AS$2:$AS$186,0)),"")) | AA12: =IF($Q12="","",IFERROR(INDEX(計算用!$M$2:$M$186,MATCH("女"&$Q12&"-3",計算用!$AS$2:$AS$186,0)),"")) | AB12: =IF($Q12="","",IFERROR(INDEX(計算用!$I$2:$I$186,MATCH("女"&$Q12&"-3",計算用!$AS$2:$AS$186,0)),"")) | AC12: =IF($Q12="","",IFERROR(INDEX(計算用!$D$2:$D$186,MATCH("女"&$Q12&"-4",計算用!$AS$2:$AS$186,0)),"")) | AD12: =IF($Q12="","",IFERROR(INDEX(計算用!$M$2:$M$186,MATCH("女"&$Q12&"-4",計算用!$AS$2:$AS$186,0)),"")) | AE12: =IF($Q12="","",IFERROR(INDEX(計算用!$I$2:$I$186,MATCH("女"&$Q12&"-4",計算用!$AS$2:$AS$186,0)),""))
A13: =IF(ROW()-3<=計算用!$Q$13,ROW()-3,"") | B13: =IF($A13="","",INDEX(計算用!$BB$2:$BB$51,$A13)) | C13: =IF($A13="","","赤"&INDEX(計算用!$BC$2:$BC$51,$A13)&"白"&INDEX(計算用!$BD$2:$BD$51,$A13)) | D13: =IF($A13="","",IFERROR(INDEX(計算用!$D$2:$D$186,MATCH("男"&$A13&"-1",計算用!$AS$2:$AS$186,0)),"")) | E13: =IF($A13="","",IFERROR(INDEX(計算用!$M$2:$M$186,MATCH("男"&$A13&"-1",計算用!$AS$2:$AS$186,0)),"")) | F13: =IF($A13="","",IFERROR(INDEX(計算用!$I$2:$I$186,MATCH("男"&$A13&"-1",計算用!$AS$2:$AS$186,0)),"")) | G13: =IF($A13="","",IFERROR(INDEX(計算用!$D$2:$D$186,MATCH("男"&$A13&"-2",計算用!$AS$2:$AS$186,0)),"")) | H13: =IF($A13="","",IFERROR(INDEX(計算用!$M$2:$M$186,MATCH("男"&$A13&"-2",計算用!$AS$2:$AS$186,0)),"")) | I13: =IF($A13="","",IFERROR(INDEX(計算用!$I$2:$I$186,MATCH("男"&$A13&"-2",計算用!$AS$2:$AS$186,0)),"")) | J13: =IF($A13="","",IFERROR(INDEX(計算用!$D$2:$D$186,MATCH("男"&$A13&"-3",計算用!$AS$2:$AS$186,0)),"")) | K13: =IF($A13="","",IFERROR(INDEX(計算用!$M$2:$M$186,MATCH("男"&$A13&"-3",計算用!$AS$2:$AS$186,0)),"")) | L13: =IF($A13="","",IFERROR(INDEX(計算用!$I$2:$I$186,MATCH("男"&$A13&"-3",計算用!$AS$2:$AS$186,0)),"")) | M13: =IF($A13="","",IFERROR(INDEX(計算用!$D$2:$D$186,MATCH("男"&$A13&"-4",計算用!$AS$2:$AS$186,0)),"")) | N13: =IF($A13="","",IFERROR(INDEX(計算用!$M$2:$M$186,MATCH("男"&$A13&"-4",計算用!$AS$2:$AS$186,0)),"")) | O13: =IF($A13="","",IFERROR(INDEX(計算用!$I$2:$I$186,MATCH("男"&$A13&"-4",計算用!$AS$2:$AS$186,0)),"")) | Q13: =IF(ROW()-3<=計算用!$Q$14,ROW()-3,"") | R13: =IF($Q13="","",INDEX(計算用!$BG$2:$BG$51,$Q13)) | S13: =IF($Q13="","","赤"&INDEX(計算用!$BH$2:$BH$51,$Q13)&"白"&INDEX(計算用!$BI$2:$BI$51,$Q13)) | T13: =IF($Q13="","",IFERROR(INDEX(計算用!$D$2:$D$186,MATCH("女"&$Q13&"-1",計算用!$AS$2:$AS$186,0)),"")) | U13: =IF($Q13="","",IFERROR(INDEX(計算用!$M$2:$M$186,MATCH("女"&$Q13&"-1",計算用!$AS$2:$AS$186,0)),"")) | V13: =IF($Q13="","",IFERROR(INDEX(計算用!$I$2:$I$186,MATCH("女"&$Q13&"-1",計算用!$AS$2:$AS$186,0)),"")) | W13: =IF($Q13="","",IFERROR(INDEX(計算用!$D$2:$D$186,MATCH("女"&$Q13&"-2",計算用!$AS$2:$AS$186,0)),"")) | X13: =IF($Q13="","",IFERROR(INDEX(計算用!$M$2:$M$186,MATCH("女"&$Q13&"-2",計算用!$AS$2:$AS$186,0)),"")) | Y13: =IF($Q13="","",IFERROR(INDEX(計算用!$I$2:$I$186,MATCH("女"&$Q13&"-2",計算用!$AS$2:$AS$186,0)),"")) | Z13: =IF($Q13="","",IFERROR(INDEX(計算用!$D$2:$D$186,MATCH("女"&$Q13&"-3",計算用!$AS$2:$AS$186,0)),"")) | AA13: =IF($Q13="","",IFERROR(INDEX(計算用!$M$2:$M$186,MATCH("女"&$Q13&"-3",計算用!$AS$2:$AS$186,0)),"")) | AB13: =IF($Q13="","",IFERROR(INDEX(計算用!$I$2:$I$186,MATCH("女"&$Q13&"-3",計算用!$AS$2:$AS$186,0)),"")) | AC13: =IF($Q13="","",IFERROR(INDEX(計算用!$D$2:$D$186,MATCH("女"&$Q13&"-4",計算用!$AS$2:$AS$186,0)),"")) | AD13: =IF($Q13="","",IFERROR(INDEX(計算用!$M$2:$M$186,MATCH("女"&$Q13&"-4",計算用!$AS$2:$AS$186,0)),"")) | AE13: =IF($Q13="","",IFERROR(INDEX(計算用!$I$2:$I$186,MATCH("女"&$Q13&"-4",計算用!$AS$2:$AS$186,0)),""))
A14: =IF(ROW()-3<=計算用!$Q$13,ROW()-3,"") | B14: =IF($A14="","",INDEX(計算用!$BB$2:$BB$51,$A14)) | C14: =IF($A14="","","赤"&INDEX(計算用!$BC$2:$BC$51,$A14)&"白"&INDEX(計算用!$BD$2:$BD$51,$A14)) | D14: =IF($A14="","",IFERROR(INDEX(計算用!$D$2:$D$186,MATCH("男"&$A14&"-1",計算用!$AS$2:$AS$186,0)),"")) | E14: =IF($A14="","",IFERROR(INDEX(計算用!$M$2:$M$186,MATCH("男"&$A14&"-1",計算用!$AS$2:$AS$186,0)),"")) | F14: =IF($A14="","",IFERROR(INDEX(計算用!$I$2:$I$186,MATCH("男"&$A14&"-1",計算用!$AS$2:$AS$186,0)),"")) | G14: =IF($A14="","",IFERROR(INDEX(計算用!$D$2:$D$186,MATCH("男"&$A14&"-2",計算用!$AS$2:$AS$186,0)),"")) | H14: =IF($A14="","",IFERROR(INDEX(計算用!$M$2:$M$186,MATCH("男"&$A14&"-2",計算用!$AS$2:$AS$186,0)),"")) | I14: =IF($A14="","",IFERROR(INDEX(計算用!$I$2:$I$186,MATCH("男"&$A14&"-2",計算用!$AS$2:$AS$186,0)),"")) | J14: =IF($A14="","",IFERROR(INDEX(計算用!$D$2:$D$186,MATCH("男"&$A14&"-3",計算用!$AS$2:$AS$186,0)),"")) | K14: =IF($A14="","",IFERROR(INDEX(計算用!$M$2:$M$186,MATCH("男"&$A14&"-3",計算用!$AS$2:$AS$186,0)),"")) | L14: =IF($A14="","",IFERROR(INDEX(計算用!$I$2:$I$186,MATCH("男"&$A14&"-3",計算用!$AS$2:$AS$186,0)),"")) | M14: =IF($A14="","",IFERROR(INDEX(計算用!$D$2:$D$186,MATCH("男"&$A14&"-4",計算用!$AS$2:$AS$186,0)),"")) | N14: =IF($A14="","",IFERROR(INDEX(計算用!$M$2:$M$186,MATCH("男"&$A14&"-4",計算用!$AS$2:$AS$186,0)),"")) | O14: =IF($A14="","",IFERROR(INDEX(計算用!$I$2:$I$186,MATCH("男"&$A14&"-4",計算用!$AS$2:$AS$186,0)),"")) | Q14: =IF(ROW()-3<=計算用!$Q$14,ROW()-3,"") | R14: =IF($Q14="","",INDEX(計算用!$BG$2:$BG$51,$Q14)) | S14: =IF($Q14="","","赤"&INDEX(計算用!$BH$2:$BH$51,$Q14)&"白"&INDEX(計算用!$BI$2:$BI$51,$Q14)) | T14: =IF($Q14="","",IFERROR(INDEX(計算用!$D$2:$D$186,MATCH("女"&$Q14&"-1",計算用!$AS$2:$AS$186,0)),"")) | U14: =IF($Q14="","",IFERROR(INDEX(計算用!$M$2:$M$186,MATCH("女"&$Q14&"-1",計算用!$AS$2:$AS$186,0)),"")) | V14: =IF($Q14="","",IFERROR(INDEX(計算用!$I$2:$I$186,MATCH("女"&$Q14&"-1",計算用!$AS$2:$AS$186,0)),"")) | W14: =IF($Q14="","",IFERROR(INDEX(計算用!$D$2:$D$186,MATCH("女"&$Q14&"-2",計算用!$AS$2:$AS$186,0)),"")) | X14: =IF($Q14="","",IFERROR(INDEX(計算用!$M$2:$M$186,MATCH("女"&$Q14&"-2",計算用!$AS$2:$AS$186,0)),"")) | Y14: =IF($Q14="","",IFERROR(INDEX(計算用!$I$2:$I$186,MATCH("女"&$Q14&"-2",計算用!$AS$2:$AS$186,0)),"")) | Z14: =IF($Q14="","",IFERROR(INDEX(計算用!$D$2:$D$186,MATCH("女"&$Q14&"-3",計算用!$AS$2:$AS$186,0)),"")) | AA14: =IF($Q14="","",IFERROR(INDEX(計算用!$M$2:$M$186,MATCH("女"&$Q14&"-3",計算用!$AS$2:$AS$186,0)),"")) | AB14: =IF($Q14="","",IFERROR(INDEX(計算用!$I$2:$I$186,MATCH("女"&$Q14&"-3",計算用!$AS$2:$AS$186,0)),"")) | AC14: =IF($Q14="","",IFERROR(INDEX(計算用!$D$2:$D$186,MATCH("女"&$Q14&"-4",計算用!$AS$2:$AS$186,0)),"")) | AD14: =IF($Q14="","",IFERROR(INDEX(計算用!$M$2:$M$186,MATCH("女"&$Q14&"-4",計算用!$AS$2:$AS$186,0)),"")) | AE14: =IF($Q14="","",IFERROR(INDEX(計算用!$I$2:$I$186,MATCH("女"&$Q14&"-4",計算用!$AS$2:$AS$186,0)),""))
A15: =IF(ROW()-3<=計算用!$Q$13,ROW()-3,"") | B15: =IF($A15="","",INDEX(計算用!$BB$2:$BB$51,$A15)) | C15: =IF($A15="","","赤"&INDEX(計算用!$BC$2:$BC$51,$A15)&"白"&INDEX(計算用!$BD$2:$BD$51,$A15)) | D15: =IF($A15="","",IFERROR(INDEX(計算用!$D$2:$D$186,MATCH("男"&$A15&"-1",計算用!$AS$2:$AS$186,0)),"")) | E15: =IF($A15="","",IFERROR(INDEX(計算用!$M$2:$M$186,MATCH("男"&$A15&"-1",計算用!$AS$2:$AS$186,0)),"")) | F15: =IF($A15="","",IFERROR(INDEX(計算用!$I$2:$I$186,MATCH("男"&$A15&"-1",計算用!$AS$2:$AS$186,0)),"")) | G15: =IF($A15="","",IFERROR(INDEX(計算用!$D$2:$D$186,MATCH("男"&$A15&"-2",計算用!$AS$2:$AS$186,0)),"")) | H15: =IF($A15="","",IFERROR(INDEX(計算用!$M$2:$M$186,MATCH("男"&$A15&"-2",計算用!$AS$2:$AS$186,0)),"")) | I15: =IF($A15="","",IFERROR(INDEX(計算用!$I$2:$I$186,MATCH("男"&$A15&"-2",計算用!$AS$2:$AS$186,0)),"")) | J15: =IF($A15="","",IFERROR(INDEX(計算用!$D$2:$D$186,MATCH("男"&$A15&"-3",計算用!$AS$2:$AS$186,0)),"")) | K15: =IF($A15="","",IFERROR(INDEX(計算用!$M$2:$M$186,MATCH("男"&$A15&"-3",計算用!$AS$2:$AS$186,0)),"")) | L15: =IF($A15="","",IFERROR(INDEX(計算用!$I$2:$I$186,MATCH("男"&$A15&"-3",計算用!$AS$2:$AS$186,0)),"")) | M15: =IF($A15="","",IFERROR(INDEX(計算用!$D$2:$D$186,MATCH("男"&$A15&"-4",計算用!$AS$2:$AS$186,0)),"")) | N15: =IF($A15="","",IFERROR(INDEX(計算用!$M$2:$M$186,MATCH("男"&$A15&"-4",計算用!$AS$2:$AS$186,0)),"")) | O15: =IF($A15="","",IFERROR(INDEX(計算用!$I$2:$I$186,MATCH("男"&$A15&"-4",計算用!$AS$2:$AS$186,0)),"")) | Q15: =IF(ROW()-3<=計算用!$Q$14,ROW()-3,"") | R15: =IF($Q15="","",INDEX(計算用!$BG$2:$BG$51,$Q15)) | S15: =IF($Q15="","","赤"&INDEX(計算用!$BH$2:$BH$51,$Q15)&"白"&INDEX(計算用!$BI$2:$BI$51,$Q15)) | T15: =IF($Q15="","",IFERROR(INDEX(計算用!$D$2:$D$186,MATCH("女"&$Q15&"-1",計算用!$AS$2:$AS$186,0)),"")) | U15: =IF($Q15="","",IFERROR(INDEX(計算用!$M$2:$M$186,MATCH("女"&$Q15&"-1",計算用!$AS$2:$AS$186,0)),"")) | V15: =IF($Q15="","",IFERROR(INDEX(計算用!$I$2:$I$186,MATCH("女"&$Q15&"-1",計算用!$AS$2:$AS$186,0)),"")) | W15: =IF($Q15="","",IFERROR(INDEX(計算用!$D$2:$D$186,MATCH("女"&$Q15&"-2",計算用!$AS$2:$AS$186,0)),"")) | X15: =IF($Q15="","",IFERROR(INDEX(計算用!$M$2:$M$186,MATCH("女"&$Q15&"-2",計算用!$AS$2:$AS$186,0)),"")) | Y15: =IF($Q15="","",IFERROR(INDEX(計算用!$I$2:$I$186,MATCH("女"&$Q15&"-2",計算用!$AS$2:$AS$186,0)),"")) | Z15: =IF($Q15="","",IFERROR(INDEX(計算用!$D$2:$D$186,MATCH("女"&$Q15&"-3",計算用!$AS$2:$AS$186,0)),"")) | AA15: =IF($Q15="","",IFERROR(INDEX(計算用!$M$2:$M$186,MATCH("女"&$Q15&"-3",計算用!$AS$2:$AS$186,0)),"")) | AB15: =IF($Q15="","",IFERROR(INDEX(計算用!$I$2:$I$186,MATCH("女"&$Q15&"-3",計算用!$AS$2:$AS$186,0)),"")) | AC15: =IF($Q15="","",IFERROR(INDEX(計算用!$D$2:$D$186,MATCH("女"&$Q15&"-4",計算用!$AS$2:$AS$186,0)),"")) | AD15: =IF($Q15="","",IFERROR(INDEX(計算用!$M$2:$M$186,MATCH("女"&$Q15&"-4",計算用!$AS$2:$AS$186,0)),"")) | AE15: =IF($Q15="","",IFERROR(INDEX(計算用!$I$2:$I$186,MATCH("女"&$Q15&"-4",計算用!$AS$2:$AS$186,0)),""))
... A53: =IF(ROW()-3<=計算用!$Q$13,ROW()-3,"") | B53: =IF($A53="","",INDEX(計算用!$BB$2:$BB$51,$A53)) | C53: =IF($A53="","","赤"&INDEX(計算用!$BC$2:$BC$51,$A53)&"白"&INDEX(計算用!$BD$2:$BD$51,$A53)) | D53: =IF($A53="","",IFERROR(INDEX(計算用!$D$2:$D$186,MATCH("男"&$A53&"-1",計算用!$AS$2:$AS$186,0)),"")) | E53: =IF($A53="","",IFERROR(INDEX(計算用!$M$2:$M$186,MATCH("男"&$A53&"-1",計算用!$AS$2:$AS$186,0)),"")) | F53: =IF($A53="","",IFERROR(INDEX(計算用!$I$2:$I$186,MATCH("男"&$A53&"-1",計算用!$AS$2:$AS$186,0)),"")) | G53: =IF($A53="","",IFERROR(INDEX(計算用!$D$2:$D$186,MATCH("男"&$A53&"-2",計算用!$AS$2:$AS$186,0)),"")) | H53: =IF($A53="","",IFERROR(INDEX(計算用!$M$2:$M$186,MATCH("男"&$A53&"-2",計算用!$AS$2:$AS$186,0)),"")) | I53: =IF($A53="","",IFERROR(INDEX(計算用!$I$2:$I$186,MATCH("男"&$A53&"-2",計算用!$AS$2:$AS$186,0)),"")) | J53: =IF($A53="","",IFERROR(INDEX(計算用!$D$2:$D$186,MATCH("男"&$A53&"-3",計算用!$AS$2:$AS$186,0)),"")) | K53: =IF($A53="","",IFERROR(INDEX(計算用!$M$2:$M$186,MATCH("男"&$A53&"-3",計算用!$AS$2:$AS$186,0)),"")) | L53: =IF($A53="","",IFERROR(INDEX(計算用!$I$2:$I$186,MATCH("男"&$A53&"-3",計算用!$AS$2:$AS$186,0)),"")) | M53: =IF($A53="","",IFERROR(INDEX(計算用!$D$2:$D$186,MATCH("男"&$A53&"-4",計算用!$AS$2:$AS$186,0)),"")) | N53: =IF($A53="","",IFERROR(INDEX(計算用!$M$2:$M$186,MATCH("男"&$A53&"-4",計算用!$AS$2:$AS$186,0)),"")) | O53: =IF($A53="","",IFERROR(INDEX(計算用!$I$2:$I$186,MATCH("男"&$A53&"-4",計算用!$AS$2:$AS$186,0)),"")) | Q53: =IF(ROW()-3<=計算用!$Q$14,ROW()-3,"") | R53: =IF($Q53="","",INDEX(計算用!$BG$2:$BG$51,$Q53)) | S53: =IF($Q53="","","赤"&INDEX(計算用!$BH$2:$BH$51,$Q53)&"白"&INDEX(計算用!$BI$2:$BI$51,$Q53)) | T53: =IF($Q53="","",IFERROR(INDEX(計算用!$D$2:$D$186,MATCH("女"&$Q53&"-1",計算用!$AS$2:$AS$186,0)),"")) | U53: =IF($Q53="","",IFERROR(INDEX(計算用!$M$2:$M$186,MATCH("女"&$Q53&"-1",計算用!$AS$2:$AS$186,0)),"")) | V53: =IF($Q53="","",IFERROR(INDEX(計算用!$I$2:$I$186,MATCH("女"&$Q53&"-1",計算用!$AS$2:$AS$186,0)),"")) | W53: =IF($Q53="","",IFERROR(INDEX(計算用!$D$2:$D$186,MATCH("女"&$Q53&"-2",計算用!$AS$2:$AS$186,0)),"")) | X53: =IF($Q53="","",IFERROR(INDEX(計算用!$M$2:$M$186,MATCH("女"&$Q53&"-2",計算用!$AS$2:$AS$186,0)),"")) | Y53: =IF($Q53="","",IFERROR(INDEX(計算用!$I$2:$I$186,MATCH("女"&$Q53&"-2",計算用!$AS$2:$AS$186,0)),"")) | Z53: =IF($Q53="","",IFERROR(INDEX(計算用!$D$2:$D$186,MATCH("女"&$Q53&"-3",計算用!$AS$2:$AS$186,0)),"")) | AA53: =IF($Q53="","",IFERROR(INDEX(計算用!$M$2:$M$186,MATCH("女"&$Q53&"-3",計算用!$AS$2:$AS$186,0)),"")) | AB53: =IF($Q53="","",IFERROR(INDEX(計算用!$I$2:$I$186,MATCH("女"&$Q53&"-3",計算用!$AS$2:$AS$186,0)),"")) | AC53: =IF($Q53="","",IFERROR(INDEX(計算用!$D$2:$D$186,MATCH("女"&$Q53&"-4",計算用!$AS$2:$AS$186,0)),"")) | AD53: =IF($Q53="","",IFERROR(INDEX(計算用!$M$2:$M$186,MATCH("女"&$Q53&"-4",計算用!$AS$2:$AS$186,0)),"")) | AE53: =IF($Q53="","",IFERROR(INDEX(計算用!$I$2:$I$186,MATCH("女"&$Q53&"-4",計算用!$AS$2:$AS$186,0)),""))

Sheet 計算用
A1: 通し番号 | B1: クラス番号 | C1: クラス内行 | D1: 名前 | E1: 性別(入力) | F1: 性別 | G1: タイム | H1: 赤白(入力) | I1: 赤白 | J1: 区分 | K1: 区分内順位 | L1: 検索キー | M1: クラス | N1: 入力不足 | P1: 区分 | Q1: 人数 | S1: 男組 | T1: 男人数 | U1: 男赤残り | V1: 男白残り | W1: 男赤人数 | X1: 男白人数 | Y1: 男赤累計 | Z1: 男白累計 | AB1: 女組 | AC1: 女人数 | AD1: 女赤残り | AE1: 女白残り | AF1: 女赤人数 | AG1: 女白人数 | AH1: 女赤累計 | AI1: 女白累計 | AK1: 組 | AL1: 前の組までの人数 | AM1: 組内番号 | AN1: 組キー | AP1: 決定の組 | AQ1: 並びキー | AR1: 決定の組内番号 | AS1: 決定キー | AT1: 決定の組(数) | BA1: 男決定組 | BB1: 男決定人数 | BC1: 男決定赤人数 | BD1: 男決定白人数 | BF1: 女決定組 | BG1: 女決定人数 | BH1: 女決定赤人数 | BI1: 女決定白人数
A2: =ROW()-1 | B2: =INT((A2-1)/37)+1 | C2: =MOD(A2-1,37)+1 | D2: =INDEX(①データ入力!$B$3:$Y$39,C2,(B2-1)*5+1)&"" | E2: =INDEX(①データ入力!$B$3:$Y$39,C2,(B2-1)*5+2)&"" | F2: =IF(OR(E2="1",E2="１",E2="男"),"男",IF(OR(E2="2",E2="２",E2="女"),"女","")) | G2: =INDEX(①データ入力!$B$3:$Y$39,C2,(B2-1)*5+3) | H2: =INDEX(①データ入力!$B$3:$Y$39,C2,(B2-1)*5+4)&"" | I2: =IF(LEFT(TRIM(H2),1)="赤","赤",IF(LEFT(TRIM(H2),1)="白","白","")) | J2: =IF(AND(D2<>"",F2<>"",I2<>"",ISNUMBER(G2)),F2&I2,"") | K2: =IF(J2="","",COUNTIFS($J$2:$J$186,J2,$G$2:$G$186,"<"&G2)+COUNTIFS($J$2:$J$186,J2,$G$2:$G$186,G2,$A$2:$A$186,"<"&A2)+1) | L2: =IF(J2="","",J2&K2) | M2: =B2&"組" | N2: =IF(AND(D2<>"",J2=""),1,0) | P2: 男赤 | Q2: =COUNTIF($J$2:$J$186,P2) | S2: 1 | T2: =IF(OR($Q$9=0,S2>$Q$9),0,INT($Q$8/$Q$9)+IF(S2<=MOD($Q$8,$Q$9),1,0)) | U2: =$Q$2 | V2: =$Q$3 | W2: =IF(T2=0,0,MIN(U2,MAX(IF(MOD(T2,2)=0,T2/2,IF(U2>=V2,(T2+1)/2,(T2-1)/2)),T2-V2))) | X2: =T2-W2 | Y2: =0+W2 | Z2: =0+X2 | AB2: 1 | AC2: =IF(OR($Q$11=0,AB2>$Q$11),0,INT($Q$10/$Q$11)+IF(AB2<=MOD($Q$10,$Q$11),1,0)) | AD2: =$Q$4 | AE2: =$Q$5 | AF2: =IF(AC2=0,0,MIN(AD2,MAX(IF(MOD(AC2,2)=0,AC2/2,IF(AD2>=AE2,(AC2+1)/2,(AC2-1)/2)),AC2-AE2))) | AG2: =AC2-AF2 | AH2: =0+AF2 | AI2: =0+AG2 | AK2: =IF(J2="","",IF(J2="男赤",COUNTIF($Y$2:$Y$51,"<"&K2),IF(J2="男白",COUNTIF($Z$2:$Z$51,"<"&K2),IF(J2="女赤",COUNTIF($AH$2:$AH$51,"<"&K2),COUNTIF($AI$2:$AI$51,"<"&K2))))+1) | AL2: =IF(AK2="","",IF(AK2=1,0,IF(J2="男赤",INDEX($Y$2:$Y$51,AK2-1),IF(J2="男白",INDEX($Z$2:$Z$51,AK2-1),IF(J2="女赤",INDEX($AH$2:$AH$51,AK2-1),INDEX($AI$2:$AI$51,AK2-1)))))) | AM2: =IF(AK2="","",IF(RIGHT(J2,1)="赤",K2-AL2,IF(LEFT(J2,1)="男",INDEX($W$2:$W$51,AK2),INDEX($AF$2:$AF$51,AK2))+K2-AL2)) | AN2: =IF(AK2="","",F2&AK2&"-"&AM2) | AP2: =IF(J2="","",IF(手動調整!$I$4<>"",手動調整!$I$4,AK2)) | AQ2: =IF(AP2="","",IF(手動調整!$J$4<>"",手動調整!$J$4,AM2)*100000+IF(手動調整!$J$4<>"",0,50000)+AK2*10+AM2) | AR2: =IF(AP2="","",COUNTIFS($F$2:$F$186,F2,$AP$2:$AP$186,AP2,$AQ$2:$AQ$186,"<"&AQ2)+1) | AS2: =IF(AP2="","",F2&AP2&"-"&AR2) | AT2: =IF(AP2="",0,AP2) | BA2: 1 | BB2: =COUNTIFS($F$2:$F$186,"男",$AP$2:$AP$186,BA2) | BC2: =COUNTIFS($F$2:$F$186,"男",$AP$2:$AP$186,BA2,$I$2:$I$186,"赤") | BD2: =BB2-BC2 | BF2: 1 | BG2: =COUNTIFS($F$2:$F$186,"女",$AP$2:$AP$186,BF2) | BH2: =COUNTIFS($F$2:$F$186,"女",$AP$2:$AP$186,BF2,$I$2:$I$186,"赤") | BI2: =BG2-BH2
A3: =ROW()-1 | B3: =INT((A3-1)/37)+1 | C3: =MOD(A3-1,37)+1 | D3: =INDEX(①データ入力!$B$3:$Y$39,C3,(B3-1)*5+1)&"" | E3: =INDEX(①データ入力!$B$3:$Y$39,C3,(B3-1)*5+2)&"" | F3: =IF(OR(E3="1",E3="１",E3="男"),"男",IF(OR(E3="2",E3="２",E3="女"),"女","")) | G3: =INDEX(①データ入力!$B$3:$Y$39,C3,(B3-1)*5+3) | H3: =INDEX(①データ入力!$B$3:$Y$39,C3,(B3-1)*5+4)&"" | I3: =IF(LEFT(TRIM(H3),1)="赤","赤",IF(LEFT(TRIM(H3),1)="白","白","")) | J3: =IF(AND(D3<>"",F3<>"",I3<>"",ISNUMBER(G3)),F3&I3,"") | K3: =IF(J3="","",COUNTIFS($J$2:$J$186,J3,$G$2:$G$186,"<"&G3)+COUNTIFS($J$2:$J$186,J3,$G$2:$G$186,G3,$A$2:$A$186,"<"&A3)+1) | L3: =IF(J3="","",J3&K3) | M3: =B3&"組" | N3: =IF(AND(D3<>"",J3=""),1,0) | P3: 男白 | Q3: =COUNTIF($J$2:$J$186,P3) | S3: 2 | T3: =IF(OR($Q$9=0,S3>$Q$9),0,INT($Q$8/$Q$9)+IF(S3<=MOD($Q$8,$Q$9),1,0)) | U3: =$Q$2-Y2 | V3: =$Q$3-Z2 | W3: =IF(T3=0,0,MIN(U3,MAX(IF(MOD(T3,2)=0,T3/2,IF(U3>=V3,(T3+1)/2,(T3-1)/2)),T3-V3))) | X3: =T3-W3 | Y3: =Y2+W3 | Z3: =Z2+X3 | AB3: 2 | AC3: =IF(OR($Q$11=0,AB3>$Q$11),0,INT($Q$10/$Q$11)+IF(AB3<=MOD($Q$10,$Q$11),1,0)) | AD3: =$Q$4-AH2 | AE3: =$Q$5-AI2 | AF3: =IF(AC3=0,0,MIN(AD3,MAX(IF(MOD(AC3,2)=0,AC3/2,IF(AD3>=AE3,(AC3+1)/2,(AC3-1)/2)),AC3-AE3))) | AG3: =AC3-AF3 | AH3: =AH2+AF3 | AI3: =AI2+AG3 | AK3: =IF(J3="","",IF(J3="男赤",COUNTIF($Y$2:$Y$51,"<"&K3),IF(J3="男白",COUNTIF($Z$2:$Z$51,"<"&K3),IF(J3="女赤",COUNTIF($AH$2:$AH$51,"<"&K3),COUNTIF($AI$2:$AI$51,"<"&K3))))+1) | AL3: =IF(AK3="","",IF(AK3=1,0,IF(J3="男赤",INDEX($Y$2:$Y$51,AK3-1),IF(J3="男白",INDEX($Z$2:$Z$51,AK3-1),IF(J3="女赤",INDEX($AH$2:$AH$51,AK3-1),INDEX($AI$2:$AI$51,AK3-1)))))) | AM3: =IF(AK3="","",IF(RIGHT(J3,1)="赤",K3-AL3,IF(LEFT(J3,1)="男",INDEX($W$2:$W$51,AK3),INDEX($AF$2:$AF$51,AK3))+K3-AL3)) | AN3: =IF(AK3="","",F3&AK3&"-"&AM3) | AP3: =IF(J3="","",IF(手動調整!$I$5<>"",手動調整!$I$5,AK3)) | AQ3: =IF(AP3="","",IF(手動調整!$J$5<>"",手動調整!$J$5,AM3)*100000+IF(手動調整!$J$5<>"",0,50000)+AK3*10+AM3) | AR3: =IF(AP3="","",COUNTIFS($F$2:$F$186,F3,$AP$2:$AP$186,AP3,$AQ$2:$AQ$186,"<"&AQ3)+1) | AS3: =IF(AP3="","",F3&AP3&"-"&AR3) | AT3: =IF(AP3="",0,AP3) | BA3: 2 | BB3: =COUNTIFS($F$2:$F$186,"男",$AP$2:$AP$186,BA3) | BC3: =COUNTIFS($F$2:$F$186,"男",$AP$2:$AP$186,BA3,$I$2:$I$186,"赤") | BD3: =BB3-BC3 | BF3: 2 | BG3: =COUNTIFS($F$2:$F$186,"女",$AP$2:$AP$186,BF3) | BH3: =COUNTIFS($F$2:$F$186,"女",$AP$2:$AP$186,BF3,$I$2:$I$186,"赤") | BI3: =BG3-BH3
A4: =ROW()-1 | B4: =INT((A4-1)/37)+1 | C4: =MOD(A4-1,37)+1 | D4: =INDEX(①データ入力!$B$3:$Y$39,C4,(B4-1)*5+1)&"" | E4: =INDEX(①データ入力!$B$3:$Y$39,C4,(B4-1)*5+2)&"" | F4: =IF(OR(E4="1",E4="１",E4="男"),"男",IF(OR(E4="2",E4="２",E4="女"),"女","")) | G4: =INDEX(①データ入力!$B$3:$Y$39,C4,(B4-1)*5+3) | H4: =INDEX(①データ入力!$B$3:$Y$39,C4,(B4-1)*5+4)&"" | I4: =IF(LEFT(TRIM(H4),1)="赤","赤",IF(LEFT(TRIM(H4),1)="白","白","")) | J4: =IF(AND(D4<>"",F4<>"",I4<>"",ISNUMBER(G4)),F4&I4,"") | K4: =IF(J4="","",COUNTIFS($J$2:$J$186,J4,$G$2:$G$186,"<"&G4)+COUNTIFS($J$2:$J$186,J4,$G$2:$G$186,G4,$A$2:$A$186,"<"&A4)+1) | L4: =IF(J4="","",J4&K4) | M4: =B4&"組" | N4: =IF(AND(D4<>"",J4=""),1,0) | P4: 女赤 | Q4: =COUNTIF($J$2:$J$186,P4) | S4: 3 | T4: =IF(OR($Q$9=0,S4>$Q$9),0,INT($Q$8/$Q$9)+IF(S4<=MOD($Q$8,$Q$9),1,0)) | U4: =$Q$2-Y3 | V4: =$Q$3-Z3 | W4: =IF(T4=0,0,MIN(U4,MAX(IF(MOD(T4,2)=0,T4/2,IF(U4>=V4,(T4+1)/2,(T4-1)/2)),T4-V4))) | X4: =T4-W4 | Y4: =Y3+W4 | Z4: =Z3+X4 | AB4: 3 | AC4: =IF(OR($Q$11=0,AB4>$Q$11),0,INT($Q$10/$Q$11)+IF(AB4<=MOD($Q$10,$Q$11),1,0)) | AD4: =$Q$4-AH3 | AE4: =$Q$5-AI3 | AF4: =IF(AC4=0,0,MIN(AD4,MAX(IF(MOD(AC4,2)=0,AC4/2,IF(AD4>=AE4,(AC4+1)/2,(AC4-1)/2)),AC4-AE4))) | AG4: =AC4-AF4 | AH4: =AH3+AF4 | AI4: =AI3+AG4 | AK4: =IF(J4="","",IF(J4="男赤",COUNTIF($Y$2:$Y$51,"<"&K4),IF(J4="男白",COUNTIF($Z$2:$Z$51,"<"&K4),IF(J4="女赤",COUNTIF($AH$2:$AH$51,"<"&K4),COUNTIF($AI$2:$AI$51,"<"&K4))))+1) | AL4: =IF(AK4="","",IF(AK4=1,0,IF(J4="男赤",INDEX($Y$2:$Y$51,AK4-1),IF(J4="男白",INDEX($Z$2:$Z$51,AK4-1),IF(J4="女赤",INDEX($AH$2:$AH$51,AK4-1),INDEX($AI$2:$AI$51,AK4-1)))))) | AM4: =IF(AK4="","",IF(RIGHT(J4,1)="赤",K4-AL4,IF(LEFT(J4,1)="男",INDEX($W$2:$W$51,AK4),INDEX($AF$2:$AF$51,AK4))+K4-AL4)) | AN4: =IF(AK4="","",F4&AK4&"-"&AM4) | AP4: =IF(J4="","",IF(手動調整!$I$6<>"",手動調整!$I$6,AK4)) | AQ4: =IF(AP4="","",IF(手動調整!$J$6<>"",手動調整!$J$6,AM4)*100000+IF(手動調整!$J$6<>"",0,50000)+AK4*10+AM4) | AR4: =IF(AP4="","",COUNTIFS($F$2:$F$186,F4,$AP$2:$AP$186,AP4,$AQ$2:$AQ$186,"<"&AQ4)+1) | AS4: =IF(AP4="","",F4&AP4&"-"&AR4) | AT4: =IF(AP4="",0,AP4) | BA4: 3 | BB4: =COUNTIFS($F$2:$F$186,"男",$AP$2:$AP$186,BA4) | BC4: =COUNTIFS($F$2:$F$186,"男",$AP$2:$AP$186,BA4,$I$2:$I$186,"赤") | BD4: =BB4-BC4 | BF4: 3 | BG4: =COUNTIFS($F$2:$F$186,"女",$AP$2:$AP$186,BF4) | BH4: =COUNTIFS($F$2:$F$186,"女",$AP$2:$AP$186,BF4,$I$2:$I$186,"赤") | BI4: =BG4-BH4
A5: =ROW()-1 | B5: =INT((A5-1)/37)+1 | C5: =MOD(A5-1,37)+1 | D5: =INDEX(①データ入力!$B$3:$Y$39,C5,(B5-1)*5+1)&"" | E5: =INDEX(①データ入力!$B$3:$Y$39,C5,(B5-1)*5+2)&"" | F5: =IF(OR(E5="1",E5="１",E5="男"),"男",IF(OR(E5="2",E5="２",E5="女"),"女","")) | G5: =INDEX(①データ入力!$B$3:$Y$39,C5,(B5-1)*5+3) | H5: =INDEX(①データ入力!$B$3:$Y$39,C5,(B5-1)*5+4)&"" | I5: =IF(LEFT(TRIM(H5),1)="赤","赤",IF(LEFT(TRIM(H5),1)="白","白","")) | J5: =IF(AND(D5<>"",F5<>"",I5<>"",ISNUMBER(G5)),F5&I5,"") | K5: =IF(J5="","",COUNTIFS($J$2:$J$186,J5,$G$2:$G$186,"<"&G5)+COUNTIFS($J$2:$J$186,J5,$G$2:$G$186,G5,$A$2:$A$186,"<"&A5)+1) | L5: =IF(J5="","",J5&K5) | M5: =B5&"組" | N5: =IF(AND(D5<>"",J5=""),1,0) | P5: 女白 | Q5: =COUNTIF($J$2:$J$186,P5) | S5: 4 | T5: =IF(OR($Q$9=0,S5>$Q$9),0,INT($Q$8/$Q$9)+IF(S5<=MOD($Q$8,$Q$9),1,0)) | U5: =$Q$2-Y4 | V5: =$Q$3-Z4 | W5: =IF(T5=0,0,MIN(U5,MAX(IF(MOD(T5,2)=0,T5/2,IF(U5>=V5,(T5+1)/2,(T5-1)/2)),T5-V5))) | X5: =T5-W5 | Y5: =Y4+W5 | Z5: =Z4+X5 | AB5: 4 | AC5: =IF(OR($Q$11=0,AB5>$Q$11),0,INT($Q$10/$Q$11)+IF(AB5<=MOD($Q$10,$Q$11),1,0)) | AD5: =$Q$4-AH4 | AE5: =$Q$5-AI4 | AF5: =IF(AC5=0,0,MIN(AD5,MAX(IF(MOD(AC5,2)=0,AC5/2,IF(AD5>=AE5,(AC5+1)/2,(AC5-1)/2)),AC5-AE5))) | AG5: =AC5-AF5 | AH5: =AH4+AF5 | AI5: =AI4+AG5 | AK5: =IF(J5="","",IF(J5="男赤",COUNTIF($Y$2:$Y$51,"<"&K5),IF(J5="男白",COUNTIF($Z$2:$Z$51,"<"&K5),IF(J5="女赤",COUNTIF($AH$2:$AH$51,"<"&K5),COUNTIF($AI$2:$AI$51,"<"&K5))))+1) | AL5: =IF(AK5="","",IF(AK5=1,0,IF(J5="男赤",INDEX($Y$2:$Y$51,AK5-1),IF(J5="男白",INDEX($Z$2:$Z$51,AK5-1),IF(J5="女赤",INDEX($AH$2:$AH$51,AK5-1),INDEX($AI$2:$AI$51,AK5-1)))))) | AM5: =IF(AK5="","",IF(RIGHT(J5,1)="赤",K5-AL5,IF(LEFT(J5,1)="男",INDEX($W$2:$W$51,AK5),INDEX($AF$2:$AF$51,AK5))+K5-AL5)) | AN5: =IF(AK5="","",F5&AK5&"-"&AM5) | AP5: =IF(J5="","",IF(手動調整!$I$7<>"",手動調整!$I$7,AK5)) | AQ5: =IF(AP5="","",IF(手動調整!$J$7<>"",手動調整!$J$7,AM5)*100000+IF(手動調整!$J$7<>"",0,50000)+AK5*10+AM5) | AR5: =IF(AP5="","",COUNTIFS($F$2:$F$186,F5,$AP$2:$AP$186,AP5,$AQ$2:$AQ$186,"<"&AQ5)+1) | AS5: =IF(AP5="","",F5&AP5&"-"&AR5) | AT5: =IF(AP5="",0,AP5) | BA5: 4 | BB5: =COUNTIFS($F$2:$F$186,"男",$AP$2:$AP$186,BA5) | BC5: =COUNTIFS($F$2:$F$186,"男",$AP$2:$AP$186,BA5,$I$2:$I$186,"赤") | BD5: =BB5-BC5 | BF5: 4 | BG5: =COUNTIFS($F$2:$F$186,"女",$AP$2:$AP$186,BF5) | BH5: =COUNTIFS($F$2:$F$186,"女",$AP$2:$AP$186,BF5,$I$2:$I$186,"赤") | BI5: =BG5-BH5
A6: =ROW()-1 | B6: =INT((A6-1)/37)+1 | C6: =MOD(A6-1,37)+1 | D6: =INDEX(①データ入力!$B$3:$Y$39,C6,(B6-1)*5+1)&"" | E6: =INDEX(①データ入力!$B$3:$Y$39,C6,(B6-1)*5+2)&"" | F6: =IF(OR(E6="1",E6="１",E6="男"),"男",IF(OR(E6="2",E6="２",E6="女"),"女","")) | G6: =INDEX(①データ入力!$B$3:$Y$39,C6,(B6-1)*5+3) | H6: =INDEX(①データ入力!$B$3:$Y$39,C6,(B6-1)*5+4)&"" | I6: =IF(LEFT(TRIM(H6),1)="赤","赤",IF(LEFT(TRIM(H6),1)="白","白","")) | J6: =IF(AND(D6<>"",F6<>"",I6<>"",ISNUMBER(G6)),F6&I6,"") | K6: =IF(J6="","",COUNTIFS($J$2:$J$186,J6,$G$2:$G$186,"<"&G6)+COUNTIFS($J$2:$J$186,J6,$G$2:$G$186,G6,$A$2:$A$186,"<"&A6)+1) | L6: =IF(J6="","",J6&K6) | M6: =B6&"組" | N6: =IF(AND(D6<>"",J6=""),1,0) | P6: 入力不足 | Q6: =SUM($N$2:$N$186) | S6: 5 | T6: =IF(OR($Q$9=0,S6>$Q$9),0,INT($Q$8/$Q$9)+IF(S6<=MOD($Q$8,$Q$9),1,0)) | U6: =$Q$2-Y5 | V6: =$Q$3-Z5 | W6: =IF(T6=0,0,MIN(U6,MAX(IF(MOD(T6,2)=0,T6/2,IF(U6>=V6,(T6+1)/2,(T6-1)/2)),T6-V6))) | X6: =T6-W6 | Y6: =Y5+W6 | Z6: =Z5+X6 | AB6: 5 | AC6: =IF(OR($Q$11=0,AB6>$Q$11),0,INT($Q$10/$Q$11)+IF(AB6<=MOD($Q$10,$Q$11),1,0)) | AD6: =$Q$4-AH5 | AE6: =$Q$5-AI5 | AF6: =IF(AC6=0,0,MIN(AD6,MAX(IF(MOD(AC6,2)=0,AC6/2,IF(AD6>=AE6,(AC6+1)/2,(AC6-1)/2)),AC6-AE6))) | AG6: =AC6-AF6 | AH6: =AH5+AF6 | AI6: =AI5+AG6 | AK6: =IF(J6="","",IF(J6="男赤",COUNTIF($Y$2:$Y$51,"<"&K6),IF(J6="男白",COUNTIF($Z$2:$Z$51,"<"&K6),IF(J6="女赤",COUNTIF($AH$2:$AH$51,"<"&K6),COUNTIF($AI$2:$AI$51,"<"&K6))))+1) | AL6: =IF(AK6="","",IF(AK6=1,0,IF(J6="男赤",INDEX($Y$2:$Y$51,AK6-1),IF(J6="男白",INDEX($Z$2:$Z$51,AK6-1),IF(J6="女赤",INDEX($AH$2:$AH$51,AK6-1),INDEX($AI$2:$AI$51,AK6-1)))))) | AM6: =IF(AK6="","",IF(RIGHT(J6,1)="赤",K6-AL6,IF(LEFT(J6,1)="男",INDEX($W$2:$W$51,AK6),INDEX($AF$2:$AF$51,AK6))+K6-AL6)) | AN6: =IF(AK6="","",F6&AK6&"-"&AM6) | AP6: =IF(J6="","",IF(手動調整!$I$8<>"",手動調整!$I$8,AK6)) | AQ6: =IF(AP6="","",IF(手動調整!$J$8<>"",手動調整!$J$8,AM6)*100000+IF(手動調整!$J$8<>"",0,50000)+AK6*10+AM6) | AR6: =IF(AP6="","",COUNTIFS($F$2:$F$186,F6,$AP$2:$AP$186,AP6,$AQ$2:$AQ$186,"<"&AQ6)+1) | AS6: =IF(AP6="","",F6&AP6&"-"&AR6) | AT6: =IF(AP6="",0,AP6) | BA6: 5 | BB6: =COUNTIFS($F$2:$F$186,"男",$AP$2:$AP$186,BA6) | BC6: =COUNTIFS($F$2:$F$186,"男",$AP$2:$AP$186,BA6,$I$2:$I$186,"赤") | BD6: =BB6-BC6 | BF6: 5 | BG6: =COUNTIFS($F$2:$F$186,"女",$AP$2:$AP$186,BF6) | BH6: =COUNTIFS($F$2:$F$186,"女",$AP$2:$AP$186,BF6,$I$2:$I$186,"赤") | BI6: =BG6-BH6
A7: =ROW()-1 | B7: =INT((A7-1)/37)+1 | C7: =MOD(A7-1,37)+1 | D7: =INDEX(①データ入力!$B$3:$Y$39,C7,(B7-1)*5+1)&"" | E7: =INDEX(①データ入力!$B$3:$Y$39,C7,(B7-1)*5+2)&"" | F7: =IF(OR(E7="1",E7="１",E7="男"),"男",IF(OR(E7="2",E7="２",E7="女"),"女","")) | G7: =INDEX(①データ入力!$B$3:$Y$39,C7,(B7-1)*5+3) | H7: =INDEX(①データ入力!$B$3:$Y$39,C7,(B7-1)*5+4)&"" | I7: =IF(LEFT(TRIM(H7),1)="赤","赤",IF(LEFT(TRIM(H7),1)="白","白","")) | J7: =IF(AND(D7<>"",F7<>"",I7<>"",ISNUMBER(G7)),F7&I7,"") | K7: =IF(J7="","",COUNTIFS($J$2:$J$186,J7,$G$2:$G$186,"<"&G7)+COUNTIFS($J$2:$J$186,J7,$G$2:$G$186,G7,$A$2:$A$186,"<"&A7)+1) | L7: =IF(J7="","",J7&K7) | M7: =B7&"組" | N7: =IF(AND(D7<>"",J7=""),1,0) | S7: 6 | T7: =IF(OR($Q$9=0,S7>$Q$9),0,INT($Q$8/$Q$9)+IF(S7<=MOD($Q$8,$Q$9),1,0)) | U7: =$Q$2-Y6 | V7: =$Q$3-Z6 | W7: =IF(T7=0,0,MIN(U7,MAX(IF(MOD(T7,2)=0,T7/2,IF(U7>=V7,(T7+1)/2,(T7-1)/2)),T7-V7))) | X7: =T7-W7 | Y7: =Y6+W7 | Z7: =Z6+X7 | AB7: 6 | AC7: =IF(OR($Q$11=0,AB7>$Q$11),0,INT($Q$10/$Q$11)+IF(AB7<=MOD($Q$10,$Q$11),1,0)) | AD7: =$Q$4-AH6 | AE7: =$Q$5-AI6 | AF7: =IF(AC7=0,0,MIN(AD7,MAX(IF(MOD(AC7,2)=0,AC7/2,IF(AD7>=AE7,(AC7+1)/2,(AC7-1)/2)),AC7-AE7))) | AG7: =AC7-AF7 | AH7: =AH6+AF7 | AI7: =AI6+AG7 | AK7: =IF(J7="","",IF(J7="男赤",COUNTIF($Y$2:$Y$51,"<"&K7),IF(J7="男白",COUNTIF($Z$2:$Z$51,"<"&K7),IF(J7="女赤",COUNTIF($AH$2:$AH$51,"<"&K7),COUNTIF($AI$2:$AI$51,"<"&K7))))+1) | AL7: =IF(AK7="","",IF(AK7=1,0,IF(J7="男赤",INDEX($Y$2:$Y$51,AK7-1),IF(J7="男白",INDEX($Z$2:$Z$51,AK7-1),IF(J7="女赤",INDEX($AH$2:$AH$51,AK7-1),INDEX($AI$2:$AI$51,AK7-1)))))) | AM7: =IF(AK7="","",IF(RIGHT(J7,1)="赤",K7-AL7,IF(LEFT(J7,1)="男",INDEX($W$2:$W$51,AK7),INDEX($AF$2:$AF$51,AK7))+K7-AL7)) | AN7: =IF(AK7="","",F7&AK7&"-"&AM7) | AP7: =IF(J7="","",IF(手動調整!$I$9<>"",手動調整!$I$9,AK7)) | AQ7: =IF(AP7="","",IF(手動調整!$J$9<>"",手動調整!$J$9,AM7)*100000+IF(手動調整!$J$9<>"",0,50000)+AK7*10+AM7) | AR7: =IF(AP7="","",COUNTIFS($F$2:$F$186,F7,$AP$2:$AP$186,AP7,$AQ$2:$AQ$186,"<"&AQ7)+1) | AS7: =IF(AP7="","",F7&AP7&"-"&AR7) | AT7: =IF(AP7="",0,AP7) | BA7: 6 | BB7: =COUNTIFS($F$2:$F$186,"男",$AP$2:$AP$186,BA7) | BC7: =COUNTIFS($F$2:$F$186,"男",$AP$2:$AP$186,BA7,$I$2:$I$186,"赤") | BD7: =BB7-BC7 | BF7: 6 | BG7: =COUNTIFS($F$2:$F$186,"女",$AP$2:$AP$186,BF7) | BH7: =COUNTIFS($F$2:$F$186,"女",$AP$2:$AP$186,BF7,$I$2:$I$186,"赤") | BI7: =BG7-BH7
A8: =ROW()-1 | B8: =INT((A8-1)/37)+1 | C8: =MOD(A8-1,37)+1 | D8: =INDEX(①データ入力!$B$3:$Y$39,C8,(B8-1)*5+1)&"" | E8: =INDEX(①データ入力!$B$3:$Y$39,C8,(B8-1)*5+2)&"" | F8: =IF(OR(E8="1",E8="１",E8="男"),"男",IF(OR(E8="2",E8="２",E8="女"),"女","")) | G8: =INDEX(①データ入力!$B$3:$Y$39,C8,(B8-1)*5+3) | H8: =INDEX(①データ入力!$B$3:$Y$39,C8,(B8-1)*5+4)&"" | I8: =IF(LEFT(TRIM(H8),1)="赤","赤",IF(LEFT(TRIM(H8),1)="白","白","")) | J8: =IF(AND(D8<>"",F8<>"",I8<>"",ISNUMBER(G8)),F8&I8,"") | K8: =IF(J8="","",COUNTIFS($J$2:$J$186,J8,$G$2:$G$186,"<"&G8)+COUNTIFS($J$2:$J$186,J8,$G$2:$G$186,G8,$A$2:$A$186,"<"&A8)+1) | L8: =IF(J8="","",J8&K8) | M8: =B8&"組" | N8: =IF(AND(D8<>"",J8=""),1,0) | P8: 男子人数 | Q8: =Q2+Q3 | S8: 7 | T8: =IF(OR($Q$9=0,S8>$Q$9),0,INT($Q$8/$Q$9)+IF(S8<=MOD($Q$8,$Q$9),1,0)) | U8: =$Q$2-Y7 | V8: =$Q$3-Z7 | W8: =IF(T8=0,0,MIN(U8,MAX(IF(MOD(T8,2)=0,T8/2,IF(U8>=V8,(T8+1)/2,(T8-1)/2)),T8-V8))) | X8: =T8-W8 | Y8: =Y7+W8 | Z8: =Z7+X8 | AB8: 7 | AC8: =IF(OR($Q$11=0,AB8>$Q$11),0,INT($Q$10/$Q$11)+IF(AB8<=MOD($Q$10,$Q$11),1,0)) | AD8: =$Q$4-AH7 | AE8: =$Q$5-AI7 | AF8: =IF(AC8=0,0,MIN(AD8,MAX(IF(MOD(AC8,2)=0,AC8/2,IF(AD8>=AE8,(AC8+1)/2,(AC8-1)/2)),AC8-AE8))) | AG8: =AC8-AF8 | AH8: =AH7+AF8 | AI8: =AI7+AG8 | AK8: =IF(J8="","",IF(J8="男赤",COUNTIF($Y$2:$Y$51,"<"&K8),IF(J8="男白",COUNTIF($Z$2:$Z$51,"<"&K8),IF(J8="女赤",COUNTIF($AH$2:$AH$51,"<"&K8),COUNTIF($AI$2:$AI$51,"<"&K8))))+1) | AL8: =IF(AK8="","",IF(AK8=1,0,IF(J8="男赤",INDEX($Y$2:$Y$51,AK8-1),IF(J8="男白",INDEX($Z$2:$Z$51,AK8-1),IF(J8="女赤",INDEX($AH$2:$AH$51,AK8-1),INDEX($AI$2:$AI$51,AK8-1)))))) | AM8: =IF(AK8="","",IF(RIGHT(J8,1)="赤",K8-AL8,IF(LEFT(J8,1)="男",INDEX($W$2:$W$51,AK8),INDEX($AF$2:$AF$51,AK8))+K8-AL8)) | AN8: =IF(AK8="","",F8&AK8&"-"&AM8) | AP8: =IF(J8="","",IF(手動調整!$I$10<>"",手動調整!$I$10,AK8)) | AQ8: =IF(AP8="","",IF(手動調整!$J$10<>"",手動調整!$J$10,AM8)*100000+IF(手動調整!$J$10<>"",0,50000)+AK8*10+AM8) | AR8: =IF(AP8="","",COUNTIFS($F$2:$F$186,F8,$AP$2:$AP$186,AP8,$AQ$2:$AQ$186,"<"&AQ8)+1) | AS8: =IF(AP8="","",F8&AP8&"-"&AR8) | AT8: =IF(AP8="",0,AP8) | BA8: 7 | BB8: =COUNTIFS($F$2:$F$186,"男",$AP$2:$AP$186,BA8) | BC8: =COUNTIFS($F$2:$F$186,"男",$AP$2:$AP$186,BA8,$I$2:$I$186,"赤") | BD8: =BB8-BC8 | BF8: 7 | BG8: =COUNTIFS($F$2:$F$186,"女",$AP$2:$AP$186,BF8) | BH8: =COUNTIFS($F$2:$F$186,"女",$AP$2:$AP$186,BF8,$I$2:$I$186,"赤") | BI8: =BG8-BH8
A9: =ROW()-1 | B9: =INT((A9-1)/37)+1 | C9: =MOD(A9-1,37)+1 | D9: =INDEX(①データ入力!$B$3:$Y$39,C9,(B9-1)*5+1)&"" | E9: =INDEX(①データ入力!$B$3:$Y$39,C9,(B9-1)*5+2)&"" | F9: =IF(OR(E9="1",E9="１",E9="男"),"男",IF(OR(E9="2",E9="２",E9="女"),"女","")) | G9: =INDEX(①データ入力!$B$3:$Y$39,C9,(B9-1)*5+3) | H9: =INDEX(①データ入力!$B$3:$Y$39,C9,(B9-1)*5+4)&"" | I9: =IF(LEFT(TRIM(H9),1)="赤","赤",IF(LEFT(TRIM(H9),1)="白","白","")) | J9: =IF(AND(D9<>"",F9<>"",I9<>"",ISNUMBER(G9)),F9&I9,"") | K9: =IF(J9="","",COUNTIFS($J$2:$J$186,J9,$G$2:$G$186,"<"&G9)+COUNTIFS($J$2:$J$186,J9,$G$2:$G$186,G9,$A$2:$A$186,"<"&A9)+1) | L9: =IF(J9="","",J9&K9) | M9: =B9&"組" | N9: =IF(AND(D9<>"",J9=""),1,0) | P9: 男子組数 | Q9: =ROUNDUP(Q8/4,0) | S9: 8 | T9: =IF(OR($Q$9=0,S9>$Q$9),0,INT($Q$8/$Q$9)+IF(S9<=MOD($Q$8,$Q$9),1,0)) | U9: =$Q$2-Y8 | V9: =$Q$3-Z8 | W9: =IF(T9=0,0,MIN(U9,MAX(IF(MOD(T9,2)=0,T9/2,IF(U9>=V9,(T9+1)/2,(T9-1)/2)),T9-V9))) | X9: =T9-W9 | Y9: =Y8+W9 | Z9: =Z8+X9 | AB9: 8 | AC9: =IF(OR($Q$11=0,AB9>$Q$11),0,INT($Q$10/$Q$11)+IF(AB9<=MOD($Q$10,$Q$11),1,0)) | AD9: =$Q$4-AH8 | AE9: =$Q$5-AI8 | AF9: =IF(AC9=0,0,MIN(AD9,MAX(IF(MOD(AC9,2)=0,AC9/2,IF(AD9>=AE9,(AC9+1)/2,(AC9-1)/2)),AC9-AE9))) | AG9: =AC9-AF9 | AH9: =AH8+AF9 | AI9: =AI8+AG9 | AK9: =IF(J9="","",IF(J9="男赤",COUNTIF($Y$2:$Y$51,"<"&K9),IF(J9="男白",COUNTIF($Z$2:$Z$51,"<"&K9),IF(J9="女赤",COUNTIF($AH$2:$AH$51,"<"&K9),COUNTIF($AI$2:$AI$51,"<"&K9))))+1) | AL9: =IF(AK9="","",IF(AK9=1,0,IF(J9="男赤",INDEX($Y$2:$Y$51,AK9-1),IF(J9="男白",INDEX($Z$2:$Z$51,AK9-1),IF(J9="女赤",INDEX($AH$2:$AH$51,AK9-1),INDEX($AI$2:$AI$51,AK9-1)))))) | AM9: =IF(AK9="","",IF(RIGHT(J9,1)="赤",K9-AL9,IF(LEFT(J9,1)="男",INDEX($W$2:$W$51,AK9),INDEX($AF$2:$AF$51,AK9))+K9-AL9)) | AN9: =IF(AK9="","",F9&AK9&"-"&AM9) | AP9: =IF(J9="","",IF(手動調整!$I$11<>"",手動調整!$I$11,AK9)) | AQ9: =IF(AP9="","",IF(手動調整!$J$11<>"",手動調整!$J$11,AM9)*100000+IF(手動調整!$J$11<>"",0,50000)+AK9*10+AM9) | AR9: =IF(AP9="","",COUNTIFS($F$2:$F$186,F9,$AP$2:$AP$186,AP9,$AQ$2:$AQ$186,"<"&AQ9)+1) | AS9: =IF(AP9="","",F9&AP9&"-"&AR9) | AT9: =IF(AP9="",0,AP9) | BA9: 8 | BB9: =COUNTIFS($F$2:$F$186,"男",$AP$2:$AP$186,BA9) | BC9: =COUNTIFS($F$2:$F$186,"男",$AP$2:$AP$186,BA9,$I$2:$I$186,"赤") | BD9: =BB9-BC9 | BF9: 8 | BG9: =COUNTIFS($F$2:$F$186,"女",$AP$2:$AP$186,BF9) | BH9: =COUNTIFS($F$2:$F$186,"女",$AP$2:$AP$186,BF9,$I$2:$I$186,"赤") | BI9: =BG9-BH9
A10: =ROW()-1 | B10: =INT((A10-1)/37)+1 | C10: =MOD(A10-1,37)+1 | D10: =INDEX(①データ入力!$B$3:$Y$39,C10,(B10-1)*5+1)&"" | E10: =INDEX(①データ入力!$B$3:$Y$39,C10,(B10-1)*5+2)&"" | F10: =IF(OR(E10="1",E10="１",E10="男"),"男",IF(OR(E10="2",E10="２",E10="女"),"女","")) | G10: =INDEX(①データ入力!$B$3:$Y$39,C10,(B10-1)*5+3) | H10: =INDEX(①データ入力!$B$3:$Y$39,C10,(B10-1)*5+4)&"" | I10: =IF(LEFT(TRIM(H10),1)="赤","赤",IF(LEFT(TRIM(H10),1)="白","白","")) | J10: =IF(AND(D10<>"",F10<>"",I10<>"",ISNUMBER(G10)),F10&I10,"") | K10: =IF(J10="","",COUNTIFS($J$2:$J$186,J10,$G$2:$G$186,"<"&G10)+COUNTIFS($J$2:$J$186,J10,$G$2:$G$186,G10,$A$2:$A$186,"<"&A10)+1) | L10: =IF(J10="","",J10&K10) | M10: =B10&"組" | N10: =IF(AND(D10<>"",J10=""),1,0) | P10: 女子人数 | Q10: =Q4+Q5 | S10: 9 | T10: =IF(OR($Q$9=0,S10>$Q$9),0,INT($Q$8/$Q$9)+IF(S10<=MOD($Q$8,$Q$9),1,0)) | U10: =$Q$2-Y9 | V10: =$Q$3-Z9 | W10: =IF(T10=0,0,MIN(U10,MAX(IF(MOD(T10,2)=0,T10/2,IF(U10>=V10,(T10+1)/2,(T10-1)/2)),T10-V10))) | X10: =T10-W10 | Y10: =Y9+W10 | Z10: =Z9+X10 | AB10: 9 | AC10: =IF(OR($Q$11=0,AB10>$Q$11),0,INT($Q$10/$Q$11)+IF(AB10<=MOD($Q$10,$Q$11),1,0)) | AD10: =$Q$4-AH9 | AE10: =$Q$5-AI9 | AF10: =IF(AC10=0,0,MIN(AD10,MAX(IF(MOD(AC10,2)=0,AC10/2,IF(AD10>=AE10,(AC10+1)/2,(AC10-1)/2)),AC10-AE10))) | AG10: =AC10-AF10 | AH10: =AH9+AF10 | AI10: =AI9+AG10 | AK10: =IF(J10="","",IF(J10="男赤",COUNTIF($Y$2:$Y$51,"<"&K10),IF(J10="男白",COUNTIF($Z$2:$Z$51,"<"&K10),IF(J10="女赤",COUNTIF($AH$2:$AH$51,"<"&K10),COUNTIF($AI$2:$AI$51,"<"&K10))))+1) | AL10: =IF(AK10="","",IF(AK10=1,0,IF(J10="男赤",INDEX($Y$2:$Y$51,AK10-1),IF(J10="男白",INDEX($Z$2:$Z$51,AK10-1),IF(J10="女赤",INDEX($AH$2:$AH$51,AK10-1),INDEX($AI$2:$AI$51,AK10-1)))))) | AM10: =IF(AK10="","",IF(RIGHT(J10,1)="赤",K10-AL10,IF(LEFT(J10,1)="男",INDEX($W$2:$W$51,AK10),INDEX($AF$2:$AF$51,AK10))+K10-AL10)) | AN10: =IF(AK10="","",F10&AK10&"-"&AM10) | AP10: =IF(J10="","",IF(手動調整!$I$12<>"",手動調整!$I$12,AK10)) | AQ10: =IF(AP10="","",IF(手動調整!$J$12<>"",手動調整!$J$12,AM10)*100000+IF(手動調整!$J$12<>"",0,50000)+AK10*10+AM10) | AR10: =IF(AP10="","",COUNTIFS($F$2:$F$186,F10,$AP$2:$AP$186,AP10,$AQ$2:$AQ$186,"<"&AQ10)+1) | AS10: =IF(AP10="","",F10&AP10&"-"&AR10) | AT10: =IF(AP10="",0,AP10) | BA10: 9 | BB10: =COUNTIFS($F$2:$F$186,"男",$AP$2:$AP$186,BA10) | BC10: =COUNTIFS($F$2:$F$186,"男",$AP$2:$AP$186,BA10,$I$2:$I$186,"赤") | BD10: =BB10-BC10 | BF10: 9 | BG10: =COUNTIFS($F$2:$F$186,"女",$AP$2:$AP$186,BF10) | BH10: =COUNTIFS($F$2:$F$186,"女",$AP$2:$AP$186,BF10,$I$2:$I$186,"赤") | BI10: =BG10-BH10
A11: =ROW()-1 | B11: =INT((A11-1)/37)+1 | C11: =MOD(A11-1,37)+1 | D11: =INDEX(①データ入力!$B$3:$Y$39,C11,(B11-1)*5+1)&"" | E11: =INDEX(①データ入力!$B$3:$Y$39,C11,(B11-1)*5+2)&"" | F11: =IF(OR(E11="1",E11="１",E11="男"),"男",IF(OR(E11="2",E11="２",E11="女"),"女","")) | G11: =INDEX(①データ入力!$B$3:$Y$39,C11,(B11-1)*5+3) | H11: =INDEX(①データ入力!$B$3:$Y$39,C11,(B11-1)*5+4)&"" | I11: =IF(LEFT(TRIM(H11),1)="赤","赤",IF(LEFT(TRIM(H11),1)="白","白","")) | J11: =IF(AND(D11<>"",F11<>"",I11<>"",ISNUMBER(G11)),F11&I11,"") | K11: =IF(J11="","",COUNTIFS($J$2:$J$186,J11,$G$2:$G$186,"<"&G11)+COUNTIFS($J$2:$J$186,J11,$G$2:$G$186,G11,$A$2:$A$186,"<"&A11)+1) | L11: =IF(J11="","",J11&K11) | M11: =B11&"組" | N11: =IF(AND(D11<>"",J11=""),1,0) | P11: 女子組数 | Q11: =ROUNDUP(Q10/4,0) | S11: 10 | T11: =IF(OR($Q$9=0,S11>$Q$9),0,INT($Q$8/$Q$9)+IF(S11<=MOD($Q$8,$Q$9),1,0)) | U11: =$Q$2-Y10 | V11: =$Q$3-Z10 | W11: =IF(T11=0,0,MIN(U11,MAX(IF(MOD(T11,2)=0,T11/2,IF(U11>=V11,(T11+1)/2,(T11-1)/2)),T11-V11))) | X11: =T11-W11 | Y11: =Y10+W11 | Z11: =Z10+X11 | AB11: 10 | AC11: =IF(OR($Q$11=0,AB11>$Q$11),0,INT($Q$10/$Q$11)+IF(AB11<=MOD($Q$10,$Q$11),1,0)) | AD11: =$Q$4-AH10 | AE11: =$Q$5-AI10 | AF11: =IF(AC11=0,0,MIN(AD11,MAX(IF(MOD(AC11,2)=0,AC11/2,IF(AD11>=AE11,(AC11+1)/2,(AC11-1)/2)),AC11-AE11))) | AG11: =AC11-AF11 | AH11: =AH10+AF11 | AI11: =AI10+AG11 | AK11: =IF(J11="","",IF(J11="男赤",COUNTIF($Y$2:$Y$51,"<"&K11),IF(J11="男白",COUNTIF($Z$2:$Z$51,"<"&K11),IF(J11="女赤",COUNTIF($AH$2:$AH$51,"<"&K11),COUNTIF($AI$2:$AI$51,"<"&K11))))+1) | AL11: =IF(AK11="","",IF(AK11=1,0,IF(J11="男赤",INDEX($Y$2:$Y$51,AK11-1),IF(J11="男白",INDEX($Z$2:$Z$51,AK11-1),IF(J11="女赤",INDEX($AH$2:$AH$51,AK11-1),INDEX($AI$2:$AI$51,AK11-1)))))) | AM11: =IF(AK11="","",IF(RIGHT(J11,1)="赤",K11-AL11,IF(LEFT(J11,1)="男",INDEX($W$2:$W$51,AK11),INDEX($AF$2:$AF$51,AK11))+K11-AL11)) | AN11: =IF(AK11="","",F11&AK11&"-"&AM11) | AP11: =IF(J11="","",IF(手動調整!$I$13<>"",手動調整!$I$13,AK11)) | AQ11: =IF(AP11="","",IF(手動調整!$J$13<>"",手動調整!$J$13,AM11)*100000+IF(手動調整!$J$13<>"",0,50000)+AK11*10+AM11) | AR11: =IF(AP11="","",COUNTIFS($F$2:$F$186,F11,$AP$2:$AP$186,AP11,$AQ$2:$AQ$186,"<"&AQ11)+1) | AS11: =IF(AP11="","",F11&AP11&"-"&AR11) | AT11: =IF(AP11="",0,AP11) | BA11: 10 | BB11: =COUNTIFS($F$2:$F$186,"男",$AP$2:$AP$186,BA11) | BC11: =COUNTIFS($F$2:$F$186,"男",$AP$2:$AP$186,BA11,$I$2:$I$186,"赤") | BD11: =BB11-BC11 | BF11: 10 | BG11: =COUNTIFS($F$2:$F$186,"女",$AP$2:$AP$186,BF11) | BH11: =COUNTIFS($F$2:$F$186,"女",$AP$2:$AP$186,BF11,$I$2:$I$186,"赤") | BI11: =BG11-BH11
A12: =ROW()-1 | B12: =INT((A12-1)/37)+1 | C12: =MOD(A12-1,37)+1 | D12: =INDEX(①データ入力!$B$3:$Y$39,C12,(B12-1)*5+1)&"" | E12: =INDEX(①データ入力!$B$3:$Y$39,C12,(B12-1)*5+2)&"" | F12: =IF(OR(E12="1",E12="１",E12="男"),"男",IF(OR(E12="2",E12="２",E12="女"),"女","")) | G12: =INDEX(①データ入力!$B$3:$Y$39,C12,(B12-1)*5+3) | H12: =INDEX(①データ入力!$B$3:$Y$39,C12,(B12-1)*5+4)&"" | I12: =IF(LEFT(TRIM(H12),1)="赤","赤",IF(LEFT(TRIM(H12),1)="白","白","")) | J12: =IF(AND(D12<>"",F12<>"",I12<>"",ISNUMBER(G12)),F12&I12,"") | K12: =IF(J12="","",COUNTIFS($J$2:$J$186,J12,$G$2:$G$186,"<"&G12)+COUNTIFS($J$2:$J$186,J12,$G$2:$G$186,G12,$A$2:$A$186,"<"&A12)+1) | L12: =IF(J12="","",J12&K12) | M12: =B12&"組" | N12: =IF(AND(D12<>"",J12=""),1,0) | S12: 11 | T12: =IF(OR($Q$9=0,S12>$Q$9),0,INT($Q$8/$Q$9)+IF(S12<=MOD($Q$8,$Q$9),1,0)) | U12: =$Q$2-Y11 | V12: =$Q$3-Z11 | W12: =IF(T12=0,0,MIN(U12,MAX(IF(MOD(T12,2)=0,T12/2,IF(U12>=V12,(T12+1)/2,(T12-1)/2)),T12-V12))) | X12: =T12-W12 | Y12: =Y11+W12 | Z12: =Z11+X12 | AB12: 11 | AC12: =IF(OR($Q$11=0,AB12>$Q$11),0,INT($Q$10/$Q$11)+IF(AB12<=MOD($Q$10,$Q$11),1,0)) | AD12: =$Q$4-AH11 | AE12: =$Q$5-AI11 | AF12: =IF(AC12=0,0,MIN(AD12,MAX(IF(MOD(AC12,2)=0,AC12/2,IF(AD12>=AE12,(AC12+1)/2,(AC12-1)/2)),AC12-AE12))) | AG12: =AC12-AF12 | AH12: =AH11+AF12 | AI12: =AI11+AG12 | AK12: =IF(J12="","",IF(J12="男赤",COUNTIF($Y$2:$Y$51,"<"&K12),IF(J12="男白",COUNTIF($Z$2:$Z$51,"<"&K12),IF(J12="女赤",COUNTIF($AH$2:$AH$51,"<"&K12),COUNTIF($AI$2:$AI$51,"<"&K12))))+1) | AL12: =IF(AK12="","",IF(AK12=1,0,IF(J12="男赤",INDEX($Y$2:$Y$51,AK12-1),IF(J12="男白",INDEX($Z$2:$Z$51,AK12-1),IF(J12="女赤",INDEX($AH$2:$AH$51,AK12-1),INDEX($AI$2:$AI$51,AK12-1)))))) | AM12: =IF(AK12="","",IF(RIGHT(J12,1)="赤",K12-AL12,IF(LEFT(J12,1)="男",INDEX($W$2:$W$51,AK12),INDEX($AF$2:$AF$51,AK12))+K12-AL12)) | AN12: =IF(AK12="","",F12&AK12&"-"&AM12) | AP12: =IF(J12="","",IF(手動調整!$I$14<>"",手動調整!$I$14,AK12)) | AQ12: =IF(AP12="","",IF(手動調整!$J$14<>"",手動調整!$J$14,AM12)*100000+IF(手動調整!$J$14<>"",0,50000)+AK12*10+AM12) | AR12: =IF(AP12="","",COUNTIFS($F$2:$F$186,F12,$AP$2:$AP$186,AP12,$AQ$2:$AQ$186,"<"&AQ12)+1) | AS12: =IF(AP12="","",F12&AP12&"-"&AR12) | AT12: =IF(AP12="",0,AP12) | BA12: 11 | BB12: =COUNTIFS($F$2:$F$186,"男",$AP$2:$AP$186,BA12) | BC12: =COUNTIFS($F$2:$F$186,"男",$AP$2:$AP$186,BA12,$I$2:$I$186,"赤") | BD12: =BB12-BC12 | BF12: 11 | BG12: =COUNTIFS($F$2:$F$186,"女",$AP$2:$AP$186,BF12) | BH12: =COUNTIFS($F$2:$F$186,"女",$AP$2:$AP$186,BF12,$I$2:$I$186,"赤") | BI12: =BG12-BH12
A13: =ROW()-1 | B13: =INT((A13-1)/37)+1 | C13: =MOD(A13-1,37)+1 | D13: =INDEX(①データ入力!$B$3:$Y$39,C13,(B13-1)*5+1)&"" | E13: =INDEX(①データ入力!$B$3:$Y$39,C13,(B13-1)*5+2)&"" | F13: =IF(OR(E13="1",E13="１",E13="男"),"男",IF(OR(E13="2",E13="２",E13="女"),"女","")) | G13: =INDEX(①データ入力!$B$3:$Y$39,C13,(B13-1)*5+3) | H13: =INDEX(①データ入力!$B$3:$Y$39,C13,(B13-1)*5+4)&"" | I13: =IF(LEFT(TRIM(H13),1)="赤","赤",IF(LEFT(TRIM(H13),1)="白","白","")) | J13: =IF(AND(D13<>"",F13<>"",I13<>"",ISNUMBER(G13)),F13&I13,"") | K13: =IF(J13="","",COUNTIFS($J$2:$J$186,J13,$G$2:$G$186,"<"&G13)+COUNTIFS($J$2:$J$186,J13,$G$2:$G$186,G13,$A$2:$A$186,"<"&A13)+1) | L13: =IF(J13="","",J13&K13) | M13: =B13&"組" | N13: =IF(AND(D13<>"",J13=""),1,0) | P13: 男子決定組数 | Q13: =SUMPRODUCT(MAX(($F$2:$F$186="男")*$AT$2:$AT$186)) | S13: 12 | T13: =IF(OR($Q$9=0,S13>$Q$9),0,INT($Q$8/$Q$9)+IF(S13<=MOD($Q$8,$Q$9),1,0)) | U13: =$Q$2-Y12 | V13: =$Q$3-Z12 | W13: =IF(T13=0,0,MIN(U13,MAX(IF(MOD(T13,2)=0,T13/2,IF(U13>=V13,(T13+1)/2,(T13-1)/2)),T13-V13))) | X13: =T13-W13 | Y13: =Y12+W13 | Z13: =Z12+X13 | AB13: 12 | AC13: =IF(OR($Q$11=0,AB13>$Q$11),0,INT($Q$10/$Q$11)+IF(AB13<=MOD($Q$10,$Q$11),1,0)) | AD13: =$Q$4-AH12 | AE13: =$Q$5-AI12 | AF13: =IF(AC13=0,0,MIN(AD13,MAX(IF(MOD(AC13,2)=0,AC13/2,IF(AD13>=AE13,(AC13+1)/2,(AC13-1)/2)),AC13-AE13))) | AG13: =AC13-AF13 | AH13: =AH12+AF13 | AI13: =AI12+AG13 | AK13: =IF(J13="","",IF(J13="男赤",COUNTIF($Y$2:$Y$51,"<"&K13),IF(J13="男白",COUNTIF($Z$2:$Z$51,"<"&K13),IF(J13="女赤",COUNTIF($AH$2:$AH$51,"<"&K13),COUNTIF($AI$2:$AI$51,"<"&K13))))+1) | AL13: =IF(AK13="","",IF(AK13=1,0,IF(J13="男赤",INDEX($Y$2:$Y$51,AK13-1),IF(J13="男白",INDEX($Z$2:$Z$51,AK13-1),IF(J13="女赤",INDEX($AH$2:$AH$51,AK13-1),INDEX($AI$2:$AI$51,AK13-1)))))) | AM13: =IF(AK13="","",IF(RIGHT(J13,1)="赤",K13-AL13,IF(LEFT(J13,1)="男",INDEX($W$2:$W$51,AK13),INDEX($AF$2:$AF$51,AK13))+K13-AL13)) | AN13: =IF(AK13="","",F13&AK13&"-"&AM13) | AP13: =IF(J13="","",IF(手動調整!$I$15<>"",手動調整!$I$15,AK13)) | AQ13: =IF(AP13="","",IF(手動調整!$J$15<>"",手動調整!$J$15,AM13)*100000+IF(手動調整!$J$15<>"",0,50000)+AK13*10+AM13) | AR13: =IF(AP13="","",COUNTIFS($F$2:$F$186,F13,$AP$2:$AP$186,AP13,$AQ$2:$AQ$186,"<"&AQ13)+1) | AS13: =IF(AP13="","",F13&AP13&"-"&AR13) | AT13: =IF(AP13="",0,AP13) | BA13: 12 | BB13: =COUNTIFS($F$2:$F$186,"男",$AP$2:$AP$186,BA13) | BC13: =COUNTIFS($F$2:$F$186,"男",$AP$2:$AP$186,BA13,$I$2:$I$186,"赤") | BD13: =BB13-BC13 | BF13: 12 | BG13: =COUNTIFS($F$2:$F$186,"女",$AP$2:$AP$186,BF13) | BH13: =COUNTIFS($F$2:$F$186,"女",$AP$2:$AP$186,BF13,$I$2:$I$186,"赤") | BI13: =BG13-BH13
A14: =ROW()-1 | B14: =INT((A14-1)/37)+1 | C14: =MOD(A14-1,37)+1 | D14: =INDEX(①データ入力!$B$3:$Y$39,C14,(B14-1)*5+1)&"" | E14: =INDEX(①データ入力!$B$3:$Y$39,C14,(B14-1)*5+2)&"" | F14: =IF(OR(E14="1",E14="１",E14="男"),"男",IF(OR(E14="2",E14="２",E14="女"),"女","")) | G14: =INDEX(①データ入力!$B$3:$Y$39,C14,(B14-1)*5+3) | H14: =INDEX(①データ入力!$B$3:$Y$39,C14,(B14-1)*5+4)&"" | I14: =IF(LEFT(TRIM(H14),1)="赤","赤",IF(LEFT(TRIM(H14),1)="白","白","")) | J14: =IF(AND(D14<>"",F14<>"",I14<>"",ISNUMBER(G14)),F14&I14,"") | K14: =IF(J14="","",COUNTIFS($J$2:$J$186,J14,$G$2:$G$186,"<"&G14)+COUNTIFS($J$2:$J$186,J14,$G$2:$G$186,G14,$A$2:$A$186,"<"&A14)+1) | L14: =IF(J14="","",J14&K14) | M14: =B14&"組" | N14: =IF(AND(D14<>"",J14=""),1,0) | P14: 女子決定組数 | Q14: =SUMPRODUCT(MAX(($F$2:$F$186="女")*$AT$2:$AT$186)) | S14: 13 | T14: =IF(OR($Q$9=0,S14>$Q$9),0,INT($Q$8/$Q$9)+IF(S14<=MOD($Q$8,$Q$9),1,0)) | U14: =$Q$2-Y13 | V14: =$Q$3-Z13 | W14: =IF(T14=0,0,MIN(U14,MAX(IF(MOD(T14,2)=0,T14/2,IF(U14>=V14,(T14+1)/2,(T14-1)/2)),T14-V14))) | X14: =T14-W14 | Y14: =Y13+W14 | Z14: =Z13+X14 | AB14: 13 | AC14: =IF(OR($Q$11=0,AB14>$Q$11),0,INT($Q$10/$Q$11)+IF(AB14<=MOD($Q$10,$Q$11),1,0)) | AD14: =$Q$4-AH13 | AE14: =$Q$5-AI13 | AF14: =IF(AC14=0,0,MIN(AD14,MAX(IF(MOD(AC14,2)=0,AC14/2,IF(AD14>=AE14,(AC14+1)/2,(AC14-1)/2)),AC14-AE14))) | AG14: =AC14-AF14 | AH14: =AH13+AF14 | AI14: =AI13+AG14 | AK14: =IF(J14="","",IF(J14="男赤",COUNTIF($Y$2:$Y$51,"<"&K14),IF(J14="男白",COUNTIF($Z$2:$Z$51,"<"&K14),IF(J14="女赤",COUNTIF($AH$2:$AH$51,"<"&K14),COUNTIF($AI$2:$AI$51,"<"&K14))))+1) | AL14: =IF(AK14="","",IF(AK14=1,0,IF(J14="男赤",INDEX($Y$2:$Y$51,AK14-1),IF(J14="男白",INDEX($Z$2:$Z$51,AK14-1),IF(J14="女赤",INDEX($AH$2:$AH$51,AK14-1),INDEX($AI$2:$AI$51,AK14-1)))))) | AM14: =IF(AK14="","",IF(RIGHT(J14,1)="赤",K14-AL14,IF(LEFT(J14,1)="男",INDEX($W$2:$W$51,AK14),INDEX($AF$2:$AF$51,AK14))+K14-AL14)) | AN14: =IF(AK14="","",F14&AK14&"-"&AM14) | AP14: =IF(J14="","",IF(手動調整!$I$16<>"",手動調整!$I$16,AK14)) | AQ14: =IF(AP14="","",IF(手動調整!$J$16<>"",手動調整!$J$16,AM14)*100000+IF(手動調整!$J$16<>"",0,50000)+AK14*10+AM14) | AR14: =IF(AP14="","",COUNTIFS($F$2:$F$186,F14,$AP$2:$AP$186,AP14,$AQ$2:$AQ$186,"<"&AQ14)+1) | AS14: =IF(AP14="","",F14&AP14&"-"&AR14) | AT14: =IF(AP14="",0,AP14) | BA14: 13 | BB14: =COUNTIFS($F$2:$F$186,"男",$AP$2:$AP$186,BA14) | BC14: =COUNTIFS($F$2:$F$186,"男",$AP$2:$AP$186,BA14,$I$2:$I$186,"赤") | BD14: =BB14-BC14 | BF14: 13 | BG14: =COUNTIFS($F$2:$F$186,"女",$AP$2:$AP$186,BF14) | BH14: =COUNTIFS($F$2:$F$186,"女",$AP$2:$AP$186,BF14,$I$2:$I$186,"赤") | BI14: =BG14-BH14
A15: =ROW()-1 | B15: =INT((A15-1)/37)+1 | C15: =MOD(A15-1,37)+1 | D15: =INDEX(①データ入力!$B$3:$Y$39,C15,(B15-1)*5+1)&"" | E15: =INDEX(①データ入力!$B$3:$Y$39,C15,(B15-1)*5+2)&"" | F15: =IF(OR(E15="1",E15="１",E15="男"),"男",IF(OR(E15="2",E15="２",E15="女"),"女","")) | G15: =INDEX(①データ入力!$B$3:$Y$39,C15,(B15-1)*5+3) | H15: =INDEX(①データ入力!$B$3:$Y$39,C15,(B15-1)*5+4)&"" | I15: =IF(LEFT(TRIM(H15),1)="赤","赤",IF(LEFT(TRIM(H15),1)="白","白","")) | J15: =IF(AND(D15<>"",F15<>"",I15<>"",ISNUMBER(G15)),F15&I15,"") | K15: =IF(J15="","",COUNTIFS($J$2:$J$186,J15,$G$2:$G$186,"<"&G15)+COUNTIFS($J$2:$J$186,J15,$G$2:$G$186,G15,$A$2:$A$186,"<"&A15)+1) | L15: =IF(J15="","",J15&K15) | M15: =B15&"組" | N15: =IF(AND(D15<>"",J15=""),1,0) | S15: 14 | T15: =IF(OR($Q$9=0,S15>$Q$9),0,INT($Q$8/$Q$9)+IF(S15<=MOD($Q$8,$Q$9),1,0)) | U15: =$Q$2-Y14 | V15: =$Q$3-Z14 | W15: =IF(T15=0,0,MIN(U15,MAX(IF(MOD(T15,2)=0,T15/2,IF(U15>=V15,(T15+1)/2,(T15-1)/2)),T15-V15))) | X15: =T15-W15 | Y15: =Y14+W15 | Z15: =Z14+X15 | AB15: 14 | AC15: =IF(OR($Q$11=0,AB15>$Q$11),0,INT($Q$10/$Q$11)+IF(AB15<=MOD($Q$10,$Q$11),1,0)) | AD15: =$Q$4-AH14 | AE15: =$Q$5-AI14 | AF15: =IF(AC15=0,0,MIN(AD15,MAX(IF(MOD(AC15,2)=0,AC15/2,IF(AD15>=AE15,(AC15+1)/2,(AC15-1)/2)),AC15-AE15))) | AG15: =AC15-AF15 | AH15: =AH14+AF15 | AI15: =AI14+AG15 | AK15: =IF(J15="","",IF(J15="男赤",COUNTIF($Y$2:$Y$51,"<"&K15),IF(J15="男白",COUNTIF($Z$2:$Z$51,"<"&K15),IF(J15="女赤",COUNTIF($AH$2:$AH$51,"<"&K15),COUNTIF($AI$2:$AI$51,"<"&K15))))+1) | AL15: =IF(AK15="","",IF(AK15=1,0,IF(J15="男赤",INDEX($Y$2:$Y$51,AK15-1),IF(J15="男白",INDEX($Z$2:$Z$51,AK15-1),IF(J15="女赤",INDEX($AH$2:$AH$51,AK15-1),INDEX($AI$2:$AI$51,AK15-1)))))) | AM15: =IF(AK15="","",IF(RIGHT(J15,1)="赤",K15-AL15,IF(LEFT(J15,1)="男",INDEX($W$2:$W$51,AK15),INDEX($AF$2:$AF$51,AK15))+K15-AL15)) | AN15: =IF(AK15="","",F15&AK15&"-"&AM15) | AP15: =IF(J15="","",IF(手動調整!$I$17<>"",手動調整!$I$17,AK15)) | AQ15: =IF(AP15="","",IF(手動調整!$J$17<>"",手動調整!$J$17,AM15)*100000+IF(手動調整!$J$17<>"",0,50000)+AK15*10+AM15) | AR15: =IF(AP15="","",COUNTIFS($F$2:$F$186,F15,$AP$2:$AP$186,AP15,$AQ$2:$AQ$186,"<"&AQ15)+1) | AS15: =IF(AP15="","",F15&AP15&"-"&AR15) | AT15: =IF(AP15="",0,AP15) | BA15: 14 | BB15: =COUNTIFS($F$2:$F$186,"男",$AP$2:$AP$186,BA15) | BC15: =COUNTIFS($F$2:$F$186,"男",$AP$2:$AP$186,BA15,$I$2:$I$186,"赤") | BD15: =BB15-BC15 | BF15: 14 | BG15: =COUNTIFS($F$2:$F$186,"女",$AP$2:$AP$186,BF15) | BH15: =COUNTIFS($F$2:$F$186,"女",$AP$2:$AP$186,BF15,$I$2:$I$186,"赤") | BI15: =BG15-BH15
A16: =ROW()-1 | B16: =INT((A16-1)/37)+1 | C16: =MOD(A16-1,37)+1 | D16: =INDEX(①データ入力!$B$3:$Y$39,C16,(B16-1)*5+1)&"" | E16: =INDEX(①データ入力!$B$3:$Y$39,C16,(B16-1)*5+2)&"" | F16: =IF(OR(E16="1",E16="１",E16="男"),"男",IF(OR(E16="2",E16="２",E16="女"),"女","")) | G16: =INDEX(①データ入力!$B$3:$Y$39,C16,(B16-1)*5+3) | H16: =INDEX(①データ入力!$B$3:$Y$39,C16,(B16-1)*5+4)&"" | I16: =IF(LEFT(TRIM(H16),1)="赤","赤",IF(LEFT(TRIM(H16),1)="白","白","")) | J16: =IF(AND(D16<>"",F16<>"",I16<>"",ISNUMBER(G16)),F16&I16,"") | K16: =IF(J16="","",COUNTIFS($J$2:$J$186,J16,$G$2:$G$186,"<"&G16)+COUNTIFS($J$2:$J$186,J16,$G$2:$G$186,G16,$A$2:$A$186,"<"&A16)+1) | L16: =IF(J16="","",J16&K16) | M16: =B16&"組" | N16: =IF(AND(D16<>"",J16=""),1,0) | S16: 15 | T16: =IF(OR($Q$9=0,S16>$Q$9),0,INT($Q$8/$Q$9)+IF(S16<=MOD($Q$8,$Q$9),1,0)) | U16: =$Q$2-Y15 | V16: =$Q$3-Z15 | W16: =IF(T16=0,0,MIN(U16,MAX(IF(MOD(T16,2)=0,T16/2,IF(U16>=V16,(T16+1)/2,(T16-1)/2)),T16-V16))) | X16: =T16-W16 | Y16: =Y15+W16 | Z16: =Z15+X16 | AB16: 15 | AC16: =IF(OR($Q$11=0,AB16>$Q$11),0,INT($Q$10/$Q$11)+IF(AB16<=MOD($Q$10,$Q$11),1,0)) | AD16: =$Q$4-AH15 | AE16: =$Q$5-AI15 | AF16: =IF(AC16=0,0,MIN(AD16,MAX(IF(MOD(AC16,2)=0,AC16/2,IF(AD16>=AE16,(AC16+1)/2,(AC16-1)/2)),AC16-AE16))) | AG16: =AC16-AF16 | AH16: =AH15+AF16 | AI16: =AI15+AG16 | AK16: =IF(J16="","",IF(J16="男赤",COUNTIF($Y$2:$Y$51,"<"&K16),IF(J16="男白",COUNTIF($Z$2:$Z$51,"<"&K16),IF(J16="女赤",COUNTIF($AH$2:$AH$51,"<"&K16),COUNTIF($AI$2:$AI$51,"<"&K16))))+1) | AL16: =IF(AK16="","",IF(AK16=1,0,IF(J16="男赤",INDEX($Y$2:$Y$51,AK16-1),IF(J16="男白",INDEX($Z$2:$Z$51,AK16-1),IF(J16="女赤",INDEX($AH$2:$AH$51,AK16-1),INDEX($AI$2:$AI$51,AK16-1)))))) | AM16: =IF(AK16="","",IF(RIGHT(J16,1)="赤",K16-AL16,IF(LEFT(J16,1)="男",INDEX($W$2:$W$51,AK16),INDEX($AF$2:$AF$51,AK16))+K16-AL16)) | AN16: =IF(AK16="","",F16&AK16&"-"&AM16) | AP16: =IF(J16="","",IF(手動調整!$I$18<>"",手動調整!$I$18,AK16)) | AQ16: =IF(AP16="","",IF(手動調整!$J$18<>"",手動調整!$J$18,AM16)*100000+IF(手動調整!$J$18<>"",0,50000)+AK16*10+AM16) | AR16: =IF(AP16="","",COUNTIFS($F$2:$F$186,F16,$AP$2:$AP$186,AP16,$AQ$2:$AQ$186,"<"&AQ16)+1) | AS16: =IF(AP16="","",F16&AP16&"-"&AR16) | AT16: =IF(AP16="",0,AP16) | BA16: 15 | BB16: =COUNTIFS($F$2:$F$186,"男",$AP$2:$AP$186,BA16) | BC16: =COUNTIFS($F$2:$F$186,"男",$AP$2:$AP$186,BA16,$I$2:$I$186,"赤") | BD16: =BB16-BC16 | BF16: 15 | BG16: =COUNTIFS($F$2:$F$186,"女",$AP$2:$AP$186,BF16) | BH16: =COUNTIFS($F$2:$F$186,"女",$AP$2:$AP$186,BF16,$I$2:$I$186,"赤") | BI16: =BG16-BH16
A17: =ROW()-1 | B17: =INT((A17-1)/37)+1 | C17: =MOD(A17-1,37)+1 | D17: =INDEX(①データ入力!$B$3:$Y$39,C17,(B17-1)*5+1)&"" | E17: =INDEX(①データ入力!$B$3:$Y$39,C17,(B17-1)*5+2)&"" | F17: =IF(OR(E17="1",E17="１",E17="男"),"男",IF(OR(E17="2",E17="２",E17="女"),"女","")) | G17: =INDEX(①データ入力!$B$3:$Y$39,C17,(B17-1)*5+3) | H17: =INDEX(①データ入力!$B$3:$Y$39,C17,(B17-1)*5+4)&"" | I17: =IF(LEFT(TRIM(H17),1)="赤","赤",IF(LEFT(TRIM(H17),1)="白","白","")) | J17: =IF(AND(D17<>"",F17<>"",I17<>"",ISNUMBER(G17)),F17&I17,"") | K17: =IF(J17="","",COUNTIFS($J$2:$J$186,J17,$G$2:$G$186,"<"&G17)+COUNTIFS($J$2:$J$186,J17,$G$2:$G$186,G17,$A$2:$A$186,"<"&A17)+1) | L17: =IF(J17="","",J17&K17) | M17: =B17&"組" | N17: =IF(AND(D17<>"",J17=""),1,0) | S17: 16 | T17: =IF(OR($Q$9=0,S17>$Q$9),0,INT($Q$8/$Q$9)+IF(S17<=MOD($Q$8,$Q$9),1,0)) | U17: =$Q$2-Y16 | V17: =$Q$3-Z16 | W17: =IF(T17=0,0,MIN(U17,MAX(IF(MOD(T17,2)=0,T17/2,IF(U17>=V17,(T17+1)/2,(T17-1)/2)),T17-V17))) | X17: =T17-W17 | Y17: =Y16+W17 | Z17: =Z16+X17 | AB17: 16 | AC17: =IF(OR($Q$11=0,AB17>$Q$11),0,INT($Q$10/$Q$11)+IF(AB17<=MOD($Q$10,$Q$11),1,0)) | AD17: =$Q$4-AH16 | AE17: =$Q$5-AI16 | AF17: =IF(AC17=0,0,MIN(AD17,MAX(IF(MOD(AC17,2)=0,AC17/2,IF(AD17>=AE17,(AC17+1)/2,(AC17-1)/2)),AC17-AE17))) | AG17: =AC17-AF17 | AH17: =AH16+AF17 | AI17: =AI16+AG17 | AK17: =IF(J17="","",IF(J17="男赤",COUNTIF($Y$2:$Y$51,"<"&K17),IF(J17="男白",COUNTIF($Z$2:$Z$51,"<"&K17),IF(J17="女赤",COUNTIF($AH$2:$AH$51,"<"&K17),COUNTIF($AI$2:$AI$51,"<"&K17))))+1) | AL17: =IF(AK17="","",IF(AK17=1,0,IF(J17="男赤",INDEX($Y$2:$Y$51,AK17-1),IF(J17="男白",INDEX($Z$2:$Z$51,AK17-1),IF(J17="女赤",INDEX($AH$2:$AH$51,AK17-1),INDEX($AI$2:$AI$51,AK17-1)))))) | AM17: =IF(AK17="","",IF(RIGHT(J17,1)="赤",K17-AL17,IF(LEFT(J17,1)="男",INDEX($W$2:$W$51,AK17),INDEX($AF$2:$AF$51,AK17))+K17-AL17)) | AN17: =IF(AK17="","",F17&AK17&"-"&AM17) | AP17: =IF(J17="","",IF(手動調整!$I$19<>"",手動調整!$I$19,AK17)) | AQ17: =IF(AP17="","",IF(手動調整!$J$19<>"",手動調整!$J$19,AM17)*100000+IF(手動調整!$J$19<>"",0,50000)+AK17*10+AM17) | AR17: =IF(AP17="","",COUNTIFS($F$2:$F$186,F17,$AP$2:$AP$186,AP17,$AQ$2:$AQ$186,"<"&AQ17)+1) | AS17: =IF(AP17="","",F17&AP17&"-"&AR17) | AT17: =IF(AP17="",0,AP17) | BA17: 16 | BB17: =COUNTIFS($F$2:$F$186,"男",$AP$2:$AP$186,BA17) | BC17: =COUNTIFS($F$2:$F$186,"男",$AP$2:$AP$186,BA17,$I$2:$I$186,"赤") | BD17: =BB17-BC17 | BF17: 16 | BG17: =COUNTIFS($F$2:$F$186,"女",$AP$2:$AP$186,BF17) | BH17: =COUNTIFS($F$2:$F$186,"女",$AP$2:$AP$186,BF17,$I$2:$I$186,"赤") | BI17: =BG17-BH17
A18: =ROW()-1 | B18: =INT((A18-1)/37)+1 | C18: =MOD(A18-1,37)+1 | D18: =INDEX(①データ入力!$B$3:$Y$39,C18,(B18-1)*5+1)&"" | E18: =INDEX(①データ入力!$B$3:$Y$39,C18,(B18-1)*5+2)&"" | F18: =IF(OR(E18="1",E18="１",E18="男"),"男",IF(OR(E18="2",E18="２",E18="女"),"女","")) | G18: =INDEX(①データ入力!$B$3:$Y$39,C18,(B18-1)*5+3) | H18: =INDEX(①データ入力!$B$3:$Y$39,C18,(B18-1)*5+4)&"" | I18: =IF(LEFT(TRIM(H18),1)="赤","赤",IF(LEFT(TRIM(H18),1)="白","白","")) | J18: =IF(AND(D18<>"",F18<>"",I18<>"",ISNUMBER(G18)),F18&I18,"") | K18: =IF(J18="","",COUNTIFS($J$2:$J$186,J18,$G$2:$G$186,"<"&G18)+COUNTIFS($J$2:$J$186,J18,$G$2:$G$186,G18,$A$2:$A$186,"<"&A18)+1) | L18: =IF(J18="","",J18&K18) | M18: =B18&"組" | N18: =IF(AND(D18<>"",J18=""),1,0) | S18: 17 | T18: =IF(OR($Q$9=0,S18>$Q$9),0,INT($Q$8/$Q$9)+IF(S18<=MOD($Q$8,$Q$9),1,0)) | U18: =$Q$2-Y17 | V18: =$Q$3-Z17 | W18: =IF(T18=0,0,MIN(U18,MAX(IF(MOD(T18,2)=0,T18/2,IF(U18>=V18,(T18+1)/2,(T18-1)/2)),T18-V18))) | X18: =T18-W18 | Y18: =Y17+W18 | Z18: =Z17+X18 | AB18: 17 | AC18: =IF(OR($Q$11=0,AB18>$Q$11),0,INT($Q$10/$Q$11)+IF(AB18<=MOD($Q$10,$Q$11),1,0)) | AD18: =$Q$4-AH17 | AE18: =$Q$5-AI17 | AF18: =IF(AC18=0,0,MIN(AD18,MAX(IF(MOD(AC18,2)=0,AC18/2,IF(AD18>=AE18,(AC18+1)/2,(AC18-1)/2)),AC18-AE18))) | AG18: =AC18-AF18 | AH18: =AH17+AF18 | AI18: =AI17+AG18 | AK18: =IF(J18="","",IF(J18="男赤",COUNTIF($Y$2:$Y$51,"<"&K18),IF(J18="男白",COUNTIF($Z$2:$Z$51,"<"&K18),IF(J18="女赤",COUNTIF($AH$2:$AH$51,"<"&K18),COUNTIF($AI$2:$AI$51,"<"&K18))))+1) | AL18: =IF(AK18="","",IF(AK18=1,0,IF(J18="男赤",INDEX($Y$2:$Y$51,AK18-1),IF(J18="男白",INDEX($Z$2:$Z$51,AK18-1),IF(J18="女赤",INDEX($AH$2:$AH$51,AK18-1),INDEX($AI$2:$AI$51,AK18-1)))))) | AM18: =IF(AK18="","",IF(RIGHT(J18,1)="赤",K18-AL18,IF(LEFT(J18,1)="男",INDEX($W$2:$W$51,AK18),INDEX($AF$2:$AF$51,AK18))+K18-AL18)) | AN18: =IF(AK18="","",F18&AK18&"-"&AM18) | AP18: =IF(J18="","",IF(手動調整!$I$20<>"",手動調整!$I$20,AK18)) | AQ18: =IF(AP18="","",IF(手動調整!$J$20<>"",手動調整!$J$20,AM18)*100000+IF(手動調整!$J$20<>"",0,50000)+AK18*10+AM18) | AR18: =IF(AP18="","",COUNTIFS($F$2:$F$186,F18,$AP$2:$AP$186,AP18,$AQ$2:$AQ$186,"<"&AQ18)+1) | AS18: =IF(AP18="","",F18&AP18&"-"&AR18) | AT18: =IF(AP18="",0,AP18) | BA18: 17 | BB18: =COUNTIFS($F$2:$F$186,"男",$AP$2:$AP$186,BA18) | BC18: =COUNTIFS($F$2:$F$186,"男",$AP$2:$AP$186,BA18,$I$2:$I$186,"赤") | BD18: =BB18-BC18 | BF18: 17 | BG18: =COUNTIFS($F$2:$F$186,"女",$AP$2:$AP$186,BF18) | BH18: =COUNTIFS($F$2:$F$186,"女",$AP$2:$AP$186,BF18,$I$2:$I$186,"赤") | BI18: =BG18-BH18
A19: =ROW()-1 | B19: =INT((A19-1)/37)+1 | C19: =MOD(A19-1,37)+1 | D19: =INDEX(①データ入力!$B$3:$Y$39,C19,(B19-1)*5+1)&"" | E19: =INDEX(①データ入力!$B$3:$Y$39,C19,(B19-1)*5+2)&"" | F19: =IF(OR(E19="1",E19="１",E19="男"),"男",IF(OR(E19="2",E19="２",E19="女"),"女","")) | G19: =INDEX(①データ入力!$B$3:$Y$39,C19,(B19-1)*5+3) | H19: =INDEX(①データ入力!$B$3:$Y$39,C19,(B19-1)*5+4)&"" | I19: =IF(LEFT(TRIM(H19),1)="赤","赤",IF(LEFT(TRIM(H19),1)="白","白","")) | J19: =IF(AND(D19<>"",F19<>"",I19<>"",ISNUMBER(G19)),F19&I19,"") | K19: =IF(J19="","",COUNTIFS($J$2:$J$186,J19,$G$2:$G$186,"<"&G19)+COUNTIFS($J$2:$J$186,J19,$G$2:$G$186,G19,$A$2:$A$186,"<"&A19)+1) | L19: =IF(J19="","",J19&K19) | M19: =B19&"組" | N19: =IF(AND(D19<>"",J19=""),1,0) | S19: 18 | T19: =IF(OR($Q$9=0,S19>$Q$9),0,INT($Q$8/$Q$9)+IF(S19<=MOD($Q$8,$Q$9),1,0)) | U19: =$Q$2-Y18 | V19: =$Q$3-Z18 | W19: =IF(T19=0,0,MIN(U19,MAX(IF(MOD(T19,2)=0,T19/2,IF(U19>=V19,(T19+1)/2,(T19-1)/2)),T19-V19))) | X19: =T19-W19 | Y19: =Y18+W19 | Z19: =Z18+X19 | AB19: 18 | AC19: =IF(OR($Q$11=0,AB19>$Q$11),0,INT($Q$10/$Q$11)+IF(AB19<=MOD($Q$10,$Q$11),1,0)) | AD19: =$Q$4-AH18 | AE19: =$Q$5-AI18 | AF19: =IF(AC19=0,0,MIN(AD19,MAX(IF(MOD(AC19,2)=0,AC19/2,IF(AD19>=AE19,(AC19+1)/2,(AC19-1)/2)),AC19-AE19))) | AG19: =AC19-AF19 | AH19: =AH18+AF19 | AI19: =AI18+AG19 | AK19: =IF(J19="","",IF(J19="男赤",COUNTIF($Y$2:$Y$51,"<"&K19),IF(J19="男白",COUNTIF($Z$2:$Z$51,"<"&K19),IF(J19="女赤",COUNTIF($AH$2:$AH$51,"<"&K19),COUNTIF($AI$2:$AI$51,"<"&K19))))+1) | AL19: =IF(AK19="","",IF(AK19=1,0,IF(J19="男赤",INDEX($Y$2:$Y$51,AK19-1),IF(J19="男白",INDEX($Z$2:$Z$51,AK19-1),IF(J19="女赤",INDEX($AH$2:$AH$51,AK19-1),INDEX($AI$2:$AI$51,AK19-1)))))) | AM19: =IF(AK19="","",IF(RIGHT(J19,1)="赤",K19-AL19,IF(LEFT(J19,1)="男",INDEX($W$2:$W$51,AK19),INDEX($AF$2:$AF$51,AK19))+K19-AL19)) | AN19: =IF(AK19="","",F19&AK19&"-"&AM19) | AP19: =IF(J19="","",IF(手動調整!$I$21<>"",手動調整!$I$21,AK19)) | AQ19: =IF(AP19="","",IF(手動調整!$J$21<>"",手動調整!$J$21,AM19)*100000+IF(手動調整!$J$21<>"",0,50000)+AK19*10+AM19) | AR19: =IF(AP19="","",COUNTIFS($F$2:$F$186,F19,$AP$2:$AP$186,AP19,$AQ$2:$AQ$186,"<"&AQ19)+1) | AS19: =IF(AP19="","",F19&AP19&"-"&AR19) | AT19: =IF(AP19="",0,AP19) | BA19: 18 | BB19: =COUNTIFS($F$2:$F$186,"男",$AP$2:$AP$186,BA19) | BC19: =COUNTIFS($F$2:$F$186,"男",$AP$2:$AP$186,BA19,$I$2:$I$186,"赤") | BD19: =BB19-BC19 | BF19: 18 | BG19: =COUNTIFS($F$2:$F$186,"女",$AP$2:$AP$186,BF19) | BH19: =COUNTIFS($F$2:$F$186,"女",$AP$2:$AP$186,BF19,$I$2:$I$186,"赤") | BI19: =BG19-BH19
A20: =ROW()-1 | B20: =INT((A20-1)/37)+1 | C20: =MOD(A20-1,37)+1 | D20: =INDEX(①データ入力!$B$3:$Y$39,C20,(B20-1)*5+1)&"" | E20: =INDEX(①データ入力!$B$3:$Y$39,C20,(B20-1)*5+2)&"" | F20: =IF(OR(E20="1",E20="１",E20="男"),"男",IF(OR(E20="2",E20="２",E20="女"),"女","")) | G20: =INDEX(①データ入力!$B$3:$Y$39,C20,(B20-1)*5+3) | H20: =INDEX(①データ入力!$B$3:$Y$39,C20,(B20-1)*5+4)&"" | I20: =IF(LEFT(TRIM(H20),1)="赤","赤",IF(LEFT(TRIM(H20),1)="白","白","")) | J20: =IF(AND(D20<>"",F20<>"",I20<>"",ISNUMBER(G20)),F20&I20,"") | K20: =IF(J20="","",COUNTIFS($J$2:$J$186,J20,$G$2:$G$186,"<"&G20)+COUNTIFS($J$2:$J$186,J20,$G$2:$G$186,G20,$A$2:$A$186,"<"&A20)+1) | L20: =IF(J20="","",J20&K20) | M20: =B20&"組" | N20: =IF(AND(D20<>"",J20=""),1,0) | S20: 19 | T20: =IF(OR($Q$9=0,S20>$Q$9),0,INT($Q$8/$Q$9)+IF(S20<=MOD($Q$8,$Q$9),1,0)) | U20: =$Q$2-Y19 | V20: =$Q$3-Z19 | W20: =IF(T20=0,0,MIN(U20,MAX(IF(MOD(T20,2)=0,T20/2,IF(U20>=V20,(T20+1)/2,(T20-1)/2)),T20-V20))) | X20: =T20-W20 | Y20: =Y19+W20 | Z20: =Z19+X20 | AB20: 19 | AC20: =IF(OR($Q$11=0,AB20>$Q$11),0,INT($Q$10/$Q$11)+IF(AB20<=MOD($Q$10,$Q$11),1,0)) | AD20: =$Q$4-AH19 | AE20: =$Q$5-AI19 | AF20: =IF(AC20=0,0,MIN(AD20,MAX(IF(MOD(AC20,2)=0,AC20/2,IF(AD20>=AE20,(AC20+1)/2,(AC20-1)/2)),AC20-AE20))) | AG20: =AC20-AF20 | AH20: =AH19+AF20 | AI20: =AI19+AG20 | AK20: =IF(J20="","",IF(J20="男赤",COUNTIF($Y$2:$Y$51,"<"&K20),IF(J20="男白",COUNTIF($Z$2:$Z$51,"<"&K20),IF(J20="女赤",COUNTIF($AH$2:$AH$51,"<"&K20),COUNTIF($AI$2:$AI$51,"<"&K20))))+1) | AL20: =IF(AK20="","",IF(AK20=1,0,IF(J20="男赤",INDEX($Y$2:$Y$51,AK20-1),IF(J20="男白",INDEX($Z$2:$Z$51,AK20-1),IF(J20="女赤",INDEX($AH$2:$AH$51,AK20-1),INDEX($AI$2:$AI$51,AK20-1)))))) | AM20: =IF(AK20="","",IF(RIGHT(J20,1)="赤",K20-AL20,IF(LEFT(J20,1)="男",INDEX($W$2:$W$51,AK20),INDEX($AF$2:$AF$51,AK20))+K20-AL20)) | AN20: =IF(AK20="","",F20&AK20&"-"&AM20) | AP20: =IF(J20="","",IF(手動調整!$I$22<>"",手動調整!$I$22,AK20)) | AQ20: =IF(AP20="","",IF(手動調整!$J$22<>"",手動調整!$J$22,AM20)*100000+IF(手動調整!$J$22<>"",0,50000)+AK20*10+AM20) | AR20: =IF(AP20="","",COUNTIFS($F$2:$F$186,F20,$AP$2:$AP$186,AP20,$AQ$2:$AQ$186,"<"&AQ20)+1) | AS20: =IF(AP20="","",F20&AP20&"-"&AR20) | AT20: =IF(AP20="",0,AP20) | BA20: 19 | BB20: =COUNTIFS($F$2:$F$186,"男",$AP$2:$AP$186,BA20) | BC20: =COUNTIFS($F$2:$F$186,"男",$AP$2:$AP$186,BA20,$I$2:$I$186,"赤") | BD20: =BB20-BC20 | BF20: 19 | BG20: =COUNTIFS($F$2:$F$186,"女",$AP$2:$AP$186,BF20) | BH20: =COUNTIFS($F$2:$F$186,"女",$AP$2:$AP$186,BF20,$I$2:$I$186,"赤") | BI20: =BG20-BH20
A21: =ROW()-1 | B21: =INT((A21-1)/37)+1 | C21: =MOD(A21-1,37)+1 | D21: =INDEX(①データ入力!$B$3:$Y$39,C21,(B21-1)*5+1)&"" | E21: =INDEX(①データ入力!$B$3:$Y$39,C21,(B21-1)*5+2)&"" | F21: =IF(OR(E21="1",E21="１",E21="男"),"男",IF(OR(E21="2",E21="２",E21="女"),"女","")) | G21: =INDEX(①データ入力!$B$3:$Y$39,C21,(B21-1)*5+3) | H21: =INDEX(①データ入力!$B$3:$Y$39,C21,(B21-1)*5+4)&"" | I21: =IF(LEFT(TRIM(H21),1)="赤","赤",IF(LEFT(TRIM(H21),1)="白","白","")) | J21: =IF(AND(D21<>"",F21<>"",I21<>"",ISNUMBER(G21)),F21&I21,"") | K21: =IF(J21="","",COUNTIFS($J$2:$J$186,J21,$G$2:$G$186,"<"&G21)+COUNTIFS($J$2:$J$186,J21,$G$2:$G$186,G21,$A$2:$A$186,"<"&A21)+1) | L21: =IF(J21="","",J21&K21) | M21: =B21&"組" | N21: =IF(AND(D21<>"",J21=""),1,0) | S21: 20 | T21: =IF(OR($Q$9=0,S21>$Q$9),0,INT($Q$8/$Q$9)+IF(S21<=MOD($Q$8,$Q$9),1,0)) | U21: =$Q$2-Y20 | V21: =$Q$3-Z20 | W21: =IF(T21=0,0,MIN(U21,MAX(IF(MOD(T21,2)=0,T21/2,IF(U21>=V21,(T21+1)/2,(T21-1)/2)),T21-V21))) | X21: =T21-W21 | Y21: =Y20+W21 | Z21: =Z20+X21 | AB21: 20 | AC21: =IF(OR($Q$11=0,AB21>$Q$11),0,INT($Q$10/$Q$11)+IF(AB21<=MOD($Q$10,$Q$11),1,0)) | AD21: =$Q$4-AH20 | AE21: =$Q$5-AI20 | AF21: =IF(AC21=0,0,MIN(AD21,MAX(IF(MOD(AC21,2)=0,AC21/2,IF(AD21>=AE21,(AC21+1)/2,(AC21-1)/2)),AC21-AE21))) | AG21: =AC21-AF21 | AH21: =AH20+AF21 | AI21: =AI20+AG21 | AK21: =IF(J21="","",IF(J21="男赤",COUNTIF($Y$2:$Y$51,"<"&K21),IF(J21="男白",COUNTIF($Z$2:$Z$51,"<"&K21),IF(J21="女赤",COUNTIF($AH$2:$AH$51,"<"&K21),COUNTIF($AI$2:$AI$51,"<"&K21))))+1) | AL21: =IF(AK21="","",IF(AK21=1,0,IF(J21="男赤",INDEX($Y$2:$Y$51,AK21-1),IF(J21="男白",INDEX($Z$2:$Z$51,AK21-1),IF(J21="女赤",INDEX($AH$2:$AH$51,AK21-1),INDEX($AI$2:$AI$51,AK21-1)))))) | AM21: =IF(AK21="","",IF(RIGHT(J21,1)="赤",K21-AL21,IF(LEFT(J21,1)="男",INDEX($W$2:$W$51,AK21),INDEX($AF$2:$AF$51,AK21))+K21-AL21)) | AN21: =IF(AK21="","",F21&AK21&"-"&AM21) | AP21: =IF(J21="","",IF(手動調整!$I$23<>"",手動調整!$I$23,AK21)) | AQ21: =IF(AP21="","",IF(手動調整!$J$23<>"",手動調整!$J$23,AM21)*100000+IF(手動調整!$J$23<>"",0,50000)+AK21*10+AM21) | AR21: =IF(AP21="","",COUNTIFS($F$2:$F$186,F21,$AP$2:$AP$186,AP21,$AQ$2:$AQ$186,"<"&AQ21)+1) | AS21: =IF(AP21="","",F21&AP21&"-"&AR21) | AT21: =IF(AP21="",0,AP21) | BA21: 20 | BB21: =COUNTIFS($F$2:$F$186,"男",$AP$2:$AP$186,BA21) | BC21: =COUNTIFS($F$2:$F$186,"男",$AP$2:$AP$186,BA21,$I$2:$I$186,"赤") | BD21: =BB21-BC21 | BF21: 20 | BG21: =COUNTIFS($F$2:$F$186,"女",$AP$2:$AP$186,BF21) | BH21: =COUNTIFS($F$2:$F$186,"女",$AP$2:$AP$186,BF21,$I$2:$I$186,"赤") | BI21: =BG21-BH21
A22: =ROW()-1 | B22: =INT((A22-1)/37)+1 | C22: =MOD(A22-1,37)+1 | D22: =INDEX(①データ入力!$B$3:$Y$39,C22,(B22-1)*5+1)&"" | E22: =INDEX(①データ入力!$B$3:$Y$39,C22,(B22-1)*5+2)&"" | F22: =IF(OR(E22="1",E22="１",E22="男"),"男",IF(OR(E22="2",E22="２",E22="女"),"女","")) | G22: =INDEX(①データ入力!$B$3:$Y$39,C22,(B22-1)*5+3) | H22: =INDEX(①データ入力!$B$3:$Y$39,C22,(B22-1)*5+4)&"" | I22: =IF(LEFT(TRIM(H22),1)="赤","赤",IF(LEFT(TRIM(H22),1)="白","白","")) | J22: =IF(AND(D22<>"",F22<>"",I22<>"",ISNUMBER(G22)),F22&I22,"") | K22: =IF(J22="","",COUNTIFS($J$2:$J$186,J22,$G$2:$G$186,"<"&G22)+COUNTIFS($J$2:$J$186,J22,$G$2:$G$186,G22,$A$2:$A$186,"<"&A22)+1) | L22: =IF(J22="","",J22&K22) | M22: =B22&"組" | N22: =IF(AND(D22<>"",J22=""),1,0) | S22: 21 | T22: =IF(OR($Q$9=0,S22>$Q$9),0,INT($Q$8/$Q$9)+IF(S22<=MOD($Q$8,$Q$9),1,0)) | U22: =$Q$2-Y21 | V22: =$Q$3-Z21 | W22: =IF(T22=0,0,MIN(U22,MAX(IF(MOD(T22,2)=0,T22/2,IF(U22>=V22,(T22+1)/2,(T22-1)/2)),T22-V22))) | X22: =T22-W22 | Y22: =Y21+W22 | Z22: =Z21+X22 | AB22: 21 | AC22: =IF(OR($Q$11=0,AB22>$Q$11),0,INT($Q$10/$Q$11)+IF(AB22<=MOD($Q$10,$Q$11),1,0)) | AD22: =$Q$4-AH21 | AE22: =$Q$5-AI21 | AF22: =IF(AC22=0,0,MIN(AD22,MAX(IF(MOD(AC22,2)=0,AC22/2,IF(AD22>=AE22,(AC22+1)/2,(AC22-1)/2)),AC22-AE22))) | AG22: =AC22-AF22 | AH22: =AH21+AF22 | AI22: =AI21+AG22 | AK22: =IF(J22="","",IF(J22="男赤",COUNTIF($Y$2:$Y$51,"<"&K22),IF(J22="男白",COUNTIF($Z$2:$Z$51,"<"&K22),IF(J22="女赤",COUNTIF($AH$2:$AH$51,"<"&K22),COUNTIF($AI$2:$AI$51,"<"&K22))))+1) | AL22: =IF(AK22="","",IF(AK22=1,0,IF(J22="男赤",INDEX($Y$2:$Y$51,AK22-1),IF(J22="男白",INDEX($Z$2:$Z$51,AK22-1),IF(J22="女赤",INDEX($AH$2:$AH$51,AK22-1),INDEX($AI$2:$AI$51,AK22-1)))))) | AM22: =IF(AK22="","",IF(RIGHT(J22,1)="赤",K22-AL22,IF(LEFT(J22,1)="男",INDEX($W$2:$W$51,AK22),INDEX($AF$2:$AF$51,AK22))+K22-AL22)) | AN22: =IF(AK22="","",F22&AK22&"-"&AM22) | AP22: =IF(J22="","",IF(手動調整!$I$24<>"",手動調整!$I$24,AK22)) | AQ22: =IF(AP22="","",IF(手動調整!$J$24<>"",手動調整!$J$24,AM22)*100000+IF(手動調整!$J$24<>"",0,50000)+AK22*10+AM22) | AR22: =IF(AP22="","",COUNTIFS($F$2:$F$186,F22,$AP$2:$AP$186,AP22,$AQ$2:$AQ$186,"<"&AQ22)+1) | AS22: =IF(AP22="","",F22&AP22&"-"&AR22) | AT22: =IF(AP22="",0,AP22) | BA22: 21 | BB22: =COUNTIFS($F$2:$F$186,"男",$AP$2:$AP$186,BA22) | BC22: =COUNTIFS($F$2:$F$186,"男",$AP$2:$AP$186,BA22,$I$2:$I$186,"赤") | BD22: =BB22-BC22 | BF22: 21 | BG22: =COUNTIFS($F$2:$F$186,"女",$AP$2:$AP$186,BF22) | BH22: =COUNTIFS($F$2:$F$186,"女",$AP$2:$AP$186,BF22,$I$2:$I$186,"赤") | BI22: =BG22-BH22
A23: =ROW()-1 | B23: =INT((A23-1)/37)+1 | C23: =MOD(A23-1,37)+1 | D23: =INDEX(①データ入力!$B$3:$Y$39,C23,(B23-1)*5+1)&"" | E23: =INDEX(①データ入力!$B$3:$Y$39,C23,(B23-1)*5+2)&"" | F23: =IF(OR(E23="1",E23="１",E23="男"),"男",IF(OR(E23="2",E23="２",E23="女"),"女","")) | G23: =INDEX(①データ入力!$B$3:$Y$39,C23,(B23-1)*5+3) | H23: =INDEX(①データ入力!$B$3:$Y$39,C23,(B23-1)*5+4)&"" | I23: =IF(LEFT(TRIM(H23),1)="赤","赤",IF(LEFT(TRIM(H23),1)="白","白","")) | J23: =IF(AND(D23<>"",F23<>"",I23<>"",ISNUMBER(G23)),F23&I23,"") | K23: =IF(J23="","",COUNTIFS($J$2:$J$186,J23,$G$2:$G$186,"<"&G23)+COUNTIFS($J$2:$J$186,J23,$G$2:$G$186,G23,$A$2:$A$186,"<"&A23)+1) | L23: =IF(J23="","",J23&K23) | M23: =B23&"組" | N23: =IF(AND(D23<>"",J23=""),1,0) | S23: 22 | T23: =IF(OR($Q$9=0,S23>$Q$9),0,INT($Q$8/$Q$9)+IF(S23<=MOD($Q$8,$Q$9),1,0)) | U23: =$Q$2-Y22 | V23: =$Q$3-Z22 | W23: =IF(T23=0,0,MIN(U23,MAX(IF(MOD(T23,2)=0,T23/2,IF(U23>=V23,(T23+1)/2,(T23-1)/2)),T23-V23))) | X23: =T23-W23 | Y23: =Y22+W23 | Z23: =Z22+X23 | AB23: 22 | AC23: =IF(OR($Q$11=0,AB23>$Q$11),0,INT($Q$10/$Q$11)+IF(AB23<=MOD($Q$10,$Q$11),1,0)) | AD23: =$Q$4-AH22 | AE23: =$Q$5-AI22 | AF23: =IF(AC23=0,0,MIN(AD23,MAX(IF(MOD(AC23,2)=0,AC23/2,IF(AD23>=AE23,(AC23+1)/2,(AC23-1)/2)),AC23-AE23))) | AG23: =AC23-AF23 | AH23: =AH22+AF23 | AI23: =AI22+AG23 | AK23: =IF(J23="","",IF(J23="男赤",COUNTIF($Y$2:$Y$51,"<"&K23),IF(J23="男白",COUNTIF($Z$2:$Z$51,"<"&K23),IF(J23="女赤",COUNTIF($AH$2:$AH$51,"<"&K23),COUNTIF($AI$2:$AI$51,"<"&K23))))+1) | AL23: =IF(AK23="","",IF(AK23=1,0,IF(J23="男赤",INDEX($Y$2:$Y$51,AK23-1),IF(J23="男白",INDEX($Z$2:$Z$51,AK23-1),IF(J23="女赤",INDEX($AH$2:$AH$51,AK23-1),INDEX($AI$2:$AI$51,AK23-1)))))) | AM23: =IF(AK23="","",IF(RIGHT(J23,1)="赤",K23-AL23,IF(LEFT(J23,1)="男",INDEX($W$2:$W$51,AK23),INDEX($AF$2:$AF$51,AK23))+K23-AL23)) | AN23: =IF(AK23="","",F23&AK23&"-"&AM23) | AP23: =IF(J23="","",IF(手動調整!$I$25<>"",手動調整!$I$25,AK23)) | AQ23: =IF(AP23="","",IF(手動調整!$J$25<>"",手動調整!$J$25,AM23)*100000+IF(手動調整!$J$25<>"",0,50000)+AK23*10+AM23) | AR23: =IF(AP23="","",COUNTIFS($F$2:$F$186,F23,$AP$2:$AP$186,AP23,$AQ$2:$AQ$186,"<"&AQ23)+1) | AS23: =IF(AP23="","",F23&AP23&"-"&AR23) | AT23: =IF(AP23="",0,AP23) | BA23: 22 | BB23: =COUNTIFS($F$2:$F$186,"男",$AP$2:$AP$186,BA23) | BC23: =COUNTIFS($F$2:$F$186,"男",$AP$2:$AP$186,BA23,$I$2:$I$186,"赤") | BD23: =BB23-BC23 | BF23: 22 | BG23: =COUNTIFS($F$2:$F$186,"女",$AP$2:$AP$186,BF23) | BH23: =COUNTIFS($F$2:$F$186,"女",$AP$2:$AP$186,BF23,$I$2:$I$186,"赤") | BI23: =BG23-BH23
A24: =ROW()-1 | B24: =INT((A24-1)/37)+1 | C24: =MOD(A24-1,37)+1 | D24: =INDEX(①データ入力!$B$3:$Y$39,C24,(B24-1)*5+1)&"" | E24: =INDEX(①データ入力!$B$3:$Y$39,C24,(B24-1)*5+2)&"" | F24: =IF(OR(E24="1",E24="１",E24="男"),"男",IF(OR(E24="2",E24="２",E24="女"),"女","")) | G24: =INDEX(①データ入力!$B$3:$Y$39,C24,(B24-1)*5+3) | H24: =INDEX(①データ入力!$B$3:$Y$39,C24,(B24-1)*5+4)&"" | I24: =IF(LEFT(TRIM(H24),1)="赤","赤",IF(LEFT(TRIM(H24),1)="白","白","")) | J24: =IF(AND(D24<>"",F24<>"",I24<>"",ISNUMBER(G24)),F24&I24,"") | K24: =IF(J24="","",COUNTIFS($J$2:$J$186,J24,$G$2:$G$186,"<"&G24)+COUNTIFS($J$2:$J$186,J24,$G$2:$G$186,G24,$A$2:$A$186,"<"&A24)+1) | L24: =IF(J24="","",J24&K24) | M24: =B24&"組" | N24: =IF(AND(D24<>"",J24=""),1,0) | S24: 23 | T24: =IF(OR($Q$9=0,S24>$Q$9),0,INT($Q$8/$Q$9)+IF(S24<=MOD($Q$8,$Q$9),1,0)) | U24: =$Q$2-Y23 | V24: =$Q$3-Z23 | W24: =IF(T24=0,0,MIN(U24,MAX(IF(MOD(T24,2)=0,T24/2,IF(U24>=V24,(T24+1)/2,(T24-1)/2)),T24-V24))) | X24: =T24-W24 | Y24: =Y23+W24 | Z24: =Z23+X24 | AB24: 23 | AC24: =IF(OR($Q$11=0,AB24>$Q$11),0,INT($Q$10/$Q$11)+IF(AB24<=MOD($Q$10,$Q$11),1,0)) | AD24: =$Q$4-AH23 | AE24: =$Q$5-AI23 | AF24: =IF(AC24=0,0,MIN(AD24,MAX(IF(MOD(AC24,2)=0,AC24/2,IF(AD24>=AE24,(AC24+1)/2,(AC24-1)/2)),AC24-AE24))) | AG24: =AC24-AF24 | AH24: =AH23+AF24 | AI24: =AI23+AG24 | AK24: =IF(J24="","",IF(J24="男赤",COUNTIF($Y$2:$Y$51,"<"&K24),IF(J24="男白",COUNTIF($Z$2:$Z$51,"<"&K24),IF(J24="女赤",COUNTIF($AH$2:$AH$51,"<"&K24),COUNTIF($AI$2:$AI$51,"<"&K24))))+1) | AL24: =IF(AK24="","",IF(AK24=1,0,IF(J24="男赤",INDEX($Y$2:$Y$51,AK24-1),IF(J24="男白",INDEX($Z$2:$Z$51,AK24-1),IF(J24="女赤",INDEX($AH$2:$AH$51,AK24-1),INDEX($AI$2:$AI$51,AK24-1)))))) | AM24: =IF(AK24="","",IF(RIGHT(J24,1)="赤",K24-AL24,IF(LEFT(J24,1)="男",INDEX($W$2:$W$51,AK24),INDEX($AF$2:$AF$51,AK24))+K24-AL24)) | AN24: =IF(AK24="","",F24&AK24&"-"&AM24) | AP24: =IF(J24="","",IF(手動調整!$I$26<>"",手動調整!$I$26,AK24)) | AQ24: =IF(AP24="","",IF(手動調整!$J$26<>"",手動調整!$J$26,AM24)*100000+IF(手動調整!$J$26<>"",0,50000)+AK24*10+AM24) | AR24: =IF(AP24="","",COUNTIFS($F$2:$F$186,F24,$AP$2:$AP$186,AP24,$AQ$2:$AQ$186,"<"&AQ24)+1) | AS24: =IF(AP24="","",F24&AP24&"-"&AR24) | AT24: =IF(AP24="",0,AP24) | BA24: 23 | BB24: =COUNTIFS($F$2:$F$186,"男",$AP$2:$AP$186,BA24) | BC24: =COUNTIFS($F$2:$F$186,"男",$AP$2:$AP$186,BA24,$I$2:$I$186,"赤") | BD24: =BB24-BC24 | BF24: 23 | BG24: =COUNTIFS($F$2:$F$186,"女",$AP$2:$AP$186,BF24) | BH24: =COUNTIFS($F$2:$F$186,"女",$AP$2:$AP$186,BF24,$I$2:$I$186,"赤") | BI24: =BG24-BH24
A25: =ROW()-1 | B25: =INT((A25-1)/37)+1 | C25: =MOD(A25-1,37)+1 | D25: =INDEX(①データ入力!$B$3:$Y$39,C25,(B25-1)*5+1)&"" | E25: =INDEX(①データ入力!$B$3:$Y$39,C25,(B25-1)*5+2)&"" | F25: =IF(OR(E25="1",E25="１",E25="男"),"男",IF(OR(E25="2",E25="２",E25="女"),"女","")) | G25: =INDEX(①データ入力!$B$3:$Y$39,C25,(B25-1)*5+3) | H25: =INDEX(①データ入力!$B$3:$Y$39,C25,(B25-1)*5+4)&"" | I25: =IF(LEFT(TRIM(H25),1)="赤","赤",IF(LEFT(TRIM(H25),1)="白","白","")) | J25: =IF(AND(D25<>"",F25<>"",I25<>"",ISNUMBER(G25)),F25&I25,"") | K25: =IF(J25="","",COUNTIFS($J$2:$J$186,J25,$G$2:$G$186,"<"&G25)+COUNTIFS($J$2:$J$186,J25,$G$2:$G$186,G25,$A$2:$A$186,"<"&A25)+1) | L25: =IF(J25="","",J25&K25) | M25: =B25&"組" | N25: =IF(AND(D25<>"",J25=""),1,0) | S25: 24 | T25: =IF(OR($Q$9=0,S25>$Q$9),0,INT($Q$8/$Q$9)+IF(S25<=MOD($Q$8,$Q$9),1,0)) | U25: =$Q$2-Y24 | V25: =$Q$3-Z24 | W25: =IF(T25=0,0,MIN(U25,MAX(IF(MOD(T25,2)=0,T25/2,IF(U25>=V25,(T25+1)/2,(T25-1)/2)),T25-V25))) | X25: =T25-W25 | Y25: =Y24+W25 | Z25: =Z24+X25 | AB25: 24 | AC25: =IF(OR($Q$11=0,AB25>$Q$11),0,INT($Q$10/$Q$11)+IF(AB25<=MOD($Q$10,$Q$11),1,0)) | AD25: =$Q$4-AH24 | AE25: =$Q$5-AI24 | AF25: =IF(AC25=0,0,MIN(AD25,MAX(IF(MOD(AC25,2)=0,AC25/2,IF(AD25>=AE25,(AC25+1)/2,(AC25-1)/2)),AC25-AE25))) | AG25: =AC25-AF25 | AH25: =AH24+AF25 | AI25: =AI24+AG25 | AK25: =IF(J25="","",IF(J25="男赤",COUNTIF($Y$2:$Y$51,"<"&K25),IF(J25="男白",COUNTIF($Z$2:$Z$51,"<"&K25),IF(J25="女赤",COUNTIF($AH$2:$AH$51,"<"&K25),COUNTIF($AI$2:$AI$51,"<"&K25))))+1) | AL25: =IF(AK25="","",IF(AK25=1,0,IF(J25="男赤",INDEX($Y$2:$Y$51,AK25-1),IF(J25="男白",INDEX($Z$2:$Z$51,AK25-1),IF(J25="女赤",INDEX($AH$2:$AH$51,AK25-1),INDEX($AI$2:$AI$51,AK25-1)))))) | AM25: =IF(AK25="","",IF(RIGHT(J25,1)="赤",K25-AL25,IF(LEFT(J25,1)="男",INDEX($W$2:$W$51,AK25),INDEX($AF$2:$AF$51,AK25))+K25-AL25)) | AN25: =IF(AK25="","",F25&AK25&"-"&AM25) | AP25: =IF(J25="","",IF(手動調整!$I$27<>"",手動調整!$I$27,AK25)) | AQ25: =IF(AP25="","",IF(手動調整!$J$27<>"",手動調整!$J$27,AM25)*100000+IF(手動調整!$J$27<>"",0,50000)+AK25*10+AM25) | AR25: =IF(AP25="","",COUNTIFS($F$2:$F$186,F25,$AP$2:$AP$186,AP25,$AQ$2:$AQ$186,"<"&AQ25)+1) | AS25: =IF(AP25="","",F25&AP25&"-"&AR25) | AT25: =IF(AP25="",0,AP25) | BA25: 24 | BB25: =COUNTIFS($F$2:$F$186,"男",$AP$2:$AP$186,BA25) | BC25: =COUNTIFS($F$2:$F$186,"男",$AP$2:$AP$186,BA25,$I$2:$I$186,"赤") | BD25: =BB25-BC25 | BF25: 24 | BG25: =COUNTIFS($F$2:$F$186,"女",$AP$2:$AP$186,BF25) | BH25: =COUNTIFS($F$2:$F$186,"女",$AP$2:$AP$186,BF25,$I$2:$I$186,"赤") | BI25: =BG25-BH25
