Workbook

Sheet 使い方
B1: 委員会名簿作成ツール 使い方
B3: ■ 色のきまり（入力する人で色が分かれています）
B4: うす紫 | C4: ＝委員会担当が入力する所（設定）
B5: 黄色 | C5: ＝担任が入力する所（6年・5年シートの名前と委員会）
B6: それ以外のセルには数式が入っているので保護しています（「校閲」→「シート保護の解除」で外せます。パスワードなし）。各シートの左上にも、だれが入力するシートかを表示しています。
B8: ■ 【委員会担当】新年度のはじめにすること
B9: ① 【設定】年度、学年（6・5）、組（名前・色・人数）、委員会（名前・担当・活動場所）を入力します。
C10: ・組の表に書いた組の数だけ、6年・5年シートに組の枠ができます。「人数」の数だけ、番号の枠ができます。
C11: ・委員会を増やす：空いている行に書きこむ 減らす：行の中身を消す 名前を変える：書きかえる
B13: ■ 【担任】クラスで委員会を決めたらすること
B14: ② 【6年】【5年】自分の組の列に、子どもの「名前」と「委員会」（プルダウン）を入れます。番号は自動で入ります。
C15: ・名前は、名簿からコピーして「値の貼り付け」をしてもかまいません。
C16: ・名前があるのに委員会が空欄の所は、うすい赤になります。設定にない委員会名は赤になります。
B18: ■ 【委員会担当】全部の組が入力し終わったらすること
B19: ③ 【人数チェック】委員会ごとの人数（6年・5年）と、委員会が未入力の子の数を確かめます。
B20: ④ 【一覧名簿】【委員会①〜⑳】を印刷します。6年→5年、組の順、番号順に並びます。
C21: ・一覧名簿はA3横。上段（①〜⑩）が1ページ目、下段（⑪〜⑳）が2ページ目です。委員会が10以下なら1ページ目だけ印刷します。
C22: ・委員会①〜⑳のタブ名は、右クリック→「名前の変更」で「飼育」などに変えてもかまいません。
B24: ■ 上限
B25: 委員会 20／1学年の組 8／1組 45人／1つの委員会 50人
B27: ■ このファイルについて
B28: これは白紙のファイルです。設定シートから入力してください。

Sheet 設定
A1: 設定 | D1: 【入力：委員会担当】うす紫のセル
A3: 年度
A4: 呼び名 | B4: 委員会
A6: 学年の設定
A7: 上の学年 | B7: 6
A8: 下の学年 | B8: 5
A9: 組の設定（上から並び順。学年ごとに最大8組） | H9: 委員会の設定（上から順に「委員会①、②…」のシートに入ります）
A10: 学年 | B10: 組 | C10: 名簿での表示 | D10: 色 | E10: 人数 | H10: No. | I10: 委員会名 | J10: 担当 | K10: 活動場所
A11: =$B$7 | C11: =IF(B11="","",A11&B11) | H11: 1
A12: =$B$7 | C12: =IF(B12="","",A12&B12) | H12: 2
A13: =$B$7 | C13: =IF(B13="","",A13&B13) | H13: 3
A14: =$B$7 | C14: =IF(B14="","",A14&B14) | H14: 4
A15: =$B$7 | C15: =IF(B15="","",A15&B15) | H15: 5
A16: =$B$7 | C16: =IF(B16="","",A16&B16) | H16: 6
A17: =$B$7 | C17: =IF(B17="","",A17&B17) | H17: 7
A18: =$B$7 | C18: =IF(B18="","",A18&B18) | H18: 8
A19: =$B$8 | C19: =IF(B19="","",A19&B19) | H19: 9
A20: =$B$8 | C20: =IF(B20="","",A20&B20) | H20: 10
A21: =$B$8 | C21: =IF(B21="","",A21&B21) | H21: 11
A22: =$B$8 | C22: =IF(B22="","",A22&B22) | H22: 12
A23: =$B$8 | C23: =IF(B23="","",A23&B23) | H23: 13
A24: =$B$8 | C24: =IF(B24="","",A24&B24) | H24: 14
A25: =$B$8 | C25: =IF(B25="","",A25&B25) | H25: 15
A26: =$B$8 | C26: =IF(B26="","",A26&B26) | H26: 16
H27: 17
A28: ※ 書いた組の数がクラス数になります。「人数」の数だけ番号の枠ができます（最大45人）。 | H28: 18
A29: ※「名簿での表示」は「6-1」などに書きかえてもかまいません。「色」は組の文字の色です（空欄なら黒）。 | H29: 19
H30: 20

Sheet 6年
A1: =設定!$B$3&" "&設定!$B$7&"年 "&設定!$B$4&"入力" | E1: 【入力：担任】黄色のセル
A3: =IF(設定!$B$11="","",設定!$C$11) | D3: =IF(設定!$B$12="","",設定!$C$12) | G3: =IF(設定!$B$13="","",設定!$C$13) | J3: =IF(設定!$B$14="","",設定!$C$14) | M3: =IF(設定!$B$15="","",設定!$C$15) | P3: =IF(設定!$B$16="","",設定!$C$16) | S3: =IF(設定!$B$17="","",設定!$C$17) | V3: =IF(設定!$B$18="","",設定!$C$18)
A4: 番号 | B4: 名前 | C4: 委員会 | D4: 番号 | E4: 名前 | F4: 委員会 | G4: 番号 | H4: 名前 | I4: 委員会 | J4: 番号 | K4: 名前 | L4: 委員会 | M4: 番号 | N4: 名前 | O4: 委員会 | P4: 番号 | Q4: 名前 | R4: 委員会 | S4: 番号 | T4: 名前 | U4: 委員会 | V4: 番号 | W4: 名前 | X4: 委員会
A5: =IF(AND(設定!$B$11<>"",1<=N(設定!$E$11)),1,"") | D5: =IF(AND(設定!$B$12<>"",1<=N(設定!$E$12)),1,"") | G5: =IF(AND(設定!$B$13<>"",1<=N(設定!$E$13)),1,"") | J5: =IF(AND(設定!$B$14<>"",1<=N(設定!$E$14)),1,"") | M5: =IF(AND(設定!$B$15<>"",1<=N(設定!$E$15)),1,"") | P5: =IF(AND(設定!$B$16<>"",1<=N(設定!$E$16)),1,"") | S5: =IF(AND(設定!$B$17<>"",1<=N(設定!$E$17)),1,"") | V5: =IF(AND(設定!$B$18<>"",1<=N(設定!$E$18)),1,"")
A6: =IF(AND(設定!$B$11<>"",2<=N(設定!$E$11)),2,"") | D6: =IF(AND(設定!$B$12<>"",2<=N(設定!$E$12)),2,"") | G6: =IF(AND(設定!$B$13<>"",2<=N(設定!$E$13)),2,"") | J6: =IF(AND(設定!$B$14<>"",2<=N(設定!$E$14)),2,"") | M6: =IF(AND(設定!$B$15<>"",2<=N(設定!$E$15)),2,"") | P6: =IF(AND(設定!$B$16<>"",2<=N(設定!$E$16)),2,"") | S6: =IF(AND(設定!$B$17<>"",2<=N(設定!$E$17)),2,"") | V6: =IF(AND(設定!$B$18<>"",2<=N(設定!$E$18)),2,"")
A7: =IF(AND(設定!$B$11<>"",3<=N(設定!$E$11)),3,"") | D7: =IF(AND(設定!$B$12<>"",3<=N(設定!$E$12)),3,"") | G7: =IF(AND(設定!$B$13<>"",3<=N(設定!$E$13)),3,"") | J7: =IF(AND(設定!$B$14<>"",3<=N(設定!$E$14)),3,"") | M7: =IF(AND(設定!$B$15<>"",3<=N(設定!$E$15)),3,"") | P7: =IF(AND(設定!$B$16<>"",3<=N(設定!$E$16)),3,"") | S7: =IF(AND(設定!$B$17<>"",3<=N(設定!$E$17)),3,"") | V7: =IF(AND(設定!$B$18<>"",3<=N(設定!$E$18)),3,"")
A8: =IF(AND(設定!$B$11<>"",4<=N(設定!$E$11)),4,"") | D8: =IF(AND(設定!$B$12<>"",4<=N(設定!$E$12)),4,"") | G8: =IF(AND(設定!$B$13<>"",4<=N(設定!$E$13)),4,"") | J8: =IF(AND(設定!$B$14<>"",4<=N(設定!$E$14)),4,"") | M8: =IF(AND(設定!$B$15<>"",4<=N(設定!$E$15)),4,"") | P8: =IF(AND(設定!$B$16<>"",4<=N(設定!$E$16)),4,"") | S8: =IF(AND(設定!$B$17<>"",4<=N(設定!$E$17)),4,"") | V8: =IF(AND(設定!$B$18<>"",4<=N(設定!$E$18)),4,"")
A9: =IF(AND(設定!$B$11<>"",5<=N(設定!$E$11)),5,"") | D9: =IF(AND(設定!$B$12<>"",5<=N(設定!$E$12)),5,"") | G9: =IF(AND(設定!$B$13<>"",5<=N(設定!$E$13)),5,"") | J9: =IF(AND(設定!$B$14<>"",5<=N(設定!$E$14)),5,"") | M9: =IF(AND(設定!$B$15<>"",5<=N(設定!$E$15)),5,"") | P9: =IF(AND(設定!$B$16<>"",5<=N(設定!$E$16)),5,"") | S9: =IF(AND(設定!$B$17<>"",5<=N(設定!$E$17)),5,"") | V9: =IF(AND(設定!$B$18<>"",5<=N(設定!$E$18)),5,"")
A10: =IF(AND(設定!$B$11<>"",6<=N(設定!$E$11)),6,"") | D10: =IF(AND(設定!$B$12<>"",6<=N(設定!$E$12)),6,"") | G10: =IF(AND(設定!$B$13<>"",6<=N(設定!$E$13)),6,"") | J10: =IF(AND(設定!$B$14<>"",6<=N(設定!$E$14)),6,"") | M10: =IF(AND(設定!$B$15<>"",6<=N(設定!$E$15)),6,"") | P10: =IF(AND(設定!$B$16<>"",6<=N(設定!$E$16)),6,"") | S10: =IF(AND(設定!$B$17<>"",6<=N(設定!$E$17)),6,"") | V10: =IF(AND(設定!$B$18<>"",6<=N(設定!$E$18)),6,"")
A11: =IF(AND(設定!$B$11<>"",7<=N(設定!$E$11)),7,"") | D11: =IF(AND(設定!$B$12<>"",7<=N(設定!$E$12)),7,"") | G11: =IF(AND(設定!$B$13<>"",7<=N(設定!$E$13)),7,"") | J11: =IF(AND(設定!$B$14<>"",7<=N(設定!$E$14)),7,"") | M11: =IF(AND(設定!$B$15<>"",7<=N(設定!$E$15)),7,"") | P11: =IF(AND(設定!$B$16<>"",7<=N(設定!$E$16)),7,"") | S11: =IF(AND(設定!$B$17<>"",7<=N(設定!$E$17)),7,"") | V11: =IF(AND(設定!$B$18<>"",7<=N(設定!$E$18)),7,"")
A12: =IF(AND(設定!$B$11<>"",8<=N(設定!$E$11)),8,"") | D12: =IF(AND(設定!$B$12<>"",8<=N(設定!$E$12)),8,"") | G12: =IF(AND(設定!$B$13<>"",8<=N(設定!$E$13)),8,"") | J12: =IF(AND(設定!$B$14<>"",8<=N(設定!$E$14)),8,"") | M12: =IF(AND(設定!$B$15<>"",8<=N(設定!$E$15)),8,"") | P12: =IF(AND(設定!$B$16<>"",8<=N(設定!$E$16)),8,"") | S12: =IF(AND(設定!$B$17<>"",8<=N(設定!$E$17)),8,"") | V12: =IF(AND(設定!$B$18<>"",8<=N(設定!$E$18)),8,"")
A13: =IF(AND(設定!$B$11<>"",9<=N(設定!$E$11)),9,"") | D13: =IF(AND(設定!$B$12<>"",9<=N(設定!$E$12)),9,"") | G13: =IF(AND(設定!$B$13<>"",9<=N(設定!$E$13)),9,"") | J13: =IF(AND(設定!$B$14<>"",9<=N(設定!$E$14)),9,"") | M13: =IF(AND(設定!$B$15<>"",9<=N(設定!$E$15)),9,"") | P13: =IF(AND(設定!$B$16<>"",9<=N(設定!$E$16)),9,"") | S13: =IF(AND(設定!$B$17<>"",9<=N(設定!$E$17)),9,"") | V13: =IF(AND(設定!$B$18<>"",9<=N(設定!$E$18)),9,"")
A14: =IF(AND(設定!$B$11<>"",10<=N(設定!$E$11)),10,"") | D14: =IF(AND(設定!$B$12<>"",10<=N(設定!$E$12)),10,"") | G14: =IF(AND(設定!$B$13<>"",10<=N(設定!$E$13)),10,"") | J14: =IF(AND(設定!$B$14<>"",10<=N(設定!$E$14)),10,"") | M14: =IF(AND(設定!$B$15<>"",10<=N(設定!$E$15)),10,"") | P14: =IF(AND(設定!$B$16<>"",10<=N(設定!$E$16)),10,"") | S14: =IF(AND(設定!$B$17<>"",10<=N(設定!$E$17)),10,"") | V14: =IF(AND(設定!$B$18<>"",10<=N(設定!$E$18)),10,"")
A15: =IF(AND(設定!$B$11<>"",11<=N(設定!$E$11)),11,"") | D15: =IF(AND(設定!$B$12<>"",11<=N(設定!$E$12)),11,"") | G15: =IF(AND(設定!$B$13<>"",11<=N(設定!$E$13)),11,"") | J15: =IF(AND(設定!$B$14<>"",11<=N(設定!$E$14)),11,"") | M15: =IF(AND(設定!$B$15<>"",11<=N(設定!$E$15)),11,"") | P15: =IF(AND(設定!$B$16<>"",11<=N(設定!$E$16)),11,"") | S15: =IF(AND(設定!$B$17<>"",11<=N(設定!$E$17)),11,"") | V15: =IF(AND(設定!$B$18<>"",11<=N(設定!$E$18)),11,"")
A16: =IF(AND(設定!$B$11<>"",12<=N(設定!$E$11)),12,"") | D16: =IF(AND(設定!$B$12<>"",12<=N(設定!$E$12)),12,"") | G16: =IF(AND(設定!$B$13<>"",12<=N(設定!$E$13)),12,"") | J16: =IF(AND(設定!$B$14<>"",12<=N(設定!$E$14)),12,"") | M16: =IF(AND(設定!$B$15<>"",12<=N(設定!$E$15)),12,"") | P16: =IF(AND(設定!$B$16<>"",12<=N(設定!$E$16)),12,"") | S16: =IF(AND(設定!$B$17<>"",12<=N(設定!$E$17)),12,"") | V16: =IF(AND(設定!$B$18<>"",12<=N(設定!$E$18)),12,"")
A17: =IF(AND(設定!$B$11<>"",13<=N(設定!$E$11)),13,"") | D17: =IF(AND(設定!$B$12<>"",13<=N(設定!$E$12)),13,"") | G17: =IF(AND(設定!$B$13<>"",13<=N(設定!$E$13)),13,"") | J17: =IF(AND(設定!$B$14<>"",13<=N(設定!$E$14)),13,"") | M17: =IF(AND(設定!$B$15<>"",13<=N(設定!$E$15)),13,"") | P17: =IF(AND(設定!$B$16<>"",13<=N(設定!$E$16)),13,"") | S17: =IF(AND(設定!$B$17<>"",13<=N(設定!$E$17)),13,"") | V17: =IF(AND(設定!$B$18<>"",13<=N(設定!$E$18)),13,"")
A18: =IF(AND(設定!$B$11<>"",14<=N(設定!$E$11)),14,"") | D18: =IF(AND(設定!$B$12<>"",14<=N(設定!$E$12)),14,"") | G18: =IF(AND(設定!$B$13<>"",14<=N(設定!$E$13)),14,"") | J18: =IF(AND(設定!$B$14<>"",14<=N(設定!$E$14)),14,"") | M18: =IF(AND(設定!$B$15<>"",14<=N(設定!$E$15)),14,"") | P18: =IF(AND(設定!$B$16<>"",14<=N(設定!$E$16)),14,"") | S18: =IF(AND(設定!$B$17<>"",14<=N(設定!$E$17)),14,"") | V18: =IF(AND(設定!$B$18<>"",14<=N(設定!$E$18)),14,"")
A19: =IF(AND(設定!$B$11<>"",15<=N(設定!$E$11)),15,"") | D19: =IF(AND(設定!$B$12<>"",15<=N(設定!$E$12)),15,"") | G19: =IF(AND(設定!$B$13<>"",15<=N(設定!$E$13)),15,"") | J19: =IF(AND(設定!$B$14<>"",15<=N(設定!$E$14)),15,"") | M19: =IF(AND(設定!$B$15<>"",15<=N(設定!$E$15)),15,"") | P19: =IF(AND(設定!$B$16<>"",15<=N(設定!$E$16)),15,"") | S19: =IF(AND(設定!$B$17<>"",15<=N(設定!$E$17)),15,"") | V19: =IF(AND(設定!$B$18<>"",15<=N(設定!$E$18)),15,"")
A20: =IF(AND(設定!$B$11<>"",16<=N(設定!$E$11)),16,"") | D20: =IF(AND(設定!$B$12<>"",16<=N(設定!$E$12)),16,"") | G20: =IF(AND(設定!$B$13<>"",16<=N(設定!$E$13)),16,"") | J20: =IF(AND(設定!$B$14<>"",16<=N(設定!$E$14)),16,"") | M20: =IF(AND(設定!$B$15<>"",16<=N(設定!$E$15)),16,"") | P20: =IF(AND(設定!$B$16<>"",16<=N(設定!$E$16)),16,"") | S20: =IF(AND(設定!$B$17<>"",16<=N(設定!$E$17)),16,"") | V20: =IF(AND(設定!$B$18<>"",16<=N(設定!$E$18)),16,"")
A21: =IF(AND(設定!$B$11<>"",17<=N(設定!$E$11)),17,"") | D21: =IF(AND(設定!$B$12<>"",17<=N(設定!$E$12)),17,"") | G21: =IF(AND(設定!$B$13<>"",17<=N(設定!$E$13)),17,"") | J21: =IF(AND(設定!$B$14<>"",17<=N(設定!$E$14)),17,"") | M21: =IF(AND(設定!$B$15<>"",17<=N(設定!$E$15)),17,"") | P21: =IF(AND(設定!$B$16<>"",17<=N(設定!$E$16)),17,"") | S21: =IF(AND(設定!$B$17<>"",17<=N(設定!$E$17)),17,"") | V21: =IF(AND(設定!$B$18<>"",17<=N(設定!$E$18)),17,"")
A22: =IF(AND(設定!$B$11<>"",18<=N(設定!$E$11)),18,"") | D22: =IF(AND(設定!$B$12<>"",18<=N(設定!$E$12)),18,"") | G22: =IF(AND(設定!$B$13<>"",18<=N(設定!$E$13)),18,"") | J22: =IF(AND(設定!$B$14<>"",18<=N(設定!$E$14)),18,"") | M22: =IF(AND(設定!$B$15<>"",18<=N(設定!$E$15)),18,"") | P22: =IF(AND(設定!$B$16<>"",18<=N(設定!$E$16)),18,"") | S22: =IF(AND(設定!$B$17<>"",18<=N(設定!$E$17)),18,"") | V22: =IF(AND(設定!$B$18<>"",18<=N(設定!$E$18)),18,"")
A23: =IF(AND(設定!$B$11<>"",19<=N(設定!$E$11)),19,"") | D23: =IF(AND(設定!$B$12<>"",19<=N(設定!$E$12)),19,"") | G23: =IF(AND(設定!$B$13<>"",19<=N(設定!$E$13)),19,"") | J23: =IF(AND(設定!$B$14<>"",19<=N(設定!$E$14)),19,"") | M23: =IF(AND(設定!$B$15<>"",19<=N(設定!$E$15)),19,"") | P23: =IF(AND(設定!$B$16<>"",19<=N(設定!$E$16)),19,"") | S23: =IF(AND(設定!$B$17<>"",19<=N(設定!$E$17)),19,"") | V23: =IF(AND(設定!$B$18<>"",19<=N(設定!$E$18)),19,"")
A24: =IF(AND(設定!$B$11<>"",20<=N(設定!$E$11)),20,"") | D24: =IF(AND(設定!$B$12<>"",20<=N(設定!$E$12)),20,"") | G24: =IF(AND(設定!$B$13<>"",20<=N(設定!$E$13)),20,"") | J24: =IF(AND(設定!$B$14<>"",20<=N(設定!$E$14)),20,"") | M24: =IF(AND(設定!$B$15<>"",20<=N(設定!$E$15)),20,"") | P24: =IF(AND(設定!$B$16<>"",20<=N(設定!$E$16)),20,"") | S24: =IF(AND(設定!$B$17<>"",20<=N(設定!$E$17)),20,"") | V24: =IF(AND(設定!$B$18<>"",20<=N(設定!$E$18)),20,"")
A25: =IF(AND(設定!$B$11<>"",21<=N(設定!$E$11)),21,"") | D25: =IF(AND(設定!$B$12<>"",21<=N(設定!$E$12)),21,"") | G25: =IF(AND(設定!$B$13<>"",21<=N(設定!$E$13)),21,"") | J25: =IF(AND(設定!$B$14<>"",21<=N(設定!$E$14)),21,"") | M25: =IF(AND(設定!$B$15<>"",21<=N(設定!$E$15)),21,"") | P25: =IF(AND(設定!$B$16<>"",21<=N(設定!$E$16)),21,"") | S25: =IF(AND(設定!$B$17<>"",21<=N(設定!$E$17)),21,"") | V25: =IF(AND(設定!$B$18<>"",21<=N(設定!$E$18)),21,"")
A26: =IF(AND(設定!$B$11<>"",22<=N(設定!$E$11)),22,"") | D26: =IF(AND(設定!$B$12<>"",22<=N(設定!$E$12)),22,"") | G26: =IF(AND(設定!$B$13<>"",22<=N(設定!$E$13)),22,"") | J26: =IF(AND(設定!$B$14<>"",22<=N(設定!$E$14)),22,"") | M26: =IF(AND(設定!$B$15<>"",22<=N(設定!$E$15)),22,"") | P26: =IF(AND(設定!$B$16<>"",22<=N(設定!$E$16)),22,"") | S26: =IF(AND(設定!$B$17<>"",22<=N(設定!$E$17)),22,"") | V26: =IF(AND(設定!$B$18<>"",22<=N(設定!$E$18)),22,"")
A27: =IF(AND(設定!$B$11<>"",23<=N(設定!$E$11)),23,"") | D27: =IF(AND(設定!$B$12<>"",23<=N(設定!$E$12)),23,"") | G27: =IF(AND(設定!$B$13<>"",23<=N(設定!$E$13)),23,"") | J27: =IF(AND(設定!$B$14<>"",23<=N(設定!$E$14)),23,"") | M27: =IF(AND(設定!$B$15<>"",23<=N(設定!$E$15)),23,"") | P27: =IF(AND(設定!$B$16<>"",23<=N(設定!$E$16)),23,"") | S27: =IF(AND(設定!$B$17<>"",23<=N(設定!$E$17)),23,"") | V27: =IF(AND(設定!$B$18<>"",23<=N(設定!$E$18)),23,"")
A28: =IF(AND(設定!$B$11<>"",24<=N(設定!$E$11)),24,"") | D28: =IF(AND(設定!$B$12<>"",24<=N(設定!$E$12)),24,"") | G28: =IF(AND(設定!$B$13<>"",24<=N(設定!$E$13)),24,"") | J28: =IF(AND(設定!$B$14<>"",24<=N(設定!$E$14)),24,"") | M28: =IF(AND(設定!$B$15<>"",24<=N(設定!$E$15)),24,"") | P28: =IF(AND(設定!$B$16<>"",24<=N(設定!$E$16)),24,"") | S28: =IF(AND(設定!$B$17<>"",24<=N(設定!$E$17)),24,"") | V28: =IF(AND(設定!$B$18<>"",24<=N(設定!$E$18)),24,"")
A29: =IF(AND(設定!$B$11<>"",25<=N(設定!$E$11)),25,"") | D29: =IF(AND(設定!$B$12<>"",25<=N(設定!$E$12)),25,"") | G29: =IF(AND(設定!$B$13<>"",25<=N(設定!$E$13)),25,"") | J29: =IF(AND(設定!$B$14<>"",25<=N(設定!$E$14)),25,"") | M29: =IF(AND(設定!$B$15<>"",25<=N(設定!$E$15)),25,"") | P29: =IF(AND(設定!$B$16<>"",25<=N(設定!$E$16)),25,"") | S29: =IF(AND(設定!$B$17<>"",25<=N(設定!$E$17)),25,"") | V29: =IF(AND(設定!$B$18<>"",25<=N(設定!$E$18)),25,"")
A30: =IF(AND(設定!$B$11<>"",26<=N(設定!$E$11)),26,"") | D30: =IF(AND(設定!$B$12<>"",26<=N(設定!$E$12)),26,"") | G30: =IF(AND(設定!$B$13<>"",26<=N(設定!$E$13)),26,"") | J30: =IF(AND(設定!$B$14<>"",26<=N(設定!$E$14)),26,"") | M30: =IF(AND(設定!$B$15<>"",26<=N(設定!$E$15)),26,"") | P30: =IF(AND(設定!$B$16<>"",26<=N(設定!$E$16)),26,"") | S30: =IF(AND(設定!$B$17<>"",26<=N(設定!$E$17)),26,"") | V30: =IF(AND(設定!$B$18<>"",26<=N(設定!$E$18)),26,"")
A31: =IF(AND(設定!$B$11<>"",27<=N(設定!$E$11)),27,"") | D31: =IF(AND(設定!$B$12<>"",27<=N(設定!$E$12)),27,"") | G31: =IF(AND(設定!$B$13<>"",27<=N(設定!$E$13)),27,"") | J31: =IF(AND(設定!$B$14<>"",27<=N(設定!$E$14)),27,"") | M31: =IF(AND(設定!$B$15<>"",27<=N(設定!$E$15)),27,"") | P31: =IF(AND(設定!$B$16<>"",27<=N(設定!$E$16)),27,"") | S31: =IF(AND(設定!$B$17<>"",27<=N(設定!$E$17)),27,"") | V31: =IF(AND(設定!$B$18<>"",27<=N(設定!$E$18)),27,"")
A32: =IF(AND(設定!$B$11<>"",28<=N(設定!$E$11)),28,"") | D32: =IF(AND(設定!$B$12<>"",28<=N(設定!$E$12)),28,"") | G32: =IF(AND(設定!$B$13<>"",28<=N(設定!$E$13)),28,"") | J32: =IF(AND(設定!$B$14<>"",28<=N(設定!$E$14)),28,"") | M32: =IF(AND(設定!$B$15<>"",28<=N(設定!$E$15)),28,"") | P32: =IF(AND(設定!$B$16<>"",28<=N(設定!$E$16)),28,"") | S32: =IF(AND(設定!$B$17<>"",28<=N(設定!$E$17)),28,"") | V32: =IF(AND(設定!$B$18<>"",28<=N(設定!$E$18)),28,"")
A33: =IF(AND(設定!$B$11<>"",29<=N(設定!$E$11)),29,"") | D33: =IF(AND(設定!$B$12<>"",29<=N(設定!$E$12)),29,"") | G33: =IF(AND(設定!$B$13<>"",29<=N(設定!$E$13)),29,"") | J33: =IF(AND(設定!$B$14<>"",29<=N(設定!$E$14)),29,"") | M33: =IF(AND(設定!$B$15<>"",29<=N(設定!$E$15)),29,"") | P33: =IF(AND(設定!$B$16<>"",29<=N(設定!$E$16)),29,"") | S33: =IF(AND(設定!$B$17<>"",29<=N(設定!$E$17)),29,"") | V33: =IF(AND(設定!$B$18<>"",29<=N(設定!$E$18)),29,"")
A34: =IF(AND(設定!$B$11<>"",30<=N(設定!$E$11)),30,"") | D34: =IF(AND(設定!$B$12<>"",30<=N(設定!$E$12)),30,"") | G34: =IF(AND(設定!$B$13<>"",30<=N(設定!$E$13)),30,"") | J34: =IF(AND(設定!$B$14<>"",30<=N(設定!$E$14)),30,"") | M34: =IF(AND(設定!$B$15<>"",30<=N(設定!$E$15)),30,"") | P34: =IF(AND(設定!$B$16<>"",30<=N(設定!$E$16)),30,"") | S34: =IF(AND(設定!$B$17<>"",30<=N(設定!$E$17)),30,"") | V34: =IF(AND(設定!$B$18<>"",30<=N(設定!$E$18)),30,"")
A35: =IF(AND(設定!$B$11<>"",31<=N(設定!$E$11)),31,"") | D35: =IF(AND(設定!$B$12<>"",31<=N(設定!$E$12)),31,"") | G35: =IF(AND(設定!$B$13<>"",31<=N(設定!$E$13)),31,"") | J35: =IF(AND(設定!$B$14<>"",31<=N(設定!$E$14)),31,"") | M35: =IF(AND(設定!$B$15<>"",31<=N(設定!$E$15)),31,"") | P35: =IF(AND(設定!$B$16<>"",31<=N(設定!$E$16)),31,"") | S35: =IF(AND(設定!$B$17<>"",31<=N(設定!$E$17)),31,"") | V35: =IF(AND(設定!$B$18<>"",31<=N(設定!$E$18)),31,"")
A36: =IF(AND(設定!$B$11<>"",32<=N(設定!$E$11)),32,"") | D36: =IF(AND(設定!$B$12<>"",32<=N(設定!$E$12)),32,"") | G36: =IF(AND(設定!$B$13<>"",32<=N(設定!$E$13)),32,"") | J36: =IF(AND(設定!$B$14<>"",32<=N(設定!$E$14)),32,"") | M36: =IF(AND(設定!$B$15<>"",32<=N(設定!$E$15)),32,"") | P36: =IF(AND(設定!$B$16<>"",32<=N(設定!$E$16)),32,"") | S36: =IF(AND(設定!$B$17<>"",32<=N(設定!$E$17)),32,"") | V36: =IF(AND(設定!$B$18<>"",32<=N(設定!$E$18)),32,"")
A37: =IF(AND(設定!$B$11<>"",33<=N(設定!$E$11)),33,"") | D37: =IF(AND(設定!$B$12<>"",33<=N(設定!$E$12)),33,"") | G37: =IF(AND(設定!$B$13<>"",33<=N(設定!$E$13)),33,"") | J37: =IF(AND(設定!$B$14<>"",33<=N(設定!$E$14)),33,"") | M37: =IF(AND(設定!$B$15<>"",33<=N(設定!$E$15)),33,"") | P37: =IF(AND(設定!$B$16<>"",33<=N(設定!$E$16)),33,"") | S37: =IF(AND(設定!$B$17<>"",33<=N(設定!$E$17)),33,"") | V37: =IF(AND(設定!$B$18<>"",33<=N(設定!$E$18)),33,"")
A38: =IF(AND(設定!$B$11<>"",34<=N(設定!$E$11)),34,"") | D38: =IF(AND(設定!$B$12<>"",34<=N(設定!$E$12)),34,"") | G38: =IF(AND(設定!$B$13<>"",34<=N(設定!$E$13)),34,"") | J38: =IF(AND(設定!$B$14<>"",34<=N(設定!$E$14)),34,"") | M38: =IF(AND(設定!$B$15<>"",34<=N(設定!$E$15)),34,"") | P38: =IF(AND(設定!$B$16<>"",34<=N(設定!$E$16)),34,"") | S38: =IF(AND(設定!$B$17<>"",34<=N(設定!$E$17)),34,"") | V38: =IF(AND(設定!$B$18<>"",34<=N(設定!$E$18)),34,"")
A39: =IF(AND(設定!$B$11<>"",35<=N(設定!$E$11)),35,"") | D39: =IF(AND(設定!$B$12<>"",35<=N(設定!$E$12)),35,"") | G39: =IF(AND(設定!$B$13<>"",35<=N(設定!$E$13)),35,"") | J39: =IF(AND(設定!$B$14<>"",35<=N(設定!$E$14)),35,"") | M39: =IF(AND(設定!$B$15<>"",35<=N(設定!$E$15)),35,"") | P39: =IF(AND(設定!$B$16<>"",35<=N(設定!$E$16)),35,"") | S39: =IF(AND(設定!$B$17<>"",35<=N(設定!$E$17)),35,"") | V39: =IF(AND(設定!$B$18<>"",35<=N(設定!$E$18)),35,"")
A40: =IF(AND(設定!$B$11<>"",36<=N(設定!$E$11)),36,"") | D40: =IF(AND(設定!$B$12<>"",36<=N(設定!$E$12)),36,"") | G40: =IF(AND(設定!$B$13<>"",36<=N(設定!$E$13)),36,"") | J40: =IF(AND(設定!$B$14<>"",36<=N(設定!$E$14)),36,"") | M40: =IF(AND(設定!$B$15<>"",36<=N(設定!$E$15)),36,"") | P40: =IF(AND(設定!$B$16<>"",36<=N(設定!$E$16)),36,"") | S40: =IF(AND(設定!$B$17<>"",36<=N(設定!$E$17)),36,"") | V40: =IF(AND(設定!$B$18<>"",36<=N(設定!$E$18)),36,"")
A41: =IF(AND(設定!$B$11<>"",37<=N(設定!$E$11)),37,"") | D41: =IF(AND(設定!$B$12<>"",37<=N(設定!$E$12)),37,"") | G41: =IF(AND(設定!$B$13<>"",37<=N(設定!$E$13)),37,"") | J41: =IF(AND(設定!$B$14<>"",37<=N(設定!$E$14)),37,"") | M41: =IF(AND(設定!$B$15<>"",37<=N(設定!$E$15)),37,"") | P41: =IF(AND(設定!$B$16<>"",37<=N(設定!$E$16)),37,"") | S41: =IF(AND(設定!$B$17<>"",37<=N(設定!$E$17)),37,"") | V41: =IF(AND(設定!$B$18<>"",37<=N(設定!$E$18)),37,"")
A42: =IF(AND(設定!$B$11<>"",38<=N(設定!$E$11)),38,"") | D42: =IF(AND(設定!$B$12<>"",38<=N(設定!$E$12)),38,"") | G42: =IF(AND(設定!$B$13<>"",38<=N(設定!$E$13)),38,"") | J42: =IF(AND(設定!$B$14<>"",38<=N(設定!$E$14)),38,"") | M42: =IF(AND(設定!$B$15<>"",38<=N(設定!$E$15)),38,"") | P42: =IF(AND(設定!$B$16<>"",38<=N(設定!$E$16)),38,"") | S42: =IF(AND(設定!$B$17<>"",38<=N(設定!$E$17)),38,"") | V42: =IF(AND(設定!$B$18<>"",38<=N(設定!$E$18)),38,"")
A43: =IF(AND(設定!$B$11<>"",39<=N(設定!$E$11)),39,"") | D43: =IF(AND(設定!$B$12<>"",39<=N(設定!$E$12)),39,"") | G43: =IF(AND(設定!$B$13<>"",39<=N(設定!$E$13)),39,"") | J43: =IF(AND(設定!$B$14<>"",39<=N(設定!$E$14)),39,"") | M43: =IF(AND(設定!$B$15<>"",39<=N(設定!$E$15)),39,"") | P43: =IF(AND(設定!$B$16<>"",39<=N(設定!$E$16)),39,"") | S43: =IF(AND(設定!$B$17<>"",39<=N(設定!$E$17)),39,"") | V43: =IF(AND(設定!$B$18<>"",39<=N(設定!$E$18)),39,"")
A44: =IF(AND(設定!$B$11<>"",40<=N(設定!$E$11)),40,"") | D44: =IF(AND(設定!$B$12<>"",40<=N(設定!$E$12)),40,"") | G44: =IF(AND(設定!$B$13<>"",40<=N(設定!$E$13)),40,"") | J44: =IF(AND(設定!$B$14<>"",40<=N(設定!$E$14)),40,"") | M44: =IF(AND(設定!$B$15<>"",40<=N(設定!$E$15)),40,"") | P44: =IF(AND(設定!$B$16<>"",40<=N(設定!$E$16)),40,"") | S44: =IF(AND(設定!$B$17<>"",40<=N(設定!$E$17)),40,"") | V44: =IF(AND(設定!$B$18<>"",40<=N(設定!$E$18)),40,"")
A45: =IF(AND(設定!$B$11<>"",41<=N(設定!$E$11)),41,"") | D45: =IF(AND(設定!$B$12<>"",41<=N(設定!$E$12)),41,"") | G45: =IF(AND(設定!$B$13<>"",41<=N(設定!$E$13)),41,"") | J45: =IF(AND(設定!$B$14<>"",41<=N(設定!$E$14)),41,"") | M45: =IF(AND(設定!$B$15<>"",41<=N(設定!$E$15)),41,"") | P45: =IF(AND(設定!$B$16<>"",41<=N(設定!$E$16)),41,"") | S45: =IF(AND(設定!$B$17<>"",41<=N(設定!$E$17)),41,"") | V45: =IF(AND(設定!$B$18<>"",41<=N(設定!$E$18)),41,"")
A46: =IF(AND(設定!$B$11<>"",42<=N(設定!$E$11)),42,"") | D46: =IF(AND(設定!$B$12<>"",42<=N(設定!$E$12)),42,"") | G46: =IF(AND(設定!$B$13<>"",42<=N(設定!$E$13)),42,"") | J46: =IF(AND(設定!$B$14<>"",42<=N(設定!$E$14)),42,"") | M46: =IF(AND(設定!$B$15<>"",42<=N(設定!$E$15)),42,"") | P46: =IF(AND(設定!$B$16<>"",42<=N(設定!$E$16)),42,"") | S46: =IF(AND(設定!$B$17<>"",42<=N(設定!$E$17)),42,"") | V46: =IF(AND(設定!$B$18<>"",42<=N(設定!$E$18)),42,"")
A47: =IF(AND(設定!$B$11<>"",43<=N(設定!$E$11)),43,"") | D47: =IF(AND(設定!$B$12<>"",43<=N(設定!$E$12)),43,"") | G47: =IF(AND(設定!$B$13<>"",43<=N(設定!$E$13)),43,"") | J47: =IF(AND(設定!$B$14<>"",43<=N(設定!$E$14)),43,"") | M47: =IF(AND(設定!$B$15<>"",43<=N(設定!$E$15)),43,"") | P47: =IF(AND(設定!$B$16<>"",43<=N(設定!$E$16)),43,"") | S47: =IF(AND(設定!$B$17<>"",43<=N(設定!$E$17)),43,"") | V47: =IF(AND(設定!$B$18<>"",43<=N(設定!$E$18)),43,"")
A48: =IF(AND(設定!$B$11<>"",44<=N(設定!$E$11)),44,"") | D48: =IF(AND(設定!$B$12<>"",44<=N(設定!$E$12)),44,"") | G48: =IF(AND(設定!$B$13<>"",44<=N(設定!$E$13)),44,"") | J48: =IF(AND(設定!$B$14<>"",44<=N(設定!$E$14)),44,"") | M48: =IF(AND(設定!$B$15<>"",44<=N(設定!$E$15)),44,"") | P48: =IF(AND(設定!$B$16<>"",44<=N(設定!$E$16)),44,"") | S48: =IF(AND(設定!$B$17<>"",44<=N(設定!$E$17)),44,"") | V48: =IF(AND(設定!$B$18<>"",44<=N(設定!$E$18)),44,"")
A49: =IF(AND(設定!$B$11<>"",45<=N(設定!$E$11)),45,"") | D49: =IF(AND(設定!$B$12<>"",45<=N(設定!$E$12)),45,"") | G49: =IF(AND(設定!$B$13<>"",45<=N(設定!$E$13)),45,"") | J49: =IF(AND(設定!$B$14<>"",45<=N(設定!$E$14)),45,"") | M49: =IF(AND(設定!$B$15<>"",45<=N(設定!$E$15)),45,"") | P49: =IF(AND(設定!$B$16<>"",45<=N(設定!$E$16)),45,"") | S49: =IF(AND(設定!$B$17<>"",45<=N(設定!$E$17)),45,"") | V49: =IF(AND(設定!$B$18<>"",45<=N(設定!$E$18)),45,"")

Sheet 5年
A1: =設定!$B$3&" "&設定!$B$8&"年 "&設定!$B$4&"入力" | E1: 【入力：担任】黄色のセル
A3: =IF(設定!$B$19="","",設定!$C$19) | D3: =IF(設定!$B$20="","",設定!$C$20) | G3: =IF(設定!$B$21="","",設定!$C$21) | J3: =IF(設定!$B$22="","",設定!$C$22) | M3: =IF(設定!$B$23="","",設定!$C$23) | P3: =IF(設定!$B$24="","",設定!$C$24) | S3: =IF(設定!$B$25="","",設定!$C$25) | V3: =IF(設定!$B$26="","",設定!$C$26)
A4: 番号 | B4: 名前 | C4: 委員会 | D4: 番号 | E4: 名前 | F4: 委員会 | G4: 番号 | H4: 名前 | I4: 委員会 | J4: 番号 | K4: 名前 | L4: 委員会 | M4: 番号 | N4: 名前 | O4: 委員会 | P4: 番号 | Q4: 名前 | R4: 委員会 | S4: 番号 | T4: 名前 | U4: 委員会 | V4: 番号 | W4: 名前 | X4: 委員会
A5: =IF(AND(設定!$B$19<>"",1<=N(設定!$E$19)),1,"") | D5: =IF(AND(設定!$B$20<>"",1<=N(設定!$E$20)),1,"") | G5: =IF(AND(設定!$B$21<>"",1<=N(設定!$E$21)),1,"") | J5: =IF(AND(設定!$B$22<>"",1<=N(設定!$E$22)),1,"") | M5: =IF(AND(設定!$B$23<>"",1<=N(設定!$E$23)),1,"") | P5: =IF(AND(設定!$B$24<>"",1<=N(設定!$E$24)),1,"") | S5: =IF(AND(設定!$B$25<>"",1<=N(設定!$E$25)),1,"") | V5: =IF(AND(設定!$B$26<>"",1<=N(設定!$E$26)),1,"")
A6: =IF(AND(設定!$B$19<>"",2<=N(設定!$E$19)),2,"") | D6: =IF(AND(設定!$B$20<>"",2<=N(設定!$E$20)),2,"") | G6: =IF(AND(設定!$B$21<>"",2<=N(設定!$E$21)),2,"") | J6: =IF(AND(設定!$B$22<>"",2<=N(設定!$E$22)),2,"") | M6: =IF(AND(設定!$B$23<>"",2<=N(設定!$E$23)),2,"") | P6: =IF(AND(設定!$B$24<>"",2<=N(設定!$E$24)),2,"") | S6: =IF(AND(設定!$B$25<>"",2<=N(設定!$E$25)),2,"") | V6: =IF(AND(設定!$B$26<>"",2<=N(設定!$E$26)),2,"")
A7: =IF(AND(設定!$B$19<>"",3<=N(設定!$E$19)),3,"") | D7: =IF(AND(設定!$B$20<>"",3<=N(設定!$E$20)),3,"") | G7: =IF(AND(設定!$B$21<>"",3<=N(設定!$E$21)),3,"") | J7: =IF(AND(設定!$B$22<>"",3<=N(設定!$E$22)),3,"") | M7: =IF(AND(設定!$B$23<>"",3<=N(設定!$E$23)),3,"") | P7: =IF(AND(設定!$B$24<>"",3<=N(設定!$E$24)),3,"") | S7: =IF(AND(設定!$B$25<>"",3<=N(設定!$E$25)),3,"") | V7: =IF(AND(設定!$B$26<>"",3<=N(設定!$E$26)),3,"")
A8: =IF(AND(設定!$B$19<>"",4<=N(設定!$E$19)),4,"") | D8: =IF(AND(設定!$B$20<>"",4<=N(設定!$E$20)),4,"") | G8: =IF(AND(設定!$B$21<>"",4<=N(設定!$E$21)),4,"") | J8: =IF(AND(設定!$B$22<>"",4<=N(設定!$E$22)),4,"") | M8: =IF(AND(設定!$B$23<>"",4<=N(設定!$E$23)),4,"") | P8: =IF(AND(設定!$B$24<>"",4<=N(設定!$E$24)),4,"") | S8: =IF(AND(設定!$B$25<>"",4<=N(設定!$E$25)),4,"") | V8: =IF(AND(設定!$B$26<>"",4<=N(設定!$E$26)),4,"")
A9: =IF(AND(設定!$B$19<>"",5<=N(設定!$E$19)),5,"") | D9: =IF(AND(設定!$B$20<>"",5<=N(設定!$E$20)),5,"") | G9: =IF(AND(設定!$B$21<>"",5<=N(設定!$E$21)),5,"") | J9: =IF(AND(設定!$B$22<>"",5<=N(設定!$E$22)),5,"") | M9: =IF(AND(設定!$B$23<>"",5<=N(設定!$E$23)),5,"") | P9: =IF(AND(設定!$B$24<>"",5<=N(設定!$E$24)),5,"") | S9: =IF(AND(設定!$B$25<>"",5<=N(設定!$E$25)),5,"") | V9: =IF(AND(設定!$B$26<>"",5<=N(設定!$E$26)),5,"")
A10: =IF(AND(設定!$B$19<>"",6<=N(設定!$E$19)),6,"") | D10: =IF(AND(設定!$B$20<>"",6<=N(設定!$E$20)),6,"") | G10: =IF(AND(設定!$B$21<>"",6<=N(設定!$E$21)),6,"") | J10: =IF(AND(設定!$B$22<>"",6<=N(設定!$E$22)),6,"") | M10: =IF(AND(設定!$B$23<>"",6<=N(設定!$E$23)),6,"") | P10: =IF(AND(設定!$B$24<>"",6<=N(設定!$E$24)),6,"") | S10: =IF(AND(設定!$B$25<>"",6<=N(設定!$E$25)),6,"") | V10: =IF(AND(設定!$B$26<>"",6<=N(設定!$E$26)),6,"")
A11: =IF(AND(設定!$B$19<>"",7<=N(設定!$E$19)),7,"") | D11: =IF(AND(設定!$B$20<>"",7<=N(設定!$E$20)),7,"") | G11: =IF(AND(設定!$B$21<>"",7<=N(設定!$E$21)),7,"") | J11: =IF(AND(設定!$B$22<>"",7<=N(設定!$E$22)),7,"") | M11: =IF(AND(設定!$B$23<>"",7<=N(設定!$E$23)),7,"") | P11: =IF(AND(設定!$B$24<>"",7<=N(設定!$E$24)),7,"") | S11: =IF(AND(設定!$B$25<>"",7<=N(設定!$E$25)),7,"") | V11: =IF(AND(設定!$B$26<>"",7<=N(設定!$E$26)),7,"")
A12: =IF(AND(設定!$B$19<>"",8<=N(設定!$E$19)),8,"") | D12: =IF(AND(設定!$B$20<>"",8<=N(設定!$E$20)),8,"") | G12: =IF(AND(設定!$B$21<>"",8<=N(設定!$E$21)),8,"") | J12: =IF(AND(設定!$B$22<>"",8<=N(設定!$E$22)),8,"") | M12: =IF(AND(設定!$B$23<>"",8<=N(設定!$E$23)),8,"") | P12: =IF(AND(設定!$B$24<>"",8<=N(設定!$E$24)),8,"") | S12: =IF(AND(設定!$B$25<>"",8<=N(設定!$E$25)),8,"") | V12: =IF(AND(設定!$B$26<>"",8<=N(設定!$E$26)),8,"")
A13: =IF(AND(設定!$B$19<>"",9<=N(設定!$E$19)),9,"") | D13: =IF(AND(設定!$B$20<>"",9<=N(設定!$E$20)),9,"") | G13: =IF(AND(設定!$B$21<>"",9<=N(設定!$E$21)),9,"") | J13: =IF(AND(設定!$B$22<>"",9<=N(設定!$E$22)),9,"") | M13: =IF(AND(設定!$B$23<>"",9<=N(設定!$E$23)),9,"") | P13: =IF(AND(設定!$B$24<>"",9<=N(設定!$E$24)),9,"") | S13: =IF(AND(設定!$B$25<>"",9<=N(設定!$E$25)),9,"") | V13: =IF(AND(設定!$B$26<>"",9<=N(設定!$E$26)),9,"")
A14: =IF(AND(設定!$B$19<>"",10<=N(設定!$E$19)),10,"") | D14: =IF(AND(設定!$B$20<>"",10<=N(設定!$E$20)),10,"") | G14: =IF(AND(設定!$B$21<>"",10<=N(設定!$E$21)),10,"") | J14: =IF(AND(設定!$B$22<>"",10<=N(設定!$E$22)),10,"") | M14: =IF(AND(設定!$B$23<>"",10<=N(設定!$E$23)),10,"") | P14: =IF(AND(設定!$B$24<>"",10<=N(設定!$E$24)),10,"") | S14: =IF(AND(設定!$B$25<>"",10<=N(設定!$E$25)),10,"") | V14: =IF(AND(設定!$B$26<>"",10<=N(設定!$E$26)),10,"")
A15: =IF(AND(設定!$B$19<>"",11<=N(設定!$E$19)),11,"") | D15: =IF(AND(設定!$B$20<>"",11<=N(設定!$E$20)),11,"") | G15: =IF(AND(設定!$B$21<>"",11<=N(設定!$E$21)),11,"") | J15: =IF(AND(設定!$B$22<>"",11<=N(設定!$E$22)),11,"") | M15: =IF(AND(設定!$B$23<>"",11<=N(設定!$E$23)),11,"") | P15: =IF(AND(設定!$B$24<>"",11<=N(設定!$E$24)),11,"") | S15: =IF(AND(設定!$B$25<>"",11<=N(設定!$E$25)),11,"") | V15: =IF(AND(設定!$B$26<>"",11<=N(設定!$E$26)),11,"")
A16: =IF(AND(設定!$B$19<>"",12<=N(設定!$E$19)),12,"") | D16: =IF(AND(設定!$B$20<>"",12<=N(設定!$E$20)),12,"") | G16: =IF(AND(設定!$B$21<>"",12<=N(設定!$E$21)),12,"") | J16: =IF(AND(設定!$B$22<>"",12<=N(設定!$E$22)),12,"") | M16: =IF(AND(設定!$B$23<>"",12<=N(設定!$E$23)),12,"") | P16: =IF(AND(設定!$B$24<>"",12<=N(設定!$E$24)),12,"") | S16: =IF(AND(設定!$B$25<>"",12<=N(設定!$E$25)),12,"") | V16: =IF(AND(設定!$B$26<>"",12<=N(設定!$E$26)),12,"")
A17: =IF(AND(設定!$B$19<>"",13<=N(設定!$E$19)),13,"") | D17: =IF(AND(設定!$B$20<>"",13<=N(設定!$E$20)),13,"") | G17: =IF(AND(設定!$B$21<>"",13<=N(設定!$E$21)),13,"") | J17: =IF(AND(設定!$B$22<>"",13<=N(設定!$E$22)),13,"") | M17: =IF(AND(設定!$B$23<>"",13<=N(設定!$E$23)),13,"") | P17: =IF(AND(設定!$B$24<>"",13<=N(設定!$E$24)),13,"") | S17: =IF(AND(設定!$B$25<>"",13<=N(設定!$E$25)),13,"") | V17: =IF(AND(設定!$B$26<>"",13<=N(設定!$E$26)),13,"")
A18: =IF(AND(設定!$B$19<>"",14<=N(設定!$E$19)),14,"") | D18: =IF(AND(設定!$B$20<>"",14<=N(設定!$E$20)),14,"") | G18: =IF(AND(設定!$B$21<>"",14<=N(設定!$E$21)),14,"") | J18: =IF(AND(設定!$B$22<>"",14<=N(設定!$E$22)),14,"") | M18: =IF(AND(設定!$B$23<>"",14<=N(設定!$E$23)),14,"") | P18: =IF(AND(設定!$B$24<>"",14<=N(設定!$E$24)),14,"") | S18: =IF(AND(設定!$B$25<>"",14<=N(設定!$E$25)),14,"") | V18: =IF(AND(設定!$B$26<>"",14<=N(設定!$E$26)),14,"")
A19: =IF(AND(設定!$B$19<>"",15<=N(設定!$E$19)),15,"") | D19: =IF(AND(設定!$B$20<>"",15<=N(設定!$E$20)),15,"") | G19: =IF(AND(設定!$B$21<>"",15<=N(設定!$E$21)),15,"") | J19: =IF(AND(設定!$B$22<>"",15<=N(設定!$E$22)),15,"") | M19: =IF(AND(設定!$B$23<>"",15<=N(設定!$E$23)),15,"") | P19: =IF(AND(設定!$B$24<>"",15<=N(設定!$E$24)),15,"") | S19: =IF(AND(設定!$B$25<>"",15<=N(設定!$E$25)),15,"") | V19: =IF(AND(設定!$B$26<>"",15<=N(設定!$E$26)),15,"")
A20: =IF(AND(設定!$B$19<>"",16<=N(設定!$E$19)),16,"") | D20: =IF(AND(設定!$B$20<>"",16<=N(設定!$E$20)),16,"") | G20: =IF(AND(設定!$B$21<>"",16<=N(設定!$E$21)),16,"") | J20: =IF(AND(設定!$B$22<>"",16<=N(設定!$E$22)),16,"") | M20: =IF(AND(設定!$B$23<>"",16<=N(設定!$E$23)),16,"") | P20: =IF(AND(設定!$B$24<>"",16<=N(設定!$E$24)),16,"") | S20: =IF(AND(設定!$B$25<>"",16<=N(設定!$E$25)),16,"") | V20: =IF(AND(設定!$B$26<>"",16<=N(設定!$E$26)),16,"")
A21: =IF(AND(設定!$B$19<>"",17<=N(設定!$E$19)),17,"") | D21: =IF(AND(設定!$B$20<>"",17<=N(設定!$E$20)),17,"") | G21: =IF(AND(設定!$B$21<>"",17<=N(設定!$E$21)),17,"") | J21: =IF(AND(設定!$B$22<>"",17<=N(設定!$E$22)),17,"") | M21: =IF(AND(設定!$B$23<>"",17<=N(設定!$E$23)),17,"") | P21: =IF(AND(設定!$B$24<>"",17<=N(設定!$E$24)),17,"") | S21: =IF(AND(設定!$B$25<>"",17<=N(設定!$E$25)),17,"") | V21: =IF(AND(設定!$B$26<>"",17<=N(設定!$E$26)),17,"")
A22: =IF(AND(設定!$B$19<>"",18<=N(設定!$E$19)),18,"") | D22: =IF(AND(設定!$B$20<>"",18<=N(設定!$E$20)),18,"") | G22: =IF(AND(設定!$B$21<>"",18<=N(設定!$E$21)),18,"") | J22: =IF(AND(設定!$B$22<>"",18<=N(設定!$E$22)),18,"") | M22: =IF(AND(設定!$B$23<>"",18<=N(設定!$E$23)),18,"") | P22: =IF(AND(設定!$B$24<>"",18<=N(設定!$E$24)),18,"") | S22: =IF(AND(設定!$B$25<>"",18<=N(設定!$E$25)),18,"") | V22: =IF(AND(設定!$B$26<>"",18<=N(設定!$E$26)),18,"")
A23: =IF(AND(設定!$B$19<>"",19<=N(設定!$E$19)),19,"") | D23: =IF(AND(設定!$B$20<>"",19<=N(設定!$E$20)),19,"") | G23: =IF(AND(設定!$B$21<>"",19<=N(設定!$E$21)),19,"") | J23: =IF(AND(設定!$B$22<>"",19<=N(設定!$E$22)),19,"") | M23: =IF(AND(設定!$B$23<>"",19<=N(設定!$E$23)),19,"") | P23: =IF(AND(設定!$B$24<>"",19<=N(設定!$E$24)),19,"") | S23: =IF(AND(設定!$B$25<>"",19<=N(設定!$E$25)),19,"") | V23: =IF(AND(設定!$B$26<>"",19<=N(設定!$E$26)),19,"")
A24: =IF(AND(設定!$B$19<>"",20<=N(設定!$E$19)),20,"") | D24: =IF(AND(設定!$B$20<>"",20<=N(設定!$E$20)),20,"") | G24: =IF(AND(設定!$B$21<>"",20<=N(設定!$E$21)),20,"") | J24: =IF(AND(設定!$B$22<>"",20<=N(設定!$E$22)),20,"") | M24: =IF(AND(設定!$B$23<>"",20<=N(設定!$E$23)),20,"") | P24: =IF(AND(設定!$B$24<>"",20<=N(設定!$E$24)),20,"") | S24: =IF(AND(設定!$B$25<>"",20<=N(設定!$E$25)),20,"") | V24: =IF(AND(設定!$B$26<>"",20<=N(設定!$E$26)),20,"")
A25: =IF(AND(設定!$B$19<>"",21<=N(設定!$E$19)),21,"") | D25: =IF(AND(設定!$B$20<>"",21<=N(設定!$E$20)),21,"") | G25: =IF(AND(設定!$B$21<>"",21<=N(設定!$E$21)),21,"") | J25: =IF(AND(設定!$B$22<>"",21<=N(設定!$E$22)),21,"") | M25: =IF(AND(設定!$B$23<>"",21<=N(設定!$E$23)),21,"") | P25: =IF(AND(設定!$B$24<>"",21<=N(設定!$E$24)),21,"") | S25: =IF(AND(設定!$B$25<>"",21<=N(設定!$E$25)),21,"") | V25: =IF(AND(設定!$B$26<>"",21<=N(設定!$E$26)),21,"")
A26: =IF(AND(設定!$B$19<>"",22<=N(設定!$E$19)),22,"") | D26: =IF(AND(設定!$B$20<>"",22<=N(設定!$E$20)),22,"") | G26: =IF(AND(設定!$B$21<>"",22<=N(設定!$E$21)),22,"") | J26: =IF(AND(設定!$B$22<>"",22<=N(設定!$E$22)),22,"") | M26: =IF(AND(設定!$B$23<>"",22<=N(設定!$E$23)),22,"") | P26: =IF(AND(設定!$B$24<>"",22<=N(設定!$E$24)),22,"") | S26: =IF(AND(設定!$B$25<>"",22<=N(設定!$E$25)),22,"") | V26: =IF(AND(設定!$B$26<>"",22<=N(設定!$E$26)),22,"")
A27: =IF(AND(設定!$B$19<>"",23<=N(設定!$E$19)),23,"") | D27: =IF(AND(設定!$B$20<>"",23<=N(設定!$E$20)),23,"") | G27: =IF(AND(設定!$B$21<>"",23<=N(設定!$E$21)),23,"") | J27: =IF(AND(設定!$B$22<>"",23<=N(設定!$E$22)),23,"") | M27: =IF(AND(設定!$B$23<>"",23<=N(設定!$E$23)),23,"") | P27: =IF(AND(設定!$B$24<>"",23<=N(設定!$E$24)),23,"") | S27: =IF(AND(設定!$B$25<>"",23<=N(設定!$E$25)),23,"") | V27: =IF(AND(設定!$B$26<>"",23<=N(設定!$E$26)),23,"")
A28: =IF(AND(設定!$B$19<>"",24<=N(設定!$E$19)),24,"") | D28: =IF(AND(設定!$B$20<>"",24<=N(設定!$E$20)),24,"") | G28: =IF(AND(設定!$B$21<>"",24<=N(設定!$E$21)),24,"") | J28: =IF(AND(設定!$B$22<>"",24<=N(設定!$E$22)),24,"") | M28: =IF(AND(設定!$B$23<>"",24<=N(設定!$E$23)),24,"") | P28: =IF(AND(設定!$B$24<>"",24<=N(設定!$E$24)),24,"") | S28: =IF(AND(設定!$B$25<>"",24<=N(設定!$E$25)),24,"") | V28: =IF(AND(設定!$B$26<>"",24<=N(設定!$E$26)),24,"")
A29: =IF(AND(設定!$B$19<>"",25<=N(設定!$E$19)),25,"") | D29: =IF(AND(設定!$B$20<>"",25<=N(設定!$E$20)),25,"") | G29: =IF(AND(設定!$B$21<>"",25<=N(設定!$E$21)),25,"") | J29: =IF(AND(設定!$B$22<>"",25<=N(設定!$E$22)),25,"") | M29: =IF(AND(設定!$B$23<>"",25<=N(設定!$E$23)),25,"") | P29: =IF(AND(設定!$B$24<>"",25<=N(設定!$E$24)),25,"") | S29: =IF(AND(設定!$B$25<>"",25<=N(設定!$E$25)),25,"") | V29: =IF(AND(設定!$B$26<>"",25<=N(設定!$E$26)),25,"")
A30: =IF(AND(設定!$B$19<>"",26<=N(設定!$E$19)),26,"") | D30: =IF(AND(設定!$B$20<>"",26<=N(設定!$E$20)),26,"") | G30: =IF(AND(設定!$B$21<>"",26<=N(設定!$E$21)),26,"") | J30: =IF(AND(設定!$B$22<>"",26<=N(設定!$E$22)),26,"") | M30: =IF(AND(設定!$B$23<>"",26<=N(設定!$E$23)),26,"") | P30: =IF(AND(設定!$B$24<>"",26<=N(設定!$E$24)),26,"") | S30: =IF(AND(設定!$B$25<>"",26<=N(設定!$E$25)),26,"") | V30: =IF(AND(設定!$B$26<>"",26<=N(設定!$E$26)),26,"")
A31: =IF(AND(設定!$B$19<>"",27<=N(設定!$E$19)),27,"") | D31: =IF(AND(設定!$B$20<>"",27<=N(設定!$E$20)),27,"") | G31: =IF(AND(設定!$B$21<>"",27<=N(設定!$E$21)),27,"") | J31: =IF(AND(設定!$B$22<>"",27<=N(設定!$E$22)),27,"") | M31: =IF(AND(設定!$B$23<>"",27<=N(設定!$E$23)),27,"") | P31: =IF(AND(設定!$B$24<>"",27<=N(設定!$E$24)),27,"") | S31: =IF(AND(設定!$B$25<>"",27<=N(設定!$E$25)),27,"") | V31: =IF(AND(設定!$B$26<>"",27<=N(設定!$E$26)),27,"")
A32: =IF(AND(設定!$B$19<>"",28<=N(設定!$E$19)),28,"") | D32: =IF(AND(設定!$B$20<>"",28<=N(設定!$E$20)),28,"") | G32: =IF(AND(設定!$B$21<>"",28<=N(設定!$E$21)),28,"") | J32: =IF(AND(設定!$B$22<>"",28<=N(設定!$E$22)),28,"") | M32: =IF(AND(設定!$B$23<>"",28<=N(設定!$E$23)),28,"") | P32: =IF(AND(設定!$B$24<>"",28<=N(設定!$E$24)),28,"") | S32: =IF(AND(設定!$B$25<>"",28<=N(設定!$E$25)),28,"") | V32: =IF(AND(設定!$B$26<>"",28<=N(設定!$E$26)),28,"")
A33: =IF(AND(設定!$B$19<>"",29<=N(設定!$E$19)),29,"") | D33: =IF(AND(設定!$B$20<>"",29<=N(設定!$E$20)),29,"") | G33: =IF(AND(設定!$B$21<>"",29<=N(設定!$E$21)),29,"") | J33: =IF(AND(設定!$B$22<>"",29<=N(設定!$E$22)),29,"") | M33: =IF(AND(設定!$B$23<>"",29<=N(設定!$E$23)),29,"") | P33: =IF(AND(設定!$B$24<>"",29<=N(設定!$E$24)),29,"") | S33: =IF(AND(設定!$B$25<>"",29<=N(設定!$E$25)),29,"") | V33: =IF(AND(設定!$B$26<>"",29<=N(設定!$E$26)),29,"")
A34: =IF(AND(設定!$B$19<>"",30<=N(設定!$E$19)),30,"") | D34: =IF(AND(設定!$B$20<>"",30<=N(設定!$E$20)),30,"") | G34: =IF(AND(設定!$B$21<>"",30<=N(設定!$E$21)),30,"") | J34: =IF(AND(設定!$B$22<>"",30<=N(設定!$E$22)),30,"") | M34: =IF(AND(設定!$B$23<>"",30<=N(設定!$E$23)),30,"") | P34: =IF(AND(設定!$B$24<>"",30<=N(設定!$E$24)),30,"") | S34: =IF(AND(設定!$B$25<>"",30<=N(設定!$E$25)),30,"") | V34: =IF(AND(設定!$B$26<>"",30<=N(設定!$E$26)),30,"")
A35: =IF(AND(設定!$B$19<>"",31<=N(設定!$E$19)),31,"") | D35: =IF(AND(設定!$B$20<>"",31<=N(設定!$E$20)),31,"") | G35: =IF(AND(設定!$B$21<>"",31<=N(設定!$E$21)),31,"") | J35: =IF(AND(設定!$B$22<>"",31<=N(設定!$E$22)),31,"") | M35: =IF(AND(設定!$B$23<>"",31<=N(設定!$E$23)),31,"") | P35: =IF(AND(設定!$B$24<>"",31<=N(設定!$E$24)),31,"") | S35: =IF(AND(設定!$B$25<>"",31<=N(設定!$E$25)),31,"") | V35: =IF(AND(設定!$B$26<>"",31<=N(設定!$E$26)),31,"")
A36: =IF(AND(設定!$B$19<>"",32<=N(設定!$E$19)),32,"") | D36: =IF(AND(設定!$B$20<>"",32<=N(設定!$E$20)),32,"") | G36: =IF(AND(設定!$B$21<>"",32<=N(設定!$E$21)),32,"") | J36: =IF(AND(設定!$B$22<>"",32<=N(設定!$E$22)),32,"") | M36: =IF(AND(設定!$B$23<>"",32<=N(設定!$E$23)),32,"") | P36: =IF(AND(設定!$B$24<>"",32<=N(設定!$E$24)),32,"") | S36: =IF(AND(設定!$B$25<>"",32<=N(設定!$E$25)),32,"") | V36: =IF(AND(設定!$B$26<>"",32<=N(設定!$E$26)),32,"")
A37: =IF(AND(設定!$B$19<>"",33<=N(設定!$E$19)),33,"") | D37: =IF(AND(設定!$B$20<>"",33<=N(設定!$E$20)),33,"") | G37: =IF(AND(設定!$B$21<>"",33<=N(設定!$E$21)),33,"") | J37: =IF(AND(設定!$B$22<>"",33<=N(設定!$E$22)),33,"") | M37: =IF(AND(設定!$B$23<>"",33<=N(設定!$E$23)),33,"") | P37: =IF(AND(設定!$B$24<>"",33<=N(設定!$E$24)),33,"") | S37: =IF(AND(設定!$B$25<>"",33<=N(設定!$E$25)),33,"") | V37: =IF(AND(設定!$B$26<>"",33<=N(設定!$E$26)),33,"")
A38: =IF(AND(設定!$B$19<>"",34<=N(設定!$E$19)),34,"") | D38: =IF(AND(設定!$B$20<>"",34<=N(設定!$E$20)),34,"") | G38: =IF(AND(設定!$B$21<>"",34<=N(設定!$E$21)),34,"") | J38: =IF(AND(設定!$B$22<>"",34<=N(設定!$E$22)),34,"") | M38: =IF(AND(設定!$B$23<>"",34<=N(設定!$E$23)),34,"") | P38: =IF(AND(設定!$B$24<>"",34<=N(設定!$E$24)),34,"") | S38: =IF(AND(設定!$B$25<>"",34<=N(設定!$E$25)),34,"") | V38: =IF(AND(設定!$B$26<>"",34<=N(設定!$E$26)),34,"")
A39: =IF(AND(設定!$B$19<>"",35<=N(設定!$E$19)),35,"") | D39: =IF(AND(設定!$B$20<>"",35<=N(設定!$E$20)),35,"") | G39: =IF(AND(設定!$B$21<>"",35<=N(設定!$E$21)),35,"") | J39: =IF(AND(設定!$B$22<>"",35<=N(設定!$E$22)),35,"") | M39: =IF(AND(設定!$B$23<>"",35<=N(設定!$E$23)),35,"") | P39: =IF(AND(設定!$B$24<>"",35<=N(設定!$E$24)),35,"") | S39: =IF(AND(設定!$B$25<>"",35<=N(設定!$E$25)),35,"") | V39: =IF(AND(設定!$B$26<>"",35<=N(設定!$E$26)),35,"")
A40: =IF(AND(設定!$B$19<>"",36<=N(設定!$E$19)),36,"") | D40: =IF(AND(設定!$B$20<>"",36<=N(設定!$E$20)),36,"") | G40: =IF(AND(設定!$B$21<>"",36<=N(設定!$E$21)),36,"") | J40: =IF(AND(設定!$B$22<>"",36<=N(設定!$E$22)),36,"") | M40: =IF(AND(設定!$B$23<>"",36<=N(設定!$E$23)),36,"") | P40: =IF(AND(設定!$B$24<>"",36<=N(設定!$E$24)),36,"") | S40: =IF(AND(設定!$B$25<>"",36<=N(設定!$E$25)),36,"") | V40: =IF(AND(設定!$B$26<>"",36<=N(設定!$E$26)),36,"")
A41: =IF(AND(設定!$B$19<>"",37<=N(設定!$E$19)),37,"") | D41: =IF(AND(設定!$B$20<>"",37<=N(設定!$E$20)),37,"") | G41: =IF(AND(設定!$B$21<>"",37<=N(設定!$E$21)),37,"") | J41: =IF(AND(設定!$B$22<>"",37<=N(設定!$E$22)),37,"") | M41: =IF(AND(設定!$B$23<>"",37<=N(設定!$E$23)),37,"") | P41: =IF(AND(設定!$B$24<>"",37<=N(設定!$E$24)),37,"") | S41: =IF(AND(設定!$B$25<>"",37<=N(設定!$E$25)),37,"") | V41: =IF(AND(設定!$B$26<>"",37<=N(設定!$E$26)),37,"")
A42: =IF(AND(設定!$B$19<>"",38<=N(設定!$E$19)),38,"") | D42: =IF(AND(設定!$B$20<>"",38<=N(設定!$E$20)),38,"") | G42: =IF(AND(設定!$B$21<>"",38<=N(設定!$E$21)),38,"") | J42: =IF(AND(設定!$B$22<>"",38<=N(設定!$E$22)),38,"") | M42: =IF(AND(設定!$B$23<>"",38<=N(設定!$E$23)),38,"") | P42: =IF(AND(設定!$B$24<>"",38<=N(設定!$E$24)),38,"") | S42: =IF(AND(設定!$B$25<>"",38<=N(設定!$E$25)),38,"") | V42: =IF(AND(設定!$B$26<>"",38<=N(設定!$E$26)),38,"")
A43: =IF(AND(設定!$B$19<>"",39<=N(設定!$E$19)),39,"") | D43: =IF(AND(設定!$B$20<>"",39<=N(設定!$E$20)),39,"") | G43: =IF(AND(設定!$B$21<>"",39<=N(設定!$E$21)),39,"") | J43: =IF(AND(設定!$B$22<>"",39<=N(設定!$E$22)),39,"") | M43: =IF(AND(設定!$B$23<>"",39<=N(設定!$E$23)),39,"") | P43: =IF(AND(設定!$B$24<>"",39<=N(設定!$E$24)),39,"") | S43: =IF(AND(設定!$B$25<>"",39<=N(設定!$E$25)),39,"") | V43: =IF(AND(設定!$B$26<>"",39<=N(設定!$E$26)),39,"")
A44: =IF(AND(設定!$B$19<>"",40<=N(設定!$E$19)),40,"") | D44: =IF(AND(設定!$B$20<>"",40<=N(設定!$E$20)),40,"") | G44: =IF(AND(設定!$B$21<>"",40<=N(設定!$E$21)),40,"") | J44: =IF(AND(設定!$B$22<>"",40<=N(設定!$E$22)),40,"") | M44: =IF(AND(設定!$B$23<>"",40<=N(設定!$E$23)),40,"") | P44: =IF(AND(設定!$B$24<>"",40<=N(設定!$E$24)),40,"") | S44: =IF(AND(設定!$B$25<>"",40<=N(設定!$E$25)),40,"") | V44: =IF(AND(設定!$B$26<>"",40<=N(設定!$E$26)),40,"")
A45: =IF(AND(設定!$B$19<>"",41<=N(設定!$E$19)),41,"") | D45: =IF(AND(設定!$B$20<>"",41<=N(設定!$E$20)),41,"") | G45: =IF(AND(設定!$B$21<>"",41<=N(設定!$E$21)),41,"") | J45: =IF(AND(設定!$B$22<>"",41<=N(設定!$E$22)),41,"") | M45: =IF(AND(設定!$B$23<>"",41<=N(設定!$E$23)),41,"") | P45: =IF(AND(設定!$B$24<>"",41<=N(設定!$E$24)),41,"") | S45: =IF(AND(設定!$B$25<>"",41<=N(設定!$E$25)),41,"") | V45: =IF(AND(設定!$B$26<>"",41<=N(設定!$E$26)),41,"")
A46: =IF(AND(設定!$B$19<>"",42<=N(設定!$E$19)),42,"") | D46: =IF(AND(設定!$B$20<>"",42<=N(設定!$E$20)),42,"") | G46: =IF(AND(設定!$B$21<>"",42<=N(設定!$E$21)),42,"") | J46: =IF(AND(設定!$B$22<>"",42<=N(設定!$E$22)),42,"") | M46: =IF(AND(設定!$B$23<>"",42<=N(設定!$E$23)),42,"") | P46: =IF(AND(設定!$B$24<>"",42<=N(設定!$E$24)),42,"") | S46: =IF(AND(設定!$B$25<>"",42<=N(設定!$E$25)),42,"") | V46: =IF(AND(設定!$B$26<>"",42<=N(設定!$E$26)),42,"")
A47: =IF(AND(設定!$B$19<>"",43<=N(設定!$E$19)),43,"") | D47: =IF(AND(設定!$B$20<>"",43<=N(設定!$E$20)),43,"") | G47: =IF(AND(設定!$B$21<>"",43<=N(設定!$E$21)),43,"") | J47: =IF(AND(設定!$B$22<>"",43<=N(設定!$E$22)),43,"") | M47: =IF(AND(設定!$B$23<>"",43<=N(設定!$E$23)),43,"") | P47: =IF(AND(設定!$B$24<>"",43<=N(設定!$E$24)),43,"") | S47: =IF(AND(設定!$B$25<>"",43<=N(設定!$E$25)),43,"") | V47: =IF(AND(設定!$B$26<>"",43<=N(設定!$E$26)),43,"")
A48: =IF(AND(設定!$B$19<>"",44<=N(設定!$E$19)),44,"") | D48: =IF(AND(設定!$B$20<>"",44<=N(設定!$E$20)),44,"") | G48: =IF(AND(設定!$B$21<>"",44<=N(設定!$E$21)),44,"") | J48: =IF(AND(設定!$B$22<>"",44<=N(設定!$E$22)),44,"") | M48: =IF(AND(設定!$B$23<>"",44<=N(設定!$E$23)),44,"") | P48: =IF(AND(設定!$B$24<>"",44<=N(設定!$E$24)),44,"") | S48: =IF(AND(設定!$B$25<>"",44<=N(設定!$E$25)),44,"") | V48: =IF(AND(設定!$B$26<>"",44<=N(設定!$E$26)),44,"")
A49: =IF(AND(設定!$B$19<>"",45<=N(設定!$E$19)),45,"") | D49: =IF(AND(設定!$B$20<>"",45<=N(設定!$E$20)),45,"") | G49: =IF(AND(設定!$B$21<>"",45<=N(設定!$E$21)),45,"") | J49: =IF(AND(設定!$B$22<>"",45<=N(設定!$E$22)),45,"") | M49: =IF(AND(設定!$B$23<>"",45<=N(設定!$E$23)),45,"") | P49: =IF(AND(設定!$B$24<>"",45<=N(設定!$E$24)),45,"") | S49: =IF(AND(設定!$B$25<>"",45<=N(設定!$E$25)),45,"") | V49: =IF(AND(設定!$B$26<>"",45<=N(設定!$E$26)),45,"")

Sheet 人数チェック
A1: 人数チェック | D1: 【入力なし】見る・印刷するだけ
B3: 委員会が未入力の子 | C3: =設定!$B$7&"年 "&SUMIFS(計算用!$I$2:$I$721,計算用!$H$2:$H$721,設定!$B$7)&"人" | D3: =設定!$B$8&"年 "&SUMIFS(計算用!$I$2:$I$721,計算用!$H$2:$H$721,設定!$B$8)&"人"
B4: 設定にない委員会名 | C4: =SUM(計算用!$J$2:$J$721)&"件"
A6: No. | B6: 委員会 | C6: =設定!$B$7&"年" | D6: =設定!$B$8&"年" | E6: 合計
A7: 1 | B7: =IF(設定!I11="","",設定!I11) | C7: =IF(B7="","",COUNTIFS(計算用!$H$2:$H$721,設定!$B$7,計算用!$D$2:$D$721,B7)) | D7: =IF(B7="","",COUNTIFS(計算用!$H$2:$H$721,設定!$B$8,計算用!$D$2:$D$721,B7)) | E7: =IF(B7="","",C7+D7)
A8: 2 | B8: =IF(設定!I12="","",設定!I12) | C8: =IF(B8="","",COUNTIFS(計算用!$H$2:$H$721,設定!$B$7,計算用!$D$2:$D$721,B8)) | D8: =IF(B8="","",COUNTIFS(計算用!$H$2:$H$721,設定!$B$8,計算用!$D$2:$D$721,B8)) | E8: =IF(B8="","",C8+D8)
A9: 3 | B9: =IF(設定!I13="","",設定!I13) | C9: =IF(B9="","",COUNTIFS(計算用!$H$2:$H$721,設定!$B$7,計算用!$D$2:$D$721,B9)) | D9: =IF(B9="","",COUNTIFS(計算用!$H$2:$H$721,設定!$B$8,計算用!$D$2:$D$721,B9)) | E9: =IF(B9="","",C9+D9)
A10: 4 | B10: =IF(設定!I14="","",設定!I14) | C10: =IF(B10="","",COUNTIFS(計算用!$H$2:$H$721,設定!$B$7,計算用!$D$2:$D$721,B10)) | D10: =IF(B10="","",COUNTIFS(計算用!$H$2:$H$721,設定!$B$8,計算用!$D$2:$D$721,B10)) | E10: =IF(B10="","",C10+D10)
A11: 5 | B11: =IF(設定!I15="","",設定!I15) | C11: =IF(B11="","",COUNTIFS(計算用!$H$2:$H$721,設定!$B$7,計算用!$D$2:$D$721,B11)) | D11: =IF(B11="","",COUNTIFS(計算用!$H$2:$H$721,設定!$B$8,計算用!$D$2:$D$721,B11)) | E11: =IF(B11="","",C11+D11)
A12: 6 | B12: =IF(設定!I16="","",設定!I16) | C12: =IF(B12="","",COUNTIFS(計算用!$H$2:$H$721,設定!$B$7,計算用!$D$2:$D$721,B12)) | D12: =IF(B12="","",COUNTIFS(計算用!$H$2:$H$721,設定!$B$8,計算用!$D$2:$D$721,B12)) | E12: =IF(B12="","",C12+D12)
A13: 7 | B13: =IF(設定!I17="","",設定!I17) | C13: =IF(B13="","",COUNTIFS(計算用!$H$2:$H$721,設定!$B$7,計算用!$D$2:$D$721,B13)) | D13: =IF(B13="","",COUNTIFS(計算用!$H$2:$H$721,設定!$B$8,計算用!$D$2:$D$721,B13)) | E13: =IF(B13="","",C13+D13)
A14: 8 | B14: =IF(設定!I18="","",設定!I18) | C14: =IF(B14="","",COUNTIFS(計算用!$H$2:$H$721,設定!$B$7,計算用!$D$2:$D$721,B14)) | D14: =IF(B14="","",COUNTIFS(計算用!$H$2:$H$721,設定!$B$8,計算用!$D$2:$D$721,B14)) | E14: =IF(B14="","",C14+D14)
A15: 9 | B15: =IF(設定!I19="","",設定!I19) | C15: =IF(B15="","",COUNTIFS(計算用!$H$2:$H$721,設定!$B$7,計算用!$D$2:$D$721,B15)) | D15: =IF(B15="","",COUNTIFS(計算用!$H$2:$H$721,設定!$B$8,計算用!$D$2:$D$721,B15)) | E15: =IF(B15="","",C15+D15)
A16: 10 | B16: =IF(設定!I20="","",設定!I20) | C16: =IF(B16="","",COUNTIFS(計算用!$H$2:$H$721,設定!$B$7,計算用!$D$2:$D$721,B16)) | D16: =IF(B16="","",COUNTIFS(計算用!$H$2:$H$721,設定!$B$8,計算用!$D$2:$D$721,B16)) | E16: =IF(B16="","",C16+D16)
A17: 11 | B17: =IF(設定!I21="","",設定!I21) | C17: =IF(B17="","",COUNTIFS(計算用!$H$2:$H$721,設定!$B$7,計算用!$D$2:$D$721,B17)) | D17: =IF(B17="","",COUNTIFS(計算用!$H$2:$H$721,設定!$B$8,計算用!$D$2:$D$721,B17)) | E17: =IF(B17="","",C17+D17)
A18: 12 | B18: =IF(設定!I22="","",設定!I22) | C18: =IF(B18="","",COUNTIFS(計算用!$H$2:$H$721,設定!$B$7,計算用!$D$2:$D$721,B18)) | D18: =IF(B18="","",COUNTIFS(計算用!$H$2:$H$721,設定!$B$8,計算用!$D$2:$D$721,B18)) | E18: =IF(B18="","",C18+D18)
... A26: 20 | B26: =IF(設定!I30="","",設定!I30) | C26: =IF(B26="","",COUNTIFS(計算用!$H$2:$H$721,設定!$B$7,計算用!$D$2:$D$721,B26)) | D26: =IF(B26="","",COUNTIFS(計算用!$H$2:$H$721,設定!$B$8,計算用!$D$2:$D$721,B26)) | E26: =IF(B26="","",C26+D26)
A28: ※ 未入力の子や設定にない委員会名は、6年・5年シートでうすい赤・赤になっています。

Sheet 一覧名簿
A1: =設定!B3&" 全"&設定!B4&"担当者および児童名簿" | V1: 【入力なし】見る・印刷するだけ
A3: =IF(設定!$I$11="","",設定!$I$11&"（"&人数チェック!$E$7&"名）") | C3: =IF(設定!$I$12="","",設定!$I$12&"（"&人数チェック!$E$8&"名）") | E3: =IF(設定!$I$13="","",設定!$I$13&"（"&人数チェック!$E$9&"名）") | G3: =IF(設定!$I$14="","",設定!$I$14&"（"&人数チェック!$E$10&"名）") | I3: =IF(設定!$I$15="","",設定!$I$15&"（"&人数チェック!$E$11&"名）") | K3: =IF(設定!$I$16="","",設定!$I$16&"（"&人数チェック!$E$12&"名）") | M3: =IF(設定!$I$17="","",設定!$I$17&"（"&人数チェック!$E$13&"名）") | O3: =IF(設定!$I$18="","",設定!$I$18&"（"&人数チェック!$E$14&"名）") | Q3: =IF(設定!$I$19="","",設定!$I$19&"（"&人数チェック!$E$15&"名）") | S3: =IF(設定!$I$20="","",設定!$I$20&"（"&人数チェック!$E$16&"名）")
A4: =IF(設定!$I$11="","","担当："&設定!$J$11) | C4: =IF(設定!$I$12="","","担当："&設定!$J$12) | E4: =IF(設定!$I$13="","","担当："&設定!$J$13) | G4: =IF(設定!$I$14="","","担当："&設定!$J$14) | I4: =IF(設定!$I$15="","","担当："&設定!$J$15) | K4: =IF(設定!$I$16="","","担当："&設定!$J$16) | M4: =IF(設定!$I$17="","","担当："&設定!$J$17) | O4: =IF(設定!$I$18="","","担当："&設定!$J$18) | Q4: =IF(設定!$I$19="","","担当："&設定!$J$19) | S4: =IF(設定!$I$20="","","担当："&設定!$J$20)
A5: =IF(設定!$I$11="","","場所："&設定!$K$11) | C5: =IF(設定!$I$12="","","場所："&設定!$K$12) | E5: =IF(設定!$I$13="","","場所："&設定!$K$13) | G5: =IF(設定!$I$14="","","場所："&設定!$K$14) | I5: =IF(設定!$I$15="","","場所："&設定!$K$15) | K5: =IF(設定!$I$16="","","場所："&設定!$K$16) | M5: =IF(設定!$I$17="","","場所："&設定!$K$17) | O5: =IF(設定!$I$18="","","場所："&設定!$K$18) | Q5: =IF(設定!$I$19="","","場所："&設定!$K$19) | S5: =IF(設定!$I$20="","","場所："&設定!$K$20)
A6: 組 | B6: 名前 | C6: 組 | D6: 名前 | E6: 組 | F6: 名前 | G6: 組 | H6: 名前 | I6: 組 | J6: 名前 | K6: 組 | L6: 名前 | M6: 組 | N6: 名前 | O6: 組 | P6: 名前 | Q6: 組 | R6: 名前 | S6: 組 | T6: 名前
A7: =IF(計算用!$M$2="","",INDEX(計算用!$A$2:$A$721,計算用!$M$2)) | B7: =IF(計算用!$M$2="","",INDEX(計算用!$C$2:$C$721,計算用!$M$2)) | C7: =IF(計算用!$N$2="","",INDEX(計算用!$A$2:$A$721,計算用!$N$2)) | D7: =IF(計算用!$N$2="","",INDEX(計算用!$C$2:$C$721,計算用!$N$2)) | E7: =IF(計算用!$O$2="","",INDEX(計算用!$A$2:$A$721,計算用!$O$2)) | F7: =IF(計算用!$O$2="","",INDEX(計算用!$C$2:$C$721,計算用!$O$2)) | G7: =IF(計算用!$P$2="","",INDEX(計算用!$A$2:$A$721,計算用!$P$2)) | H7: =IF(計算用!$P$2="","",INDEX(計算用!$C$2:$C$721,計算用!$P$2)) | I7: =IF(計算用!$Q$2="","",INDEX(計算用!$A$2:$A$721,計算用!$Q$2)) | J7: =IF(計算用!$Q$2="","",INDEX(計算用!$C$2:$C$721,計算用!$Q$2)) | K7: =IF(計算用!$R$2="","",INDEX(計算用!$A$2:$A$721,計算用!$R$2)) | L7: =IF(計算用!$R$2="","",INDEX(計算用!$C$2:$C$721,計算用!$R$2)) | M7: =IF(計算用!$S$2="","",INDEX(計算用!$A$2:$A$721,計算用!$S$2)) | N7: =IF(計算用!$S$2="","",INDEX(計算用!$C$2:$C$721,計算用!$S$2)) | O7: =IF(計算用!$T$2="","",INDEX(計算用!$A$2:$A$721,計算用!$T$2)) | P7: =IF(計算用!$T$2="","",INDEX(計算用!$C$2:$C$721,計算用!$T$2)) | Q7: =IF(計算用!$U$2="","",INDEX(計算用!$A$2:$A$721,計算用!$U$2)) | R7: =IF(計算用!$U$2="","",INDEX(計算用!$C$2:$C$721,計算用!$U$2)) | S7: =IF(計算用!$V$2="","",INDEX(計算用!$A$2:$A$721,計算用!$V$2)) | T7: =IF(計算用!$V$2="","",INDEX(計算用!$C$2:$C$721,計算用!$V$2))
A8: =IF(計算用!$M$3="","",INDEX(計算用!$A$2:$A$721,計算用!$M$3)) | B8: =IF(計算用!$M$3="","",INDEX(計算用!$C$2:$C$721,計算用!$M$3)) | C8: =IF(計算用!$N$3="","",INDEX(計算用!$A$2:$A$721,計算用!$N$3)) | D8: =IF(計算用!$N$3="","",INDEX(計算用!$C$2:$C$721,計算用!$N$3)) | E8: =IF(計算用!$O$3="","",INDEX(計算用!$A$2:$A$721,計算用!$O$3)) | F8: =IF(計算用!$O$3="","",INDEX(計算用!$C$2:$C$721,計算用!$O$3)) | G8: =IF(計算用!$P$3="","",INDEX(計算用!$A$2:$A$721,計算用!$P$3)) | H8: =IF(計算用!$P$3="","",INDEX(計算用!$C$2:$C$721,計算用!$P$3)) | I8: =IF(計算用!$Q$3="","",INDEX(計算用!$A$2:$A$721,計算用!$Q$3)) | J8: =IF(計算用!$Q$3="","",INDEX(計算用!$C$2:$C$721,計算用!$Q$3)) | K8: =IF(計算用!$R$3="","",INDEX(計算用!$A$2:$A$721,計算用!$R$3)) | L8: =IF(計算用!$R$3="","",INDEX(計算用!$C$2:$C$721,計算用!$R$3)) | M8: =IF(計算用!$S$3="","",INDEX(計算用!$A$2:$A$721,計算用!$S$3)) | N8: =IF(計算用!$S$3="","",INDEX(計算用!$C$2:$C$721,計算用!$S$3)) | O8: =IF(計算用!$T$3="","",INDEX(計算用!$A$2:$A$721,計算用!$T$3)) | P8: =IF(計算用!$T$3="","",INDEX(計算用!$C$2:$C$721,計算用!$T$3)) | Q8: =IF(計算用!$U$3="","",INDEX(計算用!$A$2:$A$721,計算用!$U$3)) | R8: =IF(計算用!$U$3="","",INDEX(計算用!$C$2:$C$721,計算用!$U$3)) | S8: =IF(計算用!$V$3="","",INDEX(計算用!$A$2:$A$721,計算用!$V$3)) | T8: =IF(計算用!$V$3="","",INDEX(計算用!$C$2:$C$721,計算用!$V$3))
A9: =IF(計算用!$M$4="","",INDEX(計算用!$A$2:$A$721,計算用!$M$4)) | B9: =IF(計算用!$M$4="","",INDEX(計算用!$C$2:$C$721,計算用!$M$4)) | C9: =IF(計算用!$N$4="","",INDEX(計算用!$A$2:$A$721,計算用!$N$4)) | D9: =IF(計算用!$N$4="","",INDEX(計算用!$C$2:$C$721,計算用!$N$4)) | E9: =IF(計算用!$O$4="","",INDEX(計算用!$A$2:$A$721,計算用!$O$4)) | F9: =IF(計算用!$O$4="","",INDEX(計算用!$C$2:$C$721,計算用!$O$4)) | G9: =IF(計算用!$P$4="","",INDEX(計算用!$A$2:$A$721,計算用!$P$4)) | H9: =IF(計算用!$P$4="","",INDEX(計算用!$C$2:$C$721,計算用!$P$4)) | I9: =IF(計算用!$Q$4="","",INDEX(計算用!$A$2:$A$721,計算用!$Q$4)) | J9: =IF(計算用!$Q$4="","",INDEX(計算用!$C$2:$C$721,計算用!$Q$4)) | K9: =IF(計算用!$R$4="","",INDEX(計算用!$A$2:$A$721,計算用!$R$4)) | L9: =IF(計算用!$R$4="","",INDEX(計算用!$C$2:$C$721,計算用!$R$4)) | M9: =IF(計算用!$S$4="","",INDEX(計算用!$A$2:$A$721,計算用!$S$4)) | N9: =IF(計算用!$S$4="","",INDEX(計算用!$C$2:$C$721,計算用!$S$4)) | O9: =IF(計算用!$T$4="","",INDEX(計算用!$A$2:$A$721,計算用!$T$4)) | P9: =IF(計算用!$T$4="","",INDEX(計算用!$C$2:$C$721,計算用!$T$4)) | Q9: =IF(計算用!$U$4="","",INDEX(計算用!$A$2:$A$721,計算用!$U$4)) | R9: =IF(計算用!$U$4="","",INDEX(計算用!$C$2:$C$721,計算用!$U$4)) | S9: =IF(計算用!$V$4="","",INDEX(計算用!$A$2:$A$721,計算用!$V$4)) | T9: =IF(計算用!$V$4="","",INDEX(計算用!$C$2:$C$721,計算用!$V$4))
A10: =IF(計算用!$M$5="","",INDEX(計算用!$A$2:$A$721,計算用!$M$5)) | B10: =IF(計算用!$M$5="","",INDEX(計算用!$C$2:$C$721,計算用!$M$5)) | C10: =IF(計算用!$N$5="","",INDEX(計算用!$A$2:$A$721,計算用!$N$5)) | D10: =IF(計算用!$N$5="","",INDEX(計算用!$C$2:$C$721,計算用!$N$5)) | E10: =IF(計算用!$O$5="","",INDEX(計算用!$A$2:$A$721,計算用!$O$5)) | F10: =IF(計算用!$O$5="","",INDEX(計算用!$C$2:$C$721,計算用!$O$5)) | G10: =IF(計算用!$P$5="","",INDEX(計算用!$A$2:$A$721,計算用!$P$5)) | H10: =IF(計算用!$P$5="","",INDEX(計算用!$C$2:$C$721,計算用!$P$5)) | I10: =IF(計算用!$Q$5="","",INDEX(計算用!$A$2:$A$721,計算用!$Q$5)) | J10: =IF(計算用!$Q$5="","",INDEX(計算用!$C$2:$C$721,計算用!$Q$5)) | K10: =IF(計算用!$R$5="","",INDEX(計算用!$A$2:$A$721,計算用!$R$5)) | L10: =IF(計算用!$R$5="","",INDEX(計算用!$C$2:$C$721,計算用!$R$5)) | M10: =IF(計算用!$S$5="","",INDEX(計算用!$A$2:$A$721,計算用!$S$5)) | N10: =IF(計算用!$S$5="","",INDEX(計算用!$C$2:$C$721,計算用!$S$5)) | O10: =IF(計算用!$T$5="","",INDEX(計算用!$A$2:$A$721,計算用!$T$5)) | P10: =IF(計算用!$T$5="","",INDEX(計算用!$C$2:$C$721,計算用!$T$5)) | Q10: =IF(計算用!$U$5="","",INDEX(計算用!$A$2:$A$721,計算用!$U$5)) | R10: =IF(計算用!$U$5="","",INDEX(計算用!$C$2:$C$721,計算用!$U$5)) | S10: =IF(計算用!$V$5="","",INDEX(計算用!$A$2:$A$721,計算用!$V$5)) | T10: =IF(計算用!$V$5="","",INDEX(計算用!$C$2:$C$721,計算用!$V$5))
A11: =IF(計算用!$M$6="","",INDEX(計算用!$A$2:$A$721,計算用!$M$6)) | B11: =IF(計算用!$M$6="","",INDEX(計算用!$C$2:$C$721,計算用!$M$6)) | C11: =IF(計算用!$N$6="","",INDEX(計算用!$A$2:$A$721,計算用!$N$6)) | D11: =IF(計算用!$N$6="","",INDEX(計算用!$C$2:$C$721,計算用!$N$6)) | E11: =IF(計算用!$O$6="","",INDEX(計算用!$A$2:$A$721,計算用!$O$6)) | F11: =IF(計算用!$O$6="","",INDEX(計算用!$C$2:$C$721,計算用!$O$6)) | G11: =IF(計算用!$P$6="","",INDEX(計算用!$A$2:$A$721,計算用!$P$6)) | H11: =IF(計算用!$P$6="","",INDEX(計算用!$C$2:$C$721,計算用!$P$6)) | I11: =IF(計算用!$Q$6="","",INDEX(計算用!$A$2:$A$721,計算用!$Q$6)) | J11: =IF(計算用!$Q$6="","",INDEX(計算用!$C$2:$C$721,計算用!$Q$6)) | K11: =IF(計算用!$R$6="","",INDEX(計算用!$A$2:$A$721,計算用!$R$6)) | L11: =IF(計算用!$R$6="","",INDEX(計算用!$C$2:$C$721,計算用!$R$6)) | M11: =IF(計算用!$S$6="","",INDEX(計算用!$A$2:$A$721,計算用!$S$6)) | N11: =IF(計算用!$S$6="","",INDEX(計算用!$C$2:$C$721,計算用!$S$6)) | O11: =IF(計算用!$T$6="","",INDEX(計算用!$A$2:$A$721,計算用!$T$6)) | P11: =IF(計算用!$T$6="","",INDEX(計算用!$C$2:$C$721,計算用!$T$6)) | Q11: =IF(計算用!$U$6="","",INDEX(計算用!$A$2:$A$721,計算用!$U$6)) | R11: =IF(計算用!$U$6="","",INDEX(計算用!$C$2:$C$721,計算用!$U$6)) | S11: =IF(計算用!$V$6="","",INDEX(計算用!$A$2:$A$721,計算用!$V$6)) | T11: =IF(計算用!$V$6="","",INDEX(計算用!$C$2:$C$721,計算用!$V$6))
A12: =IF(計算用!$M$7="","",INDEX(計算用!$A$2:$A$721,計算用!$M$7)) | B12: =IF(計算用!$M$7="","",INDEX(計算用!$C$2:$C$721,計算用!$M$7)) | C12: =IF(計算用!$N$7="","",INDEX(計算用!$A$2:$A$721,計算用!$N$7)) | D12: =IF(計算用!$N$7="","",INDEX(計算用!$C$2:$C$721,計算用!$N$7)) | E12: =IF(計算用!$O$7="","",INDEX(計算用!$A$2:$A$721,計算用!$O$7)) | F12: =IF(計算用!$O$7="","",INDEX(計算用!$C$2:$C$721,計算用!$O$7)) | G12: =IF(計算用!$P$7="","",INDEX(計算用!$A$2:$A$721,計算用!$P$7)) | H12: =IF(計算用!$P$7="","",INDEX(計算用!$C$2:$C$721,計算用!$P$7)) | I12: =IF(計算用!$Q$7="","",INDEX(計算用!$A$2:$A$721,計算用!$Q$7)) | J12: =IF(計算用!$Q$7="","",INDEX(計算用!$C$2:$C$721,計算用!$Q$7)) | K12: =IF(計算用!$R$7="","",INDEX(計算用!$A$2:$A$721,計算用!$R$7)) | L12: =IF(計算用!$R$7="","",INDEX(計算用!$C$2:$C$721,計算用!$R$7)) | M12: =IF(計算用!$S$7="","",INDEX(計算用!$A$2:$A$721,計算用!$S$7)) | N12: =IF(計算用!$S$7="","",INDEX(計算用!$C$2:$C$721,計算用!$S$7)) | O12: =IF(計算用!$T$7="","",INDEX(計算用!$A$2:$A$721,計算用!$T$7)) | P12: =IF(計算用!$T$7="","",INDEX(計算用!$C$2:$C$721,計算用!$T$7)) | Q12: =IF(計算用!$U$7="","",INDEX(計算用!$A$2:$A$721,計算用!$U$7)) | R12: =IF(計算用!$U$7="","",INDEX(計算用!$C$2:$C$721,計算用!$U$7)) | S12: =IF(計算用!$V$7="","",INDEX(計算用!$A$2:$A$721,計算用!$V$7)) | T12: =IF(計算用!$V$7="","",INDEX(計算用!$C$2:$C$721,計算用!$V$7))
A13: =IF(計算用!$M$8="","",INDEX(計算用!$A$2:$A$721,計算用!$M$8)) | B13: =IF(計算用!$M$8="","",INDEX(計算用!$C$2:$C$721,計算用!$M$8)) | C13: =IF(計算用!$N$8="","",INDEX(計算用!$A$2:$A$721,計算用!$N$8)) | D13: =IF(計算用!$N$8="","",INDEX(計算用!$C$2:$C$721,計算用!$N$8)) | E13: =IF(計算用!$O$8="","",INDEX(計算用!$A$2:$A$721,計算用!$O$8)) | F13: =IF(計算用!$O$8="","",INDEX(計算用!$C$2:$C$721,計算用!$O$8)) | G13: =IF(計算用!$P$8="","",INDEX(計算用!$A$2:$A$721,計算用!$P$8)) | H13: =IF(計算用!$P$8="","",INDEX(計算用!$C$2:$C$721,計算用!$P$8)) | I13: =IF(計算用!$Q$8="","",INDEX(計算用!$A$2:$A$721,計算用!$Q$8)) | J13: =IF(計算用!$Q$8="","",INDEX(計算用!$C$2:$C$721,計算用!$Q$8)) | K13: =IF(計算用!$R$8="","",INDEX(計算用!$A$2:$A$721,計算用!$R$8)) | L13: =IF(計算用!$R$8="","",INDEX(計算用!$C$2:$C$721,計算用!$R$8)) | M13: =IF(計算用!$S$8="","",INDEX(計算用!$A$2:$A$721,計算用!$S$8)) | N13: =IF(計算用!$S$8="","",INDEX(計算用!$C$2:$C$721,計算用!$S$8)) | O13: =IF(計算用!$T$8="","",INDEX(計算用!$A$2:$A$721,計算用!$T$8)) | P13: =IF(計算用!$T$8="","",INDEX(計算用!$C$2:$C$721,計算用!$T$8)) | Q13: =IF(計算用!$U$8="","",INDEX(計算用!$A$2:$A$721,計算用!$U$8)) | R13: =IF(計算用!$U$8="","",INDEX(計算用!$C$2:$C$721,計算用!$U$8)) | S13: =IF(計算用!$V$8="","",INDEX(計算用!$A$2:$A$721,計算用!$V$8)) | T13: =IF(計算用!$V$8="","",INDEX(計算用!$C$2:$C$721,計算用!$V$8))
A14: =IF(計算用!$M$9="","",INDEX(計算用!$A$2:$A$721,計算用!$M$9)) | B14: =IF(計算用!$M$9="","",INDEX(計算用!$C$2:$C$721,計算用!$M$9)) | C14: =IF(計算用!$N$9="","",INDEX(計算用!$A$2:$A$721,計算用!$N$9)) | D14: =IF(計算用!$N$9="","",INDEX(計算用!$C$2:$C$721,計算用!$N$9)) | E14: =IF(計算用!$O$9="","",INDEX(計算用!$A$2:$A$721,計算用!$O$9)) | F14: =IF(計算用!$O$9="","",INDEX(計算用!$C$2:$C$721,計算用!$O$9)) | G14: =IF(計算用!$P$9="","",INDEX(計算用!$A$2:$A$721,計算用!$P$9)) | H14: =IF(計算用!$P$9="","",INDEX(計算用!$C$2:$C$721,計算用!$P$9)) | I14: =IF(計算用!$Q$9="","",INDEX(計算用!$A$2:$A$721,計算用!$Q$9)) | J14: =IF(計算用!$Q$9="","",INDEX(計算用!$C$2:$C$721,計算用!$Q$9)) | K14: =IF(計算用!$R$9="","",INDEX(計算用!$A$2:$A$721,計算用!$R$9)) | L14: =IF(計算用!$R$9="","",INDEX(計算用!$C$2:$C$721,計算用!$R$9)) | M14: =IF(計算用!$S$9="","",INDEX(計算用!$A$2:$A$721,計算用!$S$9)) | N14: =IF(計算用!$S$9="","",INDEX(計算用!$C$2:$C$721,計算用!$S$9)) | O14: =IF(計算用!$T$9="","",INDEX(計算用!$A$2:$A$721,計算用!$T$9)) | P14: =IF(計算用!$T$9="","",INDEX(計算用!$C$2:$C$721,計算用!$T$9)) | Q14: =IF(計算用!$U$9="","",INDEX(計算用!$A$2:$A$721,計算用!$U$9)) | R14: =IF(計算用!$U$9="","",INDEX(計算用!$C$2:$C$721,計算用!$U$9)) | S14: =IF(計算用!$V$9="","",INDEX(計算用!$A$2:$A$721,計算用!$V$9)) | T14: =IF(計算用!$V$9="","",INDEX(計算用!$C$2:$C$721,計算用!$V$9))
A15: =IF(計算用!$M$10="","",INDEX(計算用!$A$2:$A$721,計算用!$M$10)) | B15: =IF(計算用!$M$10="","",INDEX(計算用!$C$2:$C$721,計算用!$M$10)) | C15: =IF(計算用!$N$10="","",INDEX(計算用!$A$2:$A$721,計算用!$N$10)) | D15: =IF(計算用!$N$10="","",INDEX(計算用!$C$2:$C$721,計算用!$N$10)) | E15: =IF(計算用!$O$10="","",INDEX(計算用!$A$2:$A$721,計算用!$O$10)) | F15: =IF(計算用!$O$10="","",INDEX(計算用!$C$2:$C$721,計算用!$O$10)) | G15: =IF(計算用!$P$10="","",INDEX(計算用!$A$2:$A$721,計算用!$P$10)) | H15: =IF(計算用!$P$10="","",INDEX(計算用!$C$2:$C$721,計算用!$P$10)) | I15: =IF(計算用!$Q$10="","",INDEX(計算用!$A$2:$A$721,計算用!$Q$10)) | J15: =IF(計算用!$Q$10="","",INDEX(計算用!$C$2:$C$721,計算用!$Q$10)) | K15: =IF(計算用!$R$10="","",INDEX(計算用!$A$2:$A$721,計算用!$R$10)) | L15: =IF(計算用!$R$10="","",INDEX(計算用!$C$2:$C$721,計算用!$R$10)) | M15: =IF(計算用!$S$10="","",INDEX(計算用!$A$2:$A$721,計算用!$S$10)) | N15: =IF(計算用!$S$10="","",INDEX(計算用!$C$2:$C$721,計算用!$S$10)) | O15: =IF(計算用!$T$10="","",INDEX(計算用!$A$2:$A$721,計算用!$T$10)) | P15: =IF(計算用!$T$10="","",INDEX(計算用!$C$2:$C$721,計算用!$T$10)) | Q15: =IF(計算用!$U$10="","",INDEX(計算用!$A$2:$A$721,計算用!$U$10)) | R15: =IF(計算用!$U$10="","",INDEX(計算用!$C$2:$C$721,計算用!$U$10)) | S15: =IF(計算用!$V$10="","",INDEX(計算用!$A$2:$A$721,計算用!$V$10)) | T15: =IF(計算用!$V$10="","",INDEX(計算用!$C$2:$C$721,計算用!$V$10))
A16: =IF(計算用!$M$11="","",INDEX(計算用!$A$2:$A$721,計算用!$M$11)) | B16: =IF(計算用!$M$11="","",INDEX(計算用!$C$2:$C$721,計算用!$M$11)) | C16: =IF(計算用!$N$11="","",INDEX(計算用!$A$2:$A$721,計算用!$N$11)) | D16: =IF(計算用!$N$11="","",INDEX(計算用!$C$2:$C$721,計算用!$N$11)) | E16: =IF(計算用!$O$11="","",INDEX(計算用!$A$2:$A$721,計算用!$O$11)) | F16: =IF(計算用!$O$11="","",INDEX(計算用!$C$2:$C$721,計算用!$O$11)) | G16: =IF(計算用!$P$11="","",INDEX(計算用!$A$2:$A$721,計算用!$P$11)) | H16: =IF(計算用!$P$11="","",INDEX(計算用!$C$2:$C$721,計算用!$P$11)) | I16: =IF(計算用!$Q$11="","",INDEX(計算用!$A$2:$A$721,計算用!$Q$11)) | J16: =IF(計算用!$Q$11="","",INDEX(計算用!$C$2:$C$721,計算用!$Q$11)) | K16: =IF(計算用!$R$11="","",INDEX(計算用!$A$2:$A$721,計算用!$R$11)) | L16: =IF(計算用!$R$11="","",INDEX(計算用!$C$2:$C$721,計算用!$R$11)) | M16: =IF(計算用!$S$11="","",INDEX(計算用!$A$2:$A$721,計算用!$S$11)) | N16: =IF(計算用!$S$11="","",INDEX(計算用!$C$2:$C$721,計算用!$S$11)) | O16: =IF(計算用!$T$11="","",INDEX(計算用!$A$2:$A$721,計算用!$T$11)) | P16: =IF(計算用!$T$11="","",INDEX(計算用!$C$2:$C$721,計算用!$T$11)) | Q16: =IF(計算用!$U$11="","",INDEX(計算用!$A$2:$A$721,計算用!$U$11)) | R16: =IF(計算用!$U$11="","",INDEX(計算用!$C$2:$C$721,計算用!$U$11)) | S16: =IF(計算用!$V$11="","",INDEX(計算用!$A$2:$A$721,計算用!$V$11)) | T16: =IF(計算用!$V$11="","",INDEX(計算用!$C$2:$C$721,計算用!$V$11))
A17: =IF(計算用!$M$12="","",INDEX(計算用!$A$2:$A$721,計算用!$M$12)) | B17: =IF(計算用!$M$12="","",INDEX(計算用!$C$2:$C$721,計算用!$M$12)) | C17: =IF(計算用!$N$12="","",INDEX(計算用!$A$2:$A$721,計算用!$N$12)) | D17: =IF(計算用!$N$12="","",INDEX(計算用!$C$2:$C$721,計算用!$N$12)) | E17: =IF(計算用!$O$12="","",INDEX(計算用!$A$2:$A$721,計算用!$O$12)) | F17: =IF(計算用!$O$12="","",INDEX(計算用!$C$2:$C$721,計算用!$O$12)) | G17: =IF(計算用!$P$12="","",INDEX(計算用!$A$2:$A$721,計算用!$P$12)) | H17: =IF(計算用!$P$12="","",INDEX(計算用!$C$2:$C$721,計算用!$P$12)) | I17: =IF(計算用!$Q$12="","",INDEX(計算用!$A$2:$A$721,計算用!$Q$12)) | J17: =IF(計算用!$Q$12="","",INDEX(計算用!$C$2:$C$721,計算用!$Q$12)) | K17: =IF(計算用!$R$12="","",INDEX(計算用!$A$2:$A$721,計算用!$R$12)) | L17: =IF(計算用!$R$12="","",INDEX(計算用!$C$2:$C$721,計算用!$R$12)) | M17: =IF(計算用!$S$12="","",INDEX(計算用!$A$2:$A$721,計算用!$S$12)) | N17: =IF(計算用!$S$12="","",INDEX(計算用!$C$2:$C$721,計算用!$S$12)) | O17: =IF(計算用!$T$12="","",INDEX(計算用!$A$2:$A$721,計算用!$T$12)) | P17: =IF(計算用!$T$12="","",INDEX(計算用!$C$2:$C$721,計算用!$T$12)) | Q17: =IF(計算用!$U$12="","",INDEX(計算用!$A$2:$A$721,計算用!$U$12)) | R17: =IF(計算用!$U$12="","",INDEX(計算用!$C$2:$C$721,計算用!$U$12)) | S17: =IF(計算用!$V$12="","",INDEX(計算用!$A$2:$A$721,計算用!$V$12)) | T17: =IF(計算用!$V$12="","",INDEX(計算用!$C$2:$C$721,計算用!$V$12))
A18: =IF(計算用!$M$13="","",INDEX(計算用!$A$2:$A$721,計算用!$M$13)) | B18: =IF(計算用!$M$13="","",INDEX(計算用!$C$2:$C$721,計算用!$M$13)) | C18: =IF(計算用!$N$13="","",INDEX(計算用!$A$2:$A$721,計算用!$N$13)) | D18: =IF(計算用!$N$13="","",INDEX(計算用!$C$2:$C$721,計算用!$N$13)) | E18: =IF(計算用!$O$13="","",INDEX(計算用!$A$2:$A$721,計算用!$O$13)) | F18: =IF(計算用!$O$13="","",INDEX(計算用!$C$2:$C$721,計算用!$O$13)) | G18: =IF(計算用!$P$13="","",INDEX(計算用!$A$2:$A$721,計算用!$P$13)) | H18: =IF(計算用!$P$13="","",INDEX(計算用!$C$2:$C$721,計算用!$P$13)) | I18: =IF(計算用!$Q$13="","",INDEX(計算用!$A$2:$A$721,計算用!$Q$13)) | J18: =IF(計算用!$Q$13="","",INDEX(計算用!$C$2:$C$721,計算用!$Q$13)) | K18: =IF(計算用!$R$13="","",INDEX(計算用!$A$2:$A$721,計算用!$R$13)) | L18: =IF(計算用!$R$13="","",INDEX(計算用!$C$2:$C$721,計算用!$R$13)) | M18: =IF(計算用!$S$13="","",INDEX(計算用!$A$2:$A$721,計算用!$S$13)) | N18: =IF(計算用!$S$13="","",INDEX(計算用!$C$2:$C$721,計算用!$S$13)) | O18: =IF(計算用!$T$13="","",INDEX(計算用!$A$2:$A$721,計算用!$T$13)) | P18: =IF(計算用!$T$13="","",INDEX(計算用!$C$2:$C$721,計算用!$T$13)) | Q18: =IF(計算用!$U$13="","",INDEX(計算用!$A$2:$A$721,計算用!$U$13)) | R18: =IF(計算用!$U$13="","",INDEX(計算用!$C$2:$C$721,計算用!$U$13)) | S18: =IF(計算用!$V$13="","",INDEX(計算用!$A$2:$A$721,計算用!$V$13)) | T18: =IF(計算用!$V$13="","",INDEX(計算用!$C$2:$C$721,計算用!$V$13))
A19: =IF(計算用!$M$14="","",INDEX(計算用!$A$2:$A$721,計算用!$M$14)) | B19: =IF(計算用!$M$14="","",INDEX(計算用!$C$2:$C$721,計算用!$M$14)) | C19: =IF(計算用!$N$14="","",INDEX(計算用!$A$2:$A$721,計算用!$N$14)) | D19: =IF(計算用!$N$14="","",INDEX(計算用!$C$2:$C$721,計算用!$N$14)) | E19: =IF(計算用!$O$14="","",INDEX(計算用!$A$2:$A$721,計算用!$O$14)) | F19: =IF(計算用!$O$14="","",INDEX(計算用!$C$2:$C$721,計算用!$O$14)) | G19: =IF(計算用!$P$14="","",INDEX(計算用!$A$2:$A$721,計算用!$P$14)) | H19: =IF(計算用!$P$14="","",INDEX(計算用!$C$2:$C$721,計算用!$P$14)) | I19: =IF(計算用!$Q$14="","",INDEX(計算用!$A$2:$A$721,計算用!$Q$14)) | J19: =IF(計算用!$Q$14="","",INDEX(計算用!$C$2:$C$721,計算用!$Q$14)) | K19: =IF(計算用!$R$14="","",INDEX(計算用!$A$2:$A$721,計算用!$R$14)) | L19: =IF(計算用!$R$14="","",INDEX(計算用!$C$2:$C$721,計算用!$R$14)) | M19: =IF(計算用!$S$14="","",INDEX(計算用!$A$2:$A$721,計算用!$S$14)) | N19: =IF(計算用!$S$14="","",INDEX(計算用!$C$2:$C$721,計算用!$S$14)) | O19: =IF(計算用!$T$14="","",INDEX(計算用!$A$2:$A$721,計算用!$T$14)) | P19: =IF(計算用!$T$14="","",INDEX(計算用!$C$2:$C$721,計算用!$T$14)) | Q19: =IF(計算用!$U$14="","",INDEX(計算用!$A$2:$A$721,計算用!$U$14)) | R19: =IF(計算用!$U$14="","",INDEX(計算用!$C$2:$C$721,計算用!$U$14)) | S19: =IF(計算用!$V$14="","",INDEX(計算用!$A$2:$A$721,計算用!$V$14)) | T19: =IF(計算用!$V$14="","",INDEX(計算用!$C$2:$C$721,計算用!$V$14))
A20: =IF(計算用!$M$15="","",INDEX(計算用!$A$2:$A$721,計算用!$M$15)) | B20: =IF(計算用!$M$15="","",INDEX(計算用!$C$2:$C$721,計算用!$M$15)) | C20: =IF(計算用!$N$15="","",INDEX(計算用!$A$2:$A$721,計算用!$N$15)) | D20: =IF(計算用!$N$15="","",INDEX(計算用!$C$2:$C$721,計算用!$N$15)) | E20: =IF(計算用!$O$15="","",INDEX(計算用!$A$2:$A$721,計算用!$O$15)) | F20: =IF(計算用!$O$15="","",INDEX(計算用!$C$2:$C$721,計算用!$O$15)) | G20: =IF(計算用!$P$15="","",INDEX(計算用!$A$2:$A$721,計算用!$P$15)) | H20: =IF(計算用!$P$15="","",INDEX(計算用!$C$2:$C$721,計算用!$P$15)) | I20: =IF(計算用!$Q$15="","",INDEX(計算用!$A$2:$A$721,計算用!$Q$15)) | J20: =IF(計算用!$Q$15="","",INDEX(計算用!$C$2:$C$721,計算用!$Q$15)) | K20: =IF(計算用!$R$15="","",INDEX(計算用!$A$2:$A$721,計算用!$R$15)) | L20: =IF(計算用!$R$15="","",INDEX(計算用!$C$2:$C$721,計算用!$R$15)) | M20: =IF(計算用!$S$15="","",INDEX(計算用!$A$2:$A$721,計算用!$S$15)) | N20: =IF(計算用!$S$15="","",INDEX(計算用!$C$2:$C$721,計算用!$S$15)) | O20: =IF(計算用!$T$15="","",INDEX(計算用!$A$2:$A$721,計算用!$T$15)) | P20: =IF(計算用!$T$15="","",INDEX(計算用!$C$2:$C$721,計算用!$T$15)) | Q20: =IF(計算用!$U$15="","",INDEX(計算用!$A$2:$A$721,計算用!$U$15)) | R20: =IF(計算用!$U$15="","",INDEX(計算用!$C$2:$C$721,計算用!$U$15)) | S20: =IF(計算用!$V$15="","",INDEX(計算用!$A$2:$A$721,計算用!$V$15)) | T20: =IF(計算用!$V$15="","",INDEX(計算用!$C$2:$C$721,計算用!$V$15))
A21: =IF(計算用!$M$16="","",INDEX(計算用!$A$2:$A$721,計算用!$M$16)) | B21: =IF(計算用!$M$16="","",INDEX(計算用!$C$2:$C$721,計算用!$M$16)) | C21: =IF(計算用!$N$16="","",INDEX(計算用!$A$2:$A$721,計算用!$N$16)) | D21: =IF(計算用!$N$16="","",INDEX(計算用!$C$2:$C$721,計算用!$N$16)) | E21: =IF(計算用!$O$16="","",INDEX(計算用!$A$2:$A$721,計算用!$O$16)) | F21: =IF(計算用!$O$16="","",INDEX(計算用!$C$2:$C$721,計算用!$O$16)) | G21: =IF(計算用!$P$16="","",INDEX(計算用!$A$2:$A$721,計算用!$P$16)) | H21: =IF(計算用!$P$16="","",INDEX(計算用!$C$2:$C$721,計算用!$P$16)) | I21: =IF(計算用!$Q$16="","",INDEX(計算用!$A$2:$A$721,計算用!$Q$16)) | J21: =IF(計算用!$Q$16="","",INDEX(計算用!$C$2:$C$721,計算用!$Q$16)) | K21: =IF(計算用!$R$16="","",INDEX(計算用!$A$2:$A$721,計算用!$R$16)) | L21: =IF(計算用!$R$16="","",INDEX(計算用!$C$2:$C$721,計算用!$R$16)) | M21: =IF(計算用!$S$16="","",INDEX(計算用!$A$2:$A$721,計算用!$S$16)) | N21: =IF(計算用!$S$16="","",INDEX(計算用!$C$2:$C$721,計算用!$S$16)) | O21: =IF(計算用!$T$16="","",INDEX(計算用!$A$2:$A$721,計算用!$T$16)) | P21: =IF(計算用!$T$16="","",INDEX(計算用!$C$2:$C$721,計算用!$T$16)) | Q21: =IF(計算用!$U$16="","",INDEX(計算用!$A$2:$A$721,計算用!$U$16)) | R21: =IF(計算用!$U$16="","",INDEX(計算用!$C$2:$C$721,計算用!$U$16)) | S21: =IF(計算用!$V$16="","",INDEX(計算用!$A$2:$A$721,計算用!$V$16)) | T21: =IF(計算用!$V$16="","",INDEX(計算用!$C$2:$C$721,計算用!$V$16))
A22: =IF(計算用!$M$17="","",INDEX(計算用!$A$2:$A$721,計算用!$M$17)) | B22: =IF(計算用!$M$17="","",INDEX(計算用!$C$2:$C$721,計算用!$M$17)) | C22: =IF(計算用!$N$17="","",INDEX(計算用!$A$2:$A$721,計算用!$N$17)) | D22: =IF(計算用!$N$17="","",INDEX(計算用!$C$2:$C$721,計算用!$N$17)) | E22: =IF(計算用!$O$17="","",INDEX(計算用!$A$2:$A$721,計算用!$O$17)) | F22: =IF(計算用!$O$17="","",INDEX(計算用!$C$2:$C$721,計算用!$O$17)) | G22: =IF(計算用!$P$17="","",INDEX(計算用!$A$2:$A$721,計算用!$P$17)) | H22: =IF(計算用!$P$17="","",INDEX(計算用!$C$2:$C$721,計算用!$P$17)) | I22: =IF(計算用!$Q$17="","",INDEX(計算用!$A$2:$A$721,計算用!$Q$17)) | J22: =IF(計算用!$Q$17="","",INDEX(計算用!$C$2:$C$721,計算用!$Q$17)) | K22: =IF(計算用!$R$17="","",INDEX(計算用!$A$2:$A$721,計算用!$R$17)) | L22: =IF(計算用!$R$17="","",INDEX(計算用!$C$2:$C$721,計算用!$R$17)) | M22: =IF(計算用!$S$17="","",INDEX(計算用!$A$2:$A$721,計算用!$S$17)) | N22: =IF(計算用!$S$17="","",INDEX(計算用!$C$2:$C$721,計算用!$S$17)) | O22: =IF(計算用!$T$17="","",INDEX(計算用!$A$2:$A$721,計算用!$T$17)) | P22: =IF(計算用!$T$17="","",INDEX(計算用!$C$2:$C$721,計算用!$T$17)) | Q22: =IF(計算用!$U$17="","",INDEX(計算用!$A$2:$A$721,計算用!$U$17)) | R22: =IF(計算用!$U$17="","",INDEX(計算用!$C$2:$C$721,計算用!$U$17)) | S22: =IF(計算用!$V$17="","",INDEX(計算用!$A$2:$A$721,計算用!$V$17)) | T22: =IF(計算用!$V$17="","",INDEX(計算用!$C$2:$C$721,計算用!$V$17))
A23: =IF(計算用!$M$18="","",INDEX(計算用!$A$2:$A$721,計算用!$M$18)) | B23: =IF(計算用!$M$18="","",INDEX(計算用!$C$2:$C$721,計算用!$M$18)) | C23: =IF(計算用!$N$18="","",INDEX(計算用!$A$2:$A$721,計算用!$N$18)) | D23: =IF(計算用!$N$18="","",INDEX(計算用!$C$2:$C$721,計算用!$N$18)) | E23: =IF(計算用!$O$18="","",INDEX(計算用!$A$2:$A$721,計算用!$O$18)) | F23: =IF(計算用!$O$18="","",INDEX(計算用!$C$2:$C$721,計算用!$O$18)) | G23: =IF(計算用!$P$18="","",INDEX(計算用!$A$2:$A$721,計算用!$P$18)) | H23: =IF(計算用!$P$18="","",INDEX(計算用!$C$2:$C$721,計算用!$P$18)) | I23: =IF(計算用!$Q$18="","",INDEX(計算用!$A$2:$A$721,計算用!$Q$18)) | J23: =IF(計算用!$Q$18="","",INDEX(計算用!$C$2:$C$721,計算用!$Q$18)) | K23: =IF(計算用!$R$18="","",INDEX(計算用!$A$2:$A$721,計算用!$R$18)) | L23: =IF(計算用!$R$18="","",INDEX(計算用!$C$2:$C$721,計算用!$R$18)) | M23: =IF(計算用!$S$18="","",INDEX(計算用!$A$2:$A$721,計算用!$S$18)) | N23: =IF(計算用!$S$18="","",INDEX(計算用!$C$2:$C$721,計算用!$S$18)) | O23: =IF(計算用!$T$18="","",INDEX(計算用!$A$2:$A$721,計算用!$T$18)) | P23: =IF(計算用!$T$18="","",INDEX(計算用!$C$2:$C$721,計算用!$T$18)) | Q23: =IF(計算用!$U$18="","",INDEX(計算用!$A$2:$A$721,計算用!$U$18)) | R23: =IF(計算用!$U$18="","",INDEX(計算用!$C$2:$C$721,計算用!$U$18)) | S23: =IF(計算用!$V$18="","",INDEX(計算用!$A$2:$A$721,計算用!$V$18)) | T23: =IF(計算用!$V$18="","",INDEX(計算用!$C$2:$C$721,計算用!$V$18))
A24: =IF(計算用!$M$19="","",INDEX(計算用!$A$2:$A$721,計算用!$M$19)) | B24: =IF(計算用!$M$19="","",INDEX(計算用!$C$2:$C$721,計算用!$M$19)) | C24: =IF(計算用!$N$19="","",INDEX(計算用!$A$2:$A$721,計算用!$N$19)) | D24: =IF(計算用!$N$19="","",INDEX(計算用!$C$2:$C$721,計算用!$N$19)) | E24: =IF(計算用!$O$19="","",INDEX(計算用!$A$2:$A$721,計算用!$O$19)) | F24: =IF(計算用!$O$19="","",INDEX(計算用!$C$2:$C$721,計算用!$O$19)) | G24: =IF(計算用!$P$19="","",INDEX(計算用!$A$2:$A$721,計算用!$P$19)) | H24: =IF(計算用!$P$19="","",INDEX(計算用!$C$2:$C$721,計算用!$P$19)) | I24: =IF(計算用!$Q$19="","",INDEX(計算用!$A$2:$A$721,計算用!$Q$19)) | J24: =IF(計算用!$Q$19="","",INDEX(計算用!$C$2:$C$721,計算用!$Q$19)) | K24: =IF(計算用!$R$19="","",INDEX(計算用!$A$2:$A$721,計算用!$R$19)) | L24: =IF(計算用!$R$19="","",INDEX(計算用!$C$2:$C$721,計算用!$R$19)) | M24: =IF(計算用!$S$19="","",INDEX(計算用!$A$2:$A$721,計算用!$S$19)) | N24: =IF(計算用!$S$19="","",INDEX(計算用!$C$2:$C$721,計算用!$S$19)) | O24: =IF(計算用!$T$19="","",INDEX(計算用!$A$2:$A$721,計算用!$T$19)) | P24: =IF(計算用!$T$19="","",INDEX(計算用!$C$2:$C$721,計算用!$T$19)) | Q24: =IF(計算用!$U$19="","",INDEX(計算用!$A$2:$A$721,計算用!$U$19)) | R24: =IF(計算用!$U$19="","",INDEX(計算用!$C$2:$C$721,計算用!$U$19)) | S24: =IF(計算用!$V$19="","",INDEX(計算用!$A$2:$A$721,計算用!$V$19)) | T24: =IF(計算用!$V$19="","",INDEX(計算用!$C$2:$C$721,計算用!$V$19))
A25: =IF(計算用!$M$20="","",INDEX(計算用!$A$2:$A$721,計算用!$M$20)) | B25: =IF(計算用!$M$20="","",INDEX(計算用!$C$2:$C$721,計算用!$M$20)) | C25: =IF(計算用!$N$20="","",INDEX(計算用!$A$2:$A$721,計算用!$N$20)) | D25: =IF(計算用!$N$20="","",INDEX(計算用!$C$2:$C$721,計算用!$N$20)) | E25: =IF(計算用!$O$20="","",INDEX(計算用!$A$2:$A$721,計算用!$O$20)) | F25: =IF(計算用!$O$20="","",INDEX(計算用!$C$2:$C$721,計算用!$O$20)) | G25: =IF(計算用!$P$20="","",INDEX(計算用!$A$2:$A$721,計算用!$P$20)) | H25: =IF(計算用!$P$20="","",INDEX(計算用!$C$2:$C$721,計算用!$P$20)) | I25: =IF(計算用!$Q$20="","",INDEX(計算用!$A$2:$A$721,計算用!$Q$20)) | J25: =IF(計算用!$Q$20="","",INDEX(計算用!$C$2:$C$721,計算用!$Q$20)) | K25: =IF(計算用!$R$20="","",INDEX(計算用!$A$2:$A$721,計算用!$R$20)) | L25: =IF(計算用!$R$20="","",INDEX(計算用!$C$2:$C$721,計算用!$R$20)) | M25: =IF(計算用!$S$20="","",INDEX(計算用!$A$2:$A$721,計算用!$S$20)) | N25: =IF(計算用!$S$20="","",INDEX(計算用!$C$2:$C$721,計算用!$S$20)) | O25: =IF(計算用!$T$20="","",INDEX(計算用!$A$2:$A$721,計算用!$T$20)) | P25: =IF(計算用!$T$20="","",INDEX(計算用!$C$2:$C$721,計算用!$T$20)) | Q25: =IF(計算用!$U$20="","",INDEX(計算用!$A$2:$A$721,計算用!$U$20)) | R25: =IF(計算用!$U$20="","",INDEX(計算用!$C$2:$C$721,計算用!$U$20)) | S25: =IF(計算用!$V$20="","",INDEX(計算用!$A$2:$A$721,計算用!$V$20)) | T25: =IF(計算用!$V$20="","",INDEX(計算用!$C$2:$C$721,計算用!$V$20))
A26: =IF(計算用!$M$21="","",INDEX(計算用!$A$2:$A$721,計算用!$M$21)) | B26: =IF(計算用!$M$21="","",INDEX(計算用!$C$2:$C$721,計算用!$M$21)) | C26: =IF(計算用!$N$21="","",INDEX(計算用!$A$2:$A$721,計算用!$N$21)) | D26: =IF(計算用!$N$21="","",INDEX(計算用!$C$2:$C$721,計算用!$N$21)) | E26: =IF(計算用!$O$21="","",INDEX(計算用!$A$2:$A$721,計算用!$O$21)) | F26: =IF(計算用!$O$21="","",INDEX(計算用!$C$2:$C$721,計算用!$O$21)) | G26: =IF(計算用!$P$21="","",INDEX(計算用!$A$2:$A$721,計算用!$P$21)) | H26: =IF(計算用!$P$21="","",INDEX(計算用!$C$2:$C$721,計算用!$P$21)) | I26: =IF(計算用!$Q$21="","",INDEX(計算用!$A$2:$A$721,計算用!$Q$21)) | J26: =IF(計算用!$Q$21="","",INDEX(計算用!$C$2:$C$721,計算用!$Q$21)) | K26: =IF(計算用!$R$21="","",INDEX(計算用!$A$2:$A$721,計算用!$R$21)) | L26: =IF(計算用!$R$21="","",INDEX(計算用!$C$2:$C$721,計算用!$R$21)) | M26: =IF(計算用!$S$21="","",INDEX(計算用!$A$2:$A$721,計算用!$S$21)) | N26: =IF(計算用!$S$21="","",INDEX(計算用!$C$2:$C$721,計算用!$S$21)) | O26: =IF(計算用!$T$21="","",INDEX(計算用!$A$2:$A$721,計算用!$T$21)) | P26: =IF(計算用!$T$21="","",INDEX(計算用!$C$2:$C$721,計算用!$T$21)) | Q26: =IF(計算用!$U$21="","",INDEX(計算用!$A$2:$A$721,計算用!$U$21)) | R26: =IF(計算用!$U$21="","",INDEX(計算用!$C$2:$C$721,計算用!$U$21)) | S26: =IF(計算用!$V$21="","",INDEX(計算用!$A$2:$A$721,計算用!$V$21)) | T26: =IF(計算用!$V$21="","",INDEX(計算用!$C$2:$C$721,計算用!$V$21))
A27: =IF(計算用!$M$22="","",INDEX(計算用!$A$2:$A$721,計算用!$M$22)) | B27: =IF(計算用!$M$22="","",INDEX(計算用!$C$2:$C$721,計算用!$M$22)) | C27: =IF(計算用!$N$22="","",INDEX(計算用!$A$2:$A$721,計算用!$N$22)) | D27: =IF(計算用!$N$22="","",INDEX(計算用!$C$2:$C$721,計算用!$N$22)) | E27: =IF(計算用!$O$22="","",INDEX(計算用!$A$2:$A$721,計算用!$O$22)) | F27: =IF(計算用!$O$22="","",INDEX(計算用!$C$2:$C$721,計算用!$O$22)) | G27: =IF(計算用!$P$22="","",INDEX(計算用!$A$2:$A$721,計算用!$P$22)) | H27: =IF(計算用!$P$22="","",INDEX(計算用!$C$2:$C$721,計算用!$P$22)) | I27: =IF(計算用!$Q$22="","",INDEX(計算用!$A$2:$A$721,計算用!$Q$22)) | J27: =IF(計算用!$Q$22="","",INDEX(計算用!$C$2:$C$721,計算用!$Q$22)) | K27: =IF(計算用!$R$22="","",INDEX(計算用!$A$2:$A$721,計算用!$R$22)) | L27: =IF(計算用!$R$22="","",INDEX(計算用!$C$2:$C$721,計算用!$R$22)) | M27: =IF(計算用!$S$22="","",INDEX(計算用!$A$2:$A$721,計算用!$S$22)) | N27: =IF(計算用!$S$22="","",INDEX(計算用!$C$2:$C$721,計算用!$S$22)) | O27: =IF(計算用!$T$22="","",INDEX(計算用!$A$2:$A$721,計算用!$T$22)) | P27: =IF(計算用!$T$22="","",INDEX(計算用!$C$2:$C$721,計算用!$T$22)) | Q27: =IF(計算用!$U$22="","",INDEX(計算用!$A$2:$A$721,計算用!$U$22)) | R27: =IF(計算用!$U$22="","",INDEX(計算用!$C$2:$C$721,計算用!$U$22)) | S27: =IF(計算用!$V$22="","",INDEX(計算用!$A$2:$A$721,計算用!$V$22)) | T27: =IF(計算用!$V$22="","",INDEX(計算用!$C$2:$C$721,計算用!$V$22))
A28: =IF(計算用!$M$23="","",INDEX(計算用!$A$2:$A$721,計算用!$M$23)) | B28: =IF(計算用!$M$23="","",INDEX(計算用!$C$2:$C$721,計算用!$M$23)) | C28: =IF(計算用!$N$23="","",INDEX(計算用!$A$2:$A$721,計算用!$N$23)) | D28: =IF(計算用!$N$23="","",INDEX(計算用!$C$2:$C$721,計算用!$N$23)) | E28: =IF(計算用!$O$23="","",INDEX(計算用!$A$2:$A$721,計算用!$O$23)) | F28: =IF(計算用!$O$23="","",INDEX(計算用!$C$2:$C$721,計算用!$O$23)) | G28: =IF(計算用!$P$23="","",INDEX(計算用!$A$2:$A$721,計算用!$P$23)) | H28: =IF(計算用!$P$23="","",INDEX(計算用!$C$2:$C$721,計算用!$P$23)) | I28: =IF(計算用!$Q$23="","",INDEX(計算用!$A$2:$A$721,計算用!$Q$23)) | J28: =IF(計算用!$Q$23="","",INDEX(計算用!$C$2:$C$721,計算用!$Q$23)) | K28: =IF(計算用!$R$23="","",INDEX(計算用!$A$2:$A$721,計算用!$R$23)) | L28: =IF(計算用!$R$23="","",INDEX(計算用!$C$2:$C$721,計算用!$R$23)) | M28: =IF(計算用!$S$23="","",INDEX(計算用!$A$2:$A$721,計算用!$S$23)) | N28: =IF(計算用!$S$23="","",INDEX(計算用!$C$2:$C$721,計算用!$S$23)) | O28: =IF(計算用!$T$23="","",INDEX(計算用!$A$2:$A$721,計算用!$T$23)) | P28: =IF(計算用!$T$23="","",INDEX(計算用!$C$2:$C$721,計算用!$T$23)) | Q28: =IF(計算用!$U$23="","",INDEX(計算用!$A$2:$A$721,計算用!$U$23)) | R28: =IF(計算用!$U$23="","",INDEX(計算用!$C$2:$C$721,計算用!$U$23)) | S28: =IF(計算用!$V$23="","",INDEX(計算用!$A$2:$A$721,計算用!$V$23)) | T28: =IF(計算用!$V$23="","",INDEX(計算用!$C$2:$C$721,計算用!$V$23))
A29: =IF(計算用!$M$24="","",INDEX(計算用!$A$2:$A$721,計算用!$M$24)) | B29: =IF(計算用!$M$24="","",INDEX(計算用!$C$2:$C$721,計算用!$M$24)) | C29: =IF(計算用!$N$24="","",INDEX(計算用!$A$2:$A$721,計算用!$N$24)) | D29: =IF(計算用!$N$24="","",INDEX(計算用!$C$2:$C$721,計算用!$N$24)) | E29: =IF(計算用!$O$24="","",INDEX(計算用!$A$2:$A$721,計算用!$O$24)) | F29: =IF(計算用!$O$24="","",INDEX(計算用!$C$2:$C$721,計算用!$O$24)) | G29: =IF(計算用!$P$24="","",INDEX(計算用!$A$2:$A$721,計算用!$P$24)) | H29: =IF(計算用!$P$24="","",INDEX(計算用!$C$2:$C$721,計算用!$P$24)) | I29: =IF(計算用!$Q$24="","",INDEX(計算用!$A$2:$A$721,計算用!$Q$24)) | J29: =IF(計算用!$Q$24="","",INDEX(計算用!$C$2:$C$721,計算用!$Q$24)) | K29: =IF(計算用!$R$24="","",INDEX(計算用!$A$2:$A$721,計算用!$R$24)) | L29: =IF(計算用!$R$24="","",INDEX(計算用!$C$2:$C$721,計算用!$R$24)) | M29: =IF(計算用!$S$24="","",INDEX(計算用!$A$2:$A$721,計算用!$S$24)) | N29: =IF(計算用!$S$24="","",INDEX(計算用!$C$2:$C$721,計算用!$S$24)) | O29: =IF(計算用!$T$24="","",INDEX(計算用!$A$2:$A$721,計算用!$T$24)) | P29: =IF(計算用!$T$24="","",INDEX(計算用!$C$2:$C$721,計算用!$T$24)) | Q29: =IF(計算用!$U$24="","",INDEX(計算用!$A$2:$A$721,計算用!$U$24)) | R29: =IF(計算用!$U$24="","",INDEX(計算用!$C$2:$C$721,計算用!$U$24)) | S29: =IF(計算用!$V$24="","",INDEX(計算用!$A$2:$A$721,計算用!$V$24)) | T29: =IF(計算用!$V$24="","",INDEX(計算用!$C$2:$C$721,計算用!$V$24))
A30: =IF(計算用!$M$25="","",INDEX(計算用!$A$2:$A$721,計算用!$M$25)) | B30: =IF(計算用!$M$25="","",INDEX(計算用!$C$2:$C$721,計算用!$M$25)) | C30: =IF(計算用!$N$25="","",INDEX(計算用!$A$2:$A$721,計算用!$N$25)) | D30: =IF(計算用!$N$25="","",INDEX(計算用!$C$2:$C$721,計算用!$N$25)) | E30: =IF(計算用!$O$25="","",INDEX(計算用!$A$2:$A$721,計算用!$O$25)) | F30: =IF(計算用!$O$25="","",INDEX(計算用!$C$2:$C$721,計算用!$O$25)) | G30: =IF(計算用!$P$25="","",INDEX(計算用!$A$2:$A$721,計算用!$P$25)) | H30: =IF(計算用!$P$25="","",INDEX(計算用!$C$2:$C$721,計算用!$P$25)) | I30: =IF(計算用!$Q$25="","",INDEX(計算用!$A$2:$A$721,計算用!$Q$25)) | J30: =IF(計算用!$Q$25="","",INDEX(計算用!$C$2:$C$721,計算用!$Q$25)) | K30: =IF(計算用!$R$25="","",INDEX(計算用!$A$2:$A$721,計算用!$R$25)) | L30: =IF(計算用!$R$25="","",INDEX(計算用!$C$2:$C$721,計算用!$R$25)) | M30: =IF(計算用!$S$25="","",INDEX(計算用!$A$2:$A$721,計算用!$S$25)) | N30: =IF(計算用!$S$25="","",INDEX(計算用!$C$2:$C$721,計算用!$S$25)) | O30: =IF(計算用!$T$25="","",INDEX(計算用!$A$2:$A$721,計算用!$T$25)) | P30: =IF(計算用!$T$25="","",INDEX(計算用!$C$2:$C$721,計算用!$T$25)) | Q30: =IF(計算用!$U$25="","",INDEX(計算用!$A$2:$A$721,計算用!$U$25)) | R30: =IF(計算用!$U$25="","",INDEX(計算用!$C$2:$C$721,計算用!$U$25)) | S30: =IF(計算用!$V$25="","",INDEX(計算用!$A$2:$A$721,計算用!$V$25)) | T30: =IF(計算用!$V$25="","",INDEX(計算用!$C$2:$C$721,計算用!$V$25))
A31: =IF(計算用!$M$26="","",INDEX(計算用!$A$2:$A$721,計算用!$M$26)) | B31: =IF(計算用!$M$26="","",INDEX(計算用!$C$2:$C$721,計算用!$M$26)) | C31: =IF(計算用!$N$26="","",INDEX(計算用!$A$2:$A$721,計算用!$N$26)) | D31: =IF(計算用!$N$26="","",INDEX(計算用!$C$2:$C$721,計算用!$N$26)) | E31: =IF(計算用!$O$26="","",INDEX(計算用!$A$2:$A$721,計算用!$O$26)) | F31: =IF(計算用!$O$26="","",INDEX(計算用!$C$2:$C$721,計算用!$O$26)) | G31: =IF(計算用!$P$26="","",INDEX(計算用!$A$2:$A$721,計算用!$P$26)) | H31: =IF(計算用!$P$26="","",INDEX(計算用!$C$2:$C$721,計算用!$P$26)) | I31: =IF(計算用!$Q$26="","",INDEX(計算用!$A$2:$A$721,計算用!$Q$26)) | J31: =IF(計算用!$Q$26="","",INDEX(計算用!$C$2:$C$721,計算用!$Q$26)) | K31: =IF(計算用!$R$26="","",INDEX(計算用!$A$2:$A$721,計算用!$R$26)) | L31: =IF(計算用!$R$26="","",INDEX(計算用!$C$2:$C$721,計算用!$R$26)) | M31: =IF(計算用!$S$26="","",INDEX(計算用!$A$2:$A$721,計算用!$S$26)) | N31: =IF(計算用!$S$26="","",INDEX(計算用!$C$2:$C$721,計算用!$S$26)) | O31: =IF(計算用!$T$26="","",INDEX(計算用!$A$2:$A$721,計算用!$T$26)) | P31: =IF(計算用!$T$26="","",INDEX(計算用!$C$2:$C$721,計算用!$T$26)) | Q31: =IF(計算用!$U$26="","",INDEX(計算用!$A$2:$A$721,計算用!$U$26)) | R31: =IF(計算用!$U$26="","",INDEX(計算用!$C$2:$C$721,計算用!$U$26)) | S31: =IF(計算用!$V$26="","",INDEX(計算用!$A$2:$A$721,計算用!$V$26)) | T31: =IF(計算用!$V$26="","",INDEX(計算用!$C$2:$C$721,計算用!$V$26))
A32: =IF(計算用!$M$27="","",INDEX(計算用!$A$2:$A$721,計算用!$M$27)) | B32: =IF(計算用!$M$27="","",INDEX(計算用!$C$2:$C$721,計算用!$M$27)) | C32: =IF(計算用!$N$27="","",INDEX(計算用!$A$2:$A$721,計算用!$N$27)) | D32: =IF(計算用!$N$27="","",INDEX(計算用!$C$2:$C$721,計算用!$N$27)) | E32: =IF(計算用!$O$27="","",INDEX(計算用!$A$2:$A$721,計算用!$O$27)) | F32: =IF(計算用!$O$27="","",INDEX(計算用!$C$2:$C$721,計算用!$O$27)) | G32: =IF(計算用!$P$27="","",INDEX(計算用!$A$2:$A$721,計算用!$P$27)) | H32: =IF(計算用!$P$27="","",INDEX(計算用!$C$2:$C$721,計算用!$P$27)) | I32: =IF(計算用!$Q$27="","",INDEX(計算用!$A$2:$A$721,計算用!$Q$27)) | J32: =IF(計算用!$Q$27="","",INDEX(計算用!$C$2:$C$721,計算用!$Q$27)) | K32: =IF(計算用!$R$27="","",INDEX(計算用!$A$2:$A$721,計算用!$R$27)) | L32: =IF(計算用!$R$27="","",INDEX(計算用!$C$2:$C$721,計算用!$R$27)) | M32: =IF(計算用!$S$27="","",INDEX(計算用!$A$2:$A$721,計算用!$S$27)) | N32: =IF(計算用!$S$27="","",INDEX(計算用!$C$2:$C$721,計算用!$S$27)) | O32: =IF(計算用!$T$27="","",INDEX(計算用!$A$2:$A$721,計算用!$T$27)) | P32: =IF(計算用!$T$27="","",INDEX(計算用!$C$2:$C$721,計算用!$T$27)) | Q32: =IF(計算用!$U$27="","",INDEX(計算用!$A$2:$A$721,計算用!$U$27)) | R32: =IF(計算用!$U$27="","",INDEX(計算用!$C$2:$C$721,計算用!$U$27)) | S32: =IF(計算用!$V$27="","",INDEX(計算用!$A$2:$A$721,計算用!$V$27)) | T32: =IF(計算用!$V$27="","",INDEX(計算用!$C$2:$C$721,計算用!$V$27))
A33: =IF(計算用!$M$28="","",INDEX(計算用!$A$2:$A$721,計算用!$M$28)) | B33: =IF(計算用!$M$28="","",INDEX(計算用!$C$2:$C$721,計算用!$M$28)) | C33: =IF(計算用!$N$28="","",INDEX(計算用!$A$2:$A$721,計算用!$N$28)) | D33: =IF(計算用!$N$28="","",INDEX(計算用!$C$2:$C$721,計算用!$N$28)) | E33: =IF(計算用!$O$28="","",INDEX(計算用!$A$2:$A$721,計算用!$O$28)) | F33: =IF(計算用!$O$28="","",INDEX(計算用!$C$2:$C$721,計算用!$O$28)) | G33: =IF(計算用!$P$28="","",INDEX(計算用!$A$2:$A$721,計算用!$P$28)) | H33: =IF(計算用!$P$28="","",INDEX(計算用!$C$2:$C$721,計算用!$P$28)) | I33: =IF(計算用!$Q$28="","",INDEX(計算用!$A$2:$A$721,計算用!$Q$28)) | J33: =IF(計算用!$Q$28="","",INDEX(計算用!$C$2:$C$721,計算用!$Q$28)) | K33: =IF(計算用!$R$28="","",INDEX(計算用!$A$2:$A$721,計算用!$R$28)) | L33: =IF(計算用!$R$28="","",INDEX(計算用!$C$2:$C$721,計算用!$R$28)) | M33: =IF(計算用!$S$28="","",INDEX(計算用!$A$2:$A$721,計算用!$S$28)) | N33: =IF(計算用!$S$28="","",INDEX(計算用!$C$2:$C$721,計算用!$S$28)) | O33: =IF(計算用!$T$28="","",INDEX(計算用!$A$2:$A$721,計算用!$T$28)) | P33: =IF(計算用!$T$28="","",INDEX(計算用!$C$2:$C$721,計算用!$T$28)) | Q33: =IF(計算用!$U$28="","",INDEX(計算用!$A$2:$A$721,計算用!$U$28)) | R33: =IF(計算用!$U$28="","",INDEX(計算用!$C$2:$C$721,計算用!$U$28)) | S33: =IF(計算用!$V$28="","",INDEX(計算用!$A$2:$A$721,計算用!$V$28)) | T33: =IF(計算用!$V$28="","",INDEX(計算用!$C$2:$C$721,計算用!$V$28))
A34: =IF(計算用!$M$29="","",INDEX(計算用!$A$2:$A$721,計算用!$M$29)) | B34: =IF(計算用!$M$29="","",INDEX(計算用!$C$2:$C$721,計算用!$M$29)) | C34: =IF(計算用!$N$29="","",INDEX(計算用!$A$2:$A$721,計算用!$N$29)) | D34: =IF(計算用!$N$29="","",INDEX(計算用!$C$2:$C$721,計算用!$N$29)) | E34: =IF(計算用!$O$29="","",INDEX(計算用!$A$2:$A$721,計算用!$O$29)) | F34: =IF(計算用!$O$29="","",INDEX(計算用!$C$2:$C$721,計算用!$O$29)) | G34: =IF(計算用!$P$29="","",INDEX(計算用!$A$2:$A$721,計算用!$P$29)) | H34: =IF(計算用!$P$29="","",INDEX(計算用!$C$2:$C$721,計算用!$P$29)) | I34: =IF(計算用!$Q$29="","",INDEX(計算用!$A$2:$A$721,計算用!$Q$29)) | J34: =IF(計算用!$Q$29="","",INDEX(計算用!$C$2:$C$721,計算用!$Q$29)) | K34: =IF(計算用!$R$29="","",INDEX(計算用!$A$2:$A$721,計算用!$R$29)) | L34: =IF(計算用!$R$29="","",INDEX(計算用!$C$2:$C$721,計算用!$R$29)) | M34: =IF(計算用!$S$29="","",INDEX(計算用!$A$2:$A$721,計算用!$S$29)) | N34: =IF(計算用!$S$29="","",INDEX(計算用!$C$2:$C$721,計算用!$S$29)) | O34: =IF(計算用!$T$29="","",INDEX(計算用!$A$2:$A$721,計算用!$T$29)) | P34: =IF(計算用!$T$29="","",INDEX(計算用!$C$2:$C$721,計算用!$T$29)) | Q34: =IF(計算用!$U$29="","",INDEX(計算用!$A$2:$A$721,計算用!$U$29)) | R34: =IF(計算用!$U$29="","",INDEX(計算用!$C$2:$C$721,計算用!$U$29)) | S34: =IF(計算用!$V$29="","",INDEX(計算用!$A$2:$A$721,計算用!$V$29)) | T34: =IF(計算用!$V$29="","",INDEX(計算用!$C$2:$C$721,計算用!$V$29))
A35: =IF(計算用!$M$30="","",INDEX(計算用!$A$2:$A$721,計算用!$M$30)) | B35: =IF(計算用!$M$30="","",INDEX(計算用!$C$2:$C$721,計算用!$M$30)) | C35: =IF(計算用!$N$30="","",INDEX(計算用!$A$2:$A$721,計算用!$N$30)) | D35: =IF(計算用!$N$30="","",INDEX(計算用!$C$2:$C$721,計算用!$N$30)) | E35: =IF(計算用!$O$30="","",INDEX(計算用!$A$2:$A$721,計算用!$O$30)) | F35: =IF(計算用!$O$30="","",INDEX(計算用!$C$2:$C$721,計算用!$O$30)) | G35: =IF(計算用!$P$30="","",INDEX(計算用!$A$2:$A$721,計算用!$P$30)) | H35: =IF(計算用!$P$30="","",INDEX(計算用!$C$2:$C$721,計算用!$P$30)) | I35: =IF(計算用!$Q$30="","",INDEX(計算用!$A$2:$A$721,計算用!$Q$30)) | J35: =IF(計算用!$Q$30="","",INDEX(計算用!$C$2:$C$721,計算用!$Q$30)) | K35: =IF(計算用!$R$30="","",INDEX(計算用!$A$2:$A$721,計算用!$R$30)) | L35: =IF(計算用!$R$30="","",INDEX(計算用!$C$2:$C$721,計算用!$R$30)) | M35: =IF(計算用!$S$30="","",INDEX(計算用!$A$2:$A$721,計算用!$S$30)) | N35: =IF(計算用!$S$30="","",INDEX(計算用!$C$2:$C$721,計算用!$S$30)) | O35: =IF(計算用!$T$30="","",INDEX(計算用!$A$2:$A$721,計算用!$T$30)) | P35: =IF(計算用!$T$30="","",INDEX(計算用!$C$2:$C$721,計算用!$T$30)) | Q35: =IF(計算用!$U$30="","",INDEX(計算用!$A$2:$A$721,計算用!$U$30)) | R35: =IF(計算用!$U$30="","",INDEX(計算用!$C$2:$C$721,計算用!$U$30)) | S35: =IF(計算用!$V$30="","",INDEX(計算用!$A$2:$A$721,計算用!$V$30)) | T35: =IF(計算用!$V$30="","",INDEX(計算用!$C$2:$C$721,計算用!$V$30))
A36: =IF(計算用!$M$31="","",INDEX(計算用!$A$2:$A$721,計算用!$M$31)) | B36: =IF(計算用!$M$31="","",INDEX(計算用!$C$2:$C$721,計算用!$M$31)) | C36: =IF(計算用!$N$31="","",INDEX(計算用!$A$2:$A$721,計算用!$N$31)) | D36: =IF(計算用!$N$31="","",INDEX(計算用!$C$2:$C$721,計算用!$N$31)) | E36: =IF(計算用!$O$31="","",INDEX(計算用!$A$2:$A$721,計算用!$O$31)) | F36: =IF(計算用!$O$31="","",INDEX(計算用!$C$2:$C$721,計算用!$O$31)) | G36: =IF(計算用!$P$31="","",INDEX(計算用!$A$2:$A$721,計算用!$P$31)) | H36: =IF(計算用!$P$31="","",INDEX(計算用!$C$2:$C$721,計算用!$P$31)) | I36: =IF(計算用!$Q$31="","",INDEX(計算用!$A$2:$A$721,計算用!$Q$31)) | J36: =IF(計算用!$Q$31="","",INDEX(計算用!$C$2:$C$721,計算用!$Q$31)) | K36: =IF(計算用!$R$31="","",INDEX(計算用!$A$2:$A$721,計算用!$R$31)) | L36: =IF(計算用!$R$31="","",INDEX(計算用!$C$2:$C$721,計算用!$R$31)) | M36: =IF(計算用!$S$31="","",INDEX(計算用!$A$2:$A$721,計算用!$S$31)) | N36: =IF(計算用!$S$31="","",INDEX(計算用!$C$2:$C$721,計算用!$S$31)) | O36: =IF(計算用!$T$31="","",INDEX(計算用!$A$2:$A$721,計算用!$T$31)) | P36: =IF(計算用!$T$31="","",INDEX(計算用!$C$2:$C$721,計算用!$T$31)) | Q36: =IF(計算用!$U$31="","",INDEX(計算用!$A$2:$A$721,計算用!$U$31)) | R36: =IF(計算用!$U$31="","",INDEX(計算用!$C$2:$C$721,計算用!$U$31)) | S36: =IF(計算用!$V$31="","",INDEX(計算用!$A$2:$A$721,計算用!$V$31)) | T36: =IF(計算用!$V$31="","",INDEX(計算用!$C$2:$C$721,計算用!$V$31))
A37: =IF(計算用!$M$32="","",INDEX(計算用!$A$2:$A$721,計算用!$M$32)) | B37: =IF(計算用!$M$32="","",INDEX(計算用!$C$2:$C$721,計算用!$M$32)) | C37: =IF(計算用!$N$32="","",INDEX(計算用!$A$2:$A$721,計算用!$N$32)) | D37: =IF(計算用!$N$32="","",INDEX(計算用!$C$2:$C$721,計算用!$N$32)) | E37: =IF(計算用!$O$32="","",INDEX(計算用!$A$2:$A$721,計算用!$O$32)) | F37: =IF(計算用!$O$32="","",INDEX(計算用!$C$2:$C$721,計算用!$O$32)) | G37: =IF(計算用!$P$32="","",INDEX(計算用!$A$2:$A$721,計算用!$P$32)) | H37: =IF(計算用!$P$32="","",INDEX(計算用!$C$2:$C$721,計算用!$P$32)) | I37: =IF(計算用!$Q$32="","",INDEX(計算用!$A$2:$A$721,計算用!$Q$32)) | J37: =IF(計算用!$Q$32="","",INDEX(計算用!$C$2:$C$721,計算用!$Q$32)) | K37: =IF(計算用!$R$32="","",INDEX(計算用!$A$2:$A$721,計算用!$R$32)) | L37: =IF(計算用!$R$32="","",INDEX(計算用!$C$2:$C$721,計算用!$R$32)) | M37: =IF(計算用!$S$32="","",INDEX(計算用!$A$2:$A$721,計算用!$S$32)) | N37: =IF(計算用!$S$32="","",INDEX(計算用!$C$2:$C$721,計算用!$S$32)) | O37: =IF(計算用!$T$32="","",INDEX(計算用!$A$2:$A$721,計算用!$T$32)) | P37: =IF(計算用!$T$32="","",INDEX(計算用!$C$2:$C$721,計算用!$T$32)) | Q37: =IF(計算用!$U$32="","",INDEX(計算用!$A$2:$A$721,計算用!$U$32)) | R37: =IF(計算用!$U$32="","",INDEX(計算用!$C$2:$C$721,計算用!$U$32)) | S37: =IF(計算用!$V$32="","",INDEX(計算用!$A$2:$A$721,計算用!$V$32)) | T37: =IF(計算用!$V$32="","",INDEX(計算用!$C$2:$C$721,計算用!$V$32))
A38: =IF(計算用!$M$33="","",INDEX(計算用!$A$2:$A$721,計算用!$M$33)) | B38: =IF(計算用!$M$33="","",INDEX(計算用!$C$2:$C$721,計算用!$M$33)) | C38: =IF(計算用!$N$33="","",INDEX(計算用!$A$2:$A$721,計算用!$N$33)) | D38: =IF(計算用!$N$33="","",INDEX(計算用!$C$2:$C$721,計算用!$N$33)) | E38: =IF(計算用!$O$33="","",INDEX(計算用!$A$2:$A$721,計算用!$O$33)) | F38: =IF(計算用!$O$33="","",INDEX(計算用!$C$2:$C$721,計算用!$O$33)) | G38: =IF(計算用!$P$33="","",INDEX(計算用!$A$2:$A$721,計算用!$P$33)) | H38: =IF(計算用!$P$33="","",INDEX(計算用!$C$2:$C$721,計算用!$P$33)) | I38: =IF(計算用!$Q$33="","",INDEX(計算用!$A$2:$A$721,計算用!$Q$33)) | J38: =IF(計算用!$Q$33="","",INDEX(計算用!$C$2:$C$721,計算用!$Q$33)) | K38: =IF(計算用!$R$33="","",INDEX(計算用!$A$2:$A$721,計算用!$R$33)) | L38: =IF(計算用!$R$33="","",INDEX(計算用!$C$2:$C$721,計算用!$R$33)) | M38: =IF(計算用!$S$33="","",INDEX(計算用!$A$2:$A$721,計算用!$S$33)) | N38: =IF(計算用!$S$33="","",INDEX(計算用!$C$2:$C$721,計算用!$S$33)) | O38: =IF(計算用!$T$33="","",INDEX(計算用!$A$2:$A$721,計算用!$T$33)) | P38: =IF(計算用!$T$33="","",INDEX(計算用!$C$2:$C$721,計算用!$T$33)) | Q38: =IF(計算用!$U$33="","",INDEX(計算用!$A$2:$A$721,計算用!$U$33)) | R38: =IF(計算用!$U$33="","",INDEX(計算用!$C$2:$C$721,計算用!$U$33)) | S38: =IF(計算用!$V$33="","",INDEX(計算用!$A$2:$A$721,計算用!$V$33)) | T38: =IF(計算用!$V$33="","",INDEX(計算用!$C$2:$C$721,計算用!$V$33))
A39: =IF(計算用!$M$34="","",INDEX(計算用!$A$2:$A$721,計算用!$M$34)) | B39: =IF(計算用!$M$34="","",INDEX(計算用!$C$2:$C$721,計算用!$M$34)) | C39: =IF(計算用!$N$34="","",INDEX(計算用!$A$2:$A$721,計算用!$N$34)) | D39: =IF(計算用!$N$34="","",INDEX(計算用!$C$2:$C$721,計算用!$N$34)) | E39: =IF(計算用!$O$34="","",INDEX(計算用!$A$2:$A$721,計算用!$O$34)) | F39: =IF(計算用!$O$34="","",INDEX(計算用!$C$2:$C$721,計算用!$O$34)) | G39: =IF(計算用!$P$34="","",INDEX(計算用!$A$2:$A$721,計算用!$P$34)) | H39: =IF(計算用!$P$34="","",INDEX(計算用!$C$2:$C$721,計算用!$P$34)) | I39: =IF(計算用!$Q$34="","",INDEX(計算用!$A$2:$A$721,計算用!$Q$34)) | J39: =IF(計算用!$Q$34="","",INDEX(計算用!$C$2:$C$721,計算用!$Q$34)) | K39: =IF(計算用!$R$34="","",INDEX(計算用!$A$2:$A$721,計算用!$R$34)) | L39: =IF(計算用!$R$34="","",INDEX(計算用!$C$2:$C$721,計算用!$R$34)) | M39: =IF(計算用!$S$34="","",INDEX(計算用!$A$2:$A$721,計算用!$S$34)) | N39: =IF(計算用!$S$34="","",INDEX(計算用!$C$2:$C$721,計算用!$S$34)) | O39: =IF(計算用!$T$34="","",INDEX(計算用!$A$2:$A$721,計算用!$T$34)) | P39: =IF(計算用!$T$34="","",INDEX(計算用!$C$2:$C$721,計算用!$T$34)) | Q39: =IF(計算用!$U$34="","",INDEX(計算用!$A$2:$A$721,計算用!$U$34)) | R39: =IF(計算用!$U$34="","",INDEX(計算用!$C$2:$C$721,計算用!$U$34)) | S39: =IF(計算用!$V$34="","",INDEX(計算用!$A$2:$A$721,計算用!$V$34)) | T39: =IF(計算用!$V$34="","",INDEX(計算用!$C$2:$C$721,計算用!$V$34))
A40: =IF(計算用!$M$35="","",INDEX(計算用!$A$2:$A$721,計算用!$M$35)) | B40: =IF(計算用!$M$35="","",INDEX(計算用!$C$2:$C$721,計算用!$M$35)) | C40: =IF(計算用!$N$35="","",INDEX(計算用!$A$2:$A$721,計算用!$N$35)) | D40: =IF(計算用!$N$35="","",INDEX(計算用!$C$2:$C$721,計算用!$N$35)) | E40: =IF(計算用!$O$35="","",INDEX(計算用!$A$2:$A$721,計算用!$O$35)) | F40: =IF(計算用!$O$35="","",INDEX(計算用!$C$2:$C$721,計算用!$O$35)) | G40: =IF(計算用!$P$35="","",INDEX(計算用!$A$2:$A$721,計算用!$P$35)) | H40: =IF(計算用!$P$35="","",INDEX(計算用!$C$2:$C$721,計算用!$P$35)) | I40: =IF(計算用!$Q$35="","",INDEX(計算用!$A$2:$A$721,計算用!$Q$35)) | J40: =IF(計算用!$Q$35="","",INDEX(計算用!$C$2:$C$721,計算用!$Q$35)) | K40: =IF(計算用!$R$35="","",INDEX(計算用!$A$2:$A$721,計算用!$R$35)) | L40: =IF(計算用!$R$35="","",INDEX(計算用!$C$2:$C$721,計算用!$R$35)) | M40: =IF(計算用!$S$35="","",INDEX(計算用!$A$2:$A$721,計算用!$S$35)) | N40: =IF(計算用!$S$35="","",INDEX(計算用!$C$2:$C$721,計算用!$S$35)) | O40: =IF(計算用!$T$35="","",INDEX(計算用!$A$2:$A$721,計算用!$T$35)) | P40: =IF(計算用!$T$35="","",INDEX(計算用!$C$2:$C$721,計算用!$T$35)) | Q40: =IF(計算用!$U$35="","",INDEX(計算用!$A$2:$A$721,計算用!$U$35)) | R40: =IF(計算用!$U$35="","",INDEX(計算用!$C$2:$C$721,計算用!$U$35)) | S40: =IF(計算用!$V$35="","",INDEX(計算用!$A$2:$A$721,計算用!$V$35)) | T40: =IF(計算用!$V$35="","",INDEX(計算用!$C$2:$C$721,計算用!$V$35))
A41: =IF(計算用!$M$36="","",INDEX(計算用!$A$2:$A$721,計算用!$M$36)) | B41: =IF(計算用!$M$36="","",INDEX(計算用!$C$2:$C$721,計算用!$M$36)) | C41: =IF(計算用!$N$36="","",INDEX(計算用!$A$2:$A$721,計算用!$N$36)) | D41: =IF(計算用!$N$36="","",INDEX(計算用!$C$2:$C$721,計算用!$N$36)) | E41: =IF(計算用!$O$36="","",INDEX(計算用!$A$2:$A$721,計算用!$O$36)) | F41: =IF(計算用!$O$36="","",INDEX(計算用!$C$2:$C$721,計算用!$O$36)) | G41: =IF(計算用!$P$36="","",INDEX(計算用!$A$2:$A$721,計算用!$P$36)) | H41: =IF(計算用!$P$36="","",INDEX(計算用!$C$2:$C$721,計算用!$P$36)) | I41: =IF(計算用!$Q$36="","",INDEX(計算用!$A$2:$A$721,計算用!$Q$36)) | J41: =IF(計算用!$Q$36="","",INDEX(計算用!$C$2:$C$721,計算用!$Q$36)) | K41: =IF(計算用!$R$36="","",INDEX(計算用!$A$2:$A$721,計算用!$R$36)) | L41: =IF(計算用!$R$36="","",INDEX(計算用!$C$2:$C$721,計算用!$R$36)) | M41: =IF(計算用!$S$36="","",INDEX(計算用!$A$2:$A$721,計算用!$S$36)) | N41: =IF(計算用!$S$36="","",INDEX(計算用!$C$2:$C$721,計算用!$S$36)) | O41: =IF(計算用!$T$36="","",INDEX(計算用!$A$2:$A$721,計算用!$T$36)) | P41: =IF(計算用!$T$36="","",INDEX(計算用!$C$2:$C$721,計算用!$T$36)) | Q41: =IF(計算用!$U$36="","",INDEX(計算用!$A$2:$A$721,計算用!$U$36)) | R41: =IF(計算用!$U$36="","",INDEX(計算用!$C$2:$C$721,計算用!$U$36)) | S41: =IF(計算用!$V$36="","",INDEX(計算用!$A$2:$A$721,計算用!$V$36)) | T41: =IF(計算用!$V$36="","",INDEX(計算用!$C$2:$C$721,計算用!$V$36))
A42: =IF(計算用!$M$37="","",INDEX(計算用!$A$2:$A$721,計算用!$M$37)) | B42: =IF(計算用!$M$37="","",INDEX(計算用!$C$2:$C$721,計算用!$M$37)) | C42: =IF(計算用!$N$37="","",INDEX(計算用!$A$2:$A$721,計算用!$N$37)) | D42: =IF(計算用!$N$37="","",INDEX(計算用!$C$2:$C$721,計算用!$N$37)) | E42: =IF(計算用!$O$37="","",INDEX(計算用!$A$2:$A$721,計算用!$O$37)) | F42: =IF(計算用!$O$37="","",INDEX(計算用!$C$2:$C$721,計算用!$O$37)) | G42: =IF(計算用!$P$37="","",INDEX(計算用!$A$2:$A$721,計算用!$P$37)) | H42: =IF(計算用!$P$37="","",INDEX(計算用!$C$2:$C$721,計算用!$P$37)) | I42: =IF(計算用!$Q$37="","",INDEX(計算用!$A$2:$A$721,計算用!$Q$37)) | J42: =IF(計算用!$Q$37="","",INDEX(計算用!$C$2:$C$721,計算用!$Q$37)) | K42: =IF(計算用!$R$37="","",INDEX(計算用!$A$2:$A$721,計算用!$R$37)) | L42: =IF(計算用!$R$37="","",INDEX(計算用!$C$2:$C$721,計算用!$R$37)) | M42: =IF(計算用!$S$37="","",INDEX(計算用!$A$2:$A$721,計算用!$S$37)) | N42: =IF(計算用!$S$37="","",INDEX(計算用!$C$2:$C$721,計算用!$S$37)) | O42: =IF(計算用!$T$37="","",INDEX(計算用!$A$2:$A$721,計算用!$T$37)) | P42: =IF(計算用!$T$37="","",INDEX(計算用!$C$2:$C$721,計算用!$T$37)) | Q42: =IF(計算用!$U$37="","",INDEX(計算用!$A$2:$A$721,計算用!$U$37)) | R42: =IF(計算用!$U$37="","",INDEX(計算用!$C$2:$C$721,計算用!$U$37)) | S42: =IF(計算用!$V$37="","",INDEX(計算用!$A$2:$A$721,計算用!$V$37)) | T42: =IF(計算用!$V$37="","",INDEX(計算用!$C$2:$C$721,計算用!$V$37))
A43: =IF(計算用!$M$38="","",INDEX(計算用!$A$2:$A$721,計算用!$M$38)) | B43: =IF(計算用!$M$38="","",INDEX(計算用!$C$2:$C$721,計算用!$M$38)) | C43: =IF(計算用!$N$38="","",INDEX(計算用!$A$2:$A$721,計算用!$N$38)) | D43: =IF(計算用!$N$38="","",INDEX(計算用!$C$2:$C$721,計算用!$N$38)) | E43: =IF(計算用!$O$38="","",INDEX(計算用!$A$2:$A$721,計算用!$O$38)) | F43: =IF(計算用!$O$38="","",INDEX(計算用!$C$2:$C$721,計算用!$O$38)) | G43: =IF(計算用!$P$38="","",INDEX(計算用!$A$2:$A$721,計算用!$P$38)) | H43: =IF(計算用!$P$38="","",INDEX(計算用!$C$2:$C$721,計算用!$P$38)) | I43: =IF(計算用!$Q$38="","",INDEX(計算用!$A$2:$A$721,計算用!$Q$38)) | J43: =IF(計算用!$Q$38="","",INDEX(計算用!$C$2:$C$721,計算用!$Q$38)) | K43: =IF(計算用!$R$38="","",INDEX(計算用!$A$2:$A$721,計算用!$R$38)) | L43: =IF(計算用!$R$38="","",INDEX(計算用!$C$2:$C$721,計算用!$R$38)) | M43: =IF(計算用!$S$38="","",INDEX(計算用!$A$2:$A$721,計算用!$S$38)) | N43: =IF(計算用!$S$38="","",INDEX(計算用!$C$2:$C$721,計算用!$S$38)) | O43: =IF(計算用!$T$38="","",INDEX(計算用!$A$2:$A$721,計算用!$T$38)) | P43: =IF(計算用!$T$38="","",INDEX(計算用!$C$2:$C$721,計算用!$T$38)) | Q43: =IF(計算用!$U$38="","",INDEX(計算用!$A$2:$A$721,計算用!$U$38)) | R43: =IF(計算用!$U$38="","",INDEX(計算用!$C$2:$C$721,計算用!$U$38)) | S43: =IF(計算用!$V$38="","",INDEX(計算用!$A$2:$A$721,計算用!$V$38)) | T43: =IF(計算用!$V$38="","",INDEX(計算用!$C$2:$C$721,計算用!$V$38))
A44: =IF(計算用!$M$39="","",INDEX(計算用!$A$2:$A$721,計算用!$M$39)) | B44: =IF(計算用!$M$39="","",INDEX(計算用!$C$2:$C$721,計算用!$M$39)) | C44: =IF(計算用!$N$39="","",INDEX(計算用!$A$2:$A$721,計算用!$N$39)) | D44: =IF(計算用!$N$39="","",INDEX(計算用!$C$2:$C$721,計算用!$N$39)) | E44: =IF(計算用!$O$39="","",INDEX(計算用!$A$2:$A$721,計算用!$O$39)) | F44: =IF(計算用!$O$39="","",INDEX(計算用!$C$2:$C$721,計算用!$O$39)) | G44: =IF(計算用!$P$39="","",INDEX(計算用!$A$2:$A$721,計算用!$P$39)) | H44: =IF(計算用!$P$39="","",INDEX(計算用!$C$2:$C$721,計算用!$P$39)) | I44: =IF(計算用!$Q$39="","",INDEX(計算用!$A$2:$A$721,計算用!$Q$39)) | J44: =IF(計算用!$Q$39="","",INDEX(計算用!$C$2:$C$721,計算用!$Q$39)) | K44: =IF(計算用!$R$39="","",INDEX(計算用!$A$2:$A$721,計算用!$R$39)) | L44: =IF(計算用!$R$39="","",INDEX(計算用!$C$2:$C$721,計算用!$R$39)) | M44: =IF(計算用!$S$39="","",INDEX(計算用!$A$2:$A$721,計算用!$S$39)) | N44: =IF(計算用!$S$39="","",INDEX(計算用!$C$2:$C$721,計算用!$S$39)) | O44: =IF(計算用!$T$39="","",INDEX(計算用!$A$2:$A$721,計算用!$T$39)) | P44: =IF(計算用!$T$39="","",INDEX(計算用!$C$2:$C$721,計算用!$T$39)) | Q44: =IF(計算用!$U$39="","",INDEX(計算用!$A$2:$A$721,計算用!$U$39)) | R44: =IF(計算用!$U$39="","",INDEX(計算用!$C$2:$C$721,計算用!$U$39)) | S44: =IF(計算用!$V$39="","",INDEX(計算用!$A$2:$A$721,計算用!$V$39)) | T44: =IF(計算用!$V$39="","",INDEX(計算用!$C$2:$C$721,計算用!$V$39))
A45: =IF(計算用!$M$40="","",INDEX(計算用!$A$2:$A$721,計算用!$M$40)) | B45: =IF(計算用!$M$40="","",INDEX(計算用!$C$2:$C$721,計算用!$M$40)) | C45: =IF(計算用!$N$40="","",INDEX(計算用!$A$2:$A$721,計算用!$N$40)) | D45: =IF(計算用!$N$40="","",INDEX(計算用!$C$2:$C$721,計算用!$N$40)) | E45: =IF(計算用!$O$40="","",INDEX(計算用!$A$2:$A$721,計算用!$O$40)) | F45: =IF(計算用!$O$40="","",INDEX(計算用!$C$2:$C$721,計算用!$O$40)) | G45: =IF(計算用!$P$40="","",INDEX(計算用!$A$2:$A$721,計算用!$P$40)) | H45: =IF(計算用!$P$40="","",INDEX(計算用!$C$2:$C$721,計算用!$P$40)) | I45: =IF(計算用!$Q$40="","",INDEX(計算用!$A$2:$A$721,計算用!$Q$40)) | J45: =IF(計算用!$Q$40="","",INDEX(計算用!$C$2:$C$721,計算用!$Q$40)) | K45: =IF(計算用!$R$40="","",INDEX(計算用!$A$2:$A$721,計算用!$R$40)) | L45: =IF(計算用!$R$40="","",INDEX(計算用!$C$2:$C$721,計算用!$R$40)) | M45: =IF(計算用!$S$40="","",INDEX(計算用!$A$2:$A$721,計算用!$S$40)) | N45: =IF(計算用!$S$40="","",INDEX(計算用!$C$2:$C$721,計算用!$S$40)) | O45: =IF(計算用!$T$40="","",INDEX(計算用!$A$2:$A$721,計算用!$T$40)) | P45: =IF(計算用!$T$40="","",INDEX(計算用!$C$2:$C$721,計算用!$T$40)) | Q45: =IF(計算用!$U$40="","",INDEX(計算用!$A$2:$A$721,計算用!$U$40)) | R45: =IF(計算用!$U$40="","",INDEX(計算用!$C$2:$C$721,計算用!$U$40)) | S45: =IF(計算用!$V$40="","",INDEX(計算用!$A$2:$A$721,計算用!$V$40)) | T45: =IF(計算用!$V$40="","",INDEX(計算用!$C$2:$C$721,計算用!$V$40))
A46: =IF(計算用!$M$41="","",INDEX(計算用!$A$2:$A$721,計算用!$M$41)) | B46: =IF(計算用!$M$41="","",INDEX(計算用!$C$2:$C$721,計算用!$M$41)) | C46: =IF(計算用!$N$41="","",INDEX(計算用!$A$2:$A$721,計算用!$N$41)) | D46: =IF(計算用!$N$41="","",INDEX(計算用!$C$2:$C$721,計算用!$N$41)) | E46: =IF(計算用!$O$41="","",INDEX(計算用!$A$2:$A$721,計算用!$O$41)) | F46: =IF(計算用!$O$41="","",INDEX(計算用!$C$2:$C$721,計算用!$O$41)) | G46: =IF(計算用!$P$41="","",INDEX(計算用!$A$2:$A$721,計算用!$P$41)) | H46: =IF(計算用!$P$41="","",INDEX(計算用!$C$2:$C$721,計算用!$P$41)) | I46: =IF(計算用!$Q$41="","",INDEX(計算用!$A$2:$A$721,計算用!$Q$41)) | J46: =IF(計算用!$Q$41="","",INDEX(計算用!$C$2:$C$721,計算用!$Q$41)) | K46: =IF(計算用!$R$41="","",INDEX(計算用!$A$2:$A$721,計算用!$R$41)) | L46: =IF(計算用!$R$41="","",INDEX(計算用!$C$2:$C$721,計算用!$R$41)) | M46: =IF(計算用!$S$41="","",INDEX(計算用!$A$2:$A$721,計算用!$S$41)) | N46: =IF(計算用!$S$41="","",INDEX(計算用!$C$2:$C$721,計算用!$S$41)) | O46: =IF(計算用!$T$41="","",INDEX(計算用!$A$2:$A$721,計算用!$T$41)) | P46: =IF(計算用!$T$41="","",INDEX(計算用!$C$2:$C$721,計算用!$T$41)) | Q46: =IF(計算用!$U$41="","",INDEX(計算用!$A$2:$A$721,計算用!$U$41)) | R46: =IF(計算用!$U$41="","",INDEX(計算用!$C$2:$C$721,計算用!$U$41)) | S46: =IF(計算用!$V$41="","",INDEX(計算用!$A$2:$A$721,計算用!$V$41)) | T46: =IF(計算用!$V$41="","",INDEX(計算用!$C$2:$C$721,計算用!$V$41))
A47: =IF(計算用!$M$42="","",INDEX(計算用!$A$2:$A$721,計算用!$M$42)) | B47: =IF(計算用!$M$42="","",INDEX(計算用!$C$2:$C$721,計算用!$M$42)) | C47: =IF(計算用!$N$42="","",INDEX(計算用!$A$2:$A$721,計算用!$N$42)) | D47: =IF(計算用!$N$42="","",INDEX(計算用!$C$2:$C$721,計算用!$N$42)) | E47: =IF(計算用!$O$42="","",INDEX(計算用!$A$2:$A$721,計算用!$O$42)) | F47: =IF(計算用!$O$42="","",INDEX(計算用!$C$2:$C$721,計算用!$O$42)) | G47: =IF(計算用!$P$42="","",INDEX(計算用!$A$2:$A$721,計算用!$P$42)) | H47: =IF(計算用!$P$42="","",INDEX(計算用!$C$2:$C$721,計算用!$P$42)) | I47: =IF(計算用!$Q$42="","",INDEX(計算用!$A$2:$A$721,計算用!$Q$42)) | J47: =IF(計算用!$Q$42="","",INDEX(計算用!$C$2:$C$721,計算用!$Q$42)) | K47: =IF(計算用!$R$42="","",INDEX(計算用!$A$2:$A$721,計算用!$R$42)) | L47: =IF(計算用!$R$42="","",INDEX(計算用!$C$2:$C$721,計算用!$R$42)) | M47: =IF(計算用!$S$42="","",INDEX(計算用!$A$2:$A$721,計算用!$S$42)) | N47: =IF(計算用!$S$42="","",INDEX(計算用!$C$2:$C$721,計算用!$S$42)) | O47: =IF(計算用!$T$42="","",INDEX(計算用!$A$2:$A$721,計算用!$T$42)) | P47: =IF(計算用!$T$42="","",INDEX(計算用!$C$2:$C$721,計算用!$T$42)) | Q47: =IF(計算用!$U$42="","",INDEX(計算用!$A$2:$A$721,計算用!$U$42)) | R47: =IF(計算用!$U$42="","",INDEX(計算用!$C$2:$C$721,計算用!$U$42)) | S47: =IF(計算用!$V$42="","",INDEX(計算用!$A$2:$A$721,計算用!$V$42)) | T47: =IF(計算用!$V$42="","",INDEX(計算用!$C$2:$C$721,計算用!$V$42))
A48: =IF(計算用!$M$43="","",INDEX(計算用!$A$2:$A$721,計算用!$M$43)) | B48: =IF(計算用!$M$43="","",INDEX(計算用!$C$2:$C$721,計算用!$M$43)) | C48: =IF(計算用!$N$43="","",INDEX(計算用!$A$2:$A$721,計算用!$N$43)) | D48: =IF(計算用!$N$43="","",INDEX(計算用!$C$2:$C$721,計算用!$N$43)) | E48: =IF(計算用!$O$43="","",INDEX(計算用!$A$2:$A$721,計算用!$O$43)) | F48: =IF(計算用!$O$43="","",INDEX(計算用!$C$2:$C$721,計算用!$O$43)) | G48: =IF(計算用!$P$43="","",INDEX(計算用!$A$2:$A$721,計算用!$P$43)) | H48: =IF(計算用!$P$43="","",INDEX(計算用!$C$2:$C$721,計算用!$P$43)) | I48: =IF(計算用!$Q$43="","",INDEX(計算用!$A$2:$A$721,計算用!$Q$43)) | J48: =IF(計算用!$Q$43="","",INDEX(計算用!$C$2:$C$721,計算用!$Q$43)) | K48: =IF(計算用!$R$43="","",INDEX(計算用!$A$2:$A$721,計算用!$R$43)) | L48: =IF(計算用!$R$43="","",INDEX(計算用!$C$2:$C$721,計算用!$R$43)) | M48: =IF(計算用!$S$43="","",INDEX(計算用!$A$2:$A$721,計算用!$S$43)) | N48: =IF(計算用!$S$43="","",INDEX(計算用!$C$2:$C$721,計算用!$S$43)) | O48: =IF(計算用!$T$43="","",INDEX(計算用!$A$2:$A$721,計算用!$T$43)) | P48: =IF(計算用!$T$43="","",INDEX(計算用!$C$2:$C$721,計算用!$T$43)) | Q48: =IF(計算用!$U$43="","",INDEX(計算用!$A$2:$A$721,計算用!$U$43)) | R48: =IF(計算用!$U$43="","",INDEX(計算用!$C$2:$C$721,計算用!$U$43)) | S48: =IF(計算用!$V$43="","",INDEX(計算用!$A$2:$A$721,計算用!$V$43)) | T48: =IF(計算用!$V$43="","",INDEX(計算用!$C$2:$C$721,計算用!$V$43))
A49: =IF(計算用!$M$44="","",INDEX(計算用!$A$2:$A$721,計算用!$M$44)) | B49: =IF(計算用!$M$44="","",INDEX(計算用!$C$2:$C$721,計算用!$M$44)) | C49: =IF(計算用!$N$44="","",INDEX(計算用!$A$2:$A$721,計算用!$N$44)) | D49: =IF(計算用!$N$44="","",INDEX(計算用!$C$2:$C$721,計算用!$N$44)) | E49: =IF(計算用!$O$44="","",INDEX(計算用!$A$2:$A$721,計算用!$O$44)) | F49: =IF(計算用!$O$44="","",INDEX(計算用!$C$2:$C$721,計算用!$O$44)) | G49: =IF(計算用!$P$44="","",INDEX(計算用!$A$2:$A$721,計算用!$P$44)) | H49: =IF(計算用!$P$44="","",INDEX(計算用!$C$2:$C$721,計算用!$P$44)) | I49: =IF(計算用!$Q$44="","",INDEX(計算用!$A$2:$A$721,計算用!$Q$44)) | J49: =IF(計算用!$Q$44="","",INDEX(計算用!$C$2:$C$721,計算用!$Q$44)) | K49: =IF(計算用!$R$44="","",INDEX(計算用!$A$2:$A$721,計算用!$R$44)) | L49: =IF(計算用!$R$44="","",INDEX(計算用!$C$2:$C$721,計算用!$R$44)) | M49: =IF(計算用!$S$44="","",INDEX(計算用!$A$2:$A$721,計算用!$S$44)) | N49: =IF(計算用!$S$44="","",INDEX(計算用!$C$2:$C$721,計算用!$S$44)) | O49: =IF(計算用!$T$44="","",INDEX(計算用!$A$2:$A$721,計算用!$T$44)) | P49: =IF(計算用!$T$44="","",INDEX(計算用!$C$2:$C$721,計算用!$T$44)) | Q49: =IF(計算用!$U$44="","",INDEX(計算用!$A$2:$A$721,計算用!$U$44)) | R49: =IF(計算用!$U$44="","",INDEX(計算用!$C$2:$C$721,計算用!$U$44)) | S49: =IF(計算用!$V$44="","",INDEX(計算用!$A$2:$A$721,計算用!$V$44)) | T49: =IF(計算用!$V$44="","",INDEX(計算用!$C$2:$C$721,計算用!$V$44))
A50: =IF(計算用!$M$45="","",INDEX(計算用!$A$2:$A$721,計算用!$M$45)) | B50: =IF(計算用!$M$45="","",INDEX(計算用!$C$2:$C$721,計算用!$M$45)) | C50: =IF(計算用!$N$45="","",INDEX(計算用!$A$2:$A$721,計算用!$N$45)) | D50: =IF(計算用!$N$45="","",INDEX(計算用!$C$2:$C$721,計算用!$N$45)) | E50: =IF(計算用!$O$45="","",INDEX(計算用!$A$2:$A$721,計算用!$O$45)) | F50: =IF(計算用!$O$45="","",INDEX(計算用!$C$2:$C$721,計算用!$O$45)) | G50: =IF(計算用!$P$45="","",INDEX(計算用!$A$2:$A$721,計算用!$P$45)) | H50: =IF(計算用!$P$45="","",INDEX(計算用!$C$2:$C$721,計算用!$P$45)) | I50: =IF(計算用!$Q$45="","",INDEX(計算用!$A$2:$A$721,計算用!$Q$45)) | J50: =IF(計算用!$Q$45="","",INDEX(計算用!$C$2:$C$721,計算用!$Q$45)) | K50: =IF(計算用!$R$45="","",INDEX(計算用!$A$2:$A$721,計算用!$R$45)) | L50: =IF(計算用!$R$45="","",INDEX(計算用!$C$2:$C$721,計算用!$R$45)) | M50: =IF(計算用!$S$45="","",INDEX(計算用!$A$2:$A$721,計算用!$S$45)) | N50: =IF(計算用!$S$45="","",INDEX(計算用!$C$2:$C$721,計算用!$S$45)) | O50: =IF(計算用!$T$45="","",INDEX(計算用!$A$2:$A$721,計算用!$T$45)) | P50: =IF(計算用!$T$45="","",INDEX(計算用!$C$2:$C$721,計算用!$T$45)) | Q50: =IF(計算用!$U$45="","",INDEX(計算用!$A$2:$A$721,計算用!$U$45)) | R50: =IF(計算用!$U$45="","",INDEX(計算用!$C$2:$C$721,計算用!$U$45)) | S50: =IF(計算用!$V$45="","",INDEX(計算用!$A$2:$A$721,計算用!$V$45)) | T50: =IF(計算用!$V$45="","",INDEX(計算用!$C$2:$C$721,計算用!$V$45))
A51: =IF(計算用!$M$46="","",INDEX(計算用!$A$2:$A$721,計算用!$M$46)) | B51: =IF(計算用!$M$46="","",INDEX(計算用!$C$2:$C$721,計算用!$M$46)) | C51: =IF(計算用!$N$46="","",INDEX(計算用!$A$2:$A$721,計算用!$N$46)) | D51: =IF(計算用!$N$46="","",INDEX(計算用!$C$2:$C$721,計算用!$N$46)) | E51: =IF(計算用!$O$46="","",INDEX(計算用!$A$2:$A$721,計算用!$O$46)) | F51: =IF(計算用!$O$46="","",INDEX(計算用!$C$2:$C$721,計算用!$O$46)) | G51: =IF(計算用!$P$46="","",INDEX(計算用!$A$2:$A$721,計算用!$P$46)) | H51: =IF(計算用!$P$46="","",INDEX(計算用!$C$2:$C$721,計算用!$P$46)) | I51: =IF(計算用!$Q$46="","",INDEX(計算用!$A$2:$A$721,計算用!$Q$46)) | J51: =IF(計算用!$Q$46="","",INDEX(計算用!$C$2:$C$721,計算用!$Q$46)) | K51: =IF(計算用!$R$46="","",INDEX(計算用!$A$2:$A$721,計算用!$R$46)) | L51: =IF(計算用!$R$46="","",INDEX(計算用!$C$2:$C$721,計算用!$R$46)) | M51: =IF(計算用!$S$46="","",INDEX(計算用!$A$2:$A$721,計算用!$S$46)) | N51: =IF(計算用!$S$46="","",INDEX(計算用!$C$2:$C$721,計算用!$S$46)) | O51: =IF(計算用!$T$46="","",INDEX(計算用!$A$2:$A$721,計算用!$T$46)) | P51: =IF(計算用!$T$46="","",INDEX(計算用!$C$2:$C$721,計算用!$T$46)) | Q51: =IF(計算用!$U$46="","",INDEX(計算用!$A$2:$A$721,計算用!$U$46)) | R51: =IF(計算用!$U$46="","",INDEX(計算用!$C$2:$C$721,計算用!$U$46)) | S51: =IF(計算用!$V$46="","",INDEX(計算用!$A$2:$A$721,計算用!$V$46)) | T51: =IF(計算用!$V$46="","",INDEX(計算用!$C$2:$C$721,計算用!$V$46))
A52: =IF(計算用!$M$47="","",INDEX(計算用!$A$2:$A$721,計算用!$M$47)) | B52: =IF(計算用!$M$47="","",INDEX(計算用!$C$2:$C$721,計算用!$M$47)) | C52: =IF(計算用!$N$47="","",INDEX(計算用!$A$2:$A$721,計算用!$N$47)) | D52: =IF(計算用!$N$47="","",INDEX(計算用!$C$2:$C$721,計算用!$N$47)) | E52: =IF(計算用!$O$47="","",INDEX(計算用!$A$2:$A$721,計算用!$O$47)) | F52: =IF(計算用!$O$47="","",INDEX(計算用!$C$2:$C$721,計算用!$O$47)) | G52: =IF(計算用!$P$47="","",INDEX(計算用!$A$2:$A$721,計算用!$P$47)) | H52: =IF(計算用!$P$47="","",INDEX(計算用!$C$2:$C$721,計算用!$P$47)) | I52: =IF(計算用!$Q$47="","",INDEX(計算用!$A$2:$A$721,計算用!$Q$47)) | J52: =IF(計算用!$Q$47="","",INDEX(計算用!$C$2:$C$721,計算用!$Q$47)) | K52: =IF(計算用!$R$47="","",INDEX(計算用!$A$2:$A$721,計算用!$R$47)) | L52: =IF(計算用!$R$47="","",INDEX(計算用!$C$2:$C$721,計算用!$R$47)) | M52: =IF(計算用!$S$47="","",INDEX(計算用!$A$2:$A$721,計算用!$S$47)) | N52: =IF(計算用!$S$47="","",INDEX(計算用!$C$2:$C$721,計算用!$S$47)) | O52: =IF(計算用!$T$47="","",INDEX(計算用!$A$2:$A$721,計算用!$T$47)) | P52: =IF(計算用!$T$47="","",INDEX(計算用!$C$2:$C$721,計算用!$T$47)) | Q52: =IF(計算用!$U$47="","",INDEX(計算用!$A$2:$A$721,計算用!$U$47)) | R52: =IF(計算用!$U$47="","",INDEX(計算用!$C$2:$C$721,計算用!$U$47)) | S52: =IF(計算用!$V$47="","",INDEX(計算用!$A$2:$A$721,計算用!$V$47)) | T52: =IF(計算用!$V$47="","",INDEX(計算用!$C$2:$C$721,計算用!$V$47))
A53: =IF(計算用!$M$48="","",INDEX(計算用!$A$2:$A$721,計算用!$M$48)) | B53: =IF(計算用!$M$48="","",INDEX(計算用!$C$2:$C$721,計算用!$M$48)) | C53: =IF(計算用!$N$48="","",INDEX(計算用!$A$2:$A$721,計算用!$N$48)) | D53: =IF(計算用!$N$48="","",INDEX(計算用!$C$2:$C$721,計算用!$N$48)) | E53: =IF(計算用!$O$48="","",INDEX(計算用!$A$2:$A$721,計算用!$O$48)) | F53: =IF(計算用!$O$48="","",INDEX(計算用!$C$2:$C$721,計算用!$O$48)) | G53: =IF(計算用!$P$48="","",INDEX(計算用!$A$2:$A$721,計算用!$P$48)) | H53: =IF(計算用!$P$48="","",INDEX(計算用!$C$2:$C$721,計算用!$P$48)) | I53: =IF(計算用!$Q$48="","",INDEX(計算用!$A$2:$A$721,計算用!$Q$48)) | J53: =IF(計算用!$Q$48="","",INDEX(計算用!$C$2:$C$721,計算用!$Q$48)) | K53: =IF(計算用!$R$48="","",INDEX(計算用!$A$2:$A$721,計算用!$R$48)) | L53: =IF(計算用!$R$48="","",INDEX(計算用!$C$2:$C$721,計算用!$R$48)) | M53: =IF(計算用!$S$48="","",INDEX(計算用!$A$2:$A$721,計算用!$S$48)) | N53: =IF(計算用!$S$48="","",INDEX(計算用!$C$2:$C$721,計算用!$S$48)) | O53: =IF(計算用!$T$48="","",INDEX(計算用!$A$2:$A$721,計算用!$T$48)) | P53: =IF(計算用!$T$48="","",INDEX(計算用!$C$2:$C$721,計算用!$T$48)) | Q53: =IF(計算用!$U$48="","",INDEX(計算用!$A$2:$A$721,計算用!$U$48)) | R53: =IF(計算用!$U$48="","",INDEX(計算用!$C$2:$C$721,計算用!$U$48)) | S53: =IF(計算用!$V$48="","",INDEX(計算用!$A$2:$A$721,計算用!$V$48)) | T53: =IF(計算用!$V$48="","",INDEX(計算用!$C$2:$C$721,計算用!$V$48))
A54: =IF(計算用!$M$49="","",INDEX(計算用!$A$2:$A$721,計算用!$M$49)) | B54: =IF(計算用!$M$49="","",INDEX(計算用!$C$2:$C$721,計算用!$M$49)) | C54: =IF(計算用!$N$49="","",INDEX(計算用!$A$2:$A$721,計算用!$N$49)) | D54: =IF(計算用!$N$49="","",INDEX(計算用!$C$2:$C$721,計算用!$N$49)) | E54: =IF(計算用!$O$49="","",INDEX(計算用!$A$2:$A$721,計算用!$O$49)) | F54: =IF(計算用!$O$49="","",INDEX(計算用!$C$2:$C$721,計算用!$O$49)) | G54: =IF(計算用!$P$49="","",INDEX(計算用!$A$2:$A$721,計算用!$P$49)) | H54: =IF(計算用!$P$49="","",INDEX(計算用!$C$2:$C$721,計算用!$P$49)) | I54: =IF(計算用!$Q$49="","",INDEX(計算用!$A$2:$A$721,計算用!$Q$49)) | J54: =IF(計算用!$Q$49="","",INDEX(計算用!$C$2:$C$721,計算用!$Q$49)) | K54: =IF(計算用!$R$49="","",INDEX(計算用!$A$2:$A$721,計算用!$R$49)) | L54: =IF(計算用!$R$49="","",INDEX(計算用!$C$2:$C$721,計算用!$R$49)) | M54: =IF(計算用!$S$49="","",INDEX(計算用!$A$2:$A$721,計算用!$S$49)) | N54: =IF(計算用!$S$49="","",INDEX(計算用!$C$2:$C$721,計算用!$S$49)) | O54: =IF(計算用!$T$49="","",INDEX(計算用!$A$2:$A$721,計算用!$T$49)) | P54: =IF(計算用!$T$49="","",INDEX(計算用!$C$2:$C$721,計算用!$T$49)) | Q54: =IF(計算用!$U$49="","",INDEX(計算用!$A$2:$A$721,計算用!$U$49)) | R54: =IF(計算用!$U$49="","",INDEX(計算用!$C$2:$C$721,計算用!$U$49)) | S54: =IF(計算用!$V$49="","",INDEX(計算用!$A$2:$A$721,計算用!$V$49)) | T54: =IF(計算用!$V$49="","",INDEX(計算用!$C$2:$C$721,計算用!$V$49))
A55: =IF(計算用!$M$50="","",INDEX(計算用!$A$2:$A$721,計算用!$M$50)) | B55: =IF(計算用!$M$50="","",INDEX(計算用!$C$2:$C$721,計算用!$M$50)) | C55: =IF(計算用!$N$50="","",INDEX(計算用!$A$2:$A$721,計算用!$N$50)) | D55: =IF(計算用!$N$50="","",INDEX(計算用!$C$2:$C$721,計算用!$N$50)) | E55: =IF(計算用!$O$50="","",INDEX(計算用!$A$2:$A$721,計算用!$O$50)) | F55: =IF(計算用!$O$50="","",INDEX(計算用!$C$2:$C$721,計算用!$O$50)) | G55: =IF(計算用!$P$50="","",INDEX(計算用!$A$2:$A$721,計算用!$P$50)) | H55: =IF(計算用!$P$50="","",INDEX(計算用!$C$2:$C$721,計算用!$P$50)) | I55: =IF(計算用!$Q$50="","",INDEX(計算用!$A$2:$A$721,計算用!$Q$50)) | J55: =IF(計算用!$Q$50="","",INDEX(計算用!$C$2:$C$721,計算用!$Q$50)) | K55: =IF(計算用!$R$50="","",INDEX(計算用!$A$2:$A$721,計算用!$R$50)) | L55: =IF(計算用!$R$50="","",INDEX(計算用!$C$2:$C$721,計算用!$R$50)) | M55: =IF(計算用!$S$50="","",INDEX(計算用!$A$2:$A$721,計算用!$S$50)) | N55: =IF(計算用!$S$50="","",INDEX(計算用!$C$2:$C$721,計算用!$S$50)) | O55: =IF(計算用!$T$50="","",INDEX(計算用!$A$2:$A$721,計算用!$T$50)) | P55: =IF(計算用!$T$50="","",INDEX(計算用!$C$2:$C$721,計算用!$T$50)) | Q55: =IF(計算用!$U$50="","",INDEX(計算用!$A$2:$A$721,計算用!$U$50)) | R55: =IF(計算用!$U$50="","",INDEX(計算用!$C$2:$C$721,計算用!$U$50)) | S55: =IF(計算用!$V$50="","",INDEX(計算用!$A$2:$A$721,計算用!$V$50)) | T55: =IF(計算用!$V$50="","",INDEX(計算用!$C$2:$C$721,計算用!$V$50))
A56: =IF(計算用!$M$51="","",INDEX(計算用!$A$2:$A$721,計算用!$M$51)) | B56: =IF(計算用!$M$51="","",INDEX(計算用!$C$2:$C$721,計算用!$M$51)) | C56: =IF(計算用!$N$51="","",INDEX(計算用!$A$2:$A$721,計算用!$N$51)) | D56: =IF(計算用!$N$51="","",INDEX(計算用!$C$2:$C$721,計算用!$N$51)) | E56: =IF(計算用!$O$51="","",INDEX(計算用!$A$2:$A$721,計算用!$O$51)) | F56: =IF(計算用!$O$51="","",INDEX(計算用!$C$2:$C$721,計算用!$O$51)) | G56: =IF(計算用!$P$51="","",INDEX(計算用!$A$2:$A$721,計算用!$P$51)) | H56: =IF(計算用!$P$51="","",INDEX(計算用!$C$2:$C$721,計算用!$P$51)) | I56: =IF(計算用!$Q$51="","",INDEX(計算用!$A$2:$A$721,計算用!$Q$51)) | J56: =IF(計算用!$Q$51="","",INDEX(計算用!$C$2:$C$721,計算用!$Q$51)) | K56: =IF(計算用!$R$51="","",INDEX(計算用!$A$2:$A$721,計算用!$R$51)) | L56: =IF(計算用!$R$51="","",INDEX(計算用!$C$2:$C$721,計算用!$R$51)) | M56: =IF(計算用!$S$51="","",INDEX(計算用!$A$2:$A$721,計算用!$S$51)) | N56: =IF(計算用!$S$51="","",INDEX(計算用!$C$2:$C$721,計算用!$S$51)) | O56: =IF(計算用!$T$51="","",INDEX(計算用!$A$2:$A$721,計算用!$T$51)) | P56: =IF(計算用!$T$51="","",INDEX(計算用!$C$2:$C$721,計算用!$T$51)) | Q56: =IF(計算用!$U$51="","",INDEX(計算用!$A$2:$A$721,計算用!$U$51)) | R56: =IF(計算用!$U$51="","",INDEX(計算用!$C$2:$C$721,計算用!$U$51)) | S56: =IF(計算用!$V$51="","",INDEX(計算用!$A$2:$A$721,計算用!$V$51)) | T56: =IF(計算用!$V$51="","",INDEX(計算用!$C$2:$C$721,計算用!$V$51))
A58: =IF(設定!$I$21="","",設定!$I$21&"（"&人数チェック!$E$17&"名）") | C58: =IF(設定!$I$22="","",設定!$I$22&"（"&人数チェック!$E$18&"名）") | E58: =IF(設定!$I$23="","",設定!$I$23&"（"&人数チェック!$E$19&"名）") | G58: =IF(設定!$I$24="","",設定!$I$24&"（"&人数チェック!$E$20&"名）") | I58: =IF(設定!$I$25="","",設定!$I$25&"（"&人数チェック!$E$21&"名）") | K58: =IF(設定!$I$26="","",設定!$I$26&"（"&人数チェック!$E$22&"名）") | M58: =IF(設定!$I$27="","",設定!$I$27&"（"&人数チェック!$E$23&"名）") | O58: =IF(設定!$I$28="","",設定!$I$28&"（"&人数チェック!$E$24&"名）") | Q58: =IF(設定!$I$29="","",設定!$I$29&"（"&人数チェック!$E$25&"名）") | S58: =IF(設定!$I$30="","",設定!$I$30&"（"&人数チェック!$E$26&"名）")
A59: =IF(設定!$I$21="","","担当："&設定!$J$21) | C59: =IF(設定!$I$22="","","担当："&設定!$J$22) | E59: =IF(設定!$I$23="","","担当："&設定!$J$23) | G59: =IF(設定!$I$24="","","担当："&設定!$J$24) | I59: =IF(設定!$I$25="","","担当："&設定!$J$25) | K59: =IF(設定!$I$26="","","担当："&設定!$J$26) | M59: =IF(設定!$I$27="","","担当："&設定!$J$27) | O59: =IF(設定!$I$28="","","担当："&設定!$J$28) | Q59: =IF(設定!$I$29="","","担当："&設定!$J$29) | S59: =IF(設定!$I$30="","","担当："&設定!$J$30)
A60: =IF(設定!$I$21="","","場所："&設定!$K$21) | C60: =IF(設定!$I$22="","","場所："&設定!$K$22) | E60: =IF(設定!$I$23="","","場所："&設定!$K$23) | G60: =IF(設定!$I$24="","","場所："&設定!$K$24) | I60: =IF(設定!$I$25="","","場所："&設定!$K$25) | K60: =IF(設定!$I$26="","","場所："&設定!$K$26) | M60: =IF(設定!$I$27="","","場所："&設定!$K$27) | O60: =IF(設定!$I$28="","","場所："&設定!$K$28) | Q60: =IF(設定!$I$29="","","場所："&設定!$K$29) | S60: =IF(設定!$I$30="","","場所："&設定!$K$30)
A61: 組 | B61: 名前 | C61: 組 | D61: 名前 | E61: 組 | F61: 名前 | G61: 組 | H61: 名前 | I61: 組 | J61: 名前 | K61: 組 | L61: 名前 | M61: 組 | N61: 名前 | O61: 組 | P61: 名前 | Q61: 組 | R61: 名前 | S61: 組 | T61: 名前
A62: =IF(計算用!$W$2="","",INDEX(計算用!$A$2:$A$721,計算用!$W$2)) | B62: =IF(計算用!$W$2="","",INDEX(計算用!$C$2:$C$721,計算用!$W$2)) | C62: =IF(計算用!$X$2="","",INDEX(計算用!$A$2:$A$721,計算用!$X$2)) | D62: =IF(計算用!$X$2="","",INDEX(計算用!$C$2:$C$721,計算用!$X$2)) | E62: =IF(計算用!$Y$2="","",INDEX(計算用!$A$2:$A$721,計算用!$Y$2)) | F62: =IF(計算用!$Y$2="","",INDEX(計算用!$C$2:$C$721,計算用!$Y$2)) | G62: =IF(計算用!$Z$2="","",INDEX(計算用!$A$2:$A$721,計算用!$Z$2)) | H62: =IF(計算用!$Z$2="","",INDEX(計算用!$C$2:$C$721,計算用!$Z$2)) | I62: =IF(計算用!$AA$2="","",INDEX(計算用!$A$2:$A$721,計算用!$AA$2)) | J62: =IF(計算用!$AA$2="","",INDEX(計算用!$C$2:$C$721,計算用!$AA$2)) | K62: =IF(計算用!$AB$2="","",INDEX(計算用!$A$2:$A$721,計算用!$AB$2)) | L62: =IF(計算用!$AB$2="","",INDEX(計算用!$C$2:$C$721,計算用!$AB$2)) | M62: =IF(計算用!$AC$2="","",INDEX(計算用!$A$2:$A$721,計算用!$AC$2)) | N62: =IF(計算用!$AC$2="","",INDEX(計算用!$C$2:$C$721,計算用!$AC$2)) | O62: =IF(計算用!$AD$2="","",INDEX(計算用!$A$2:$A$721,計算用!$AD$2)) | P62: =IF(計算用!$AD$2="","",INDEX(計算用!$C$2:$C$721,計算用!$AD$2)) | Q62: =IF(計算用!$AE$2="","",INDEX(計算用!$A$2:$A$721,計算用!$AE$2)) | R62: =IF(計算用!$AE$2="","",INDEX(計算用!$C$2:$C$721,計算用!$AE$2)) | S62: =IF(計算用!$AF$2="","",INDEX(計算用!$A$2:$A$721,計算用!$AF$2)) | T62: =IF(計算用!$AF$2="","",INDEX(計算用!$C$2:$C$721,計算用!$AF$2))
A63: =IF(計算用!$W$3="","",INDEX(計算用!$A$2:$A$721,計算用!$W$3)) | B63: =IF(計算用!$W$3="","",INDEX(計算用!$C$2:$C$721,計算用!$W$3)) | C63: =IF(計算用!$X$3="","",INDEX(計算用!$A$2:$A$721,計算用!$X$3)) | D63: =IF(計算用!$X$3="","",INDEX(計算用!$C$2:$C$721,計算用!$X$3)) | E63: =IF(計算用!$Y$3="","",INDEX(計算用!$A$2:$A$721,計算用!$Y$3)) | F63: =IF(計算用!$Y$3="","",INDEX(計算用!$C$2:$C$721,計算用!$Y$3)) | G63: =IF(計算用!$Z$3="","",INDEX(計算用!$A$2:$A$721,計算用!$Z$3)) | H63: =IF(計算用!$Z$3="","",INDEX(計算用!$C$2:$C$721,計算用!$Z$3)) | I63: =IF(計算用!$AA$3="","",INDEX(計算用!$A$2:$A$721,計算用!$AA$3)) | J63: =IF(計算用!$AA$3="","",INDEX(計算用!$C$2:$C$721,計算用!$AA$3)) | K63: =IF(計算用!$AB$3="","",INDEX(計算用!$A$2:$A$721,計算用!$AB$3)) | L63: =IF(計算用!$AB$3="","",INDEX(計算用!$C$2:$C$721,計算用!$AB$3)) | M63: =IF(計算用!$AC$3="","",INDEX(計算用!$A$2:$A$721,計算用!$AC$3)) | N63: =IF(計算用!$AC$3="","",INDEX(計算用!$C$2:$C$721,計算用!$AC$3)) | O63: =IF(計算用!$AD$3="","",INDEX(計算用!$A$2:$A$721,計算用!$AD$3)) | P63: =IF(計算用!$AD$3="","",INDEX(計算用!$C$2:$C$721,計算用!$AD$3)) | Q63: =IF(計算用!$AE$3="","",INDEX(計算用!$A$2:$A$721,計算用!$AE$3)) | R63: =IF(計算用!$AE$3="","",INDEX(計算用!$C$2:$C$721,計算用!$AE$3)) | S63: =IF(計算用!$AF$3="","",INDEX(計算用!$A$2:$A$721,計算用!$AF$3)) | T63: =IF(計算用!$AF$3="","",INDEX(計算用!$C$2:$C$721,計算用!$AF$3))
A64: =IF(計算用!$W$4="","",INDEX(計算用!$A$2:$A$721,計算用!$W$4)) | B64: =IF(計算用!$W$4="","",INDEX(計算用!$C$2:$C$721,計算用!$W$4)) | C64: =IF(計算用!$X$4="","",INDEX(計算用!$A$2:$A$721,計算用!$X$4)) | D64: =IF(計算用!$X$4="","",INDEX(計算用!$C$2:$C$721,計算用!$X$4)) | E64: =IF(計算用!$Y$4="","",INDEX(計算用!$A$2:$A$721,計算用!$Y$4)) | F64: =IF(計算用!$Y$4="","",INDEX(計算用!$C$2:$C$721,計算用!$Y$4)) | G64: =IF(計算用!$Z$4="","",INDEX(計算用!$A$2:$A$721,計算用!$Z$4)) | H64: =IF(計算用!$Z$4="","",INDEX(計算用!$C$2:$C$721,計算用!$Z$4)) | I64: =IF(計算用!$AA$4="","",INDEX(計算用!$A$2:$A$721,計算用!$AA$4)) | J64: =IF(計算用!$AA$4="","",INDEX(計算用!$C$2:$C$721,計算用!$AA$4)) | K64: =IF(計算用!$AB$4="","",INDEX(計算用!$A$2:$A$721,計算用!$AB$4)) | L64: =IF(計算用!$AB$4="","",INDEX(計算用!$C$2:$C$721,計算用!$AB$4)) | M64: =IF(計算用!$AC$4="","",INDEX(計算用!$A$2:$A$721,計算用!$AC$4)) | N64: =IF(計算用!$AC$4="","",INDEX(計算用!$C$2:$C$721,計算用!$AC$4)) | O64: =IF(計算用!$AD$4="","",INDEX(計算用!$A$2:$A$721,計算用!$AD$4)) | P64: =IF(計算用!$AD$4="","",INDEX(計算用!$C$2:$C$721,計算用!$AD$4)) | Q64: =IF(計算用!$AE$4="","",INDEX(計算用!$A$2:$A$721,計算用!$AE$4)) | R64: =IF(計算用!$AE$4="","",INDEX(計算用!$C$2:$C$721,計算用!$AE$4)) | S64: =IF(計算用!$AF$4="","",INDEX(計算用!$A$2:$A$721,計算用!$AF$4)) | T64: =IF(計算用!$AF$4="","",INDEX(計算用!$C$2:$C$721,計算用!$AF$4))
A65: =IF(計算用!$W$5="","",INDEX(計算用!$A$2:$A$721,計算用!$W$5)) | B65: =IF(計算用!$W$5="","",INDEX(計算用!$C$2:$C$721,計算用!$W$5)) | C65: =IF(計算用!$X$5="","",INDEX(計算用!$A$2:$A$721,計算用!$X$5)) | D65: =IF(計算用!$X$5="","",INDEX(計算用!$C$2:$C$721,計算用!$X$5)) | E65: =IF(計算用!$Y$5="","",INDEX(計算用!$A$2:$A$721,計算用!$Y$5)) | F65: =IF(計算用!$Y$5="","",INDEX(計算用!$C$2:$C$721,計算用!$Y$5)) | G65: =IF(計算用!$Z$5="","",INDEX(計算用!$A$2:$A$721,計算用!$Z$5)) | H65: =IF(計算用!$Z$5="","",INDEX(計算用!$C$2:$C$721,計算用!$Z$5)) | I65: =IF(計算用!$AA$5="","",INDEX(計算用!$A$2:$A$721,計算用!$AA$5)) | J65: =IF(計算用!$AA$5="","",INDEX(計算用!$C$2:$C$721,計算用!$AA$5)) | K65: =IF(計算用!$AB$5="","",INDEX(計算用!$A$2:$A$721,計算用!$AB$5)) | L65: =IF(計算用!$AB$5="","",INDEX(計算用!$C$2:$C$721,計算用!$AB$5)) | M65: =IF(計算用!$AC$5="","",INDEX(計算用!$A$2:$A$721,計算用!$AC$5)) | N65: =IF(計算用!$AC$5="","",INDEX(計算用!$C$2:$C$721,計算用!$AC$5)) | O65: =IF(計算用!$AD$5="","",INDEX(計算用!$A$2:$A$721,計算用!$AD$5)) | P65: =IF(計算用!$AD$5="","",INDEX(計算用!$C$2:$C$721,計算用!$AD$5)) | Q65: =IF(計算用!$AE$5="","",INDEX(計算用!$A$2:$A$721,計算用!$AE$5)) | R65: =IF(計算用!$AE$5="","",INDEX(計算用!$C$2:$C$721,計算用!$AE$5)) | S65: =IF(計算用!$AF$5="","",INDEX(計算用!$A$2:$A$721,計算用!$AF$5)) | T65: =IF(計算用!$AF$5="","",INDEX(計算用!$C$2:$C$721,計算用!$AF$5))
A66: =IF(計算用!$W$6="","",INDEX(計算用!$A$2:$A$721,計算用!$W$6)) | B66: =IF(計算用!$W$6="","",INDEX(計算用!$C$2:$C$721,計算用!$W$6)) | C66: =IF(計算用!$X$6="","",INDEX(計算用!$A$2:$A$721,計算用!$X$6)) | D66: =IF(計算用!$X$6="","",INDEX(計算用!$C$2:$C$721,計算用!$X$6)) | E66: =IF(計算用!$Y$6="","",INDEX(計算用!$A$2:$A$721,計算用!$Y$6)) | F66: =IF(計算用!$Y$6="","",INDEX(計算用!$C$2:$C$721,計算用!$Y$6)) | G66: =IF(計算用!$Z$6="","",INDEX(計算用!$A$2:$A$721,計算用!$Z$6)) | H66: =IF(計算用!$Z$6="","",INDEX(計算用!$C$2:$C$721,計算用!$Z$6)) | I66: =IF(計算用!$AA$6="","",INDEX(計算用!$A$2:$A$721,計算用!$AA$6)) | J66: =IF(計算用!$AA$6="","",INDEX(計算用!$C$2:$C$721,計算用!$AA$6)) | K66: =IF(計算用!$AB$6="","",INDEX(計算用!$A$2:$A$721,計算用!$AB$6)) | L66: =IF(計算用!$AB$6="","",INDEX(計算用!$C$2:$C$721,計算用!$AB$6)) | M66: =IF(計算用!$AC$6="","",INDEX(計算用!$A$2:$A$721,計算用!$AC$6)) | N66: =IF(計算用!$AC$6="","",INDEX(計算用!$C$2:$C$721,計算用!$AC$6)) | O66: =IF(計算用!$AD$6="","",INDEX(計算用!$A$2:$A$721,計算用!$AD$6)) | P66: =IF(計算用!$AD$6="","",INDEX(計算用!$C$2:$C$721,計算用!$AD$6)) | Q66: =IF(計算用!$AE$6="","",INDEX(計算用!$A$2:$A$721,計算用!$AE$6)) | R66: =IF(計算用!$AE$6="","",INDEX(計算用!$C$2:$C$721,計算用!$AE$6)) | S66: =IF(計算用!$AF$6="","",INDEX(計算用!$A$2:$A$721,計算用!$AF$6)) | T66: =IF(計算用!$AF$6="","",INDEX(計算用!$C$2:$C$721,計算用!$AF$6))
A67: =IF(計算用!$W$7="","",INDEX(計算用!$A$2:$A$721,計算用!$W$7)) | B67: =IF(計算用!$W$7="","",INDEX(計算用!$C$2:$C$721,計算用!$W$7)) | C67: =IF(計算用!$X$7="","",INDEX(計算用!$A$2:$A$721,計算用!$X$7)) | D67: =IF(計算用!$X$7="","",INDEX(計算用!$C$2:$C$721,計算用!$X$7)) | E67: =IF(計算用!$Y$7="","",INDEX(計算用!$A$2:$A$721,計算用!$Y$7)) | F67: =IF(計算用!$Y$7="","",INDEX(計算用!$C$2:$C$721,計算用!$Y$7)) | G67: =IF(計算用!$Z$7="","",INDEX(計算用!$A$2:$A$721,計算用!$Z$7)) | H67: =IF(計算用!$Z$7="","",INDEX(計算用!$C$2:$C$721,計算用!$Z$7)) | I67: =IF(計算用!$AA$7="","",INDEX(計算用!$A$2:$A$721,計算用!$AA$7)) | J67: =IF(計算用!$AA$7="","",INDEX(計算用!$C$2:$C$721,計算用!$AA$7)) | K67: =IF(計算用!$AB$7="","",INDEX(計算用!$A$2:$A$721,計算用!$AB$7)) | L67: =IF(計算用!$AB$7="","",INDEX(計算用!$C$2:$C$721,計算用!$AB$7)) | M67: =IF(計算用!$AC$7="","",INDEX(計算用!$A$2:$A$721,計算用!$AC$7)) | N67: =IF(計算用!$AC$7="","",INDEX(計算用!$C$2:$C$721,計算用!$AC$7)) | O67: =IF(計算用!$AD$7="","",INDEX(計算用!$A$2:$A$721,計算用!$AD$7)) | P67: =IF(計算用!$AD$7="","",INDEX(計算用!$C$2:$C$721,計算用!$AD$7)) | Q67: =IF(計算用!$AE$7="","",INDEX(計算用!$A$2:$A$721,計算用!$AE$7)) | R67: =IF(計算用!$AE$7="","",INDEX(計算用!$C$2:$C$721,計算用!$AE$7)) | S67: =IF(計算用!$AF$7="","",INDEX(計算用!$A$2:$A$721,計算用!$AF$7)) | T67: =IF(計算用!$AF$7="","",INDEX(計算用!$C$2:$C$721,計算用!$AF$7))
A68: =IF(計算用!$W$8="","",INDEX(計算用!$A$2:$A$721,計算用!$W$8)) | B68: =IF(計算用!$W$8="","",INDEX(計算用!$C$2:$C$721,計算用!$W$8)) | C68: =IF(計算用!$X$8="","",INDEX(計算用!$A$2:$A$721,計算用!$X$8)) | D68: =IF(計算用!$X$8="","",INDEX(計算用!$C$2:$C$721,計算用!$X$8)) | E68: =IF(計算用!$Y$8="","",INDEX(計算用!$A$2:$A$721,計算用!$Y$8)) | F68: =IF(計算用!$Y$8="","",INDEX(計算用!$C$2:$C$721,計算用!$Y$8)) | G68: =IF(計算用!$Z$8="","",INDEX(計算用!$A$2:$A$721,計算用!$Z$8)) | H68: =IF(計算用!$Z$8="","",INDEX(計算用!$C$2:$C$721,計算用!$Z$8)) | I68: =IF(計算用!$AA$8="","",INDEX(計算用!$A$2:$A$721,計算用!$AA$8)) | J68: =IF(計算用!$AA$8="","",INDEX(計算用!$C$2:$C$721,計算用!$AA$8)) | K68: =IF(計算用!$AB$8="","",INDEX(計算用!$A$2:$A$721,計算用!$AB$8)) | L68: =IF(計算用!$AB$8="","",INDEX(計算用!$C$2:$C$721,計算用!$AB$8)) | M68: =IF(計算用!$AC$8="","",INDEX(計算用!$A$2:$A$721,計算用!$AC$8)) | N68: =IF(計算用!$AC$8="","",INDEX(計算用!$C$2:$C$721,計算用!$AC$8)) | O68: =IF(計算用!$AD$8="","",INDEX(計算用!$A$2:$A$721,計算用!$AD$8)) | P68: =IF(計算用!$AD$8="","",INDEX(計算用!$C$2:$C$721,計算用!$AD$8)) | Q68: =IF(計算用!$AE$8="","",INDEX(計算用!$A$2:$A$721,計算用!$AE$8)) | R68: =IF(計算用!$AE$8="","",INDEX(計算用!$C$2:$C$721,計算用!$AE$8)) | S68: =IF(計算用!$AF$8="","",INDEX(計算用!$A$2:$A$721,計算用!$AF$8)) | T68: =IF(計算用!$AF$8="","",INDEX(計算用!$C$2:$C$721,計算用!$AF$8))
A69: =IF(計算用!$W$9="","",INDEX(計算用!$A$2:$A$721,計算用!$W$9)) | B69: =IF(計算用!$W$9="","",INDEX(計算用!$C$2:$C$721,計算用!$W$9)) | C69: =IF(計算用!$X$9="","",INDEX(計算用!$A$2:$A$721,計算用!$X$9)) | D69: =IF(計算用!$X$9="","",INDEX(計算用!$C$2:$C$721,計算用!$X$9)) | E69: =IF(計算用!$Y$9="","",INDEX(計算用!$A$2:$A$721,計算用!$Y$9)) | F69: =IF(計算用!$Y$9="","",INDEX(計算用!$C$2:$C$721,計算用!$Y$9)) | G69: =IF(計算用!$Z$9="","",INDEX(計算用!$A$2:$A$721,計算用!$Z$9)) | H69: =IF(計算用!$Z$9="","",INDEX(計算用!$C$2:$C$721,計算用!$Z$9)) | I69: =IF(計算用!$AA$9="","",INDEX(計算用!$A$2:$A$721,計算用!$AA$9)) | J69: =IF(計算用!$AA$9="","",INDEX(計算用!$C$2:$C$721,計算用!$AA$9)) | K69: =IF(計算用!$AB$9="","",INDEX(計算用!$A$2:$A$721,計算用!$AB$9)) | L69: =IF(計算用!$AB$9="","",INDEX(計算用!$C$2:$C$721,計算用!$AB$9)) | M69: =IF(計算用!$AC$9="","",INDEX(計算用!$A$2:$A$721,計算用!$AC$9)) | N69: =IF(計算用!$AC$9="","",INDEX(計算用!$C$2:$C$721,計算用!$AC$9)) | O69: =IF(計算用!$AD$9="","",INDEX(計算用!$A$2:$A$721,計算用!$AD$9)) | P69: =IF(計算用!$AD$9="","",INDEX(計算用!$C$2:$C$721,計算用!$AD$9)) | Q69: =IF(計算用!$AE$9="","",INDEX(計算用!$A$2:$A$721,計算用!$AE$9)) | R69: =IF(計算用!$AE$9="","",INDEX(計算用!$C$2:$C$721,計算用!$AE$9)) | S69: =IF(計算用!$AF$9="","",INDEX(計算用!$A$2:$A$721,計算用!$AF$9)) | T69: =IF(計算用!$AF$9="","",INDEX(計算用!$C$2:$C$721,計算用!$AF$9))
A70: =IF(計算用!$W$10="","",INDEX(計算用!$A$2:$A$721,計算用!$W$10)) | B70: =IF(計算用!$W$10="","",INDEX(計算用!$C$2:$C$721,計算用!$W$10)) | C70: =IF(計算用!$X$10="","",INDEX(計算用!$A$2:$A$721,計算用!$X$10)) | D70: =IF(計算用!$X$10="","",INDEX(計算用!$C$2:$C$721,計算用!$X$10)) | E70: =IF(計算用!$Y$10="","",INDEX(計算用!$A$2:$A$721,計算用!$Y$10)) | F70: =IF(計算用!$Y$10="","",INDEX(計算用!$C$2:$C$721,計算用!$Y$10)) | G70: =IF(計算用!$Z$10="","",INDEX(計算用!$A$2:$A$721,計算用!$Z$10)) | H70: =IF(計算用!$Z$10="","",INDEX(計算用!$C$2:$C$721,計算用!$Z$10)) | I70: =IF(計算用!$AA$10="","",INDEX(計算用!$A$2:$A$721,計算用!$AA$10)) | J70: =IF(計算用!$AA$10="","",INDEX(計算用!$C$2:$C$721,計算用!$AA$10)) | K70: =IF(計算用!$AB$10="","",INDEX(計算用!$A$2:$A$721,計算用!$AB$10)) | L70: =IF(計算用!$AB$10="","",INDEX(計算用!$C$2:$C$721,計算用!$AB$10)) | M70: =IF(計算用!$AC$10="","",INDEX(計算用!$A$2:$A$721,計算用!$AC$10)) | N70: =IF(計算用!$AC$10="","",INDEX(計算用!$C$2:$C$721,計算用!$AC$10)) | O70: =IF(計算用!$AD$10="","",INDEX(計算用!$A$2:$A$721,計算用!$AD$10)) | P70: =IF(計算用!$AD$10="","",INDEX(計算用!$C$2:$C$721,計算用!$AD$10)) | Q70: =IF(計算用!$AE$10="","",INDEX(計算用!$A$2:$A$721,計算用!$AE$10)) | R70: =IF(計算用!$AE$10="","",INDEX(計算用!$C$2:$C$721,計算用!$AE$10)) | S70: =IF(計算用!$AF$10="","",INDEX(計算用!$A$2:$A$721,計算用!$AF$10)) | T70: =IF(計算用!$AF$10="","",INDEX(計算用!$C$2:$C$721,計算用!$AF$10))
A71: =IF(計算用!$W$11="","",INDEX(計算用!$A$2:$A$721,計算用!$W$11)) | B71: =IF(計算用!$W$11="","",INDEX(計算用!$C$2:$C$721,計算用!$W$11)) | C71: =IF(計算用!$X$11="","",INDEX(計算用!$A$2:$A$721,計算用!$X$11)) | D71: =IF(計算用!$X$11="","",INDEX(計算用!$C$2:$C$721,計算用!$X$11)) | E71: =IF(計算用!$Y$11="","",INDEX(計算用!$A$2:$A$721,計算用!$Y$11)) | F71: =IF(計算用!$Y$11="","",INDEX(計算用!$C$2:$C$721,計算用!$Y$11)) | G71: =IF(計算用!$Z$11="","",INDEX(計算用!$A$2:$A$721,計算用!$Z$11)) | H71: =IF(計算用!$Z$11="","",INDEX(計算用!$C$2:$C$721,計算用!$Z$11)) | I71: =IF(計算用!$AA$11="","",INDEX(計算用!$A$2:$A$721,計算用!$AA$11)) | J71: =IF(計算用!$AA$11="","",INDEX(計算用!$C$2:$C$721,計算用!$AA$11)) | K71: =IF(計算用!$AB$11="","",INDEX(計算用!$A$2:$A$721,計算用!$AB$11)) | L71: =IF(計算用!$AB$11="","",INDEX(計算用!$C$2:$C$721,計算用!$AB$11)) | M71: =IF(計算用!$AC$11="","",INDEX(計算用!$A$2:$A$721,計算用!$AC$11)) | N71: =IF(計算用!$AC$11="","",INDEX(計算用!$C$2:$C$721,計算用!$AC$11)) | O71: =IF(計算用!$AD$11="","",INDEX(計算用!$A$2:$A$721,計算用!$AD$11)) | P71: =IF(計算用!$AD$11="","",INDEX(計算用!$C$2:$C$721,計算用!$AD$11)) | Q71: =IF(計算用!$AE$11="","",INDEX(計算用!$A$2:$A$721,計算用!$AE$11)) | R71: =IF(計算用!$AE$11="","",INDEX(計算用!$C$2:$C$721,計算用!$AE$11)) | S71: =IF(計算用!$AF$11="","",INDEX(計算用!$A$2:$A$721,計算用!$AF$11)) | T71: =IF(計算用!$AF$11="","",INDEX(計算用!$C$2:$C$721,計算用!$AF$11))
A72: =IF(計算用!$W$12="","",INDEX(計算用!$A$2:$A$721,計算用!$W$12)) | B72: =IF(計算用!$W$12="","",INDEX(計算用!$C$2:$C$721,計算用!$W$12)) | C72: =IF(計算用!$X$12="","",INDEX(計算用!$A$2:$A$721,計算用!$X$12)) | D72: =IF(計算用!$X$12="","",INDEX(計算用!$C$2:$C$721,計算用!$X$12)) | E72: =IF(計算用!$Y$12="","",INDEX(計算用!$A$2:$A$721,計算用!$Y$12)) | F72: =IF(計算用!$Y$12="","",INDEX(計算用!$C$2:$C$721,計算用!$Y$12)) | G72: =IF(計算用!$Z$12="","",INDEX(計算用!$A$2:$A$721,計算用!$Z$12)) | H72: =IF(計算用!$Z$12="","",INDEX(計算用!$C$2:$C$721,計算用!$Z$12)) | I72: =IF(計算用!$AA$12="","",INDEX(計算用!$A$2:$A$721,計算用!$AA$12)) | J72: =IF(計算用!$AA$12="","",INDEX(計算用!$C$2:$C$721,計算用!$AA$12)) | K72: =IF(計算用!$AB$12="","",INDEX(計算用!$A$2:$A$721,計算用!$AB$12)) | L72: =IF(計算用!$AB$12="","",INDEX(計算用!$C$2:$C$721,計算用!$AB$12)) | M72: =IF(計算用!$AC$12="","",INDEX(計算用!$A$2:$A$721,計算用!$AC$12)) | N72: =IF(計算用!$AC$12="","",INDEX(計算用!$C$2:$C$721,計算用!$AC$12)) | O72: =IF(計算用!$AD$12="","",INDEX(計算用!$A$2:$A$721,計算用!$AD$12)) | P72: =IF(計算用!$AD$12="","",INDEX(計算用!$C$2:$C$721,計算用!$AD$12)) | Q72: =IF(計算用!$AE$12="","",INDEX(計算用!$A$2:$A$721,計算用!$AE$12)) | R72: =IF(計算用!$AE$12="","",INDEX(計算用!$C$2:$C$721,計算用!$AE$12)) | S72: =IF(計算用!$AF$12="","",INDEX(計算用!$A$2:$A$721,計算用!$AF$12)) | T72: =IF(計算用!$AF$12="","",INDEX(計算用!$C$2:$C$721,計算用!$AF$12))
A73: =IF(計算用!$W$13="","",INDEX(計算用!$A$2:$A$721,計算用!$W$13)) | B73: =IF(計算用!$W$13="","",INDEX(計算用!$C$2:$C$721,計算用!$W$13)) | C73: =IF(計算用!$X$13="","",INDEX(計算用!$A$2:$A$721,計算用!$X$13)) | D73: =IF(計算用!$X$13="","",INDEX(計算用!$C$2:$C$721,計算用!$X$13)) | E73: =IF(計算用!$Y$13="","",INDEX(計算用!$A$2:$A$721,計算用!$Y$13)) | F73: =IF(計算用!$Y$13="","",INDEX(計算用!$C$2:$C$721,計算用!$Y$13)) | G73: =IF(計算用!$Z$13="","",INDEX(計算用!$A$2:$A$721,計算用!$Z$13)) | H73: =IF(計算用!$Z$13="","",INDEX(計算用!$C$2:$C$721,計算用!$Z$13)) | I73: =IF(計算用!$AA$13="","",INDEX(計算用!$A$2:$A$721,計算用!$AA$13)) | J73: =IF(計算用!$AA$13="","",INDEX(計算用!$C$2:$C$721,計算用!$AA$13)) | K73: =IF(計算用!$AB$13="","",INDEX(計算用!$A$2:$A$721,計算用!$AB$13)) | L73: =IF(計算用!$AB$13="","",INDEX(計算用!$C$2:$C$721,計算用!$AB$13)) | M73: =IF(計算用!$AC$13="","",INDEX(計算用!$A$2:$A$721,計算用!$AC$13)) | N73: =IF(計算用!$AC$13="","",INDEX(計算用!$C$2:$C$721,計算用!$AC$13)) | O73: =IF(計算用!$AD$13="","",INDEX(計算用!$A$2:$A$721,計算用!$AD$13)) | P73: =IF(計算用!$AD$13="","",INDEX(計算用!$C$2:$C$721,計算用!$AD$13)) | Q73: =IF(計算用!$AE$13="","",INDEX(計算用!$A$2:$A$721,計算用!$AE$13)) | R73: =IF(計算用!$AE$13="","",INDEX(計算用!$C$2:$C$721,計算用!$AE$13)) | S73: =IF(計算用!$AF$13="","",INDEX(計算用!$A$2:$A$721,計算用!$AF$13)) | T73: =IF(計算用!$AF$13="","",INDEX(計算用!$C$2:$C$721,計算用!$AF$13))
A74: =IF(計算用!$W$14="","",INDEX(計算用!$A$2:$A$721,計算用!$W$14)) | B74: =IF(計算用!$W$14="","",INDEX(計算用!$C$2:$C$721,計算用!$W$14)) | C74: =IF(計算用!$X$14="","",INDEX(計算用!$A$2:$A$721,計算用!$X$14)) | D74: =IF(計算用!$X$14="","",INDEX(計算用!$C$2:$C$721,計算用!$X$14)) | E74: =IF(計算用!$Y$14="","",INDEX(計算用!$A$2:$A$721,計算用!$Y$14)) | F74: =IF(計算用!$Y$14="","",INDEX(計算用!$C$2:$C$721,計算用!$Y$14)) | G74: =IF(計算用!$Z$14="","",INDEX(計算用!$A$2:$A$721,計算用!$Z$14)) | H74: =IF(計算用!$Z$14="","",INDEX(計算用!$C$2:$C$721,計算用!$Z$14)) | I74: =IF(計算用!$AA$14="","",INDEX(計算用!$A$2:$A$721,計算用!$AA$14)) | J74: =IF(計算用!$AA$14="","",INDEX(計算用!$C$2:$C$721,計算用!$AA$14)) | K74: =IF(計算用!$AB$14="","",INDEX(計算用!$A$2:$A$721,計算用!$AB$14)) | L74: =IF(計算用!$AB$14="","",INDEX(計算用!$C$2:$C$721,計算用!$AB$14)) | M74: =IF(計算用!$AC$14="","",INDEX(計算用!$A$2:$A$721,計算用!$AC$14)) | N74: =IF(計算用!$AC$14="","",INDEX(計算用!$C$2:$C$721,計算用!$AC$14)) | O74: =IF(計算用!$AD$14="","",INDEX(計算用!$A$2:$A$721,計算用!$AD$14)) | P74: =IF(計算用!$AD$14="","",INDEX(計算用!$C$2:$C$721,計算用!$AD$14)) | Q74: =IF(計算用!$AE$14="","",INDEX(計算用!$A$2:$A$721,計算用!$AE$14)) | R74: =IF(計算用!$AE$14="","",INDEX(計算用!$C$2:$C$721,計算用!$AE$14)) | S74: =IF(計算用!$AF$14="","",INDEX(計算用!$A$2:$A$721,計算用!$AF$14)) | T74: =IF(計算用!$AF$14="","",INDEX(計算用!$C$2:$C$721,計算用!$AF$14))
A75: =IF(計算用!$W$15="","",INDEX(計算用!$A$2:$A$721,計算用!$W$15)) | B75: =IF(計算用!$W$15="","",INDEX(計算用!$C$2:$C$721,計算用!$W$15)) | C75: =IF(計算用!$X$15="","",INDEX(計算用!$A$2:$A$721,計算用!$X$15)) | D75: =IF(計算用!$X$15="","",INDEX(計算用!$C$2:$C$721,計算用!$X$15)) | E75: =IF(計算用!$Y$15="","",INDEX(計算用!$A$2:$A$721,計算用!$Y$15)) | F75: =IF(計算用!$Y$15="","",INDEX(計算用!$C$2:$C$721,計算用!$Y$15)) | G75: =IF(計算用!$Z$15="","",INDEX(計算用!$A$2:$A$721,計算用!$Z$15)) | H75: =IF(計算用!$Z$15="","",INDEX(計算用!$C$2:$C$721,計算用!$Z$15)) | I75: =IF(計算用!$AA$15="","",INDEX(計算用!$A$2:$A$721,計算用!$AA$15)) | J75: =IF(計算用!$AA$15="","",INDEX(計算用!$C$2:$C$721,計算用!$AA$15)) | K75: =IF(計算用!$AB$15="","",INDEX(計算用!$A$2:$A$721,計算用!$AB$15)) | L75: =IF(計算用!$AB$15="","",INDEX(計算用!$C$2:$C$721,計算用!$AB$15)) | M75: =IF(計算用!$AC$15="","",INDEX(計算用!$A$2:$A$721,計算用!$AC$15)) | N75: =IF(計算用!$AC$15="","",INDEX(計算用!$C$2:$C$721,計算用!$AC$15)) | O75: =IF(計算用!$AD$15="","",INDEX(計算用!$A$2:$A$721,計算用!$AD$15)) | P75: =IF(計算用!$AD$15="","",INDEX(計算用!$C$2:$C$721,計算用!$AD$15)) | Q75: =IF(計算用!$AE$15="","",INDEX(計算用!$A$2:$A$721,計算用!$AE$15)) | R75: =IF(計算用!$AE$15="","",INDEX(計算用!$C$2:$C$721,計算用!$AE$15)) | S75: =IF(計算用!$AF$15="","",INDEX(計算用!$A$2:$A$721,計算用!$AF$15)) | T75: =IF(計算用!$AF$15="","",INDEX(計算用!$C$2:$C$721,計算用!$AF$15))
A76: =IF(計算用!$W$16="","",INDEX(計算用!$A$2:$A$721,計算用!$W$16)) | B76: =IF(計算用!$W$16="","",INDEX(計算用!$C$2:$C$721,計算用!$W$16)) | C76: =IF(計算用!$X$16="","",INDEX(計算用!$A$2:$A$721,計算用!$X$16)) | D76: =IF(計算用!$X$16="","",INDEX(計算用!$C$2:$C$721,計算用!$X$16)) | E76: =IF(計算用!$Y$16="","",INDEX(計算用!$A$2:$A$721,計算用!$Y$16)) | F76: =IF(計算用!$Y$16="","",INDEX(計算用!$C$2:$C$721,計算用!$Y$16)) | G76: =IF(計算用!$Z$16="","",INDEX(計算用!$A$2:$A$721,計算用!$Z$16)) | H76: =IF(計算用!$Z$16="","",INDEX(計算用!$C$2:$C$721,計算用!$Z$16)) | I76: =IF(計算用!$AA$16="","",INDEX(計算用!$A$2:$A$721,計算用!$AA$16)) | J76: =IF(計算用!$AA$16="","",INDEX(計算用!$C$2:$C$721,計算用!$AA$16)) | K76: =IF(計算用!$AB$16="","",INDEX(計算用!$A$2:$A$721,計算用!$AB$16)) | L76: =IF(計算用!$AB$16="","",INDEX(計算用!$C$2:$C$721,計算用!$AB$16)) | M76: =IF(計算用!$AC$16="","",INDEX(計算用!$A$2:$A$721,計算用!$AC$16)) | N76: =IF(計算用!$AC$16="","",INDEX(計算用!$C$2:$C$721,計算用!$AC$16)) | O76: =IF(計算用!$AD$16="","",INDEX(計算用!$A$2:$A$721,計算用!$AD$16)) | P76: =IF(計算用!$AD$16="","",INDEX(計算用!$C$2:$C$721,計算用!$AD$16)) | Q76: =IF(計算用!$AE$16="","",INDEX(計算用!$A$2:$A$721,計算用!$AE$16)) | R76: =IF(計算用!$AE$16="","",INDEX(計算用!$C$2:$C$721,計算用!$AE$16)) | S76: =IF(計算用!$AF$16="","",INDEX(計算用!$A$2:$A$721,計算用!$AF$16)) | T76: =IF(計算用!$AF$16="","",INDEX(計算用!$C$2:$C$721,計算用!$AF$16))
A77: =IF(計算用!$W$17="","",INDEX(計算用!$A$2:$A$721,計算用!$W$17)) | B77: =IF(計算用!$W$17="","",INDEX(計算用!$C$2:$C$721,計算用!$W$17)) | C77: =IF(計算用!$X$17="","",INDEX(計算用!$A$2:$A$721,計算用!$X$17)) | D77: =IF(計算用!$X$17="","",INDEX(計算用!$C$2:$C$721,計算用!$X$17)) | E77: =IF(計算用!$Y$17="","",INDEX(計算用!$A$2:$A$721,計算用!$Y$17)) | F77: =IF(計算用!$Y$17="","",INDEX(計算用!$C$2:$C$721,計算用!$Y$17)) | G77: =IF(計算用!$Z$17="","",INDEX(計算用!$A$2:$A$721,計算用!$Z$17)) | H77: =IF(計算用!$Z$17="","",INDEX(計算用!$C$2:$C$721,計算用!$Z$17)) | I77: =IF(計算用!$AA$17="","",INDEX(計算用!$A$2:$A$721,計算用!$AA$17)) | J77: =IF(計算用!$AA$17="","",INDEX(計算用!$C$2:$C$721,計算用!$AA$17)) | K77: =IF(計算用!$AB$17="","",INDEX(計算用!$A$2:$A$721,計算用!$AB$17)) | L77: =IF(計算用!$AB$17="","",INDEX(計算用!$C$2:$C$721,計算用!$AB$17)) | M77: =IF(計算用!$AC$17="","",INDEX(計算用!$A$2:$A$721,計算用!$AC$17)) | N77: =IF(計算用!$AC$17="","",INDEX(計算用!$C$2:$C$721,計算用!$AC$17)) | O77: =IF(計算用!$AD$17="","",INDEX(計算用!$A$2:$A$721,計算用!$AD$17)) | P77: =IF(計算用!$AD$17="","",INDEX(計算用!$C$2:$C$721,計算用!$AD$17)) | Q77: =IF(計算用!$AE$17="","",INDEX(計算用!$A$2:$A$721,計算用!$AE$17)) | R77: =IF(計算用!$AE$17="","",INDEX(計算用!$C$2:$C$721,計算用!$AE$17)) | S77: =IF(計算用!$AF$17="","",INDEX(計算用!$A$2:$A$721,計算用!$AF$17)) | T77: =IF(計算用!$AF$17="","",INDEX(計算用!$C$2:$C$721,計算用!$AF$17))
A78: =IF(計算用!$W$18="","",INDEX(計算用!$A$2:$A$721,計算用!$W$18)) | B78: =IF(計算用!$W$18="","",INDEX(計算用!$C$2:$C$721,計算用!$W$18)) | C78: =IF(計算用!$X$18="","",INDEX(計算用!$A$2:$A$721,計算用!$X$18)) | D78: =IF(計算用!$X$18="","",INDEX(計算用!$C$2:$C$721,計算用!$X$18)) | E78: =IF(計算用!$Y$18="","",INDEX(計算用!$A$2:$A$721,計算用!$Y$18)) | F78: =IF(計算用!$Y$18="","",INDEX(計算用!$C$2:$C$721,計算用!$Y$18)) | G78: =IF(計算用!$Z$18="","",INDEX(計算用!$A$2:$A$721,計算用!$Z$18)) | H78: =IF(計算用!$Z$18="","",INDEX(計算用!$C$2:$C$721,計算用!$Z$18)) | I78: =IF(計算用!$AA$18="","",INDEX(計算用!$A$2:$A$721,計算用!$AA$18)) | J78: =IF(計算用!$AA$18="","",INDEX(計算用!$C$2:$C$721,計算用!$AA$18)) | K78: =IF(計算用!$AB$18="","",INDEX(計算用!$A$2:$A$721,計算用!$AB$18)) | L78: =IF(計算用!$AB$18="","",INDEX(計算用!$C$2:$C$721,計算用!$AB$18)) | M78: =IF(計算用!$AC$18="","",INDEX(計算用!$A$2:$A$721,計算用!$AC$18)) | N78: =IF(計算用!$AC$18="","",INDEX(計算用!$C$2:$C$721,計算用!$AC$18)) | O78: =IF(計算用!$AD$18="","",INDEX(計算用!$A$2:$A$721,計算用!$AD$18)) | P78: =IF(計算用!$AD$18="","",INDEX(計算用!$C$2:$C$721,計算用!$AD$18)) | Q78: =IF(計算用!$AE$18="","",INDEX(計算用!$A$2:$A$721,計算用!$AE$18)) | R78: =IF(計算用!$AE$18="","",INDEX(計算用!$C$2:$C$721,計算用!$AE$18)) | S78: =IF(計算用!$AF$18="","",INDEX(計算用!$A$2:$A$721,計算用!$AF$18)) | T78: =IF(計算用!$AF$18="","",INDEX(計算用!$C$2:$C$721,計算用!$AF$18))
A79: =IF(計算用!$W$19="","",INDEX(計算用!$A$2:$A$721,計算用!$W$19)) | B79: =IF(計算用!$W$19="","",INDEX(計算用!$C$2:$C$721,計算用!$W$19)) | C79: =IF(計算用!$X$19="","",INDEX(計算用!$A$2:$A$721,計算用!$X$19)) | D79: =IF(計算用!$X$19="","",INDEX(計算用!$C$2:$C$721,計算用!$X$19)) | E79: =IF(計算用!$Y$19="","",INDEX(計算用!$A$2:$A$721,計算用!$Y$19)) | F79: =IF(計算用!$Y$19="","",INDEX(計算用!$C$2:$C$721,計算用!$Y$19)) | G79: =IF(計算用!$Z$19="","",INDEX(計算用!$A$2:$A$721,計算用!$Z$19)) | H79: =IF(計算用!$Z$19="","",INDEX(計算用!$C$2:$C$721,計算用!$Z$19)) | I79: =IF(計算用!$AA$19="","",INDEX(計算用!$A$2:$A$721,計算用!$AA$19)) | J79: =IF(計算用!$AA$19="","",INDEX(計算用!$C$2:$C$721,計算用!$AA$19)) | K79: =IF(計算用!$AB$19="","",INDEX(計算用!$A$2:$A$721,計算用!$AB$19)) | L79: =IF(計算用!$AB$19="","",INDEX(計算用!$C$2:$C$721,計算用!$AB$19)) | M79: =IF(計算用!$AC$19="","",INDEX(計算用!$A$2:$A$721,計算用!$AC$19)) | N79: =IF(計算用!$AC$19="","",INDEX(計算用!$C$2:$C$721,計算用!$AC$19)) | O79: =IF(計算用!$AD$19="","",INDEX(計算用!$A$2:$A$721,計算用!$AD$19)) | P79: =IF(計算用!$AD$19="","",INDEX(計算用!$C$2:$C$721,計算用!$AD$19)) | Q79: =IF(計算用!$AE$19="","",INDEX(計算用!$A$2:$A$721,計算用!$AE$19)) | R79: =IF(計算用!$AE$19="","",INDEX(計算用!$C$2:$C$721,計算用!$AE$19)) | S79: =IF(計算用!$AF$19="","",INDEX(計算用!$A$2:$A$721,計算用!$AF$19)) | T79: =IF(計算用!$AF$19="","",INDEX(計算用!$C$2:$C$721,計算用!$AF$19))
A80: =IF(計算用!$W$20="","",INDEX(計算用!$A$2:$A$721,計算用!$W$20)) | B80: =IF(計算用!$W$20="","",INDEX(計算用!$C$2:$C$721,計算用!$W$20)) | C80: =IF(計算用!$X$20="","",INDEX(計算用!$A$2:$A$721,計算用!$X$20)) | D80: =IF(計算用!$X$20="","",INDEX(計算用!$C$2:$C$721,計算用!$X$20)) | E80: =IF(計算用!$Y$20="","",INDEX(計算用!$A$2:$A$721,計算用!$Y$20)) | F80: =IF(計算用!$Y$20="","",INDEX(計算用!$C$2:$C$721,計算用!$Y$20)) | G80: =IF(計算用!$Z$20="","",INDEX(計算用!$A$2:$A$721,計算用!$Z$20)) | H80: =IF(計算用!$Z$20="","",INDEX(計算用!$C$2:$C$721,計算用!$Z$20)) | I80: =IF(計算用!$AA$20="","",INDEX(計算用!$A$2:$A$721,計算用!$AA$20)) | J80: =IF(計算用!$AA$20="","",INDEX(計算用!$C$2:$C$721,計算用!$AA$20)) | K80: =IF(計算用!$AB$20="","",INDEX(計算用!$A$2:$A$721,計算用!$AB$20)) | L80: =IF(計算用!$AB$20="","",INDEX(計算用!$C$2:$C$721,計算用!$AB$20)) | M80: =IF(計算用!$AC$20="","",INDEX(計算用!$A$2:$A$721,計算用!$AC$20)) | N80: =IF(計算用!$AC$20="","",INDEX(計算用!$C$2:$C$721,計算用!$AC$20)) | O80: =IF(計算用!$AD$20="","",INDEX(計算用!$A$2:$A$721,計算用!$AD$20)) | P80: =IF(計算用!$AD$20="","",INDEX(計算用!$C$2:$C$721,計算用!$AD$20)) | Q80: =IF(計算用!$AE$20="","",INDEX(計算用!$A$2:$A$721,計算用!$AE$20)) | R80: =IF(計算用!$AE$20="","",INDEX(計算用!$C$2:$C$721,計算用!$AE$20)) | S80: =IF(計算用!$AF$20="","",INDEX(計算用!$A$2:$A$721,計算用!$AF$20)) | T80: =IF(計算用!$AF$20="","",INDEX(計算用!$C$2:$C$721,計算用!$AF$20))
A81: =IF(計算用!$W$21="","",INDEX(計算用!$A$2:$A$721,計算用!$W$21)) | B81: =IF(計算用!$W$21="","",INDEX(計算用!$C$2:$C$721,計算用!$W$21)) | C81: =IF(計算用!$X$21="","",INDEX(計算用!$A$2:$A$721,計算用!$X$21)) | D81: =IF(計算用!$X$21="","",INDEX(計算用!$C$2:$C$721,計算用!$X$21)) | E81: =IF(計算用!$Y$21="","",INDEX(計算用!$A$2:$A$721,計算用!$Y$21)) | F81: =IF(計算用!$Y$21="","",INDEX(計算用!$C$2:$C$721,計算用!$Y$21)) | G81: =IF(計算用!$Z$21="","",INDEX(計算用!$A$2:$A$721,計算用!$Z$21)) | H81: =IF(計算用!$Z$21="","",INDEX(計算用!$C$2:$C$721,計算用!$Z$21)) | I81: =IF(計算用!$AA$21="","",INDEX(計算用!$A$2:$A$721,計算用!$AA$21)) | J81: =IF(計算用!$AA$21="","",INDEX(計算用!$C$2:$C$721,計算用!$AA$21)) | K81: =IF(計算用!$AB$21="","",INDEX(計算用!$A$2:$A$721,計算用!$AB$21)) | L81: =IF(計算用!$AB$21="","",INDEX(計算用!$C$2:$C$721,計算用!$AB$21)) | M81: =IF(計算用!$AC$21="","",INDEX(計算用!$A$2:$A$721,計算用!$AC$21)) | N81: =IF(計算用!$AC$21="","",INDEX(計算用!$C$2:$C$721,計算用!$AC$21)) | O81: =IF(計算用!$AD$21="","",INDEX(計算用!$A$2:$A$721,計算用!$AD$21)) | P81: =IF(計算用!$AD$21="","",INDEX(計算用!$C$2:$C$721,計算用!$AD$21)) | Q81: =IF(計算用!$AE$21="","",INDEX(計算用!$A$2:$A$721,計算用!$AE$21)) | R81: =IF(計算用!$AE$21="","",INDEX(計算用!$C$2:$C$721,計算用!$AE$21)) | S81: =IF(計算用!$AF$21="","",INDEX(計算用!$A$2:$A$721,計算用!$AF$21)) | T81: =IF(計算用!$AF$21="","",INDEX(計算用!$C$2:$C$721,計算用!$AF$21))
A82: =IF(計算用!$W$22="","",INDEX(計算用!$A$2:$A$721,計算用!$W$22)) | B82: =IF(計算用!$W$22="","",INDEX(計算用!$C$2:$C$721,計算用!$W$22)) | C82: =IF(計算用!$X$22="","",INDEX(計算用!$A$2:$A$721,計算用!$X$22)) | D82: =IF(計算用!$X$22="","",INDEX(計算用!$C$2:$C$721,計算用!$X$22)) | E82: =IF(計算用!$Y$22="","",INDEX(計算用!$A$2:$A$721,計算用!$Y$22)) | F82: =IF(計算用!$Y$22="","",INDEX(計算用!$C$2:$C$721,計算用!$Y$22)) | G82: =IF(計算用!$Z$22="","",INDEX(計算用!$A$2:$A$721,計算用!$Z$22)) | H82: =IF(計算用!$Z$22="","",INDEX(計算用!$C$2:$C$721,計算用!$Z$22)) | I82: =IF(計算用!$AA$22="","",INDEX(計算用!$A$2:$A$721,計算用!$AA$22)) | J82: =IF(計算用!$AA$22="","",INDEX(計算用!$C$2:$C$721,計算用!$AA$22)) | K82: =IF(計算用!$AB$22="","",INDEX(計算用!$A$2:$A$721,計算用!$AB$22)) | L82: =IF(計算用!$AB$22="","",INDEX(計算用!$C$2:$C$721,計算用!$AB$22)) | M82: =IF(計算用!$AC$22="","",INDEX(計算用!$A$2:$A$721,計算用!$AC$22)) | N82: =IF(計算用!$AC$22="","",INDEX(計算用!$C$2:$C$721,計算用!$AC$22)) | O82: =IF(計算用!$AD$22="","",INDEX(計算用!$A$2:$A$721,計算用!$AD$22)) | P82: =IF(計算用!$AD$22="","",INDEX(計算用!$C$2:$C$721,計算用!$AD$22)) | Q82: =IF(計算用!$AE$22="","",INDEX(計算用!$A$2:$A$721,計算用!$AE$22)) | R82: =IF(計算用!$AE$22="","",INDEX(計算用!$C$2:$C$721,計算用!$AE$22)) | S82: =IF(計算用!$AF$22="","",INDEX(計算用!$A$2:$A$721,計算用!$AF$22)) | T82: =IF(計算用!$AF$22="","",INDEX(計算用!$C$2:$C$721,計算用!$AF$22))
A83: =IF(計算用!$W$23="","",INDEX(計算用!$A$2:$A$721,計算用!$W$23)) | B83: =IF(計算用!$W$23="","",INDEX(計算用!$C$2:$C$721,計算用!$W$23)) | C83: =IF(計算用!$X$23="","",INDEX(計算用!$A$2:$A$721,計算用!$X$23)) | D83: =IF(計算用!$X$23="","",INDEX(計算用!$C$2:$C$721,計算用!$X$23)) | E83: =IF(計算用!$Y$23="","",INDEX(計算用!$A$2:$A$721,計算用!$Y$23)) | F83: =IF(計算用!$Y$23="","",INDEX(計算用!$C$2:$C$721,計算用!$Y$23)) | G83: =IF(計算用!$Z$23="","",INDEX(計算用!$A$2:$A$721,計算用!$Z$23)) | H83: =IF(計算用!$Z$23="","",INDEX(計算用!$C$2:$C$721,計算用!$Z$23)) | I83: =IF(計算用!$AA$23="","",INDEX(計算用!$A$2:$A$721,計算用!$AA$23)) | J83: =IF(計算用!$AA$23="","",INDEX(計算用!$C$2:$C$721,計算用!$AA$23)) | K83: =IF(計算用!$AB$23="","",INDEX(計算用!$A$2:$A$721,計算用!$AB$23)) | L83: =IF(計算用!$AB$23="","",INDEX(計算用!$C$2:$C$721,計算用!$AB$23)) | M83: =IF(計算用!$AC$23="","",INDEX(計算用!$A$2:$A$721,計算用!$AC$23)) | N83: =IF(計算用!$AC$23="","",INDEX(計算用!$C$2:$C$721,計算用!$AC$23)) | O83: =IF(計算用!$AD$23="","",INDEX(計算用!$A$2:$A$721,計算用!$AD$23)) | P83: =IF(計算用!$AD$23="","",INDEX(計算用!$C$2:$C$721,計算用!$AD$23)) | Q83: =IF(計算用!$AE$23="","",INDEX(計算用!$A$2:$A$721,計算用!$AE$23)) | R83: =IF(計算用!$AE$23="","",INDEX(計算用!$C$2:$C$721,計算用!$AE$23)) | S83: =IF(計算用!$AF$23="","",INDEX(計算用!$A$2:$A$721,計算用!$AF$23)) | T83: =IF(計算用!$AF$23="","",INDEX(計算用!$C$2:$C$721,計算用!$AF$23))
A84: =IF(計算用!$W$24="","",INDEX(計算用!$A$2:$A$721,計算用!$W$24)) | B84: =IF(計算用!$W$24="","",INDEX(計算用!$C$2:$C$721,計算用!$W$24)) | C84: =IF(計算用!$X$24="","",INDEX(計算用!$A$2:$A$721,計算用!$X$24)) | D84: =IF(計算用!$X$24="","",INDEX(計算用!$C$2:$C$721,計算用!$X$24)) | E84: =IF(計算用!$Y$24="","",INDEX(計算用!$A$2:$A$721,計算用!$Y$24)) | F84: =IF(計算用!$Y$24="","",INDEX(計算用!$C$2:$C$721,計算用!$Y$24)) | G84: =IF(計算用!$Z$24="","",INDEX(計算用!$A$2:$A$721,計算用!$Z$24)) | H84: =IF(計算用!$Z$24="","",INDEX(計算用!$C$2:$C$721,計算用!$Z$24)) | I84: =IF(計算用!$AA$24="","",INDEX(計算用!$A$2:$A$721,計算用!$AA$24)) | J84: =IF(計算用!$AA$24="","",INDEX(計算用!$C$2:$C$721,計算用!$AA$24)) | K84: =IF(計算用!$AB$24="","",INDEX(計算用!$A$2:$A$721,計算用!$AB$24)) | L84: =IF(計算用!$AB$24="","",INDEX(計算用!$C$2:$C$721,計算用!$AB$24)) | M84: =IF(計算用!$AC$24="","",INDEX(計算用!$A$2:$A$721,計算用!$AC$24)) | N84: =IF(計算用!$AC$24="","",INDEX(計算用!$C$2:$C$721,計算用!$AC$24)) | O84: =IF(計算用!$AD$24="","",INDEX(計算用!$A$2:$A$721,計算用!$AD$24)) | P84: =IF(計算用!$AD$24="","",INDEX(計算用!$C$2:$C$721,計算用!$AD$24)) | Q84: =IF(計算用!$AE$24="","",INDEX(計算用!$A$2:$A$721,計算用!$AE$24)) | R84: =IF(計算用!$AE$24="","",INDEX(計算用!$C$2:$C$721,計算用!$AE$24)) | S84: =IF(計算用!$AF$24="","",INDEX(計算用!$A$2:$A$721,計算用!$AF$24)) | T84: =IF(計算用!$AF$24="","",INDEX(計算用!$C$2:$C$721,計算用!$AF$24))
A85: =IF(計算用!$W$25="","",INDEX(計算用!$A$2:$A$721,計算用!$W$25)) | B85: =IF(計算用!$W$25="","",INDEX(計算用!$C$2:$C$721,計算用!$W$25)) | C85: =IF(計算用!$X$25="","",INDEX(計算用!$A$2:$A$721,計算用!$X$25)) | D85: =IF(計算用!$X$25="","",INDEX(計算用!$C$2:$C$721,計算用!$X$25)) | E85: =IF(計算用!$Y$25="","",INDEX(計算用!$A$2:$A$721,計算用!$Y$25)) | F85: =IF(計算用!$Y$25="","",INDEX(計算用!$C$2:$C$721,計算用!$Y$25)) | G85: =IF(計算用!$Z$25="","",INDEX(計算用!$A$2:$A$721,計算用!$Z$25)) | H85: =IF(計算用!$Z$25="","",INDEX(計算用!$C$2:$C$721,計算用!$Z$25)) | I85: =IF(計算用!$AA$25="","",INDEX(計算用!$A$2:$A$721,計算用!$AA$25)) | J85: =IF(計算用!$AA$25="","",INDEX(計算用!$C$2:$C$721,計算用!$AA$25)) | K85: =IF(計算用!$AB$25="","",INDEX(計算用!$A$2:$A$721,計算用!$AB$25)) | L85: =IF(計算用!$AB$25="","",INDEX(計算用!$C$2:$C$721,計算用!$AB$25)) | M85: =IF(計算用!$AC$25="","",INDEX(計算用!$A$2:$A$721,計算用!$AC$25)) | N85: =IF(計算用!$AC$25="","",INDEX(計算用!$C$2:$C$721,計算用!$AC$25)) | O85: =IF(計算用!$AD$25="","",INDEX(計算用!$A$2:$A$721,計算用!$AD$25)) | P85: =IF(計算用!$AD$25="","",INDEX(計算用!$C$2:$C$721,計算用!$AD$25)) | Q85: =IF(計算用!$AE$25="","",INDEX(計算用!$A$2:$A$721,計算用!$AE$25)) | R85: =IF(計算用!$AE$25="","",INDEX(計算用!$C$2:$C$721,計算用!$AE$25)) | S85: =IF(計算用!$AF$25="","",INDEX(計算用!$A$2:$A$721,計算用!$AF$25)) | T85: =IF(計算用!$AF$25="","",INDEX(計算用!$C$2:$C$721,計算用!$AF$25))
A86: =IF(計算用!$W$26="","",INDEX(計算用!$A$2:$A$721,計算用!$W$26)) | B86: =IF(計算用!$W$26="","",INDEX(計算用!$C$2:$C$721,計算用!$W$26)) | C86: =IF(計算用!$X$26="","",INDEX(計算用!$A$2:$A$721,計算用!$X$26)) | D86: =IF(計算用!$X$26="","",INDEX(計算用!$C$2:$C$721,計算用!$X$26)) | E86: =IF(計算用!$Y$26="","",INDEX(計算用!$A$2:$A$721,計算用!$Y$26)) | F86: =IF(計算用!$Y$26="","",INDEX(計算用!$C$2:$C$721,計算用!$Y$26)) | G86: =IF(計算用!$Z$26="","",INDEX(計算用!$A$2:$A$721,計算用!$Z$26)) | H86: =IF(計算用!$Z$26="","",INDEX(計算用!$C$2:$C$721,計算用!$Z$26)) | I86: =IF(計算用!$AA$26="","",INDEX(計算用!$A$2:$A$721,計算用!$AA$26)) | J86: =IF(計算用!$AA$26="","",INDEX(計算用!$C$2:$C$721,計算用!$AA$26)) | K86: =IF(計算用!$AB$26="","",INDEX(計算用!$A$2:$A$721,計算用!$AB$26)) | L86: =IF(計算用!$AB$26="","",INDEX(計算用!$C$2:$C$721,計算用!$AB$26)) | M86: =IF(計算用!$AC$26="","",INDEX(計算用!$A$2:$A$721,計算用!$AC$26)) | N86: =IF(計算用!$AC$26="","",INDEX(計算用!$C$2:$C$721,計算用!$AC$26)) | O86: =IF(計算用!$AD$26="","",INDEX(計算用!$A$2:$A$721,計算用!$AD$26)) | P86: =IF(計算用!$AD$26="","",INDEX(計算用!$C$2:$C$721,計算用!$AD$26)) | Q86: =IF(計算用!$AE$26="","",INDEX(計算用!$A$2:$A$721,計算用!$AE$26)) | R86: =IF(計算用!$AE$26="","",INDEX(計算用!$C$2:$C$721,計算用!$AE$26)) | S86: =IF(計算用!$AF$26="","",INDEX(計算用!$A$2:$A$721,計算用!$AF$26)) | T86: =IF(計算用!$AF$26="","",INDEX(計算用!$C$2:$C$721,計算用!$AF$26))
A87: =IF(計算用!$W$27="","",INDEX(計算用!$A$2:$A$721,計算用!$W$27)) | B87: =IF(計算用!$W$27="","",INDEX(計算用!$C$2:$C$721,計算用!$W$27)) | C87: =IF(計算用!$X$27="","",INDEX(計算用!$A$2:$A$721,計算用!$X$27)) | D87: =IF(計算用!$X$27="","",INDEX(計算用!$C$2:$C$721,計算用!$X$27)) | E87: =IF(計算用!$Y$27="","",INDEX(計算用!$A$2:$A$721,計算用!$Y$27)) | F87: =IF(計算用!$Y$27="","",INDEX(計算用!$C$2:$C$721,計算用!$Y$27)) | G87: =IF(計算用!$Z$27="","",INDEX(計算用!$A$2:$A$721,計算用!$Z$27)) | H87: =IF(計算用!$Z$27="","",INDEX(計算用!$C$2:$C$721,計算用!$Z$27)) | I87: =IF(計算用!$AA$27="","",INDEX(計算用!$A$2:$A$721,計算用!$AA$27)) | J87: =IF(計算用!$AA$27="","",INDEX(計算用!$C$2:$C$721,計算用!$AA$27)) | K87: =IF(計算用!$AB$27="","",INDEX(計算用!$A$2:$A$721,計算用!$AB$27)) | L87: =IF(計算用!$AB$27="","",INDEX(計算用!$C$2:$C$721,計算用!$AB$27)) | M87: =IF(計算用!$AC$27="","",INDEX(計算用!$A$2:$A$721,計算用!$AC$27)) | N87: =IF(計算用!$AC$27="","",INDEX(計算用!$C$2:$C$721,計算用!$AC$27)) | O87: =IF(計算用!$AD$27="","",INDEX(計算用!$A$2:$A$721,計算用!$AD$27)) | P87: =IF(計算用!$AD$27="","",INDEX(計算用!$C$2:$C$721,計算用!$AD$27)) | Q87: =IF(計算用!$AE$27="","",INDEX(計算用!$A$2:$A$721,計算用!$AE$27)) | R87: =IF(計算用!$AE$27="","",INDEX(計算用!$C$2:$C$721,計算用!$AE$27)) | S87: =IF(計算用!$AF$27="","",INDEX(計算用!$A$2:$A$721,計算用!$AF$27)) | T87: =IF(計算用!$AF$27="","",INDEX(計算用!$C$2:$C$721,計算用!$AF$27))
A88: =IF(計算用!$W$28="","",INDEX(計算用!$A$2:$A$721,計算用!$W$28)) | B88: =IF(計算用!$W$28="","",INDEX(計算用!$C$2:$C$721,計算用!$W$28)) | C88: =IF(計算用!$X$28="","",INDEX(計算用!$A$2:$A$721,計算用!$X$28)) | D88: =IF(計算用!$X$28="","",INDEX(計算用!$C$2:$C$721,計算用!$X$28)) | E88: =IF(計算用!$Y$28="","",INDEX(計算用!$A$2:$A$721,計算用!$Y$28)) | F88: =IF(計算用!$Y$28="","",INDEX(計算用!$C$2:$C$721,計算用!$Y$28)) | G88: =IF(計算用!$Z$28="","",INDEX(計算用!$A$2:$A$721,計算用!$Z$28)) | H88: =IF(計算用!$Z$28="","",INDEX(計算用!$C$2:$C$721,計算用!$Z$28)) | I88: =IF(計算用!$AA$28="","",INDEX(計算用!$A$2:$A$721,計算用!$AA$28)) | J88: =IF(計算用!$AA$28="","",INDEX(計算用!$C$2:$C$721,計算用!$AA$28)) | K88: =IF(計算用!$AB$28="","",INDEX(計算用!$A$2:$A$721,計算用!$AB$28)) | L88: =IF(計算用!$AB$28="","",INDEX(計算用!$C$2:$C$721,計算用!$AB$28)) | M88: =IF(計算用!$AC$28="","",INDEX(計算用!$A$2:$A$721,計算用!$AC$28)) | N88: =IF(計算用!$AC$28="","",INDEX(計算用!$C$2:$C$721,計算用!$AC$28)) | O88: =IF(計算用!$AD$28="","",INDEX(計算用!$A$2:$A$721,計算用!$AD$28)) | P88: =IF(計算用!$AD$28="","",INDEX(計算用!$C$2:$C$721,計算用!$AD$28)) | Q88: =IF(計算用!$AE$28="","",INDEX(計算用!$A$2:$A$721,計算用!$AE$28)) | R88: =IF(計算用!$AE$28="","",INDEX(計算用!$C$2:$C$721,計算用!$AE$28)) | S88: =IF(計算用!$AF$28="","",INDEX(計算用!$A$2:$A$721,計算用!$AF$28)) | T88: =IF(計算用!$AF$28="","",INDEX(計算用!$C$2:$C$721,計算用!$AF$28))
A89: =IF(計算用!$W$29="","",INDEX(計算用!$A$2:$A$721,計算用!$W$29)) | B89: =IF(計算用!$W$29="","",INDEX(計算用!$C$2:$C$721,計算用!$W$29)) | C89: =IF(計算用!$X$29="","",INDEX(計算用!$A$2:$A$721,計算用!$X$29)) | D89: =IF(計算用!$X$29="","",INDEX(計算用!$C$2:$C$721,計算用!$X$29)) | E89: =IF(計算用!$Y$29="","",INDEX(計算用!$A$2:$A$721,計算用!$Y$29)) | F89: =IF(計算用!$Y$29="","",INDEX(計算用!$C$2:$C$721,計算用!$Y$29)) | G89: =IF(計算用!$Z$29="","",INDEX(計算用!$A$2:$A$721,計算用!$Z$29)) | H89: =IF(計算用!$Z$29="","",INDEX(計算用!$C$2:$C$721,計算用!$Z$29)) | I89: =IF(計算用!$AA$29="","",INDEX(計算用!$A$2:$A$721,計算用!$AA$29)) | J89: =IF(計算用!$AA$29="","",INDEX(計算用!$C$2:$C$721,計算用!$AA$29)) | K89: =IF(計算用!$AB$29="","",INDEX(計算用!$A$2:$A$721,計算用!$AB$29)) | L89: =IF(計算用!$AB$29="","",INDEX(計算用!$C$2:$C$721,計算用!$AB$29)) | M89: =IF(計算用!$AC$29="","",INDEX(計算用!$A$2:$A$721,計算用!$AC$29)) | N89: =IF(計算用!$AC$29="","",INDEX(計算用!$C$2:$C$721,計算用!$AC$29)) | O89: =IF(計算用!$AD$29="","",INDEX(計算用!$A$2:$A$721,計算用!$AD$29)) | P89: =IF(計算用!$AD$29="","",INDEX(計算用!$C$2:$C$721,計算用!$AD$29)) | Q89: =IF(計算用!$AE$29="","",INDEX(計算用!$A$2:$A$721,計算用!$AE$29)) | R89: =IF(計算用!$AE$29="","",INDEX(計算用!$C$2:$C$721,計算用!$AE$29)) | S89: =IF(計算用!$AF$29="","",INDEX(計算用!$A$2:$A$721,計算用!$AF$29)) | T89: =IF(計算用!$AF$29="","",INDEX(計算用!$C$2:$C$721,計算用!$AF$29))
A90: =IF(計算用!$W$30="","",INDEX(計算用!$A$2:$A$721,計算用!$W$30)) | B90: =IF(計算用!$W$30="","",INDEX(計算用!$C$2:$C$721,計算用!$W$30)) | C90: =IF(計算用!$X$30="","",INDEX(計算用!$A$2:$A$721,計算用!$X$30)) | D90: =IF(計算用!$X$30="","",INDEX(計算用!$C$2:$C$721,計算用!$X$30)) | E90: =IF(計算用!$Y$30="","",INDEX(計算用!$A$2:$A$721,計算用!$Y$30)) | F90: =IF(計算用!$Y$30="","",INDEX(計算用!$C$2:$C$721,計算用!$Y$30)) | G90: =IF(計算用!$Z$30="","",INDEX(計算用!$A$2:$A$721,計算用!$Z$30)) | H90: =IF(計算用!$Z$30="","",INDEX(計算用!$C$2:$C$721,計算用!$Z$30)) | I90: =IF(計算用!$AA$30="","",INDEX(計算用!$A$2:$A$721,計算用!$AA$30)) | J90: =IF(計算用!$AA$30="","",INDEX(計算用!$C$2:$C$721,計算用!$AA$30)) | K90: =IF(計算用!$AB$30="","",INDEX(計算用!$A$2:$A$721,計算用!$AB$30)) | L90: =IF(計算用!$AB$30="","",INDEX(計算用!$C$2:$C$721,計算用!$AB$30)) | M90: =IF(計算用!$AC$30="","",INDEX(計算用!$A$2:$A$721,計算用!$AC$30)) | N90: =IF(計算用!$AC$30="","",INDEX(計算用!$C$2:$C$721,計算用!$AC$30)) | O90: =IF(計算用!$AD$30="","",INDEX(計算用!$A$2:$A$721,計算用!$AD$30)) | P90: =IF(計算用!$AD$30="","",INDEX(計算用!$C$2:$C$721,計算用!$AD$30)) | Q90: =IF(計算用!$AE$30="","",INDEX(計算用!$A$2:$A$721,計算用!$AE$30)) | R90: =IF(計算用!$AE$30="","",INDEX(計算用!$C$2:$C$721,計算用!$AE$30)) | S90: =IF(計算用!$AF$30="","",INDEX(計算用!$A$2:$A$721,計算用!$AF$30)) | T90: =IF(計算用!$AF$30="","",INDEX(計算用!$C$2:$C$721,計算用!$AF$30))
A91: =IF(計算用!$W$31="","",INDEX(計算用!$A$2:$A$721,計算用!$W$31)) | B91: =IF(計算用!$W$31="","",INDEX(計算用!$C$2:$C$721,計算用!$W$31)) | C91: =IF(計算用!$X$31="","",INDEX(計算用!$A$2:$A$721,計算用!$X$31)) | D91: =IF(計算用!$X$31="","",INDEX(計算用!$C$2:$C$721,計算用!$X$31)) | E91: =IF(計算用!$Y$31="","",INDEX(計算用!$A$2:$A$721,計算用!$Y$31)) | F91: =IF(計算用!$Y$31="","",INDEX(計算用!$C$2:$C$721,計算用!$Y$31)) | G91: =IF(計算用!$Z$31="","",INDEX(計算用!$A$2:$A$721,計算用!$Z$31)) | H91: =IF(計算用!$Z$31="","",INDEX(計算用!$C$2:$C$721,計算用!$Z$31)) | I91: =IF(計算用!$AA$31="","",INDEX(計算用!$A$2:$A$721,計算用!$AA$31)) | J91: =IF(計算用!$AA$31="","",INDEX(計算用!$C$2:$C$721,計算用!$AA$31)) | K91: =IF(計算用!$AB$31="","",INDEX(計算用!$A$2:$A$721,計算用!$AB$31)) | L91: =IF(計算用!$AB$31="","",INDEX(計算用!$C$2:$C$721,計算用!$AB$31)) | M91: =IF(計算用!$AC$31="","",INDEX(計算用!$A$2:$A$721,計算用!$AC$31)) | N91: =IF(計算用!$AC$31="","",INDEX(計算用!$C$2:$C$721,計算用!$AC$31)) | O91: =IF(計算用!$AD$31="","",INDEX(計算用!$A$2:$A$721,計算用!$AD$31)) | P91: =IF(計算用!$AD$31="","",INDEX(計算用!$C$2:$C$721,計算用!$AD$31)) | Q91: =IF(計算用!$AE$31="","",INDEX(計算用!$A$2:$A$721,計算用!$AE$31)) | R91: =IF(計算用!$AE$31="","",INDEX(計算用!$C$2:$C$721,計算用!$AE$31)) | S91: =IF(計算用!$AF$31="","",INDEX(計算用!$A$2:$A$721,計算用!$AF$31)) | T91: =IF(計算用!$AF$31="","",INDEX(計算用!$C$2:$C$721,計算用!$AF$31))
A92: =IF(計算用!$W$32="","",INDEX(計算用!$A$2:$A$721,計算用!$W$32)) | B92: =IF(計算用!$W$32="","",INDEX(計算用!$C$2:$C$721,計算用!$W$32)) | C92: =IF(計算用!$X$32="","",INDEX(計算用!$A$2:$A$721,計算用!$X$32)) | D92: =IF(計算用!$X$32="","",INDEX(計算用!$C$2:$C$721,計算用!$X$32)) | E92: =IF(計算用!$Y$32="","",INDEX(計算用!$A$2:$A$721,計算用!$Y$32)) | F92: =IF(計算用!$Y$32="","",INDEX(計算用!$C$2:$C$721,計算用!$Y$32)) | G92: =IF(計算用!$Z$32="","",INDEX(計算用!$A$2:$A$721,計算用!$Z$32)) | H92: =IF(計算用!$Z$32="","",INDEX(計算用!$C$2:$C$721,計算用!$Z$32)) | I92: =IF(計算用!$AA$32="","",INDEX(計算用!$A$2:$A$721,計算用!$AA$32)) | J92: =IF(計算用!$AA$32="","",INDEX(計算用!$C$2:$C$721,計算用!$AA$32)) | K92: =IF(計算用!$AB$32="","",INDEX(計算用!$A$2:$A$721,計算用!$AB$32)) | L92: =IF(計算用!$AB$32="","",INDEX(計算用!$C$2:$C$721,計算用!$AB$32)) | M92: =IF(計算用!$AC$32="","",INDEX(計算用!$A$2:$A$721,計算用!$AC$32)) | N92: =IF(計算用!$AC$32="","",INDEX(計算用!$C$2:$C$721,計算用!$AC$32)) | O92: =IF(計算用!$AD$32="","",INDEX(計算用!$A$2:$A$721,計算用!$AD$32)) | P92: =IF(計算用!$AD$32="","",INDEX(計算用!$C$2:$C$721,計算用!$AD$32)) | Q92: =IF(計算用!$AE$32="","",INDEX(計算用!$A$2:$A$721,計算用!$AE$32)) | R92: =IF(計算用!$AE$32="","",INDEX(計算用!$C$2:$C$721,計算用!$AE$32)) | S92: =IF(計算用!$AF$32="","",INDEX(計算用!$A$2:$A$721,計算用!$AF$32)) | T92: =IF(計算用!$AF$32="","",INDEX(計算用!$C$2:$C$721,計算用!$AF$32))
A93: =IF(計算用!$W$33="","",INDEX(計算用!$A$2:$A$721,計算用!$W$33)) | B93: =IF(計算用!$W$33="","",INDEX(計算用!$C$2:$C$721,計算用!$W$33)) | C93: =IF(計算用!$X$33="","",INDEX(計算用!$A$2:$A$721,計算用!$X$33)) | D93: =IF(計算用!$X$33="","",INDEX(計算用!$C$2:$C$721,計算用!$X$33)) | E93: =IF(計算用!$Y$33="","",INDEX(計算用!$A$2:$A$721,計算用!$Y$33)) | F93: =IF(計算用!$Y$33="","",INDEX(計算用!$C$2:$C$721,計算用!$Y$33)) | G93: =IF(計算用!$Z$33="","",INDEX(計算用!$A$2:$A$721,計算用!$Z$33)) | H93: =IF(計算用!$Z$33="","",INDEX(計算用!$C$2:$C$721,計算用!$Z$33)) | I93: =IF(計算用!$AA$33="","",INDEX(計算用!$A$2:$A$721,計算用!$AA$33)) | J93: =IF(計算用!$AA$33="","",INDEX(計算用!$C$2:$C$721,計算用!$AA$33)) | K93: =IF(計算用!$AB$33="","",INDEX(計算用!$A$2:$A$721,計算用!$AB$33)) | L93: =IF(計算用!$AB$33="","",INDEX(計算用!$C$2:$C$721,計算用!$AB$33)) | M93: =IF(計算用!$AC$33="","",INDEX(計算用!$A$2:$A$721,計算用!$AC$33)) | N93: =IF(計算用!$AC$33="","",INDEX(計算用!$C$2:$C$721,計算用!$AC$33)) | O93: =IF(計算用!$AD$33="","",INDEX(計算用!$A$2:$A$721,計算用!$AD$33)) | P93: =IF(計算用!$AD$33="","",INDEX(計算用!$C$2:$C$721,計算用!$AD$33)) | Q93: =IF(計算用!$AE$33="","",INDEX(計算用!$A$2:$A$721,計算用!$AE$33)) | R93: =IF(計算用!$AE$33="","",INDEX(計算用!$C$2:$C$721,計算用!$AE$33)) | S93: =IF(計算用!$AF$33="","",INDEX(計算用!$A$2:$A$721,計算用!$AF$33)) | T93: =IF(計算用!$AF$33="","",INDEX(計算用!$C$2:$C$721,計算用!$AF$33))
A94: =IF(計算用!$W$34="","",INDEX(計算用!$A$2:$A$721,計算用!$W$34)) | B94: =IF(計算用!$W$34="","",INDEX(計算用!$C$2:$C$721,計算用!$W$34)) | C94: =IF(計算用!$X$34="","",INDEX(計算用!$A$2:$A$721,計算用!$X$34)) | D94: =IF(計算用!$X$34="","",INDEX(計算用!$C$2:$C$721,計算用!$X$34)) | E94: =IF(計算用!$Y$34="","",INDEX(計算用!$A$2:$A$721,計算用!$Y$34)) | F94: =IF(計算用!$Y$34="","",INDEX(計算用!$C$2:$C$721,計算用!$Y$34)) | G94: =IF(計算用!$Z$34="","",INDEX(計算用!$A$2:$A$721,計算用!$Z$34)) | H94: =IF(計算用!$Z$34="","",INDEX(計算用!$C$2:$C$721,計算用!$Z$34)) | I94: =IF(計算用!$AA$34="","",INDEX(計算用!$A$2:$A$721,計算用!$AA$34)) | J94: =IF(計算用!$AA$34="","",INDEX(計算用!$C$2:$C$721,計算用!$AA$34)) | K94: =IF(計算用!$AB$34="","",INDEX(計算用!$A$2:$A$721,計算用!$AB$34)) | L94: =IF(計算用!$AB$34="","",INDEX(計算用!$C$2:$C$721,計算用!$AB$34)) | M94: =IF(計算用!$AC$34="","",INDEX(計算用!$A$2:$A$721,計算用!$AC$34)) | N94: =IF(計算用!$AC$34="","",INDEX(計算用!$C$2:$C$721,計算用!$AC$34)) | O94: =IF(計算用!$AD$34="","",INDEX(計算用!$A$2:$A$721,計算用!$AD$34)) | P94: =IF(計算用!$AD$34="","",INDEX(計算用!$C$2:$C$721,計算用!$AD$34)) | Q94: =IF(計算用!$AE$34="","",INDEX(計算用!$A$2:$A$721,計算用!$AE$34)) | R94: =IF(計算用!$AE$34="","",INDEX(計算用!$C$2:$C$721,計算用!$AE$34)) | S94: =IF(計算用!$AF$34="","",INDEX(計算用!$A$2:$A$721,計算用!$AF$34)) | T94: =IF(計算用!$AF$34="","",INDEX(計算用!$C$2:$C$721,計算用!$AF$34))
A95: =IF(計算用!$W$35="","",INDEX(計算用!$A$2:$A$721,計算用!$W$35)) | B95: =IF(計算用!$W$35="","",INDEX(計算用!$C$2:$C$721,計算用!$W$35)) | C95: =IF(計算用!$X$35="","",INDEX(計算用!$A$2:$A$721,計算用!$X$35)) | D95: =IF(計算用!$X$35="","",INDEX(計算用!$C$2:$C$721,計算用!$X$35)) | E95: =IF(計算用!$Y$35="","",INDEX(計算用!$A$2:$A$721,計算用!$Y$35)) | F95: =IF(計算用!$Y$35="","",INDEX(計算用!$C$2:$C$721,計算用!$Y$35)) | G95: =IF(計算用!$Z$35="","",INDEX(計算用!$A$2:$A$721,計算用!$Z$35)) | H95: =IF(計算用!$Z$35="","",INDEX(計算用!$C$2:$C$721,計算用!$Z$35)) | I95: =IF(計算用!$AA$35="","",INDEX(計算用!$A$2:$A$721,計算用!$AA$35)) | J95: =IF(計算用!$AA$35="","",INDEX(計算用!$C$2:$C$721,計算用!$AA$35)) | K95: =IF(計算用!$AB$35="","",INDEX(計算用!$A$2:$A$721,計算用!$AB$35)) | L95: =IF(計算用!$AB$35="","",INDEX(計算用!$C$2:$C$721,計算用!$AB$35)) | M95: =IF(計算用!$AC$35="","",INDEX(計算用!$A$2:$A$721,計算用!$AC$35)) | N95: =IF(計算用!$AC$35="","",INDEX(計算用!$C$2:$C$721,計算用!$AC$35)) | O95: =IF(計算用!$AD$35="","",INDEX(計算用!$A$2:$A$721,計算用!$AD$35)) | P95: =IF(計算用!$AD$35="","",INDEX(計算用!$C$2:$C$721,計算用!$AD$35)) | Q95: =IF(計算用!$AE$35="","",INDEX(計算用!$A$2:$A$721,計算用!$AE$35)) | R95: =IF(計算用!$AE$35="","",INDEX(計算用!$C$2:$C$721,計算用!$AE$35)) | S95: =IF(計算用!$AF$35="","",INDEX(計算用!$A$2:$A$721,計算用!$AF$35)) | T95: =IF(計算用!$AF$35="","",INDEX(計算用!$C$2:$C$721,計算用!$AF$35))
A96: =IF(計算用!$W$36="","",INDEX(計算用!$A$2:$A$721,計算用!$W$36)) | B96: =IF(計算用!$W$36="","",INDEX(計算用!$C$2:$C$721,計算用!$W$36)) | C96: =IF(計算用!$X$36="","",INDEX(計算用!$A$2:$A$721,計算用!$X$36)) | D96: =IF(計算用!$X$36="","",INDEX(計算用!$C$2:$C$721,計算用!$X$36)) | E96: =IF(計算用!$Y$36="","",INDEX(計算用!$A$2:$A$721,計算用!$Y$36)) | F96: =IF(計算用!$Y$36="","",INDEX(計算用!$C$2:$C$721,計算用!$Y$36)) | G96: =IF(計算用!$Z$36="","",INDEX(計算用!$A$2:$A$721,計算用!$Z$36)) | H96: =IF(計算用!$Z$36="","",INDEX(計算用!$C$2:$C$721,計算用!$Z$36)) | I96: =IF(計算用!$AA$36="","",INDEX(計算用!$A$2:$A$721,計算用!$AA$36)) | J96: =IF(計算用!$AA$36="","",INDEX(計算用!$C$2:$C$721,計算用!$AA$36)) | K96: =IF(計算用!$AB$36="","",INDEX(計算用!$A$2:$A$721,計算用!$AB$36)) | L96: =IF(計算用!$AB$36="","",INDEX(計算用!$C$2:$C$721,計算用!$AB$36)) | M96: =IF(計算用!$AC$36="","",INDEX(計算用!$A$2:$A$721,計算用!$AC$36)) | N96: =IF(計算用!$AC$36="","",INDEX(計算用!$C$2:$C$721,計算用!$AC$36)) | O96: =IF(計算用!$AD$36="","",INDEX(計算用!$A$2:$A$721,計算用!$AD$36)) | P96: =IF(計算用!$AD$36="","",INDEX(計算用!$C$2:$C$721,計算用!$AD$36)) | Q96: =IF(計算用!$AE$36="","",INDEX(計算用!$A$2:$A$721,計算用!$AE$36)) | R96: =IF(計算用!$AE$36="","",INDEX(計算用!$C$2:$C$721,計算用!$AE$36)) | S96: =IF(計算用!$AF$36="","",INDEX(計算用!$A$2:$A$721,計算用!$AF$36)) | T96: =IF(計算用!$AF$36="","",INDEX(計算用!$C$2:$C$721,計算用!$AF$36))
A97: =IF(計算用!$W$37="","",INDEX(計算用!$A$2:$A$721,計算用!$W$37)) | B97: =IF(計算用!$W$37="","",INDEX(計算用!$C$2:$C$721,計算用!$W$37)) | C97: =IF(計算用!$X$37="","",INDEX(計算用!$A$2:$A$721,計算用!$X$37)) | D97: =IF(計算用!$X$37="","",INDEX(計算用!$C$2:$C$721,計算用!$X$37)) | E97: =IF(計算用!$Y$37="","",INDEX(計算用!$A$2:$A$721,計算用!$Y$37)) | F97: =IF(計算用!$Y$37="","",INDEX(計算用!$C$2:$C$721,計算用!$Y$37)) | G97: =IF(計算用!$Z$37="","",INDEX(計算用!$A$2:$A$721,計算用!$Z$37)) | H97: =IF(計算用!$Z$37="","",INDEX(計算用!$C$2:$C$721,計算用!$Z$37)) | I97: =IF(計算用!$AA$37="","",INDEX(計算用!$A$2:$A$721,計算用!$AA$37)) | J97: =IF(計算用!$AA$37="","",INDEX(計算用!$C$2:$C$721,計算用!$AA$37)) | K97: =IF(計算用!$AB$37="","",INDEX(計算用!$A$2:$A$721,計算用!$AB$37)) | L97: =IF(計算用!$AB$37="","",INDEX(計算用!$C$2:$C$721,計算用!$AB$37)) | M97: =IF(計算用!$AC$37="","",INDEX(計算用!$A$2:$A$721,計算用!$AC$37)) | N97: =IF(計算用!$AC$37="","",INDEX(計算用!$C$2:$C$721,計算用!$AC$37)) | O97: =IF(計算用!$AD$37="","",INDEX(計算用!$A$2:$A$721,計算用!$AD$37)) | P97: =IF(計算用!$AD$37="","",INDEX(計算用!$C$2:$C$721,計算用!$AD$37)) | Q97: =IF(計算用!$AE$37="","",INDEX(計算用!$A$2:$A$721,計算用!$AE$37)) | R97: =IF(計算用!$AE$37="","",INDEX(計算用!$C$2:$C$721,計算用!$AE$37)) | S97: =IF(計算用!$AF$37="","",INDEX(計算用!$A$2:$A$721,計算用!$AF$37)) | T97: =IF(計算用!$AF$37="","",INDEX(計算用!$C$2:$C$721,計算用!$AF$37))
A98: =IF(計算用!$W$38="","",INDEX(計算用!$A$2:$A$721,計算用!$W$38)) | B98: =IF(計算用!$W$38="","",INDEX(計算用!$C$2:$C$721,計算用!$W$38)) | C98: =IF(計算用!$X$38="","",INDEX(計算用!$A$2:$A$721,計算用!$X$38)) | D98: =IF(計算用!$X$38="","",INDEX(計算用!$C$2:$C$721,計算用!$X$38)) | E98: =IF(計算用!$Y$38="","",INDEX(計算用!$A$2:$A$721,計算用!$Y$38)) | F98: =IF(計算用!$Y$38="","",INDEX(計算用!$C$2:$C$721,計算用!$Y$38)) | G98: =IF(計算用!$Z$38="","",INDEX(計算用!$A$2:$A$721,計算用!$Z$38)) | H98: =IF(計算用!$Z$38="","",INDEX(計算用!$C$2:$C$721,計算用!$Z$38)) | I98: =IF(計算用!$AA$38="","",INDEX(計算用!$A$2:$A$721,計算用!$AA$38)) | J98: =IF(計算用!$AA$38="","",INDEX(計算用!$C$2:$C$721,計算用!$AA$38)) | K98: =IF(計算用!$AB$38="","",INDEX(計算用!$A$2:$A$721,計算用!$AB$38)) | L98: =IF(計算用!$AB$38="","",INDEX(計算用!$C$2:$C$721,計算用!$AB$38)) | M98: =IF(計算用!$AC$38="","",INDEX(計算用!$A$2:$A$721,計算用!$AC$38)) | N98: =IF(計算用!$AC$38="","",INDEX(計算用!$C$2:$C$721,計算用!$AC$38)) | O98: =IF(計算用!$AD$38="","",INDEX(計算用!$A$2:$A$721,計算用!$AD$38)) | P98: =IF(計算用!$AD$38="","",INDEX(計算用!$C$2:$C$721,計算用!$AD$38)) | Q98: =IF(計算用!$AE$38="","",INDEX(計算用!$A$2:$A$721,計算用!$AE$38)) | R98: =IF(計算用!$AE$38="","",INDEX(計算用!$C$2:$C$721,計算用!$AE$38)) | S98: =IF(計算用!$AF$38="","",INDEX(計算用!$A$2:$A$721,計算用!$AF$38)) | T98: =IF(計算用!$AF$38="","",INDEX(計算用!$C$2:$C$721,計算用!$AF$38))
A99: =IF(計算用!$W$39="","",INDEX(計算用!$A$2:$A$721,計算用!$W$39)) | B99: =IF(計算用!$W$39="","",INDEX(計算用!$C$2:$C$721,計算用!$W$39)) | C99: =IF(計算用!$X$39="","",INDEX(計算用!$A$2:$A$721,計算用!$X$39)) | D99: =IF(計算用!$X$39="","",INDEX(計算用!$C$2:$C$721,計算用!$X$39)) | E99: =IF(計算用!$Y$39="","",INDEX(計算用!$A$2:$A$721,計算用!$Y$39)) | F99: =IF(計算用!$Y$39="","",INDEX(計算用!$C$2:$C$721,計算用!$Y$39)) | G99: =IF(計算用!$Z$39="","",INDEX(計算用!$A$2:$A$721,計算用!$Z$39)) | H99: =IF(計算用!$Z$39="","",INDEX(計算用!$C$2:$C$721,計算用!$Z$39)) | I99: =IF(計算用!$AA$39="","",INDEX(計算用!$A$2:$A$721,計算用!$AA$39)) | J99: =IF(計算用!$AA$39="","",INDEX(計算用!$C$2:$C$721,計算用!$AA$39)) | K99: =IF(計算用!$AB$39="","",INDEX(計算用!$A$2:$A$721,計算用!$AB$39)) | L99: =IF(計算用!$AB$39="","",INDEX(計算用!$C$2:$C$721,計算用!$AB$39)) | M99: =IF(計算用!$AC$39="","",INDEX(計算用!$A$2:$A$721,計算用!$AC$39)) | N99: =IF(計算用!$AC$39="","",INDEX(計算用!$C$2:$C$721,計算用!$AC$39)) | O99: =IF(計算用!$AD$39="","",INDEX(計算用!$A$2:$A$721,計算用!$AD$39)) | P99: =IF(計算用!$AD$39="","",INDEX(計算用!$C$2:$C$721,計算用!$AD$39)) | Q99: =IF(計算用!$AE$39="","",INDEX(計算用!$A$2:$A$721,計算用!$AE$39)) | R99: =IF(計算用!$AE$39="","",INDEX(計算用!$C$2:$C$721,計算用!$AE$39)) | S99: =IF(計算用!$AF$39="","",INDEX(計算用!$A$2:$A$721,計算用!$AF$39)) | T99: =IF(計算用!$AF$39="","",INDEX(計算用!$C$2:$C$721,計算用!$AF$39))
A100: =IF(計算用!$W$40="","",INDEX(計算用!$A$2:$A$721,計算用!$W$40)) | B100: =IF(計算用!$W$40="","",INDEX(計算用!$C$2:$C$721,計算用!$W$40)) | C100: =IF(計算用!$X$40="","",INDEX(計算用!$A$2:$A$721,計算用!$X$40)) | D100: =IF(計算用!$X$40="","",INDEX(計算用!$C$2:$C$721,計算用!$X$40)) | E100: =IF(計算用!$Y$40="","",INDEX(計算用!$A$2:$A$721,計算用!$Y$40)) | F100: =IF(計算用!$Y$40="","",INDEX(計算用!$C$2:$C$721,計算用!$Y$40)) | G100: =IF(計算用!$Z$40="","",INDEX(計算用!$A$2:$A$721,計算用!$Z$40)) | H100: =IF(計算用!$Z$40="","",INDEX(計算用!$C$2:$C$721,計算用!$Z$40)) | I100: =IF(計算用!$AA$40="","",INDEX(計算用!$A$2:$A$721,計算用!$AA$40)) | J100: =IF(計算用!$AA$40="","",INDEX(計算用!$C$2:$C$721,計算用!$AA$40)) | K100: =IF(計算用!$AB$40="","",INDEX(計算用!$A$2:$A$721,計算用!$AB$40)) | L100: =IF(計算用!$AB$40="","",INDEX(計算用!$C$2:$C$721,計算用!$AB$40)) | M100: =IF(計算用!$AC$40="","",INDEX(計算用!$A$2:$A$721,計算用!$AC$40)) | N100: =IF(計算用!$AC$40="","",INDEX(計算用!$C$2:$C$721,計算用!$AC$40)) | O100: =IF(計算用!$AD$40="","",INDEX(計算用!$A$2:$A$721,計算用!$AD$40)) | P100: =IF(計算用!$AD$40="","",INDEX(計算用!$C$2:$C$721,計算用!$AD$40)) | Q100: =IF(計算用!$AE$40="","",INDEX(計算用!$A$2:$A$721,計算用!$AE$40)) | R100: =IF(計算用!$AE$40="","",INDEX(計算用!$C$2:$C$721,計算用!$AE$40)) | S100: =IF(計算用!$AF$40="","",INDEX(計算用!$A$2:$A$721,計算用!$AF$40)) | T100: =IF(計算用!$AF$40="","",INDEX(計算用!$C$2:$C$721,計算用!$AF$40))
A101: =IF(計算用!$W$41="","",INDEX(計算用!$A$2:$A$721,計算用!$W$41)) | B101: =IF(計算用!$W$41="","",INDEX(計算用!$C$2:$C$721,計算用!$W$41)) | C101: =IF(計算用!$X$41="","",INDEX(計算用!$A$2:$A$721,計算用!$X$41)) | D101: =IF(計算用!$X$41="","",INDEX(計算用!$C$2:$C$721,計算用!$X$41)) | E101: =IF(計算用!$Y$41="","",INDEX(計算用!$A$2:$A$721,計算用!$Y$41)) | F101: =IF(計算用!$Y$41="","",INDEX(計算用!$C$2:$C$721,計算用!$Y$41)) | G101: =IF(計算用!$Z$41="","",INDEX(計算用!$A$2:$A$721,計算用!$Z$41)) | H101: =IF(計算用!$Z$41="","",INDEX(計算用!$C$2:$C$721,計算用!$Z$41)) | I101: =IF(計算用!$AA$41="","",INDEX(計算用!$A$2:$A$721,計算用!$AA$41)) | J101: =IF(計算用!$AA$41="","",INDEX(計算用!$C$2:$C$721,計算用!$AA$41)) | K101: =IF(計算用!$AB$41="","",INDEX(計算用!$A$2:$A$721,計算用!$AB$41)) | L101: =IF(計算用!$AB$41="","",INDEX(計算用!$C$2:$C$721,計算用!$AB$41)) | M101: =IF(計算用!$AC$41="","",INDEX(計算用!$A$2:$A$721,計算用!$AC$41)) | N101: =IF(計算用!$AC$41="","",INDEX(計算用!$C$2:$C$721,計算用!$AC$41)) | O101: =IF(計算用!$AD$41="","",INDEX(計算用!$A$2:$A$721,計算用!$AD$41)) | P101: =IF(計算用!$AD$41="","",INDEX(計算用!$C$2:$C$721,計算用!$AD$41)) | Q101: =IF(計算用!$AE$41="","",INDEX(計算用!$A$2:$A$721,計算用!$AE$41)) | R101: =IF(計算用!$AE$41="","",INDEX(計算用!$C$2:$C$721,計算用!$AE$41)) | S101: =IF(計算用!$AF$41="","",INDEX(計算用!$A$2:$A$721,計算用!$AF$41)) | T101: =IF(計算用!$AF$41="","",INDEX(計算用!$C$2:$C$721,計算用!$AF$41))
A102: =IF(計算用!$W$42="","",INDEX(計算用!$A$2:$A$721,計算用!$W$42)) | B102: =IF(計算用!$W$42="","",INDEX(計算用!$C$2:$C$721,計算用!$W$42)) | C102: =IF(計算用!$X$42="","",INDEX(計算用!$A$2:$A$721,計算用!$X$42)) | D102: =IF(計算用!$X$42="","",INDEX(計算用!$C$2:$C$721,計算用!$X$42)) | E102: =IF(計算用!$Y$42="","",INDEX(計算用!$A$2:$A$721,計算用!$Y$42)) | F102: =IF(計算用!$Y$42="","",INDEX(計算用!$C$2:$C$721,計算用!$Y$42)) | G102: =IF(計算用!$Z$42="","",INDEX(計算用!$A$2:$A$721,計算用!$Z$42)) | H102: =IF(計算用!$Z$42="","",INDEX(計算用!$C$2:$C$721,計算用!$Z$42)) | I102: =IF(計算用!$AA$42="","",INDEX(計算用!$A$2:$A$721,計算用!$AA$42)) | J102: =IF(計算用!$AA$42="","",INDEX(計算用!$C$2:$C$721,計算用!$AA$42)) | K102: =IF(計算用!$AB$42="","",INDEX(計算用!$A$2:$A$721,計算用!$AB$42)) | L102: =IF(計算用!$AB$42="","",INDEX(計算用!$C$2:$C$721,計算用!$AB$42)) | M102: =IF(計算用!$AC$42="","",INDEX(計算用!$A$2:$A$721,計算用!$AC$42)) | N102: =IF(計算用!$AC$42="","",INDEX(計算用!$C$2:$C$721,計算用!$AC$42)) | O102: =IF(計算用!$AD$42="","",INDEX(計算用!$A$2:$A$721,計算用!$AD$42)) | P102: =IF(計算用!$AD$42="","",INDEX(計算用!$C$2:$C$721,計算用!$AD$42)) | Q102: =IF(計算用!$AE$42="","",INDEX(計算用!$A$2:$A$721,計算用!$AE$42)) | R102: =IF(計算用!$AE$42="","",INDEX(計算用!$C$2:$C$721,計算用!$AE$42)) | S102: =IF(計算用!$AF$42="","",INDEX(計算用!$A$2:$A$721,計算用!$AF$42)) | T102: =IF(計算用!$AF$42="","",INDEX(計算用!$C$2:$C$721,計算用!$AF$42))
...

Sheet 委員会①
A1: =IF(設定!$I$11="","",設定!$B$3&" "&設定!$I$11&設定!$B$4&"名簿") | Q1: 【入力なし】見る・印刷するだけ
A2: =IF(設定!$I$11="","","担当："&設定!$J$11&" 活動場所："&設定!$K$11&" 人数："&人数チェック!$E$7&"名（"&設定!$B$7&"年"&人数チェック!$C$7&"・"&設定!$B$8&"年"&人数チェック!$D$7&"）")
A4: No. | B4: 組 | C4: 番号 | D4: 名前 | E4: ① | F4: ② | G4: ③ | H4: ④ | I4: ⑤ | J4: ⑥ | K4: ⑦ | L4: ⑧ | M4: ⑨ | N4: ⑩ | O4: ⑪
A5: =IF(計算用!$M$2="","",1) | B5: =IF(計算用!$M$2="","",INDEX(計算用!$A$2:$A$721,計算用!$M$2)) | C5: =IF(計算用!$M$2="","",INDEX(計算用!$B$2:$B$721,計算用!$M$2)) | D5: =IF(計算用!$M$2="","",INDEX(計算用!$C$2:$C$721,計算用!$M$2))
A6: =IF(計算用!$M$3="","",2) | B6: =IF(計算用!$M$3="","",INDEX(計算用!$A$2:$A$721,計算用!$M$3)) | C6: =IF(計算用!$M$3="","",INDEX(計算用!$B$2:$B$721,計算用!$M$3)) | D6: =IF(計算用!$M$3="","",INDEX(計算用!$C$2:$C$721,計算用!$M$3))
A7: =IF(計算用!$M$4="","",3) | B7: =IF(計算用!$M$4="","",INDEX(計算用!$A$2:$A$721,計算用!$M$4)) | C7: =IF(計算用!$M$4="","",INDEX(計算用!$B$2:$B$721,計算用!$M$4)) | D7: =IF(計算用!$M$4="","",INDEX(計算用!$C$2:$C$721,計算用!$M$4))
A8: =IF(計算用!$M$5="","",4) | B8: =IF(計算用!$M$5="","",INDEX(計算用!$A$2:$A$721,計算用!$M$5)) | C8: =IF(計算用!$M$5="","",INDEX(計算用!$B$2:$B$721,計算用!$M$5)) | D8: =IF(計算用!$M$5="","",INDEX(計算用!$C$2:$C$721,計算用!$M$5))
A9: =IF(計算用!$M$6="","",5) | B9: =IF(計算用!$M$6="","",INDEX(計算用!$A$2:$A$721,計算用!$M$6)) | C9: =IF(計算用!$M$6="","",INDEX(計算用!$B$2:$B$721,計算用!$M$6)) | D9: =IF(計算用!$M$6="","",INDEX(計算用!$C$2:$C$721,計算用!$M$6))
A10: =IF(計算用!$M$7="","",6) | B10: =IF(計算用!$M$7="","",INDEX(計算用!$A$2:$A$721,計算用!$M$7)) | C10: =IF(計算用!$M$7="","",INDEX(計算用!$B$2:$B$721,計算用!$M$7)) | D10: =IF(計算用!$M$7="","",INDEX(計算用!$C$2:$C$721,計算用!$M$7))
A11: =IF(計算用!$M$8="","",7) | B11: =IF(計算用!$M$8="","",INDEX(計算用!$A$2:$A$721,計算用!$M$8)) | C11: =IF(計算用!$M$8="","",INDEX(計算用!$B$2:$B$721,計算用!$M$8)) | D11: =IF(計算用!$M$8="","",INDEX(計算用!$C$2:$C$721,計算用!$M$8))
A12: =IF(計算用!$M$9="","",8) | B12: =IF(計算用!$M$9="","",INDEX(計算用!$A$2:$A$721,計算用!$M$9)) | C12: =IF(計算用!$M$9="","",INDEX(計算用!$B$2:$B$721,計算用!$M$9)) | D12: =IF(計算用!$M$9="","",INDEX(計算用!$C$2:$C$721,計算用!$M$9))
A13: =IF(計算用!$M$10="","",9) | B13: =IF(計算用!$M$10="","",INDEX(計算用!$A$2:$A$721,計算用!$M$10)) | C13: =IF(計算用!$M$10="","",INDEX(計算用!$B$2:$B$721,計算用!$M$10)) | D13: =IF(計算用!$M$10="","",INDEX(計算用!$C$2:$C$721,計算用!$M$10))
A14: =IF(計算用!$M$11="","",10) | B14: =IF(計算用!$M$11="","",INDEX(計算用!$A$2:$A$721,計算用!$M$11)) | C14: =IF(計算用!$M$11="","",INDEX(計算用!$B$2:$B$721,計算用!$M$11)) | D14: =IF(計算用!$M$11="","",INDEX(計算用!$C$2:$C$721,計算用!$M$11))
A15: =IF(計算用!$M$12="","",11) | B15: =IF(計算用!$M$12="","",INDEX(計算用!$A$2:$A$721,計算用!$M$12)) | C15: =IF(計算用!$M$12="","",INDEX(計算用!$B$2:$B$721,計算用!$M$12)) | D15: =IF(計算用!$M$12="","",INDEX(計算用!$C$2:$C$721,計算用!$M$12))
A16: =IF(計算用!$M$13="","",12) | B16: =IF(計算用!$M$13="","",INDEX(計算用!$A$2:$A$721,計算用!$M$13)) | C16: =IF(計算用!$M$13="","",INDEX(計算用!$B$2:$B$721,計算用!$M$13)) | D16: =IF(計算用!$M$13="","",INDEX(計算用!$C$2:$C$721,計算用!$M$13))
A17: =IF(計算用!$M$14="","",13) | B17: =IF(計算用!$M$14="","",INDEX(計算用!$A$2:$A$721,計算用!$M$14)) | C17: =IF(計算用!$M$14="","",INDEX(計算用!$B$2:$B$721,計算用!$M$14)) | D17: =IF(計算用!$M$14="","",INDEX(計算用!$C$2:$C$721,計算用!$M$14))
A18: =IF(計算用!$M$15="","",14) | B18: =IF(計算用!$M$15="","",INDEX(計算用!$A$2:$A$721,計算用!$M$15)) | C18: =IF(計算用!$M$15="","",INDEX(計算用!$B$2:$B$721,計算用!$M$15)) | D18: =IF(計算用!$M$15="","",INDEX(計算用!$C$2:$C$721,計算用!$M$15))
A19: =IF(計算用!$M$16="","",15) | B19: =IF(計算用!$M$16="","",INDEX(計算用!$A$2:$A$721,計算用!$M$16)) | C19: =IF(計算用!$M$16="","",INDEX(計算用!$B$2:$B$721,計算用!$M$16)) | D19: =IF(計算用!$M$16="","",INDEX(計算用!$C$2:$C$721,計算用!$M$16))
A20: =IF(計算用!$M$17="","",16) | B20: =IF(計算用!$M$17="","",INDEX(計算用!$A$2:$A$721,計算用!$M$17)) | C20: =IF(計算用!$M$17="","",INDEX(計算用!$B$2:$B$721,計算用!$M$17)) | D20: =IF(計算用!$M$17="","",INDEX(計算用!$C$2:$C$721,計算用!$M$17))
A21: =IF(計算用!$M$18="","",17) | B21: =IF(計算用!$M$18="","",INDEX(計算用!$A$2:$A$721,計算用!$M$18)) | C21: =IF(計算用!$M$18="","",INDEX(計算用!$B$2:$B$721,計算用!$M$18)) | D21: =IF(計算用!$M$18="","",INDEX(計算用!$C$2:$C$721,計算用!$M$18))
A22: =IF(計算用!$M$19="","",18) | B22: =IF(計算用!$M$19="","",INDEX(計算用!$A$2:$A$721,計算用!$M$19)) | C22: =IF(計算用!$M$19="","",INDEX(計算用!$B$2:$B$721,計算用!$M$19)) | D22: =IF(計算用!$M$19="","",INDEX(計算用!$C$2:$C$721,計算用!$M$19))
A23: =IF(計算用!$M$20="","",19) | B23: =IF(計算用!$M$20="","",INDEX(計算用!$A$2:$A$721,計算用!$M$20)) | C23: =IF(計算用!$M$20="","",INDEX(計算用!$B$2:$B$721,計算用!$M$20)) | D23: =IF(計算用!$M$20="","",INDEX(計算用!$C$2:$C$721,計算用!$M$20))
A24: =IF(計算用!$M$21="","",20) | B24: =IF(計算用!$M$21="","",INDEX(計算用!$A$2:$A$721,計算用!$M$21)) | C24: =IF(計算用!$M$21="","",INDEX(計算用!$B$2:$B$721,計算用!$M$21)) | D24: =IF(計算用!$M$21="","",INDEX(計算用!$C$2:$C$721,計算用!$M$21))
A25: =IF(計算用!$M$22="","",21) | B25: =IF(計算用!$M$22="","",INDEX(計算用!$A$2:$A$721,計算用!$M$22)) | C25: =IF(計算用!$M$22="","",INDEX(計算用!$B$2:$B$721,計算用!$M$22)) | D25: =IF(計算用!$M$22="","",INDEX(計算用!$C$2:$C$721,計算用!$M$22))
A26: =IF(計算用!$M$23="","",22) | B26: =IF(計算用!$M$23="","",INDEX(計算用!$A$2:$A$721,計算用!$M$23)) | C26: =IF(計算用!$M$23="","",INDEX(計算用!$B$2:$B$721,計算用!$M$23)) | D26: =IF(計算用!$M$23="","",INDEX(計算用!$C$2:$C$721,計算用!$M$23))
A27: =IF(計算用!$M$24="","",23) | B27: =IF(計算用!$M$24="","",INDEX(計算用!$A$2:$A$721,計算用!$M$24)) | C27: =IF(計算用!$M$24="","",INDEX(計算用!$B$2:$B$721,計算用!$M$24)) | D27: =IF(計算用!$M$24="","",INDEX(計算用!$C$2:$C$721,計算用!$M$24))
A28: =IF(計算用!$M$25="","",24) | B28: =IF(計算用!$M$25="","",INDEX(計算用!$A$2:$A$721,計算用!$M$25)) | C28: =IF(計算用!$M$25="","",INDEX(計算用!$B$2:$B$721,計算用!$M$25)) | D28: =IF(計算用!$M$25="","",INDEX(計算用!$C$2:$C$721,計算用!$M$25))
A29: =IF(計算用!$M$26="","",25) | B29: =IF(計算用!$M$26="","",INDEX(計算用!$A$2:$A$721,計算用!$M$26)) | C29: =IF(計算用!$M$26="","",INDEX(計算用!$B$2:$B$721,計算用!$M$26)) | D29: =IF(計算用!$M$26="","",INDEX(計算用!$C$2:$C$721,計算用!$M$26))
A30: =IF(計算用!$M$27="","",26) | B30: =IF(計算用!$M$27="","",INDEX(計算用!$A$2:$A$721,計算用!$M$27)) | C30: =IF(計算用!$M$27="","",INDEX(計算用!$B$2:$B$721,計算用!$M$27)) | D30: =IF(計算用!$M$27="","",INDEX(計算用!$C$2:$C$721,計算用!$M$27))
A31: =IF(計算用!$M$28="","",27) | B31: =IF(計算用!$M$28="","",INDEX(計算用!$A$2:$A$721,計算用!$M$28)) | C31: =IF(計算用!$M$28="","",INDEX(計算用!$B$2:$B$721,計算用!$M$28)) | D31: =IF(計算用!$M$28="","",INDEX(計算用!$C$2:$C$721,計算用!$M$28))
A32: =IF(計算用!$M$29="","",28) | B32: =IF(計算用!$M$29="","",INDEX(計算用!$A$2:$A$721,計算用!$M$29)) | C32: =IF(計算用!$M$29="","",INDEX(計算用!$B$2:$B$721,計算用!$M$29)) | D32: =IF(計算用!$M$29="","",INDEX(計算用!$C$2:$C$721,計算用!$M$29))
A33: =IF(計算用!$M$30="","",29) | B33: =IF(計算用!$M$30="","",INDEX(計算用!$A$2:$A$721,計算用!$M$30)) | C33: =IF(計算用!$M$30="","",INDEX(計算用!$B$2:$B$721,計算用!$M$30)) | D33: =IF(計算用!$M$30="","",INDEX(計算用!$C$2:$C$721,計算用!$M$30))
A34: =IF(計算用!$M$31="","",30) | B34: =IF(計算用!$M$31="","",INDEX(計算用!$A$2:$A$721,計算用!$M$31)) | C34: =IF(計算用!$M$31="","",INDEX(計算用!$B$2:$B$721,計算用!$M$31)) | D34: =IF(計算用!$M$31="","",INDEX(計算用!$C$2:$C$721,計算用!$M$31))
A35: =IF(計算用!$M$32="","",31) | B35: =IF(計算用!$M$32="","",INDEX(計算用!$A$2:$A$721,計算用!$M$32)) | C35: =IF(計算用!$M$32="","",INDEX(計算用!$B$2:$B$721,計算用!$M$32)) | D35: =IF(計算用!$M$32="","",INDEX(計算用!$C$2:$C$721,計算用!$M$32))
A36: =IF(計算用!$M$33="","",32) | B36: =IF(計算用!$M$33="","",INDEX(計算用!$A$2:$A$721,計算用!$M$33)) | C36: =IF(計算用!$M$33="","",INDEX(計算用!$B$2:$B$721,計算用!$M$33)) | D36: =IF(計算用!$M$33="","",INDEX(計算用!$C$2:$C$721,計算用!$M$33))
A37: =IF(計算用!$M$34="","",33) | B37: =IF(計算用!$M$34="","",INDEX(計算用!$A$2:$A$721,計算用!$M$34)) | C37: =IF(計算用!$M$34="","",INDEX(計算用!$B$2:$B$721,計算用!$M$34)) | D37: =IF(計算用!$M$34="","",INDEX(計算用!$C$2:$C$721,計算用!$M$34))
A38: =IF(計算用!$M$35="","",34) | B38: =IF(計算用!$M$35="","",INDEX(計算用!$A$2:$A$721,計算用!$M$35)) | C38: =IF(計算用!$M$35="","",INDEX(計算用!$B$2:$B$721,計算用!$M$35)) | D38: =IF(計算用!$M$35="","",INDEX(計算用!$C$2:$C$721,計算用!$M$35))
A39: =IF(計算用!$M$36="","",35) | B39: =IF(計算用!$M$36="","",INDEX(計算用!$A$2:$A$721,計算用!$M$36)) | C39: =IF(計算用!$M$36="","",INDEX(計算用!$B$2:$B$721,計算用!$M$36)) | D39: =IF(計算用!$M$36="","",INDEX(計算用!$C$2:$C$721,計算用!$M$36))
A40: =IF(計算用!$M$37="","",36) | B40: =IF(計算用!$M$37="","",INDEX(計算用!$A$2:$A$721,計算用!$M$37)) | C40: =IF(計算用!$M$37="","",INDEX(計算用!$B$2:$B$721,計算用!$M$37)) | D40: =IF(計算用!$M$37="","",INDEX(計算用!$C$2:$C$721,計算用!$M$37))
A41: =IF(計算用!$M$38="","",37) | B41: =IF(計算用!$M$38="","",INDEX(計算用!$A$2:$A$721,計算用!$M$38)) | C41: =IF(計算用!$M$38="","",INDEX(計算用!$B$2:$B$721,計算用!$M$38)) | D41: =IF(計算用!$M$38="","",INDEX(計算用!$C$2:$C$721,計算用!$M$38))
A42: =IF(計算用!$M$39="","",38) | B42: =IF(計算用!$M$39="","",INDEX(計算用!$A$2:$A$721,計算用!$M$39)) | C42: =IF(計算用!$M$39="","",INDEX(計算用!$B$2:$B$721,計算用!$M$39)) | D42: =IF(計算用!$M$39="","",INDEX(計算用!$C$2:$C$721,計算用!$M$39))
A43: =IF(計算用!$M$40="","",39) | B43: =IF(計算用!$M$40="","",INDEX(計算用!$A$2:$A$721,計算用!$M$40)) | C43: =IF(計算用!$M$40="","",INDEX(計算用!$B$2:$B$721,計算用!$M$40)) | D43: =IF(計算用!$M$40="","",INDEX(計算用!$C$2:$C$721,計算用!$M$40))
A44: =IF(計算用!$M$41="","",40) | B44: =IF(計算用!$M$41="","",INDEX(計算用!$A$2:$A$721,計算用!$M$41)) | C44: =IF(計算用!$M$41="","",INDEX(計算用!$B$2:$B$721,計算用!$M$41)) | D44: =IF(計算用!$M$41="","",INDEX(計算用!$C$2:$C$721,計算用!$M$41))
A45: =IF(計算用!$M$42="","",41) | B45: =IF(計算用!$M$42="","",INDEX(計算用!$A$2:$A$721,計算用!$M$42)) | C45: =IF(計算用!$M$42="","",INDEX(計算用!$B$2:$B$721,計算用!$M$42)) | D45: =IF(計算用!$M$42="","",INDEX(計算用!$C$2:$C$721,計算用!$M$42))
A46: =IF(計算用!$M$43="","",42) | B46: =IF(計算用!$M$43="","",INDEX(計算用!$A$2:$A$721,計算用!$M$43)) | C46: =IF(計算用!$M$43="","",INDEX(計算用!$B$2:$B$721,計算用!$M$43)) | D46: =IF(計算用!$M$43="","",INDEX(計算用!$C$2:$C$721,計算用!$M$43))
A47: =IF(計算用!$M$44="","",43) | B47: =IF(計算用!$M$44="","",INDEX(計算用!$A$2:$A$721,計算用!$M$44)) | C47: =IF(計算用!$M$44="","",INDEX(計算用!$B$2:$B$721,計算用!$M$44)) | D47: =IF(計算用!$M$44="","",INDEX(計算用!$C$2:$C$721,計算用!$M$44))
A48: =IF(計算用!$M$45="","",44) | B48: =IF(計算用!$M$45="","",INDEX(計算用!$A$2:$A$721,計算用!$M$45)) | C48: =IF(計算用!$M$45="","",INDEX(計算用!$B$2:$B$721,計算用!$M$45)) | D48: =IF(計算用!$M$45="","",INDEX(計算用!$C$2:$C$721,計算用!$M$45))
A49: =IF(計算用!$M$46="","",45) | B49: =IF(計算用!$M$46="","",INDEX(計算用!$A$2:$A$721,計算用!$M$46)) | C49: =IF(計算用!$M$46="","",INDEX(計算用!$B$2:$B$721,計算用!$M$46)) | D49: =IF(計算用!$M$46="","",INDEX(計算用!$C$2:$C$721,計算用!$M$46))
A50: =IF(計算用!$M$47="","",46) | B50: =IF(計算用!$M$47="","",INDEX(計算用!$A$2:$A$721,計算用!$M$47)) | C50: =IF(計算用!$M$47="","",INDEX(計算用!$B$2:$B$721,計算用!$M$47)) | D50: =IF(計算用!$M$47="","",INDEX(計算用!$C$2:$C$721,計算用!$M$47))
A51: =IF(計算用!$M$48="","",47) | B51: =IF(計算用!$M$48="","",INDEX(計算用!$A$2:$A$721,計算用!$M$48)) | C51: =IF(計算用!$M$48="","",INDEX(計算用!$B$2:$B$721,計算用!$M$48)) | D51: =IF(計算用!$M$48="","",INDEX(計算用!$C$2:$C$721,計算用!$M$48))
A52: =IF(計算用!$M$49="","",48) | B52: =IF(計算用!$M$49="","",INDEX(計算用!$A$2:$A$721,計算用!$M$49)) | C52: =IF(計算用!$M$49="","",INDEX(計算用!$B$2:$B$721,計算用!$M$49)) | D52: =IF(計算用!$M$49="","",INDEX(計算用!$C$2:$C$721,計算用!$M$49))
A53: =IF(計算用!$M$50="","",49) | B53: =IF(計算用!$M$50="","",INDEX(計算用!$A$2:$A$721,計算用!$M$50)) | C53: =IF(計算用!$M$50="","",INDEX(計算用!$B$2:$B$721,計算用!$M$50)) | D53: =IF(計算用!$M$50="","",INDEX(計算用!$C$2:$C$721,計算用!$M$50))
A54: =IF(計算用!$M$51="","",50) | B54: =IF(計算用!$M$51="","",INDEX(計算用!$A$2:$A$721,計算用!$M$51)) | C54: =IF(計算用!$M$51="","",INDEX(計算用!$B$2:$B$721,計算用!$M$51)) | D54: =IF(計算用!$M$51="","",INDEX(計算用!$C$2:$C$721,計算用!$M$51))

Sheet 委員会②
A1: =IF(設定!$I$12="","",設定!$B$3&" "&設定!$I$12&設定!$B$4&"名簿") | Q1: 【入力なし】見る・印刷するだけ
A2: =IF(設定!$I$12="","","担当："&設定!$J$12&" 活動場所："&設定!$K$12&" 人数："&人数チェック!$E$8&"名（"&設定!$B$7&"年"&人数チェック!$C$8&"・"&設定!$B$8&"年"&人数チェック!$D$8&"）")
A4: No. | B4: 組 | C4: 番号 | D4: 名前 | E4: ① | F4: ② | G4: ③ | H4: ④ | I4: ⑤ | J4: ⑥ | K4: ⑦ | L4: ⑧ | M4: ⑨ | N4: ⑩ | O4: ⑪
A5: =IF(計算用!$N$2="","",1) | B5: =IF(計算用!$N$2="","",INDEX(計算用!$A$2:$A$721,計算用!$N$2)) | C5: =IF(計算用!$N$2="","",INDEX(計算用!$B$2:$B$721,計算用!$N$2)) | D5: =IF(計算用!$N$2="","",INDEX(計算用!$C$2:$C$721,計算用!$N$2))
A6: =IF(計算用!$N$3="","",2) | B6: =IF(計算用!$N$3="","",INDEX(計算用!$A$2:$A$721,計算用!$N$3)) | C6: =IF(計算用!$N$3="","",INDEX(計算用!$B$2:$B$721,計算用!$N$3)) | D6: =IF(計算用!$N$3="","",INDEX(計算用!$C$2:$C$721,計算用!$N$3))
A7: =IF(計算用!$N$4="","",3) | B7: =IF(計算用!$N$4="","",INDEX(計算用!$A$2:$A$721,計算用!$N$4)) | C7: =IF(計算用!$N$4="","",INDEX(計算用!$B$2:$B$721,計算用!$N$4)) | D7: =IF(計算用!$N$4="","",INDEX(計算用!$C$2:$C$721,計算用!$N$4))
A8: =IF(計算用!$N$5="","",4) | B8: =IF(計算用!$N$5="","",INDEX(計算用!$A$2:$A$721,計算用!$N$5)) | C8: =IF(計算用!$N$5="","",INDEX(計算用!$B$2:$B$721,計算用!$N$5)) | D8: =IF(計算用!$N$5="","",INDEX(計算用!$C$2:$C$721,計算用!$N$5))
A9: =IF(計算用!$N$6="","",5) | B9: =IF(計算用!$N$6="","",INDEX(計算用!$A$2:$A$721,計算用!$N$6)) | C9: =IF(計算用!$N$6="","",INDEX(計算用!$B$2:$B$721,計算用!$N$6)) | D9: =IF(計算用!$N$6="","",INDEX(計算用!$C$2:$C$721,計算用!$N$6))
A10: =IF(計算用!$N$7="","",6) | B10: =IF(計算用!$N$7="","",INDEX(計算用!$A$2:$A$721,計算用!$N$7)) | C10: =IF(計算用!$N$7="","",INDEX(計算用!$B$2:$B$721,計算用!$N$7)) | D10: =IF(計算用!$N$7="","",INDEX(計算用!$C$2:$C$721,計算用!$N$7))
A11: =IF(計算用!$N$8="","",7) | B11: =IF(計算用!$N$8="","",INDEX(計算用!$A$2:$A$721,計算用!$N$8)) | C11: =IF(計算用!$N$8="","",INDEX(計算用!$B$2:$B$721,計算用!$N$8)) | D11: =IF(計算用!$N$8="","",INDEX(計算用!$C$2:$C$721,計算用!$N$8))
A12: =IF(計算用!$N$9="","",8) | B12: =IF(計算用!$N$9="","",INDEX(計算用!$A$2:$A$721,計算用!$N$9)) | C12: =IF(計算用!$N$9="","",INDEX(計算用!$B$2:$B$721,計算用!$N$9)) | D12: =IF(計算用!$N$9="","",INDEX(計算用!$C$2:$C$721,計算用!$N$9))
A13: =IF(計算用!$N$10="","",9) | B13: =IF(計算用!$N$10="","",INDEX(計算用!$A$2:$A$721,計算用!$N$10)) | C13: =IF(計算用!$N$10="","",INDEX(計算用!$B$2:$B$721,計算用!$N$10)) | D13: =IF(計算用!$N$10="","",INDEX(計算用!$C$2:$C$721,計算用!$N$10))
A14: =IF(計算用!$N$11="","",10) | B14: =IF(計算用!$N$11="","",INDEX(計算用!$A$2:$A$721,計算用!$N$11)) | C14: =IF(計算用!$N$11="","",INDEX(計算用!$B$2:$B$721,計算用!$N$11)) | D14: =IF(計算用!$N$11="","",INDEX(計算用!$C$2:$C$721,計算用!$N$11))
A15: =IF(計算用!$N$12="","",11) | B15: =IF(計算用!$N$12="","",INDEX(計算用!$A$2:$A$721,計算用!$N$12)) | C15: =IF(計算用!$N$12="","",INDEX(計算用!$B$2:$B$721,計算用!$N$12)) | D15: =IF(計算用!$N$12="","",INDEX(計算用!$C$2:$C$721,計算用!$N$12))
A16: =IF(計算用!$N$13="","",12) | B16: =IF(計算用!$N$13="","",INDEX(計算用!$A$2:$A$721,計算用!$N$13)) | C16: =IF(計算用!$N$13="","",INDEX(計算用!$B$2:$B$721,計算用!$N$13)) | D16: =IF(計算用!$N$13="","",INDEX(計算用!$C$2:$C$721,計算用!$N$13))
A17: =IF(計算用!$N$14="","",13) | B17: =IF(計算用!$N$14="","",INDEX(計算用!$A$2:$A$721,計算用!$N$14)) | C17: =IF(計算用!$N$14="","",INDEX(計算用!$B$2:$B$721,計算用!$N$14)) | D17: =IF(計算用!$N$14="","",INDEX(計算用!$C$2:$C$721,計算用!$N$14))
A18: =IF(計算用!$N$15="","",14) | B18: =IF(計算用!$N$15="","",INDEX(計算用!$A$2:$A$721,計算用!$N$15)) | C18: =IF(計算用!$N$15="","",INDEX(計算用!$B$2:$B$721,計算用!$N$15)) | D18: =IF(計算用!$N$15="","",INDEX(計算用!$C$2:$C$721,計算用!$N$15))
A19: =IF(計算用!$N$16="","",15) | B19: =IF(計算用!$N$16="","",INDEX(計算用!$A$2:$A$721,計算用!$N$16)) | C19: =IF(計算用!$N$16="","",INDEX(計算用!$B$2:$B$721,計算用!$N$16)) | D19: =IF(計算用!$N$16="","",INDEX(計算用!$C$2:$C$721,計算用!$N$16))
A20: =IF(計算用!$N$17="","",16) | B20: =IF(計算用!$N$17="","",INDEX(計算用!$A$2:$A$721,計算用!$N$17)) | C20: =IF(計算用!$N$17="","",INDEX(計算用!$B$2:$B$721,計算用!$N$17)) | D20: =IF(計算用!$N$17="","",INDEX(計算用!$C$2:$C$721,計算用!$N$17))
A21: =IF(計算用!$N$18="","",17) | B21: =IF(計算用!$N$18="","",INDEX(計算用!$A$2:$A$721,計算用!$N$18)) | C21: =IF(計算用!$N$18="","",INDEX(計算用!$B$2:$B$721,計算用!$N$18)) | D21: =IF(計算用!$N$18="","",INDEX(計算用!$C$2:$C$721,計算用!$N$18))
A22: =IF(計算用!$N$19="","",18) | B22: =IF(計算用!$N$19="","",INDEX(計算用!$A$2:$A$721,計算用!$N$19)) | C22: =IF(計算用!$N$19="","",INDEX(計算用!$B$2:$B$721,計算用!$N$19)) | D22: =IF(計算用!$N$19="","",INDEX(計算用!$C$2:$C$721,計算用!$N$19))
A23: =IF(計算用!$N$20="","",19) | B23: =IF(計算用!$N$20="","",INDEX(計算用!$A$2:$A$721,計算用!$N$20)) | C23: =IF(計算用!$N$20="","",INDEX(計算用!$B$2:$B$721,計算用!$N$20)) | D23: =IF(計算用!$N$20="","",INDEX(計算用!$C$2:$C$721,計算用!$N$20))
A24: =IF(計算用!$N$21="","",20) | B24: =IF(計算用!$N$21="","",INDEX(計算用!$A$2:$A$721,計算用!$N$21)) | C24: =IF(計算用!$N$21="","",INDEX(計算用!$B$2:$B$721,計算用!$N$21)) | D24: =IF(計算用!$N$21="","",INDEX(計算用!$C$2:$C$721,計算用!$N$21))
A25: =IF(計算用!$N$22="","",21) | B25: =IF(計算用!$N$22="","",INDEX(計算用!$A$2:$A$721,計算用!$N$22)) | C25: =IF(計算用!$N$22="","",INDEX(計算用!$B$2:$B$721,計算用!$N$22)) | D25: =IF(計算用!$N$22="","",INDEX(計算用!$C$2:$C$721,計算用!$N$22))
A26: =IF(計算用!$N$23="","",22) | B26: =IF(計算用!$N$23="","",INDEX(計算用!$A$2:$A$721,計算用!$N$23)) | C26: =IF(計算用!$N$23="","",INDEX(計算用!$B$2:$B$721,計算用!$N$23)) | D26: =IF(計算用!$N$23="","",INDEX(計算用!$C$2:$C$721,計算用!$N$23))
A27: =IF(計算用!$N$24="","",23) | B27: =IF(計算用!$N$24="","",INDEX(計算用!$A$2:$A$721,計算用!$N$24)) | C27: =IF(計算用!$N$24="","",INDEX(計算用!$B$2:$B$721,計算用!$N$24)) | D27: =IF(計算用!$N$24="","",INDEX(計算用!$C$2:$C$721,計算用!$N$24))
A28: =IF(計算用!$N$25="","",24) | B28: =IF(計算用!$N$25="","",INDEX(計算用!$A$2:$A$721,計算用!$N$25)) | C28: =IF(計算用!$N$25="","",INDEX(計算用!$B$2:$B$721,計算用!$N$25)) | D28: =IF(計算用!$N$25="","",INDEX(計算用!$C$2:$C$721,計算用!$N$25))
A29: =IF(計算用!$N$26="","",25) | B29: =IF(計算用!$N$26="","",INDEX(計算用!$A$2:$A$721,計算用!$N$26)) | C29: =IF(計算用!$N$26="","",INDEX(計算用!$B$2:$B$721,計算用!$N$26)) | D29: =IF(計算用!$N$26="","",INDEX(計算用!$C$2:$C$721,計算用!$N$26))
A30: =IF(計算用!$N$27="","",26) | B30: =IF(計算用!$N$27="","",INDEX(計算用!$A$2:$A$721,計算用!$N$27)) | C30: =IF(計算用!$N$27="","",INDEX(計算用!$B$2:$B$721,計算用!$N$27)) | D30: =IF(計算用!$N$27="","",INDEX(計算用!$C$2:$C$721,計算用!$N$27))
A31: =IF(計算用!$N$28="","",27) | B31: =IF(計算用!$N$28="","",INDEX(計算用!$A$2:$A$721,計算用!$N$28)) | C31: =IF(計算用!$N$28="","",INDEX(計算用!$B$2:$B$721,計算用!$N$28)) | D31: =IF(計算用!$N$28="","",INDEX(計算用!$C$2:$C$721,計算用!$N$28))
A32: =IF(計算用!$N$29="","",28) | B32: =IF(計算用!$N$29="","",INDEX(計算用!$A$2:$A$721,計算用!$N$29)) | C32: =IF(計算用!$N$29="","",INDEX(計算用!$B$2:$B$721,計算用!$N$29)) | D32: =IF(計算用!$N$29="","",INDEX(計算用!$C$2:$C$721,計算用!$N$29))
A33: =IF(計算用!$N$30="","",29) | B33: =IF(計算用!$N$30="","",INDEX(計算用!$A$2:$A$721,計算用!$N$30)) | C33: =IF(計算用!$N$30="","",INDEX(計算用!$B$2:$B$721,計算用!$N$30)) | D33: =IF(計算用!$N$30="","",INDEX(計算用!$C$2:$C$721,計算用!$N$30))
A34: =IF(計算用!$N$31="","",30) | B34: =IF(計算用!$N$31="","",INDEX(計算用!$A$2:$A$721,計算用!$N$31)) | C34: =IF(計算用!$N$31="","",INDEX(計算用!$B$2:$B$721,計算用!$N$31)) | D34: =IF(計算用!$N$31="","",INDEX(計算用!$C$2:$C$721,計算用!$N$31))
A35: =IF(計算用!$N$32="","",31) | B35: =IF(計算用!$N$32="","",INDEX(計算用!$A$2:$A$721,計算用!$N$32)) | C35: =IF(計算用!$N$32="","",INDEX(計算用!$B$2:$B$721,計算用!$N$32)) | D35: =IF(計算用!$N$32="","",INDEX(計算用!$C$2:$C$721,計算用!$N$32))
A36: =IF(計算用!$N$33="","",32) | B36: =IF(計算用!$N$33="","",INDEX(計算用!$A$2:$A$721,計算用!$N$33)) | C36: =IF(計算用!$N$33="","",INDEX(計算用!$B$2:$B$721,計算用!$N$33)) | D36: =IF(計算用!$N$33="","",INDEX(計算用!$C$2:$C$721,計算用!$N$33))
A37: =IF(計算用!$N$34="","",33) | B37: =IF(計算用!$N$34="","",INDEX(計算用!$A$2:$A$721,計算用!$N$34)) | C37: =IF(計算用!$N$34="","",INDEX(計算用!$B$2:$B$721,計算用!$N$34)) | D37: =IF(計算用!$N$34="","",INDEX(計算用!$C$2:$C$721,計算用!$N$34))
A38: =IF(計算用!$N$35="","",34) | B38: =IF(計算用!$N$35="","",INDEX(計算用!$A$2:$A$721,計算用!$N$35)) | C38: =IF(計算用!$N$35="","",INDEX(計算用!$B$2:$B$721,計算用!$N$35)) | D38: =IF(計算用!$N$35="","",INDEX(計算用!$C$2:$C$721,計算用!$N$35))
A39: =IF(計算用!$N$36="","",35) | B39: =IF(計算用!$N$36="","",INDEX(計算用!$A$2:$A$721,計算用!$N$36)) | C39: =IF(計算用!$N$36="","",INDEX(計算用!$B$2:$B$721,計算用!$N$36)) | D39: =IF(計算用!$N$36="","",INDEX(計算用!$C$2:$C$721,計算用!$N$36))
A40: =IF(計算用!$N$37="","",36) | B40: =IF(計算用!$N$37="","",INDEX(計算用!$A$2:$A$721,計算用!$N$37)) | C40: =IF(計算用!$N$37="","",INDEX(計算用!$B$2:$B$721,計算用!$N$37)) | D40: =IF(計算用!$N$37="","",INDEX(計算用!$C$2:$C$721,計算用!$N$37))
A41: =IF(計算用!$N$38="","",37) | B41: =IF(計算用!$N$38="","",INDEX(計算用!$A$2:$A$721,計算用!$N$38)) | C41: =IF(計算用!$N$38="","",INDEX(計算用!$B$2:$B$721,計算用!$N$38)) | D41: =IF(計算用!$N$38="","",INDEX(計算用!$C$2:$C$721,計算用!$N$38))
A42: =IF(計算用!$N$39="","",38) | B42: =IF(計算用!$N$39="","",INDEX(計算用!$A$2:$A$721,計算用!$N$39)) | C42: =IF(計算用!$N$39="","",INDEX(計算用!$B$2:$B$721,計算用!$N$39)) | D42: =IF(計算用!$N$39="","",INDEX(計算用!$C$2:$C$721,計算用!$N$39))
A43: =IF(計算用!$N$40="","",39) | B43: =IF(計算用!$N$40="","",INDEX(計算用!$A$2:$A$721,計算用!$N$40)) | C43: =IF(計算用!$N$40="","",INDEX(計算用!$B$2:$B$721,計算用!$N$40)) | D43: =IF(計算用!$N$40="","",INDEX(計算用!$C$2:$C$721,計算用!$N$40))
A44: =IF(計算用!$N$41="","",40) | B44: =IF(計算用!$N$41="","",INDEX(計算用!$A$2:$A$721,計算用!$N$41)) | C44: =IF(計算用!$N$41="","",INDEX(計算用!$B$2:$B$721,計算用!$N$41)) | D44: =IF(計算用!$N$41="","",INDEX(計算用!$C$2:$C$721,計算用!$N$41))
A45: =IF(計算用!$N$42="","",41) | B45: =IF(計算用!$N$42="","",INDEX(計算用!$A$2:$A$721,計算用!$N$42)) | C45: =IF(計算用!$N$42="","",INDEX(計算用!$B$2:$B$721,計算用!$N$42)) | D45: =IF(計算用!$N$42="","",INDEX(計算用!$C$2:$C$721,計算用!$N$42))
A46: =IF(計算用!$N$43="","",42) | B46: =IF(計算用!$N$43="","",INDEX(計算用!$A$2:$A$721,計算用!$N$43)) | C46: =IF(計算用!$N$43="","",INDEX(計算用!$B$2:$B$721,計算用!$N$43)) | D46: =IF(計算用!$N$43="","",INDEX(計算用!$C$2:$C$721,計算用!$N$43))
A47: =IF(計算用!$N$44="","",43) | B47: =IF(計算用!$N$44="","",INDEX(計算用!$A$2:$A$721,計算用!$N$44)) | C47: =IF(計算用!$N$44="","",INDEX(計算用!$B$2:$B$721,計算用!$N$44)) | D47: =IF(計算用!$N$44="","",INDEX(計算用!$C$2:$C$721,計算用!$N$44))
A48: =IF(計算用!$N$45="","",44) | B48: =IF(計算用!$N$45="","",INDEX(計算用!$A$2:$A$721,計算用!$N$45)) | C48: =IF(計算用!$N$45="","",INDEX(計算用!$B$2:$B$721,計算用!$N$45)) | D48: =IF(計算用!$N$45="","",INDEX(計算用!$C$2:$C$721,計算用!$N$45))
A49: =IF(計算用!$N$46="","",45) | B49: =IF(計算用!$N$46="","",INDEX(計算用!$A$2:$A$721,計算用!$N$46)) | C49: =IF(計算用!$N$46="","",INDEX(計算用!$B$2:$B$721,計算用!$N$46)) | D49: =IF(計算用!$N$46="","",INDEX(計算用!$C$2:$C$721,計算用!$N$46))
A50: =IF(計算用!$N$47="","",46) | B50: =IF(計算用!$N$47="","",INDEX(計算用!$A$2:$A$721,計算用!$N$47)) | C50: =IF(計算用!$N$47="","",INDEX(計算用!$B$2:$B$721,計算用!$N$47)) | D50: =IF(計算用!$N$47="","",INDEX(計算用!$C$2:$C$721,計算用!$N$47))
A51: =IF(計算用!$N$48="","",47) | B51: =IF(計算用!$N$48="","",INDEX(計算用!$A$2:$A$721,計算用!$N$48)) | C51: =IF(計算用!$N$48="","",INDEX(計算用!$B$2:$B$721,計算用!$N$48)) | D51: =IF(計算用!$N$48="","",INDEX(計算用!$C$2:$C$721,計算用!$N$48))
A52: =IF(計算用!$N$49="","",48) | B52: =IF(計算用!$N$49="","",INDEX(計算用!$A$2:$A$721,計算用!$N$49)) | C52: =IF(計算用!$N$49="","",INDEX(計算用!$B$2:$B$721,計算用!$N$49)) | D52: =IF(計算用!$N$49="","",INDEX(計算用!$C$2:$C$721,計算用!$N$49))
A53: =IF(計算用!$N$50="","",49) | B53: =IF(計算用!$N$50="","",INDEX(計算用!$A$2:$A$721,計算用!$N$50)) | C53: =IF(計算用!$N$50="","",INDEX(計算用!$B$2:$B$721,計算用!$N$50)) | D53: =IF(計算用!$N$50="","",INDEX(計算用!$C$2:$C$721,計算用!$N$50))
A54: =IF(計算用!$N$51="","",50) | B54: =IF(計算用!$N$51="","",INDEX(計算用!$A$2:$A$721,計算用!$N$51)) | C54: =IF(計算用!$N$51="","",INDEX(計算用!$B$2:$B$721,計算用!$N$51)) | D54: =IF(計算用!$N$51="","",INDEX(計算用!$C$2:$C$721,計算用!$N$51))

Sheet 委員会③
A1: =IF(設定!$I$13="","",設定!$B$3&" "&設定!$I$13&設定!$B$4&"名簿") | Q1: 【入力なし】見る・印刷するだけ
A2: =IF(設定!$I$13="","","担当："&設定!$J$13&" 活動場所："&設定!$K$13&" 人数："&人数チェック!$E$9&"名（"&設定!$B$7&"年"&人数チェック!$C$9&"・"&設定!$B$8&"年"&人数チェック!$D$9&"）")
A4: No. | B4: 組 | C4: 番号 | D4: 名前 | E4: ① | F4: ② | G4: ③ | H4: ④ | I4: ⑤ | J4: ⑥ | K4: ⑦ | L4: ⑧ | M4: ⑨ | N4: ⑩ | O4: ⑪
A5: =IF(計算用!$O$2="","",1) | B5: =IF(計算用!$O$2="","",INDEX(計算用!$A$2:$A$721,計算用!$O$2)) | C5: =IF(計算用!$O$2="","",INDEX(計算用!$B$2:$B$721,計算用!$O$2)) | D5: =IF(計算用!$O$2="","",INDEX(計算用!$C$2:$C$721,計算用!$O$2))
A6: =IF(計算用!$O$3="","",2) | B6: =IF(計算用!$O$3="","",INDEX(計算用!$A$2:$A$721,計算用!$O$3)) | C6: =IF(計算用!$O$3="","",INDEX(計算用!$B$2:$B$721,計算用!$O$3)) | D6: =IF(計算用!$O$3="","",INDEX(計算用!$C$2:$C$721,計算用!$O$3))
A7: =IF(計算用!$O$4="","",3) | B7: =IF(計算用!$O$4="","",INDEX(計算用!$A$2:$A$721,計算用!$O$4)) | C7: =IF(計算用!$O$4="","",INDEX(計算用!$B$2:$B$721,計算用!$O$4)) | D7: =IF(計算用!$O$4="","",INDEX(計算用!$C$2:$C$721,計算用!$O$4))
A8: =IF(計算用!$O$5="","",4) | B8: =IF(計算用!$O$5="","",INDEX(計算用!$A$2:$A$721,計算用!$O$5)) | C8: =IF(計算用!$O$5="","",INDEX(計算用!$B$2:$B$721,計算用!$O$5)) | D8: =IF(計算用!$O$5="","",INDEX(計算用!$C$2:$C$721,計算用!$O$5))
A9: =IF(計算用!$O$6="","",5) | B9: =IF(計算用!$O$6="","",INDEX(計算用!$A$2:$A$721,計算用!$O$6)) | C9: =IF(計算用!$O$6="","",INDEX(計算用!$B$2:$B$721,計算用!$O$6)) | D9: =IF(計算用!$O$6="","",INDEX(計算用!$C$2:$C$721,計算用!$O$6))
A10: =IF(計算用!$O$7="","",6) | B10: =IF(計算用!$O$7="","",INDEX(計算用!$A$2:$A$721,計算用!$O$7)) | C10: =IF(計算用!$O$7="","",INDEX(計算用!$B$2:$B$721,計算用!$O$7)) | D10: =IF(計算用!$O$7="","",INDEX(計算用!$C$2:$C$721,計算用!$O$7))
A11: =IF(計算用!$O$8="","",7) | B11: =IF(計算用!$O$8="","",INDEX(計算用!$A$2:$A$721,計算用!$O$8)) | C11: =IF(計算用!$O$8="","",INDEX(計算用!$B$2:$B$721,計算用!$O$8)) | D11: =IF(計算用!$O$8="","",INDEX(計算用!$C$2:$C$721,計算用!$O$8))
A12: =IF(計算用!$O$9="","",8) | B12: =IF(計算用!$O$9="","",INDEX(計算用!$A$2:$A$721,計算用!$O$9)) | C12: =IF(計算用!$O$9="","",INDEX(計算用!$B$2:$B$721,計算用!$O$9)) | D12: =IF(計算用!$O$9="","",INDEX(計算用!$C$2:$C$721,計算用!$O$9))
A13: =IF(計算用!$O$10="","",9) | B13: =IF(計算用!$O$10="","",INDEX(計算用!$A$2:$A$721,計算用!$O$10)) | C13: =IF(計算用!$O$10="","",INDEX(計算用!$B$2:$B$721,計算用!$O$10)) | D13: =IF(計算用!$O$10="","",INDEX(計算用!$C$2:$C$721,計算用!$O$10))
A14: =IF(計算用!$O$11="","",10) | B14: =IF(計算用!$O$11="","",INDEX(計算用!$A$2:$A$721,計算用!$O$11)) | C14: =IF(計算用!$O$11="","",INDEX(計算用!$B$2:$B$721,計算用!$O$11)) | D14: =IF(計算用!$O$11="","",INDEX(計算用!$C$2:$C$721,計算用!$O$11))
A15: =IF(計算用!$O$12="","",11) | B15: =IF(計算用!$O$12="","",INDEX(計算用!$A$2:$A$721,計算用!$O$12)) | C15: =IF(計算用!$O$12="","",INDEX(計算用!$B$2:$B$721,計算用!$O$12)) | D15: =IF(計算用!$O$12="","",INDEX(計算用!$C$2:$C$721,計算用!$O$12))
A16: =IF(計算用!$O$13="","",12) | B16: =IF(計算用!$O$13="","",INDEX(計算用!$A$2:$A$721,計算用!$O$13)) | C16: =IF(計算用!$O$13="","",INDEX(計算用!$B$2:$B$721,計算用!$O$13)) | D16: =IF(計算用!$O$13="","",INDEX(計算用!$C$2:$C$721,計算用!$O$13))
A17: =IF(計算用!$O$14="","",13) | B17: =IF(計算用!$O$14="","",INDEX(計算用!$A$2:$A$721,計算用!$O$14)) | C17: =IF(計算用!$O$14="","",INDEX(計算用!$B$2:$B$721,計算用!$O$14)) | D17: =IF(計算用!$O$14="","",INDEX(計算用!$C$2:$C$721,計算用!$O$14))
A18: =IF(計算用!$O$15="","",14) | B18: =IF(計算用!$O$15="","",INDEX(計算用!$A$2:$A$721,計算用!$O$15)) | C18: =IF(計算用!$O$15="","",INDEX(計算用!$B$2:$B$721,計算用!$O$15)) | D18: =IF(計算用!$O$15="","",INDEX(計算用!$C$2:$C$721,計算用!$O$15))
A19: =IF(計算用!$O$16="","",15) | B19: =IF(計算用!$O$16="","",INDEX(計算用!$A$2:$A$721,計算用!$O$16)) | C19: =IF(計算用!$O$16="","",INDEX(計算用!$B$2:$B$721,計算用!$O$16)) | D19: =IF(計算用!$O$16="","",INDEX(計算用!$C$2:$C$721,計算用!$O$16))
A20: =IF(計算用!$O$17="","",16) | B20: =IF(計算用!$O$17="","",INDEX(計算用!$A$2:$A$721,計算用!$O$17)) | C20: =IF(計算用!$O$17="","",INDEX(計算用!$B$2:$B$721,計算用!$O$17)) | D20: =IF(計算用!$O$17="","",INDEX(計算用!$C$2:$C$721,計算用!$O$17))
A21: =IF(計算用!$O$18="","",17) | B21: =IF(計算用!$O$18="","",INDEX(計算用!$A$2:$A$721,計算用!$O$18)) | C21: =IF(計算用!$O$18="","",INDEX(計算用!$B$2:$B$721,計算用!$O$18)) | D21: =IF(計算用!$O$18="","",INDEX(計算用!$C$2:$C$721,計算用!$O$18))
A22: =IF(計算用!$O$19="","",18) | B22: =IF(計算用!$O$19="","",INDEX(計算用!$A$2:$A$721,計算用!$O$19)) | C22: =IF(計算用!$O$19="","",INDEX(計算用!$B$2:$B$721,計算用!$O$19)) | D22: =IF(計算用!$O$19="","",INDEX(計算用!$C$2:$C$721,計算用!$O$19))
A23: =IF(計算用!$O$20="","",19) | B23: =IF(計算用!$O$20="","",INDEX(計算用!$A$2:$A$721,計算用!$O$20)) | C23: =IF(計算用!$O$20="","",INDEX(計算用!$B$2:$B$721,計算用!$O$20)) | D23: =IF(計算用!$O$20="","",INDEX(計算用!$C$2:$C$721,計算用!$O$20))
A24: =IF(計算用!$O$21="","",20) | B24: =IF(計算用!$O$21="","",INDEX(計算用!$A$2:$A$721,計算用!$O$21)) | C24: =IF(計算用!$O$21="","",INDEX(計算用!$B$2:$B$721,計算用!$O$21)) | D24: =IF(計算用!$O$21="","",INDEX(計算用!$C$2:$C$721,計算用!$O$21))
A25: =IF(計算用!$O$22="","",21) | B25: =IF(計算用!$O$22="","",INDEX(計算用!$A$2:$A$721,計算用!$O$22)) | C25: =IF(計算用!$O$22="","",INDEX(計算用!$B$2:$B$721,計算用!$O$22)) | D25: =IF(計算用!$O$22="","",INDEX(計算用!$C$2:$C$721,計算用!$O$22))
A26: =IF(計算用!$O$23="","",22) | B26: =IF(計算用!$O$23="","",INDEX(計算用!$A$2:$A$721,計算用!$O$23)) | C26: =IF(計算用!$O$23="","",INDEX(計算用!$B$2:$B$721,計算用!$O$23)) | D26: =IF(計算用!$O$23="","",INDEX(計算用!$C$2:$C$721,計算用!$O$23))
A27: =IF(計算用!$O$24="","",23) | B27: =IF(計算用!$O$24="","",INDEX(計算用!$A$2:$A$721,計算用!$O$24)) | C27: =IF(計算用!$O$24="","",INDEX(計算用!$B$2:$B$721,計算用!$O$24)) | D27: =IF(計算用!$O$24="","",INDEX(計算用!$C$2:$C$721,計算用!$O$24))
A28: =IF(計算用!$O$25="","",24) | B28: =IF(計算用!$O$25="","",INDEX(計算用!$A$2:$A$721,計算用!$O$25)) | C28: =IF(計算用!$O$25="","",INDEX(計算用!$B$2:$B$721,計算用!$O$25)) | D28: =IF(計算用!$O$25="","",INDEX(計算用!$C$2:$C$721,計算用!$O$25))
A29: =IF(計算用!$O$26="","",25) | B29: =IF(計算用!$O$26="","",INDEX(計算用!$A$2:$A$721,計算用!$O$26)) | C29: =IF(計算用!$O$26="","",INDEX(計算用!$B$2:$B$721,計算用!$O$26)) | D29: =IF(計算用!$O$26="","",INDEX(計算用!$C$2:$C$721,計算用!$O$26))
A30: =IF(計算用!$O$27="","",26) | B30: =IF(計算用!$O$27="","",INDEX(計算用!$A$2:$A$721,計算用!$O$27)) | C30: =IF(計算用!$O$27="","",INDEX(計算用!$B$2:$B$721,計算用!$O$27)) | D30: =IF(計算用!$O$27="","",INDEX(計算用!$C$2:$C$721,計算用!$O$27))
A31: =IF(計算用!$O$28="","",27) | B31: =IF(計算用!$O$28="","",INDEX(計算用!$A$2:$A$721,計算用!$O$28)) | C31: =IF(計算用!$O$28="","",INDEX(計算用!$B$2:$B$721,計算用!$O$28)) | D31: =IF(計算用!$O$28="","",INDEX(計算用!$C$2:$C$721,計算用!$O$28))
A32: =IF(計算用!$O$29="","",28) | B32: =IF(計算用!$O$29="","",INDEX(計算用!$A$2:$A$721,計算用!$O$29)) | C32: =IF(計算用!$O$29="","",INDEX(計算用!$B$2:$B$721,計算用!$O$29)) | D32: =IF(計算用!$O$29="","",INDEX(計算用!$C$2:$C$721,計算用!$O$29))
A33: =IF(計算用!$O$30="","",29) | B33: =IF(計算用!$O$30="","",INDEX(計算用!$A$2:$A$721,計算用!$O$30)) | C33: =IF(計算用!$O$30="","",INDEX(計算用!$B$2:$B$721,計算用!$O$30)) | D33: =IF(計算用!$O$30="","",INDEX(計算用!$C$2:$C$721,計算用!$O$30))
A34: =IF(計算用!$O$31="","",30) | B34: =IF(計算用!$O$31="","",INDEX(計算用!$A$2:$A$721,計算用!$O$31)) | C34: =IF(計算用!$O$31="","",INDEX(計算用!$B$2:$B$721,計算用!$O$31)) | D34: =IF(計算用!$O$31="","",INDEX(計算用!$C$2:$C$721,計算用!$O$31))
A35: =IF(計算用!$O$32="","",31) | B35: =IF(計算用!$O$32="","",INDEX(計算用!$A$2:$A$721,計算用!$O$32)) | C35: =IF(計算用!$O$32="","",INDEX(計算用!$B$2:$B$721,計算用!$O$32)) | D35: =IF(計算用!$O$32="","",INDEX(計算用!$C$2:$C$721,計算用!$O$32))
A36: =IF(計算用!$O$33="","",32) | B36: =IF(計算用!$O$33="","",INDEX(計算用!$A$2:$A$721,計算用!$O$33)) | C36: =IF(計算用!$O$33="","",INDEX(計算用!$B$2:$B$721,計算用!$O$33)) | D36: =IF(計算用!$O$33="","",INDEX(計算用!$C$2:$C$721,計算用!$O$33))
A37: =IF(計算用!$O$34="","",33) | B37: =IF(計算用!$O$34="","",INDEX(計算用!$A$2:$A$721,計算用!$O$34)) | C37: =IF(計算用!$O$34="","",INDEX(計算用!$B$2:$B$721,計算用!$O$34)) | D37: =IF(計算用!$O$34="","",INDEX(計算用!$C$2:$C$721,計算用!$O$34))
A38: =IF(計算用!$O$35="","",34) | B38: =IF(計算用!$O$35="","",INDEX(計算用!$A$2:$A$721,計算用!$O$35)) | C38: =IF(計算用!$O$35="","",INDEX(計算用!$B$2:$B$721,計算用!$O$35)) | D38: =IF(計算用!$O$35="","",INDEX(計算用!$C$2:$C$721,計算用!$O$35))
A39: =IF(計算用!$O$36="","",35) | B39: =IF(計算用!$O$36="","",INDEX(計算用!$A$2:$A$721,計算用!$O$36)) | C39: =IF(計算用!$O$36="","",INDEX(計算用!$B$2:$B$721,計算用!$O$36)) | D39: =IF(計算用!$O$36="","",INDEX(計算用!$C$2:$C$721,計算用!$O$36))
A40: =IF(計算用!$O$37="","",36) | B40: =IF(計算用!$O$37="","",INDEX(計算用!$A$2:$A$721,計算用!$O$37)) | C40: =IF(計算用!$O$37="","",INDEX(計算用!$B$2:$B$721,計算用!$O$37)) | D40: =IF(計算用!$O$37="","",INDEX(計算用!$C$2:$C$721,計算用!$O$37))
A41: =IF(計算用!$O$38="","",37) | B41: =IF(計算用!$O$38="","",INDEX(計算用!$A$2:$A$721,計算用!$O$38)) | C41: =IF(計算用!$O$38="","",INDEX(計算用!$B$2:$B$721,計算用!$O$38)) | D41: =IF(計算用!$O$38="","",INDEX(計算用!$C$2:$C$721,計算用!$O$38))
A42: =IF(計算用!$O$39="","",38) | B42: =IF(計算用!$O$39="","",INDEX(計算用!$A$2:$A$721,計算用!$O$39)) | C42: =IF(計算用!$O$39="","",INDEX(計算用!$B$2:$B$721,計算用!$O$39)) | D42: =IF(計算用!$O$39="","",INDEX(計算用!$C$2:$C$721,計算用!$O$39))
A43: =IF(計算用!$O$40="","",39) | B43: =IF(計算用!$O$40="","",INDEX(計算用!$A$2:$A$721,計算用!$O$40)) | C43: =IF(計算用!$O$40="","",INDEX(計算用!$B$2:$B$721,計算用!$O$40)) | D43: =IF(計算用!$O$40="","",INDEX(計算用!$C$2:$C$721,計算用!$O$40))
A44: =IF(計算用!$O$41="","",40) | B44: =IF(計算用!$O$41="","",INDEX(計算用!$A$2:$A$721,計算用!$O$41)) | C44: =IF(計算用!$O$41="","",INDEX(計算用!$B$2:$B$721,計算用!$O$41)) | D44: =IF(計算用!$O$41="","",INDEX(計算用!$C$2:$C$721,計算用!$O$41))
A45: =IF(計算用!$O$42="","",41) | B45: =IF(計算用!$O$42="","",INDEX(計算用!$A$2:$A$721,計算用!$O$42)) | C45: =IF(計算用!$O$42="","",INDEX(計算用!$B$2:$B$721,計算用!$O$42)) | D45: =IF(計算用!$O$42="","",INDEX(計算用!$C$2:$C$721,計算用!$O$42))
A46: =IF(計算用!$O$43="","",42) | B46: =IF(計算用!$O$43="","",INDEX(計算用!$A$2:$A$721,計算用!$O$43)) | C46: =IF(計算用!$O$43="","",INDEX(計算用!$B$2:$B$721,計算用!$O$43)) | D46: =IF(計算用!$O$43="","",INDEX(計算用!$C$2:$C$721,計算用!$O$43))
A47: =IF(計算用!$O$44="","",43) | B47: =IF(計算用!$O$44="","",INDEX(計算用!$A$2:$A$721,計算用!$O$44)) | C47: =IF(計算用!$O$44="","",INDEX(計算用!$B$2:$B$721,計算用!$O$44)) | D47: =IF(計算用!$O$44="","",INDEX(計算用!$C$2:$C$721,計算用!$O$44))
A48: =IF(計算用!$O$45="","",44) | B48: =IF(計算用!$O$45="","",INDEX(計算用!$A$2:$A$721,計算用!$O$45)) | C48: =IF(計算用!$O$45="","",INDEX(計算用!$B$2:$B$721,計算用!$O$45)) | D48: =IF(計算用!$O$45="","",INDEX(計算用!$C$2:$C$721,計算用!$O$45))
A49: =IF(計算用!$O$46="","",45) | B49: =IF(計算用!$O$46="","",INDEX(計算用!$A$2:$A$721,計算用!$O$46)) | C49: =IF(計算用!$O$46="","",INDEX(計算用!$B$2:$B$721,計算用!$O$46)) | D49: =IF(計算用!$O$46="","",INDEX(計算用!$C$2:$C$721,計算用!$O$46))
A50: =IF(計算用!$O$47="","",46) | B50: =IF(計算用!$O$47="","",INDEX(計算用!$A$2:$A$721,計算用!$O$47)) | C50: =IF(計算用!$O$47="","",INDEX(計算用!$B$2:$B$721,計算用!$O$47)) | D50: =IF(計算用!$O$47="","",INDEX(計算用!$C$2:$C$721,計算用!$O$47))
A51: =IF(計算用!$O$48="","",47) | B51: =IF(計算用!$O$48="","",INDEX(計算用!$A$2:$A$721,計算用!$O$48)) | C51: =IF(計算用!$O$48="","",INDEX(計算用!$B$2:$B$721,計算用!$O$48)) | D51: =IF(計算用!$O$48="","",INDEX(計算用!$C$2:$C$721,計算用!$O$48))
A52: =IF(計算用!$O$49="","",48) | B52: =IF(計算用!$O$49="","",INDEX(計算用!$A$2:$A$721,計算用!$O$49)) | C52: =IF(計算用!$O$49="","",INDEX(計算用!$B$2:$B$721,計算用!$O$49)) | D52: =IF(計算用!$O$49="","",INDEX(計算用!$C$2:$C$721,計算用!$O$49))
A53: =IF(計算用!$O$50="","",49) | B53: =IF(計算用!$O$50="","",INDEX(計算用!$A$2:$A$721,計算用!$O$50)) | C53: =IF(計算用!$O$50="","",INDEX(計算用!$B$2:$B$721,計算用!$O$50)) | D53: =IF(計算用!$O$50="","",INDEX(計算用!$C$2:$C$721,計算用!$O$50))
A54: =IF(計算用!$O$51="","",50) | B54: =IF(計算用!$O$51="","",INDEX(計算用!$A$2:$A$721,計算用!$O$51)) | C54: =IF(計算用!$O$51="","",INDEX(計算用!$B$2:$B$721,計算用!$O$51)) | D54: =IF(計算用!$O$51="","",INDEX(計算用!$C$2:$C$721,計算用!$O$51))

Sheet 委員会④
A1: =IF(設定!$I$14="","",設定!$B$3&" "&設定!$I$14&設定!$B$4&"名簿") | Q1: 【入力なし】見る・印刷するだけ
A2: =IF(設定!$I$14="","","担当："&設定!$J$14&" 活動場所："&設定!$K$14&" 人数："&人数チェック!$E$10&"名（"&設定!$B$7&"年"&人数チェック!$C$10&"・"&設定!$B$8&"年"&人数チェック!$D$10&"）")
A4: No. | B4: 組 | C4: 番号 | D4: 名前 | E4: ① | F4: ② | G4: ③ | H4: ④ | I4: ⑤ | J4: ⑥ | K4: ⑦ | L4: ⑧ | M4: ⑨ | N4: ⑩ | O4: ⑪
A5: =IF(計算用!$P$2="","",1) | B5: =IF(計算用!$P$2="","",INDEX(計算用!$A$2:$A$721,計算用!$P$2)) | C5: =IF(計算用!$P$2="","",INDEX(計算用!$B$2:$B$721,計算用!$P$2)) | D5: =IF(計算用!$P$2="","",INDEX(計算用!$C$2:$C$721,計算用!$P$2))
A6: =IF(計算用!$P$3="","",2) | B6: =IF(計算用!$P$3="","",INDEX(計算用!$A$2:$A$721,計算用!$P$3)) | C6: =IF(計算用!$P$3="","",INDEX(計算用!$B$2:$B$721,計算用!$P$3)) | D6: =IF(計算用!$P$3="","",INDEX(計算用!$C$2:$C$721,計算用!$P$3))
A7: =IF(計算用!$P$4="","",3) | B7: =IF(計算用!$P$4="","",INDEX(計算用!$A$2:$A$721,計算用!$P$4)) | C7: =IF(計算用!$P$4="","",INDEX(計算用!$B$2:$B$721,計算用!$P$4)) | D7: =IF(計算用!$P$4="","",INDEX(計算用!$C$2:$C$721,計算用!$P$4))
A8: =IF(計算用!$P$5="","",4) | B8: =IF(計算用!$P$5="","",INDEX(計算用!$A$2:$A$721,計算用!$P$5)) | C8: =IF(計算用!$P$5="","",INDEX(計算用!$B$2:$B$721,計算用!$P$5)) | D8: =IF(計算用!$P$5="","",INDEX(計算用!$C$2:$C$721,計算用!$P$5))
A9: =IF(計算用!$P$6="","",5) | B9: =IF(計算用!$P$6="","",INDEX(計算用!$A$2:$A$721,計算用!$P$6)) | C9: =IF(計算用!$P$6="","",INDEX(計算用!$B$2:$B$721,計算用!$P$6)) | D9: =IF(計算用!$P$6="","",INDEX(計算用!$C$2:$C$721,計算用!$P$6))
A10: =IF(計算用!$P$7="","",6) | B10: =IF(計算用!$P$7="","",INDEX(計算用!$A$2:$A$721,計算用!$P$7)) | C10: =IF(計算用!$P$7="","",INDEX(計算用!$B$2:$B$721,計算用!$P$7)) | D10: =IF(計算用!$P$7="","",INDEX(計算用!$C$2:$C$721,計算用!$P$7))
A11: =IF(計算用!$P$8="","",7) | B11: =IF(計算用!$P$8="","",INDEX(計算用!$A$2:$A$721,計算用!$P$8)) | C11: =IF(計算用!$P$8="","",INDEX(計算用!$B$2:$B$721,計算用!$P$8)) | D11: =IF(計算用!$P$8="","",INDEX(計算用!$C$2:$C$721,計算用!$P$8))
A12: =IF(計算用!$P$9="","",8) | B12: =IF(計算用!$P$9="","",INDEX(計算用!$A$2:$A$721,計算用!$P$9)) | C12: =IF(計算用!$P$9="","",INDEX(計算用!$B$2:$B$721,計算用!$P$9)) | D12: =IF(計算用!$P$9="","",INDEX(計算用!$C$2:$C$721,計算用!$P$9))
A13: =IF(計算用!$P$10="","",9) | B13: =IF(計算用!$P$10="","",INDEX(計算用!$A$2:$A$721,計算用!$P$10)) | C13: =IF(計算用!$P$10="","",INDEX(計算用!$B$2:$B$721,計算用!$P$10)) | D13: =IF(計算用!$P$10="","",INDEX(計算用!$C$2:$C$721,計算用!$P$10))
A14: =IF(計算用!$P$11="","",10) | B14: =IF(計算用!$P$11="","",INDEX(計算用!$A$2:$A$721,計算用!$P$11)) | C14: =IF(計算用!$P$11="","",INDEX(計算用!$B$2:$B$721,計算用!$P$11)) | D14: =IF(計算用!$P$11="","",INDEX(計算用!$C$2:$C$721,計算用!$P$11))
A15: =IF(計算用!$P$12="","",11) | B15: =IF(計算用!$P$12="","",INDEX(計算用!$A$2:$A$721,計算用!$P$12)) | C15: =IF(計算用!$P$12="","",INDEX(計算用!$B$2:$B$721,計算用!$P$12)) | D15: =IF(計算用!$P$12="","",INDEX(計算用!$C$2:$C$721,計算用!$P$12))
A16: =IF(計算用!$P$13="","",12) | B16: =IF(計算用!$P$13="","",INDEX(計算用!$A$2:$A$721,計算用!$P$13)) | C16: =IF(計算用!$P$13="","",INDEX(計算用!$B$2:$B$721,計算用!$P$13)) | D16: =IF(計算用!$P$13="","",INDEX(計算用!$C$2:$C$721,計算用!$P$13))
A17: =IF(計算用!$P$14="","",13) | B17: =IF(計算用!$P$14="","",INDEX(計算用!$A$2:$A$721,計算用!$P$14)) | C17: =IF(計算用!$P$14="","",INDEX(計算用!$B$2:$B$721,計算用!$P$14)) | D17: =IF(計算用!$P$14="","",INDEX(計算用!$C$2:$C$721,計算用!$P$14))
A18: =IF(計算用!$P$15="","",14) | B18: =IF(計算用!$P$15="","",INDEX(計算用!$A$2:$A$721,計算用!$P$15)) | C18: =IF(計算用!$P$15="","",INDEX(計算用!$B$2:$B$721,計算用!$P$15)) | D18: =IF(計算用!$P$15="","",INDEX(計算用!$C$2:$C$721,計算用!$P$15))
A19: =IF(計算用!$P$16="","",15) | B19: =IF(計算用!$P$16="","",INDEX(計算用!$A$2:$A$721,計算用!$P$16)) | C19: =IF(計算用!$P$16="","",INDEX(計算用!$B$2:$B$721,計算用!$P$16)) | D19: =IF(計算用!$P$16="","",INDEX(計算用!$C$2:$C$721,計算用!$P$16))
A20: =IF(計算用!$P$17="","",16) | B20: =IF(計算用!$P$17="","",INDEX(計算用!$A$2:$A$721,計算用!$P$17)) | C20: =IF(計算用!$P$17="","",INDEX(計算用!$B$2:$B$721,計算用!$P$17)) | D20: =IF(計算用!$P$17="","",INDEX(計算用!$C$2:$C$721,計算用!$P$17))
A21: =IF(計算用!$P$18="","",17) | B21: =IF(計算用!$P$18="","",INDEX(計算用!$A$2:$A$721,計算用!$P$18)) | C21: =IF(計算用!$P$18="","",INDEX(計算用!$B$2:$B$721,計算用!$P$18)) | D21: =IF(計算用!$P$18="","",INDEX(計算用!$C$2:$C$721,計算用!$P$18))
A22: =IF(計算用!$P$19="","",18) | B22: =IF(計算用!$P$19="","",INDEX(計算用!$A$2:$A$721,計算用!$P$19)) | C22: =IF(計算用!$P$19="","",INDEX(計算用!$B$2:$B$721,計算用!$P$19)) | D22: =IF(計算用!$P$19="","",INDEX(計算用!$C$2:$C$721,計算用!$P$19))
A23: =IF(計算用!$P$20="","",19) | B23: =IF(計算用!$P$20="","",INDEX(計算用!$A$2:$A$721,計算用!$P$20)) | C23: =IF(計算用!$P$20="","",INDEX(計算用!$B$2:$B$721,計算用!$P$20)) | D23: =IF(計算用!$P$20="","",INDEX(計算用!$C$2:$C$721,計算用!$P$20))
A24: =IF(計算用!$P$21="","",20) | B24: =IF(計算用!$P$21="","",INDEX(計算用!$A$2:$A$721,計算用!$P$21)) | C24: =IF(計算用!$P$21="","",INDEX(計算用!$B$2:$B$721,計算用!$P$21)) | D24: =IF(計算用!$P$21="","",INDEX(計算用!$C$2:$C$721,計算用!$P$21))
A25: =IF(計算用!$P$22="","",21) | B25: =IF(計算用!$P$22="","",INDEX(計算用!$A$2:$A$721,計算用!$P$22)) | C25: =IF(計算用!$P$22="","",INDEX(計算用!$B$2:$B$721,計算用!$P$22)) | D25: =IF(計算用!$P$22="","",INDEX(計算用!$C$2:$C$721,計算用!$P$22))
A26: =IF(計算用!$P$23="","",22) | B26: =IF(計算用!$P$23="","",INDEX(計算用!$A$2:$A$721,計算用!$P$23)) | C26: =IF(計算用!$P$23="","",INDEX(計算用!$B$2:$B$721,計算用!$P$23)) | D26: =IF(計算用!$P$23="","",INDEX(計算用!$C$2:$C$721,計算用!$P$23))
A27: =IF(計算用!$P$24="","",23) | B27: =IF(計算用!$P$24="","",INDEX(計算用!$A$2:$A$721,計算用!$P$24)) | C27: =IF(計算用!$P$24="","",INDEX(計算用!$B$2:$B$721,計算用!$P$24)) | D27: =IF(計算用!$P$24="","",INDEX(計算用!$C$2:$C$721,計算用!$P$24))
A28: =IF(計算用!$P$25="","",24) | B28: =IF(計算用!$P$25="","",INDEX(計算用!$A$2:$A$721,計算用!$P$25)) | C28: =IF(計算用!$P$25="","",INDEX(計算用!$B$2:$B$721,計算用!$P$25)) | D28: =IF(計算用!$P$25="","",INDEX(計算用!$C$2:$C$721,計算用!$P$25))
A29: =IF(計算用!$P$26="","",25) | B29: =IF(計算用!$P$26="","",INDEX(計算用!$A$2:$A$721,計算用!$P$26)) | C29: =IF(計算用!$P$26="","",INDEX(計算用!$B$2:$B$721,計算用!$P$26)) | D29: =IF(計算用!$P$26="","",INDEX(計算用!$C$2:$C$721,計算用!$P$26))
A30: =IF(計算用!$P$27="","",26) | B30: =IF(計算用!$P$27="","",INDEX(計算用!$A$2:$A$721,計算用!$P$27)) | C30: =IF(計算用!$P$27="","",INDEX(計算用!$B$2:$B$721,計算用!$P$27)) | D30: =IF(計算用!$P$27="","",INDEX(計算用!$C$2:$C$721,計算用!$P$27))
A31: =IF(計算用!$P$28="","",27) | B31: =IF(計算用!$P$28="","",INDEX(計算用!$A$2:$A$721,計算用!$P$28)) | C31: =IF(計算用!$P$28="","",INDEX(計算用!$B$2:$B$721,計算用!$P$28)) | D31: =IF(計算用!$P$28="","",INDEX(計算用!$C$2:$C$721,計算用!$P$28))
A32: =IF(計算用!$P$29="","",28) | B32: =IF(計算用!$P$29="","",INDEX(計算用!$A$2:$A$721,計算用!$P$29)) | C32: =IF(計算用!$P$29="","",INDEX(計算用!$B$2:$B$721,計算用!$P$29)) | D32: =IF(計算用!$P$29="","",INDEX(計算用!$C$2:$C$721,計算用!$P$29))
A33: =IF(計算用!$P$30="","",29) | B33: =IF(計算用!$P$30="","",INDEX(計算用!$A$2:$A$721,計算用!$P$30)) | C33: =IF(計算用!$P$30="","",INDEX(計算用!$B$2:$B$721,計算用!$P$30)) | D33: =IF(計算用!$P$30="","",INDEX(計算用!$C$2:$C$721,計算用!$P$30))
A34: =IF(計算用!$P$31="","",30) | B34: =IF(計算用!$P$31="","",INDEX(計算用!$A$2:$A$721,計算用!$P$31)) | C34: =IF(計算用!$P$31="","",INDEX(計算用!$B$2:$B$721,計算用!$P$31)) | D34: =IF(計算用!$P$31="","",INDEX(計算用!$C$2:$C$721,計算用!$P$31))
A35: =IF(計算用!$P$32="","",31) | B35: =IF(計算用!$P$32="","",INDEX(計算用!$A$2:$A$721,計算用!$P$32)) | C35: =IF(計算用!$P$32="","",INDEX(計算用!$B$2:$B$721,計算用!$P$32)) | D35: =IF(計算用!$P$32="","",INDEX(計算用!$C$2:$C$721,計算用!$P$32))
A36: =IF(計算用!$P$33="","",32) | B36: =IF(計算用!$P$33="","",INDEX(計算用!$A$2:$A$721,計算用!$P$33)) | C36: =IF(計算用!$P$33="","",INDEX(計算用!$B$2:$B$721,計算用!$P$33)) | D36: =IF(計算用!$P$33="","",INDEX(計算用!$C$2:$C$721,計算用!$P$33))
A37: =IF(計算用!$P$34="","",33) | B37: =IF(計算用!$P$34="","",INDEX(計算用!$A$2:$A$721,計算用!$P$34)) | C37: =IF(計算用!$P$34="","",INDEX(計算用!$B$2:$B$721,計算用!$P$34)) | D37: =IF(計算用!$P$34="","",INDEX(計算用!$C$2:$C$721,計算用!$P$34))
A38: =IF(計算用!$P$35="","",34) | B38: =IF(計算用!$P$35="","",INDEX(計算用!$A$2:$A$721,計算用!$P$35)) | C38: =IF(計算用!$P$35="","",INDEX(計算用!$B$2:$B$721,計算用!$P$35)) | D38: =IF(計算用!$P$35="","",INDEX(計算用!$C$2:$C$721,計算用!$P$35))
A39: =IF(計算用!$P$36="","",35) | B39: =IF(計算用!$P$36="","",INDEX(計算用!$A$2:$A$721,計算用!$P$36)) | C39: =IF(計算用!$P$36="","",INDEX(計算用!$B$2:$B$721,計算用!$P$36)) | D39: =IF(計算用!$P$36="","",INDEX(計算用!$C$2:$C$721,計算用!$P$36))
A40: =IF(計算用!$P$37="","",36) | B40: =IF(計算用!$P$37="","",INDEX(計算用!$A$2:$A$721,計算用!$P$37)) | C40: =IF(計算用!$P$37="","",INDEX(計算用!$B$2:$B$721,計算用!$P$37)) | D40: =IF(計算用!$P$37="","",INDEX(計算用!$C$2:$C$721,計算用!$P$37))
A41: =IF(計算用!$P$38="","",37) | B41: =IF(計算用!$P$38="","",INDEX(計算用!$A$2:$A$721,計算用!$P$38)) | C41: =IF(計算用!$P$38="","",INDEX(計算用!$B$2:$B$721,計算用!$P$38)) | D41: =IF(計算用!$P$38="","",INDEX(計算用!$C$2:$C$721,計算用!$P$38))
A42: =IF(計算用!$P$39="","",38) | B42: =IF(計算用!$P$39="","",INDEX(計算用!$A$2:$A$721,計算用!$P$39)) | C42: =IF(計算用!$P$39="","",INDEX(計算用!$B$2:$B$721,計算用!$P$39)) | D42: =IF(計算用!$P$39="","",INDEX(計算用!$C$2:$C$721,計算用!$P$39))
A43: =IF(計算用!$P$40="","",39) | B43: =IF(計算用!$P$40="","",INDEX(計算用!$A$2:$A$721,計算用!$P$40)) | C43: =IF(計算用!$P$40="","",INDEX(計算用!$B$2:$B$721,計算用!$P$40)) | D43: =IF(計算用!$P$40="","",INDEX(計算用!$C$2:$C$721,計算用!$P$40))
A44: =IF(計算用!$P$41="","",40) | B44: =IF(計算用!$P$41="","",INDEX(計算用!$A$2:$A$721,計算用!$P$41)) | C44: =IF(計算用!$P$41="","",INDEX(計算用!$B$2:$B$721,計算用!$P$41)) | D44: =IF(計算用!$P$41="","",INDEX(計算用!$C$2:$C$721,計算用!$P$41))
A45: =IF(計算用!$P$42="","",41) | B45: =IF(計算用!$P$42="","",INDEX(計算用!$A$2:$A$721,計算用!$P$42)) | C45: =IF(計算用!$P$42="","",INDEX(計算用!$B$2:$B$721,計算用!$P$42)) | D45: =IF(計算用!$P$42="","",INDEX(計算用!$C$2:$C$721,計算用!$P$42))
A46: =IF(計算用!$P$43="","",42) | B46: =IF(計算用!$P$43="","",INDEX(計算用!$A$2:$A$721,計算用!$P$43)) | C46: =IF(計算用!$P$43="","",INDEX(計算用!$B$2:$B$721,計算用!$P$43)) | D46: =IF(計算用!$P$43="","",INDEX(計算用!$C$2:$C$721,計算用!$P$43))
A47: =IF(計算用!$P$44="","",43) | B47: =IF(計算用!$P$44="","",INDEX(計算用!$A$2:$A$721,計算用!$P$44)) | C47: =IF(計算用!$P$44="","",INDEX(計算用!$B$2:$B$721,計算用!$P$44)) | D47: =IF(計算用!$P$44="","",INDEX(計算用!$C$2:$C$721,計算用!$P$44))
